ID,True Composition,Ionic conductivity (S cm-1),Family,base_formula,reference_mS_cm,source_row,conductivity_value,conductivity_qualifier,conductivity_used,sample_weight,log10_conductivity,Z_by_element,χₐₗₗ,χ⁻,χ⁺(incl Li⁺),χ⁺(excl Li⁺),χ⁺(incl Li⁺) - χ⁻,χ⁺(excl Li⁺) - χ⁻,χₘₐₓ - χₘᵢₙ,rₐₗₗ (pm),r⁻ (pm),r⁺(incl Li⁺) (pm),r⁺(excl Li⁺) (pm),r⁺(excl Li⁺) - r⁻,r⁺(incl Li⁺) - r⁻,r⁺(excl Li⁺) / r⁻,r⁺(incl Li⁺) / r⁻,ρₐₗₗ (C m⁻³),ρ⁻ (C m⁻³),ρ⁺(incl Li⁺) (C m⁻³),ρ⁺(excl Li⁺) (C m⁻³),ρ⁺(incl Li⁺) / ρ⁻,ρ⁺(incl Li⁺) - ρ⁻,Φ⁺(incl Li⁺) (|Z| pm⁻¹),Φ⁺(excl Li⁺) (|Z| pm⁻¹),nₕₐₗᵢdₑ,nₕₒₛₜ cₐₜᵢₒₙ,nₐₙᵢₒₙ,n_Li,r_ratio_x_chi_diff,log_rho_ratio,n_Li × r⁻ (pm),chi_range_x_r_avg,field_x_r_diff
exp_001,Li5.7PS4.7Cl1.3,1e-06,argyrodites,Li5.5PS4.5Cl1.5,8.1,1,1e-06,exact,1e-06,1.0,-6.0,"[{""element"": ""Li"", ""value"": 1.0}, {""element"": ""Cl"", ""value"": -1.0}, {""element"": ""P"", ""value"": 5.0}, {""element"": ""S"", ""value"": -2.0}]",1.890551181102362,2.705666666666667,1.160597014925373,2.19,-1.545069651741294,-0.5156666666666672,2.18,118.25590551181102,183.35000000000002,59.96268656716418,17.0,-166.35000000000002,-123.38731343283584,0.09271884374147804,0.3270394685964776,3125755540056.0063,11015702302.55709,5915074797745.662,38922178734970.945,536.9675609672737,5904059095443.105,0.056501804701980296,0.29411764705882354,0.10236220472440945,0.07874015748031496,0.3700787401574803,0.44881889763779526,-0.5052987578500175,2.729948050097238,82.29094488188977,257.79787401574805,-6.97160588628412
exp_002,Li5.5PS4.5Cl1.5,1e-06,argyrodites,Li5.5PS4.5Cl1.5,10.116,2,1e-06,exact,1e-06,1.0,-6.0,"[{""element"": ""Li"", ""value"": 1.0}, {""element"": ""Cl"", ""value"": -1.0}, {""element"": ""P"", ""value"": 5.0}, {""element"": ""S"", ""value"": -2.0}]",1.9143999999999999,2.725,1.166153846153846,2.19,-1.558846153846154,-0.5350000000000001,2.18,119.02,183.25,59.73076923076923,17.0,-166.25,-123.51923076923077,0.0927694406548431,0.32595235596599853,3173684688325.57,10821403487.573616,6093250797406.797,38922178734970.945,563.0739861427189,6082429393919.224,0.057784481313893084,0.29411764705882354,0.12,0.08,0.36,0.44,-0.5081095764346893,2.750565463523497,80.63,259.4636,-7.137494682291063
exp_003,Li5.4PS4.4Cl1.6,1e-06,argyrodites,Li5.5PS4.5Cl1.5,7.137,3,1e-06,exact,1e-06,1.0,-6.0,"[{""element"": ""Li"", ""value"": 1.0}, {""element"": ""Cl"", ""value"": -1.0}, {""element"": ""P"", ""value"": 5.0}, {""element"": ""S"", ""value"": -2.0}]",1.9266129032258068,2.734666666666667,1.1690625,2.19,-1.5656041666666671,-0.5446666666666671,2.18,119.41129032258063,183.20000000000002,59.609375,17.0,-166.20000000000002,-123.59062500000002,0.0927947598253275,0.32537868449781654,3198229050544.258,10724254080.081879,6186514797229.422,38922178734970.945,576.8713377203189,6175790543149.34,0.05845588235294118,0.29411764705882354,0.12903225806451613,0.08064516129032258,0.3548387096774194,0.43548387096774194,-0.5094142241943005,2.7610789612511915,79.78064516129034,260.3166129032258,-7.224599034926472
exp_004,Li5.3PS4.3Cl1.7,1e-06,argyrodites,Li5.5PS4.5Cl1.5,7.295,4,1e-06,exact,1e-06,1.0,-6.0,"[{""element"": ""Li"", ""value"": 1.0}, {""element"": ""Cl"", ""value"": -1.0}, {""element"": ""P"", ""value"": 5.0}, {""element"": ""S"", ""value"": -2.0}]",1.9390243902439028,2.7443333333333335,1.1720634920634923,2.19,-1.5722698412698413,-0.5543333333333336,2.18,119.8089430894309,183.14999999999998,59.48412698412699,17.0,-166.14999999999998,-123.66587301587299,0.09282009282009283,0.3247836581169915,3223172508083.575,10627104672.59014,6282739558951.18,38922178734970.945,591.1995555248343,6272112454278.59,0.05914859771068921,0.29411764705882354,0.13821138211382114,0.0813008130081301,0.34959349593495936,0.43089430894308944,-0.5106475505946406,2.7717340988759704,78.91829268292682,261.18349593495935,-7.314662973557048
exp_005,Li5.5PS4.5Cl1.45I0.05,1e-06,argyrodites,Li5.5PS4.5Cl1.5,13.723,5,1e-06,exact,1e-06,1.0,-6.0,"[{""element"": ""Li"", ""value"": 1.0}, {""element"": ""Cl"", ""value"": -1.0}, {""element"": ""I"", ""value"": -1.0}, {""element"": ""P"", ""value"": 5.0}, {""element"": ""S"", ""value"": -2.0}]",1.9123999999999999,2.720833333333333,1.166153846153846,2.19,-1.5546794871794871,-0.5308333333333333,2.18,119.176,183.57500000000002,59.73076923076923,17.0,-166.57500000000002,-123.84423076923079,0.09260520223341957,0.3253752920101824,3173673256597.0137,10797587386.414587,6093250797406.797,38922178734970.945,564.3159512719723,6082453210020.382,0.057784481313893084,0.29411764705882354,0.12,0.08,0.36,0.44,-0.5058542921232663,2.7515223264555577,80.77300000000001,259.80368000000004,-7.156274638718079
exp_006,Li5.5PS4.5Cl1.4I0.1,1e-06,argyrodites,Li5.5PS4.5Cl1.5,10.312,6,1e-06,exact,1e-06,1.0,-6.0,"[{""element"": ""Li"", ""value"": 1.0}, {""element"": ""Cl"", ""value"": -1.0}, {""element"": ""I"", ""value"": -1.0}, {""element"": ""P"", ""value"": 5.0}, {""element"": ""S"", ""value"": -2.0}]",1.9103999999999997,2.7166666666666663,1.166153846153846,2.19,-1.5505128205128202,-0.5266666666666664,2.18,119.33200000000001,183.9,59.73076923076923,17.0,-166.9,-124.16923076923078,0.09244154431756389,0.32480026770401976,3173661824868.457,10773771285.255558,6093250797406.797,38922178734970.945,565.5634072857769,6082477026121.541,0.057784481313893084,0.29411764705882354,0.12,0.08,0.36,0.44,-0.5036069791810788,2.752481302259898,80.916,260.14376000000004,-7.175054595145094
exp_007,Li5.5PS4.5Cl1.35I0.15,1e-06,argyrodites,Li5.5PS4.5Cl1.5,10.565,7,1e-06,exact,1e-06,1.0,-6.0,"[{""element"": ""Li"", ""value"": 1.0}, {""element"": ""Cl"", ""value"": -1.0}, {""element"": ""I"", ""value"": -1.0}, {""element"": ""P"", ""value"": 5.0}, {""element"": ""S"", ""value"": -2.0}]",1.9084,2.7125000000000004,1.166153846153846,2.19,-1.5463461538461543,-0.5225000000000004,2.18,119.488,184.225,59.73076923076923,17.0,-167.225,-124.49423076923077,0.09227846383498439,0.3242272722527846,3173650393139.9004,10749955184.096529,6093250797406.797,38922178734970.945,566.8163906786463,6082500842222.7,0.057784481313893084,0.29411764705882354,0.12,0.08,0.36,0.44,-0.5013675954201233,2.75344240028814,81.059,260.48384000000004,-7.193834551572109
exp_008,Li5.5PS4.5Cl1.3I0.2,1e-06,argyrodites,Li5.5PS4.5Cl1.5,8.23,8,1e-06,exact,1e-06,1.0,-6.0,"[{""element"": ""Li"", ""value"": 1.0}, {""element"": ""Cl"", ""value"": -1.0}, {""element"": ""I"", ""value"": -1.0}, {""element"": ""P"", ""value"": 5.0}, {""element"": ""S"", ""value"": -2.0}]",1.9063999999999999,2.7083333333333335,1.166153846153846,2.19,-1.5421794871794874,-0.5183333333333335,2.18,119.64399999999999,184.54999999999998,59.73076923076923,17.0,-167.54999999999998,-124.81923076923076,0.09211595773503116,0.3236562949377905,3173638961411.344,10726139082.937502,6093250797406.797,38922178734970.945,568.0749382692208,6082524658323.859,0.057784481313893084,0.29411764705882354,0.12,0.08,0.36,0.44,-0.4991360989495747,2.7544056299541304,81.202,260.82392,-7.212614507999123
exp_009,Li5.5PS4.5Cl1.25I0.25,1e-06,argyrodites,Li5.5PS4.5Cl1.5,1.604,9,1e-06,exact,1e-06,1.0,-6.0,"[{""element"": ""Li"", ""value"": 1.0}, {""element"": ""Cl"", ""value"": -1.0}, {""element"": ""I"", ""value"": -1.0}, {""element"": ""P"", ""value"": 5.0}, {""element"": ""S"", ""value"": -2.0}]",1.9043999999999996,2.704166666666666,1.166153846153846,2.19,-1.53801282051282,-0.5141666666666662,2.18,119.8,184.875,59.73076923076923,17.0,-167.875,-125.14423076923077,0.09195402298850575,0.3230873251157227,3173627529682.788,10702322981.778473,6093250797406.797,38922178734970.945,569.3390872038739,6082548474425.019,0.057784481313893084,0.29411764705882354,0.12,0.08,0.36,0.44,-0.49691244817317515,2.755371000734492,81.345,261.164,-7.231394464426139
exp_010,Li5.4PS4.4ClBr0.6,1e-06,argyrodites,Li5.4PS4.4ClBr0.6,13.48,10,1e-06,exact,1e-06,1.0,-6.0,"[{""element"": ""Li"", ""value"": 1.0}, {""element"": ""Cl"", ""value"": -1.0}, {""element"": ""Br"", ""value"": -1.0}, {""element"": ""P"", ""value"": 5.0}, {""element"": ""S"", ""value"": -2.0}]",1.916935483870968,2.7146666666666674,1.1690625,2.19,-1.5456041666666676,-0.5246666666666675,2.18,120.13709677419352,184.70000000000002,59.609375,17.0,-167.70000000000002,-125.09062500000002,0.092041147807255,0.32273619382782887,3198162742859.495,10587218198.238935,6186514797229.422,38922178734970.945,584.3380840359443,6175927579031.183,0.05845588235294118,0.29411764705882354,0.12903225806451613,0.08064516129032258,0.3548387096774194,0.43548387096774194,-0.49882240591443355,2.766664192227884,80.43387096774194,261.8988709677419,-7.312282858455883
exp_011,Li5.4PS4.3O0.1ClBr0.6,1e-06,argyrodites,Li5.4PS4.4ClBr0.6,11.49,11,1e-06,exact,1e-06,1.0,-6.0,"[{""element"": ""Li"", ""value"": 1.0}, {""element"": ""O"", ""value"": -2.0}, {""element"": ""Cl"", ""value"": -1.0}, {""element"": ""Br"", ""value"": -1.0}, {""element"": ""P"", ""value"": 5.0}, {""element"": ""S"", ""value"": -2.0}]",1.923870967741936,2.729,1.1690625,2.19,-1.5599375000000002,-0.5390000000000001,2.46,119.76774193548385,183.93666666666667,59.609375,17.0,-166.93666666666667,-124.32729166666667,0.09242311665247097,0.3240755423062286,3198297421193.84,10865553422.551289,6186514797229.422,38922178734970.945,569.3695071609887,6175649243806.87,0.05845588235294118,0.29411764705882354,0.12903225806451615,0.08064516129032259,0.3548387096774194,0.435483870967742,-0.5055375912763226,2.7553942045982076,80.10145161290323,294.62864516129025,-7.267661534926471
exp_012,Li5.4PS4.2O0.2ClBr0.6,1e-06,argyrodites,Li5.4PS4.4ClBr0.6,12.45,12,1e-06,exact,1e-06,1.0,-6.0,"[{""element"": ""Li"", ""value"": 1.0}, {""element"": ""O"", ""value"": -2.0}, {""element"": ""Cl"", ""value"": -1.0}, {""element"": ""Br"", ""value"": -1.0}, {""element"": ""P"", ""value"": 5.0}, {""element"": ""S"", ""value"": -2.0}]",1.9308064516129029,2.7433333333333336,1.1690625,2.19,-1.5742708333333337,-0.5533333333333337,2.46,119.3983870967742,183.17333333333332,59.609375,17.0,-166.17333333333332,-123.56395833333332,0.09280826903479401,0.3254260536468191,3198432099528.184,11143888646.863638,6186514797229.422,38922178734970.945,555.1486553098831,6175370908582.559,0.05845588235294118,0.29411764705882354,0.12903225806451613,0.08064516129032258,0.3548387096774194,0.43548387096774194,-0.5123087446629561,2.744409292196898,79.76903225806451,293.7200322580645,-7.223040211397058
exp_013,Li5.4PS4O0.4ClBr0.6,1e-06,argyrodites,Li5.4PS4.4ClBr0.6,12.7,13,1e-06,exact,1e-06,1.0,-6.0,"[{""element"": ""Li"", ""value"": 1.0}, {""element"": ""O"", ""value"": -2.0}, {""element"": ""Cl"", ""value"": -1.0}, {""element"": ""Br"", ""value"": -1.0}, {""element"": ""P"", ""value"": 5.0}, {""element"": ""S"", ""value"": -2.0}]",1.9446774193548386,2.7720000000000002,1.1690625,2.19,-1.6029375000000003,-0.5820000000000003,2.46,118.65967741935482,181.64666666666665,59.609375,17.0,-164.64666666666665,-122.03729166666665,0.09358828494880171,0.3281611278305869,3198701456196.8735,11700559095.48834,6186514797229.422,38922178734970.945,528.7366823022074,6174814238133.934,0.05845588235294118,0.29411764705882354,0.12903225806451613,0.08064516129032258,0.3548387096774194,0.43548387096774194,-0.5260217778419415,2.723239441611462,79.10419354838709,291.90280645161283,-7.133797564338234
exp_014,Li5.4PS3.6O0.8ClBr0.6,1e-06,argyrodites,Li5.4PS4.4ClBr0.6,9.43,14,1e-06,exact,1e-06,1.0,-6.0,"[{""element"": ""Li"", ""value"": 1.0}, {""element"": ""O"", ""value"": -2.0}, {""element"": ""Cl"", ""value"": -1.0}, {""element"": ""Br"", ""value"": -1.0}, {""element"": ""P"", ""value"": 5.0}, {""element"": ""S"", ""value"": -2.0}]",1.9724193548387094,2.829333333333334,1.1690625,2.19,-1.660270833333334,-0.639333333333334,2.46,117.18225806451612,178.59333333333333,59.609375,17.0,-161.59333333333333,-118.98395833333333,0.09518832356564261,0.333771557355631,3199240169534.2524,12813899992.737747,6186514797229.422,38922178734970.945,482.7971812434635,6173700897236.685,0.05845588235294118,0.29411764705882354,0.12903225806451613,0.08064516129032258,0.3548387096774194,0.43548387096774194,-0.5541511816737982,2.683764725853681,77.77451612903226,288.2683548387096,-6.955312270220588
exp_015,Li5.4PS3.2O1.2ClBr0.6,1e-06,argyrodites,Li5.4PS4.4ClBr0.6,5.22,15,1e-06,exact,1e-06,1.0,-6.0,"[{""element"": ""Li"", ""value"": 1.0}, {""element"": ""O"", ""value"": -2.0}, {""element"": ""Cl"", ""value"": -1.0}, {""element"": ""Br"", ""value"": -1.0}, {""element"": ""P"", ""value"": 5.0}, {""element"": ""S"", ""value"": -2.0}]",2.0001612903225805,2.8866666666666667,1.1690625,2.19,-1.7176041666666668,-0.6966666666666668,2.46,115.70483870967742,175.54,59.609375,17.0,-158.54,-115.93062499999999,0.09684402415403898,0.3395771619004216,3199778882871.631,13927240889.987152,6186514797229.422,38922178734970.945,444.20246954133995,6172587556339.435,0.05845588235294118,0.29411764705882354,0.12903225806451613,0.08064516129032258,0.3548387096774194,0.43548387096774194,-0.5832591481850055,2.6475809686771004,76.44483870967741,284.6339032258064,-6.7768269761029405
exp_016,Li5.4PS2.5O1.9ClBr0.6,1e-06,argyrodites,Li5.4PS4.4ClBr0.6,1.23,16,1e-06,exact,1e-06,1.0,-6.0,"[{""element"": ""Li"", ""value"": 1.0}, {""element"": ""O"", ""value"": -2.0}, {""element"": ""Cl"", ""value"": -1.0}, {""element"": ""Br"", ""value"": -1.0}, {""element"": ""P"", ""value"": 5.0}, {""element"": ""S"", ""value"": -2.0}]",2.0487096774193545,2.987,1.1690625,2.19,-1.8179375000000002,-0.7970000000000002,2.46,113.11935483870965,170.19666666666666,59.609375,17.0,-153.19666666666666,-110.58729166666666,0.09988444740398363,0.35023820482187273,3200721631212.0444,15875587460.173613,6186514797229.422,38922178734970.945,389.68729898967575,6170639209769.248,0.05845588235294118,0.29411764705882354,0.12903225806451613,0.08064516129032258,0.3548387096774194,0.43548387096774194,-0.6367111664783633,2.5907162511388844,74.11790322580644,278.27361290322574,-6.464477711397058
exp_017,Li5.5AsS4.5Br1.5,1e-06,argyrodites,Li5.5AsS4.5Br1.5,17.53,17,1e-06,exact,1e-06,1.0,-6.0,"[{""element"": ""Li"", ""value"": 1.0}, {""element"": ""As"", ""value"": 5.0}, {""element"": ""Br"", ""value"": -1.0}, {""element"": ""S"", ""value"": -2.0}]",1.8895999999999997,2.6749999999999994,1.1646153846153846,2.18,-1.5103846153846148,-0.4949999999999992,1.98,122.64,187.0,63.23076923076923,39.75,-147.25,-123.76923076923077,0.21256684491978609,0.3381324557795146,303315216632.68604,10478813782.966257,573625742340.1196,3044615877037.541,54.74147687141572,563146928557.1533,0.03188733000053755,0.12578616352201258,0.12,0.08,0.36,0.44,-0.5107100591715974,1.7383165100718052,82.28,242.8272,-3.946670305451147
exp_018,Li5.5AsS4.3O0.2Br1.5,1e-06,argyrodites,Li5.5AsS4.5Br1.5,13.09,18,1e-06,exact,1e-06,1.0,-6.0,"[{""element"": ""Li"", ""value"": 1.0}, {""element"": ""As"", ""value"": 5.0}, {""element"": ""O"", ""value"": -2.0}, {""element"": ""Br"", ""value"": -1.0}, {""element"": ""S"", ""value"": -2.0}]",1.9033600000000002,2.703666666666667,1.1646153846153846,2.18,-1.5390512820512823,-0.5236666666666667,2.46,121.90719999999999,185.47333333333333,63.23076923076923,39.75,-145.72333333333333,-122.2425641025641,0.21431652348945043,0.3409156890340169,303582418448.0259,11035484231.59096,573625742340.1196,3044615877037.541,51.980115262909614,562590258108.5287,0.03188733000053755,0.12578616352201258,0.12,0.08,0.36,0.44,-0.5246867282792,1.7158372381890437,81.60826666666667,299.891712,-3.8979889816503266
exp_019,Li5.5AsS4.1O0.4Br1.5,1e-06,argyrodites,Li5.5AsS4.5Br1.5,11.18,19,1e-06,exact,1e-06,1.0,-6.0,"[{""element"": ""Li"", ""value"": 1.0}, {""element"": ""As"", ""value"": 5.0}, {""element"": ""O"", ""value"": -2.0}, {""element"": ""Br"", ""value"": -1.0}, {""element"": ""S"", ""value"": -2.0}]",1.91712,2.732333333333333,1.1646153846153846,2.18,-1.5677179487179485,-0.5523333333333329,2.46,121.1744,183.94666666666663,63.23076923076923,39.75,-144.19666666666663,-120.7158974358974,0.21609524499855035,0.34374512121685225,303849620263.3657,11592154680.215662,573625742340.1196,3044615877037.541,49.48396205574509,562033587659.9039,0.03188733000053755,0.12578616352201258,0.12,0.08,0.36,0.44,-0.5388953963158861,1.6944644652105034,80.93653333333332,298.089024,-3.8493076578495047
exp_020,Li5.5AsS3.8O0.7Br1.5,1e-06,argyrodites,Li5.5AsS4.5Br1.5,8.75,20,1e-06,exact,1e-06,1.0,-6.0,"[{""element"": ""Li"", ""value"": 1.0}, {""element"": ""As"", ""value"": 5.0}, {""element"": ""O"", ""value"": -2.0}, {""element"": ""Br"", ""value"": -1.0}, {""element"": ""S"", ""value"": -2.0}]",1.9377600000000001,2.7753333333333337,1.1646153846153846,2.18,-1.610717948717949,-0.5953333333333335,2.46,120.07519999999998,181.65666666666667,63.23076923076923,39.75,-141.90666666666667,-118.42589743589744,0.21881938455327815,0.34807844045049763,304250422986.3755,12427160353.152718,573625742340.1196,3044615877037.541,46.159036017797355,561198581986.9669,0.03188733000053755,0.12578616352201258,0.12,0.08,0.36,0.44,-0.5606561915953683,1.664256730465639,79.92893333333333,295.38499199999995,-3.776285672148275
exp_021,Li5.5AsS2.5O2Br1.5,1e-06,argyrodites,Li5.5AsS4.5Br1.5,0.2817,21,1e-06,exact,1e-06,1.0,-6.0,"[{""element"": ""Li"", ""value"": 1.0}, {""element"": ""As"", ""value"": 5.0}, {""element"": ""O"", ""value"": -2.0}, {""element"": ""Br"", ""value"": -1.0}, {""element"": ""S"", ""value"": -2.0}]",2.0271999999999997,2.9616666666666664,1.1646153846153846,2.18,-1.7970512820512818,-0.7816666666666663,2.46,115.31200000000001,171.73333333333335,63.23076923076923,39.75,-131.98333333333335,-108.50256410256412,0.23146350931677018,0.36819159101767795,305987234786.0846,16045518269.213287,573625742340.1196,3044615877037.541,35.74990428578064,557580224070.9064,0.03188733000053755,0.12578616352201258,0.12,0.08,0.36,0.44,-0.6616591706788194,1.553274883389884,75.56266666666667,283.66752,-3.4598570674429414
exp_022,Li5.5As0.9Sb0.1S4.5Br1.5,1e-06,argyrodites,Li5.5AsS4.5Br1.5,16.85,22,1e-06,exact,1e-06,1.0,-6.0,"[{""element"": ""Li"", ""value"": 1.0}, {""element"": ""As"", ""value"": 5.0}, {""element"": ""Br"", ""value"": -1.0}, {""element"": ""Sb"", ""value"": 5.0}, {""element"": ""S"", ""value"": -2.0}]",1.88856,2.6749999999999994,1.1626153846153846,2.1670000000000003,-1.5123846153846148,-0.5079999999999991,1.98,122.802,187.0,63.54230769230769,41.775,-145.225,-123.45769230769231,0.22339572192513368,0.33979843685726036,286040684583.97504,10478813782.966257,540405488400.2909,2828684226428.654,51.57124647817888,529926674617.32465,0.03123420953609633,0.12154088050314465,0.12,0.08,0.36,0.44,-0.513905928234661,1.712407628440897,82.28,243.14796,-3.8561034303813697
exp_023,Li5.5As0.9Sb0.2S4.5Br1.5,1e-06,argyrodites,Li5.5AsS4.5Br1.5,9.06,23,1e-06,exact,1e-06,1.0,-6.0,"[{""element"": ""Li"", ""value"": 1.0}, {""element"": ""As"", ""value"": 5.0}, {""element"": ""Br"", ""value"": -1.0}, {""element"": ""Sb"", ""value"": 3.0}, {""element"": ""S"", ""value"": -2.0}]",1.8898412698412694,2.6749999999999994,1.176060606060606,2.1563636363636367,-1.4989393939393933,-0.5186363636363627,1.98,122.57870370370368,187.0,64.01388888888887,46.58333333333333,-140.41666666666669,-122.98611111111113,0.24910873440285203,0.3423202614379084,280682141851.0974,10478813782.966257,526321531003.94403,2536155142229.8125,50.22720528343593,515842717220.9778,0.030673886263779992,0.1099692435086059,0.11904761904761904,0.0873015873015873,0.3571428571428571,0.43650793650793646,-0.5131173252129131,1.7009390140395313,81.62698412698411,242.7058333333333,-3.7724619842468314
exp_024,Li5.5As0.9Sb0.1S4.3O0.2Br1.5,1e-06,argyrodites,Li5.5AsS4.5Br1.5,12.55,24,1e-06,exact,1e-06,1.0,-6.0,"[{""element"": ""Li"", ""value"": 1.0}, {""element"": ""As"", ""value"": 5.0}, {""element"": ""O"", ""value"": -2.0}, {""element"": ""Br"", ""value"": -1.0}, {""element"": ""Sb"", ""value"": 5.0}, {""element"": ""S"", ""value"": -2.0}]",1.9023199999999998,2.703666666666667,1.1626153846153846,2.1670000000000003,-1.5410512820512823,-0.5366666666666666,2.46,122.0692,185.47333333333333,63.54230769230769,41.775,-143.69833333333332,-121.93102564102564,0.2252345350634413,0.3425953831223232,286307886399.31494,11035484231.59096,540405488400.2909,2828684226428.654,48.96980296100536,529370004168.69995,0.03123420953609633,0.12154088050314465,0.12,0.08,0.36,0.44,-0.5279570543855063,1.6899283565581353,81.60826666666667,300.290232,-3.808419203822929
exp_025,Li5.4PS4O0.4Cl0.95F0.05Br0.6,1e-06,argyrodites,Li5.4PS4O0.4ClBr0.6,13.22,25,1e-06,exact,1e-06,1.0,-6.0,"[{""element"": ""Li"", ""value"": 1.0}, {""element"": ""O"", ""value"": -2.0}, {""element"": ""Cl"", ""value"": -1.0}, {""element"": ""F"", ""value"": -1.0}, {""element"": ""Br"", ""value"": -1.0}, {""element"": ""P"", ""value"": 5.0}, {""element"": ""S"", ""value"": -2.0}]",1.947983870967742,2.7788333333333335,1.1690625,2.19,-1.6097708333333336,-0.5888333333333335,3.0,118.45655241935484,181.22687499999998,59.609375,17.0,-164.22687499999998,-121.61749999999998,0.09380507168155938,0.3289212761628208,3198744639418.9907,11789804421.197145,6186514797229.422,38922178734970.945,524.7343023016185,6174724992808.225,0.05845588235294118,0.29411764705882354,0.12903225806451613,0.08064516129032258,0.3548387096774194,0.43548387096774194,-0.5294878768296876,2.7199394553044467,78.92138104838709,355.36965725806454,-7.109258272058822
exp_026,Li5.4PS4O0.4Cl0.9F0.1Br0.6,1e-06,argyrodites,Li5.4PS4O0.4ClBr0.6,13.09,26,1e-06,exact,1e-06,1.0,-6.0,"[{""element"": ""Li"", ""value"": 1.0}, {""element"": ""O"", ""value"": -2.0}, {""element"": ""Cl"", ""value"": -1.0}, {""element"": ""F"", ""value"": -1.0}, {""element"": ""Br"", ""value"": -1.0}, {""element"": ""P"", ""value"": 5.0}, {""element"": ""S"", ""value"": -2.0}]",1.9512903225806453,2.7856666666666663,1.1690625,2.19,-1.6166041666666664,-0.5956666666666663,3.0,118.25342741935484,180.80708333333334,59.609375,17.0,-163.80708333333334,-121.19770833333334,0.09402286507027517,0.32968495426755495,3198787822641.1074,11879049746.905952,6186514797229.422,38922178734970.945,520.7920607320276,6174635747482.516,0.05845588235294118,0.29411764705882354,0.12903225806451613,0.08064516129032258,0.3548387096774194,0.43548387096774194,-0.5329700707562387,2.716664354963837,78.7385685483871,354.76028225806454,-7.084718979779412
exp_027,Li5.4PS4O0.4Cl0.85F0.15Br0.6,1e-06,argyrodites,Li5.4PS4O0.4ClBr0.6,10.01,27,1e-06,exact,1e-06,1.0,-6.0,"[{""element"": ""Li"", ""value"": 1.0}, {""element"": ""O"", ""value"": -2.0}, {""element"": ""Cl"", ""value"": -1.0}, {""element"": ""F"", ""value"": -1.0}, {""element"": ""Br"", ""value"": -1.0}, {""element"": ""P"", ""value"": 5.0}, {""element"": ""S"", ""value"": -2.0}]",1.9545967741935484,2.7925,1.1690625,2.19,-1.6234375,-0.6025,3.0,118.05030241935482,180.38729166666667,59.609375,17.0,-163.38729166666667,-120.77791666666667,0.09424167214292396,0.3304521867879181,3198831005863.225,11968295072.61476,6186514797229.422,38922178734970.945,516.908612270522,6174546502156.807,0.05845588235294118,0.29411764705882354,0.12903225806451613,0.08064516129032258,0.3548387096774194,0.43548387096774194,-0.5364684719885108,2.713413768055495,78.5557560483871,354.1509072580645,-7.0601796875
exp_028,Li5.4PS4O0.4Cl0.8F0.2Br0.6,1e-06,argyrodites,Li5.4PS4O0.4ClBr0.6,5.09,28,1e-06,exact,1e-06,1.0,-6.0,"[{""element"": ""Li"", ""value"": 1.0}, {""element"": ""O"", ""value"": -2.0}, {""element"": ""Cl"", ""value"": -1.0}, {""element"": ""F"", ""value"": -1.0}, {""element"": ""Br"", ""value"": -1.0}, {""element"": ""P"", ""value"": 5.0}, {""element"": ""S"", ""value"": -2.0}]",1.9579032258064517,2.7993333333333332,1.1690625,2.19,-1.6302708333333333,-0.6093333333333333,3.0,117.84717741935482,179.96749999999997,59.609375,17.0,-162.96749999999997,-120.35812499999997,0.09446149999305431,0.33122299859696896,3198874189085.343,12057540398.323565,6186514797229.422,38922178734970.945,513.0826514244623,6174457256831.099,0.05845588235294118,0.29411764705882354,0.12903225806451613,0.08064516129032258,0.3548387096774194,0.43548387096774194,-0.5399831939418461,2.710187330348229,78.37294354838708,353.5415322580645,-7.035640395220587
exp_029,Li6.65As0.35Si0.65S5I,1e-06,argyrodites,Li6.7As0.3Si0.7S5I,6.347,29,1e-06,exact,1e-06,1.0,-6.0,"[{""element"": ""Li"", ""value"": 1.0}, {""element"": ""As"", ""value"": 5.0}, {""element"": ""Si"", ""value"": 4.0}, {""element"": ""I"", ""value"": -1.0}, {""element"": ""S"", ""value"": -2.0}]",1.7637362637362637,2.5933333333333333,1.1130718954248366,1.9979999999999998,-1.4802614379084966,-0.5953333333333335,1.6800000000000002,118.99175824175823,190.0,63.299019607843135,35.3625,-154.6375,-126.70098039215686,0.18611842105263157,0.33315273477812174,346119871942.12805,10830828501.851728,609091670718.8153,3832591802753.1147,56.23684934302855,598260842216.9636,0.028932229351516563,0.12281303602058319,0.07326007326007326,0.07326007326007326,0.3663003663003663,0.48717948717948717,-0.4931531462258105,1.7500209814416028,92.56410256410257,199.90615384615384,-3.665741823767885
exp_030,Li6.7As0.3Si0.7S5I,1e-06,argyrodites,Li6.7As0.3Si0.7S5I,10.615,30,1e-06,exact,1e-06,1.0,-6.0,"[{""element"": ""Li"", ""value"": 1.0}, {""element"": ""As"", ""value"": 5.0}, {""element"": ""Si"", ""value"": 4.0}, {""element"": ""I"", ""value"": -1.0}, {""element"": ""S"", ""value"": -2.0}]",1.7598540145985402,2.5933333333333333,1.1103896103896103,1.984,-1.482943722943723,-0.6093333333333333,1.6800000000000002,118.77919708029198,190.0,63.282467532467535,35.025,-154.975,-126.71753246753246,0.1843421052631579,0.3330656185919344,349734855853.6743,10830828501.851728,613815916127.8218,3893205335500.4663,56.673034387247355,602985087625.9701,0.028810856255110113,0.1225843339050886,0.07299270072992702,0.07299270072992702,0.36496350364963503,0.48905109489051096,-0.4939175684192773,1.7533764662564169,92.91970802919708,199.54905109489056,-3.6508406129243265
exp_031,Li6.75As0.25Si0.75S5I,1e-06,argyrodites,Li6.7As0.3Si0.7S5I,4.784,31,1e-06,exact,1e-06,1.0,-6.0,"[{""element"": ""Li"", ""value"": 1.0}, {""element"": ""As"", ""value"": 5.0}, {""element"": ""Si"", ""value"": 4.0}, {""element"": ""I"", ""value"": -1.0}, {""element"": ""S"", ""value"": -2.0}]",1.756,2.5933333333333333,1.1077419354838711,1.9699999999999998,-1.4855913978494621,-0.6233333333333335,1.6800000000000002,118.56818181818181,190.0,63.266129032258064,34.6875,-155.3125,-126.73387096774194,0.1825657894736842,0.3329796264855688,353323548973.13666,10830828501.851728,618479203531.5508,3953818868247.8184,57.10359123734721,607648375029.6991,0.028691049263173427,0.12235563178959405,0.07272727272727272,0.07272727272727272,0.36363636363636365,0.4909090909090909,-0.4946716687660879,1.756663421827614,93.27272727272727,199.19454545454548,-3.6361277352481483
exp_032,Li6.8As0.2Si0.8S5I,1e-06,argyrodites,Li6.7As0.3Si0.7S5I,5.813,32,1e-06,exact,1e-06,1.0,-6.0,"[{""element"": ""Li"", ""value"": 1.0}, {""element"": ""As"", ""value"": 5.0}, {""element"": ""Si"", ""value"": 4.0}, {""element"": ""I"", ""value"": -1.0}, {""element"": ""S"", ""value"": -2.0}]",1.7521739130434781,2.5933333333333333,1.105128205128205,1.956,-1.4882051282051283,-0.6373333333333333,1.6800000000000002,118.3586956521739,190.0,63.25,34.35,-155.65,-126.75,0.18078947368421053,0.33289473684210524,356886237069.9941,10830828501.851728,623082705199.3345,4014432400995.1704,57.528628127830395,612251876697.4828,0.02857277825831285,0.1221269296740995,0.07246376811594203,0.07246376811594203,0.36231884057971014,0.49275362318840576,-0.4954156545209177,1.7598840176268031,93.6231884057971,198.8426086956522,-3.621599644241154
exp_033,Li6.6Sb0.4Si0.6S5I,1e-06,argyrodites,Li6.7Sb0.3Si0.7S5I,8.844,33,1e-06,exact,1e-06,1.0,-6.0,"[{""element"": ""Li"", ""value"": 1.0}, {""element"": ""Si"", ""value"": 4.0}, {""element"": ""I"", ""value"": -1.0}, {""element"": ""Sb"", ""value"": 5.0}, {""element"": ""S"", ""value"": -2.0}]",1.763823529411765,2.5933333333333333,1.1089473684210527,1.96,-1.4843859649122806,-0.6333333333333333,1.6800000000000002,119.80147058823529,190.0,64.38157894736842,43.8,-146.2,-125.61842105263158,0.23052631578947366,0.3388504155124654,278968998263.9124,10830828501.851728,490657027023.43396,2908251667570.214,45.30189236580998,479826198521.5822,0.026820839978734717,0.10606060606060605,0.07352941176470588,0.07352941176470588,0.36764705882352944,0.4852941176470588,-0.5029848009913982,1.6561163438862005,92.20588235294117,201.2664705882353,-3.369191569433952
exp_034,Li6.65Sb0.35Si0.65S5I,1e-06,argyrodites,Li6.7Sb0.3Si0.7S5I,10.755,34,1e-06,exact,1e-06,1.0,-6.0,"[{""element"": ""Li"", ""value"": 1.0}, {""element"": ""Si"", ""value"": 4.0}, {""element"": ""I"", ""value"": -1.0}, {""element"": ""Sb"", ""value"": 5.0}, {""element"": ""S"", ""value"": -2.0}]",1.7604029304029305,2.5933333333333333,1.107124183006536,1.9524999999999997,-1.4862091503267973,-0.6408333333333336,1.6800000000000002,119.51098901098901,190.0,64.22549019607843,42.45,-147.55,-125.77450980392157,0.22342105263157896,0.3380288957688338,290752782042.4133,10830828501.851728,510299412270.3048,3076831025622.0093,47.11545494262602,499468583768.45306,0.0269899430030149,0.10795454545454546,0.07326007326007326,0.07326007326007326,0.3663003663003663,0.48717948717948717,-0.502381637966504,1.6731633889831716,92.56410256410257,200.77846153846156,-3.394646850839982
exp_035,Li6.7Sb0.3Si0.7S5I,1e-06,argyrodites,Li6.7Sb0.3Si0.7S5I,14.409,35,1e-06,exact,1e-06,1.0,-6.0,"[{""element"": ""Li"", ""value"": 1.0}, {""element"": ""Si"", ""value"": 4.0}, {""element"": ""I"", ""value"": -1.0}, {""element"": ""Sb"", ""value"": 5.0}, {""element"": ""S"", ""value"": -2.0}]",1.7570072992700732,2.5933333333333333,1.1053246753246753,1.9449999999999998,-1.488008658008658,-0.6483333333333334,1.6800000000000002,119.22262773722628,190.0,64.07142857142857,41.099999999999994,-148.9,-125.92857142857143,0.21631578947368418,0.3372180451127819,302450552800.6333,10830828501.851728,529686701604.87866,3245410383673.8047,48.9054647587042,518855873103.0269,0.02715684988412261,0.10984848484848483,0.07299270072992702,0.07299270072992702,0.36496350364963503,0.48905109489051096,-0.5017833707645737,1.6893573904517722,92.91970802919708,200.29401459854017,-3.419823310407726
exp_036,Li6.75Sb0.25Si0.75S5I,1e-06,argyrodites,Li6.7Sb0.3Si0.7S5I,6.307,36,1e-06,exact,1e-06,1.0,-6.0,"[{""element"": ""Li"", ""value"": 1.0}, {""element"": ""Si"", ""value"": 4.0}, {""element"": ""I"", ""value"": -1.0}, {""element"": ""Sb"", ""value"": 5.0}, {""element"": ""S"", ""value"": -2.0}]",1.7536363636363637,2.5933333333333333,1.1035483870967742,1.9374999999999998,-1.489784946236559,-0.6558333333333335,1.6800000000000002,118.93636363636364,190.0,63.91935483870968,39.75,-150.25,-126.08064516129032,0.20921052631578949,0.3364176570458404,314063248862.4298,10830828501.851728,548823832367.3935,3413989741725.6,50.672377673929745,537993003865.54175,0.02732160312805474,0.11174242424242424,0.07272727272727272,0.07272727272727272,0.36363636363636365,0.4909090909090909,-0.5011899611150665,1.704771282945511,93.27272727272727,199.81309090909093,-3.444725349225869
exp_037,Li6.8Sb0.2Si0.8S5I,1e-06,argyrodites,Li6.7Sb0.3Si0.7S5I,0.927,37,1e-06,exact,1e-06,1.0,-6.0,"[{""element"": ""Li"", ""value"": 1.0}, {""element"": ""Si"", ""value"": 4.0}, {""element"": ""I"", ""value"": -1.0}, {""element"": ""Sb"", ""value"": 5.0}, {""element"": ""S"", ""value"": -2.0}]",1.7502898550724637,2.5933333333333333,1.1017948717948718,1.93,-1.4915384615384615,-0.6633333333333333,1.6800000000000002,118.65217391304348,190.0,63.76923076923077,38.400000000000006,-151.6,-126.23076923076923,0.20210526315789476,0.33562753036437243,325591794952.7641,10830828501.851728,567715615299.6198,3582569099777.3955,52.41663785947293,556884786797.7681,0.02748424415091082,0.11363636363636365,0.07246376811594203,0.07246376811594203,0.36231884057971014,0.49275362318840576,-0.5006013702896294,1.7194691607176686,93.6231884057971,199.33565217391308,-3.4693572808957427
exp_038,Li6.9Sb0.3Si0.7S5.2I0.8,1e-06,argyrodites,Li6.7Sb0.3Si0.7S5I,10.075,38,1e-06,exact,1e-06,1.0,-6.0,"[{""element"": ""Li"", ""value"": 1.0}, {""element"": ""Si"", ""value"": 4.0}, {""element"": ""I"", ""value"": -1.0}, {""element"": ""Sb"", ""value"": 5.0}, {""element"": ""S"", ""value"": -2.0}]",1.7446762589928055,2.590666666666667,1.1021518987341772,1.9449999999999998,-1.4885147679324897,-0.645666666666667,1.6800000000000002,117.96043165467624,188.80000000000004,64.15822784810126,41.099999999999994,-147.70000000000005,-124.64177215189878,0.21769067796610161,0.3398211220768075,300013015427.20483,11120391721.47132,519425134697.38226,3245410383673.8047,46.70924799298869,508304742975.91095,0.026844393300089503,0.10984848484848483,0.05755395683453237,0.07194244604316545,0.3741007194244604,0.4964028776978417,-0.5058287586667174,1.6694028753133794,93.72086330935254,198.1735251798561,-3.345932753265714
exp_039,Li6.8Sb0.3Si0.7S5.1I0.9,1e-06,argyrodites,Li6.7Sb0.3Si0.7S5I,8.795,39,1e-06,exact,1e-06,1.0,-6.0,"[{""element"": ""Li"", ""value"": 1.0}, {""element"": ""Si"", ""value"": 4.0}, {""element"": ""I"", ""value"": -1.0}, {""element"": ""Sb"", ""value"": 5.0}, {""element"": ""S"", ""value"": -2.0}]",1.7507971014492756,2.592,1.1037179487179487,1.9449999999999998,-1.4882820512820514,-0.6470000000000002,1.6800000000000002,118.58695652173914,189.4,64.11538461538461,41.099999999999994,-148.3,-125.28461538461539,0.21700105596620906,0.33851839818048896,301222952456.769,10975610111.661524,524490138876.08246,3245410383673.8047,47.786877771725386,513514528764.42096,0.026998618665285332,0.10984848484848483,0.06521739130434784,0.07246376811594203,0.3695652173913043,0.4927536231884058,-0.5038108560407724,1.6793086561578099,93.32753623188407,199.22608695652178,-3.382511555396171
exp_040,Li6.7Sb0.3Si0.7S5I,1e-06,argyrodites,Li6.7Sb0.3Si0.7S5I,14.409,40,1e-06,exact,1e-06,1.0,-6.0,"[{""element"": ""Li"", ""value"": 1.0}, {""element"": ""Si"", ""value"": 4.0}, {""element"": ""I"", ""value"": -1.0}, {""element"": ""Sb"", ""value"": 5.0}, {""element"": ""S"", ""value"": -2.0}]",1.7570072992700732,2.5933333333333333,1.1053246753246753,1.9449999999999998,-1.488008658008658,-0.6483333333333334,1.6800000000000002,119.22262773722628,190.0,64.07142857142857,41.099999999999994,-148.9,-125.92857142857143,0.21631578947368418,0.3372180451127819,302450552800.6333,10830828501.851728,529686701604.87866,3245410383673.8047,48.9054647587042,518855873103.0269,0.02715684988412261,0.10984848484848483,0.07299270072992702,0.07299270072992702,0.36496350364963503,0.48905109489051096,-0.5017833707645737,1.6893573904517722,92.91970802919708,200.29401459854017,-3.419823310407726
exp_041,Li6.6Sb0.3Si0.7S4.9I1.1,1e-06,argyrodites,Li6.7Sb0.3Si0.7S5I,1.267,41,1e-06,exact,1e-06,1.0,-6.0,"[{""element"": ""Li"", ""value"": 1.0}, {""element"": ""Si"", ""value"": 4.0}, {""element"": ""I"", ""value"": -1.0}, {""element"": ""Sb"", ""value"": 5.0}, {""element"": ""S"", ""value"": -2.0}]",1.7633088235294119,2.594666666666667,1.1069736842105264,1.9449999999999998,-1.4876929824561405,-0.6496666666666671,1.6800000000000002,119.86764705882354,190.60000000000002,64.02631578947368,41.099999999999994,-149.50000000000003,-126.57368421052634,0.21563483735571873,0.33591981001822496,303696206090.7309,10686046892.041933,535020015984.43274,3245410383673.8047,50.06715966994965,524333969092.3908,0.027319245082402976,0.10984848484848483,0.08088235294117647,0.07352941176470588,0.3602941176470589,0.4852941176470588,-0.4997455440321132,1.6995529543975791,92.49705882352943,201.37764705882356,-3.457897499930049
exp_042,Li6.5Sb0.3Si0.7S4.8I1.2,1e-06,argyrodites,Li6.7Sb0.3Si0.7S5I,5.35,42,1e-06,exact,1e-06,1.0,-6.0,"[{""element"": ""Li"", ""value"": 1.0}, {""element"": ""Si"", ""value"": 4.0}, {""element"": ""I"", ""value"": -1.0}, {""element"": ""Sb"", ""value"": 5.0}, {""element"": ""S"", ""value"": -2.0}]",1.7697037037037036,2.596,1.1086666666666667,1.9449999999999998,-1.4873333333333334,-0.6510000000000002,1.6800000000000002,120.52222222222223,191.19999999999996,63.980000000000004,41.099999999999994,-150.09999999999997,-127.21999999999996,0.2149581589958159,0.3346234309623432,304960313503.6448,10541265282.232138,540495552080.77484,3245410383673.8047,51.27425765404166,529954286798.5427,0.02748597081930415,0.10984848484848483,0.08888888888888889,0.07407407407407407,0.35555555555555557,0.48148148148148145,-0.49769658298465846,1.7098993813936525,92.05925925925924,202.47733333333335,-3.496765207631873
exp_043,Li3.875Sn0.875As0.125S4,1e-06,thio_lisicon,Li3AsS4,0.54,43,1e-06,exact,1e-06,1.0,-6.0,"[{""element"": ""Li"", ""value"": 1.0}, {""element"": ""As"", ""value"": 5.0}, {""element"": ""Sn"", ""value"": 4.0}, {""element"": ""S"", ""value"": -2.0}]",1.8146478873239438,2.58,1.1866666666666665,1.9874999999999998,-1.3933333333333335,-0.5925000000000002,1.6,119.76408450704226,184.0,67.0576923076923,65.34375,-118.65625,-116.9423076923077,0.35512907608695654,0.36444397993311034,148623723024.4654,12278644599.949677,260496607885.6065,788046079502.0967,21.215420461528314,248217963285.65683,0.02540621857001403,0.06644790812141099,0.0,0.11267605633802817,0.4507042253521127,0.43661971830985913,-0.5077919453734672,1.3266516433292244,80.33802816901408,191.62253521126763,-2.9710618293126023
exp_044,Li3AsS4,1e-06,thio_lisicon,Li3AsS4,0.091,44,1e-06,exact,1e-06,1.0,-6.0,"[{""element"": ""Li"", ""value"": 1.0}, {""element"": ""As"", ""value"": 5.0}, {""element"": ""S"", ""value"": -2.0}]",1.9300000000000002,2.58,1.28,2.18,-1.3,-0.3999999999999999,1.6,122.28125,184.0,60.5625,39.75,-144.25,-123.4375,0.21603260869565216,0.32914402173913043,433349360214.20636,12278644599.949677,854420075828.463,3044615877037.541,69.58586258225641,842141431228.5133,0.04255765199161426,0.12578616352201258,0.0,0.125,0.5,0.375,-0.42788722826086956,1.842521015096641,69.0,195.65,-5.253210167714885
exp_045,Li5.4PS4.4ClBr0.6,1e-06,argyrodites,Li5.4PS4.4ClBr0.6,13.48,45,1e-06,exact,1e-06,1.0,-6.0,"[{""element"": ""Li"", ""value"": 1.0}, {""element"": ""Cl"", ""value"": -1.0}, {""element"": ""Br"", ""value"": -1.0}, {""element"": ""P"", ""value"": 5.0}, {""element"": ""S"", ""value"": -2.0}]",1.916935483870968,2.7146666666666674,1.1690625,2.19,-1.5456041666666676,-0.5246666666666675,2.18,120.13709677419352,184.70000000000002,59.609375,17.0,-167.70000000000002,-125.09062500000002,0.092041147807255,0.32273619382782887,3198162742859.495,10587218198.238935,6186514797229.422,38922178734970.945,584.3380840359443,6175927579031.183,0.05845588235294118,0.29411764705882354,0.12903225806451613,0.08064516129032258,0.3548387096774194,0.43548387096774194,-0.49882240591443355,2.766664192227884,80.43387096774194,261.8988709677419,-7.312282858455883
exp_046,Li5.4P0.9Sn0.1S4.4ClBr0.6,1e-06,argyrodites,Li5.4PS4.4ClBr0.6,13.46,46,1e-06,exact,1e-06,1.0,-6.0,"[{""element"": ""Li"", ""value"": 1.0}, {""element"": ""Cl"", ""value"": -1.0}, {""element"": ""Br"", ""value"": -1.0}, {""element"": ""P"", ""value"": 5.0}, {""element"": ""Sn"", ""value"": 4.0}, {""element"": ""S"", ""value"": -2.0}]",1.9150806451612903,2.7146666666666674,1.1654687499999998,2.1670000000000003,-1.5491979166666676,-0.5476666666666672,2.18,120.55645161290322,184.70000000000002,60.42187499999999,22.200000000000003,-162.5,-124.27812500000002,0.12019491066594477,0.3271352192744991,2888029680203.0234,10587218198.238935,5585631988332.508,35076528758030.7,527.5825890942358,5575044770134.269,0.054766091219096334,0.27050298380221655,0.12903225806451613,0.08064516129032258,0.3548387096774194,0.43548387096774194,-0.5067972001683475,2.7222904548328835,80.43387096774194,262.81306451612903,-6.806227130288257
exp_047,Li5.4P0.8Sn0.2S4.4ClBr0.6,1e-06,argyrodites,Li5.4PS4.4ClBr0.6,9.09,47,1e-06,exact,1e-06,1.0,-6.0,"[{""element"": ""Li"", ""value"": 1.0}, {""element"": ""Cl"", ""value"": -1.0}, {""element"": ""Br"", ""value"": -1.0}, {""element"": ""P"", ""value"": 5.0}, {""element"": ""Sn"", ""value"": 4.0}, {""element"": ""S"", ""value"": -2.0}]",1.9132258064516132,2.7146666666666674,1.161875,2.144,-1.5527916666666675,-0.5706666666666673,2.18,120.9758064516129,184.70000000000002,61.234375,27.400000000000002,-157.3,-123.46562500000002,0.14834867352463454,0.33153424472116944,2577896617546.552,10587218198.238935,4984749179435.595,31230878781090.45,470.8270941525274,4974161961237.355,0.05107630008525149,0.24688832054560958,0.12903225806451613,0.08064516129032258,0.3548387096774194,0.43548387096774194,-0.5148036124176595,2.6728614467422585,80.43387096774194,263.72725806451615,-6.3061673127131295
exp_048,Li5.4P0.6Sn0.4S4.4ClBr0.6,1e-06,argyrodites,Li5.4PS4.4ClBr0.6,3.32,48,1e-06,exact,1e-06,1.0,-6.0,"[{""element"": ""Li"", ""value"": 1.0}, {""element"": ""Cl"", ""value"": -1.0}, {""element"": ""Br"", ""value"": -1.0}, {""element"": ""P"", ""value"": 5.0}, {""element"": ""Sn"", ""value"": 4.0}, {""element"": ""S"", ""value"": -2.0}]",1.909516129032258,2.7146666666666674,1.1546874999999999,2.098,-1.5599791666666676,-0.6166666666666676,2.18,121.81451612903226,184.70000000000002,62.859375,37.8,-146.90000000000003,-121.84062500000002,0.20465619924201403,0.34033229561451,1957630492233.6084,10587218198.238935,3782983561641.7676,23539578827209.953,357.3161042691105,3772396343443.529,0.043696717817561806,0.19965899403239556,0.12903225806451613,0.08064516129032258,0.3548387096774194,0.43548387096774194,-0.5309112909024772,2.5530525903350942,80.43387096774194,265.55564516129033,-5.324035409340367
exp_049,Li5.4P0.9Sn0.1S4.2O0.2ClBr0.6,1e-06,argyrodites,Li5.4PS4.4ClBr0.6,10.77,49,1e-06,exact,1e-06,1.0,-6.0,"[{""element"": ""Li"", ""value"": 1.0}, {""element"": ""O"", ""value"": -2.0}, {""element"": ""Cl"", ""value"": -1.0}, {""element"": ""Br"", ""value"": -1.0}, {""element"": ""P"", ""value"": 5.0}, {""element"": ""Sn"", ""value"": 4.0}, {""element"": ""S"", ""value"": -2.0}]",1.9289516129032258,2.7433333333333336,1.1654687499999998,2.1670000000000003,-1.5778645833333338,-0.5763333333333334,2.46,119.81774193548387,183.17333333333332,60.42187499999999,22.200000000000003,-160.9733333333333,-122.75145833333332,0.12119668073955454,0.3298617429756879,2888299036871.7124,11143888646.863638,5585631988332.508,35076528758030.7,501.2282664816954,5574488099685.645,0.054766091219096334,0.27050298380221655,0.12903225806451613,0.08064516129032258,0.3548387096774194,0.43548387096774194,-0.520477161637941,2.7000355548018975,79.76903225806451,294.7516451612903,-6.722617564360435
exp_050,Li5.4P0.8Sn0.2S4O0.4ClBr0.6,1e-06,argyrodites,Li5.4PS4.4ClBr0.6,5.91,50,1e-06,exact,1e-06,1.0,-6.0,"[{""element"": ""Li"", ""value"": 1.0}, {""element"": ""O"", ""value"": -2.0}, {""element"": ""Cl"", ""value"": -1.0}, {""element"": ""Br"", ""value"": -1.0}, {""element"": ""P"", ""value"": 5.0}, {""element"": ""Sn"", ""value"": 4.0}, {""element"": ""S"", ""value"": -2.0}]",1.9409677419354838,2.7720000000000002,1.161875,2.144,-1.6101250000000003,-0.6280000000000001,2.46,119.4983870967742,181.64666666666665,61.234375,27.400000000000002,-154.24666666666664,-120.41229166666665,0.15084229456453924,0.33710706683304587,2578435330883.9307,11700559095.48834,4984749179435.595,31230878781090.45,426.02658033304425,4973048620340.106,0.05107630008525149,0.24688832054560958,0.12903225806451613,0.08064516129032258,0.3548387096774194,0.43548387096774194,-0.542784515984558,2.629436696125836,79.10419354838709,293.9660322580645,-6.150214343119493
exp_051,Li5.4P0.9Si0.1S4.2O0.2ClBr0.6,1e-06,argyrodites,Li5.4PS4.4ClBr0.6,10.33,51,1e-06,exact,1e-06,1.0,-6.0,"[{""element"": ""Li"", ""value"": 1.0}, {""element"": ""Si"", ""value"": 4.0}, {""element"": ""O"", ""value"": -2.0}, {""element"": ""Cl"", ""value"": -1.0}, {""element"": ""Br"", ""value"": -1.0}, {""element"": ""P"", ""value"": 5.0}, {""element"": ""S"", ""value"": -2.0}]",1.9284677419354839,2.7433333333333336,1.16453125,2.161,-1.5788020833333336,-0.5823333333333336,2.46,119.52741935483871,183.17333333333332,59.859375,18.6,-164.57333333333332,-123.31395833333332,0.1015431649439511,0.3267908811326249,2918873291439.585,11143888646.863638,5644869606557.761,35455649514672.31,506.5439709096937,5633725717910.897,0.055754233511586454,0.2768270944741533,0.12903225806451613,0.08064516129032258,0.3548387096774194,0.43548387096774194,-0.5159381239465239,2.704617150574059,79.76903225806451,294.0374516129032,-6.875275228154708
exp_052,Li5.4P0.8Si0.2S4O0.4ClBr0.6,1e-06,argyrodites,Li5.4PS4.4ClBr0.6,5.31,52,1e-06,exact,1e-06,1.0,-6.0,"[{""element"": ""Li"", ""value"": 1.0}, {""element"": ""Si"", ""value"": 4.0}, {""element"": ""O"", ""value"": -2.0}, {""element"": ""Cl"", ""value"": -1.0}, {""element"": ""Br"", ""value"": -1.0}, {""element"": ""P"", ""value"": 5.0}, {""element"": ""S"", ""value"": -2.0}]",1.94,2.7720000000000002,1.16,2.132,-1.6120000000000003,-0.6400000000000001,2.46,118.91774193548386,181.64666666666665,60.10937500000001,20.200000000000003,-161.44666666666666,-121.53729166666665,0.11120490329210558,0.3309137244467282,2639583840019.6743,11700559095.48834,5103224415886.099,31989120294373.67,436.1521850570259,5091523856790.61,0.053052584670231724,0.2595365418894831,0.12903225806451613,0.08064516129032258,0.3548387096774194,0.43548387096774194,-0.5334329238081259,2.6396380525675096,79.10419354838709,292.5376451612903,-6.447867456736481
exp_053,Li10SnP2S12,1e-06,lgps,Li10SnP2S12,6.19,53,1e-06,exact,1e-06,1.0,-6.0,"[{""element"": ""Li"", ""value"": 1.0}, {""element"": ""Sn"", ""value"": 4.0}, {""element"": ""P"", ""value"": 5.0}, {""element"": ""S"", ""value"": -2.0}]",1.8840000000000001,2.58,1.2415384615384615,2.1133333333333333,-1.3384615384615386,-0.4666666666666668,1.6,119.44,184.0,59.84615384615385,34.333333333333336,-149.66666666666666,-124.15384615384616,0.18659420289855075,0.32525083612040134,3188037130331.898,12278644599.949677,6119506501776.774,26103345478503.453,498.3861575244107,6107227857176.825,0.06110418898142684,0.2154021028701336,0.0,0.12,0.48,0.4,-0.43533573449961416,2.697565971463613,73.60000000000001,191.104,-7.58632007815561
exp_054,Li9.9SnP2S11.8Cl0.1O0.1,1e-06,lgps,Li10SnP2S12,4.86,54,1e-06,exact,1e-06,1.0,-6.0,"[{""element"": ""Li"", ""value"": 1.0}, {""element"": ""Cl"", ""value"": -1.0}, {""element"": ""O"", ""value"": -2.0}, {""element"": ""Sn"", ""value"": 4.0}, {""element"": ""P"", ""value"": 5.0}, {""element"": ""S"", ""value"": -2.0}]",1.8934136546184739,2.592,1.243565891472868,2.1133333333333333,-1.348434108527132,-0.4786666666666668,2.46,119.45261044176705,183.59333333333336,59.786821705426355,34.333333333333336,-149.26000000000002,-123.80651162790701,0.18700751661280365,0.3256481083486674,3200384734631.425,12369237508.359985,6165980545908.695,26103345478503.453,498.4931805005199,6153611308400.335,0.06146302133930755,0.2154021028701336,0.004016064257028112,0.12048192771084335,0.4779116465863453,0.3975903614457831,-0.4391150166746823,2.697659221441553,72.99493975903614,293.8534216867469,-7.609522266131277
exp_055,Li10SnP1.8Sb0.2S11.8O0.2,1e-06,lgps,Li10SnP2S12,4.0,55,1e-06,exact,1e-06,1.0,-6.0,"[{""element"": ""Li"", ""value"": 1.0}, {""element"": ""O"", ""value"": -2.0}, {""element"": ""Sn"", ""value"": 4.0}, {""element"": ""P"", ""value"": 5.0}, {""element"": ""Sb"", ""value"": 5.0}, {""element"": ""S"", ""value"": -2.0}]",1.8897600000000003,2.5943333333333336,1.2393846153846155,2.104,-1.354948717948718,-0.4903333333333335,2.46,119.41760000000001,183.23666666666668,60.50769230769231,37.199999999999996,-146.0366666666667,-122.72897435897437,0.20301613578068434,0.3302160719708154,2883875696327.39,12556979824.26203,5534323742330.277,23567553520901.97,440.73685072242506,5521766762506.016,0.057861353385650065,0.20134981528843424,0.0,0.12,0.48,0.4,-0.4474258433629179,2.6441793640935853,73.29466666666667,293.767296,-7.101264556043001
exp_056,Li10SnP1.8Sb0.3S11.8O0.4,1e-06,lgps,Li10SnP2S12,1.6,56,1e-06,exact,1e-06,1.0,-6.0,"[{""element"": ""Li"", ""value"": 1.0}, {""element"": ""O"", ""value"": -2.0}, {""element"": ""Sn"", ""value"": 4.0}, {""element"": ""P"", ""value"": 5.0}, {""element"": ""Sb"", ""value"": 5.0}, {""element"": ""S"", ""value"": -2.0}]",1.9026482213438736,2.6081967213114754,1.2455725190839693,2.1022580645161293,-1.3626242022275061,-0.5059386567953461,2.46,119.3312252964427,182.49836065573774,60.50381679389312,37.935483870967744,-144.56287678477,-121.99454386184462,0.2078675322598031,0.3315307412981459,2853407829916.654,12826189303.51496,5498835006670.875,22835867903161.54,428.7193083267486,5486008817367.36,0.058055795980670545,0.19754283199956005,0.0,0.12252964426877469,0.4822134387351779,0.3952569169960474,-0.4517518118752798,2.6321730433681765,72.13373938961966,293.554814229249,-7.082490349198215
exp_057,Li10SiP2S12,1e-06,lgps,Li10SnP2S12,1.51,57,1e-06,exact,1e-06,1.0,-6.0,"[{""element"": ""Li"", ""value"": 1.0}, {""element"": ""Si"", ""value"": 4.0}, {""element"": ""P"", ""value"": 5.0}, {""element"": ""S"", ""value"": -2.0}]",1.8816000000000002,2.58,1.236923076923077,2.0933333333333333,-1.343076923076923,-0.4866666666666668,1.6,118.0,184.0,57.07692307692308,22.333333333333332,-161.66666666666666,-126.92307692307692,0.1213768115942029,0.3102006688963211,3339685432988.5425,12278644599.949677,6411137853039.552,27367081333975.49,522.1372604160094,6398859208439.603,0.06596888949830126,0.23648247177658943,0.0,0.12,0.48,0.4,-0.4166233599176743,2.7177846861539607,73.60000000000001,188.8,-8.372974436322853
exp_058,Li10Si0.3Sn0.7P2S12,1e-06,lgps,Li10SnP2S12,6.42,58,1e-06,exact,1e-06,1.0,-6.0,"[{""element"": ""Li"", ""value"": 1.0}, {""element"": ""Si"", ""value"": 4.0}, {""element"": ""Sn"", ""value"": 4.0}, {""element"": ""P"", ""value"": 5.0}, {""element"": ""S"", ""value"": -2.0}]",1.88328,2.58,1.2401538461538462,2.107333333333333,-1.339846153846154,-0.472666666666667,1.6,119.008,184.0,59.01538461538461,30.73333333333333,-153.26666666666668,-124.98461538461538,0.16702898550724637,0.32073578595317725,3233531621128.891,12278644599.949677,6206995907155.607,26482466235145.062,505.5114883918903,6194717262555.658,0.06256359913648916,0.22172621354207034,0.0,0.12,0.48,0.4,-0.4297366092101878,2.7037310299339614,73.60000000000001,190.4128,-7.819487375151353
exp_059,Li10SnP2S11.8O0.2,1e-06,lgps,Li10SnP2S12,4.52,59,1e-06,exact,1e-06,1.0,-6.0,"[{""element"": ""Li"", ""value"": 1.0}, {""element"": ""O"", ""value"": -2.0}, {""element"": ""Sn"", ""value"": 4.0}, {""element"": ""P"", ""value"": 5.0}, {""element"": ""S"", ""value"": -2.0}]",1.8908800000000001,2.5943333333333336,1.2415384615384615,2.1133333333333333,-1.3527948717948721,-0.4810000000000003,2.46,119.0736,183.23666666666668,59.84615384615385,34.333333333333336,-148.90333333333334,-123.39051282051284,0.18737152316676065,0.3266057767522176,3188170731239.5684,12556979824.26203,6119506501776.774,26103345478503.453,487.33904071048516,6106949521952.513,0.06110418898142684,0.2154021028701336,0.0,0.12,0.48,0.4,-0.4418306198889808,2.6878312040879977,73.29466666666667,292.921056,-7.539677213899788
exp_060,Li10SiP2S11.8O0.2,1e-06,lgps,Li10SnP2S12,1.24,60,1e-06,exact,1e-06,1.0,-6.0,"[{""element"": ""Li"", ""value"": 1.0}, {""element"": ""Si"", ""value"": 4.0}, {""element"": ""O"", ""value"": -2.0}, {""element"": ""P"", ""value"": 5.0}, {""element"": ""S"", ""value"": -2.0}]",1.8884800000000002,2.5943333333333336,1.236923076923077,2.0933333333333333,-1.3574102564102566,-0.5010000000000003,2.46,117.6336,183.23666666666668,57.07692307692308,22.333333333333332,-160.90333333333334,-126.1597435897436,0.12188244710847536,0.3114929130464595,3339819033896.2124,12556979824.26203,6411137853039.552,27367081333975.49,510.5636819334726,6398580873215.29,0.06596888949830126,0.23648247177658943,0.0,0.12,0.48,0.4,-0.4228236749683723,2.708049918778345,73.29466666666667,289.378656,-8.322618184005817
exp_061,Li10Si0.3Sn0.7P2S11.8O0.2,1e-06,lgps,Li10SnP2S12,4.95,61,1e-06,exact,1e-06,1.0,-6.0,"[{""element"": ""Li"", ""value"": 1.0}, {""element"": ""Si"", ""value"": 4.0}, {""element"": ""O"", ""value"": -2.0}, {""element"": ""Sn"", ""value"": 4.0}, {""element"": ""P"", ""value"": 5.0}, {""element"": ""S"", ""value"": -2.0}]",1.8901600000000003,2.5943333333333336,1.2401538461538462,2.107333333333333,-1.3541794871794874,-0.48700000000000054,2.46,118.6416,183.23666666666668,59.01538461538461,30.73333333333333,-152.50333333333336,-124.22128205128206,0.16772480034927506,0.32207191764049015,3233665222036.561,12556979824.26203,6206995907155.607,26482466235145.062,494.3064330773814,6194438927331.346,0.06256359913648916,0.22172621354207034,0.0,0.12,0.48,0.4,-0.43614318426531307,2.6939962625583456,73.29466666666667,291.858336,-7.7717304944771675
exp_062,Li6.7Si0.7Sb0.3S4.8Se0.2I,1e-06,argyrodites,Li6.7Si0.7Sb0.3S5I,16.357,62,1e-06,exact,1e-06,1.0,-6.0,"[{""element"": ""Li"", ""value"": 1.0}, {""element"": ""Si"", ""value"": 4.0}, {""element"": ""I"", ""value"": -1.0}, {""element"": ""Sb"", ""value"": 5.0}, {""element"": ""S"", ""value"": -2.0}, {""element"": ""Se"", ""value"": -2.0}]",1.7565693430656937,2.5923333333333334,1.1053246753246753,1.9449999999999998,-1.4870086580086581,-0.6473333333333335,1.6800000000000002,119.42700729927007,190.46666666666667,64.07142857142857,41.099999999999994,-149.36666666666667,-126.3952380952381,0.21578578928946443,0.3363918195909795,302415155127.77594,10750003815.49419,529686701604.8786,3245410383673.8047,49.27316405613092,518936697789.3844,0.02715684988412261,0.10984848484848483,0.07299270072992702,0.07299270072992702,0.36496350364963503,0.48905109489051096,-0.5002175482150731,1.6926104512133602,93.14793187347932,200.63737226277374,-3.4324965070203164
exp_063,Li6.7Si0.7Sb0.3S4.9O0.1I,1e-06,argyrodites,Li6.7Si0.7Sb0.3S5I,14.154,63,1e-06,exact,1e-06,1.0,-6.0,"[{""element"": ""Li"", ""value"": 1.0}, {""element"": ""Si"", ""value"": 4.0}, {""element"": ""O"", ""value"": -2.0}, {""element"": ""I"", ""value"": -1.0}, {""element"": ""Sb"", ""value"": 5.0}, {""element"": ""S"", ""value"": -2.0}]",1.7632846715328465,2.607666666666667,1.1053246753246753,1.9449999999999998,-1.5023419913419915,-0.662666666666667,2.46,118.8883211678832,189.23666666666668,64.07142857142857,41.099999999999994,-148.13666666666668,-125.16523809523811,0.2171883532085043,0.33857829827603125,302572451439.0182,11109163726.16408,529686701604.8786,3245410383673.8047,47.68015979072944,518577537878.71454,0.02715684988412261,0.10984848484848483,0.072992700729927,0.072992700729927,0.36496350364963503,0.4890510948905109,-0.5086603948571956,1.6783377021876282,92.54639902676399,292.46527007299267,-3.3990935816628456
exp_064,Li6.7Si0.7Sb0.3S4.8O0.2I,1e-06,argyrodites,Li6.7Si0.7Sb0.3S5I,12.508,64,1e-06,exact,1e-06,1.0,-6.0,"[{""element"": ""Li"", ""value"": 1.0}, {""element"": ""Si"", ""value"": 4.0}, {""element"": ""O"", ""value"": -2.0}, {""element"": ""I"", ""value"": -1.0}, {""element"": ""Sb"", ""value"": 5.0}, {""element"": ""S"", ""value"": -2.0}]",1.7695620437956203,2.6220000000000003,1.1053246753246753,1.9449999999999998,-1.516675324675325,-0.6770000000000005,2.46,118.55401459854015,188.47333333333333,64.07142857142857,41.099999999999994,-147.37333333333333,-124.40190476190476,0.21806798486081141,0.33994956972566537,302694350077.4032,11387498950.47643,529686701604.8786,3245410383673.8047,46.514753055825096,518299202654.40216,0.02715684988412261,0.10984848484848483,0.07299270072992702,0.07299270072992702,0.36496350364963503,0.48905109489051096,-0.5155931240369106,1.667590719654457,92.1730900243309,291.6428759124088,-3.378363852917965
exp_065,Li6.7Si0.7Sb0.3S4.7O0.3I,1e-06,argyrodites,Li6.7Si0.7Sb0.3S5I,11.847,65,1e-06,exact,1e-06,1.0,-6.0,"[{""element"": ""Li"", ""value"": 1.0}, {""element"": ""Si"", ""value"": 4.0}, {""element"": ""O"", ""value"": -2.0}, {""element"": ""I"", ""value"": -1.0}, {""element"": ""Sb"", ""value"": 5.0}, {""element"": ""S"", ""value"": -2.0}]",1.7758394160583941,2.6363333333333334,1.1053246753246753,1.9449999999999998,-1.5310086580086582,-0.6913333333333336,2.46,118.21970802919708,187.71000000000004,64.07142857142857,41.099999999999994,-146.61000000000004,-123.63857142857147,0.21895477065686425,0.3413319938811388,302816248715.78815,11665834174.788782,529686701604.8786,3245410383673.8047,45.404957216826624,518020867430.08984,0.02715684988412261,0.10984848484848483,0.072992700729927,0.072992700729927,0.36496350364963503,0.4890510948905109,-0.5225822378873818,1.6571032707951003,91.79978102189781,290.8204817518248,-3.357634124173086
exp_066,Li6.7Si0.7Sb0.3S4.6O0.4I,1e-06,argyrodites,Li6.7Si0.7Sb0.3S5I,10.453,66,1e-06,exact,1e-06,1.0,-6.0,"[{""element"": ""Li"", ""value"": 1.0}, {""element"": ""Si"", ""value"": 4.0}, {""element"": ""O"", ""value"": -2.0}, {""element"": ""I"", ""value"": -1.0}, {""element"": ""Sb"", ""value"": 5.0}, {""element"": ""S"", ""value"": -2.0}]",1.7821167883211677,2.6506666666666665,1.1053246753246753,1.9449999999999998,-1.5453419913419912,-0.7056666666666667,2.46,117.88540145985401,186.9466666666667,64.07142857142857,41.099999999999994,-145.8466666666667,-122.87523809523812,0.21984879823122455,0.3427257073573313,302938147354.1731,11944169399.101133,529686701604.8786,3245410383673.8047,44.34688456819279,517742532205.77747,0.02715684988412261,0.10984848484848483,0.072992700729927,0.072992700729927,0.36496350364963503,0.4890510948905109,-0.5296284270916709,1.6468631154334248,91.42647201946473,289.99808759124085,-3.3369043954282054
exp_067,Li6.7Si0.7Sb0.3S4.5O0.5I,1e-06,argyrodites,Li6.7Si0.7Sb0.3S5I,9.145,67,1e-06,exact,1e-06,1.0,-6.0,"[{""element"": ""Li"", ""value"": 1.0}, {""element"": ""Si"", ""value"": 4.0}, {""element"": ""O"", ""value"": -2.0}, {""element"": ""I"", ""value"": -1.0}, {""element"": ""Sb"", ""value"": 5.0}, {""element"": ""S"", ""value"": -2.0}]",1.7883941605839415,2.665,1.1053246753246753,1.9449999999999998,-1.5596753246753248,-0.7200000000000002,2.46,117.55109489051094,186.18333333333337,64.07142857142857,41.099999999999994,-145.08333333333337,-122.1119047619048,0.2207501566556261,0.3441308490095527,303060045992.5581,12222504623.413485,529686701604.8786,3245410383673.8047,43.33700153323799,517464196981.4651,0.02715684988412261,0.10984848484848483,0.07299270072992702,0.07299270072992702,0.36496350364963503,0.48905109489051096,-0.5367323936597693,1.636858859392249,91.05316301703165,289.1756934306569,-3.316174666683325
exp_068,Li6.7Si0.7Sb0.25As0.05S4.8O0.2I,1e-06,argyrodites,Li6.7Si0.7Sb0.3S5I,12.117,68,1e-06,exact,1e-06,1.0,-6.0,"[{""element"": ""Li"", ""value"": 1.0}, {""element"": ""Si"", ""value"": 4.0}, {""element"": ""As"", ""value"": 5.0}, {""element"": ""O"", ""value"": -2.0}, {""element"": ""I"", ""value"": -1.0}, {""element"": ""Sb"", ""value"": 5.0}, {""element"": ""S"", ""value"": -2.0}]",1.770036496350365,2.6220000000000003,1.1061688311688311,1.9514999999999998,-1.5158311688311692,-0.6705000000000005,2.46,118.4801094890511,188.47333333333333,63.93993506493507,40.08749999999999,-148.38583333333332,-124.53339826839826,0.21269587209507973,0.33925189274310286,310575067252.9101,11387498950.47643,543708237358.7025,3353376208978.248,47.74606256591179,532320738408.2261,0.02743251761262053,0.1119711263579188,0.07299270072992702,0.07299270072992702,0.36496350364963503,0.48905109489051096,-0.5142485931049641,1.6789375628013519,92.1730900243309,291.46106934306573,-3.4162646413573223
exp_069,Li6.7Si0.7Sb0.2As0.1S4.8O0.2I,1e-06,argyrodites,Li6.7Si0.7Sb0.3S5I,13.872,69,1e-06,exact,1e-06,1.0,-6.0,"[{""element"": ""Li"", ""value"": 1.0}, {""element"": ""Si"", ""value"": 4.0}, {""element"": ""As"", ""value"": 5.0}, {""element"": ""O"", ""value"": -2.0}, {""element"": ""I"", ""value"": -1.0}, {""element"": ""Sb"", ""value"": 5.0}, {""element"": ""S"", ""value"": -2.0}]",1.7705109489051096,2.6220000000000003,1.1070129870129868,1.958,-1.5149870129870135,-0.6640000000000004,2.46,118.40620437956207,188.47333333333333,63.808441558441565,39.075,-149.3983333333333,-124.66489177489177,0.20732375932934813,0.3385542157605403,318455784428.4169,11387498950.47643,557729773112.5262,3461342034282.692,48.977372075998474,546342274162.0498,0.027708185341118446,0.11409376786735277,0.07299270072992702,0.072992700729927,0.36496350364963503,0.48905109489051096,-0.5129052400692219,1.6899954789612002,92.1730900243309,291.2792627737227,-3.454237926829174
exp_070,Li6.7Si0.7Sb0.15As0.15S4.8O0.2I,1e-06,argyrodites,Li6.7Si0.7Sb0.3S5I,12.704,70,1e-06,exact,1e-06,1.0,-6.0,"[{""element"": ""Li"", ""value"": 1.0}, {""element"": ""Si"", ""value"": 4.0}, {""element"": ""As"", ""value"": 5.0}, {""element"": ""O"", ""value"": -2.0}, {""element"": ""I"", ""value"": -1.0}, {""element"": ""Sb"", ""value"": 5.0}, {""element"": ""S"", ""value"": -2.0}]",1.770985401459854,2.6220000000000003,1.1078571428571427,1.9644999999999997,-1.5141428571428577,-0.6575000000000006,2.46,118.332299270073,188.47333333333333,63.676948051948045,38.06249999999999,-150.41083333333333,-124.79638528138528,0.2019516465636164,0.33785653877797767,326336501603.9238,11387498950.47643,571751308866.3501,3569307859587.1357,50.20868158608516,560363809915.8737,0.02798385306961636,0.11621640937678672,0.07299270072992702,0.07299270072992702,0.36496350364963503,0.48905109489051096,-0.5115630649296838,1.7007788175224128,92.1730900243309,291.09745620437957,-3.4922837093335195
exp_071,Li6.7Si0.7Sb0.3S4.6Se0.2O0.2I,1e-06,argyrodites,Li6.7Si0.7Sb0.3S5I,13.29,71,1e-06,exact,1e-06,1.0,-6.0,"[{""element"": ""Li"", ""value"": 1.0}, {""element"": ""Si"", ""value"": 4.0}, {""element"": ""O"", ""value"": -2.0}, {""element"": ""I"", ""value"": -1.0}, {""element"": ""Sb"", ""value"": 5.0}, {""element"": ""S"", ""value"": -2.0}, {""element"": ""Se"", ""value"": -2.0}]",1.7691240875912408,2.621,1.1053246753246753,1.9449999999999998,-1.5156753246753247,-0.6760000000000002,2.46,118.75839416058395,188.94000000000003,64.07142857142857,41.099999999999994,-147.84000000000003,-124.86857142857146,0.21752937440457282,0.33910992151703484,302658952404.5459,11306674264.118893,529686701604.8786,3245410383673.8047,46.84725934714597,518380027340.7597,0.02715684988412261,0.10984848484848483,0.07299270072992702,0.07299270072992702,0.36496350364963503,0.48905109489051096,-0.5139805403959556,1.6706841889222692,92.40131386861316,292.1456496350365,-3.3910370495305564
exp_072,Li6.7Si0.7Sb0.3S4.4Se0.3O0.3I,1e-06,argyrodites,Li6.7Si0.7Sb0.3S5I,12.074,72,1e-06,exact,1e-06,1.0,-6.0,"[{""element"": ""Li"", ""value"": 1.0}, {""element"": ""Si"", ""value"": 4.0}, {""element"": ""O"", ""value"": -2.0}, {""element"": ""I"", ""value"": -1.0}, {""element"": ""Sb"", ""value"": 5.0}, {""element"": ""S"", ""value"": -2.0}, {""element"": ""Se"", ""value"": -2.0}]",1.7751824817518245,2.634833333333334,1.1053246753246753,1.9449999999999998,-1.5295086580086585,-0.689833333333334,2.46,118.52627737226277,188.41,64.07142857142857,41.099999999999994,-147.31,-124.33857142857143,0.21814128761743004,0.3400638425318644,302763152206.5022,11544597145.252478,529686701604.8786,3245410383673.8047,45.88178304885272,518142104459.6261,0.02715684988412261,0.10984848484848483,0.07299270072992699,0.07299270072992699,0.364963503649635,0.48905109489051085,-0.5201305914281796,1.6616402870241478,92.14211678832115,291.5746423357664,-3.3766439190919706
exp_073,Li2.8Zr0.75Al0.25O1.4Cl3.75,1e-06,halides,Li2ZrCl6,1.642,73,1e-06,exact,1e-06,1.0,-6.0,"[{""element"": ""Li"", ""value"": 1.0}, {""element"": ""Zr"", ""value"": 4.0}, {""element"": ""Al"", ""value"": 3.0}, {""element"": ""O"", ""value"": -2.0}, {""element"": ""Cl"", ""value"": -1.0}]",2.3251396648044698,3.236116504854369,1.0905263157894738,1.4000000000000001,-2.145590189064895,-1.8361165048543688,2.46,126.40139664804471,169.3650485436893,68.17434210526316,70.0625,-99.30254854368931,-101.19070643842615,0.413677441729819,0.4025289910254237,105548552125.41702,12574089678.900473,231553415704.24863,531709515151.5878,18.415123608733207,218979326025.34814,0.025305062147167413,0.05467775467775468,0.4189944134078213,0.111731843575419,0.1564245810055866,0.3128491620111732,-0.8636622539583404,1.2651746383367681,52.98571351087487,310.94743575419,-2.5606371151401475
exp_074,Li2ZrP0.6667O2.6667Cl4,1e-06,halides,Li2ZrCl6,2.056,74,1e-06,exact,1e-06,1.0,-6.0,"[{""element"": ""Li"", ""value"": 1.0}, {""element"": ""Zr"", ""value"": 4.0}, {""element"": ""O"", ""value"": -2.0}, {""element"": ""Cl"", ""value"": -1.0}, {""element"": ""P"", ""value"": 5.0}]",2.5706467377629822,3.2720008399958,1.2954626776120217,1.674010319793604,-1.976538162383778,-1.5979905202021958,2.46,127.43838813943135,163.87987160064196,61.181416532576975,53.599268014639705,-110.28060358600226,-102.69845506806499,0.3270643764308987,0.3733308791067988,2576457815403.119,15461378900.639355,7232795924119.699,15762754663378.03,467.7975988170506,7217334545219.06,0.07554474492208213,0.14841920356163013,0.3870942768111173,0.16129250779027232,0.2580660769930516,0.19354713840555865,-0.7379027297508726,2.6700579882658206,31.71848019057463,313.4984348230011,-7.7583285920088825
exp_075,LiZrS0.5O2Cl4,1e-06,halides,Li2ZrCl6,1.374,75,1e-06,exact,1e-06,1.0,-6.0,"[{""element"": ""Li"", ""value"": 1.0}, {""element"": ""Zr"", ""value"": 4.0}, {""element"": ""O"", ""value"": -2.0}, {""element"": ""Cl"", ""value"": -1.0}, {""element"": ""S"", ""value"": 6.0}]",2.72,3.2533333333333334,1.44,1.7466666666666668,-1.8133333333333335,-1.5066666666666666,2.46,135.51764705882354,166.73333333333332,60.6,56.0,-110.73333333333332,-106.13333333333333,0.33586565373850463,0.36345461815273894,7873874176644.123,13959372786.527212,26737669705902.35,44479879637331.41,1915.3919101371102,26723710333115.824,0.12643874643874645,0.20085470085470084,0.47058823529411764,0.17647058823529413,0.23529411764705882,0.11764705882352941,-0.6590643742503,3.282257648798594,19.6156862745098,333.3734117647059,-13.419365622032288
exp_076,Li1.2FeO1.2H1.2Cl3,1e-06,halides,Li2ZrCl6,1.062,76,1e-06,exact,1e-06,1.0,-6.0,"[{""element"": ""Li"", ""value"": 1.0}, {""element"": ""O"", ""value"": -2.0}, {""element"": ""Cl"", ""value"": -1.0}, {""element"": ""Fe"", ""value"": 3.0}, {""element"": ""H"", ""value"": 1.0}]",2.533421052631579,3.24,1.3663636363636364,1.83,-1.8736363636363638,-1.4100000000000001,2.46,111.39342105263157,168.77142857142854,62.61363636363636,56.75,-112.02142857142854,-106.15779220779218,0.33625359742678185,0.37099666035674167,109357235112.94199,12886559552.80124,353177925789.36084,627765666226.0695,27.406688677629873,340291366236.5596,0.0321096426823299,0.05286343612334802,0.3947368421052631,0.13157894736842105,0.15789473684210525,0.15789473684210525,-0.6951128336320406,1.4378565665170313,26.648120300751874,274.02781578947366,-3.4086887757372324
exp_077,Li2ZrCl6,1e-06,halides,Li2ZrCl6,0.411,77,1e-06,exact,1e-06,1.0,-6.0,"[{""element"": ""Li"", ""value"": 1.0}, {""element"": ""Zr"", ""value"": 4.0}, {""element"": ""Cl"", ""value"": -1.0}]",2.4722222222222223,3.16,1.0966666666666667,1.33,-2.0633333333333335,-1.83,2.18,144.33333333333334,181.0,71.0,78.0,-103.0,-110.0,0.430939226519337,0.39226519337016574,67752703696.36084,6449680150.445432,190358750788.19165,322366634847.03424,29.514448212605547,183909070637.74622,0.026970560303893637,0.05128205128205128,0.6666666666666666,0.1111111111111111,0.0,0.2222222222222222,-0.8093738489871087,1.4700346682802135,40.22222222222222,314.6466666666667,-2.9667616334283
exp_078,Li3Zr0.75OCl4,1e-06,halides,Li2ZrCl6,1.005,78,1e-06,exact,1e-06,1.0,-6.0,"[{""element"": ""Li"", ""value"": 1.0}, {""element"": ""Zr"", ""value"": 4.0}, {""element"": ""O"", ""value"": -2.0}, {""element"": ""Cl"", ""value"": -1.0}]",2.2877142857142854,3.216,1.05,1.33,-2.1660000000000004,-1.8860000000000001,2.46,128.3657142857143,172.44,69.6,78.0,-94.44,-102.84,0.45233124565066113,0.40361864996520525,76527643551.09248,10955495732.0945,163957173976.42313,322366634847.03424,14.965746688769634,153001678244.3286,0.02210826210826211,0.05128205128205129,0.45714285714285713,0.08571428571428572,0.11428571428571428,0.34285714285714286,-0.8742379958246347,1.1750983900517509,59.12228571428572,315.77965714285716,-2.2736136752136757
exp_079,Li1.75ZrCl4.75O0.5,1e-06,halides,Li2ZrCl6,1.008,79,1e-06,exact,1e-06,1.0,-6.0,"[{""element"": ""Li"", ""value"": 1.0}, {""element"": ""Zr"", ""value"": 4.0}, {""element"": ""Cl"", ""value"": -1.0}, {""element"": ""O"", ""value"": -2.0}]",2.471875,3.1866666666666665,1.1072727272727272,1.33,-2.079393939393939,-1.8566666666666665,2.46,140.621875,176.92380952380952,71.31818181818181,78.0,-98.92380952380952,-105.60562770562771,0.44086773967809656,0.4031010976427351,73139113739.85544,8595306617.89737,196359109154.50266,322366634847.03424,22.84492198866282,187763802536.6053,0.028075628075628075,0.05128205128205128,0.59375,0.125,0.0625,0.21875,-0.8382059794013479,1.358789679356,38.702083333333334,345.92981249999997,-2.9649443261564477
exp_080,Li5.43P0.97Zr0.03S4.34O0.06ClBr0.6,1e-06,argyrodites,Li5.4PS4.4ClBr0.6,11.86,80,1e-06,exact,1e-06,1.0,-6.0,"[{""element"": ""Li"", ""value"": 1.0}, {""element"": ""Zr"", ""value"": 4.0}, {""element"": ""O"", ""value"": -2.0}, {""element"": ""Cl"", ""value"": -1.0}, {""element"": ""Br"", ""value"": -1.0}, {""element"": ""P"", ""value"": 5.0}, {""element"": ""S"", ""value"": -2.0}]",1.9167497988736926,2.7232666666666674,1.164167962674961,2.1641999999999997,-1.5590987039917064,-0.5590666666666677,2.46,119.93620273531776,184.24200000000002,59.9307931570762,18.83,-165.41200000000003,-124.31120684292381,0.1022025379663703,0.3252830144976509,3097663419108.955,10754219332.826347,5978138566645.001,37764184371967.23,555.8877294233006,5967384347312.175,0.05711928827837711,0.28683257918552035,0.12872083668543846,0.08045052292839903,0.3539823008849557,0.43684633950120677,-0.5071483263338029,2.7449870875975346,80.48544328238134,295.0430587288817,-7.1005676598939305
exp_081,Li5.45P0.95Zr0.05S4.3O0.1ClBr0.6,1e-06,argyrodites,Li5.4PS4.4ClBr0.6,10.91,81,1e-06,exact,1e-06,1.0,-6.0,"[{""element"": ""Li"", ""value"": 1.0}, {""element"": ""Zr"", ""value"": 4.0}, {""element"": ""O"", ""value"": -2.0}, {""element"": ""Cl"", ""value"": -1.0}, {""element"": ""Br"", ""value"": -1.0}, {""element"": ""P"", ""value"": 5.0}, {""element"": ""S"", ""value"": -2.0}]",1.9166265060240966,2.729,1.1609302325581394,2.147,-1.5680697674418607,-0.5820000000000003,2.46,119.80281124497992,183.93666666666667,60.14341085271317,20.049999999999997,-163.88666666666666,-123.7932558139535,0.10900491111070838,0.3269789104186939,3030932944436.5747,10865553422.551289,5840297959333.341,36992188129964.75,537.5057976533337,5829432405910.789,0.05623513302491871,0.2819758672699849,0.12851405622489961,0.08032128514056225,0.35341365461847385,0.4377510040160643,-0.5127257440186344,2.730383153006753,80.51846050870148,294.7149156626506,-6.961530208285467
exp_082,Li5.47P0.93Zr0.07S4.26O0.14ClBr0.6,1e-06,argyrodites,Li5.4PS4.4ClBr0.6,8.73,82,1e-06,exact,1e-06,1.0,-6.0,"[{""element"": ""Li"", ""value"": 1.0}, {""element"": ""Zr"", ""value"": 4.0}, {""element"": ""O"", ""value"": -2.0}, {""element"": ""Cl"", ""value"": -1.0}, {""element"": ""Br"", ""value"": -1.0}, {""element"": ""P"", ""value"": 5.0}, {""element"": ""S"", ""value"": -2.0}]",1.9165036086607858,2.7347333333333337,1.157712519319938,2.1298000000000004,-1.5770208140133957,-0.6049333333333333,2.46,119.66984763432234,183.63133333333332,60.35471406491499,21.270000000000003,-162.3613333333333,-123.27661926841833,0.1158299055716708,0.3286732877735916,2964416521006.1274,10976887512.27623,5703309535065.34,36220191887962.27,519.5743810517257,5692332647553.063,0.055356443955407494,0.2771191553544495,0.12830793905372895,0.08019246190858059,0.35284683239775455,0.4386527666399358,-0.5183246158291684,2.7156477289249215,80.55039240844692,294.38782518043297,-6.824155265544307
exp_083,Li5.5P0.9Zr0.1S4.2O0.2ClBr0.6,1e-06,argyrodites,Li5.4PS4.4ClBr0.6,8.59,83,1e-06,exact,1e-06,1.0,-6.0,"[{""element"": ""Li"", ""value"": 1.0}, {""element"": ""Zr"", ""value"": 4.0}, {""element"": ""O"", ""value"": -2.0}, {""element"": ""Cl"", ""value"": -1.0}, {""element"": ""Br"", ""value"": -1.0}, {""element"": ""P"", ""value"": 5.0}, {""element"": ""S"", ""value"": -2.0}]",1.91632,2.7433333333333336,1.152923076923077,2.104,-1.5904102564102567,-0.6393333333333335,2.46,119.47120000000002,183.17333333333332,60.66923076923077,23.1,-160.07333333333332,-122.50410256410254,0.1261100596884554,0.33121213478616307,2865040984401.038,11143888646.863638,5499407534327.968,35062197524958.555,493.49089071127196,5488263645681.1045,0.054048549071173506,0.2698340874811463,0.12800000000000003,0.08000000000000002,0.3520000000000001,0.44000000000000006,-0.5267631762114501,2.693279140490273,80.59626666666666,293.8991520000001,-6.6211689988559685
exp_084,Li5.6P0.85Zr0.2S4O0.4ClBr0.6,1e-06,argyrodites,Li5.4PS4.4ClBr0.6,2.73,84,1e-06,exact,1e-06,1.0,-6.0,"[{""element"": ""Li"", ""value"": 1.0}, {""element"": ""Zr"", ""value"": 4.0}, {""element"": ""O"", ""value"": -2.0}, {""element"": ""Cl"", ""value"": -1.0}, {""element"": ""Br"", ""value"": -1.0}, {""element"": ""P"", ""value"": 5.0}, {""element"": ""S"", ""value"": -2.0}]",1.9167984189723322,2.7720000000000002,1.145187969924812,2.026190476190476,-1.6268120300751883,-0.7458095238095241,2.46,118.41343873517786,181.64666666666665,61.360902255639104,28.619047619047617,-153.02761904761903,-120.28576441102754,0.15755338726675022,0.33780362382448953,2681020990934.131,11700559095.48834,5089430403119.372,31569833573042.58,434.97326594263546,5077729844023.884,0.051611935822462145,0.24786324786324787,0.1264822134387352,0.08300395256916997,0.3478260869565218,0.4426877470355731,-0.549542999040673,2.6384625654365172,80.4127536231884,291.2970592885375,-6.208181153137755
exp_085,Li5.7P0.7Zr0.3S3.8O0.6ClBr0.6,1e-06,argyrodites,Li5.4PS4.4ClBr0.6,0.66,85,1e-06,exact,1e-06,1.0,-6.0,"[{""element"": ""Li"", ""value"": 1.0}, {""element"": ""Zr"", ""value"": 4.0}, {""element"": ""O"", ""value"": -2.0}, {""element"": ""Cl"", ""value"": -1.0}, {""element"": ""Br"", ""value"": -1.0}, {""element"": ""P"", ""value"": 5.0}, {""element"": ""S"", ""value"": -2.0}]",1.9151181102362205,2.8006666666666673,1.122089552238806,1.932,-1.6785771144278614,-0.8686666666666674,2.46,118.17086614173229,180.12,62.69402985074626,35.3,-144.82,-117.42597014925374,0.19598045747279588,0.3480681204238633,2214535503316.8066,12257229544.113045,4186725002217.7256,27342235104933.77,341.5718851596888,4174467772673.6123,0.04562856907018452,0.22126696832579185,0.12598425196850396,0.07874015748031496,0.3464566929133858,0.4488188976377953,-0.5842591812054179,2.5334821166349375,80.84125984251969,290.70033070866145,-5.35797898958865
exp_086,Li3.45Sn0.09Si0.36P0.55S3.65O0.35,1e-06,thio_lisicon,Li3.45Sn0.09Si0.36P0.55S3.65O0.35,5.4,86,1e-06,exact,1e-06,1.0,-6.0,"[{""element"": ""Li"", ""value"": 1.0}, {""element"": ""Si"", ""value"": 4.0}, {""element"": ""O"", ""value"": -2.0}, {""element"": ""Sn"", ""value"": 4.0}, {""element"": ""P"", ""value"": 5.0}, {""element"": ""S"", ""value"": -2.0}]",1.9014082840236688,2.65525,1.223797752808989,2.0649,-1.4314522471910112,-0.5903499999999999,2.46,116.01005917159763,179.9925,58.497752808988764,27.44,-152.5525,-121.49474719101124,0.15245079656096783,0.32500105731621465,2776990801299.142,13739904527.58952,5260811832105.031,22981588562649.633,382.88561769416964,5247071927577.441,0.05881563414251135,0.2106184608230644,0.0,0.1183431952662722,0.4733727810650888,0.4082840236686391,-0.4652234938347501,2.5830690532806475,73.48806213017752,285.38474556213015,-7.145790601023426
exp_087,Li9.54Si1.566Sn0.174P1.44S11.1Br0.3O0.6,1e-06,lgps,Li9.54Si1.566Sn0.174P1.44S11.1Br0.3O0.6,9.9,87,1e-06,exact,1e-06,1.0,-6.0,"[{""element"": ""Li"", ""value"": 1.0}, {""element"": ""Si"", ""value"": 4.0}, {""element"": ""Br"", ""value"": -1.0}, {""element"": ""O"", ""value"": -2.0}, {""element"": ""Sn"", ""value"": 4.0}, {""element"": ""P"", ""value"": 5.0}, {""element"": ""S"", ""value"": -2.0}]",1.9178495145631065,2.6325,1.2436509433962266,2.0346037735849056,-1.3888490566037732,-0.5978962264150942,2.46,117.97063106796115,182.01,57.556132075471695,27.724528301886796,-154.28547169811318,-124.4538679245283,0.15232420362555243,0.3162251089251783,2594530692124.1035,12933667191.188387,5029999583570.251,19746933908004.69,388.9074544145649,5017065916379.0625,0.0601232612765692,0.19604860066183233,0.012135922330097085,0.1286407766990291,0.4733009708737863,0.3859223300970873,-0.4391889442051593,2.589846267601264,70.24172330097086,290.2077524271844,-7.4825724181060504
exp_088,Li9.54Si1.566Sn0.174P1.34Sb0.1S11.1Br0.3O0.6,1e-06,lgps,Li9.54Si1.566Sn0.174P1.44S11.1Br0.3O0.6,9.22,88,1e-06,exact,1e-06,1.0,-6.0,"[{""element"": ""Li"", ""value"": 1.0}, {""element"": ""Si"", ""value"": 4.0}, {""element"": ""Br"", ""value"": -1.0}, {""element"": ""O"", ""value"": -2.0}, {""element"": ""Sn"", ""value"": 4.0}, {""element"": ""P"", ""value"": 5.0}, {""element"": ""Sb"", ""value"": 5.0}, {""element"": ""S"", ""value"": -2.0}]",1.9172831715210352,2.6325,1.2425503144654089,2.030201257861635,-1.389949685534591,-0.6022987421383648,2.46,118.14457928802588,182.01,57.8941823899371,29.076729559748426,-152.93327044025156,-124.11581761006289,0.15975347266495482,0.31808242618502885,2440659820910.4214,12933667191.188387,4730967513098.378,18550805626117.2,365.78701486315896,4718033845907.189,0.058466151891934846,0.1894201631232949,0.012135922330097085,0.12864077669902912,0.4733009708737863,0.3859223300970873,-0.4421185682499606,2.5632282843187135,70.24172330097086,290.6356650485437,-7.256574244581619
exp_089,Li9.54Si1.566Sn0.174P1.34Sb0.2S11.1Br0.3O0.6,1e-06,lgps,Li9.54Si1.566Sn0.174P1.44S11.1Br0.3O0.6,9.99,89,1e-06,exact,1e-06,1.0,-6.0,"[{""element"": ""Li"", ""value"": 1.0}, {""element"": ""Si"", ""value"": 4.0}, {""element"": ""Br"", ""value"": -1.0}, {""element"": ""O"", ""value"": -2.0}, {""element"": ""Sn"", ""value"": 4.0}, {""element"": ""P"", ""value"": 5.0}, {""element"": ""Sb"", ""value"": 3.0}, {""element"": ""S"", ""value"": -2.0}]",1.9178178887993553,2.6325,1.248848673946958,2.03080487804878,-1.3836513260530419,-0.6016951219512197,2.46,118.04998656997046,182.01,58.18101924076963,31.07642276422764,-150.93357723577236,-123.82898075923036,0.17074019429826737,0.3196583662478415,2429258549674.8496,12933667191.188387,4691029110501.99,17973368390572.203,362.69907375519557,4678095443310.802,0.057965268285626606,0.18346994088060964,0.012087026591458501,0.13215149073327961,0.4713940370668815,0.3843674456083803,-0.4422957223427748,2.5595464464998687,69.9587187751813,290.4029669621273,-7.1777800912444825
exp_090,Li9.54Si1.566Sn0.174P1.34Sb0.3S11.1Br0.3O0.6,1e-06,lgps,Li9.54Si1.566Sn0.174P1.44S11.1Br0.3O0.6,8.13,90,1e-06,exact,1e-06,1.0,-6.0,"[{""element"": ""Li"", ""value"": 1.0}, {""element"": ""Si"", ""value"": 4.0}, {""element"": ""Br"", ""value"": -1.0}, {""element"": ""O"", ""value"": -2.0}, {""element"": ""Sn"", ""value"": 2.0}, {""element"": ""P"", ""value"": 5.0}, {""element"": ""Sb"", ""value"": 3.0}, {""element"": ""S"", ""value"": -2.0}]",1.9183483146067413,2.6325,1.255049535603715,2.031372781065089,-1.3774504643962848,-0.6011272189349111,2.46,118.23034025701122,182.01,58.18358700768868,30.46101060511541,-151.5489893948846,-123.8264129923113,0.1673589945888435,0.3196724740821311,2434251080840.5537,12933667191.188387,4713853227693.872,18370688822404.062,364.46377953078814,4700919560502.684,0.05781477273221571,0.1857684840647187,0.01203852327447833,0.13563402889245585,0.46950240770465484,0.38282504012841084,-0.4403329978791408,2.5616543745428078,69.67798555377206,290.8466370322476,-7.158995925395961
exp_091,Li9.54Si1.566Sn0.174P1.34As0.1S11.1Br0.3O0.6,1e-06,lgps,Li9.54Si1.566Sn0.174P1.44S11.1Br0.3O0.6,12.36,91,1e-06,exact,1e-06,1.0,-6.0,"[{""element"": ""Li"", ""value"": 1.0}, {""element"": ""Si"", ""value"": 4.0}, {""element"": ""As"", ""value"": 5.0}, {""element"": ""Br"", ""value"": -1.0}, {""element"": ""O"", ""value"": -2.0}, {""element"": ""Sn"", ""value"": 4.0}, {""element"": ""P"", ""value"": 5.0}, {""element"": ""S"", ""value"": -2.0}]",1.9178090614886727,2.6325,1.2435723270440253,2.0342893081761004,-1.3889276729559745,-0.5982106918238994,2.46,118.06266181229772,182.01,57.734984276729556,28.439937106918237,-153.57006289308174,-124.27501572327043,0.15625480526849206,0.31720775933591316,2449394920045.0854,12933667191.188387,4747943271794.046,18618708660899.867,367.09953964400637,4735009604602.857,0.058799900556940184,0.19075515778331628,0.012135922330097085,0.12864077669902912,0.4733009708737863,0.3859223300970873,-0.44057863501800865,2.564783839883466,70.24172330097086,290.4341480582524,-7.307358566240479
exp_092,Li9.54Si1.566Sn0.174P1.34As0.2S11.1Br0.3O0.6,1e-06,lgps,Li9.54Si1.566Sn0.174P1.44S11.1Br0.3O0.6,13.57,92,1e-06,exact,1e-06,1.0,-6.0,"[{""element"": ""Li"", ""value"": 1.0}, {""element"": ""Si"", ""value"": 4.0}, {""element"": ""As"", ""value"": 5.0}, {""element"": ""Br"", ""value"": -1.0}, {""element"": ""O"", ""value"": -2.0}, {""element"": ""Sn"", ""value"": 2.0}, {""element"": ""P"", ""value"": 5.0}, {""element"": ""S"", ""value"": -2.0}]",1.9188654311039481,2.6325,1.250876755070203,2.0387317073170728,-1.381623244929797,-0.5937682926829271,2.46,118.09129270469853,182.01,57.437766882808795,26.53187379265937,-155.4781262073406,-124.57223311719119,0.14577151690928725,0.3155747864557376,2465814974892.8564,12933667191.188387,4793394896798.601,19134232771846.883,370.6137498314713,4780461229607.412,0.059341008612584324,0.1961020803546065,0.012087026591458501,0.13215149073327961,0.4713940370668815,0.3843674456083803,-0.4360054604810039,2.5689215276789454,69.9587187751813,290.50458005355836,-7.392241958296104
exp_093,Li9.54Si1.566Sn0.174P1.34As0.3S11.1Br0.3O0.6,1e-06,lgps,Li9.54Si1.566Sn0.174P1.44S11.1Br0.3O0.6,10.55,93,1e-06,exact,1e-06,1.0,-6.0,"[{""element"": ""Li"", ""value"": 1.0}, {""element"": ""Si"", ""value"": 4.0}, {""element"": ""As"", ""value"": 5.0}, {""element"": ""Br"", ""value"": -1.0}, {""element"": ""O"", ""value"": -2.0}, {""element"": ""Sn"", ""value"": 4.0}, {""element"": ""P"", ""value"": 4.0}, {""element"": ""S"", ""value"": -2.0}]",1.9199133226324236,2.6325,1.2580681114551082,2.0429112426035503,-1.3744318885448916,-0.5895887573964496,2.46,117.43414927768859,182.01,57.456578947368406,29.109171597633136,-152.90082840236687,-124.55342105263159,0.159931715826785,0.3156781437688501,2035586745503.604,12933667191.188387,3914211895638.9746,14611027460383.693,302.63743745514796,3901278228447.786,0.05373594724279542,0.16359026776437385,0.01203852327447833,0.13563402889245585,0.46950240770465484,0.38282504012841084,-0.4338781073125665,2.480922650965759,69.67798555377206,288.8880072231139,-6.692996062593896
exp_094,Li9.54Si1.74P1.44S11.7Br0.3,1e-06,lgps,Li9.54Si1.74P1.44S11.7Br0.3,5.8,94,1e-06,exact,1e-06,1.0,-6.0,"[{""element"": ""Li"", ""value"": 1.0}, {""element"": ""Si"", ""value"": 4.0}, {""element"": ""Br"", ""value"": -1.0}, {""element"": ""P"", ""value"": 5.0}, {""element"": ""S"", ""value"": -2.0}]",1.8965533980582523,2.5895,1.2428301886792454,2.0313207547169814,-1.3466698113207547,-0.5581792452830188,1.98,118.82888349514563,184.29999999999998,57.06367924528302,25.75471698113208,-158.5452830188679,-127.23632075471696,0.13974344536696734,0.30962387002323943,2620811033891.141,12098661518.251333,5081860441790.094,19954377340884.066,420.034929824584,5069761780271.843,0.06098835188735301,0.19950896310496755,0.012135922330097087,0.12864077669902912,0.4733009708737864,0.3859223300970874,-0.4169611186245977,2.623285407539083,71.1254854368932,235.28118932038834,-7.759933503040794
exp_095,Li9.54Si1.74P1.44S11.4Br0.3O0.3,1e-06,lgps,Li9.54Si1.74P1.44S11.7Br0.3,8.8,95,1e-06,exact,1e-06,1.0,-6.0,"[{""element"": ""Li"", ""value"": 1.0}, {""element"": ""Si"", ""value"": 4.0}, {""element"": ""Br"", ""value"": -1.0}, {""element"": ""O"", ""value"": -2.0}, {""element"": ""P"", ""value"": 5.0}, {""element"": ""S"", ""value"": -2.0}]",1.906990291262136,2.6109999999999998,1.2428301886792454,2.0313207547169814,-1.3681698113207543,-0.5796792452830184,2.46,118.27305825242719,183.15499999999997,57.06367924528302,25.75471698113208,-157.4002830188679,-126.09132075471695,0.14061705648839554,0.31155949466453564,2621013705170.9805,12516164354.719862,5081860441790.094,19954377340884.066,406.023786342636,5069344277435.374,0.06098835188735301,0.19950896310496755,0.012135922330097087,0.12864077669902912,0.4733009708737865,0.3859223300970874,-0.4262662950303673,2.608551476864763,70.68360436893202,290.9517233009709,-7.690101840129775
exp_096,Li9.54Si1.74P1.44S11.1Br0.3O0.6,1e-06,lgps,Li9.54Si1.74P1.44S11.7Br0.3,10.9,96,1e-06,exact,1e-06,1.0,-6.0,"[{""element"": ""Li"", ""value"": 1.0}, {""element"": ""Si"", ""value"": 4.0}, {""element"": ""Br"", ""value"": -1.0}, {""element"": ""O"", ""value"": -2.0}, {""element"": ""P"", ""value"": 5.0}, {""element"": ""S"", ""value"": -2.0}]",1.917427184466019,2.6325,1.2428301886792454,2.0313207547169814,-1.3896698113207544,-0.6011792452830185,2.46,117.71723300970874,182.01,57.06367924528302,25.75471698113208,-156.2552830188679,-124.94632075471696,0.1415016591458276,0.3135194728052471,2621216376450.819,12933667191.188387,5081860441790.094,19954377340884.066,392.9172110793394,5068926774598.905,0.06098835188735301,0.19950896310496755,0.012135922330097085,0.1286407766990291,0.4733009708737863,0.3859223300970873,-0.43568854661865014,2.5943010527697457,70.24172330097086,289.5843932038835,-7.620270177218757
exp_097,Li9.54Si1.74P1.44S10.8Br0.3O0.9,1e-06,lgps,Li9.54Si1.74P1.44S11.7Br0.3,6.7,97,1e-06,exact,1e-06,1.0,-6.0,"[{""element"": ""Li"", ""value"": 1.0}, {""element"": ""Si"", ""value"": 4.0}, {""element"": ""Br"", ""value"": -1.0}, {""element"": ""O"", ""value"": -2.0}, {""element"": ""P"", ""value"": 5.0}, {""element"": ""S"", ""value"": -2.0}]",1.9278640776699032,2.654,1.2428301886792454,2.0313207547169814,-1.4111698113207545,-0.6226792452830185,2.46,117.16140776699032,180.86499999999998,57.06367924528302,25.75471698113208,-155.1102830188679,-123.80132075471695,0.1423974620912398,0.31550426696863976,2621419047730.658,13351170027.656914,5081860441790.094,19954377340884.066,380.63034410190517,5068509271762.437,0.06098835188735301,0.19950896310496755,0.012135922330097087,0.12864077669902912,0.4733009708737865,0.3859223300970874,-0.4452300968890283,2.58050340757347,69.7998422330097,288.21706310679616,-7.550438514307737
exp_098,Li9.54(Si0.9Ge0.1)1.74P1.44S11.1Br0.3O0.6,1e-06,lgps,Li9.54Si1.74P1.44S11.7Br0.3,12.3,98,1e-06,exact,1e-06,1.0,-6.0,"[{""element"": ""Li"", ""value"": 1.0}, {""element"": ""Si"", ""value"": 4.0}, {""element"": ""Ge"", ""value"": 4.0}, {""element"": ""Br"", ""value"": -1.0}, {""element"": ""O"", ""value"": -2.0}, {""element"": ""P"", ""value"": 5.0}, {""element"": ""S"", ""value"": -2.0}]",1.9182014563106795,2.6325,1.2443349056603776,2.0373396226415097,-1.3881650943396222,-0.5951603773584901,2.46,117.80873786407766,182.01,57.241509433962264,26.46603773584906,-155.54396226415093,-124.76849056603773,0.14540980020795044,0.3144965080707778,2602315555899.231,12933667191.188387,5045128658453.99,19807450207539.652,390.0771980503101,5032194991262.802,0.06051976113984511,0.197634600114936,0.012135922330097085,0.1286407766990291,0.4733009708737863,0.3859223300970873,-0.436573074795553,2.5911505643841983,70.24172330097086,289.80949514563105,-7.550959246835622
exp_099,Li9.54(Si0.8Ge0.2)1.74P1.44S11.1Br0.3O0.6,1e-06,lgps,Li9.54Si1.74P1.44S11.7Br0.3,11.3,99,1e-06,exact,1e-06,1.0,-6.0,"[{""element"": ""Li"", ""value"": 1.0}, {""element"": ""Si"", ""value"": 4.0}, {""element"": ""Ge"", ""value"": 4.0}, {""element"": ""Br"", ""value"": -1.0}, {""element"": ""O"", ""value"": -2.0}, {""element"": ""P"", ""value"": 5.0}, {""element"": ""S"", ""value"": -2.0}]",1.9189757281553395,2.6325,1.2458396226415094,2.0433584905660376,-1.3866603773584905,-0.5891415094339623,2.46,117.90024271844659,182.01,57.419339622641516,27.17735849056604,-154.83264150943396,-124.59066037735847,0.1493179412700733,0.31547354333630856,2583414735347.644,12933667191.188387,5008396875117.887,19660523074195.234,387.2371850212808,4995463207926.698,0.060051170392337226,0.1957602371249044,0.012135922330097085,0.12864077669902912,0.4733009708737863,0.3859223300970873,-0.43745466264934574,2.587977054406369,70.24172330097086,290.0345970873786,-7.481814975614572
exp_100,Li9.54(Si0.7Ge0.3)1.74P1.44S11.1Br0.3O0.6,1e-06,lgps,Li9.54Si1.74P1.44S11.7Br0.3,13.5,100,1e-06,exact,1e-06,1.0,-6.0,"[{""element"": ""Li"", ""value"": 1.0}, {""element"": ""Si"", ""value"": 4.0}, {""element"": ""Ge"", ""value"": 4.0}, {""element"": ""Br"", ""value"": -1.0}, {""element"": ""O"", ""value"": -2.0}, {""element"": ""P"", ""value"": 5.0}, {""element"": ""S"", ""value"": -2.0}]",1.9197499999999996,2.6325,1.2473443396226416,2.049377358490566,-1.3851556603773583,-0.5831226415094339,2.46,117.99174757281554,182.01,57.597169811320754,27.888679245283022,-154.12132075471698,-124.41283018867924,0.15322608233219617,0.3164505786018392,2564513914796.0566,12933667191.188387,4971665091781.783,19513595940850.824,384.3971719922515,4958731424590.595,0.059582579644829325,0.19388587413487285,0.012135922330097085,0.1286407766990291,0.4733009708737863,0.3859223300970873,-0.43833331018002775,2.584780183906295,70.24172330097086,290.25969902912624,-7.412837363555607
exp_101,Li9.54(Si0.6Ge0.4)1.74P1.44S11.1Br0.3O0.6,1e-06,lgps,Li9.54Si1.74P1.44S11.7Br0.3,13.6,101,1e-06,exact,1e-06,1.0,-6.0,"[{""element"": ""Li"", ""value"": 1.0}, {""element"": ""Si"", ""value"": 4.0}, {""element"": ""Ge"", ""value"": 4.0}, {""element"": ""Br"", ""value"": -1.0}, {""element"": ""O"", ""value"": -2.0}, {""element"": ""P"", ""value"": 5.0}, {""element"": ""S"", ""value"": -2.0}]",1.9205242718446598,2.6325,1.2488490566037735,2.0553962264150942,-1.3836509433962263,-0.5771037735849056,2.46,118.08325242718446,182.01,57.775,28.6,-153.41,-124.23499999999999,0.157134223394319,0.31742761386736995,2545613094244.4697,12933667191.188387,4934933308445.68,19366668807506.406,381.55715896322226,4921999641254.491,0.05911398889732143,0.19201151114484127,0.012135922330097085,0.12864077669902912,0.4733009708737863,0.3859223300970873,-0.4392090173875995,2.5815596064137467,70.24172330097086,290.4848009708738,-7.344026410658727
exp_102,Li9.54(Si0.5Ge0.5)1.74P1.44S11.1Br0.3O0.6,1e-06,lgps,Li9.54Si1.74P1.44S11.7Br0.3,13.8,102,1e-06,exact,1e-06,1.0,-6.0,"[{""element"": ""Li"", ""value"": 1.0}, {""element"": ""Si"", ""value"": 4.0}, {""element"": ""Ge"", ""value"": 4.0}, {""element"": ""Br"", ""value"": -1.0}, {""element"": ""O"", ""value"": -2.0}, {""element"": ""P"", ""value"": 5.0}, {""element"": ""S"", ""value"": -2.0}]",1.9212985436893202,2.6325,1.250353773584906,2.061415094339623,-1.3821462264150939,-0.5710849056603768,2.46,118.17475728155341,182.01,57.95283018867926,29.311320754716988,-152.69867924528302,-124.05716981132073,0.1610423644564419,0.31840464913290073,2526712273692.883,12933667191.188387,4898201525109.577,19219741674161.992,378.71714593419307,4885267857918.389,0.05864539814981354,0.1901371481548097,0.012135922330097087,0.12864077669902912,0.4733009708737864,0.3859223300970874,-0.44008178427206074,2.5783149676928936,70.24172330097088,290.7099029126214,-7.275382116923933
exp_103,Li9.54(Si0.4Ge0.6)1.74P1.44S11.1Br0.3O0.6,1e-06,lgps,Li9.54Si1.74P1.44S11.7Br0.3,12.7,103,1e-06,exact,1e-06,1.0,-6.0,"[{""element"": ""Li"", ""value"": 1.0}, {""element"": ""Si"", ""value"": 4.0}, {""element"": ""Ge"", ""value"": 4.0}, {""element"": ""Br"", ""value"": -1.0}, {""element"": ""O"", ""value"": -2.0}, {""element"": ""P"", ""value"": 5.0}, {""element"": ""S"", ""value"": -2.0}]",1.9220728155339801,2.6325,1.2518584905660377,2.0674339622641504,-1.3806415094339621,-0.5650660377358494,2.46,118.26626213592232,182.01,58.13066037735849,30.022641509433964,-151.98735849056604,-123.87933962264151,0.16495050551856472,0.31938168439843134,2507811453141.2954,12933667191.188387,4861469741773.473,19072814540817.58,375.8771329051637,4848536074582.284,0.05817680740230565,0.1882627851647781,0.012135922330097085,0.12864077669902912,0.4733009708737863,0.3859223300970873,-0.44095161083341156,2.5750459055084804,70.24172330097086,290.9350048543689,-7.206904482351226
exp_104,Li9.54(Si0.3Ge0.7)1.74P1.44S11.1Br0.3O0.6,1e-06,lgps,Li9.54Si1.74P1.44S11.7Br0.3,11.1,104,1e-06,exact,1e-06,1.0,-6.0,"[{""element"": ""Li"", ""value"": 1.0}, {""element"": ""Si"", ""value"": 4.0}, {""element"": ""Ge"", ""value"": 4.0}, {""element"": ""Br"", ""value"": -1.0}, {""element"": ""O"", ""value"": -2.0}, {""element"": ""P"", ""value"": 5.0}, {""element"": ""S"", ""value"": -2.0}]",1.9228470873786403,2.6325,1.25336320754717,2.073452830188679,-1.37913679245283,-0.5590471698113206,2.46,118.35776699029125,182.01,58.30849056603774,30.733962264150943,-151.27603773584906,-123.70150943396226,0.16885864658068758,0.3203587196639621,2488910632589.7075,12933667191.188387,4824737958437.369,18925887407473.164,373.03711987613445,4811804291246.181,0.05770821665479775,0.18638842217474655,0.012135922330097085,0.1286407766990291,0.4733009708737863,0.3859223300970873,-0.44181849707165205,2.571752049383143,70.24172330097086,291.16010679611645,-7.138593506940602
exp_105,Li9.54(Si0.2Ge0.8)1.74P1.44S11.1Br0.3O0.6,1e-06,lgps,Li9.54Si1.74P1.44S11.7Br0.3,7.9,105,1e-06,exact,1e-06,1.0,-6.0,"[{""element"": ""Li"", ""value"": 1.0}, {""element"": ""Si"", ""value"": 4.0}, {""element"": ""Ge"", ""value"": 4.0}, {""element"": ""Br"", ""value"": -1.0}, {""element"": ""O"", ""value"": -2.0}, {""element"": ""P"", ""value"": 5.0}, {""element"": ""S"", ""value"": -2.0}]",1.9236213592233007,2.6325,1.2548679245283019,2.079471698113207,-1.377632075471698,-0.5530283018867928,2.46,118.44927184466019,182.01,58.486320754716985,31.44528301886793,-150.56471698113205,-123.523679245283,0.17276678764281045,0.32133575492949285,2470009812038.1206,12933667191.188387,4788006175101.266,18778960274128.75,370.19710684710515,4775072507910.077,0.05723962590728986,0.18451405918471497,0.012135922330097085,0.12864077669902912,0.4733009708737863,0.3859223300970873,-0.4426824429867821,2.5684330203454446,70.24172330097086,291.38520873786405,-7.070449190692064
exp_106,Li9.54(Si0.1Ge0.9)1.74P1.44S11.1Br0.3O0.6,1e-06,lgps,Li9.54Si1.74P1.44S11.7Br0.3,5.4,106,1e-06,exact,1e-06,1.0,-6.0,"[{""element"": ""Li"", ""value"": 1.0}, {""element"": ""Si"", ""value"": 4.0}, {""element"": ""Ge"", ""value"": 4.0}, {""element"": ""Br"", ""value"": -1.0}, {""element"": ""O"", ""value"": -2.0}, {""element"": ""P"", ""value"": 5.0}, {""element"": ""S"", ""value"": -2.0}]",1.9243956310679609,2.6325,1.256372641509434,2.085490566037736,-1.3761273584905658,-0.547009433962264,2.46,118.54077669902911,182.01,58.66415094339622,32.15660377358491,-149.85339622641507,-123.34584905660377,0.17667492870493332,0.3223127901950235,2451108991486.533,12933667191.188387,4751274391765.162,18632033140784.336,367.3570938180759,4738340724573.974,0.05677103515978197,0.18263969619468343,0.012135922330097085,0.1286407766990291,0.4733009708737863,0.3859223300970873,-0.4435434485788016,2.5650884306682133,70.24172330097086,291.6103106796116,-7.002471533605612
exp_107,Li9.54Ge1.74P1.44S11.1Br0.3O0.6,1e-06,lgps,Li9.54Si1.74P1.44S11.7Br0.3,4.1,107,1e-06,exact,1e-06,1.0,-6.0,"[{""element"": ""Li"", ""value"": 1.0}, {""element"": ""Ge"", ""value"": 4.0}, {""element"": ""Br"", ""value"": -1.0}, {""element"": ""O"", ""value"": -2.0}, {""element"": ""P"", ""value"": 5.0}, {""element"": ""S"", ""value"": -2.0}]",1.925169902912621,2.6325,1.257877358490566,2.091509433962264,-1.3746226415094338,-0.5409905660377357,2.46,118.63228155339806,182.01,58.84198113207547,32.86792452830189,-149.1420754716981,-123.16801886792453,0.18058306976705618,0.3232898254605542,2432208170934.9463,12933667191.188387,4714542608429.059,18485106007439.92,364.5170807890466,4701608941237.87,0.056302444412274076,0.18076533320465185,0.012135922330097085,0.1286407766990291,0.4733009708737863,0.3859223300970873,-0.4444015138477108,2.5617178835967254,70.24172330097086,291.83541262135924,-6.934660535681245
exp_108,Li9.54(Si0.9Sn0.1)1.74P1.44S11.1Br0.3O0.6,1e-06,lgps,Li9.54Si1.74P1.44S11.7Br0.3,11.5,108,1e-06,exact,1e-06,1.0,-6.0,"[{""element"": ""Li"", ""value"": 1.0}, {""element"": ""Si"", ""value"": 4.0}, {""element"": ""Br"", ""value"": -1.0}, {""element"": ""O"", ""value"": -2.0}, {""element"": ""Sn"", ""value"": 4.0}, {""element"": ""P"", ""value"": 5.0}, {""element"": ""S"", ""value"": -2.0}]",1.9178495145631065,2.6325,1.2436509433962266,2.0346037735849056,-1.3888490566037732,-0.5978962264150942,2.46,117.97063106796115,182.01,57.556132075471695,27.724528301886796,-154.28547169811318,-124.4538679245283,0.15232420362555243,0.3162251089251783,2594530692124.1035,12933667191.188387,5029999583570.251,19746933908004.69,388.9074544145649,5017065916379.0625,0.0601232612765692,0.19604860066183233,0.012135922330097085,0.1286407766990291,0.4733009708737863,0.3859223300970873,-0.4391889442051593,2.589846267601264,70.24172330097086,290.2077524271844,-7.4825724181060504
exp_109,Li9.54(Si0.8Sn0.2)1.74P1.44S11.1Br0.3O0.6,1e-06,lgps,Li9.54Si1.74P1.44S11.7Br0.3,8.8,109,1e-06,exact,1e-06,1.0,-6.0,"[{""element"": ""Li"", ""value"": 1.0}, {""element"": ""Si"", ""value"": 4.0}, {""element"": ""Br"", ""value"": -1.0}, {""element"": ""O"", ""value"": -2.0}, {""element"": ""Sn"", ""value"": 4.0}, {""element"": ""P"", ""value"": 5.0}, {""element"": ""S"", ""value"": -2.0}]",1.918271844660194,2.6325,1.2444716981132076,2.03788679245283,-1.3880283018867923,-0.59461320754717,2.46,118.22402912621358,182.01,58.04858490566038,29.69433962264151,-152.31566037735848,-123.96141509433961,0.16314674810527724,0.3189307450451095,2567845007797.388,12933667191.188387,4978138725350.407,19539490475125.32,384.8976977497903,4965205058159.219,0.0592581706657854,0.19258823821869714,0.012135922330097085,0.12864077669902912,0.4733009708737863,0.3859223300970873,-0.4426849004644528,2.585345313387258,70.24172330097086,290.8311116504854,-7.345726691632643
exp_110,Li9.54(Si0.7Sn0.3)1.74P1.44S11.1Br0.3O0.6,1e-06,lgps,Li9.54Si1.74P1.44S11.7Br0.3,7.7,110,1e-06,exact,1e-06,1.0,-6.0,"[{""element"": ""Li"", ""value"": 1.0}, {""element"": ""Si"", ""value"": 4.0}, {""element"": ""Br"", ""value"": -1.0}, {""element"": ""O"", ""value"": -2.0}, {""element"": ""Sn"", ""value"": 4.0}, {""element"": ""P"", ""value"": 5.0}, {""element"": ""S"", ""value"": -2.0}]",1.9186941747572812,2.6325,1.2452924528301887,2.041169811320755,-1.387207547169811,-0.5913301886792448,2.46,118.47742718446601,182.01,58.54103773584906,31.66415094339623,-150.34584905660375,-123.46896226415093,0.1739692925850021,0.32163638116504073,2541159323470.6724,12933667191.188387,4926277867130.565,19332047042245.95,380.8879410850159,4913344199939.377,0.0583930800550016,0.18912787577556195,0.012135922330097085,0.1286407766990291,0.4733009708737863,0.3859223300970873,-0.4461764153965306,2.5807972231121457,70.24172330097086,291.45447087378636,-7.209732997798537
exp_111,Li9.54(Si0.6Sn0.4)1.74P1.44S11.1Br0.3O0.6,1e-06,lgps,Li9.54Si1.74P1.44S11.7Br0.3,6.7,111,1e-06,exact,1e-06,1.0,-6.0,"[{""element"": ""Li"", ""value"": 1.0}, {""element"": ""Si"", ""value"": 4.0}, {""element"": ""Br"", ""value"": -1.0}, {""element"": ""O"", ""value"": -2.0}, {""element"": ""Sn"", ""value"": 4.0}, {""element"": ""P"", ""value"": 5.0}, {""element"": ""S"", ""value"": -2.0}]",1.9191165048543684,2.6325,1.2461132075471697,2.0444528301886793,-1.3863867924528301,-0.5880471698113205,2.46,118.73082524271842,182.01,59.033490566037734,33.633962264150945,-148.37603773584905,-122.97650943396226,0.18479183706472693,0.3243420172849719,2514473639143.957,12933667191.188387,4874417008910.722,19124603609366.574,376.8781844202413,4861483341719.533,0.057527989444217796,0.1856675133324267,0.012135922330097085,0.12864077669902912,0.4733009708737863,0.3859223300970873,-0.44966348900139264,2.5762009990571517,70.24172330097086,292.0778300970873,-7.074591336603731
exp_112,Li9.54(Si0.5Sn0.5)1.74P1.44S11.1Br0.3O0.6,1e-06,lgps,Li9.54Si1.74P1.44S11.7Br0.3,4.9,112,1e-06,exact,1e-06,1.0,-6.0,"[{""element"": ""Li"", ""value"": 1.0}, {""element"": ""Si"", ""value"": 4.0}, {""element"": ""Br"", ""value"": -1.0}, {""element"": ""O"", ""value"": -2.0}, {""element"": ""Sn"", ""value"": 4.0}, {""element"": ""P"", ""value"": 5.0}, {""element"": ""S"", ""value"": -2.0}]",1.9195388349514562,2.6325,1.2469339622641513,2.047735849056604,-1.3855660377358485,-0.5847641509433958,2.46,118.98422330097088,182.01,59.525943396226424,35.60377358490567,-146.40622641509432,-122.48405660377357,0.1956143815444518,0.32704765340490316,2487787954817.242,12933667191.188387,4822556150690.879,18917160176487.203,372.8684277554668,4809622483499.69,0.056662898833434,0.1822071508892915,0.012135922330097087,0.12864077669902912,0.4733009708737864,0.3859223300970874,-0.45314612127903875,2.571555611486607,70.24172330097088,292.7011893203884,-6.940301708048225
exp_113,Li9.54(Si0.4Sn0.6)1.74P1.44S11.1Br0.3O0.6,1e-06,lgps,Li9.54Si1.74P1.44S11.7Br0.3,4.5,113,1e-06,exact,1e-06,1.0,-6.0,"[{""element"": ""Li"", ""value"": 1.0}, {""element"": ""Si"", ""value"": 4.0}, {""element"": ""Br"", ""value"": -1.0}, {""element"": ""O"", ""value"": -2.0}, {""element"": ""Sn"", ""value"": 4.0}, {""element"": ""P"", ""value"": 5.0}, {""element"": ""S"", ""value"": -2.0}]",1.9199611650485433,2.6325,1.2477547169811323,2.0510188679245283,-1.3847452830188676,-0.5814811320754716,2.46,119.2376213592233,182.01,60.0183962264151,37.573584905660375,-144.43641509433962,-121.9916037735849,0.20643692602417657,0.32975328952483435,2461102270490.5264,12933667191.188387,4770695292471.035,18709716743607.83,368.85867109069227,4757761625279.847,0.05579780822265019,0.1787467884461563,0.012135922330097085,0.12864077669902912,0.4733009708737863,0.3859223300970873,-0.4566243122294693,2.566859997263224,70.24172330097086,293.32454854368933,-6.806864112132019
