model,dataset,group_id,pair_id,化学式_a,化学式_b,family,source_row_a,source_row_b,电导率_a_S_cm-1,电导率_b_S_cm-1,真实电导率变化值_S_cm-1,真实趋势标签,预测趋势标签,预测正确,probability_decrease,probability_unchanged,probability_increase
catboost,general_experimental,group1,exp_pair_0001,Li5.7PS4.7Cl1.3,Li5.5PS4.5Cl1.5,argyrodites,1,2,0.0081,0.010116,0.002016,increase,decrease,False,0.6252367984285992,0.2093200606938218,0.1654431408775789
catboost,general_experimental,group1,exp_pair_0002,Li5.5PS4.5Cl1.5,Li5.4PS4.4Cl1.6,argyrodites,2,3,0.010116,0.007137,-0.002979,decrease,decrease,True,0.5565518636022895,0.2340987399636518,0.2093493964340586
catboost,general_experimental,group1,exp_pair_0003,Li5.4PS4.4Cl1.6,Li5.3PS4.3Cl1.7,argyrodites,3,4,0.007137,0.007295,0.000158,increase,decrease,False,0.5750610570925558,0.2231433278067847,0.2017956151006594
catboost,general_experimental,group1,exp_pair_0004,Li5.3PS4.3Cl1.7,Li5.5PS4.5Cl1.45I0.05,argyrodites,4,5,0.007295,0.013723,0.006428,increase,decrease,False,0.3765156692410308,0.2546417219588094,0.3688426088001598
catboost,general_experimental,group1,exp_pair_0005,Li5.5PS4.5Cl1.45I0.05,Li5.5PS4.5Cl1.4I0.1,argyrodites,5,6,0.013723,0.010312,-0.003411,decrease,decrease,True,0.488410559547109,0.2510636068081046,0.2605258336447864
catboost,general_experimental,group1,exp_pair_0006,Li5.5PS4.5Cl1.4I0.1,Li5.5PS4.5Cl1.35I0.15,argyrodites,6,7,0.010312,0.010565,0.0002529999999999,increase,decrease,False,0.4914972577430614,0.2469269526556493,0.2615757896012892
catboost,general_experimental,group1,exp_pair_0007,Li5.5PS4.5Cl1.35I0.15,Li5.5PS4.5Cl1.3I0.2,argyrodites,7,8,0.010565,0.00823,-0.0023349999999999,decrease,decrease,True,0.4914972577430614,0.2469269526556493,0.2615757896012892
catboost,general_experimental,group1,exp_pair_0008,Li5.5PS4.5Cl1.3I0.2,Li5.5PS4.5Cl1.25I0.25,argyrodites,8,9,0.00823,0.001604,-0.006626,decrease,decrease,True,0.4921739963456216,0.2441191184306904,0.263706885223688
catboost,general_experimental,group1,exp_pair_0009,Li5.5PS4.5Cl1.25I0.25,Li5.4PS4.4ClBr0.6,argyrodites,9,10,0.001604,0.01348,0.011876,increase,decrease,False,0.5635740416898243,0.2353314490644089,0.2010945092457668
catboost,general_experimental,group1,exp_pair_0010,Li5.4PS4.4ClBr0.6,Li5.4PS4.4ClBr0.6,argyrodites,10,11,0.01348,0.01348,0.0,unchanged,decrease,False,0.4295546121521422,0.2666155745581097,0.3038298132897482
catboost,general_experimental,group2,exp_pair_0011,Li3AsS4,Li5.5AsS4.5Br1.5,argyrodites,12,13,9.1e-05,0.01753,0.017439,increase,unchanged,False,0.2645599344071198,0.3998890130193358,0.3355510525735444
catboost,general_experimental,group2,exp_pair_0012,Li5.5AsS4.5Br1.5,Li5.5AsS4.3O0.2Br1.5,argyrodites,13,14,0.01753,0.01309,-0.0044399999999999,decrease,decrease,True,0.435294210827506,0.2677154203266642,0.2969903688458297
catboost,general_experimental,group2,exp_pair_0013,Li5.5AsS4.3O0.2Br1.5,Li5.5AsS4.1O0.4Br1.5,argyrodites,14,15,0.01309,0.01118,-0.00191,decrease,decrease,True,0.4384711653121257,0.2676082329598551,0.2939206017280191
catboost,general_experimental,group2,exp_pair_0014,Li5.5AsS4.1O0.4Br1.5,Li5.5AsS3.8O0.7Br1.5,argyrodites,15,16,0.01118,0.00875,-0.00243,decrease,decrease,True,0.4446451594820558,0.2477005512252895,0.3076542892926546
catboost,general_experimental,group2,exp_pair_0015,Li5.5AsS3.8O0.7Br1.5,Li5.5AsS2.5O2Br1.5,argyrodites,16,17,0.00875,0.0002817,-0.0084683,decrease,decrease,True,0.4202940928768717,0.2825329179864441,0.2971729891366841
catboost,general_experimental,group2,exp_pair_0016,Li5.5AsS2.5O2Br1.5,Li5.5As0.9Sb0.1S4.5Br1.5,argyrodites,17,18,0.0002817,0.01685,0.0165683,increase,increase,True,0.3336729624279774,0.1810458998772267,0.4852811376947959
catboost,general_experimental,group2,exp_pair_0017,Li5.5As0.9Sb0.1S4.5Br1.5,Li5.5As0.9Sb0.2S4.5Br1.5,argyrodites,18,19,0.01685,0.00906,-0.00779,decrease,increase,False,0.3050727068607188,0.2200123977985886,0.4749148953406923
catboost,general_experimental,group2,exp_pair_0018,Li5.5As0.9Sb0.2S4.5Br1.5,Li5.5As0.9Sb0.1S4.3O0.2Br1.5,argyrodites,19,20,0.00906,0.01255,0.00349,increase,decrease,False,0.3475509616872784,0.331398010817173,0.3210510274955485
catboost,general_experimental,group2,exp_pair_0019,Li5.5As0.9Sb0.1S4.3O0.2Br1.5,Li6.65As0.35Si0.65S5I,argyrodites,20,21,0.01255,0.006347,-0.006203,decrease,increase,False,0.2596289983531992,0.2263248886241259,0.5140461130226749
catboost,general_experimental,group2,exp_pair_0020,Li6.65As0.35Si0.65S5I,Li6.7As0.3Si0.7S5I,argyrodites,21,22,0.006347,0.010615,0.004268,increase,increase,True,0.3457682619622906,0.2955211296906884,0.3587106083470209
catboost,general_experimental,group2,exp_pair_0021,Li6.7As0.3Si0.7S5I,Li6.75As0.25Si0.75S5I,argyrodites,22,23,0.010615,0.004784,-0.005831,decrease,increase,False,0.3248778808720361,0.3055065857259855,0.3696155334019784
catboost,general_experimental,group2,exp_pair_0022,Li6.75As0.25Si0.75S5I,Li6.8As0.2Si0.8S5I,argyrodites,23,24,0.004784,0.005813,0.0010289999999999,increase,increase,True,0.3258531520785253,0.3020967869449754,0.3720500609764993
catboost,general_experimental,group3,exp_pair_0023,Li6.6Sb0.4Si0.6S5I,Li6.65Sb0.35Si0.65S5I,argyrodites,25,26,0.008844,0.010755,0.001911,increase,decrease,False,0.3733186732326689,0.2761752524505628,0.3505060743167683
catboost,general_experimental,group3,exp_pair_0024,Li6.65Sb0.35Si0.65S5I,Li6.7Sb0.3Si0.7S5I,argyrodites,26,27,0.010755,0.014409,0.003654,increase,decrease,False,0.3671704551039624,0.2852848501476486,0.3475446947483889
catboost,general_experimental,group3,exp_pair_0025,Li6.7Sb0.3Si0.7S5I,Li6.75Sb0.25Si0.75S5I,argyrodites,27,28,0.014409,0.006307,-0.008102,decrease,increase,False,0.3400033224623449,0.2832543315305202,0.3767423460071348
catboost,general_experimental,group3,exp_pair_0026,Li6.75Sb0.25Si0.75S5I,Li6.8Sb0.2Si0.8S5I,argyrodites,28,29,0.006307,0.000927,-0.00538,decrease,increase,False,0.3326197059305769,0.2931429041487572,0.3742373899206657
catboost,general_experimental,group3,exp_pair_0027,Li6.8Sb0.2Si0.8S5I,Li6.9Sb0.3Si0.7S5.2I0.8,argyrodites,29,30,0.000927,0.0100749999999999,0.0091479999999999,increase,increase,True,0.2026310465598539,0.2047868467341068,0.5925821067060393
catboost,general_experimental,group3,exp_pair_0028,Li6.9Sb0.3Si0.7S5.2I0.8,Li6.8Sb0.3Si0.7S5.1I0.9,argyrodites,30,31,0.0100749999999999,0.008795,-0.0012799999999999,decrease,decrease,True,0.4597036785549073,0.3169150145424902,0.2233813069026024
catboost,general_experimental,group3,exp_pair_0029,Li6.8Sb0.3Si0.7S5.1I0.9,Li6.7Sb0.3Si0.7S5I,argyrodites,31,32,0.008795,0.014409,0.005614,increase,decrease,False,0.4762516195131464,0.2868852394648831,0.2368631410219704
catboost,general_experimental,group3,exp_pair_0030,Li6.7Sb0.3Si0.7S5I,Li6.6Sb0.3Si0.7S4.9I1.1,argyrodites,32,33,0.014409,0.001267,-0.013142,decrease,decrease,True,0.4805877559875716,0.2798180127815944,0.2395942312308339
catboost,general_experimental,group3,exp_pair_0031,Li6.6Sb0.3Si0.7S4.9I1.1,Li6.5Sb0.3Si0.7S4.8I1.2,argyrodites,33,34,0.001267,0.00535,0.004083,increase,decrease,False,0.4854180103788544,0.2730387596333663,0.2415432299877791
catboost,general_experimental,group3,exp_pair_0032,Li6.5Sb0.3Si0.7S4.8I1.2,Li3.875Sn0.875As0.125S4,argyrodites,34,35,0.00535,0.00054,-0.00481,decrease,decrease,True,0.4528222544757197,0.2474346946598559,0.2997430508644242
catboost,general_experimental,group4,exp_pair_0033,Li5.4PS4.3O0.1ClBr0.6,Li5.4PS4.2O0.2ClBr0.6,argyrodites,36,37,0.01149,0.01245,0.0009599999999999,increase,decrease,False,0.464032147206197,0.2164965999703493,0.3194712528234537
catboost,general_experimental,group4,exp_pair_0034,Li5.4PS4.2O0.2ClBr0.6,Li5.4PS4O0.4ClBr0.6,argyrodites,37,38,0.01245,0.0127,0.00025,increase,decrease,False,0.4542334020085649,0.2003716904115812,0.3453949075798537
catboost,general_experimental,group4,exp_pair_0035,Li5.4PS4O0.4ClBr0.6,Li5.4PS3.6O0.8ClBr0.6,argyrodites,38,39,0.0127,0.00943,-0.00327,decrease,decrease,True,0.4918291089338912,0.1967174314880716,0.311453459578037
catboost,general_experimental,group4,exp_pair_0036,Li5.4PS3.6O0.8ClBr0.6,Li5.4PS3.2O1.2ClBr0.6,argyrodites,39,40,0.00943,0.00522,-0.0042099999999999,decrease,decrease,True,0.4516638627380518,0.2576019503096038,0.2907341869523444
catboost,general_experimental,group4,exp_pair_0037,Li5.4PS3.2O1.2ClBr0.6,Li5.4PS2.5O1.9ClBr0.6,argyrodites,40,41,0.00522,0.00123,-0.00399,decrease,decrease,True,0.4528607080407401,0.2612681806256778,0.285871111333582
catboost,general_experimental,group4,exp_pair_0038,Li5.4PS2.5O1.9ClBr0.6,Li5.4PS4O0.4Cl0.95F0.05Br0.6,argyrodites,41,42,0.00123,0.01322,0.01199,increase,decrease,False,0.3420349785920309,0.3358316635987798,0.3221333578091892
catboost,general_experimental,group4,exp_pair_0039,Li5.4PS4O0.4Cl0.95F0.05Br0.6,Li5.4PS4O0.4Cl0.9F0.1Br0.6,mixed,42,43,0.01322,0.01309,-0.0001299999999999,decrease,decrease,True,0.4419234182714709,0.4228594851567082,0.1352170965718208
catboost,general_experimental,group4,exp_pair_0040,Li5.4PS4O0.4Cl0.9F0.1Br0.6,Li5.4PS4O0.4Cl0.85F0.15Br0.6,thio_lisicon,43,44,0.01309,0.01001,-0.00308,decrease,unchanged,False,0.3663226517496446,0.4708710561874425,0.1628062920629128
catboost,general_experimental,group4,exp_pair_0041,Li5.4PS4O0.4Cl0.85F0.15Br0.6,Li5.4PS4O0.4Cl0.8F0.2Br0.6,mixed,44,45,0.01001,0.00509,-0.00492,decrease,decrease,True,0.4384138897150975,0.4283369477359489,0.1332491625489535
catboost,general_experimental,group5,exp_pair_0042,Li5.4P0.9Sn0.1S4.4ClBr0.6,Li5.4P0.8Sn0.2S4.4ClBr0.6,argyrodites,46,47,0.01346,0.00909,-0.00437,decrease,increase,False,0.2515177619615692,0.1836138810009183,0.5648683570375125
catboost,general_experimental,group5,exp_pair_0043,Li5.4P0.8Sn0.2S4.4ClBr0.6,Li5.4P0.6Sn0.4S4.4ClBr0.6,argyrodites,47,48,0.00909,0.00332,-0.00577,decrease,increase,False,0.2650189117099155,0.1843556591157847,0.5506254291742998
catboost,general_experimental,group5,exp_pair_0044,Li5.4P0.6Sn0.4S4.4ClBr0.6,Li5.4P0.9Sn0.1S4.2O0.2ClBr0.6,argyrodites,48,49,0.00332,0.01077,0.00745,increase,decrease,False,0.499413309505974,0.2020900966440076,0.2984965938500182
catboost,general_experimental,group5,exp_pair_0045,Li5.4P0.9Sn0.1S4.2O0.2ClBr0.6,Li5.4P0.8Sn0.2S4O0.4ClBr0.6,argyrodites,49,50,0.01077,0.00591,-0.00486,decrease,increase,False,0.2631553441029924,0.1631143688826854,0.5737302870143223
catboost,general_experimental,group5,exp_pair_0046,Li5.4P0.8Sn0.2S4O0.4ClBr0.6,Li5.4P0.9Si0.1S4.2O0.2ClBr0.6,argyrodites,50,51,0.00591,0.01033,0.00442,increase,decrease,False,0.5573907230929145,0.1792324461000521,0.2633768308070333
catboost,general_experimental,group5,exp_pair_0047,Li5.4P0.9Si0.1S4.2O0.2ClBr0.6,Li5.4P0.8Si0.2S4O0.4ClBr0.6,argyrodites,51,52,0.01033,0.00531,-0.00502,decrease,increase,False,0.2319155336999904,0.1507194984633602,0.6173649678366494
catboost,general_experimental,group6,exp_pair_0048,Li10SnP2S12,Li9.9SnP2S11.8Cl0.1O0.1,lgps,53,54,0.00619,0.00486,-0.0013299999999999,decrease,decrease,True,0.4756734333888129,0.1909077648160106,0.3334188017951764
catboost,general_experimental,group6,exp_pair_0049,Li9.9SnP2S11.8Cl0.1O0.1,Li10SnP1.8Sb0.2S11.8O0.2,lgps,54,55,0.00486,0.004,-0.00086,decrease,increase,False,0.2650815308469451,0.1383003747902252,0.5966180943628296
catboost,general_experimental,group6,exp_pair_0050,Li10SnP1.8Sb0.2S11.8O0.2,Li10SnP1.8Sb0.3S11.8O0.4,lgps,55,56,0.004,0.0016,-0.0024,decrease,increase,False,0.4049701960785495,0.1851548369608858,0.4098749669605646
catboost,general_experimental,group6,exp_pair_0051,Li10SnP1.8Sb0.3S11.8O0.4,Li10SiP2S12,lgps,56,57,0.0016,0.00151,-9.000000000000002e-05,unchanged,decrease,False,0.5337420407448721,0.1812646731568633,0.2849932860982646
catboost,general_experimental,group6,exp_pair_0052,Li10SiP2S12,Li10Si0.3Sn0.7P2S12,lgps,57,58,0.00151,0.00642,0.00491,increase,decrease,False,0.4239586155621348,0.1705117922982492,0.4055295921396158
catboost,general_experimental,group6,exp_pair_0053,Li10Si0.3Sn0.7P2S12,Li10SnP2S11.8O0.2,lgps,58,59,0.00642,0.00452,-0.0019,decrease,decrease,True,0.5259833089619271,0.1753006567478607,0.2987160342902121
catboost,general_experimental,group6,exp_pair_0054,Li10SnP2S11.8O0.2,Li10SiP2S11.8O0.2,lgps,59,60,0.00452,0.00124,-0.00328,decrease,decrease,True,0.4439052492701548,0.2306185028666176,0.3254762478632276
catboost,general_experimental,group6,exp_pair_0055,Li10SiP2S11.8O0.2,Li10Si0.3Sn0.7P2S11.8O0.2,lgps,60,61,0.00124,0.00495,0.00371,increase,decrease,False,0.4239335266935713,0.1743319215216682,0.4017345517847604
catboost,general_experimental,group6,exp_pair_0056,Li10Si0.3Sn0.7P2S11.8O0.2,Li6.7Si0.7Sb0.3S4.8Se0.2I,mixed,61,62,0.00495,0.016357,0.011407,increase,unchanged,False,0.1326014054062345,0.713130315915802,0.1542682786779633
catboost,general_experimental,group6,exp_pair_0057,Li6.7Si0.7Sb0.3S4.8Se0.2I,Li6.7Si0.7Sb0.3S4.9O0.1I,argyrodites,62,63,0.016357,0.014154,-0.002203,decrease,decrease,True,0.4096689421758914,0.2697914169779549,0.3205396408461536
catboost,general_experimental,group6,exp_pair_0058,Li6.7Si0.7Sb0.3S4.9O0.1I,Li6.7Si0.7Sb0.3S4.8O0.2I,argyrodites,63,64,0.014154,0.012508,-0.001646,decrease,decrease,True,0.3848950534234491,0.298685050832024,0.3164198957445268
catboost,general_experimental,group6,exp_pair_0059,Li6.7Si0.7Sb0.3S4.8O0.2I,Li6.7Si0.7Sb0.3S4.7O0.3I,argyrodites,64,65,0.012508,0.011847,-0.000661,decrease,decrease,True,0.3849955617513447,0.3108463241734251,0.3041581140752301
catboost,general_experimental,group6,exp_pair_0060,Li6.7Si0.7Sb0.3S4.7O0.3I,Li6.7Si0.7Sb0.3S4.6O0.4I,argyrodites,65,66,0.011847,0.010453,-0.0013939999999999,decrease,decrease,True,0.3892496148436787,0.3110171442758059,0.2997332408805154
catboost,general_experimental,group6,exp_pair_0061,Li6.7Si0.7Sb0.3S4.6O0.4I,Li6.7Si0.7Sb0.3S4.5O0.5I,argyrodites,66,67,0.010453,0.009145,-0.001308,decrease,decrease,True,0.3693720634043131,0.3514224936358253,0.2792054429598616
catboost,general_experimental,group6,exp_pair_0062,Li6.7Si0.7Sb0.3S4.5O0.5I,Li6.7Si0.7Sb0.25As0.05S4.8O0.2I,argyrodites,67,68,0.009145,0.012117,0.002972,increase,increase,True,0.3718688444842863,0.2411564870843517,0.3869746684313618
catboost,general_experimental,group6,exp_pair_0063,Li6.7Si0.7Sb0.25As0.05S4.8O0.2I,Li6.7Si0.7Sb0.2As0.1S4.8O0.2I,argyrodites,68,69,0.012117,0.013872,0.0017549999999999,increase,increase,True,0.2980056769016814,0.224257915075303,0.4777364080230153
catboost,general_experimental,group6,exp_pair_0064,Li6.7Si0.7Sb0.2As0.1S4.8O0.2I,Li6.7Si0.7Sb0.15As0.15S4.8O0.2I,argyrodites,69,70,0.013872,0.012704,-0.0011679999999999,decrease,increase,False,0.3314474918480921,0.2727772879267743,0.3957752202251334
catboost,general_experimental,group6,exp_pair_0065,Li6.7Si0.7Sb0.15As0.15S4.8O0.2I,Li6.7Si0.7Sb0.3S4.6Se0.2O0.2I,argyrodites,70,71,0.012704,0.01329,0.0005859999999999,increase,increase,True,0.3286716632914789,0.3271937316945,0.344134605014021
catboost,general_experimental,group6,exp_pair_0066,Li6.7Si0.7Sb0.3S4.6Se0.2O0.2I,Li6.7Si0.7Sb0.3S4.4Se0.3O0.3I,argyrodites,71,72,0.01329,0.012074,-0.001216,decrease,decrease,True,0.4116637596340778,0.2930346996097027,0.2953015407562194
catboost,general_experimental,group7,exp_pair_0067,Li2.8Zr0.75Al0.25O1.4Cl3.75,Li2ZrP0.6667O2.6667Cl4,halides,73,74,0.001642,0.002056,0.000414,increase,decrease,False,0.4986618242914637,0.1518794230326667,0.3494587526758695
catboost,general_experimental,group7,exp_pair_0068,Li2ZrP0.6667O2.6667Cl4,LiZrS0.5O2Cl4,halides,74,75,0.002056,0.001374,-0.0006819999999999,decrease,decrease,True,0.731254214951823,0.1378785410042966,0.1308672440438803
catboost,general_experimental,group7,exp_pair_0069,LiZrS0.5O2Cl4,Li1.2FeO1.2H1.2Cl3,halides,75,76,0.001374,0.001062,-0.000312,decrease,increase,False,0.222856246527577,0.3587811217158454,0.4183626317565775
catboost,general_experimental,group7,exp_pair_0070,Li1.2FeO1.2H1.2Cl3,Li2ZrCl6,halides,76,77,0.001062,0.0004109999999999,-0.000651,decrease,decrease,True,0.4551640834486161,0.215070273789476,0.3297656427619077
catboost,general_experimental,group7,exp_pair_0071,Li2ZrCl6,Li3Zr0.75OCl4,halides,77,78,0.0004109999999999,0.0010049999999999,0.0005939999999999,increase,increase,True,0.2638193805602867,0.2751238211636023,0.4610567982761109
catboost,general_experimental,group7,exp_pair_0072,Li3Zr0.75OCl4,Li1.75ZrCl4.75O0.5,halides,78,79,0.0010049999999999,0.001008,3.0000000000001813e-06,unchanged,decrease,False,0.7477519566413882,0.072353023736076,0.1798950196225357
catboost,general_experimental,group8,exp_pair_0073,Li5.43P0.97Zr0.03S4.34O0.06ClBr0.6,Li5.45P0.95Zr0.05S4.3O0.1ClBr0.6,argyrodites,80,81,0.0118599999999999,0.01091,-0.0009499999999999,decrease,increase,False,0.3287849508589274,0.175141513577011,0.4960735355640615
catboost,general_experimental,group8,exp_pair_0074,Li5.45P0.95Zr0.05S4.3O0.1ClBr0.6,Li5.47P0.93Zr0.07S4.26O0.14ClBr0.6,argyrodites,81,82,0.01091,0.00873,-0.0021799999999999,decrease,increase,False,0.3282623613000163,0.183243940041028,0.4884936986589556
catboost,general_experimental,group8,exp_pair_0075,Li5.47P0.93Zr0.07S4.26O0.14ClBr0.6,Li5.5P0.9Zr0.1S4.2O0.2ClBr0.6,argyrodites,82,83,0.00873,0.00859,-0.0001399999999999,decrease,increase,False,0.2997550996053406,0.1752066754327443,0.525038224961915
catboost,general_experimental,group8,exp_pair_0076,Li5.5P0.9Zr0.1S4.2O0.2ClBr0.6,Li5.6P0.85Zr0.2S4O0.4ClBr0.6,argyrodites,83,84,0.00859,0.00273,-0.00586,decrease,increase,False,0.2223595841544723,0.1536225535512954,0.6240178622942323
catboost,general_experimental,group8,exp_pair_0077,Li5.6P0.85Zr0.2S4O0.4ClBr0.6,Li5.7P0.7Zr0.3S3.8O0.6ClBr0.6,argyrodites,84,85,0.00273,0.00066,-0.00207,decrease,increase,False,0.1869964994381385,0.1835465816107341,0.6294569189511273
catboost,general_experimental,group8,exp_pair_0078,Li5.7P0.7Zr0.3S3.8O0.6ClBr0.6,Li3.45Sn0.09Si0.36P0.55S3.65O0.35,mixed,85,86,0.00066,0.0054,0.00474,increase,unchanged,False,0.1437530955589004,0.6212946761540042,0.2349522282870953
catboost,general_experimental,group8,exp_pair_0079,Li3.45Sn0.09Si0.36P0.55S3.65O0.35,Li9.54Si1.566Sn0.174P1.44S11.1Br0.3O0.6,mixed,86,87,0.0054,0.0099,0.0045,increase,unchanged,False,0.2795719679054999,0.5977275401273148,0.1227004919671852
catboost,general_experimental,group8,exp_pair_0080,Li9.54Si1.566Sn0.174P1.44S11.1Br0.3O0.6,Li9.54Si1.566Sn0.174P1.34Sb0.1S11.1Br0.3O0.6,lgps,87,88,0.0099,0.00922,-0.00068,decrease,increase,False,0.32291059969987,0.1944499773073391,0.4826394229927909
catboost,general_experimental,group8,exp_pair_0081,Li9.54Si1.566Sn0.174P1.34Sb0.1S11.1Br0.3O0.6,Li9.54Si1.566Sn0.174P1.34Sb0.2S11.1Br0.3O0.6,lgps,88,89,0.00922,0.00999,0.0007699999999999,increase,decrease,False,0.43506740500003,0.1876429768039612,0.3772896181960086
catboost,general_experimental,group8,exp_pair_0082,Li9.54Si1.566Sn0.174P1.34Sb0.2S11.1Br0.3O0.6,Li9.54Si1.566Sn0.174P1.34Sb0.3S11.1Br0.3O0.6,lgps,89,90,0.00999,0.00813,-0.0018599999999999,decrease,decrease,True,0.4141097527598257,0.1954529071127226,0.3904373401274514
catboost,general_experimental,group8,exp_pair_0083,Li9.54Si1.566Sn0.174P1.34Sb0.3S11.1Br0.3O0.6,Li9.54Si1.566Sn0.174P1.34As0.1S11.1Br0.3O0.6,lgps,90,91,0.00813,0.01236,0.0042299999999999,increase,increase,True,0.329639303540138,0.2166563367001341,0.4537043597597278
catboost,general_experimental,group8,exp_pair_0084,Li9.54Si1.566Sn0.174P1.34As0.1S11.1Br0.3O0.6,Li9.54Si1.566Sn0.174P1.34As0.2S11.1Br0.3O0.6,lgps,91,92,0.01236,0.01357,0.00121,increase,increase,True,0.375688925509998,0.173463040519609,0.4508480339703929
catboost,general_experimental,group8,exp_pair_0085,Li9.54Si1.566Sn0.174P1.34As0.2S11.1Br0.3O0.6,Li9.54Si1.566Sn0.174P1.34As0.3S11.1Br0.3O0.6,lgps,92,93,0.01357,0.01055,-0.00302,decrease,increase,False,0.3107610538137443,0.2126283004434486,0.476610645742807
catboost,general_experimental,group8,exp_pair_0086,Li9.54Si1.566Sn0.174P1.34As0.3S11.1Br0.3O0.6,Li9.54Si1.74P1.44S11.7Br0.3,lgps,93,94,0.01055,0.0058,-0.00475,decrease,decrease,True,0.5619559266063581,0.1957369227379809,0.242307150655661
catboost,general_experimental,group8,exp_pair_0087,Li9.54Si1.74P1.44S11.7Br0.3,Li9.54Si1.74P1.44S11.4Br0.3O0.3,lgps,94,95,0.0058,0.0088,0.003,increase,decrease,False,0.4440868029727772,0.1875252981955317,0.368387898831691
catboost,general_experimental,group8,exp_pair_0088,Li9.54Si1.74P1.44S11.4Br0.3O0.3,Li9.54Si1.74P1.44S11.1Br0.3O0.6,lgps,95,96,0.0088,0.0109,0.0020999999999999,increase,decrease,False,0.4464374578227733,0.1969470045572762,0.3566155376199506
catboost,general_experimental,group8,exp_pair_0089,Li9.54Si1.74P1.44S11.1Br0.3O0.6,Li9.54Si1.74P1.44S10.8Br0.3O0.9,lgps,96,97,0.0109,0.0067,-0.0042,decrease,decrease,True,0.421039084050343,0.246444330054338,0.3325165858953188
catboost,general_experimental,group8,exp_pair_0090,Li9.54Si1.74P1.44S10.8Br0.3O0.9,Li9.54(Si0.9Ge0.1)1.74P1.44S11.1Br0.3O0.6,lgps,97,98,0.0067,0.0123,0.0056,increase,decrease,False,0.4268753271352146,0.2291490616723108,0.3439756111924745
catboost,general_experimental,group8,exp_pair_0091,Li9.54(Si0.9Ge0.1)1.74P1.44S11.1Br0.3O0.6,Li9.54(Si0.8Ge0.2)1.74P1.44S11.1Br0.3O0.6,lgps,98,99,0.0123,0.0113,-0.0009999999999999,decrease,increase,False,0.3947456049275003,0.2073121213686813,0.3979422737038184
catboost,general_experimental,group8,exp_pair_0092,Li9.54(Si0.8Ge0.2)1.74P1.44S11.1Br0.3O0.6,Li9.54(Si0.7Ge0.3)1.74P1.44S11.1Br0.3O0.6,lgps,99,100,0.0113,0.0135,0.0021999999999999,increase,decrease,False,0.4120954542951957,0.2058909788256299,0.3820135668791743
catboost,general_experimental,group8,exp_pair_0093,Li9.54(Si0.7Ge0.3)1.74P1.44S11.1Br0.3O0.6,Li9.54(Si0.6Ge0.4)1.74P1.44S11.1Br0.3O0.6,lgps,100,101,0.0135,0.0136,9.99999999999994e-05,unchanged,decrease,False,0.4308932916919909,0.2213497616544611,0.347756946653548
catboost,general_experimental,group8,exp_pair_0094,Li9.54(Si0.6Ge0.4)1.74P1.44S11.1Br0.3O0.6,Li9.54(Si0.5Ge0.5)1.74P1.44S11.1Br0.3O0.6,lgps,101,102,0.0136,0.0138,0.0002,increase,decrease,False,0.4186605300948257,0.2421367937054132,0.3392026761997612
catboost,general_experimental,group8,exp_pair_0095,Li9.54(Si0.5Ge0.5)1.74P1.44S11.1Br0.3O0.6,Li9.54(Si0.4Ge0.6)1.74P1.44S11.1Br0.3O0.6,lgps,102,103,0.0138,0.0127,-0.0011,decrease,decrease,True,0.4177354024717096,0.2578306080995353,0.324433989428755
catboost,general_experimental,group8,exp_pair_0096,Li9.54(Si0.4Ge0.6)1.74P1.44S11.1Br0.3O0.6,Li9.54(Si0.3Ge0.7)1.74P1.44S11.1Br0.3O0.6,lgps,103,104,0.0127,0.0111,-0.0015999999999999,decrease,decrease,True,0.4241959987712618,0.2485018301157496,0.3273021711129886
catboost,general_experimental,group8,exp_pair_0097,Li9.54(Si0.3Ge0.7)1.74P1.44S11.1Br0.3O0.6,Li9.54(Si0.2Ge0.8)1.74P1.44S11.1Br0.3O0.6,lgps,104,105,0.0111,0.0079,-0.0031999999999999,decrease,decrease,True,0.4200527253159612,0.2312901445878736,0.3486571300961651
catboost,general_experimental,group8,exp_pair_0098,Li9.54(Si0.2Ge0.8)1.74P1.44S11.1Br0.3O0.6,Li9.54(Si0.1Ge0.9)1.74P1.44S11.1Br0.3O0.6,lgps,105,106,0.0079,0.0054,-0.0025,decrease,decrease,True,0.426589254919077,0.2205848180878981,0.3528259269930247
catboost,general_experimental,group8,exp_pair_0099,Li9.54(Si0.1Ge0.9)1.74P1.44S11.1Br0.3O0.6,Li9.54Ge1.74P1.44S11.1Br0.3O0.6,lgps,106,107,0.0054,0.0040999999999999,-0.0013,decrease,decrease,True,0.4645089026586091,0.1987093367449071,0.3367817605964838
catboost,general_experimental,group8,exp_pair_0100,Li9.54Ge1.74P1.44S11.1Br0.3O0.6,Li9.54(Si0.9Sn0.1)1.74P1.44S11.1Br0.3O0.6,lgps,107,108,0.0040999999999999,0.0115,0.0074,increase,increase,True,0.2873318077739591,0.1689086363198581,0.5437595559061827
catboost,general_experimental,group8,exp_pair_0101,Li9.54(Si0.9Sn0.1)1.74P1.44S11.1Br0.3O0.6,Li9.54(Si0.8Sn0.2)1.74P1.44S11.1Br0.3O0.6,lgps,108,109,0.0115,0.0088,-0.0026999999999999,decrease,decrease,True,0.426819772227218,0.1951888874786116,0.3779913402941704
catboost,general_experimental,group8,exp_pair_0102,Li9.54(Si0.8Sn0.2)1.74P1.44S11.1Br0.3O0.6,Li9.54(Si0.7Sn0.3)1.74P1.44S11.1Br0.3O0.6,lgps,109,110,0.0088,0.0077,-0.0011,decrease,decrease,True,0.4401340461463823,0.2012131972153235,0.3586527566382941
catboost,general_experimental,group8,exp_pair_0103,Li9.54(Si0.7Sn0.3)1.74P1.44S11.1Br0.3O0.6,Li9.54(Si0.6Sn0.4)1.74P1.44S11.1Br0.3O0.6,lgps,110,111,0.0077,0.0067,-0.001,decrease,decrease,True,0.479697811560996,0.2050167790865179,0.315285409352486
catboost,general_experimental,group8,exp_pair_0104,Li9.54(Si0.6Sn0.4)1.74P1.44S11.1Br0.3O0.6,Li9.54(Si0.5Sn0.5)1.74P1.44S11.1Br0.3O0.6,lgps,111,112,0.0067,0.0049,-0.0017999999999999,decrease,decrease,True,0.4796270390011513,0.2164652947067848,0.3039076662920638
catboost,general_experimental,group8,exp_pair_0105,Li9.54(Si0.5Sn0.5)1.74P1.44S11.1Br0.3O0.6,Li9.54(Si0.4Sn0.6)1.74P1.44S11.1Br0.3O0.6,lgps,112,113,0.0049,0.0045,-0.0004,decrease,decrease,True,0.4842395648408131,0.2278578057756717,0.2879026293835152
catboost,halide,group1,halide_pair_0001,Li4ZrCl4O2,Li2.25Zr0.75In0.25Cl6,halides,1,2,0.0015,0.00037,-0.00113,decrease,decrease,True,0.4734373645357709,0.0737501238661487,0.4528125115980804
catboost,halide,group1,halide_pair_0002,Li2.25Zr0.75In0.25Cl6,Li2.4Zr0.8Zn0.2Cl6,halides,2,3,0.00037,0.0003,-7.000000000000002e-05,unchanged,increase,False,0.2529720378005511,0.2791690734964016,0.4678588887030473
catboost,halide,group1,halide_pair_0003,Li2.4Zr0.8Zn0.2Cl6,Li2ZrCl5Br,halides,3,4,0.0003,8.900000000000001e-05,-0.000211,decrease,decrease,True,0.7322508969367678,0.0836241721508423,0.18412493091239
catboost,halide,group1,halide_pair_0004,Li2ZrCl5Br,Li2.4Zr0.7In0.2Zn0.1Cl6,halides,4,5,8.900000000000001e-05,0.00031,0.000221,increase,increase,True,0.2142973545267157,0.2724511932846714,0.5132514521886128
catboost,halide,group1,halide_pair_0005,Li2.4Zr0.7In0.2Zn0.1Cl6,Li2.9Zr0.2Y0.5In0.2Zn0.1Cl6,halides,5,6,0.00031,0.00018,-0.00013,decrease,increase,False,0.1112318437520629,0.2171473973118471,0.6716207589360899
catboost,halide,group1,halide_pair_0006,Li2.9Zr0.2Y0.5In0.2Zn0.1Cl6,Li2.7Zr0.4Y0.3In0.2Zn0.1Cl6,halides,6,7,0.00018,0.00028,9.999999999999996e-05,unchanged,increase,False,0.3050224129774765,0.1066482402406186,0.5883293467819048
catboost,halide,group1,halide_pair_0007,Li2.7Zr0.4Y0.3In0.2Zn0.1Cl6,Li2.5Y0.5Zr0.5Cl6,halides,7,8,0.00028,0.00074,0.00046,increase,increase,True,0.2980732359905952,0.1781151951749477,0.523811568834457
catboost,halide,group2,halide_pair_0008,Li2.5Y0.5Zr0.5Cl6 + 5wt%ZrCl4,Li2.5Y0.5Zr0.5Cl5.5Br0.5 + 5wt%ZrCl4,halides,9,10,0.0013,0.0014,9.999999999999984e-05,unchanged,increase,False,0.3297582857481135,0.1735122227336017,0.4967294915182847
catboost,halide,group2,halide_pair_0009,Li2.5Y0.5Zr0.5Cl5.5Br0.5 + 5wt%ZrCl4,Li2.5Y0.5Zr0.5Cl5Br + 5wt%ZrCl4,halides,10,11,0.0014,0.0011,-0.0002999999999999,decrease,increase,False,0.3439307462204709,0.162850319646418,0.493218934133111
catboost,halide,group2,halide_pair_0010,Li2.5Y0.5Zr0.5Cl5Br + 5wt%ZrCl4,Li2.5Y0.5Zr0.5Cl4.5Br1.5 + 5wt%ZrCl4,halides,11,12,0.0011,0.0011,0.0,unchanged,increase,False,0.3428432520940004,0.1629069056411563,0.4942498422648431
catboost,halide,group2,halide_pair_0011,Li2.5Y0.5Zr0.5Cl4.5Br1.5 + 5wt%ZrCl4,Li2.9Y0.9Zr0.1Cl4.5Br1.5 + 5wt%ZrCl4,halides,12,13,0.0011,0.0015,0.0003999999999999,increase,increase,True,0.2136902095027307,0.2529952873634761,0.5333145031337931
catboost,halide,group2,halide_pair_0012,Li2.9Y0.9Zr0.1Cl4.5Br1.5 + 5wt%ZrCl4,Li2.8Y0.8Zr0.2Cl4.5Br1.5 + 5wt%ZrCl4,halides,13,14,0.0015,0.0016,0.0001,increase,increase,True,0.3168505149513523,0.0984456383934437,0.5847038466552039
catboost,halide,group2,halide_pair_0013,Li2.8Y0.8Zr0.2Cl4.5Br1.5 + 5wt%ZrCl4,Li2.7Y0.7Zr0.3Cl4.5Br1.5 + 5wt%ZrCl4,halides,14,15,0.0016,0.0016,0.0,unchanged,increase,False,0.3435243471250984,0.0969422677199212,0.5595333851549803
catboost,halide,group2,halide_pair_0014,Li2.7Y0.7Zr0.3Cl4.5Br1.5 + 5wt%ZrCl4,Li2.6Y0.6Zr0.4Cl4.5Br1.5 + 5wt%ZrCl4,halides,15,16,0.0016,0.0015,-0.0001,decrease,increase,False,0.3566640071828163,0.1007407195007681,0.5425952733164155
catboost,halide,group2,halide_pair_0015,Li2.6Y0.6Zr0.4Cl4.5Br1.5 + 5wt%ZrCl4,Li2.7Y0.7Zr0.3Cl5.5Br0.5 + 5wt%ZrCl4,halides,16,17,0.0015,0.0016,0.0001,increase,increase,True,0.2632489956549086,0.2227795530955653,0.513971451249526
catboost,halide,group2,halide_pair_0016,Li2.7Y0.7Zr0.3Cl5.5Br0.5 + 5wt%ZrCl4,Li3.15Y0.75Zr0.05Zn0.2Cl6 + 5wt%ZrCl4,halides,17,18,0.0016,2e-05,-0.00158,decrease,increase,False,0.1620256358127534,0.2027387077732023,0.6352356564140442
random_forest,general_experimental,group1,exp_pair_0001,Li5.7PS4.7Cl1.3,Li5.5PS4.5Cl1.5,argyrodites,1,2,0.0081,0.010116,0.002016,increase,decrease,False,0.660257693013003,0.1152621811737285,0.2244801258132686
random_forest,general_experimental,group1,exp_pair_0002,Li5.5PS4.5Cl1.5,Li5.4PS4.4Cl1.6,argyrodites,2,3,0.010116,0.007137,-0.002979,decrease,decrease,True,0.6370030048750271,0.1295365599560287,0.2334604351689446
random_forest,general_experimental,group1,exp_pair_0003,Li5.4PS4.4Cl1.6,Li5.3PS4.3Cl1.7,argyrodites,3,4,0.007137,0.007295,0.000158,increase,decrease,False,0.6163154960567877,0.1423068705447479,0.241377633398465
random_forest,general_experimental,group1,exp_pair_0004,Li5.3PS4.3Cl1.7,Li5.5PS4.5Cl1.45I0.05,argyrodites,4,5,0.007295,0.013723,0.006428,increase,decrease,False,0.4444608804005682,0.1137961433278801,0.4417429762715515
random_forest,general_experimental,group1,exp_pair_0005,Li5.5PS4.5Cl1.45I0.05,Li5.5PS4.5Cl1.4I0.1,argyrodites,5,6,0.013723,0.010312,-0.003411,decrease,decrease,True,0.6369421283835788,0.1555426721620511,0.20751519945437
random_forest,general_experimental,group1,exp_pair_0006,Li5.5PS4.5Cl1.4I0.1,Li5.5PS4.5Cl1.35I0.15,argyrodites,6,7,0.010312,0.010565,0.0002529999999999,increase,decrease,False,0.6337685887608976,0.1601052019451337,0.2061262092939686
random_forest,general_experimental,group1,exp_pair_0007,Li5.5PS4.5Cl1.35I0.15,Li5.5PS4.5Cl1.3I0.2,argyrodites,7,8,0.010565,0.00823,-0.0023349999999999,decrease,decrease,True,0.6535706137300115,0.1666398490052928,0.1797895372646953
random_forest,general_experimental,group1,exp_pair_0008,Li5.5PS4.5Cl1.3I0.2,Li5.5PS4.5Cl1.25I0.25,argyrodites,8,9,0.00823,0.001604,-0.006626,decrease,decrease,True,0.6404142670018007,0.1826660233197105,0.1769197096784885
random_forest,general_experimental,group1,exp_pair_0009,Li5.5PS4.5Cl1.25I0.25,Li5.4PS4.4ClBr0.6,argyrodites,9,10,0.001604,0.01348,0.011876,increase,decrease,False,0.6903868809638768,0.1367620265334477,0.1728510925026754
random_forest,general_experimental,group1,exp_pair_0010,Li5.4PS4.4ClBr0.6,Li5.4PS4.4ClBr0.6,argyrodites,10,11,0.01348,0.01348,0.0,unchanged,decrease,False,0.5622310327581845,0.2190741260175124,0.2186948412243029
random_forest,general_experimental,group2,exp_pair_0011,Li3AsS4,Li5.5AsS4.5Br1.5,argyrodites,12,13,9.1e-05,0.01753,0.017439,increase,decrease,False,0.40941188840762,0.2383351862513943,0.3522529253409857
random_forest,general_experimental,group2,exp_pair_0012,Li5.5AsS4.5Br1.5,Li5.5AsS4.3O0.2Br1.5,argyrodites,13,14,0.01753,0.01309,-0.0044399999999999,decrease,decrease,True,0.4346716608274424,0.2439962387196687,0.3213321004528888
random_forest,general_experimental,group2,exp_pair_0013,Li5.5AsS4.3O0.2Br1.5,Li5.5AsS4.1O0.4Br1.5,argyrodites,14,15,0.01309,0.01118,-0.00191,decrease,decrease,True,0.4324286073154608,0.2372720980583683,0.3302992946261709
random_forest,general_experimental,group2,exp_pair_0014,Li5.5AsS4.1O0.4Br1.5,Li5.5AsS3.8O0.7Br1.5,argyrodites,15,16,0.01118,0.00875,-0.00243,decrease,decrease,True,0.3951933451331871,0.2102633562032692,0.3945432986635438
random_forest,general_experimental,group2,exp_pair_0015,Li5.5AsS3.8O0.7Br1.5,Li5.5AsS2.5O2Br1.5,argyrodites,16,17,0.00875,0.0002817,-0.0084683,decrease,decrease,True,0.4502134057645544,0.3286879859307174,0.2210986083047285
random_forest,general_experimental,group2,exp_pair_0016,Li5.5AsS2.5O2Br1.5,Li5.5As0.9Sb0.1S4.5Br1.5,argyrodites,17,18,0.0002817,0.01685,0.0165683,increase,increase,True,0.3094926721041959,0.2622760514488879,0.4282312764469162
random_forest,general_experimental,group2,exp_pair_0017,Li5.5As0.9Sb0.1S4.5Br1.5,Li5.5As0.9Sb0.2S4.5Br1.5,argyrodites,18,19,0.01685,0.00906,-0.00779,decrease,increase,False,0.3380564766345881,0.2742032304251644,0.3877402929402475
random_forest,general_experimental,group2,exp_pair_0018,Li5.5As0.9Sb0.2S4.5Br1.5,Li5.5As0.9Sb0.1S4.3O0.2Br1.5,argyrodites,19,20,0.00906,0.01255,0.00349,increase,decrease,False,0.4614612368805581,0.3072533114023525,0.2312854517170893
random_forest,general_experimental,group2,exp_pair_0019,Li5.5As0.9Sb0.1S4.3O0.2Br1.5,Li6.65As0.35Si0.65S5I,argyrodites,20,21,0.01255,0.006347,-0.006203,decrease,increase,False,0.1886224596136416,0.3239021018739031,0.4874754385124549
random_forest,general_experimental,group2,exp_pair_0020,Li6.65As0.35Si0.65S5I,Li6.7As0.3Si0.7S5I,argyrodites,21,22,0.006347,0.010615,0.004268,increase,increase,True,0.311145539215019,0.2675219031209301,0.4213325576640511
random_forest,general_experimental,group2,exp_pair_0021,Li6.7As0.3Si0.7S5I,Li6.75As0.25Si0.75S5I,argyrodites,22,23,0.010615,0.004784,-0.005831,decrease,increase,False,0.3176444048006631,0.2717573482555057,0.4105982469438315
random_forest,general_experimental,group2,exp_pair_0022,Li6.75As0.25Si0.75S5I,Li6.8As0.2Si0.8S5I,argyrodites,23,24,0.004784,0.005813,0.0010289999999999,increase,increase,True,0.3282452858600727,0.2811920459412653,0.3905626681986622
random_forest,general_experimental,group3,exp_pair_0023,Li6.6Sb0.4Si0.6S5I,Li6.65Sb0.35Si0.65S5I,argyrodites,25,26,0.008844,0.010755,0.001911,increase,increase,True,0.2806460879021465,0.2640854307888415,0.4552684813090119
random_forest,general_experimental,group3,exp_pair_0024,Li6.65Sb0.35Si0.65S5I,Li6.7Sb0.3Si0.7S5I,argyrodites,26,27,0.010755,0.014409,0.003654,increase,increase,True,0.319589539214569,0.2846295785344733,0.3957808822509577
random_forest,general_experimental,group3,exp_pair_0025,Li6.7Sb0.3Si0.7S5I,Li6.75Sb0.25Si0.75S5I,argyrodites,27,28,0.014409,0.006307,-0.008102,decrease,increase,False,0.312949886801894,0.2917826329315112,0.3952674802665948
random_forest,general_experimental,group3,exp_pair_0026,Li6.75Sb0.25Si0.75S5I,Li6.8Sb0.2Si0.8S5I,argyrodites,28,29,0.006307,0.000927,-0.00538,decrease,increase,False,0.3206458324691897,0.2827445605310931,0.3966096069997173
random_forest,general_experimental,group3,exp_pair_0027,Li6.8Sb0.2Si0.8S5I,Li6.9Sb0.3Si0.7S5.2I0.8,argyrodites,29,30,0.000927,0.0100749999999999,0.0091479999999999,increase,increase,True,0.2189046774649408,0.2216973712249059,0.5593979513101532
random_forest,general_experimental,group3,exp_pair_0028,Li6.9Sb0.3Si0.7S5.2I0.8,Li6.8Sb0.3Si0.7S5.1I0.9,argyrodites,30,31,0.0100749999999999,0.008795,-0.0012799999999999,decrease,decrease,True,0.4632130120306247,0.2405310204774136,0.2962559674919617
random_forest,general_experimental,group3,exp_pair_0029,Li6.8Sb0.3Si0.7S5.1I0.9,Li6.7Sb0.3Si0.7S5I,argyrodites,31,32,0.008795,0.014409,0.005614,increase,decrease,False,0.4563031047168234,0.248828230219864,0.2948686650633126
random_forest,general_experimental,group3,exp_pair_0030,Li6.7Sb0.3Si0.7S5I,Li6.6Sb0.3Si0.7S4.9I1.1,argyrodites,32,33,0.014409,0.001267,-0.013142,decrease,decrease,True,0.4164823041373949,0.27641662819936,0.3071010676632451
random_forest,general_experimental,group3,exp_pair_0031,Li6.6Sb0.3Si0.7S4.9I1.1,Li6.5Sb0.3Si0.7S4.8I1.2,argyrodites,33,34,0.001267,0.00535,0.004083,increase,decrease,False,0.3737134968407294,0.3321402590893885,0.294146244069882
random_forest,general_experimental,group3,exp_pair_0032,Li6.5Sb0.3Si0.7S4.8I1.2,Li3.875Sn0.875As0.125S4,argyrodites,34,35,0.00535,0.00054,-0.00481,decrease,unchanged,False,0.2581828340034662,0.3857697358793305,0.3560474301172033
random_forest,general_experimental,group4,exp_pair_0033,Li5.4PS4.3O0.1ClBr0.6,Li5.4PS4.2O0.2ClBr0.6,argyrodites,36,37,0.01149,0.01245,0.0009599999999999,increase,increase,True,0.3238000147368913,0.2544550330421399,0.4217449522209692
random_forest,general_experimental,group4,exp_pair_0034,Li5.4PS4.2O0.2ClBr0.6,Li5.4PS4O0.4ClBr0.6,argyrodites,37,38,0.01245,0.0127,0.00025,increase,increase,True,0.2341691219227379,0.1414108046003651,0.6244200734768967
random_forest,general_experimental,group4,exp_pair_0035,Li5.4PS4O0.4ClBr0.6,Li5.4PS3.6O0.8ClBr0.6,argyrodites,38,39,0.0127,0.00943,-0.00327,decrease,decrease,True,0.4663284524496859,0.0884744861182489,0.4451970614320649
random_forest,general_experimental,group4,exp_pair_0036,Li5.4PS3.6O0.8ClBr0.6,Li5.4PS3.2O1.2ClBr0.6,argyrodites,39,40,0.00943,0.00522,-0.0042099999999999,decrease,decrease,True,0.5332675254631832,0.1943806066189961,0.2723518679178208
random_forest,general_experimental,group4,exp_pair_0037,Li5.4PS3.2O1.2ClBr0.6,Li5.4PS2.5O1.9ClBr0.6,argyrodites,40,41,0.00522,0.00123,-0.00399,decrease,decrease,True,0.4994390847322638,0.2655189914488365,0.2350419238189
random_forest,general_experimental,group4,exp_pair_0038,Li5.4PS2.5O1.9ClBr0.6,Li5.4PS4O0.4Cl0.95F0.05Br0.6,argyrodites,41,42,0.00123,0.01322,0.01199,increase,unchanged,False,0.2358447235877891,0.5970419767745877,0.1671132996376233
random_forest,general_experimental,group4,exp_pair_0039,Li5.4PS4O0.4Cl0.95F0.05Br0.6,Li5.4PS4O0.4Cl0.9F0.1Br0.6,mixed,42,43,0.01322,0.01309,-0.0001299999999999,decrease,decrease,True,0.4032357468374212,0.1959349479964262,0.4008293051661529
random_forest,general_experimental,group4,exp_pair_0040,Li5.4PS4O0.4Cl0.9F0.1Br0.6,Li5.4PS4O0.4Cl0.85F0.15Br0.6,thio_lisicon,43,44,0.01309,0.01001,-0.00308,decrease,decrease,True,0.4414612187967211,0.2026718394968888,0.3558669417063904
random_forest,general_experimental,group4,exp_pair_0041,Li5.4PS4O0.4Cl0.85F0.15Br0.6,Li5.4PS4O0.4Cl0.8F0.2Br0.6,mixed,44,45,0.01001,0.00509,-0.00492,decrease,decrease,True,0.4640447038489787,0.2412930972572736,0.2946621988937473
random_forest,general_experimental,group5,exp_pair_0042,Li5.4P0.9Sn0.1S4.4ClBr0.6,Li5.4P0.8Sn0.2S4.4ClBr0.6,argyrodites,46,47,0.01346,0.00909,-0.00437,decrease,increase,False,0.2622887659055936,0.347984008633903,0.3897272254605036
random_forest,general_experimental,group5,exp_pair_0043,Li5.4P0.8Sn0.2S4.4ClBr0.6,Li5.4P0.6Sn0.4S4.4ClBr0.6,argyrodites,47,48,0.00909,0.00332,-0.00577,decrease,increase,False,0.2335645511471393,0.2583845674004588,0.5080508814524022
random_forest,general_experimental,group5,exp_pair_0044,Li5.4P0.6Sn0.4S4.4ClBr0.6,Li5.4P0.9Sn0.1S4.2O0.2ClBr0.6,argyrodites,48,49,0.00332,0.01077,0.00745,increase,increase,True,0.3331211328190741,0.2625343170307039,0.4043445501502223
random_forest,general_experimental,group5,exp_pair_0045,Li5.4P0.9Sn0.1S4.2O0.2ClBr0.6,Li5.4P0.8Sn0.2S4O0.4ClBr0.6,argyrodites,49,50,0.01077,0.00591,-0.00486,decrease,increase,False,0.1852366869822728,0.2717203557958997,0.5430429572218275
random_forest,general_experimental,group5,exp_pair_0046,Li5.4P0.8Sn0.2S4O0.4ClBr0.6,Li5.4P0.9Si0.1S4.2O0.2ClBr0.6,argyrodites,50,51,0.00591,0.01033,0.00442,increase,decrease,False,0.4585658505583144,0.2057133352821653,0.3357208141595207
random_forest,general_experimental,group5,exp_pair_0047,Li5.4P0.9Si0.1S4.2O0.2ClBr0.6,Li5.4P0.8Si0.2S4O0.4ClBr0.6,argyrodites,51,52,0.01033,0.00531,-0.00502,decrease,increase,False,0.1846353449787825,0.245282101234762,0.5700825537864552
random_forest,general_experimental,group6,exp_pair_0048,Li10SnP2S12,Li9.9SnP2S11.8Cl0.1O0.1,lgps,53,54,0.00619,0.00486,-0.0013299999999999,decrease,decrease,True,0.6374322585218692,0.0905308120166696,0.2720369294614614
random_forest,general_experimental,group6,exp_pair_0049,Li9.9SnP2S11.8Cl0.1O0.1,Li10SnP1.8Sb0.2S11.8O0.2,lgps,54,55,0.00486,0.004,-0.00086,decrease,increase,False,0.3379348178460535,0.1839102582450574,0.4781549239088891
random_forest,general_experimental,group6,exp_pair_0050,Li10SnP1.8Sb0.2S11.8O0.2,Li10SnP1.8Sb0.3S11.8O0.4,lgps,55,56,0.004,0.0016,-0.0024,decrease,increase,False,0.4184639656750197,0.1246930609542186,0.4568429733707617
random_forest,general_experimental,group6,exp_pair_0051,Li10SnP1.8Sb0.3S11.8O0.4,Li10SiP2S12,lgps,56,57,0.0016,0.00151,-9.000000000000002e-05,unchanged,increase,False,0.2908716485067777,0.1558740438455056,0.5532543076477167
random_forest,general_experimental,group6,exp_pair_0052,Li10SiP2S12,Li10Si0.3Sn0.7P2S12,lgps,57,58,0.00151,0.00642,0.00491,increase,decrease,False,0.5024414401975935,0.1492418762971165,0.34831668350529
random_forest,general_experimental,group6,exp_pair_0053,Li10Si0.3Sn0.7P2S12,Li10SnP2S11.8O0.2,lgps,58,59,0.00642,0.00452,-0.0019,decrease,decrease,True,0.7668143162254193,0.0325851693798037,0.2006005143947769
random_forest,general_experimental,group6,exp_pair_0054,Li10SnP2S11.8O0.2,Li10SiP2S11.8O0.2,lgps,59,60,0.00452,0.00124,-0.00328,decrease,increase,False,0.3185002878610908,0.1128960202945408,0.5686036918443687
random_forest,general_experimental,group6,exp_pair_0055,Li10SiP2S11.8O0.2,Li10Si0.3Sn0.7P2S11.8O0.2,lgps,60,61,0.00124,0.00495,0.00371,increase,decrease,False,0.4185961652970422,0.2486144829163301,0.3327893517866276
random_forest,general_experimental,group6,exp_pair_0056,Li10Si0.3Sn0.7P2S11.8O0.2,Li6.7Si0.7Sb0.3S4.8Se0.2I,mixed,61,62,0.00495,0.016357,0.011407,increase,increase,True,0.2191841153553013,0.2850871118410981,0.4957287728036008
random_forest,general_experimental,group6,exp_pair_0057,Li6.7Si0.7Sb0.3S4.8Se0.2I,Li6.7Si0.7Sb0.3S4.9O0.1I,argyrodites,62,63,0.016357,0.014154,-0.002203,decrease,unchanged,False,0.2283313183092704,0.3883921756710476,0.383276506019682
random_forest,general_experimental,group6,exp_pair_0058,Li6.7Si0.7Sb0.3S4.9O0.1I,Li6.7Si0.7Sb0.3S4.8O0.2I,argyrodites,63,64,0.014154,0.012508,-0.001646,decrease,increase,False,0.2335893363560441,0.3472692649831858,0.4191413986607701
random_forest,general_experimental,group6,exp_pair_0059,Li6.7Si0.7Sb0.3S4.8O0.2I,Li6.7Si0.7Sb0.3S4.7O0.3I,argyrodites,64,65,0.012508,0.011847,-0.000661,decrease,increase,False,0.2412951232067186,0.3446967284341158,0.4140081483591658
random_forest,general_experimental,group6,exp_pair_0060,Li6.7Si0.7Sb0.3S4.7O0.3I,Li6.7Si0.7Sb0.3S4.6O0.4I,argyrodites,65,66,0.011847,0.010453,-0.0013939999999999,decrease,unchanged,False,0.3243527841262821,0.4014966109586444,0.2741506049150733
random_forest,general_experimental,group6,exp_pair_0061,Li6.7Si0.7Sb0.3S4.6O0.4I,Li6.7Si0.7Sb0.3S4.5O0.5I,argyrodites,66,67,0.010453,0.009145,-0.001308,decrease,decrease,True,0.3852752004914074,0.3764002618989142,0.2383245376096782
random_forest,general_experimental,group6,exp_pair_0062,Li6.7Si0.7Sb0.3S4.5O0.5I,Li6.7Si0.7Sb0.25As0.05S4.8O0.2I,argyrodites,67,68,0.009145,0.012117,0.002972,increase,unchanged,False,0.3310453430321772,0.365301641204356,0.3036530157634667
random_forest,general_experimental,group6,exp_pair_0063,Li6.7Si0.7Sb0.25As0.05S4.8O0.2I,Li6.7Si0.7Sb0.2As0.1S4.8O0.2I,argyrodites,68,69,0.012117,0.013872,0.0017549999999999,increase,increase,True,0.2469161702543957,0.2880346621595449,0.4650491675860596
random_forest,general_experimental,group6,exp_pair_0064,Li6.7Si0.7Sb0.2As0.1S4.8O0.2I,Li6.7Si0.7Sb0.15As0.15S4.8O0.2I,argyrodites,69,70,0.013872,0.012704,-0.0011679999999999,decrease,increase,False,0.2646503883091446,0.2810113459444167,0.4543382657464389
random_forest,general_experimental,group6,exp_pair_0065,Li6.7Si0.7Sb0.15As0.15S4.8O0.2I,Li6.7Si0.7Sb0.3S4.6Se0.2O0.2I,argyrodites,70,71,0.012704,0.01329,0.0005859999999999,increase,decrease,False,0.4706235096141988,0.2601018209971636,0.2692746693886375
random_forest,general_experimental,group6,exp_pair_0066,Li6.7Si0.7Sb0.3S4.6Se0.2O0.2I,Li6.7Si0.7Sb0.3S4.4Se0.3O0.3I,argyrodites,71,72,0.01329,0.012074,-0.001216,decrease,increase,False,0.31863659260557,0.3060354246745954,0.3753279827198346
random_forest,general_experimental,group7,exp_pair_0067,Li2.8Zr0.75Al0.25O1.4Cl3.75,Li2ZrP0.6667O2.6667Cl4,halides,73,74,0.001642,0.002056,0.000414,increase,increase,True,0.2912545298684781,0.2251986780065336,0.4835467921249884
random_forest,general_experimental,group7,exp_pair_0068,Li2ZrP0.6667O2.6667Cl4,LiZrS0.5O2Cl4,halides,74,75,0.002056,0.001374,-0.0006819999999999,decrease,increase,False,0.3284330648531219,0.232023077866513,0.439543857280365
random_forest,general_experimental,group7,exp_pair_0069,LiZrS0.5O2Cl4,Li1.2FeO1.2H1.2Cl3,halides,75,76,0.001374,0.001062,-0.000312,decrease,unchanged,False,0.2318866861181443,0.4172946781966663,0.3508186356851897
random_forest,general_experimental,group7,exp_pair_0070,Li1.2FeO1.2H1.2Cl3,Li2ZrCl6,halides,76,77,0.001062,0.0004109999999999,-0.000651,decrease,decrease,True,0.3851748441819795,0.277986682125225,0.3368384736927954
random_forest,general_experimental,group7,exp_pair_0071,Li2ZrCl6,Li3Zr0.75OCl4,halides,77,78,0.0004109999999999,0.0010049999999999,0.0005939999999999,increase,increase,True,0.3197369764808588,0.3348439288028227,0.3454190947163186
random_forest,general_experimental,group7,exp_pair_0072,Li3Zr0.75OCl4,Li1.75ZrCl4.75O0.5,halides,78,79,0.0010049999999999,0.001008,3.0000000000001813e-06,unchanged,decrease,False,0.8313559889272021,0.0373089832049401,0.1313350278678577
random_forest,general_experimental,group8,exp_pair_0073,Li5.43P0.97Zr0.03S4.34O0.06ClBr0.6,Li5.45P0.95Zr0.05S4.3O0.1ClBr0.6,argyrodites,80,81,0.0118599999999999,0.01091,-0.0009499999999999,decrease,increase,False,0.2999901126500799,0.3123939387020442,0.3876159486478762
random_forest,general_experimental,group8,exp_pair_0074,Li5.45P0.95Zr0.05S4.3O0.1ClBr0.6,Li5.47P0.93Zr0.07S4.26O0.14ClBr0.6,argyrodites,81,82,0.01091,0.00873,-0.0021799999999999,decrease,increase,False,0.3240169783306753,0.2504575178729645,0.4255255037963607
random_forest,general_experimental,group8,exp_pair_0075,Li5.47P0.93Zr0.07S4.26O0.14ClBr0.6,Li5.5P0.9Zr0.1S4.2O0.2ClBr0.6,argyrodites,82,83,0.00873,0.00859,-0.0001399999999999,decrease,increase,False,0.2581758029898351,0.2760700854986279,0.465754111511537
random_forest,general_experimental,group8,exp_pair_0076,Li5.5P0.9Zr0.1S4.2O0.2ClBr0.6,Li5.6P0.85Zr0.2S4O0.4ClBr0.6,argyrodites,83,84,0.00859,0.00273,-0.00586,decrease,increase,False,0.169591963694531,0.2366260435673394,0.5937819927381296
random_forest,general_experimental,group8,exp_pair_0077,Li5.6P0.85Zr0.2S4O0.4ClBr0.6,Li5.7P0.7Zr0.3S3.8O0.6ClBr0.6,argyrodites,84,85,0.00273,0.00066,-0.00207,decrease,increase,False,0.1618985517685846,0.1087981458832424,0.7293033023481729
random_forest,general_experimental,group8,exp_pair_0078,Li5.7P0.7Zr0.3S3.8O0.6ClBr0.6,Li3.45Sn0.09Si0.36P0.55S3.65O0.35,mixed,85,86,0.00066,0.0054,0.00474,increase,unchanged,False,0.2062729392496915,0.4895426873028468,0.3041843734474617
random_forest,general_experimental,group8,exp_pair_0079,Li3.45Sn0.09Si0.36P0.55S3.65O0.35,Li9.54Si1.566Sn0.174P1.44S11.1Br0.3O0.6,mixed,86,87,0.0054,0.0099,0.0045,increase,unchanged,False,0.3304111438319502,0.4999817793017609,0.1696070768662887
random_forest,general_experimental,group8,exp_pair_0080,Li9.54Si1.566Sn0.174P1.44S11.1Br0.3O0.6,Li9.54Si1.566Sn0.174P1.34Sb0.1S11.1Br0.3O0.6,lgps,87,88,0.0099,0.00922,-0.00068,decrease,decrease,True,0.3711620417592642,0.2871141327770818,0.3417238254636537
random_forest,general_experimental,group8,exp_pair_0081,Li9.54Si1.566Sn0.174P1.34Sb0.1S11.1Br0.3O0.6,Li9.54Si1.566Sn0.174P1.34Sb0.2S11.1Br0.3O0.6,lgps,88,89,0.00922,0.00999,0.0007699999999999,increase,decrease,False,0.3664384498052814,0.2697962021383653,0.3637653480563532
random_forest,general_experimental,group8,exp_pair_0082,Li9.54Si1.566Sn0.174P1.34Sb0.2S11.1Br0.3O0.6,Li9.54Si1.566Sn0.174P1.34Sb0.3S11.1Br0.3O0.6,lgps,89,90,0.00999,0.00813,-0.0018599999999999,decrease,decrease,True,0.4145384936804459,0.2273315996274089,0.358129906692145
random_forest,general_experimental,group8,exp_pair_0083,Li9.54Si1.566Sn0.174P1.34Sb0.3S11.1Br0.3O0.6,Li9.54Si1.566Sn0.174P1.34As0.1S11.1Br0.3O0.6,lgps,90,91,0.00813,0.01236,0.0042299999999999,increase,increase,True,0.2541728814817705,0.3162259493823836,0.4296011691358462
random_forest,general_experimental,group8,exp_pair_0084,Li9.54Si1.566Sn0.174P1.34As0.1S11.1Br0.3O0.6,Li9.54Si1.566Sn0.174P1.34As0.2S11.1Br0.3O0.6,lgps,91,92,0.01236,0.01357,0.00121,increase,decrease,False,0.3939579794706837,0.2626399994127675,0.3434020211165485
random_forest,general_experimental,group8,exp_pair_0085,Li9.54Si1.566Sn0.174P1.34As0.2S11.1Br0.3O0.6,Li9.54Si1.566Sn0.174P1.34As0.3S11.1Br0.3O0.6,lgps,92,93,0.01357,0.01055,-0.00302,decrease,increase,False,0.3775040873213582,0.2432802430371446,0.3792156696414969
random_forest,general_experimental,group8,exp_pair_0086,Li9.54Si1.566Sn0.174P1.34As0.3S11.1Br0.3O0.6,Li9.54Si1.74P1.44S11.7Br0.3,lgps,93,94,0.01055,0.0058,-0.00475,decrease,decrease,True,0.4340013866392627,0.2688590939853975,0.2971395193753396
random_forest,general_experimental,group8,exp_pair_0087,Li9.54Si1.74P1.44S11.7Br0.3,Li9.54Si1.74P1.44S11.4Br0.3O0.3,lgps,94,95,0.0058,0.0088,0.003,increase,increase,True,0.2284269758736444,0.0969218197003119,0.674651204426043
random_forest,general_experimental,group8,exp_pair_0088,Li9.54Si1.74P1.44S11.4Br0.3O0.3,Li9.54Si1.74P1.44S11.1Br0.3O0.6,lgps,95,96,0.0088,0.0109,0.0020999999999999,increase,increase,True,0.3945255539769898,0.2031536155640076,0.4023208304590024
random_forest,general_experimental,group8,exp_pair_0089,Li9.54Si1.74P1.44S11.1Br0.3O0.6,Li9.54Si1.74P1.44S10.8Br0.3O0.9,lgps,96,97,0.0109,0.0067,-0.0042,decrease,decrease,True,0.4738832997989666,0.2509606394760081,0.2751560607250253
random_forest,general_experimental,group8,exp_pair_0090,Li9.54Si1.74P1.44S10.8Br0.3O0.9,Li9.54(Si0.9Ge0.1)1.74P1.44S11.1Br0.3O0.6,lgps,97,98,0.0067,0.0123,0.0056,increase,decrease,False,0.4192077959473664,0.2962079885786625,0.2845842154739715
random_forest,general_experimental,group8,exp_pair_0091,Li9.54(Si0.9Ge0.1)1.74P1.44S11.1Br0.3O0.6,Li9.54(Si0.8Ge0.2)1.74P1.44S11.1Br0.3O0.6,lgps,98,99,0.0123,0.0113,-0.0009999999999999,decrease,decrease,True,0.3820084281825421,0.294338458395878,0.3236531134215797
random_forest,general_experimental,group8,exp_pair_0092,Li9.54(Si0.8Ge0.2)1.74P1.44S11.1Br0.3O0.6,Li9.54(Si0.7Ge0.3)1.74P1.44S11.1Br0.3O0.6,lgps,99,100,0.0113,0.0135,0.0021999999999999,increase,decrease,False,0.3927854798400863,0.2581280941208171,0.3490864260390963
random_forest,general_experimental,group8,exp_pair_0093,Li9.54(Si0.7Ge0.3)1.74P1.44S11.1Br0.3O0.6,Li9.54(Si0.6Ge0.4)1.74P1.44S11.1Br0.3O0.6,lgps,100,101,0.0135,0.0136,9.99999999999994e-05,unchanged,decrease,False,0.3999003455973269,0.2600603033045545,0.3400393510981184
random_forest,general_experimental,group8,exp_pair_0094,Li9.54(Si0.6Ge0.4)1.74P1.44S11.1Br0.3O0.6,Li9.54(Si0.5Ge0.5)1.74P1.44S11.1Br0.3O0.6,lgps,101,102,0.0136,0.0138,0.0002,increase,decrease,False,0.4336176092894778,0.2220514278318899,0.3443309628786321
random_forest,general_experimental,group8,exp_pair_0095,Li9.54(Si0.5Ge0.5)1.74P1.44S11.1Br0.3O0.6,Li9.54(Si0.4Ge0.6)1.74P1.44S11.1Br0.3O0.6,lgps,102,103,0.0138,0.0127,-0.0011,decrease,decrease,True,0.5571941083799117,0.075725174673182,0.3670807169469063
random_forest,general_experimental,group8,exp_pair_0096,Li9.54(Si0.4Ge0.6)1.74P1.44S11.1Br0.3O0.6,Li9.54(Si0.3Ge0.7)1.74P1.44S11.1Br0.3O0.6,lgps,103,104,0.0127,0.0111,-0.0015999999999999,decrease,decrease,True,0.5610963451684908,0.0763525413281077,0.3625511135034015
random_forest,general_experimental,group8,exp_pair_0097,Li9.54(Si0.3Ge0.7)1.74P1.44S11.1Br0.3O0.6,Li9.54(Si0.2Ge0.8)1.74P1.44S11.1Br0.3O0.6,lgps,104,105,0.0111,0.0079,-0.0031999999999999,decrease,decrease,True,0.5569940718070316,0.0770006367919926,0.3660052914009756
random_forest,general_experimental,group8,exp_pair_0098,Li9.54(Si0.2Ge0.8)1.74P1.44S11.1Br0.3O0.6,Li9.54(Si0.1Ge0.9)1.74P1.44S11.1Br0.3O0.6,lgps,105,106,0.0079,0.0054,-0.0025,decrease,decrease,True,0.5578454973364326,0.0806390539940296,0.3615154486695379
random_forest,general_experimental,group8,exp_pair_0099,Li9.54(Si0.1Ge0.9)1.74P1.44S11.1Br0.3O0.6,Li9.54Ge1.74P1.44S11.1Br0.3O0.6,lgps,106,107,0.0054,0.0040999999999999,-0.0013,decrease,decrease,True,0.604770367412926,0.0723672669399843,0.3228623656470895
random_forest,general_experimental,group8,exp_pair_0100,Li9.54Ge1.74P1.44S11.1Br0.3O0.6,Li9.54(Si0.9Sn0.1)1.74P1.44S11.1Br0.3O0.6,lgps,107,108,0.0040999999999999,0.0115,0.0074,increase,increase,True,0.2058898943641718,0.1846705782512386,0.6094395273845895
random_forest,general_experimental,group8,exp_pair_0101,Li9.54(Si0.9Sn0.1)1.74P1.44S11.1Br0.3O0.6,Li9.54(Si0.8Sn0.2)1.74P1.44S11.1Br0.3O0.6,lgps,108,109,0.0115,0.0088,-0.0026999999999999,decrease,decrease,True,0.4038692051308706,0.2762392208844516,0.3198915739846775
random_forest,general_experimental,group8,exp_pair_0102,Li9.54(Si0.8Sn0.2)1.74P1.44S11.1Br0.3O0.6,Li9.54(Si0.7Sn0.3)1.74P1.44S11.1Br0.3O0.6,lgps,109,110,0.0088,0.0077,-0.0011,decrease,decrease,True,0.4397906173000069,0.163607378267317,0.396602004432676
random_forest,general_experimental,group8,exp_pair_0103,Li9.54(Si0.7Sn0.3)1.74P1.44S11.1Br0.3O0.6,Li9.54(Si0.6Sn0.4)1.74P1.44S11.1Br0.3O0.6,lgps,110,111,0.0077,0.0067,-0.001,decrease,decrease,True,0.4903939154633365,0.1219366046511754,0.387669479885488
random_forest,general_experimental,group8,exp_pair_0104,Li9.54(Si0.6Sn0.4)1.74P1.44S11.1Br0.3O0.6,Li9.54(Si0.5Sn0.5)1.74P1.44S11.1Br0.3O0.6,lgps,111,112,0.0067,0.0049,-0.0017999999999999,decrease,decrease,True,0.5357930362907101,0.1246709384940672,0.3395360252152228
random_forest,general_experimental,group8,exp_pair_0105,Li9.54(Si0.5Sn0.5)1.74P1.44S11.1Br0.3O0.6,Li9.54(Si0.4Sn0.6)1.74P1.44S11.1Br0.3O0.6,lgps,112,113,0.0049,0.0045,-0.0004,decrease,decrease,True,0.653473458304152,0.0746683436441857,0.2718581980516621
random_forest,halide,group1,halide_pair_0001,Li4ZrCl4O2,Li2.25Zr0.75In0.25Cl6,halides,1,2,0.0015,0.00037,-0.00113,decrease,decrease,True,0.5013577586446262,0.0481038345052227,0.4505384068501513
random_forest,halide,group1,halide_pair_0002,Li2.25Zr0.75In0.25Cl6,Li2.4Zr0.8Zn0.2Cl6,halides,2,3,0.00037,0.0003,-7.000000000000002e-05,unchanged,decrease,False,0.4269671557161543,0.2644394088780817,0.3085934354057641
random_forest,halide,group1,halide_pair_0003,Li2.4Zr0.8Zn0.2Cl6,Li2ZrCl5Br,halides,3,4,0.0003,8.900000000000001e-05,-0.000211,decrease,decrease,True,0.8595881033100422,0.0321405984947863,0.1082712981951713
random_forest,halide,group1,halide_pair_0004,Li2ZrCl5Br,Li2.4Zr0.7In0.2Zn0.1Cl6,halides,4,5,8.900000000000001e-05,0.00031,0.000221,increase,increase,True,0.3348325925187179,0.2944182335153347,0.3707491739659473
random_forest,halide,group1,halide_pair_0005,Li2.4Zr0.7In0.2Zn0.1Cl6,Li2.9Zr0.2Y0.5In0.2Zn0.1Cl6,halides,5,6,0.00031,0.00018,-0.00013,decrease,increase,False,0.1914166201936814,0.2542181143869506,0.554365265419368
random_forest,halide,group1,halide_pair_0006,Li2.9Zr0.2Y0.5In0.2Zn0.1Cl6,Li2.7Zr0.4Y0.3In0.2Zn0.1Cl6,halides,6,7,0.00018,0.00028,9.999999999999996e-05,unchanged,increase,False,0.2041311791536627,0.057747808780813,0.7381210120655242
random_forest,halide,group1,halide_pair_0007,Li2.7Zr0.4Y0.3In0.2Zn0.1Cl6,Li2.5Y0.5Zr0.5Cl6,halides,7,8,0.00028,0.00074,0.00046,increase,increase,True,0.2590130027173402,0.1593901333756565,0.581596863907003
random_forest,halide,group2,halide_pair_0008,Li2.5Y0.5Zr0.5Cl6 + 5wt%ZrCl4,Li2.5Y0.5Zr0.5Cl5.5Br0.5 + 5wt%ZrCl4,halides,9,10,0.0013,0.0014,9.999999999999984e-05,unchanged,increase,False,0.2537280713150728,0.0764871566290384,0.6697847720558892
random_forest,halide,group2,halide_pair_0009,Li2.5Y0.5Zr0.5Cl5.5Br0.5 + 5wt%ZrCl4,Li2.5Y0.5Zr0.5Cl5Br + 5wt%ZrCl4,halides,10,11,0.0014,0.0011,-0.0002999999999999,decrease,increase,False,0.3133506836537489,0.1240684835860744,0.5625808327601767
random_forest,halide,group2,halide_pair_0010,Li2.5Y0.5Zr0.5Cl5Br + 5wt%ZrCl4,Li2.5Y0.5Zr0.5Cl4.5Br1.5 + 5wt%ZrCl4,halides,11,12,0.0011,0.0011,0.0,unchanged,increase,False,0.3409549967980184,0.1038601835118141,0.5551848196901673
random_forest,halide,group2,halide_pair_0011,Li2.5Y0.5Zr0.5Cl4.5Br1.5 + 5wt%ZrCl4,Li2.9Y0.9Zr0.1Cl4.5Br1.5 + 5wt%ZrCl4,halides,12,13,0.0011,0.0015,0.0003999999999999,increase,increase,True,0.2511417975173299,0.2406161824228194,0.5082420200598512
random_forest,halide,group2,halide_pair_0012,Li2.9Y0.9Zr0.1Cl4.5Br1.5 + 5wt%ZrCl4,Li2.8Y0.8Zr0.2Cl4.5Br1.5 + 5wt%ZrCl4,halides,13,14,0.0015,0.0016,0.0001,increase,increase,True,0.2087186621432643,0.1272251544996203,0.6640561833571152
random_forest,halide,group2,halide_pair_0013,Li2.8Y0.8Zr0.2Cl4.5Br1.5 + 5wt%ZrCl4,Li2.7Y0.7Zr0.3Cl4.5Br1.5 + 5wt%ZrCl4,halides,14,15,0.0016,0.0016,0.0,unchanged,increase,False,0.20098633365739,0.1227524177785843,0.6762612485640254
random_forest,halide,group2,halide_pair_0014,Li2.7Y0.7Zr0.3Cl4.5Br1.5 + 5wt%ZrCl4,Li2.6Y0.6Zr0.4Cl4.5Br1.5 + 5wt%ZrCl4,halides,15,16,0.0016,0.0015,-0.0001,decrease,increase,False,0.2003527298991627,0.0927804824145682,0.706866787686269
random_forest,halide,group2,halide_pair_0015,Li2.6Y0.6Zr0.4Cl4.5Br1.5 + 5wt%ZrCl4,Li2.7Y0.7Zr0.3Cl5.5Br0.5 + 5wt%ZrCl4,halides,16,17,0.0015,0.0016,0.0001,increase,increase,True,0.2211719189766006,0.1828007928731817,0.596027288150218
random_forest,halide,group2,halide_pair_0016,Li2.7Y0.7Zr0.3Cl5.5Br0.5 + 5wt%ZrCl4,Li3.15Y0.75Zr0.05Zn0.2Cl6 + 5wt%ZrCl4,halides,17,18,0.0016,2e-05,-0.00158,decrease,increase,False,0.2185301041557824,0.1704999966235099,0.6109698992207077
xgboost,general_experimental,group1,exp_pair_0001,Li5.7PS4.7Cl1.3,Li5.5PS4.5Cl1.5,argyrodites,1,2,0.0081,0.010116,0.002016,increase,decrease,False,0.9765009,0.013002249,0.010496797
xgboost,general_experimental,group1,exp_pair_0002,Li5.5PS4.5Cl1.5,Li5.4PS4.4Cl1.6,argyrodites,2,3,0.010116,0.007137,-0.002979,decrease,decrease,True,0.82297534,0.09564143,0.08138321
xgboost,general_experimental,group1,exp_pair_0003,Li5.4PS4.4Cl1.6,Li5.3PS4.3Cl1.7,argyrodites,3,4,0.007137,0.007295,0.000158,increase,decrease,False,0.80310374,0.09290913,0.10398714
xgboost,general_experimental,group1,exp_pair_0004,Li5.3PS4.3Cl1.7,Li5.5PS4.5Cl1.45I0.05,argyrodites,4,5,0.007295,0.013723,0.006428,increase,decrease,False,0.9465383,0.00837284,0.04508887
xgboost,general_experimental,group1,exp_pair_0005,Li5.5PS4.5Cl1.45I0.05,Li5.5PS4.5Cl1.4I0.1,argyrodites,5,6,0.013723,0.010312,-0.003411,decrease,decrease,True,0.9314533,0.05008597,0.018460754
xgboost,general_experimental,group1,exp_pair_0006,Li5.5PS4.5Cl1.4I0.1,Li5.5PS4.5Cl1.35I0.15,argyrodites,6,7,0.010312,0.010565,0.0002529999999999,increase,decrease,False,0.94139767,0.039944507,0.018657845
xgboost,general_experimental,group1,exp_pair_0007,Li5.5PS4.5Cl1.35I0.15,Li5.5PS4.5Cl1.3I0.2,argyrodites,7,8,0.010565,0.00823,-0.0023349999999999,decrease,decrease,True,0.9322773,0.047530554,0.02019213
xgboost,general_experimental,group1,exp_pair_0008,Li5.5PS4.5Cl1.3I0.2,Li5.5PS4.5Cl1.25I0.25,argyrodites,8,9,0.00823,0.001604,-0.006626,decrease,decrease,True,0.93154436,0.04915758,0.01929806
xgboost,general_experimental,group1,exp_pair_0009,Li5.5PS4.5Cl1.25I0.25,Li5.4PS4.4ClBr0.6,argyrodites,9,10,0.001604,0.01348,0.011876,increase,decrease,False,0.94197756,0.010665761,0.047356606
xgboost,general_experimental,group1,exp_pair_0010,Li5.4PS4.4ClBr0.6,Li5.4PS4.4ClBr0.6,argyrodites,10,11,0.01348,0.01348,0.0,unchanged,decrease,False,0.90582156,0.040590424,0.053588036
xgboost,general_experimental,group2,exp_pair_0011,Li3AsS4,Li5.5AsS4.5Br1.5,argyrodites,12,13,9.1e-05,0.01753,0.017439,increase,unchanged,False,0.17995036,0.8162071,0.003842528
xgboost,general_experimental,group2,exp_pair_0012,Li5.5AsS4.5Br1.5,Li5.5AsS4.3O0.2Br1.5,argyrodites,13,14,0.01753,0.01309,-0.0044399999999999,decrease,increase,False,0.19064887,0.21544714,0.59390396
xgboost,general_experimental,group2,exp_pair_0013,Li5.5AsS4.3O0.2Br1.5,Li5.5AsS4.1O0.4Br1.5,argyrodites,14,15,0.01309,0.01118,-0.00191,decrease,increase,False,0.22114201,0.18329608,0.5955619
xgboost,general_experimental,group2,exp_pair_0014,Li5.5AsS4.1O0.4Br1.5,Li5.5AsS3.8O0.7Br1.5,argyrodites,15,16,0.01118,0.00875,-0.00243,decrease,increase,False,0.2449625,0.11658108,0.6384564
xgboost,general_experimental,group2,exp_pair_0015,Li5.5AsS3.8O0.7Br1.5,Li5.5AsS2.5O2Br1.5,argyrodites,16,17,0.00875,0.0002817,-0.0084683,decrease,decrease,True,0.48296732,0.32712802,0.18990465
xgboost,general_experimental,group2,exp_pair_0016,Li5.5AsS2.5O2Br1.5,Li5.5As0.9Sb0.1S4.5Br1.5,argyrodites,17,18,0.0002817,0.01685,0.0165683,increase,increase,True,0.3070686,0.33447593,0.35845554
xgboost,general_experimental,group2,exp_pair_0017,Li5.5As0.9Sb0.1S4.5Br1.5,Li5.5As0.9Sb0.2S4.5Br1.5,argyrodites,18,19,0.01685,0.00906,-0.00779,decrease,unchanged,False,0.16335997,0.4975725,0.33906752
xgboost,general_experimental,group2,exp_pair_0018,Li5.5As0.9Sb0.2S4.5Br1.5,Li5.5As0.9Sb0.1S4.3O0.2Br1.5,argyrodites,19,20,0.00906,0.01255,0.00349,increase,decrease,False,0.39167053,0.30126783,0.30706167
xgboost,general_experimental,group2,exp_pair_0019,Li5.5As0.9Sb0.1S4.3O0.2Br1.5,Li6.65As0.35Si0.65S5I,argyrodites,20,21,0.01255,0.006347,-0.006203,decrease,unchanged,False,0.40622514,0.4641259,0.12964894
xgboost,general_experimental,group2,exp_pair_0020,Li6.65As0.35Si0.65S5I,Li6.7As0.3Si0.7S5I,argyrodites,21,22,0.006347,0.010615,0.004268,increase,increase,True,0.33464694,0.06853465,0.5968184
xgboost,general_experimental,group2,exp_pair_0021,Li6.7As0.3Si0.7S5I,Li6.75As0.25Si0.75S5I,argyrodites,22,23,0.010615,0.004784,-0.005831,decrease,increase,False,0.34868175,0.06130856,0.5900097
xgboost,general_experimental,group2,exp_pair_0022,Li6.75As0.25Si0.75S5I,Li6.8As0.2Si0.8S5I,argyrodites,23,24,0.004784,0.005813,0.0010289999999999,increase,increase,True,0.32994327,0.10682344,0.5632333
xgboost,general_experimental,group3,exp_pair_0023,Li6.6Sb0.4Si0.6S5I,Li6.65Sb0.35Si0.65S5I,argyrodites,25,26,0.008844,0.010755,0.001911,increase,increase,True,0.06328668,0.03388949,0.90282387
xgboost,general_experimental,group3,exp_pair_0024,Li6.65Sb0.35Si0.65S5I,Li6.7Sb0.3Si0.7S5I,argyrodites,26,27,0.010755,0.014409,0.003654,increase,increase,True,0.18187818,0.10286202,0.7152598
xgboost,general_experimental,group3,exp_pair_0025,Li6.7Sb0.3Si0.7S5I,Li6.75Sb0.25Si0.75S5I,argyrodites,27,28,0.014409,0.006307,-0.008102,decrease,increase,False,0.17681547,0.08209368,0.7410909
xgboost,general_experimental,group3,exp_pair_0026,Li6.75Sb0.25Si0.75S5I,Li6.8Sb0.2Si0.8S5I,argyrodites,28,29,0.006307,0.000927,-0.00538,decrease,increase,False,0.115111105,0.09517265,0.7897163
xgboost,general_experimental,group3,exp_pair_0027,Li6.8Sb0.2Si0.8S5I,Li6.9Sb0.3Si0.7S5.2I0.8,argyrodites,29,30,0.000927,0.0100749999999999,0.0091479999999999,increase,increase,True,0.08148798,0.056993023,0.861519
xgboost,general_experimental,group3,exp_pair_0028,Li6.9Sb0.3Si0.7S5.2I0.8,Li6.8Sb0.3Si0.7S5.1I0.9,argyrodites,30,31,0.0100749999999999,0.008795,-0.0012799999999999,decrease,decrease,True,0.6898517,0.10985571,0.20029251
xgboost,general_experimental,group3,exp_pair_0029,Li6.8Sb0.3Si0.7S5.1I0.9,Li6.7Sb0.3Si0.7S5I,argyrodites,31,32,0.008795,0.014409,0.005614,increase,decrease,False,0.61746716,0.12099125,0.2615416
xgboost,general_experimental,group3,exp_pair_0030,Li6.7Sb0.3Si0.7S5I,Li6.6Sb0.3Si0.7S4.9I1.1,argyrodites,32,33,0.014409,0.001267,-0.013142,decrease,decrease,True,0.63105553,0.12813517,0.24080926
xgboost,general_experimental,group3,exp_pair_0031,Li6.6Sb0.3Si0.7S4.9I1.1,Li6.5Sb0.3Si0.7S4.8I1.2,argyrodites,33,34,0.001267,0.00535,0.004083,increase,decrease,False,0.6672863,0.11863472,0.21407896
xgboost,general_experimental,group3,exp_pair_0032,Li6.5Sb0.3Si0.7S4.8I1.2,Li3.875Sn0.875As0.125S4,argyrodites,34,35,0.00535,0.00054,-0.00481,decrease,unchanged,False,0.37509298,0.56594014,0.058966912
xgboost,general_experimental,group4,exp_pair_0033,Li5.4PS4.3O0.1ClBr0.6,Li5.4PS4.2O0.2ClBr0.6,argyrodites,36,37,0.01149,0.01245,0.0009599999999999,increase,decrease,False,0.80228436,0.026521219,0.1711944
xgboost,general_experimental,group4,exp_pair_0034,Li5.4PS4.2O0.2ClBr0.6,Li5.4PS4O0.4ClBr0.6,argyrodites,37,38,0.01245,0.0127,0.00025,increase,increase,True,0.30309868,0.023146681,0.67375463
xgboost,general_experimental,group4,exp_pair_0035,Li5.4PS4O0.4ClBr0.6,Li5.4PS3.6O0.8ClBr0.6,argyrodites,38,39,0.0127,0.00943,-0.00327,decrease,decrease,True,0.8802604,0.013467804,0.10627183
xgboost,general_experimental,group4,exp_pair_0036,Li5.4PS3.6O0.8ClBr0.6,Li5.4PS3.2O1.2ClBr0.6,argyrodites,39,40,0.00943,0.00522,-0.0042099999999999,decrease,decrease,True,0.83939844,0.050228976,0.11037254
xgboost,general_experimental,group4,exp_pair_0037,Li5.4PS3.2O1.2ClBr0.6,Li5.4PS2.5O1.9ClBr0.6,argyrodites,40,41,0.00522,0.00123,-0.00399,decrease,decrease,True,0.4377896,0.32350278,0.23870762
xgboost,general_experimental,group4,exp_pair_0038,Li5.4PS2.5O1.9ClBr0.6,Li5.4PS4O0.4Cl0.95F0.05Br0.6,argyrodites,41,42,0.00123,0.01322,0.01199,increase,decrease,False,0.52086,0.3798764,0.0992636
xgboost,general_experimental,group4,exp_pair_0039,Li5.4PS4O0.4Cl0.95F0.05Br0.6,Li5.4PS4O0.4Cl0.9F0.1Br0.6,mixed,42,43,0.01322,0.01309,-0.0001299999999999,decrease,decrease,True,0.6735849,0.09773094,0.2286842
xgboost,general_experimental,group4,exp_pair_0040,Li5.4PS4O0.4Cl0.9F0.1Br0.6,Li5.4PS4O0.4Cl0.85F0.15Br0.6,thio_lisicon,43,44,0.01309,0.01001,-0.00308,decrease,decrease,True,0.7167808,0.13489163,0.1483276
xgboost,general_experimental,group4,exp_pair_0041,Li5.4PS4O0.4Cl0.85F0.15Br0.6,Li5.4PS4O0.4Cl0.8F0.2Br0.6,mixed,44,45,0.01001,0.00509,-0.00492,decrease,decrease,True,0.74105585,0.14775991,0.111184195
xgboost,general_experimental,group5,exp_pair_0042,Li5.4P0.9Sn0.1S4.4ClBr0.6,Li5.4P0.8Sn0.2S4.4ClBr0.6,argyrodites,46,47,0.01346,0.00909,-0.00437,decrease,decrease,True,0.5130828,0.3430242,0.14389303
xgboost,general_experimental,group5,exp_pair_0043,Li5.4P0.8Sn0.2S4.4ClBr0.6,Li5.4P0.6Sn0.4S4.4ClBr0.6,argyrodites,47,48,0.00909,0.00332,-0.00577,decrease,decrease,True,0.73655504,0.037010167,0.22643475
xgboost,general_experimental,group5,exp_pair_0044,Li5.4P0.6Sn0.4S4.4ClBr0.6,Li5.4P0.9Sn0.1S4.2O0.2ClBr0.6,argyrodites,48,49,0.00332,0.01077,0.00745,increase,decrease,False,0.80609894,0.03983349,0.15406758
xgboost,general_experimental,group5,exp_pair_0045,Li5.4P0.9Sn0.1S4.2O0.2ClBr0.6,Li5.4P0.8Sn0.2S4O0.4ClBr0.6,argyrodites,49,50,0.01077,0.00591,-0.00486,decrease,increase,False,0.16724397,0.14326164,0.6894944
xgboost,general_experimental,group5,exp_pair_0046,Li5.4P0.8Sn0.2S4O0.4ClBr0.6,Li5.4P0.9Si0.1S4.2O0.2ClBr0.6,argyrodites,50,51,0.00591,0.01033,0.00442,increase,decrease,False,0.74399847,0.12896127,0.12704031
xgboost,general_experimental,group5,exp_pair_0047,Li5.4P0.9Si0.1S4.2O0.2ClBr0.6,Li5.4P0.8Si0.2S4O0.4ClBr0.6,argyrodites,51,52,0.01033,0.00531,-0.00502,decrease,increase,False,0.099472605,0.038960915,0.86156654
xgboost,general_experimental,group6,exp_pair_0048,Li10SnP2S12,Li9.9SnP2S11.8Cl0.1O0.1,lgps,53,54,0.00619,0.00486,-0.0013299999999999,decrease,decrease,True,0.9162209,0.01926658,0.06451253
xgboost,general_experimental,group6,exp_pair_0049,Li9.9SnP2S11.8Cl0.1O0.1,Li10SnP1.8Sb0.2S11.8O0.2,lgps,54,55,0.00486,0.004,-0.00086,decrease,increase,False,0.3439649,0.027636936,0.6283981
xgboost,general_experimental,group6,exp_pair_0050,Li10SnP1.8Sb0.2S11.8O0.2,Li10SnP1.8Sb0.3S11.8O0.4,lgps,55,56,0.004,0.0016,-0.0024,decrease,decrease,True,0.8110915,0.002705552,0.18620294
xgboost,general_experimental,group6,exp_pair_0051,Li10SnP1.8Sb0.3S11.8O0.4,Li10SiP2S12,lgps,56,57,0.0016,0.00151,-9.000000000000002e-05,unchanged,decrease,False,0.90371215,0.00432327,0.091964535
xgboost,general_experimental,group6,exp_pair_0052,Li10SiP2S12,Li10Si0.3Sn0.7P2S12,lgps,57,58,0.00151,0.00642,0.00491,increase,decrease,False,0.61967915,0.028783273,0.35153753
xgboost,general_experimental,group6,exp_pair_0053,Li10Si0.3Sn0.7P2S12,Li10SnP2S11.8O0.2,lgps,58,59,0.00642,0.00452,-0.0019,decrease,decrease,True,0.8961448,0.0154306805,0.08842458
xgboost,general_experimental,group6,exp_pair_0054,Li10SnP2S11.8O0.2,Li10SiP2S11.8O0.2,lgps,59,60,0.00452,0.00124,-0.00328,decrease,increase,False,0.17628273,0.105218716,0.7184986
xgboost,general_experimental,group6,exp_pair_0055,Li10SiP2S11.8O0.2,Li10Si0.3Sn0.7P2S11.8O0.2,lgps,60,61,0.00124,0.00495,0.00371,increase,decrease,False,0.7022443,0.071775876,0.2259798
xgboost,general_experimental,group6,exp_pair_0056,Li10Si0.3Sn0.7P2S11.8O0.2,Li6.7Si0.7Sb0.3S4.8Se0.2I,mixed,61,62,0.00495,0.016357,0.011407,increase,unchanged,False,0.2050755,0.4263819,0.3685426
xgboost,general_experimental,group6,exp_pair_0057,Li6.7Si0.7Sb0.3S4.8Se0.2I,Li6.7Si0.7Sb0.3S4.9O0.1I,argyrodites,62,63,0.016357,0.014154,-0.002203,decrease,increase,False,0.11448295,0.055389836,0.8301272
xgboost,general_experimental,group6,exp_pair_0058,Li6.7Si0.7Sb0.3S4.9O0.1I,Li6.7Si0.7Sb0.3S4.8O0.2I,argyrodites,63,64,0.014154,0.012508,-0.001646,decrease,increase,False,0.15488882,0.13031194,0.7147992
xgboost,general_experimental,group6,exp_pair_0059,Li6.7Si0.7Sb0.3S4.8O0.2I,Li6.7Si0.7Sb0.3S4.7O0.3I,argyrodites,64,65,0.012508,0.011847,-0.000661,decrease,increase,False,0.17371301,0.120484225,0.70580274
xgboost,general_experimental,group6,exp_pair_0060,Li6.7Si0.7Sb0.3S4.7O0.3I,Li6.7Si0.7Sb0.3S4.6O0.4I,argyrodites,65,66,0.011847,0.010453,-0.0013939999999999,decrease,unchanged,False,0.12435186,0.52909887,0.34654924
xgboost,general_experimental,group6,exp_pair_0061,Li6.7Si0.7Sb0.3S4.6O0.4I,Li6.7Si0.7Sb0.3S4.5O0.5I,argyrodites,66,67,0.010453,0.009145,-0.001308,decrease,unchanged,False,0.25545913,0.38654914,0.35799173
xgboost,general_experimental,group6,exp_pair_0062,Li6.7Si0.7Sb0.3S4.5O0.5I,Li6.7Si0.7Sb0.25As0.05S4.8O0.2I,argyrodites,67,68,0.009145,0.012117,0.002972,increase,increase,True,0.058228776,0.04606405,0.8957072
xgboost,general_experimental,group6,exp_pair_0063,Li6.7Si0.7Sb0.25As0.05S4.8O0.2I,Li6.7Si0.7Sb0.2As0.1S4.8O0.2I,argyrodites,68,69,0.012117,0.013872,0.0017549999999999,increase,increase,True,0.2900903,0.19221412,0.5176956
xgboost,general_experimental,group6,exp_pair_0064,Li6.7Si0.7Sb0.2As0.1S4.8O0.2I,Li6.7Si0.7Sb0.15As0.15S4.8O0.2I,argyrodites,69,70,0.013872,0.012704,-0.0011679999999999,decrease,increase,False,0.21068506,0.2848125,0.5045024
xgboost,general_experimental,group6,exp_pair_0065,Li6.7Si0.7Sb0.15As0.15S4.8O0.2I,Li6.7Si0.7Sb0.3S4.6Se0.2O0.2I,argyrodites,70,71,0.012704,0.01329,0.0005859999999999,increase,increase,True,0.33590916,0.27714184,0.38694903
xgboost,general_experimental,group6,exp_pair_0066,Li6.7Si0.7Sb0.3S4.6Se0.2O0.2I,Li6.7Si0.7Sb0.3S4.4Se0.3O0.3I,argyrodites,71,72,0.01329,0.012074,-0.001216,decrease,increase,False,0.37601355,0.08598508,0.53800136
xgboost,general_experimental,group7,exp_pair_0067,Li2.8Zr0.75Al0.25O1.4Cl3.75,Li2ZrP0.6667O2.6667Cl4,halides,73,74,0.001642,0.002056,0.000414,increase,decrease,False,0.7303713,0.05863136,0.21099739
xgboost,general_experimental,group7,exp_pair_0068,Li2ZrP0.6667O2.6667Cl4,LiZrS0.5O2Cl4,halides,74,75,0.002056,0.001374,-0.0006819999999999,decrease,decrease,True,0.7002244,0.019561477,0.2802141
xgboost,general_experimental,group7,exp_pair_0069,LiZrS0.5O2Cl4,Li1.2FeO1.2H1.2Cl3,halides,75,76,0.001374,0.001062,-0.000312,decrease,unchanged,False,0.21888207,0.58040535,0.2007126
xgboost,general_experimental,group7,exp_pair_0070,Li1.2FeO1.2H1.2Cl3,Li2ZrCl6,halides,76,77,0.001062,0.0004109999999999,-0.000651,decrease,unchanged,False,0.16518216,0.8245825,0.010235392
xgboost,general_experimental,group7,exp_pair_0071,Li2ZrCl6,Li3Zr0.75OCl4,halides,77,78,0.0004109999999999,0.0010049999999999,0.0005939999999999,increase,unchanged,False,0.28769842,0.6463762,0.06592541
xgboost,general_experimental,group7,exp_pair_0072,Li3Zr0.75OCl4,Li1.75ZrCl4.75O0.5,halides,78,79,0.0010049999999999,0.001008,3.0000000000001813e-06,unchanged,decrease,False,0.9741737,0.005581318,0.020244956
xgboost,general_experimental,group8,exp_pair_0073,Li5.43P0.97Zr0.03S4.34O0.06ClBr0.6,Li5.45P0.95Zr0.05S4.3O0.1ClBr0.6,argyrodites,80,81,0.0118599999999999,0.01091,-0.0009499999999999,decrease,increase,False,0.25735986,0.04483241,0.69780767
xgboost,general_experimental,group8,exp_pair_0074,Li5.45P0.95Zr0.05S4.3O0.1ClBr0.6,Li5.47P0.93Zr0.07S4.26O0.14ClBr0.6,argyrodites,81,82,0.01091,0.00873,-0.0021799999999999,decrease,increase,False,0.32321715,0.060344134,0.61643875
xgboost,general_experimental,group8,exp_pair_0075,Li5.47P0.93Zr0.07S4.26O0.14ClBr0.6,Li5.5P0.9Zr0.1S4.2O0.2ClBr0.6,argyrodites,82,83,0.00873,0.00859,-0.0001399999999999,decrease,decrease,True,0.56849915,0.025545733,0.40595514
xgboost,general_experimental,group8,exp_pair_0076,Li5.5P0.9Zr0.1S4.2O0.2ClBr0.6,Li5.6P0.85Zr0.2S4O0.4ClBr0.6,argyrodites,83,84,0.00859,0.00273,-0.00586,decrease,increase,False,0.13153233,0.007200441,0.86126727
xgboost,general_experimental,group8,exp_pair_0077,Li5.6P0.85Zr0.2S4O0.4ClBr0.6,Li5.7P0.7Zr0.3S3.8O0.6ClBr0.6,argyrodites,84,85,0.00273,0.00066,-0.00207,decrease,increase,False,0.1750374,0.012122952,0.8128397
xgboost,general_experimental,group8,exp_pair_0078,Li5.7P0.7Zr0.3S3.8O0.6ClBr0.6,Li3.45Sn0.09Si0.36P0.55S3.65O0.35,mixed,85,86,0.00066,0.0054,0.00474,increase,decrease,False,0.52299577,0.026946012,0.45005825
xgboost,general_experimental,group8,exp_pair_0079,Li3.45Sn0.09Si0.36P0.55S3.65O0.35,Li9.54Si1.566Sn0.174P1.44S11.1Br0.3O0.6,mixed,86,87,0.0054,0.0099,0.0045,increase,increase,True,0.38941595,0.09171505,0.518869
xgboost,general_experimental,group8,exp_pair_0080,Li9.54Si1.566Sn0.174P1.44S11.1Br0.3O0.6,Li9.54Si1.566Sn0.174P1.34Sb0.1S11.1Br0.3O0.6,lgps,87,88,0.0099,0.00922,-0.00068,decrease,decrease,True,0.70666975,0.25734174,0.035988506
xgboost,general_experimental,group8,exp_pair_0081,Li9.54Si1.566Sn0.174P1.34Sb0.1S11.1Br0.3O0.6,Li9.54Si1.566Sn0.174P1.34Sb0.2S11.1Br0.3O0.6,lgps,88,89,0.00922,0.00999,0.0007699999999999,increase,decrease,False,0.7388551,0.071026444,0.1901184
xgboost,general_experimental,group8,exp_pair_0082,Li9.54Si1.566Sn0.174P1.34Sb0.2S11.1Br0.3O0.6,Li9.54Si1.566Sn0.174P1.34Sb0.3S11.1Br0.3O0.6,lgps,89,90,0.00999,0.00813,-0.0018599999999999,decrease,decrease,True,0.8976908,0.05240795,0.049901254
xgboost,general_experimental,group8,exp_pair_0083,Li9.54Si1.566Sn0.174P1.34Sb0.3S11.1Br0.3O0.6,Li9.54Si1.566Sn0.174P1.34As0.1S11.1Br0.3O0.6,lgps,90,91,0.00813,0.01236,0.0042299999999999,increase,increase,True,0.42056867,0.059616435,0.51981485
xgboost,general_experimental,group8,exp_pair_0084,Li9.54Si1.566Sn0.174P1.34As0.1S11.1Br0.3O0.6,Li9.54Si1.566Sn0.174P1.34As0.2S11.1Br0.3O0.6,lgps,91,92,0.01236,0.01357,0.00121,increase,increase,True,0.41054845,0.095198356,0.49425322
xgboost,general_experimental,group8,exp_pair_0085,Li9.54Si1.566Sn0.174P1.34As0.2S11.1Br0.3O0.6,Li9.54Si1.566Sn0.174P1.34As0.3S11.1Br0.3O0.6,lgps,92,93,0.01357,0.01055,-0.00302,decrease,decrease,True,0.49752802,0.38553113,0.116940804
xgboost,general_experimental,group8,exp_pair_0086,Li9.54Si1.566Sn0.174P1.34As0.3S11.1Br0.3O0.6,Li9.54Si1.74P1.44S11.7Br0.3,lgps,93,94,0.01055,0.0058,-0.00475,decrease,decrease,True,0.9604719,0.018327063,0.02120105
xgboost,general_experimental,group8,exp_pair_0087,Li9.54Si1.74P1.44S11.7Br0.3,Li9.54Si1.74P1.44S11.4Br0.3O0.3,lgps,94,95,0.0058,0.0088,0.003,increase,increase,True,0.06698582,0.0026932165,0.9303209
xgboost,general_experimental,group8,exp_pair_0088,Li9.54Si1.74P1.44S11.4Br0.3O0.3,Li9.54Si1.74P1.44S11.1Br0.3O0.6,lgps,95,96,0.0088,0.0109,0.0020999999999999,increase,increase,True,0.29171225,0.0071834503,0.70110434
xgboost,general_experimental,group8,exp_pair_0089,Li9.54Si1.74P1.44S11.1Br0.3O0.6,Li9.54Si1.74P1.44S10.8Br0.3O0.9,lgps,96,97,0.0109,0.0067,-0.0042,decrease,increase,False,0.31921577,0.012480787,0.6683035
xgboost,general_experimental,group8,exp_pair_0090,Li9.54Si1.74P1.44S10.8Br0.3O0.9,Li9.54(Si0.9Ge0.1)1.74P1.44S11.1Br0.3O0.6,lgps,97,98,0.0067,0.0123,0.0056,increase,decrease,False,0.84581107,0.008072429,0.14611652
xgboost,general_experimental,group8,exp_pair_0091,Li9.54(Si0.9Ge0.1)1.74P1.44S11.1Br0.3O0.6,Li9.54(Si0.8Ge0.2)1.74P1.44S11.1Br0.3O0.6,lgps,98,99,0.0123,0.0113,-0.0009999999999999,decrease,decrease,True,0.9160493,0.07139639,0.012554316
xgboost,general_experimental,group8,exp_pair_0092,Li9.54(Si0.8Ge0.2)1.74P1.44S11.1Br0.3O0.6,Li9.54(Si0.7Ge0.3)1.74P1.44S11.1Br0.3O0.6,lgps,99,100,0.0113,0.0135,0.0021999999999999,increase,decrease,False,0.93682295,0.05221806,0.010958948
xgboost,general_experimental,group8,exp_pair_0093,Li9.54(Si0.7Ge0.3)1.74P1.44S11.1Br0.3O0.6,Li9.54(Si0.6Ge0.4)1.74P1.44S11.1Br0.3O0.6,lgps,100,101,0.0135,0.0136,9.99999999999994e-05,unchanged,decrease,False,0.92709506,0.06543858,0.0074663875
xgboost,general_experimental,group8,exp_pair_0094,Li9.54(Si0.6Ge0.4)1.74P1.44S11.1Br0.3O0.6,Li9.54(Si0.5Ge0.5)1.74P1.44S11.1Br0.3O0.6,lgps,101,102,0.0136,0.0138,0.0002,increase,decrease,False,0.5873372,0.17499669,0.2376661
xgboost,general_experimental,group8,exp_pair_0095,Li9.54(Si0.5Ge0.5)1.74P1.44S11.1Br0.3O0.6,Li9.54(Si0.4Ge0.6)1.74P1.44S11.1Br0.3O0.6,lgps,102,103,0.0138,0.0127,-0.0011,decrease,decrease,True,0.6186281,0.06489638,0.31647554
xgboost,general_experimental,group8,exp_pair_0096,Li9.54(Si0.4Ge0.6)1.74P1.44S11.1Br0.3O0.6,Li9.54(Si0.3Ge0.7)1.74P1.44S11.1Br0.3O0.6,lgps,103,104,0.0127,0.0111,-0.0015999999999999,decrease,decrease,True,0.9211806,0.040616106,0.03820327
xgboost,general_experimental,group8,exp_pair_0097,Li9.54(Si0.3Ge0.7)1.74P1.44S11.1Br0.3O0.6,Li9.54(Si0.2Ge0.8)1.74P1.44S11.1Br0.3O0.6,lgps,104,105,0.0111,0.0079,-0.0031999999999999,decrease,decrease,True,0.94076693,0.029936627,0.029296447
xgboost,general_experimental,group8,exp_pair_0098,Li9.54(Si0.2Ge0.8)1.74P1.44S11.1Br0.3O0.6,Li9.54(Si0.1Ge0.9)1.74P1.44S11.1Br0.3O0.6,lgps,105,106,0.0079,0.0054,-0.0025,decrease,decrease,True,0.9263674,0.032395437,0.041237134
xgboost,general_experimental,group8,exp_pair_0099,Li9.54(Si0.1Ge0.9)1.74P1.44S11.1Br0.3O0.6,Li9.54Ge1.74P1.44S11.1Br0.3O0.6,lgps,106,107,0.0054,0.0040999999999999,-0.0013,decrease,decrease,True,0.8631125,0.016948996,0.119938456
xgboost,general_experimental,group8,exp_pair_0100,Li9.54Ge1.74P1.44S11.1Br0.3O0.6,Li9.54(Si0.9Sn0.1)1.74P1.44S11.1Br0.3O0.6,lgps,107,108,0.0040999999999999,0.0115,0.0074,increase,increase,True,0.019845545,0.017071772,0.9630827
xgboost,general_experimental,group8,exp_pair_0101,Li9.54(Si0.9Sn0.1)1.74P1.44S11.1Br0.3O0.6,Li9.54(Si0.8Sn0.2)1.74P1.44S11.1Br0.3O0.6,lgps,108,109,0.0115,0.0088,-0.0026999999999999,decrease,decrease,True,0.91201913,0.06978477,0.018196052
xgboost,general_experimental,group8,exp_pair_0102,Li9.54(Si0.8Sn0.2)1.74P1.44S11.1Br0.3O0.6,Li9.54(Si0.7Sn0.3)1.74P1.44S11.1Br0.3O0.6,lgps,109,110,0.0088,0.0077,-0.0011,decrease,decrease,True,0.94313294,0.029102877,0.02776424
xgboost,general_experimental,group8,exp_pair_0103,Li9.54(Si0.7Sn0.3)1.74P1.44S11.1Br0.3O0.6,Li9.54(Si0.6Sn0.4)1.74P1.44S11.1Br0.3O0.6,lgps,110,111,0.0077,0.0067,-0.001,decrease,decrease,True,0.93004245,0.04227691,0.027680632
xgboost,general_experimental,group8,exp_pair_0104,Li9.54(Si0.6Sn0.4)1.74P1.44S11.1Br0.3O0.6,Li9.54(Si0.5Sn0.5)1.74P1.44S11.1Br0.3O0.6,lgps,111,112,0.0067,0.0049,-0.0017999999999999,decrease,decrease,True,0.5247876,0.09038639,0.38482603
xgboost,general_experimental,group8,exp_pair_0105,Li9.54(Si0.5Sn0.5)1.74P1.44S11.1Br0.3O0.6,Li9.54(Si0.4Sn0.6)1.74P1.44S11.1Br0.3O0.6,lgps,112,113,0.0049,0.0045,-0.0004,decrease,decrease,True,0.6160098,0.06586135,0.31812888
xgboost,halide,group1,halide_pair_0001,Li4ZrCl4O2,Li2.25Zr0.75In0.25Cl6,halides,1,2,0.0015,0.00037,-0.00113,decrease,decrease,True,0.5293989,0.009702722,0.46089837
xgboost,halide,group1,halide_pair_0002,Li2.25Zr0.75In0.25Cl6,Li2.4Zr0.8Zn0.2Cl6,halides,2,3,0.00037,0.0003,-7.000000000000002e-05,unchanged,increase,False,0.24523541,0.25434342,0.50042117
xgboost,halide,group1,halide_pair_0003,Li2.4Zr0.8Zn0.2Cl6,Li2ZrCl5Br,halides,3,4,0.0003,8.900000000000001e-05,-0.000211,decrease,decrease,True,0.9830976,0.008128152,0.008774232
xgboost,halide,group1,halide_pair_0004,Li2ZrCl5Br,Li2.4Zr0.7In0.2Zn0.1Cl6,halides,4,5,8.900000000000001e-05,0.00031,0.000221,increase,unchanged,False,0.4153001,0.42680934,0.15789056
xgboost,halide,group1,halide_pair_0005,Li2.4Zr0.7In0.2Zn0.1Cl6,Li2.9Zr0.2Y0.5In0.2Zn0.1Cl6,halides,5,6,0.00031,0.00018,-0.00013,decrease,increase,False,0.0160095,0.12055724,0.86343324
xgboost,halide,group1,halide_pair_0006,Li2.9Zr0.2Y0.5In0.2Zn0.1Cl6,Li2.7Zr0.4Y0.3In0.2Zn0.1Cl6,halides,6,7,0.00018,0.00028,9.999999999999996e-05,unchanged,increase,False,0.12442383,0.0039297473,0.87164646
xgboost,halide,group1,halide_pair_0007,Li2.7Zr0.4Y0.3In0.2Zn0.1Cl6,Li2.5Y0.5Zr0.5Cl6,halides,7,8,0.00028,0.00074,0.00046,increase,increase,True,0.25025678,0.03676536,0.7129779
xgboost,halide,group2,halide_pair_0008,Li2.5Y0.5Zr0.5Cl6 + 5wt%ZrCl4,Li2.5Y0.5Zr0.5Cl5.5Br0.5 + 5wt%ZrCl4,halides,9,10,0.0013,0.0014,9.999999999999984e-05,unchanged,increase,False,0.18601592,0.03175772,0.7822264
xgboost,halide,group2,halide_pair_0009,Li2.5Y0.5Zr0.5Cl5.5Br0.5 + 5wt%ZrCl4,Li2.5Y0.5Zr0.5Cl5Br + 5wt%ZrCl4,halides,10,11,0.0014,0.0011,-0.0002999999999999,decrease,increase,False,0.28654486,0.045662694,0.6677925
xgboost,halide,group2,halide_pair_0010,Li2.5Y0.5Zr0.5Cl5Br + 5wt%ZrCl4,Li2.5Y0.5Zr0.5Cl4.5Br1.5 + 5wt%ZrCl4,halides,11,12,0.0011,0.0011,0.0,unchanged,increase,False,0.38297942,0.04102995,0.5759907
xgboost,halide,group2,halide_pair_0011,Li2.5Y0.5Zr0.5Cl4.5Br1.5 + 5wt%ZrCl4,Li2.9Y0.9Zr0.1Cl4.5Br1.5 + 5wt%ZrCl4,halides,12,13,0.0011,0.0015,0.0003999999999999,increase,increase,True,0.28253916,0.11631354,0.6011473
xgboost,halide,group2,halide_pair_0012,Li2.9Y0.9Zr0.1Cl4.5Br1.5 + 5wt%ZrCl4,Li2.8Y0.8Zr0.2Cl4.5Br1.5 + 5wt%ZrCl4,halides,13,14,0.0015,0.0016,0.0001,increase,increase,True,0.014350428,0.0038205704,0.98182905
xgboost,halide,group2,halide_pair_0013,Li2.8Y0.8Zr0.2Cl4.5Br1.5 + 5wt%ZrCl4,Li2.7Y0.7Zr0.3Cl4.5Br1.5 + 5wt%ZrCl4,halides,14,15,0.0016,0.0016,0.0,unchanged,increase,False,0.04146703,0.0067248316,0.95180815
xgboost,halide,group2,halide_pair_0014,Li2.7Y0.7Zr0.3Cl4.5Br1.5 + 5wt%ZrCl4,Li2.6Y0.6Zr0.4Cl4.5Br1.5 + 5wt%ZrCl4,halides,15,16,0.0016,0.0015,-0.0001,decrease,increase,False,0.04509324,0.0024467097,0.95246005
xgboost,halide,group2,halide_pair_0015,Li2.6Y0.6Zr0.4Cl4.5Br1.5 + 5wt%ZrCl4,Li2.7Y0.7Zr0.3Cl5.5Br0.5 + 5wt%ZrCl4,halides,16,17,0.0015,0.0016,0.0001,increase,increase,True,0.061115168,0.0061635296,0.9327213
xgboost,halide,group2,halide_pair_0016,Li2.7Y0.7Zr0.3Cl5.5Br0.5 + 5wt%ZrCl4,Li3.15Y0.75Zr0.05Zn0.2Cl6 + 5wt%ZrCl4,halides,17,18,0.0016,2e-05,-0.00158,decrease,increase,False,0.020547004,0.021912111,0.9575409
lightgbm,general_experimental,group1,exp_pair_0001,Li5.7PS4.7Cl1.3,Li5.5PS4.5Cl1.5,argyrodites,1,2,0.0081,0.010116,0.002016,increase,decrease,False,0.924894340190996,0.0275719283895258,0.0475337314194779
lightgbm,general_experimental,group1,exp_pair_0002,Li5.5PS4.5Cl1.5,Li5.4PS4.4Cl1.6,argyrodites,2,3,0.010116,0.007137,-0.002979,decrease,decrease,True,0.7551772430910992,0.0977755195967853,0.1470472373121152
lightgbm,general_experimental,group1,exp_pair_0003,Li5.4PS4.4Cl1.6,Li5.3PS4.3Cl1.7,argyrodites,3,4,0.007137,0.007295,0.000158,increase,decrease,False,0.7565318450071729,0.0939067199805597,0.1495614350122673
lightgbm,general_experimental,group1,exp_pair_0004,Li5.3PS4.3Cl1.7,Li5.5PS4.5Cl1.45I0.05,argyrodites,4,5,0.007295,0.013723,0.006428,increase,decrease,False,0.6298198415150554,0.0889660312173927,0.2812141272675519
lightgbm,general_experimental,group1,exp_pair_0005,Li5.5PS4.5Cl1.45I0.05,Li5.5PS4.5Cl1.4I0.1,argyrodites,5,6,0.013723,0.010312,-0.003411,decrease,decrease,True,0.7659138884176687,0.1724243922673248,0.0616617193150064
lightgbm,general_experimental,group1,exp_pair_0006,Li5.5PS4.5Cl1.4I0.1,Li5.5PS4.5Cl1.35I0.15,argyrodites,6,7,0.010312,0.010565,0.0002529999999999,increase,decrease,False,0.7920073612593486,0.1457410429664522,0.0622515957741991
lightgbm,general_experimental,group1,exp_pair_0007,Li5.5PS4.5Cl1.35I0.15,Li5.5PS4.5Cl1.3I0.2,argyrodites,7,8,0.010565,0.00823,-0.0023349999999999,decrease,decrease,True,0.7773687590106619,0.1652671859887899,0.057364055000548
lightgbm,general_experimental,group1,exp_pair_0008,Li5.5PS4.5Cl1.3I0.2,Li5.5PS4.5Cl1.25I0.25,argyrodites,8,9,0.00823,0.001604,-0.006626,decrease,decrease,True,0.7762866634625244,0.1664270692807515,0.057286267256724
lightgbm,general_experimental,group1,exp_pair_0009,Li5.5PS4.5Cl1.25I0.25,Li5.4PS4.4ClBr0.6,argyrodites,9,10,0.001604,0.01348,0.011876,increase,decrease,False,0.9305604375045552,0.0246270362399885,0.0448125262554564
lightgbm,general_experimental,group1,exp_pair_0010,Li5.4PS4.4ClBr0.6,Li5.4PS4.4ClBr0.6,argyrodites,10,11,0.01348,0.01348,0.0,unchanged,decrease,False,0.6865530379300127,0.2102558783727343,0.1031910836972528
lightgbm,general_experimental,group2,exp_pair_0011,Li3AsS4,Li5.5AsS4.5Br1.5,argyrodites,12,13,9.1e-05,0.01753,0.017439,increase,unchanged,False,0.2159725529018382,0.7235337923943298,0.060493654703832
lightgbm,general_experimental,group2,exp_pair_0012,Li5.5AsS4.5Br1.5,Li5.5AsS4.3O0.2Br1.5,argyrodites,13,14,0.01753,0.01309,-0.0044399999999999,decrease,increase,False,0.3907413806695538,0.1405105736647732,0.4687480456656729
lightgbm,general_experimental,group2,exp_pair_0013,Li5.5AsS4.3O0.2Br1.5,Li5.5AsS4.1O0.4Br1.5,argyrodites,14,15,0.01309,0.01118,-0.00191,decrease,increase,False,0.3906159893859627,0.1390063173820634,0.4703776932319738
lightgbm,general_experimental,group2,exp_pair_0014,Li5.5AsS4.1O0.4Br1.5,Li5.5AsS3.8O0.7Br1.5,argyrodites,15,16,0.01118,0.00875,-0.00243,decrease,increase,False,0.3932433422923184,0.0804661570065203,0.5262905007011612
lightgbm,general_experimental,group2,exp_pair_0015,Li5.5AsS3.8O0.7Br1.5,Li5.5AsS2.5O2Br1.5,argyrodites,16,17,0.00875,0.0002817,-0.0084683,decrease,decrease,True,0.4252584458573132,0.2734354343397244,0.3013061198029625
lightgbm,general_experimental,group2,exp_pair_0016,Li5.5AsS2.5O2Br1.5,Li5.5As0.9Sb0.1S4.5Br1.5,argyrodites,17,18,0.0002817,0.01685,0.0165683,increase,increase,True,0.2055059785794341,0.2201617279345891,0.5743322934859767
lightgbm,general_experimental,group2,exp_pair_0017,Li5.5As0.9Sb0.1S4.5Br1.5,Li5.5As0.9Sb0.2S4.5Br1.5,argyrodites,18,19,0.01685,0.00906,-0.00779,decrease,increase,False,0.1421711699750398,0.2040303285826309,0.6537985014423292
lightgbm,general_experimental,group2,exp_pair_0018,Li5.5As0.9Sb0.2S4.5Br1.5,Li5.5As0.9Sb0.1S4.3O0.2Br1.5,argyrodites,19,20,0.00906,0.01255,0.00349,increase,increase,True,0.2759997625999853,0.2572312299154831,0.4667690074845316
lightgbm,general_experimental,group2,exp_pair_0019,Li5.5As0.9Sb0.1S4.3O0.2Br1.5,Li6.65As0.35Si0.65S5I,argyrodites,20,21,0.01255,0.006347,-0.006203,decrease,unchanged,False,0.1006131615121426,0.6264757800893904,0.272911058398467
lightgbm,general_experimental,group2,exp_pair_0020,Li6.65As0.35Si0.65S5I,Li6.7As0.3Si0.7S5I,argyrodites,21,22,0.006347,0.010615,0.004268,increase,increase,True,0.1711448034272532,0.300672566827338,0.5281826297454087
lightgbm,general_experimental,group2,exp_pair_0021,Li6.7As0.3Si0.7S5I,Li6.75As0.25Si0.75S5I,argyrodites,22,23,0.010615,0.004784,-0.005831,decrease,increase,False,0.1696347227222969,0.2728328736440339,0.5575324036336691
lightgbm,general_experimental,group2,exp_pair_0022,Li6.75As0.25Si0.75S5I,Li6.8As0.2Si0.8S5I,argyrodites,23,24,0.004784,0.005813,0.0010289999999999,increase,increase,True,0.1840854875470038,0.3009910721492695,0.5149234403037267
lightgbm,general_experimental,group3,exp_pair_0023,Li6.6Sb0.4Si0.6S5I,Li6.65Sb0.35Si0.65S5I,argyrodites,25,26,0.008844,0.010755,0.001911,increase,increase,True,0.0700570537438073,0.2209103756614724,0.7090325705947202
lightgbm,general_experimental,group3,exp_pair_0024,Li6.65Sb0.35Si0.65S5I,Li6.7Sb0.3Si0.7S5I,argyrodites,26,27,0.010755,0.014409,0.003654,increase,increase,True,0.0989745983718899,0.3885077855771122,0.5125176160509979
lightgbm,general_experimental,group3,exp_pair_0025,Li6.7Sb0.3Si0.7S5I,Li6.75Sb0.25Si0.75S5I,argyrodites,27,28,0.014409,0.006307,-0.008102,decrease,increase,False,0.0945400534687638,0.3527296215035556,0.5527303250276806
lightgbm,general_experimental,group3,exp_pair_0026,Li6.75Sb0.25Si0.75S5I,Li6.8Sb0.2Si0.8S5I,argyrodites,28,29,0.006307,0.000927,-0.00538,decrease,increase,False,0.0845615618849223,0.3041122795581147,0.6113261585569629
lightgbm,general_experimental,group3,exp_pair_0027,Li6.8Sb0.2Si0.8S5I,Li6.9Sb0.3Si0.7S5.2I0.8,argyrodites,29,30,0.000927,0.0100749999999999,0.0091479999999999,increase,increase,True,0.0560451753292172,0.0946886409049043,0.8492661837658784
lightgbm,general_experimental,group3,exp_pair_0028,Li6.9Sb0.3Si0.7S5.2I0.8,Li6.8Sb0.3Si0.7S5.1I0.9,argyrodites,30,31,0.0100749999999999,0.008795,-0.0012799999999999,decrease,unchanged,False,0.3395227029462917,0.388199967587775,0.2722773294659332
lightgbm,general_experimental,group3,exp_pair_0029,Li6.8Sb0.3Si0.7S5.1I0.9,Li6.7Sb0.3Si0.7S5I,argyrodites,31,32,0.008795,0.014409,0.005614,increase,unchanged,False,0.2865034646643395,0.4255462921823368,0.2879502431533237
lightgbm,general_experimental,group3,exp_pair_0030,Li6.7Sb0.3Si0.7S5I,Li6.6Sb0.3Si0.7S4.9I1.1,argyrodites,32,33,0.014409,0.001267,-0.013142,decrease,unchanged,False,0.2974067723206831,0.4750068643738623,0.2275863633054546
lightgbm,general_experimental,group3,exp_pair_0031,Li6.6Sb0.3Si0.7S4.9I1.1,Li6.5Sb0.3Si0.7S4.8I1.2,argyrodites,33,34,0.001267,0.00535,0.004083,increase,unchanged,False,0.3408932862461736,0.4246209905323145,0.2344857232215118
lightgbm,general_experimental,group3,exp_pair_0032,Li6.5Sb0.3Si0.7S4.8I1.2,Li3.875Sn0.875As0.125S4,argyrodites,34,35,0.00535,0.00054,-0.00481,decrease,unchanged,False,0.4396730567125302,0.4818174905528781,0.0785094527345916
lightgbm,general_experimental,group4,exp_pair_0033,Li5.4PS4.3O0.1ClBr0.6,Li5.4PS4.2O0.2ClBr0.6,argyrodites,36,37,0.01149,0.01245,0.0009599999999999,increase,decrease,False,0.5212477636944767,0.1054984158075225,0.3732538204980007
lightgbm,general_experimental,group4,exp_pair_0034,Li5.4PS4.2O0.2ClBr0.6,Li5.4PS4O0.4ClBr0.6,argyrodites,37,38,0.01245,0.0127,0.00025,increase,increase,True,0.3500993254003395,0.0360778798649095,0.6138227947347509
lightgbm,general_experimental,group4,exp_pair_0035,Li5.4PS4O0.4ClBr0.6,Li5.4PS3.6O0.8ClBr0.6,argyrodites,38,39,0.0127,0.00943,-0.00327,decrease,decrease,True,0.684408704265308,0.02446772308635,0.2911235726483419
lightgbm,general_experimental,group4,exp_pair_0036,Li5.4PS3.6O0.8ClBr0.6,Li5.4PS3.2O1.2ClBr0.6,argyrodites,39,40,0.00943,0.00522,-0.0042099999999999,decrease,decrease,True,0.6734466992532188,0.0504191173273228,0.2761341834194585
lightgbm,general_experimental,group4,exp_pair_0037,Li5.4PS3.2O1.2ClBr0.6,Li5.4PS2.5O1.9ClBr0.6,argyrodites,40,41,0.00522,0.00123,-0.00399,decrease,decrease,True,0.6441708576288447,0.115500964497477,0.2403281778736782
lightgbm,general_experimental,group4,exp_pair_0038,Li5.4PS2.5O1.9ClBr0.6,Li5.4PS4O0.4Cl0.95F0.05Br0.6,argyrodites,41,42,0.00123,0.01322,0.01199,increase,unchanged,False,0.3612628905126136,0.396587104999628,0.2421500044877584
lightgbm,general_experimental,group4,exp_pair_0039,Li5.4PS4O0.4Cl0.95F0.05Br0.6,Li5.4PS4O0.4Cl0.9F0.1Br0.6,mixed,42,43,0.01322,0.01309,-0.0001299999999999,decrease,decrease,True,0.5833977331397039,0.248680178733625,0.1679220881266711
lightgbm,general_experimental,group4,exp_pair_0040,Li5.4PS4O0.4Cl0.9F0.1Br0.6,Li5.4PS4O0.4Cl0.85F0.15Br0.6,thio_lisicon,43,44,0.01309,0.01001,-0.00308,decrease,decrease,True,0.6094311575755577,0.2806370064514854,0.1099318359729569
lightgbm,general_experimental,group4,exp_pair_0041,Li5.4PS4O0.4Cl0.85F0.15Br0.6,Li5.4PS4O0.4Cl0.8F0.2Br0.6,mixed,44,45,0.01001,0.00509,-0.00492,decrease,decrease,True,0.5149722317669599,0.3805870039056717,0.1044407643273683
lightgbm,general_experimental,group5,exp_pair_0042,Li5.4P0.9Sn0.1S4.4ClBr0.6,Li5.4P0.8Sn0.2S4.4ClBr0.6,argyrodites,46,47,0.01346,0.00909,-0.00437,decrease,decrease,True,0.3911500877899064,0.2575665696391016,0.351283342570992
lightgbm,general_experimental,group5,exp_pair_0043,Li5.4P0.8Sn0.2S4.4ClBr0.6,Li5.4P0.6Sn0.4S4.4ClBr0.6,argyrodites,47,48,0.00909,0.00332,-0.00577,decrease,decrease,True,0.5479259401563936,0.0461353818979956,0.4059386779456106
lightgbm,general_experimental,group5,exp_pair_0044,Li5.4P0.6Sn0.4S4.4ClBr0.6,Li5.4P0.9Sn0.1S4.2O0.2ClBr0.6,argyrodites,48,49,0.00332,0.01077,0.00745,increase,decrease,False,0.8107070640965143,0.035890830885798,0.1534021050176877
lightgbm,general_experimental,group5,exp_pair_0045,Li5.4P0.9Sn0.1S4.2O0.2ClBr0.6,Li5.4P0.8Sn0.2S4O0.4ClBr0.6,argyrodites,49,50,0.01077,0.00591,-0.00486,decrease,increase,False,0.2992821443467202,0.081418308025698,0.6192995476275817
lightgbm,general_experimental,group5,exp_pair_0046,Li5.4P0.8Sn0.2S4O0.4ClBr0.6,Li5.4P0.9Si0.1S4.2O0.2ClBr0.6,argyrodites,50,51,0.00591,0.01033,0.00442,increase,decrease,False,0.465499710544581,0.3751477657079987,0.1593525237474202
lightgbm,general_experimental,group5,exp_pair_0047,Li5.4P0.9Si0.1S4.2O0.2ClBr0.6,Li5.4P0.8Si0.2S4O0.4ClBr0.6,argyrodites,51,52,0.01033,0.00531,-0.00502,decrease,increase,False,0.1175075173584931,0.0338216190948821,0.8486708635466247
lightgbm,general_experimental,group6,exp_pair_0048,Li10SnP2S12,Li9.9SnP2S11.8Cl0.1O0.1,lgps,53,54,0.00619,0.00486,-0.0013299999999999,decrease,decrease,True,0.7781974989516433,0.0644479857543766,0.1573545152939801
lightgbm,general_experimental,group6,exp_pair_0049,Li9.9SnP2S11.8Cl0.1O0.1,Li10SnP1.8Sb0.2S11.8O0.2,lgps,54,55,0.00486,0.004,-0.00086,decrease,decrease,True,0.4787213834376514,0.0578293808263344,0.4634492357360141
lightgbm,general_experimental,group6,exp_pair_0050,Li10SnP1.8Sb0.2S11.8O0.2,Li10SnP1.8Sb0.3S11.8O0.4,lgps,55,56,0.004,0.0016,-0.0024,decrease,decrease,True,0.6489784348784309,0.0369525387222927,0.3140690263992763
lightgbm,general_experimental,group6,exp_pair_0051,Li10SnP1.8Sb0.3S11.8O0.4,Li10SiP2S12,lgps,56,57,0.0016,0.00151,-9.000000000000002e-05,unchanged,decrease,False,0.5737345510895993,0.0430516861972636,0.383213762713137
lightgbm,general_experimental,group6,exp_pair_0052,Li10SiP2S12,Li10Si0.3Sn0.7P2S12,lgps,57,58,0.00151,0.00642,0.00491,increase,decrease,False,0.6330983200281793,0.0213642652338156,0.3455374147380048
lightgbm,general_experimental,group6,exp_pair_0053,Li10Si0.3Sn0.7P2S12,Li10SnP2S11.8O0.2,lgps,58,59,0.00642,0.00452,-0.0019,decrease,decrease,True,0.9289378761516228,0.0155537220763372,0.0555084017720401
lightgbm,general_experimental,group6,exp_pair_0054,Li10SnP2S11.8O0.2,Li10SiP2S11.8O0.2,lgps,59,60,0.00452,0.00124,-0.00328,decrease,increase,False,0.4155747206161472,0.0453483621340031,0.5390769172498496
lightgbm,general_experimental,group6,exp_pair_0055,Li10SiP2S11.8O0.2,Li10Si0.3Sn0.7P2S11.8O0.2,lgps,60,61,0.00124,0.00495,0.00371,increase,decrease,False,0.6742273932843724,0.0342479901042504,0.2915246166113771
lightgbm,general_experimental,group6,exp_pair_0056,Li10Si0.3Sn0.7P2S11.8O0.2,Li6.7Si0.7Sb0.3S4.8Se0.2I,mixed,61,62,0.00495,0.016357,0.011407,increase,unchanged,False,0.0656293420797464,0.7728229942054534,0.1615476637148
lightgbm,general_experimental,group6,exp_pair_0057,Li6.7Si0.7Sb0.3S4.8Se0.2I,Li6.7Si0.7Sb0.3S4.9O0.1I,argyrodites,62,63,0.016357,0.014154,-0.002203,decrease,increase,False,0.2583010497250596,0.2150278412025202,0.5266711090724201
lightgbm,general_experimental,group6,exp_pair_0058,Li6.7Si0.7Sb0.3S4.9O0.1I,Li6.7Si0.7Sb0.3S4.8O0.2I,argyrodites,63,64,0.014154,0.012508,-0.001646,decrease,increase,False,0.1777567724997764,0.2720648108957339,0.5501784166044897
lightgbm,general_experimental,group6,exp_pair_0059,Li6.7Si0.7Sb0.3S4.8O0.2I,Li6.7Si0.7Sb0.3S4.7O0.3I,argyrodites,64,65,0.012508,0.011847,-0.000661,decrease,increase,False,0.1960472847239333,0.2282656050887935,0.5756871101872731
lightgbm,general_experimental,group6,exp_pair_0060,Li6.7Si0.7Sb0.3S4.7O0.3I,Li6.7Si0.7Sb0.3S4.6O0.4I,argyrodites,65,66,0.011847,0.010453,-0.0013939999999999,decrease,unchanged,False,0.2019430777728206,0.4361369026470879,0.3619200195800915
lightgbm,general_experimental,group6,exp_pair_0061,Li6.7Si0.7Sb0.3S4.6O0.4I,Li6.7Si0.7Sb0.3S4.5O0.5I,argyrodites,66,67,0.010453,0.009145,-0.001308,decrease,unchanged,False,0.1701550904889369,0.515227133606172,0.314617775904891
lightgbm,general_experimental,group6,exp_pair_0062,Li6.7Si0.7Sb0.3S4.5O0.5I,Li6.7Si0.7Sb0.25As0.05S4.8O0.2I,argyrodites,67,68,0.009145,0.012117,0.002972,increase,increase,True,0.1395276331615755,0.0875436829866651,0.7729286838517593
lightgbm,general_experimental,group6,exp_pair_0063,Li6.7Si0.7Sb0.25As0.05S4.8O0.2I,Li6.7Si0.7Sb0.2As0.1S4.8O0.2I,argyrodites,68,69,0.012117,0.013872,0.0017549999999999,increase,increase,True,0.0971837991891692,0.1847861338424164,0.7180300669684142
lightgbm,general_experimental,group6,exp_pair_0064,Li6.7Si0.7Sb0.2As0.1S4.8O0.2I,Li6.7Si0.7Sb0.15As0.15S4.8O0.2I,argyrodites,69,70,0.013872,0.012704,-0.0011679999999999,decrease,increase,False,0.0830667593308639,0.2159024540606757,0.7010307866084603
lightgbm,general_experimental,group6,exp_pair_0065,Li6.7Si0.7Sb0.15As0.15S4.8O0.2I,Li6.7Si0.7Sb0.3S4.6Se0.2O0.2I,argyrodites,70,71,0.012704,0.01329,0.0005859999999999,increase,unchanged,False,0.2346642884922582,0.6156281972416752,0.1497075142660666
lightgbm,general_experimental,group6,exp_pair_0066,Li6.7Si0.7Sb0.3S4.6Se0.2O0.2I,Li6.7Si0.7Sb0.3S4.4Se0.3O0.3I,argyrodites,71,72,0.01329,0.012074,-0.001216,decrease,increase,False,0.3838948997633213,0.2024623036745367,0.4136427965621418
lightgbm,general_experimental,group7,exp_pair_0067,Li2.8Zr0.75Al0.25O1.4Cl3.75,Li2ZrP0.6667O2.6667Cl4,halides,73,74,0.001642,0.002056,0.000414,increase,decrease,False,0.8378615729079866,0.0507671341083706,0.1113712929836427
lightgbm,general_experimental,group7,exp_pair_0068,Li2ZrP0.6667O2.6667Cl4,LiZrS0.5O2Cl4,halides,74,75,0.002056,0.001374,-0.0006819999999999,decrease,decrease,True,0.7966998909682365,0.0474762709190437,0.1558238381127198
lightgbm,general_experimental,group7,exp_pair_0069,LiZrS0.5O2Cl4,Li1.2FeO1.2H1.2Cl3,halides,75,76,0.001374,0.001062,-0.000312,decrease,unchanged,False,0.1276888899097216,0.6545815562767642,0.2177295538135142
lightgbm,general_experimental,group7,exp_pair_0070,Li1.2FeO1.2H1.2Cl3,Li2ZrCl6,halides,76,77,0.001062,0.0004109999999999,-0.000651,decrease,unchanged,False,0.3999951471927093,0.4631001158882631,0.1369047369190277
lightgbm,general_experimental,group7,exp_pair_0071,Li2ZrCl6,Li3Zr0.75OCl4,halides,77,78,0.0004109999999999,0.0010049999999999,0.0005939999999999,increase,unchanged,False,0.2740939109944507,0.541962884208539,0.1839432047970103
lightgbm,general_experimental,group7,exp_pair_0072,Li3Zr0.75OCl4,Li1.75ZrCl4.75O0.5,halides,78,79,0.0010049999999999,0.001008,3.0000000000001813e-06,unchanged,decrease,False,0.9757141025715176,0.0089329493230426,0.0153529481054399
lightgbm,general_experimental,group8,exp_pair_0073,Li5.43P0.97Zr0.03S4.34O0.06ClBr0.6,Li5.45P0.95Zr0.05S4.3O0.1ClBr0.6,argyrodites,80,81,0.0118599999999999,0.01091,-0.0009499999999999,decrease,increase,False,0.2776620977918639,0.0892227765519699,0.6331151256561661
lightgbm,general_experimental,group8,exp_pair_0074,Li5.45P0.95Zr0.05S4.3O0.1ClBr0.6,Li5.47P0.93Zr0.07S4.26O0.14ClBr0.6,argyrodites,81,82,0.01091,0.00873,-0.0021799999999999,decrease,increase,False,0.3360438246261114,0.1066493740788569,0.5573068012950317
lightgbm,general_experimental,group8,exp_pair_0075,Li5.47P0.93Zr0.07S4.26O0.14ClBr0.6,Li5.5P0.9Zr0.1S4.2O0.2ClBr0.6,argyrodites,82,83,0.00873,0.00859,-0.0001399999999999,decrease,increase,False,0.3652087273323683,0.1018352172115448,0.5329560554560868
lightgbm,general_experimental,group8,exp_pair_0076,Li5.5P0.9Zr0.1S4.2O0.2ClBr0.6,Li5.6P0.85Zr0.2S4O0.4ClBr0.6,argyrodites,83,84,0.00859,0.00273,-0.00586,decrease,increase,False,0.0720695971809035,0.0292501387238988,0.8986802640951975
lightgbm,general_experimental,group8,exp_pair_0077,Li5.6P0.85Zr0.2S4O0.4ClBr0.6,Li5.7P0.7Zr0.3S3.8O0.6ClBr0.6,argyrodites,84,85,0.00273,0.00066,-0.00207,decrease,increase,False,0.072585750190494,0.0184441022638501,0.9089701475456556
lightgbm,general_experimental,group8,exp_pair_0078,Li5.7P0.7Zr0.3S3.8O0.6ClBr0.6,Li3.45Sn0.09Si0.36P0.55S3.65O0.35,mixed,85,86,0.00066,0.0054,0.00474,increase,decrease,False,0.4835367421612484,0.2353707019782103,0.2810925558605411
lightgbm,general_experimental,group8,exp_pair_0079,Li3.45Sn0.09Si0.36P0.55S3.65O0.35,Li9.54Si1.566Sn0.174P1.44S11.1Br0.3O0.6,mixed,86,87,0.0054,0.0099,0.0045,increase,decrease,False,0.7264540138291701,0.1808030099117714,0.0927429762590585
lightgbm,general_experimental,group8,exp_pair_0080,Li9.54Si1.566Sn0.174P1.44S11.1Br0.3O0.6,Li9.54Si1.566Sn0.174P1.34Sb0.1S11.1Br0.3O0.6,lgps,87,88,0.0099,0.00922,-0.00068,decrease,decrease,True,0.6131260462200638,0.2131729702103107,0.1737009835696255
lightgbm,general_experimental,group8,exp_pair_0081,Li9.54Si1.566Sn0.174P1.34Sb0.1S11.1Br0.3O0.6,Li9.54Si1.566Sn0.174P1.34Sb0.2S11.1Br0.3O0.6,lgps,88,89,0.00922,0.00999,0.0007699999999999,increase,decrease,False,0.5690437358956391,0.0938263038909213,0.3371299602134394
lightgbm,general_experimental,group8,exp_pair_0082,Li9.54Si1.566Sn0.174P1.34Sb0.2S11.1Br0.3O0.6,Li9.54Si1.566Sn0.174P1.34Sb0.3S11.1Br0.3O0.6,lgps,89,90,0.00999,0.00813,-0.0018599999999999,decrease,decrease,True,0.819749051500636,0.0902231382878622,0.0900278102115019
lightgbm,general_experimental,group8,exp_pair_0083,Li9.54Si1.566Sn0.174P1.34Sb0.3S11.1Br0.3O0.6,Li9.54Si1.566Sn0.174P1.34As0.1S11.1Br0.3O0.6,lgps,90,91,0.00813,0.01236,0.0042299999999999,increase,increase,True,0.284657123931416,0.0640737405015943,0.6512691355669897
lightgbm,general_experimental,group8,exp_pair_0084,Li9.54Si1.566Sn0.174P1.34As0.1S11.1Br0.3O0.6,Li9.54Si1.566Sn0.174P1.34As0.2S11.1Br0.3O0.6,lgps,91,92,0.01236,0.01357,0.00121,increase,decrease,False,0.5077045642676151,0.0917034976621074,0.4005919380702774
lightgbm,general_experimental,group8,exp_pair_0085,Li9.54Si1.566Sn0.174P1.34As0.2S11.1Br0.3O0.6,Li9.54Si1.566Sn0.174P1.34As0.3S11.1Br0.3O0.6,lgps,92,93,0.01357,0.01055,-0.00302,decrease,decrease,True,0.7040219847663245,0.1369936336816588,0.1589843815520166
lightgbm,general_experimental,group8,exp_pair_0086,Li9.54Si1.566Sn0.174P1.34As0.3S11.1Br0.3O0.6,Li9.54Si1.74P1.44S11.7Br0.3,lgps,93,94,0.01055,0.0058,-0.00475,decrease,decrease,True,0.7067452791654957,0.1530536272835536,0.1402010935509507
lightgbm,general_experimental,group8,exp_pair_0087,Li9.54Si1.74P1.44S11.7Br0.3,Li9.54Si1.74P1.44S11.4Br0.3O0.3,lgps,94,95,0.0058,0.0088,0.003,increase,increase,True,0.2034231111493259,0.0089819795975005,0.7875949092531735
lightgbm,general_experimental,group8,exp_pair_0088,Li9.54Si1.74P1.44S11.4Br0.3O0.3,Li9.54Si1.74P1.44S11.1Br0.3O0.6,lgps,95,96,0.0088,0.0109,0.0020999999999999,increase,increase,True,0.2661626139955493,0.0184886754156184,0.7153487105888321
lightgbm,general_experimental,group8,exp_pair_0089,Li9.54Si1.74P1.44S11.1Br0.3O0.6,Li9.54Si1.74P1.44S10.8Br0.3O0.9,lgps,96,97,0.0109,0.0067,-0.0042,decrease,increase,False,0.2977516711850648,0.0390097444613556,0.6632385843535794
lightgbm,general_experimental,group8,exp_pair_0090,Li9.54Si1.74P1.44S10.8Br0.3O0.9,Li9.54(Si0.9Ge0.1)1.74P1.44S11.1Br0.3O0.6,lgps,97,98,0.0067,0.0123,0.0056,increase,decrease,False,0.7246351262424064,0.0184558894234063,0.2569089843341872
lightgbm,general_experimental,group8,exp_pair_0091,Li9.54(Si0.9Ge0.1)1.74P1.44S11.1Br0.3O0.6,Li9.54(Si0.8Ge0.2)1.74P1.44S11.1Br0.3O0.6,lgps,98,99,0.0123,0.0113,-0.0009999999999999,decrease,decrease,True,0.618131717990442,0.156790764035127,0.2250775179744309
lightgbm,general_experimental,group8,exp_pair_0092,Li9.54(Si0.8Ge0.2)1.74P1.44S11.1Br0.3O0.6,Li9.54(Si0.7Ge0.3)1.74P1.44S11.1Br0.3O0.6,lgps,99,100,0.0113,0.0135,0.0021999999999999,increase,decrease,False,0.6971973594195036,0.1058183871061129,0.1969842534743835
lightgbm,general_experimental,group8,exp_pair_0093,Li9.54(Si0.7Ge0.3)1.74P1.44S11.1Br0.3O0.6,Li9.54(Si0.6Ge0.4)1.74P1.44S11.1Br0.3O0.6,lgps,100,101,0.0135,0.0136,9.99999999999994e-05,unchanged,decrease,False,0.7730613623731176,0.1211217009126211,0.1058169367142611
lightgbm,general_experimental,group8,exp_pair_0094,Li9.54(Si0.6Ge0.4)1.74P1.44S11.1Br0.3O0.6,Li9.54(Si0.5Ge0.5)1.74P1.44S11.1Br0.3O0.6,lgps,101,102,0.0136,0.0138,0.0002,increase,decrease,False,0.747610254180982,0.0858878264707558,0.1665019193482621
lightgbm,general_experimental,group8,exp_pair_0095,Li9.54(Si0.5Ge0.5)1.74P1.44S11.1Br0.3O0.6,Li9.54(Si0.4Ge0.6)1.74P1.44S11.1Br0.3O0.6,lgps,102,103,0.0138,0.0127,-0.0011,decrease,decrease,True,0.7181231881802935,0.0491538606873114,0.2327229511323948
lightgbm,general_experimental,group8,exp_pair_0096,Li9.54(Si0.4Ge0.6)1.74P1.44S11.1Br0.3O0.6,Li9.54(Si0.3Ge0.7)1.74P1.44S11.1Br0.3O0.6,lgps,103,104,0.0127,0.0111,-0.0015999999999999,decrease,decrease,True,0.7485602790884,0.0691374677409293,0.1823022531706707
lightgbm,general_experimental,group8,exp_pair_0097,Li9.54(Si0.3Ge0.7)1.74P1.44S11.1Br0.3O0.6,Li9.54(Si0.2Ge0.8)1.74P1.44S11.1Br0.3O0.6,lgps,104,105,0.0111,0.0079,-0.0031999999999999,decrease,decrease,True,0.7573199081236641,0.065338403829178,0.1773416880471578
lightgbm,general_experimental,group8,exp_pair_0098,Li9.54(Si0.2Ge0.8)1.74P1.44S11.1Br0.3O0.6,Li9.54(Si0.1Ge0.9)1.74P1.44S11.1Br0.3O0.6,lgps,105,106,0.0079,0.0054,-0.0025,decrease,decrease,True,0.7115730230645677,0.0853785253949711,0.2030484515404612
lightgbm,general_experimental,group8,exp_pair_0099,Li9.54(Si0.1Ge0.9)1.74P1.44S11.1Br0.3O0.6,Li9.54Ge1.74P1.44S11.1Br0.3O0.6,lgps,106,107,0.0054,0.0040999999999999,-0.0013,decrease,decrease,True,0.8198042550032537,0.0469529440912137,0.1332428009055326
lightgbm,general_experimental,group8,exp_pair_0100,Li9.54Ge1.74P1.44S11.1Br0.3O0.6,Li9.54(Si0.9Sn0.1)1.74P1.44S11.1Br0.3O0.6,lgps,107,108,0.0040999999999999,0.0115,0.0074,increase,increase,True,0.0843044188614611,0.0247437094510034,0.8909518716875354
lightgbm,general_experimental,group8,exp_pair_0101,Li9.54(Si0.9Sn0.1)1.74P1.44S11.1Br0.3O0.6,Li9.54(Si0.8Sn0.2)1.74P1.44S11.1Br0.3O0.6,lgps,108,109,0.0115,0.0088,-0.0026999999999999,decrease,decrease,True,0.6885718744705085,0.1088618618276216,0.2025662637018699
lightgbm,general_experimental,group8,exp_pair_0102,Li9.54(Si0.8Sn0.2)1.74P1.44S11.1Br0.3O0.6,Li9.54(Si0.7Sn0.3)1.74P1.44S11.1Br0.3O0.6,lgps,109,110,0.0088,0.0077,-0.0011,decrease,decrease,True,0.7441311484159212,0.0405128806861719,0.2153559708979068
lightgbm,general_experimental,group8,exp_pair_0103,Li9.54(Si0.7Sn0.3)1.74P1.44S11.1Br0.3O0.6,Li9.54(Si0.6Sn0.4)1.74P1.44S11.1Br0.3O0.6,lgps,110,111,0.0077,0.0067,-0.001,decrease,decrease,True,0.8060128635388859,0.0450225640761943,0.1489645723849198
lightgbm,general_experimental,group8,exp_pair_0104,Li9.54(Si0.6Sn0.4)1.74P1.44S11.1Br0.3O0.6,Li9.54(Si0.5Sn0.5)1.74P1.44S11.1Br0.3O0.6,lgps,111,112,0.0067,0.0049,-0.0017999999999999,decrease,decrease,True,0.7401281996271988,0.0496704304491081,0.2102013699236931
lightgbm,general_experimental,group8,exp_pair_0105,Li9.54(Si0.5Sn0.5)1.74P1.44S11.1Br0.3O0.6,Li9.54(Si0.4Sn0.6)1.74P1.44S11.1Br0.3O0.6,lgps,112,113,0.0049,0.0045,-0.0004,decrease,decrease,True,0.7505075741753057,0.0611356916503279,0.1883567341743663
lightgbm,halide,group1,halide_pair_0001,Li4ZrCl4O2,Li2.25Zr0.75In0.25Cl6,halides,1,2,0.0015,0.00037,-0.00113,decrease,decrease,True,0.7944168026108753,0.0129866010302947,0.1925965963588298
lightgbm,halide,group1,halide_pair_0002,Li2.25Zr0.75In0.25Cl6,Li2.4Zr0.8Zn0.2Cl6,halides,2,3,0.00037,0.0003,-7.000000000000002e-05,unchanged,increase,False,0.2787817492062447,0.217336364631669,0.5038818861620862
lightgbm,halide,group1,halide_pair_0003,Li2.4Zr0.8Zn0.2Cl6,Li2ZrCl5Br,halides,3,4,0.0003,8.900000000000001e-05,-0.000211,decrease,decrease,True,0.9540186895265934,0.0090233343271686,0.0369579761462379
lightgbm,halide,group1,halide_pair_0004,Li2ZrCl5Br,Li2.4Zr0.7In0.2Zn0.1Cl6,halides,4,5,8.900000000000001e-05,0.00031,0.000221,increase,unchanged,False,0.3299144933521272,0.3476644588556669,0.3224210477922058
lightgbm,halide,group1,halide_pair_0005,Li2.4Zr0.7In0.2Zn0.1Cl6,Li2.9Zr0.2Y0.5In0.2Zn0.1Cl6,halides,5,6,0.00031,0.00018,-0.00013,decrease,increase,False,0.0399837825264234,0.2187085488681744,0.7413076686054021
lightgbm,halide,group1,halide_pair_0006,Li2.9Zr0.2Y0.5In0.2Zn0.1Cl6,Li2.7Zr0.4Y0.3In0.2Zn0.1Cl6,halides,6,7,0.00018,0.00028,9.999999999999996e-05,unchanged,increase,False,0.0712586234946499,0.0194333812355665,0.9093079952697836
lightgbm,halide,group1,halide_pair_0007,Li2.7Zr0.4Y0.3In0.2Zn0.1Cl6,Li2.5Y0.5Zr0.5Cl6,halides,7,8,0.00028,0.00074,0.00046,increase,increase,True,0.2021514359076971,0.1054952287342839,0.6923533353580189
lightgbm,halide,group2,halide_pair_0008,Li2.5Y0.5Zr0.5Cl6 + 5wt%ZrCl4,Li2.5Y0.5Zr0.5Cl5.5Br0.5 + 5wt%ZrCl4,halides,9,10,0.0013,0.0014,9.999999999999984e-05,unchanged,increase,False,0.1415323301704639,0.0768178880983509,0.7816497817311853
lightgbm,halide,group2,halide_pair_0009,Li2.5Y0.5Zr0.5Cl5.5Br0.5 + 5wt%ZrCl4,Li2.5Y0.5Zr0.5Cl5Br + 5wt%ZrCl4,halides,10,11,0.0014,0.0011,-0.0002999999999999,decrease,increase,False,0.2716566297424685,0.0984294902985915,0.6299138799589399
lightgbm,halide,group2,halide_pair_0010,Li2.5Y0.5Zr0.5Cl5Br + 5wt%ZrCl4,Li2.5Y0.5Zr0.5Cl4.5Br1.5 + 5wt%ZrCl4,halides,11,12,0.0011,0.0011,0.0,unchanged,increase,False,0.3978636506688892,0.0796146802100057,0.5225216691211051
lightgbm,halide,group2,halide_pair_0011,Li2.5Y0.5Zr0.5Cl4.5Br1.5 + 5wt%ZrCl4,Li2.9Y0.9Zr0.1Cl4.5Br1.5 + 5wt%ZrCl4,halides,12,13,0.0011,0.0015,0.0003999999999999,increase,increase,True,0.3097447273596277,0.1311454602791543,0.5591098123612179
lightgbm,halide,group2,halide_pair_0012,Li2.9Y0.9Zr0.1Cl4.5Br1.5 + 5wt%ZrCl4,Li2.8Y0.8Zr0.2Cl4.5Br1.5 + 5wt%ZrCl4,halides,13,14,0.0015,0.0016,0.0001,increase,increase,True,0.1031601378638803,0.0144136522965279,0.8824262098395919
lightgbm,halide,group2,halide_pair_0013,Li2.8Y0.8Zr0.2Cl4.5Br1.5 + 5wt%ZrCl4,Li2.7Y0.7Zr0.3Cl4.5Br1.5 + 5wt%ZrCl4,halides,14,15,0.0016,0.0016,0.0,unchanged,increase,False,0.1626907783086708,0.0105199912113641,0.826789230479965
lightgbm,halide,group2,halide_pair_0014,Li2.7Y0.7Zr0.3Cl4.5Br1.5 + 5wt%ZrCl4,Li2.6Y0.6Zr0.4Cl4.5Br1.5 + 5wt%ZrCl4,halides,15,16,0.0016,0.0015,-0.0001,decrease,increase,False,0.2232339541807604,0.0104062207060749,0.7663598251131646
lightgbm,halide,group2,halide_pair_0015,Li2.6Y0.6Zr0.4Cl4.5Br1.5 + 5wt%ZrCl4,Li2.7Y0.7Zr0.3Cl5.5Br0.5 + 5wt%ZrCl4,halides,16,17,0.0015,0.0016,0.0001,increase,increase,True,0.1606773841424198,0.0680651141559301,0.77125750170165
lightgbm,halide,group2,halide_pair_0016,Li2.7Y0.7Zr0.3Cl5.5Br0.5 + 5wt%ZrCl4,Li3.15Y0.75Zr0.05Zn0.2Cl6 + 5wt%ZrCl4,halides,17,18,0.0016,2e-05,-0.00158,decrease,increase,False,0.0187009611184283,0.0528937629866872,0.9284052758948844
