source_row_number,audit_priority,audit_issue_codes,audit_evidence,recommended_actions,duplicate_group_id,duplicate_group_size,duplicate_observed_bound_ratio,duplicate_log10_span,duplicate_same_order_candidate_lt10x,ID,Reduced Composition,Z,True Composition,Ionic conductivity (S cm-1),IC (Total),IC (Bulk),Space group,Space group #,a,b,c,alpha,beta,gamma,Family,DOI,Checked,Ref,Cif ID,Cif ref_1,Cif ref_2,note,close match,close match DOI,ICSD ID,Laskowski ID,Liion ID
53,critical,duplicate_formula_conflict_ge1000x|below_1e-6_modeling_threshold,duplicate_formula_conflict_ge1000x: 2 normalized-composition records; observed ratio=1.8018e+07; log10 span=7.25571; at least one DOI is shared || below_1e-6_modeling_threshold: Ionic conductivity (S cm-1)=5.55e-18,isolate_until_source_review|exclude_from_current_high_conductivity_model,DUP001,2,18018018.01801802,7.255707016877324,False,5zv,Li4Zn(PO4)2,4,Li16.0Zn4.0P8.0O32.0,5.55e-18,,,P21/c,14,8.1199,10.24192,8.10549,90.0,104.8589,90.0,phosphates,10.1021/acs.chemmater.7b05139,1,D2 - 38,done,appendix,,,,,,38.0,
108,critical,duplicate_formula_conflict_ge1000x|below_1e-6_modeling_threshold,duplicate_formula_conflict_ge1000x: 2 normalized-composition records; observed ratio=41666.7; log10 span=4.61979 || below_1e-6_modeling_threshold: Ionic conductivity (S cm-1)=4.2e-18,isolate_until_source_review|exclude_from_current_high_conductivity_model,DUP002,2,41666.66666666667,4.619788758288394,False,w7d,Li3PO4,4,Li12.0P4.0O16.0,4.2e-18,,,Pnma,62,6.1113,10.4612,4.9208,90.0,90.0,90.0,LISICON,10.1006/jssc.1995.1140,1,D2 - 70,done,79427-ICSD,,,Yes,,79427.0,70.0,
110,critical,duplicate_formula_conflict_ge1000x|source_note_delete|below_1e-6_modeling_threshold|censored_upper_bound,"duplicate_formula_conflict_ge1000x: 2 normalized-composition records; observed ratio=1.8018e+07; log10 span=7.25571; at least one DOI is shared || source_note_delete: should be deleted, high T structure, refer the alpha phase || below_1e-6_modeling_threshold: Ionic conductivity (S cm-1)=<1E-10 || censored_upper_bound: reported as <1E-10, not an exact value",isolate_until_source_review|exclude_pending_source_confirmation|exclude_from_current_high_conductivity_model|exclude_or_use_censored_regression,DUP001,2,18018018.01801802,7.255707016877324,False,gxz,Li4Zn(PO4)2,2,Li8.0Zn2.0P4.0O16.0,<1E-10,,,Pnma,62,10.2974,6.5021,5.0011,90.0,90.0,90.0,phosphates,10.1021/acs.chemmater.7b05139,1,D2 - 38,done,,,"should be deleted, high T structure, refer the alpha phase",,,255465.0,38.0,
116,critical,source_note_conductivity_incorrect|below_1e-6_modeling_threshold,"source_note_conductivity_incorrect: structure avialble for x=0.15, but no conductivity || below_1e-6_modeling_threshold: Ionic conductivity (S cm-1)=3.53e-09",exclude_until_conductivity_source_is_corrected|exclude_from_current_high_conductivity_model,,,,,,86k,Li0.2Ca0.4TaO3,4,Li0.8Ca1.6Ta4.0O12.0,3.53e-09,,,Pnma,62,5.477,7.75,5.479,90.0,90.0,90.0,perovskites,10.1016/j.solidstatesciences.2004.05.006,1,D2 - 74,not available,,,"structure avialble for x=0.15, but no conductivity",,,,74.0,
137,critical,duplicate_formula_conflict_ge1000x|below_1e-6_modeling_threshold,duplicate_formula_conflict_ge1000x: 2 normalized-composition records; observed ratio=41666.7; log10 span=4.61979 || below_1e-6_modeling_threshold: Ionic conductivity (S cm-1)=1.75e-13,isolate_until_source_review|exclude_from_current_high_conductivity_model,DUP002,2,41666.66666666667,4.619788758288394,False,9lo,Li3PO4,4,Li12.0P4.0O16.0,1.75e-13,,,Pnma,62,10.4772,6.1179,4.9297,90.0,90.0,90.0,LISICON,10.1021/acs.chemmater.8b01504,1,D1- 541,done,refer 79427-ICSD,,,Yes,ICSD-77095,77095.0,,445.0
202,critical,source_note_delete|source_note_duplicate|space_group_whitespace,source_note_delete: duplicated with line 204; deleted || source_note_duplicate: duplicated with line 204; deleted || space_group_whitespace: leading or trailing whitespace,exclude_pending_source_confirmation|resolve_referenced_duplicate|trim_text,,,,,,ui6,Li10.35(Sn0.27Si1.08)P1.65S12,2,Li20.7Sn0.54Si2.16P3.3S24.0,0.011,,,P42/nmc ,137,8.67822,8.67822,12.5744,90.0,90.0,90.0,LGPS,10.1021/acs.chemmater.7b00886,1,D2 - 111,done,,,duplicated with line 204; deleted,,,257946.0,111.0,
228,critical,duplicate_formula_conflict_ge1000x|below_1e-6_modeling_threshold,duplicate_formula_conflict_ge1000x: 2 normalized-composition records; observed ratio=1487.5; log10 span=3.17246 || below_1e-6_modeling_threshold: Ionic conductivity (S cm-1)=2.38e-07,isolate_until_source_review|exclude_from_current_high_conductivity_model,DUP003,2,1487.5,3.1724569744005873,False,0iv,Li4P2S6,1,Li4.0P2.0S6.0,2.38e-07,,,P-31m,162,6.075,6.075,6.595,90.0,90.0,120.0,thio-phosphate,10.1016/j.ssi.2015.10.015,1,D2 - 127,done,appendix of D2-128; 242170-ICSD,,,Yes,10.1021/acs.chemmater.6b04175,242170.0,127.0,
229,critical,duplicate_formula_conflict_ge1000x|source_note_possible_delete|below_1e-6_modeling_threshold,duplicate_formula_conflict_ge1000x: 2 normalized-composition records; observed ratio=1487.5; log10 span=3.17246 || source_note_possible_delete: could be deleted; glass ceramic || below_1e-6_modeling_threshold: Ionic conductivity (S cm-1)=1.6e-10,isolate_until_source_review|manual_source_review|exclude_from_current_high_conductivity_model,DUP003,2,1487.5,3.1724569744005873,False,2ro,Li4P2S6,1,Li4.0P2.0S6.0,1.6e-10,,,P-31m,162,6.0773,6.0773,6.5985,90.0,90.0,120.0,thio-phosphate,10.1021/acs.chemmater.6b04175,1,D2 - 128,not available,,,could be deleted; glass ceramic,,,,128.0,652.0
284,critical,source_note_composition_incorrect|duplicate_formula_conflict_100_to_1000x,source_note_composition_incorrect: composition should be corrected || duplicate_formula_conflict_100_to_1000x: 5 normalized-composition records; observed ratio=420.366; log10 span=2.62363,exclude_until_composition_is_corrected|manual_review_conditions_phase_and_source,DUP006,5,420.36553524804185,2.6236271020632267,False,yp3,LiTi2(PO4)3,6,Li6.0Ti12.0P18.0O72.0,6e-05,,,R-3c,167,8.5087,8.5087,20.9089,90.0,90.0,120.0,NASICON,10.1016/j.ssi.2014.07.018,1,D2 – 145,not available,,,composition should be corrected,,,,145.0,
285,critical,source_note_composition_incorrect,source_note_composition_incorrect: composition should be corrected,exclude_until_composition_is_corrected,,,,,,tzl,Li1.05Al0.05Ti1.95(PO4)3,6,Li6.3Al0.3Ti11.7P18.0O72.0,0.0011,,,R-3c,167,8.5066,8.5066,20.9085,90.0,90.0,120.0,NASICON,10.1016/j.ssi.2014.07.018,1,D2 - 145,not available,,,composition should be corrected,,,,145.0,
286,critical,source_note_composition_incorrect|duplicate_formula_conflict_10_to_100x,source_note_composition_incorrect: composition should be corrected || duplicate_formula_conflict_10_to_100x: 2 normalized-composition records; observed ratio=22.3333; log10 span=1.34895,exclude_until_composition_is_corrected|manual_review_and_keep_group_in_one_split,DUP016,2,22.333333333333332,1.3489535479811638,False,hyj,Li1.1Al0.1Ti1.9(PO4)3,6,Li6.6Al0.6Ti11.4P18.0O72.0,0.00067,,,R-3c,167,8.5068,8.5068,20.8905,90.0,90.0,120.0,NASICON,10.1016/j.ssi.2014.07.018,1,D2 - 145,not available,,,composition should be corrected,,,,145.0,
287,critical,source_note_composition_incorrect|duplicate_formula_conflict_100_to_1000x,source_note_composition_incorrect: composition should be corrected || duplicate_formula_conflict_100_to_1000x: 5 normalized-composition records; observed ratio=165.333; log10 span=2.21836; at least one DOI is shared,exclude_until_composition_is_corrected|manual_review_conditions_phase_and_source,DUP010,5,165.33333333333334,2.218360421770535,False,mg4,Li1.3Al0.3Ti1.7(PO4)3,6,Li7.8Al1.8Ti10.2P18.0O72.0,0.0062,,,R-3c,167,8.4941,8.4941,20.8586,90.0,90.0,120.0,NASICON,10.1016/j.ssi.2014.07.018,1,D2 - 145,done,,,composition should be corrected,Yes,10.1016/j.jallcom.2020.155878,36778.0,145.0,19.0
288,critical,source_note_composition_incorrect|duplicate_formula_conflict_10_to_100x,source_note_composition_incorrect: composition should be corrected || duplicate_formula_conflict_10_to_100x: 5 normalized-composition records; observed ratio=14.5103; log10 span=1.16168,exclude_until_composition_is_corrected|manual_review_and_keep_group_in_one_split,DUP020,5,14.510309278350514,1.161676669257139,False,50s,Li1.4Al0.4Ti1.6(PO4)3,6,Li8.4Al2.4Ti9.6P18.0O72.0,0.0033,,,R-3c,167,8.4882,8.4882,20.8571,90.0,90.0,120.0,NASICON,10.1016/j.ssi.2014.07.018,1,D2 - 145,not available,,,composition should be corrected,,,,145.0,
289,critical,source_note_composition_incorrect,source_note_composition_incorrect: composition should be corrected,exclude_until_composition_is_corrected,,,,,,d4q,Li1.05Cr0.05Ti1.95(PO4)3,6,Li6.3Cr0.3Ti11.7P18.0O72.0,0.00018,,,R-3c,167,8.5093,8.5093,20.915,90.0,90.0,120.0,NASICON,10.1016/j.ssi.2014.07.018,1,D2 - 145,not available,,,composition should be corrected,,,,145.0,
290,critical,source_note_composition_incorrect,source_note_composition_incorrect: composition should be corrected,exclude_until_composition_is_corrected,,,,,,6he,Li1.1Cr0.1Ti1.9(PO4)3,6,Li6.6Cr0.6Ti11.4P18.0O72.0,0.00026,,,R-3c,167,8.5126,8.5126,20.9212,90.0,90.0,120.0,NASICON,10.1016/j.ssi.2014.07.018,1,D2 - 145,not available,,,composition should be corrected,,,,145.0,
291,critical,source_note_composition_incorrect|duplicate_formula_conflict_10_to_100x,source_note_composition_incorrect: composition should be corrected || duplicate_formula_conflict_10_to_100x: 2 normalized-composition records; observed ratio=23.6264; log10 span=1.3734,exclude_until_composition_is_corrected|manual_review_and_keep_group_in_one_split,DUP014,2,23.626373626373628,1.3733970675945115,False,pwy,Li1.2Cr0.2Ti1.8(PO4)3,6,Li7.2Cr1.2Ti10.8P18.0O72.0,0.00043,,,R-3c,167,8.5132,8.5132,20.9271,90.0,90.0,120.0,NASICON,10.1016/j.ssi.2014.07.018,1,D2 - 145,not available,,,composition should be corrected,,,,145.0,
292,critical,source_note_composition_incorrect|duplicate_formula_same_order_lt10x,source_note_composition_incorrect: composition should be corrected || duplicate_formula_same_order_lt10x: 2 normalized-composition records; observed ratio=8.26211; log10 span=0.917091,exclude_until_composition_is_corrected|retain_as_replicates_but_keep_group_in_one_split,DUP023,2,8.262108262108262,0.9170908814331322,True,y9l,Li1.3Cr0.3Ti1.7(PO4)3,6,Li7.8Cr1.8Ti10.2P18.0O72.0,0.00029,,,R-3c,167,8.5183,8.5183,20.9177,90.0,90.0,120.0,NASICON,10.1016/j.ssi.2014.07.018,1,D2 - 145,not available,,,composition should be corrected,,,,145.0,
293,critical,source_note_composition_incorrect,source_note_composition_incorrect: composition should be corrected,exclude_until_composition_is_corrected,,,,,,rc1,Li1.05Fe0.05Ti1.95(PO4)3,6,Li6.3Fe0.3Ti11.7P18.0O72.0,0.00013,,,R-3c,167,8.5125,8.5125,20.8871,90.0,90.0,120.0,NASICON,10.1016/j.ssi.2014.07.018,1,D2 - 145,not available,,,composition should be corrected,,,,145.0,
294,critical,source_note_composition_incorrect,source_note_composition_incorrect: composition should be corrected,exclude_until_composition_is_corrected,,,,,,lzt,Li1.1Fe0.1Ti1.9(PO4)3,6,Li6.6Fe0.6Ti11.4P18.0O72.0,0.00063,,,R-3c,167,8.5137,8.5137,20.8822,90.0,90.0,120.0,NASICON,10.1016/j.ssi.2014.07.018,1,D2 - 145,not available,,,composition should be corrected,,,,145.0,
295,critical,source_note_composition_incorrect|duplicate_formula_same_order_lt10x,source_note_composition_incorrect: composition should be corrected || duplicate_formula_same_order_lt10x: 2 normalized-composition records; observed ratio=7.77778; log10 span=0.890856,exclude_until_composition_is_corrected|retain_as_replicates_but_keep_group_in_one_split,DUP027,2,7.777777777777777,0.8908555305749322,True,kbp,Li1.2Fe0.2Ti1.8(PO4)3,6,Li7.2Fe1.2Ti10.8P18.0O72.0,0.0014,,,R-3c,167,8.5213,8.5213,20.9211,90.0,90.0,120.0,NASICON,10.1016/j.ssi.2014.07.018,1,D2 - 145,not available,,,composition should be corrected,,,,145.0,
296,critical,source_note_composition_incorrect|duplicate_formula_same_order_lt10x,source_note_composition_incorrect: composition should be corrected || duplicate_formula_same_order_lt10x: 2 normalized-composition records; observed ratio=9.34959; log10 span=0.970793,exclude_until_composition_is_corrected|retain_as_replicates_but_keep_group_in_one_split,DUP022,2,9.34959349593496,0.9707927289142138,True,b9u,Li1.3Fe0.3Ti1.7(PO4)3,6,Li7.8Fe1.8Ti10.2P18.0O72.0,0.0023,,,R-3c,167,8.5239,8.5239,20.9215,90.0,90.0,120.0,NASICON,10.1016/j.ssi.2014.07.018,1,D2 - 145,not available,,,composition should be corrected,,,,145.0,
480,critical,source_note_conductivity_incorrect|duplicate_formula_same_order_lt10x|space_group_whitespace,"source_note_conductivity_incorrect: ic # check, was wrong paper || duplicate_formula_same_order_lt10x: 2 normalized-composition records; observed ratio=1.20301; log10 span=0.0802683 || space_group_whitespace: leading or trailing whitespace",exclude_until_conductivity_source_is_corrected|retain_as_replicates_but_keep_group_in_one_split|trim_text,DUP059,2,1.2030075187969924,0.08026834168883923,True,uaz,Li6CaLa2Nb2O12,8,Li48.0Ca8.0La16.0Nb16.0O96.0,1.6e-06,,,Ia-3d ,230,12.697,12.697,12.697,90.0,90.0,90.0,garnet,10.1111/j.1551-2916.2005.00060.x,1,D1 - 197,done,,,"ic # check, was wrong paper",Yes,10.1016/j.cej.2019.121937,236045.0,159.0,683.0
541,critical,source_note_composition_incorrect|space_group_whitespace,"source_note_composition_incorrect: Z, composition incorrect || space_group_whitespace: leading or trailing whitespace",exclude_until_composition_is_corrected|trim_text,,,,,,wa3,Li51.2Al1.6La24Zr16O96,1,Li51.2Al1.6La24Zr16O96,0.000254,,,Ia-3d ,230,12.959,12.959,12.959,90.0,90.0,90.0,garnet,10.1038/srep18053,1,D2 - 229,done,ICSD ,,"Z, composition incorrect",,,241475.0,229.0,
550,critical,source_note_conductivity_incorrect|duplicate_formula_same_order_lt10x|space_group_whitespace,source_note_conductivity_incorrect: ic # incorrect || duplicate_formula_same_order_lt10x: 2 normalized-composition records; observed ratio=1.5748; log10 span=0.197226 || space_group_whitespace: leading or trailing whitespace,exclude_until_conductivity_source_is_corrected|retain_as_replicates_but_keep_group_in_one_split|trim_text,DUP054,2,1.5748031496062993,0.1972262747080249,True,gkl,Li5La3Nb2O12,8,Li40.0La24.0Nb16.0O96.0,5.08e-06,,,Ia-3d ,230,12.718,12.718,12.718,90.0,90.0,90.0,garnet,10.1016/j.jpowsour.2011.05.031,1,D2 - 233,done,,,ic # incorrect,Yes,10.1039/b514640b,171171.0,233.0,
578,critical,source_note_composition_incorrect|current_charge_composition_screen|source_note_duplicate|cif_status_blank|space_group_whitespace,source_note_composition_incorrect: wrong composition;  may duplicate with 548 || current_charge_composition_screen: flagged by current clean_raw_data rule || source_note_duplicate: wrong composition;  may duplicate with 548 || cif_status_blank: Cif ID is blank || space_group_whitespace: leading or trailing whitespace,exclude_until_composition_is_corrected|manual_formula_and_oxidation_state_review|resolve_referenced_duplicate|complete_cif_status_if_available|trim_text,,,,,,a6v,Li5.4La3Nb1.8Y0.75O12,8,Li43.2La24.0Nb14.4Y6.0O96.0,2.51e-05,,,Ia-3d ,230,12.9488,12.9488,12.9488,90.0,90.0,90.0,garnet,10.1021/jp304737x,0,,,,,wrong composition;  may duplicate with 548,,,,,695.0
2,high,source_note_occupancy_incorrect,source_note_occupancy_incorrect: partial occupancy not correct,verify_structure_and_composition,,,,,,jqc,Li7BiO6,1,Li7.0Bi1.0O6.0,1.58489e-06,,,P -1,2,5.5071,6.0425,5.5231,116.912,120.867,62.234,hexaoxometalates,10.1002/zaac.200500231,1,D2 - 3,done,155950-ICSD,,partial occupancy not correct,,,155950.0,3.0,
3,high,source_note_occupancy_incorrect|below_1e-6_modeling_threshold,source_note_occupancy_incorrect: partial occupancy not correct || below_1e-6_modeling_threshold: Ionic conductivity (S cm-1)=6.7e-08,verify_structure_and_composition|exclude_from_current_high_conductivity_model,,,,,,oi6,Li7SbO6,1,Li7.0Sb1.0O6.0,6.7e-08,,,P -1,2,5.4307,5.8916,5.385,116.748,119.63,62.779,hexaoxometalates,10.1021/ic030208w,1,D2 - 3,done,413370-ICSD,,partial occupancy not correct,,,413370.0,3.0,
10,high,reused_icsd_id|below_1e-6_modeling_threshold,reused_icsd_id: ICSD 83501.0 is reused by IDs ix1|z7n || below_1e-6_modeling_threshold: Ionic conductivity (S cm-1)=3.2e-07,verify_formula_structure_and_source_linkage|exclude_from_current_high_conductivity_model,,,,,,ix1,Li0.91Hf2.022(PO4)3,6,Li5.46Hf12.13P18.0O72.0,3.2e-07,,,R-3c,167,8.8306,8.8306,22.027,90.0,90.0,120.0,NASICON,10.1021/cm970078n,0,D2 - 11,done,83501-ICSD,,true formula: Hf2.032 Li0.87 O12 P3;  partial occupancy corrected,,,83501.0,11.0,
17,high,duplicate_formula_conflict_10_to_100x,duplicate_formula_conflict_10_to_100x: 2 normalized-composition records; observed ratio=20.1835; log10 span=1.305,manual_review_and_keep_group_in_one_split,DUP018,2,20.18348623853211,1.3049961828815826,False,mvq,Li3.4Ge0.4P0.6S4,24,Li81.6Ge9.6P14.4S96.0,0.000654,,,P21/m,11,13.769,23.614,12.359,90.0,90.66,90.0,thio-LISICON,10.1149/1.1379028,0,D2 - 14,not available,,,,,,,14.0,
37,high,reduced_composition_parse_failure|below_1e-6_modeling_threshold|space_group_whitespace,reduced_composition_parse_failure: could not convert string to float: '1.0*' || below_1e-6_modeling_threshold: Ionic conductivity (S cm-1)=3.8e-07 || space_group_whitespace: leading or trailing whitespace,normalize_formula_notation|exclude_from_current_high_conductivity_model|trim_text,,,,,,na5,Li3(Mo8S8O8(OH)8(HWO5(H2O)))*(H2O)18,2,Li6.0Mo16.0S16.0O80.0H94.0W2.0,3.8e-07,,,C2/m ,12,20.6754,11.1509,14.5769,90.0,133.865,90.0,polyoxometalates,10.1002/1521-3765(20020118)8:2<349::aid-chem349>3.0.co;2-5,1,D2 - 23,done,412011-ICSD,,,,,412011.0,23.0,
43,high,source_note_cif_mismatch|below_1e-6_modeling_threshold,source_note_cif_mismatch: check cif file matching || below_1e-6_modeling_threshold: Ionic conductivity (S cm-1)=1.8e-08,exclude_from_structure_model_until_fixed|exclude_from_current_high_conductivity_model,,,,,,bv2,LiYO2,4,Li4.0Y4.0O8.0,1.8e-08,,,P21/c,14,6.12,6.185,6.21,90.0,118.8,90.0,oxides,10.1016/0167-2738(81)90021-7,1,D2 - 33,done,45511-ICSD,,check cif file matching,,,45511.0,33.0,
46,high,organic_like_formula,organic_like_formula: LiClC3H7NO,exclude_from_inorganic_electrolyte_scope,,,,,,goi,LiClC3H7NO,4,Li4.0Cl4.0C12.0H28.0N4.0O4.0,0.00016,,,P21/c,14,5.839,6.39,15.961,90.0,98.826,90.0,organic_salts,10.1021/acs.chemmater.5b00940,1,D2 - 35,done,CCDC 969064,appendix,,,,,35.0,
54,high,duplicate_formula_conflict_100_to_1000x|below_1e-6_modeling_threshold,duplicate_formula_conflict_100_to_1000x: 2 normalized-composition records; observed ratio=543.75; log10 span=2.7354; at least one DOI is shared || below_1e-6_modeling_threshold: Ionic conductivity (S cm-1)=8.7e-08,manual_review_conditions_phase_and_source|exclude_from_current_high_conductivity_model,DUP004,2,543.75,2.7353992699626932,False,5bz,Li3BN2,4,Li12.0B4.0N8.0,8.7e-08,,,P21/c,14,5.1502,7.0824,6.7908,90.0,112.956,90.0,boron nitride,10.1016/0022-4596(87)90135-6,1,D2 - 93,done,41022-ICSD,D2 - 93_II; Li3BN2.cif,,,,41022.0,93.0,
59,high,source_note_cif_mismatch|below_1e-6_modeling_threshold,source_note_cif_mismatch: check cif file matching || below_1e-6_modeling_threshold: Ionic conductivity (S cm-1)=6.1e-10,exclude_from_structure_model_until_fixed|exclude_from_current_high_conductivity_model,,,,,,t0h,Li2ZrO3,4,Li8.0Zr4.0O12.0,6.1e-10,,,C2/c,15,5.4163,9.0262,5.4156,90.0,112.615,90.0,oxides,10.1016/0167-2738(81)90021-7,1,D2 - 33,done,94894-ICSD,,check cif file matching,,,94894.0,33.0,
73,high,source_note_cif_mismatch|below_1e-6_modeling_threshold,source_note_cif_mismatch: check cif file matching || below_1e-6_modeling_threshold: Ionic conductivity (S cm-1)=2.4e-14,exclude_from_structure_model_until_fixed|exclude_from_current_high_conductivity_model,,,,,,bsa,LiGaO2,4,Li4.0Ga4.0O8.0,2.4e-14,,,Pna21,33,5.402,6.372,5.007,90.0,90.0,90.0,oxides,10.1007/bf00549810,1,D2 - 53,done,18152-ICSD,,check cif file matching,,,18152.0,53.0,
107,high,source_note_cif_mismatch|duplicate_formula_same_order_lt10x|below_1e-6_modeling_threshold,source_note_cif_mismatch: lattice parameters not matching cif || duplicate_formula_same_order_lt10x: 2 normalized-composition records; observed ratio=3.43462; log10 span=0.535878; at least one DOI is shared || below_1e-6_modeling_threshold: Ionic conductivity (S cm-1)=8.93e-07,exclude_from_structure_model_until_fixed|retain_as_replicates_but_keep_group_in_one_split|exclude_from_current_high_conductivity_model,DUP034,2,3.4346153846153844,0.5358781109177286,True,nhq,Li3PS4,4,Li12.0P4.0S16.0,8.93e-07,,,Pnma,62,13.066,8.015,6.101,90.0,90.0,90.0,thio-LISICON,10.1021/ja3110895,1,D2 - 52,done,180319-ICSD,,lattice parameters not matching cif,,,180319.0,52.0,
117,high,duplicate_formula_conflict_100_to_1000x,duplicate_formula_conflict_100_to_1000x: 2 normalized-composition records; observed ratio=444.444; log10 span=2.64782,manual_review_conditions_phase_and_source,DUP005,2,444.4444444444445,2.6478174818886373,False,2uv,Li4SnSe4,4,Li16.0Sn4.0Se16.0,2e-05,,,Pnma,62,14.931,8.2217,6.5989,90.0,90.0,90.0,Chalcogenidotetrelates,10.1021/cm400541n,1,D2 - 76,done,193768-ICSD,, ,,,193768.0,76.0,
149,high,duplicate_formula_conflict_100_to_1000x|below_1e-6_modeling_threshold,duplicate_formula_conflict_100_to_1000x: 2 normalized-composition records; observed ratio=543.75; log10 span=2.7354; at least one DOI is shared || below_1e-6_modeling_threshold: Ionic conductivity (S cm-1)=1.6e-10,manual_review_conditions_phase_and_source|exclude_from_current_high_conductivity_model,DUP004,2,543.75,2.7353992699626932,False,qa9,Li3BN2,2,Li6.0B2.0N4.0,1.6e-10,,,P42/mnm,136,4.6435,4.6435,5.2592,90.0,90.0,90.0,boron nitride,10.1016/0022-4596(87)90135-6,1,D2 - 93,done,655673-ICSD,Li3BN2_II.cif,changed space group to reflect actual higher symmetry,,,655673.0,93.0,
178,high,duplicate_formula_conflict_10_to_100x|space_group_whitespace,duplicate_formula_conflict_10_to_100x: 2 normalized-composition records; observed ratio=20.1835; log10 span=1.305 || space_group_whitespace: leading or trailing whitespace,manual_review_and_keep_group_in_one_split|trim_text,DUP018,2,20.18348623853211,1.3049961828815826,False,8po,Li10.2Ge1.2P1.8S12,2,Li20.4Ge2.4P3.6S24.0,0.0132,,,P42/nmc ,137,8.7043,8.7043,12.616,90.0,90.0,90.0,LGPS,10.1039/c4ta05231e,1,D2 - 104,not available,,,,,,,104.0,
180,high,duplicate_formula_conflict_10_to_100x|space_group_whitespace,duplicate_formula_conflict_10_to_100x: 5 normalized-composition records; observed ratio=17.2028; log10 span=1.2356 || space_group_whitespace: leading or trailing whitespace,manual_review_and_keep_group_in_one_split|trim_text,DUP019,5,17.202797202797203,1.2355990696383172,False,j8q,Li10GeP2S12,2,Li20.0Ge2.0P4.0S24.0,0.0121,,,P42/nmc ,137,8.719,8.719,12.639,90.0,90.0,90.0,LGPS,10.1039/c4ta05231e|10.1021/acs.chemmater.7b00886,1,D2 - 104,done,,,,Yes,10.1039/c3cp51985f,188887.0,111.0,
194,high,duplicate_formula_conflict_10_to_100x|space_group_whitespace,duplicate_formula_conflict_10_to_100x: 5 normalized-composition records; observed ratio=17.2028; log10 span=1.2356 || space_group_whitespace: leading or trailing whitespace,manual_review_and_keep_group_in_one_split|trim_text,DUP019,5,17.202797202797203,1.2355990696383172,False,mtn,Li10GeP2S12,2,Li20.0Ge2.0P4.0S24.0,0.0246,,,P42/nmc ,137,8.71121,8.71121,12.6078,90.0,90.0,90.0,LGPS,10.1021/acs.chemmater.8b00266,1,D2 - 108,done,appendix,,,,,,108.0,
196,high,source_note_cif_mismatch|duplicate_formula_same_order_lt10x|space_group_whitespace,source_note_cif_mismatch: lattice parameters not matching cif || duplicate_formula_same_order_lt10x: 3 normalized-composition records; observed ratio=1.84211; log10 span=0.265314 || space_group_whitespace: leading or trailing whitespace,exclude_from_structure_model_until_fixed|retain_as_replicates_but_keep_group_in_one_split|trim_text,DUP049,3,1.8421052631578947,0.2653144433974468,True,13q,Li10SnP2S12,2,Li20.0Sn2.0P4.0S24.0,0.00398,,,P42/nmc ,137,8.73685,8.73685,12.7573,90.0,90.0,90.0,LGPS,10.1021/acs.chemmater.8b00266,1,D2 - 108,done,appendix,,lattice parameters not matching cif,,,,108.0,
199,high,duplicate_formula_conflict_10_to_100x|space_group_whitespace,duplicate_formula_conflict_10_to_100x: 5 normalized-composition records; observed ratio=17.2028; log10 span=1.2356 || space_group_whitespace: leading or trailing whitespace,manual_review_and_keep_group_in_one_split|trim_text,DUP019,5,17.202797202797203,1.2355990696383172,False,1hh,Li10GeP2S12,2,Li20.0Ge2.0P4.0S24.0,0.012,,,P42/nmc ,137,8.69407,8.69407,12.5994,90.0,90.0,90.0,LGPS,10.1038/nmat3066,1,D2 - 110,not available,,,appendix: diffraction data available,,,,110.0,560.0
203,high,duplicate_formula_conflict_10_to_100x|space_group_whitespace,duplicate_formula_conflict_10_to_100x: 5 normalized-composition records; observed ratio=17.2028; log10 span=1.2356 || space_group_whitespace: leading or trailing whitespace,manual_review_and_keep_group_in_one_split|trim_text,DUP019,5,17.202797202797203,1.2355990696383172,False,nkr,Li10GeP2S12,2,Li20.0Ge2.0P4.0S24.0,0.00143,,,P42/nmc ,137,8.694,8.694,12.599,90.0,90.0,90.0,LGPS,10.1016/j.ssi.2017.01.014,1,D2 - 112,not available,,,,,,,112.0,
214,high,source_note_occupancy_incorrect|below_1e-6_modeling_threshold|censored_upper_bound,"source_note_occupancy_incorrect: partial occupancy incorrect || below_1e-6_modeling_threshold: Ionic conductivity (S cm-1)=<1E-10 || censored_upper_bound: reported as <1E-10, not an exact value",verify_structure_and_composition|exclude_from_current_high_conductivity_model|exclude_or_use_censored_regression,,,,,,xq3,Li4Sr3Nb5.77Fe0.23O19.77,1,Li4.0Sr3.0Nb5.77Fe0.23O19.77,<1E-10,,,I4/mmm,139,3.9585,3.9585,25.915,90.0,90.0,90.0,perovskites,10.1021/cm980736j,1,D2 - 115,done,87823-ICSD,,partial occupancy incorrect,,,87823.0,115.0,
215,high,source_note_occupancy_incorrect|below_1e-6_modeling_threshold|censored_upper_bound,"source_note_occupancy_incorrect: partial occupancy incorrect || below_1e-6_modeling_threshold: Ionic conductivity (S cm-1)=<1E-10 || censored_upper_bound: reported as <1E-10, not an exact value",verify_structure_and_composition|exclude_from_current_high_conductivity_model|exclude_or_use_censored_regression,,,,,,wgw,Li4Sr3Nb6O20,1,Li4.0Sr3.0Nb6.0O20.0,<1E-10,,,I4/mmm,139,3.953,3.953,26.041,90.0,90.0,90.0,perovskites,10.1021/cm980736j,1,D2 - 115,done,87824-ICSD,,partial occupancy incorrect,,,87824.0,115.0,
218,high,duplicate_formula_conflict_100_to_1000x|below_1e-6_modeling_threshold|space_group_whitespace,duplicate_formula_conflict_100_to_1000x: 2 normalized-composition records; observed ratio=243.655; log10 span=2.38678 || below_1e-6_modeling_threshold: Ionic conductivity (S cm-1)=9.85e-07 || space_group_whitespace: leading or trailing whitespace,manual_review_conditions_phase_and_source|exclude_from_current_high_conductivity_model|trim_text,DUP008,2,243.65482233502536,2.386775011213994,False,ipo,Li7La3Hf2O12,8,Li56.0La24.0Hf16.0O96.0,9.85e-07,,,I41/acd ,142,13.106,13.106,12.63,90.0,90.0,90.0,garnet,10.1016/j.jssc.2009.10.030,1,D2 - 118,done,174202-ICSD,,,,,174202.0,118.0,
219,high,duplicate_formula_conflict_100_to_1000x|space_group_whitespace,duplicate_formula_conflict_100_to_1000x: 5 normalized-composition records; observed ratio=349.08; log10 span=2.54292 || space_group_whitespace: leading or trailing whitespace,manual_review_conditions_phase_and_source|trim_text,DUP007,5,349.07975460122697,2.5429246619911132,False,wyu,Li7La3Zr2O12,8,Li56.0La24.0Zr16.0O96.0,1.63e-06,,,I41/acd ,142,13.134,13.134,12.663,90.0,90.0,90.0,garnet,10.1016/j.jssc.2009.05.020,1,D1 - 24; D2 - 119,done,246816-ICSD,,,,,,119.0,17.0
223,high,duplicate_formula_conflict_100_to_1000x|reused_icsd_id|space_group_number_mismatch|space_group_whitespace,duplicate_formula_conflict_100_to_1000x: 5 normalized-composition records; observed ratio=420.366; log10 span=2.62363 || reused_icsd_id: ICSD 118128.0 is reused by IDs 019|qno || space_group_number_mismatch: R-3c is paired with 168; expected 167 || space_group_whitespace: leading or trailing whitespace,manual_review_conditions_phase_and_source|verify_formula_structure_and_source_linkage|correct_space_group_number|trim_text,DUP006,5,420.36553524804185,2.6236271020632267,False,019,LiTi2(PO4)3,6,Li6.0Ti12.0P18.0O72.0,0.000161,,, R-3c,168,8.5112,8.5112,20.8479,90.0,90.0,120.0,NASICON,10.1021/ic400577v,1,D2 - 124,done,118128-ICSD ,,,,,118128.0,124.0,
224,high,structure_formula_target_formula_mismatch|duplicate_formula_same_order_lt10x|space_group_whitespace,structure_formula_target_formula_mismatch: note says lattice formula is Li1.17... but conductivity is for Li1.2 || duplicate_formula_same_order_lt10x: 3 normalized-composition records; observed ratio=8.10084; log10 span=0.90853 || space_group_whitespace: leading or trailing whitespace,separate_structure_and_target_compositions|retain_as_replicates_but_keep_group_in_one_split|trim_text,DUP024,3,8.100840336134453,0.9085300725102998,True,yqu,Li1.2Ti1.8Al0.2(PO4)3,6,Li7.2Ti10.8Al1.2P18.0O72.0,0.00482,,, R-3,148,8.502,8.502,20.818,90.0,90.0,120.0,NASICON,10.1021/ic400577v,1,D2 - 124,done,118133-ICSD ,,"true formula for lattice params is  Li1.17(Ti1.83Al0.17)(PO4)3, IC at Li1.2",,,118133.0,124.0,
236,high,duplicate_formula_conflict_10_to_100x|low_precision_target_extraction|source_note_conductivity_review|below_1e-6_modeling_threshold,duplicate_formula_conflict_10_to_100x: 2 normalized-composition records; observed ratio=68.9441; log10 span=1.8385 || low_precision_target_extraction: Precision of IC is not good non linear extrapolation || source_note_conductivity_review: Precision of IC is not good non linear extrapolation || below_1e-6_modeling_threshold: Ionic conductivity (S cm-1)=3.33e-07,manual_review_and_keep_group_in_one_split|verify_value_from_source|verify_conductivity_from_source|exclude_from_current_high_conductivity_model,DUP012,2,68.94409937888199,1.8384971027548076,False,4ba,LiGe2(PO4)3,6,Li6.0Ge12.0P18.0O72.0,3.33e-07,,,R-3c,167,8.287,8.287,20.475,90.0,90.0,120.0,NASICON,10.1002/chin.199345017,1,D2 -2,done,,,Precision of IC is not good non linear extrapolation,Yes,10.1016/0022-4596(91)90134-4,69763.0,2.0,
237,high,duplicate_formula_conflict_100_to_1000x,duplicate_formula_conflict_100_to_1000x: 5 normalized-composition records; observed ratio=420.366; log10 span=2.62363,manual_review_conditions_phase_and_source,DUP006,5,420.36553524804185,2.6236271020632267,False,qea,LiTi2(PO4)3,6,Li6.0Ti12.0P18.0O72.0,2e-06,,,R-3c,167,8.512,8.512,20.858,90.0,90.0,120.0,NASICON,10.1149/1.2086597,1,D2 - 134,not available,,,,,,,134.0,
238,high,duplicate_formula_conflict_10_to_100x|below_1e-6_modeling_threshold,duplicate_formula_conflict_10_to_100x: 2 normalized-composition records; observed ratio=68.9441; log10 span=1.8385 || below_1e-6_modeling_threshold: Ionic conductivity (S cm-1)=4.83e-09,manual_review_and_keep_group_in_one_split|exclude_from_current_high_conductivity_model,DUP012,2,68.94409937888199,1.8384971027548076,False,ldx,LiGe2(PO4)3,6,Li6.0Ge12.0P18.0O72.0,4.83e-09,,,R-3c,167,8.27059,8.27059,20.4652,90.0,90.0,120.0,NASICON,10.1021/acsami.8b00842,1,D2 - 133,done,263767-ICSD,downloaded,,,,263767.0,133.0,
247,high,duplicate_formula_conflict_100_to_1000x,duplicate_formula_conflict_100_to_1000x: 5 normalized-composition records; observed ratio=165.333; log10 span=2.21836; at least one DOI is shared,manual_review_conditions_phase_and_source,DUP010,5,165.33333333333334,2.218360421770535,False,9s4,Li1.3Al0.3Ti1.7(PO4)3,6,Li7.8Al1.8Ti10.2P18.0O72.0,0.000722,,,R-3c,167,8.5004,8.5004,20.8156,90.0,90.0,120.0,NASICON,10.1149/1.2086597,1,D2 - 134,done,,,,Yes,10.1021/acs.chemmater.9b04419,141518.0,134.0,
248,high,duplicate_formula_conflict_10_to_100x,duplicate_formula_conflict_10_to_100x: 5 normalized-composition records; observed ratio=14.5103; log10 span=1.16168,manual_review_and_keep_group_in_one_split,DUP020,5,14.510309278350514,1.161676669257139,False,iqt,Li1.4Al0.4Ti1.6(PO4)3,6,Li8.4Al2.4Ti9.6P18.0O72.0,0.000388,,,R-3c,167,8.4955,8.4955,20.7992,90.0,90.0,120.0,NASICON,10.1149/1.2086597,1,D2 - 134,done,,,,Yes,10.1016/j.ssi.2019.115192,19904.0,134.0,
249,high,duplicate_formula_conflict_10_to_100x,duplicate_formula_conflict_10_to_100x: 2 normalized-composition records; observed ratio=22.5455; log10 span=1.35306,manual_review_and_keep_group_in_one_split,DUP015,2,22.545454545454547,1.353058995667991,False,xa0,Li1.5Al0.5Ti1.5(PO4)3,6,Li9.0Al3.0Ti9.0P18.0O72.0,0.000248,,,R-3c,167,8.4935,8.4935,20.7994,90.0,90.0,120.0,NASICON,10.1149/1.2086597,1,D2 - 134,done,,,,Yes,10.1016/j.ssi.2019.115192,19905.0,134.0,
250,high,duplicate_formula_conflict_10_to_100x,duplicate_formula_conflict_10_to_100x: 2 normalized-composition records; observed ratio=23.6264; log10 span=1.3734,manual_review_and_keep_group_in_one_split,DUP014,2,23.626373626373628,1.3733970675945115,False,f4x,Li1.2Cr0.2Ti1.8(PO4)3,6,Li7.2Cr1.2Ti10.8P18.0O72.0,1.82e-05,,,R-3c,167,8.5189,8.5189,20.8643,90.0,90.0,120.0,NASICON,10.1149/1.2086597,1,D2 - 134,not available,,,,,,,134.0,
276,high,reused_icsd_id|below_1e-6_modeling_threshold,reused_icsd_id: ICSD 83501.0 is reused by IDs ix1|z7n || below_1e-6_modeling_threshold: Ionic conductivity (S cm-1)=9.2e-08,verify_formula_structure_and_source_linkage|exclude_from_current_high_conductivity_model,,,,,,z7n,Li0.86Hf2.035(PO4)3,6,Li5.16Hf12.21P18.0O72.0,9.2e-08,,,R-3c,167,8.8306,8.8306,22.027,90.0,90.0,120.0,NASICON,10.1021/cm970078n,0,,done,,,double check with ID 11,,,83501.0,11.0,
283,high,duplicate_formula_conflict_100_to_1000x,duplicate_formula_conflict_100_to_1000x: 5 normalized-composition records; observed ratio=165.333; log10 span=2.21836; at least one DOI is shared,manual_review_conditions_phase_and_source,DUP010,5,165.33333333333334,2.218360421770535,False,lap,Li1.3Al0.3Ti1.7(PO4)3,6,Li7.8Al1.8Ti10.2P18.0O72.0,0.00113,,,R-3c,167,8.5012,8.5012,20.8416,90.0,90.0,120.0,NASICON,10.1016/j.ssi.2012.03.045,1,D2 - 144,done,,,,Yes,10.1021/acs.chemmater.9b04419,141519.0,144.0,
299,high,duplicate_formula_conflict_10_to_100x,duplicate_formula_conflict_10_to_100x: 5 normalized-composition records; observed ratio=14.5103; log10 span=1.16168,manual_review_and_keep_group_in_one_split,DUP020,5,14.510309278350514,1.161676669257139,False,rg6,Li1.4Al0.4Ti1.6 (PO4)3,6,Li8.4Al2.4Ti9.6P18.0O72.0,0.00338,,,R-3c,167,8.4975,8.4975,20.7921,90.0,90.0,120.0,NASICON,10.1016/j.jeurceramsoc.2014.11.023,1,D2 - 243,not available,,,refere D2 - 134,,,,243.0,
303,high,duplicate_formula_conflict_10_to_100x,duplicate_formula_conflict_10_to_100x: 5 normalized-composition records; observed ratio=14.5103; log10 span=1.16168,manual_review_and_keep_group_in_one_split,DUP020,5,14.510309278350514,1.161676669257139,False,w3n,Li1.4Al0.4Ti1.6(PO4)3,6,Li8.4Al2.4Ti9.6P18.0O72.0,0.00112,,,R-3c,167,8.503,8.503,20.847,90.0,90.0,120.0,NASICON,10.1016/j.materresbull.2007.08.007,1,D2 - 245,not available,,,refer D2 - 134; D2 - 243; D1 - 40; D1 - 170 ,,,,245.0,
304,high,duplicate_formula_conflict_100_to_1000x,duplicate_formula_conflict_100_to_1000x: 5 normalized-composition records; observed ratio=165.333; log10 span=2.21836; at least one DOI is shared,manual_review_conditions_phase_and_source,DUP010,5,165.33333333333334,2.218360421770535,False,ym6,Li1.3Al0.3Ti1.7(PO4)3,6,Li7.8Al1.8Ti10.2P18.0O72.0,0.00121,,,R-3c,167,8.5033,8.5033,20.8312,90.0,90.0,120.0,NASICON,10.1016/j.ssi.2014.07.018|10.1016/j.ssi.2016.07.010,0,,done,,,,Yes,10.1016/j.ssi.2019.115192,19907.0,,20.0
306,high,duplicate_formula_conflict_100_to_1000x|reused_icsd_id|below_1e-6_modeling_threshold,duplicate_formula_conflict_100_to_1000x: 5 normalized-composition records; observed ratio=420.366; log10 span=2.62363 || reused_icsd_id: ICSD 118128.0 is reused by IDs 019|qno || below_1e-6_modeling_threshold: Ionic conductivity (S cm-1)=3.83e-07,manual_review_conditions_phase_and_source|verify_formula_structure_and_source_linkage|exclude_from_current_high_conductivity_model,DUP006,5,420.36553524804185,2.6236271020632267,False,qno,LiTi2(PO4)3,6,Li6.0Ti12.0P18.0O72.0,3.83e-07,,,R-3c,167,8.509,8.509,20.853,90.0,90.0,120.0,NASICON,10.1021/jp973296c,0,,done,,,,Yes,10.1021/ic400577v,118128.0,,25.0
307,high,duplicate_formula_conflict_10_to_100x|cif_status_blank,duplicate_formula_conflict_10_to_100x: 5 normalized-composition records; observed ratio=14.5103; log10 span=1.16168 || cif_status_blank: Cif ID is blank,manual_review_and_keep_group_in_one_split|complete_cif_status_if_available,DUP020,5,14.510309278350514,1.161676669257139,False,oxc,Li1.4Al0.4Ti1.6(PO4)3,6,Li8.4Al2.4Ti9.6P18.0O72.0,0.00563,,,R-3c,167,8.5,8.5,20.81,90.0,90.0,120.0,NASICON,10.1039/c5ta08545d,0,,,,,,,,,,29.0
310,high,duplicate_formula_conflict_100_to_1000x,duplicate_formula_conflict_100_to_1000x: 5 normalized-composition records; observed ratio=420.366; log10 span=2.62363,manual_review_conditions_phase_and_source,DUP006,5,420.36553524804185,2.6236271020632267,False,rr5,LiTi2(PO4)3,6,Li6.0Ti12.0P18.0O72.0,7.2e-05,,,R-3c,167,8.5135,8.5135,20.8705,90.0,90.0,120.0,NASICON,10.1007/s11164-013-1348-0,1,D1 - 312,done,,,,Yes,10.1039/b203652p,184088.0,,249.0
315,high,duplicate_formula_conflict_10_to_100x,duplicate_formula_conflict_10_to_100x: 2 normalized-composition records; observed ratio=14.2; log10 span=1.15229,manual_review_and_keep_group_in_one_split,DUP021,2,14.2,1.1522883443830567,False,ppz,Li1.3In0.3Hf1.7(PO4)3,6,Li7.8In1.8Hf10.2P18.0O72.0,1e-05,,,R-3c,167,8.82,8.82,21.933,90.0,90.0,120.0,NASICON,10.1016/0167-2738(86)90179-7,1,D1 - 333,not available,,,,,,,,272.0
328,high,duplicate_formula_conflict_10_to_100x,duplicate_formula_conflict_10_to_100x: 2 normalized-composition records; observed ratio=14.2; log10 span=1.15229,manual_review_and_keep_group_in_one_split,DUP021,2,14.2,1.1522883443830567,False,9l3,Li1.3In0.3Hf1.7(PO4)3,6,Li7.8In1.8Hf10.2P18.0O72.0,0.000142,,,R-3c,167,8.84,8.84,21.995,90.0,90.0,120.0,NASICON,10.1016/0167-2738(93)90387-i,1,D1 - 367,not available,,,,,,,,294.0
343,high,duplicate_formula_conflict_10_to_100x,duplicate_formula_conflict_10_to_100x: 2 normalized-composition records; observed ratio=22.3333; log10 span=1.34895,manual_review_and_keep_group_in_one_split,DUP016,2,22.333333333333332,1.3489535479811638,False,yq2,Li1.1Al0.1Ti1.9(PO4)3,6,Li6.6Al0.6Ti11.4P18.0O72.0,3e-05,,,R-3c,167,8.508,8.508,20.855,90.0,90.0,120.0,NASICON,10.1016/s0955-2219(99)00055-2,1,D1 - 401; D1 - 426,done,,,,Yes,10.1016/j.solidstatesciences.2016.08.011,7931.0,,351.0
344,high,duplicate_formula_conflict_100_to_1000x,duplicate_formula_conflict_100_to_1000x: 5 normalized-composition records; observed ratio=165.333; log10 span=2.21836; at least one DOI is shared,manual_review_conditions_phase_and_source,DUP010,5,165.33333333333334,2.218360421770535,False,kab,Li1.3Al0.3Ti1.7(PO4)3,6,Li7.8Al1.8Ti10.2P18.0O72.0,3.75e-05,,,R-3c,167,8.498,8.498,20.896,90.0,90.0,120.0,NASICON,10.1016/S0955-2219(99)00055-2,1,D1 - 401; D1 - 426,done,,,,Yes,10.1021/acs.chemmater.9b04419,141513.0,,401.0
346,high,duplicate_formula_conflict_10_to_100x,duplicate_formula_conflict_10_to_100x: 2 normalized-composition records; observed ratio=22.5455; log10 span=1.35306,manual_review_and_keep_group_in_one_split,DUP015,2,22.545454545454547,1.353058995667991,False,nf0,Li1.5Al0.5Ti1.5(PO4)3,6,Li9.0Al3.0Ti9.0P18.0O72.0,1.1e-05,,,R-3c,167,8.485,8.485,20.79,90.0,90.0,120.0,NASICON,10.1021/cm010528i,1,D1 - 430,not available,,,refer D2 - 134,,,,,353.0
347,high,source_note_duplicate|duplicate_formula_same_order_lt10x,source_note_duplicate: duplicate with line 273 || duplicate_formula_same_order_lt10x: 2 normalized-composition records; observed ratio=6.6; log10 span=0.819544,resolve_referenced_duplicate|retain_as_replicates_but_keep_group_in_one_split,DUP029,2,6.6,0.8195439355418683,True,fkt,Li1.2La0.2Ti1.8(PO4)3,6,Li7.2La1.2Ti10.8P18.0O72.0,0.000528,,,R-3c,167,8.511,8.511,20.853,90.0,90.0,120.0,NASICON,10.1149/1.2096693,1,D1 - 467,not available,,,duplicate with line 273,,,,,384.0
348,high,source_note_duplicate|duplicate_formula_same_order_lt10x,source_note_duplicate: duplicate with line 274 || duplicate_formula_same_order_lt10x: 2 normalized-composition records; observed ratio=1.00956; log10 span=0.00413223,resolve_referenced_duplicate|retain_as_replicates_but_keep_group_in_one_split,DUP064,2,1.0095602294455066,0.004132233666537921,True,ctg,Li1.3La0.3Ti1.7(PO4)3,6,Li7.8La1.8Ti10.2P18.0O72.0,0.000528,,,R-3c,167,8.512,8.512,20.854,90.0,90.0,120.0,NASICON,10.1149/1.2096693,1,D1 - 467,not available,,,duplicate with line 274,,,,,385.0
382,high,duplicate_formula_conflict_10_to_100x,duplicate_formula_conflict_10_to_100x: 3 normalized-composition records; observed ratio=62.1212; log10 span=1.79324,manual_review_and_keep_group_in_one_split,DUP013,3,62.121212121212125,1.7932399211778662,False,122,Li6PS5Cl,4,Li24.0P4.0S20.0Cl4.0,0.00205,,,F-43m,216,9.898,9.898,9.898,90.0,90.0,90.0,argyrodites,10.1021/jacs.7b06327,1,D2 - 167,done,ICSD ,,,,,259200.0,167.0,
384,high,duplicate_formula_conflict_10_to_100x,duplicate_formula_conflict_10_to_100x: 4 normalized-composition records; observed ratio=86.5625; log10 span=1.93733,manual_review_and_keep_group_in_one_split,DUP011,4,86.5625,1.9373297907445424,False,6jf,Li6PS5Br,4,Li24.0P4.0S20.0Br4.0,0.00115,,,F-43m,216,10.02,10.02,10.02,90.0,90.0,90.0,argyrodites,10.1021/jacs.7b06327,1,D2 - 167,done,ICSD ,,,,,259202.0,167.0,
386,high,duplicate_formula_conflict_100_to_1000x,duplicate_formula_conflict_100_to_1000x: 3 normalized-composition records; observed ratio=174.603; log10 span=2.24205,manual_review_conditions_phase_and_source,DUP009,3,174.6031746031746,2.2420521357046437,False,ywe,Li6PS5I,4,Li24.0P4.0S20.0I4.0,1.3e-06,,,F-43m,216,10.181,10.181,10.181,90.0,90.0,90.0,argyrodites,10.1021/jacs.7b06327,1,D2 - 167,done,ICSD ,,,,,259204.0,167.0,
390,high,duplicate_formula_conflict_10_to_100x,duplicate_formula_conflict_10_to_100x: 4 normalized-composition records; observed ratio=86.5625; log10 span=1.93733,manual_review_and_keep_group_in_one_split,DUP011,4,86.5625,1.9373297907445424,False,9zr,Li6PS5Br,4,Li24.0P4.0S20.0Br4.0,0.000701,,,F-43m,216,9.9773,9.9773,9.9773,90.0,90.0,90.0,argyrodites,10.1039/c7ta08581h,1,D2 - 167,done,ICSD ,,,,,234584.0,168.0,
404,high,duplicate_formula_conflict_10_to_100x,duplicate_formula_conflict_10_to_100x: 3 normalized-composition records; observed ratio=62.1212; log10 span=1.79324,manual_review_and_keep_group_in_one_split,DUP013,3,62.121212121212125,1.7932399211778662,False,tt3,Li6PS5Cl,4,Li24.0P4.0S20.0Cl4.0,0.0013,,,F-43m,216,9.8397,9.8397,9.8397,90.0,90.0,90.0,argyrodites,10.1016/j.ssi.2012.06.008,1,D2 - 171,not available,,,,,,,171.0,
405,high,duplicate_formula_conflict_10_to_100x,duplicate_formula_conflict_10_to_100x: 4 normalized-composition records; observed ratio=86.5625; log10 span=1.93733,manual_review_and_keep_group_in_one_split,DUP011,4,86.5625,1.9373297907445424,False,nig,Li6PS5Br,4,Li24.0P4.0S20.0Br4.0,0.00277,,,F-43m,216,9.988,9.988,9.988,90.0,90.0,90.0,argyrodites,10.1021/acs.inorgchem.8b02443,1,D2 - 172,done,ICSD ,,,,,267193.0,172.0,
416,high,duplicate_formula_conflict_10_to_100x,duplicate_formula_conflict_10_to_100x: 4 normalized-composition records; observed ratio=86.5625; log10 span=1.93733,manual_review_and_keep_group_in_one_split,DUP011,4,86.5625,1.9373297907445424,False,w87,Li6PS5Br,4,Li24.0P4.0S20.0Br4.0,3.2e-05,,,F-43m,216,9.98,9.98,9.98,90.0,90.0,90.0,argyrodites,10.1002/pssa.201001117,1,D2 - 174,done,ICSD not the same paper,,,Yes,10.1021/acs.inorgchem.0c01504,142469.0,174.0,
417,high,duplicate_formula_conflict_10_to_100x,duplicate_formula_conflict_10_to_100x: 3 normalized-composition records; observed ratio=62.1212; log10 span=1.79324,manual_review_and_keep_group_in_one_split,DUP013,3,62.121212121212125,1.7932399211778662,False,97p,Li6PS5Cl,4,Li24.0P4.0S20.0Cl4.0,3.3e-05,,,F-43m,216,9.85,9.85,9.85,90.0,90.0,90.0,argyrodites,10.1002/pssa.201001117,1,D2 - 174,done,ICSD not the same paper,,,Yes,10.1021/acs.inorgchem.0c01504,142473.0,174.0,
418,high,duplicate_formula_conflict_100_to_1000x,duplicate_formula_conflict_100_to_1000x: 3 normalized-composition records; observed ratio=174.603; log10 span=2.24205,manual_review_conditions_phase_and_source,DUP009,3,174.6031746031746,2.2420521357046437,False,p9u,Li6PS5I,4,Li24.0P4.0S20.0I4.0,0.00022,,,F-43m,216,10.142,10.142,10.142,90.0,90.0,90.0,argyrodites,10.1002/pssa.201001117,1,D2 - 174,done,ICSD not the same paper,,,Yes,10.1021/jacs.7b06327,259212.0,174.0,
419,high,duplicate_formula_conflict_100_to_1000x,duplicate_formula_conflict_100_to_1000x: 3 normalized-composition records; observed ratio=174.603; log10 span=2.24205,manual_review_conditions_phase_and_source,DUP009,3,174.6031746031746,2.2420521357046437,False,5wz,Li6PS5I,4,Li24.0P4.0S20.0I4.0,1.26e-06,,,F-43m,216,10.14516,10.14516,10.14516,90.0,90.0,90.0,argyrodites,10.1021/jacs.8b10282,1,D2 - 175,done,,,appendix: diffraction data available,Yes,10.1002/anie.200703900,418489.0,175.0,
434,high,current_charge_composition_screen|source_note_composition_check|space_group_whitespace,current_charge_composition_screen: flagged by current clean_raw_data rule || source_note_composition_check: check the composition || space_group_whitespace: leading or trailing whitespace,manual_formula_and_oxidation_state_review|verify_composition|trim_text,,,,,,mtr,Fe0.16La2.95Li5.68Zr2O12,8,Fe1.28La23.6Li45.44Zr16.0O96.0,0.000935,,,I-43d ,220,12.9783,12.9783,12.9783,90.0,90.0,90.0,garnet,10.1021/acs.chemmater.6b02516,1,D2 - 180,done,appendix; ICSD,,check the composition,,,431391.0,180.0,
435,high,current_charge_composition_screen|source_note_composition_check|space_group_whitespace,current_charge_composition_screen: flagged by current clean_raw_data rule || source_note_composition_check: check the composition || space_group_whitespace: leading or trailing whitespace,manual_formula_and_oxidation_state_review|verify_composition|trim_text,,,,,,s2v,Fe0.19La2.95Li5.57Zr2O12,8,Fe1.52La23.6Li44.56Zr16.0O96.0,0.00138,,,I-43d ,220,12.9769,12.9769,12.9769,90.0,90.0,90.0,garnet,10.1021/acs.chemmater.6b02516,1,D2 - 180,done,appendix; ICSD,,check the composition,,,431392.0,180.0,
478,high,duplicate_formula_conflict_100_to_1000x|cif_status_blank|space_group_whitespace,duplicate_formula_conflict_100_to_1000x: 5 normalized-composition records; observed ratio=349.08; log10 span=2.54292 || cif_status_blank: Cif ID is blank || space_group_whitespace: leading or trailing whitespace,manual_review_conditions_phase_and_source|complete_cif_status_if_available|trim_text,DUP007,5,349.07975460122697,2.5429246619911132,False,3qz,Li7La3Zr2O12,8,Li56.0La24.0Zr16.0O96.0,0.00012,,,Ia-3d ,230,12.972,12.972,12.972,90.0,90.0,90.0,garnet,10.1039/c2jm31413d,0,,,,,,,,,205.0,
479,high,source_note_duplicate|duplicate_formula_same_order_lt10x|cif_status_blank|space_group_whitespace,source_note_duplicate: duplicate with line 491; 374 || duplicate_formula_same_order_lt10x: 2 normalized-composition records; observed ratio=1.13821; log10 span=0.0562229 || cif_status_blank: Cif ID is blank || space_group_whitespace: leading or trailing whitespace,resolve_referenced_duplicate|retain_as_replicates_but_keep_group_in_one_split|complete_cif_status_if_available|trim_text,DUP061,2,1.1382113821138211,0.05622292423884012,True,cjq,Li6SrLa2Nb2O12,8,Li48.0Sr8.0La16.0Nb16.0O96.0,4.2e-06,,,Ia-3d ,230,12.811,12.811,12.811,90.0,90.0,90.0,garnet,10.1111/j.1551-2916.2005.00060.x,0,,,,,duplicate with line 491; 374,,,,159.0,682.0
487,high,duplicate_formula_conflict_10_to_100x|source_note_lattice_review|space_group_whitespace,duplicate_formula_conflict_10_to_100x: 4 normalized-composition records; observed ratio=22.0779; log10 span=1.34396 || source_note_lattice_review: lattice parameter double check || space_group_whitespace: leading or trailing whitespace,manual_review_and_keep_group_in_one_split|verify_lattice_parameters|trim_text,DUP017,4,22.077922077922075,1.3439581962057918,False,ka6,Li5La3Ta2O12,8,Li40.0La24.0Ta16.0O96.0,6.61e-06,6.61e-06,8.31e-06,Ia-3d ,230,12.7814,12.7814,12.7814,90.0,90.0,90.0,garnet,10.1007/s11581-007-0097-8,1,D2 - 201,done,ICSD not the same paper,,lattice parameter double check,Yes,10.1039/C6DT04021G ,259001.0,201.0,
488,high,reused_icsd_id|duplicate_formula_same_order_lt10x|source_note_lattice_review|space_group_whitespace,reused_icsd_id: ICSD 237201.0 is reused by IDs 7o7|h89 || duplicate_formula_same_order_lt10x: 5 normalized-composition records; observed ratio=3.07692; log10 span=0.488117 || source_note_lattice_review: lattice parameter double check || space_group_whitespace: leading or trailing whitespace,verify_formula_structure_and_source_linkage|retain_as_replicates_but_keep_group_in_one_split|verify_lattice_parameters|trim_text,DUP037,5,3.0769230769230775,0.48811663902112556,True,7o7,Li6BaLa2Ta2O12,8,Li48.0Ba8.0La16.0Ta16.0O96.0,2.95e-05,2.95e-05,4.247e-05,Ia-3d ,230,12.9748,12.9748,12.9748,90.0,90.0,90.0,garnet,10.1007/s11581-007-0097-8,1,D2 - 201,done,ICSD not the same paper,,lattice parameter double check,Yes,10.1021/am4060194,237201.0,201.0,
495,high,source_note_duplicate|duplicate_formula_same_order_lt10x|cif_status_blank|space_group_whitespace,source_note_duplicate: duplicate with line 512 || duplicate_formula_same_order_lt10x: 2 normalized-composition records; observed ratio=1.38095; log10 span=0.140179 || cif_status_blank: Cif ID is blank || space_group_whitespace: leading or trailing whitespace,resolve_referenced_duplicate|retain_as_replicates_but_keep_group_in_one_split|complete_cif_status_if_available|trim_text,DUP058,2,1.380952380952381,0.140178703165037,True,4vd,Li6.75La3Zr1.75Ta0.25O12,8,Li54.0La24.0Zr14.0Ta2.0O96.0,0.00063,0.00063,0.00087,Ia-3d ,230,12.9801,12.9801,12.9801,90.0,90.0,90.0,garnet,10.1149/2.024205esl,1,,,,,duplicate with line 512,,,,,685.0
500,high,duplicate_formula_conflict_10_to_100x|space_group_whitespace,duplicate_formula_conflict_10_to_100x: 4 normalized-composition records; observed ratio=22.0779; log10 span=1.34396 || space_group_whitespace: leading or trailing whitespace,manual_review_and_keep_group_in_one_split|trim_text,DUP017,4,22.077922077922075,1.3439581962057918,False,hcm,Li5La3Ta2O12,8,Li40.0La24.0Ta16.0O96.0,3.4e-05,3.4e-05,0.00016,Ia-3d ,230,12.8311,12.8311,12.8311,90.0,90.0,90.0,garnet,10.1149/2.024205esl,1,D2 - 206,done,,,,Yes,10.1016/0167-577X(88)90011-0,68252.0,206.0,
504,high,current_charge_composition_screen|source_note_composition_check|space_group_whitespace,current_charge_composition_screen: flagged by current clean_raw_data rule || source_note_composition_check: composition check || space_group_whitespace: leading or trailing whitespace,manual_formula_and_oxidation_state_review|verify_composition|trim_text,,,,,,5z8,Li5.72Al0.26La3Zr1.5W0.25O12,8,Li45.76Al2.08La24.0Zr12.0W2.0O96.0,0.00049,,,Ia-3d ,230,12.954,12.954,12.954,90.0,90.0,90.0,garnet,10.1021/acs.chemmater.5b02429,1,D2 - 208,not available,,,composition check,,,,208.0,
525,high,duplicate_formula_conflict_100_to_1000x|space_group_whitespace,duplicate_formula_conflict_100_to_1000x: 5 normalized-composition records; observed ratio=349.08; log10 span=2.54292 || space_group_whitespace: leading or trailing whitespace,manual_review_conditions_phase_and_source|trim_text,DUP007,5,349.07975460122697,2.5429246619911132,False,etz,Li7La3Zr2O12,8,Li56.0La24.0Zr16.0O96.0,1.97e-06,,,Ia-3d ,230,12.9727,12.9727,12.9727,90.0,90.0,90.0,garnet,10.1039/c1cp22108f,0,,done,,,,Yes,10.1021/ic101914e,261302.0,221.0,
535,high,reused_icsd_id|duplicate_formula_same_order_lt10x|space_group_whitespace,reused_icsd_id: ICSD 237201.0 is reused by IDs 7o7|h89 || duplicate_formula_same_order_lt10x: 5 normalized-composition records; observed ratio=3.07692; log10 span=0.488117 || space_group_whitespace: leading or trailing whitespace,verify_formula_structure_and_source_linkage|retain_as_replicates_but_keep_group_in_one_split|trim_text,DUP037,5,3.0769230769230775,0.48811663902112556,True,h89,Li6BaLa2Ta2O12,8,Li48.0Ba8.0La16.0Ta16.0O96.0,1.5e-05,,,Ia-3d ,230,12.99726,12.99726,12.99726,90.0,90.0,90.0,garnet,10.1021/am4060194,1,D2 - 226,done,ICSD ,,,,,237201.0,226.0,
539,high,current_charge_composition_screen|space_group_whitespace,current_charge_composition_screen: flagged by current clean_raw_data rule || space_group_whitespace: leading or trailing whitespace,manual_formula_and_oxidation_state_review|trim_text,,,,,,ueu,Li5.74La3Zr1.5Ta0.5O12,8,Li45.92La24.0Zr12.0Ta4.0O96.0,0.000903,,,Ia-3d ,230,12.93,12.93,12.93,90.0,90.0,90.0,garnet,10.1002/aenm.201570062|10.1002/aenm.201500096,1,D2 - 228,done,ICSD ,,,,,239663.0,228.0,
540,high,current_charge_composition_screen|space_group_whitespace,current_charge_composition_screen: flagged by current clean_raw_data rule || space_group_whitespace: leading or trailing whitespace,manual_formula_and_oxidation_state_review|trim_text,,,,,,uwh,La3Li5.08Ta1.51Zr0.39O12,8,La24.0Li40.64Ta12.08Zr3.12O96.0,0.000103,,,Ia-3d ,230,12.84,12.84,12.84,90.0,90.0,90.0,garnet,10.1002/aenm.201570062|10.1002/aenm.201500096,1,D2 - 228,done,ICSD ,,,,,239664.0,228.0,
543,high,duplicate_formula_conflict_10_to_100x|space_group_whitespace,duplicate_formula_conflict_10_to_100x: 4 normalized-composition records; observed ratio=22.0779; log10 span=1.34396 || space_group_whitespace: leading or trailing whitespace,manual_review_and_keep_group_in_one_split|trim_text,DUP017,4,22.077922077922075,1.3439581962057918,False,gz8,Li5La3Ta2O12,8,Li40.0La24.0Ta16.0O96.0,1.59e-05,,,Ia-3d ,230,12.8176,12.8176,12.8176,90.0,90.0,90.0,garnet,10.1021/acs.inorgchem.7b00816,1,D2 - 231,done,ICSD ,,,,,259164.0,231.0,
549,high,duplicate_formula_conflict_100_to_1000x|cif_status_blank|space_group_whitespace,duplicate_formula_conflict_100_to_1000x: 5 normalized-composition records; observed ratio=349.08; log10 span=2.54292 || cif_status_blank: Cif ID is blank || space_group_whitespace: leading or trailing whitespace,manual_review_conditions_phase_and_source|complete_cif_status_if_available|trim_text,DUP007,5,349.07975460122697,2.5429246619911132,False,9p1,Li7La3Zr2O12,8,Li56.0La24.0Zr16.0O96.0,0.000569,,,Ia-3d ,230,12.9682,12.9682,12.9682,90.0,90.0,90.0,garnet,10.1016/j.ssi.2010.12.010,0,,,,,,,,,232.0,
563,high,duplicate_formula_conflict_100_to_1000x|space_group_whitespace,duplicate_formula_conflict_100_to_1000x: 2 normalized-composition records; observed ratio=243.655; log10 span=2.38678 || space_group_whitespace: leading or trailing whitespace,manual_review_conditions_phase_and_source|trim_text,DUP008,2,243.65482233502536,2.386775011213994,False,32j,Li7La3Hf2O12,8,Li56.0La24.0Hf16.0O96.0,0.00024,,,Ia-3d ,230,12.938,12.938,12.938,90.0,90.0,90.0,garnet,10.1007/s11581-010-0486-2,1,D2 - 250,not available,,,,,,,250.0,
568,high,duplicate_formula_conflict_100_to_1000x|space_group_whitespace,duplicate_formula_conflict_100_to_1000x: 5 normalized-composition records; observed ratio=349.08; log10 span=2.54292 || space_group_whitespace: leading or trailing whitespace,manual_review_conditions_phase_and_source|trim_text,DUP007,5,349.07975460122697,2.5429246619911132,False,2mn,Li7La3Zr2O12,8,Li56.0La24.0Zr16.0O96.0,0.000511,,,Ia-3d ,230,12.968,12.968,12.968,90.0,90.0,90.0,garnet,10.1002/anie.200701144,0,D1 - 21,not available,,,appendix: diffraction data available,,,,,10.0
570,high,duplicate_formula_conflict_10_to_100x|space_group_whitespace,duplicate_formula_conflict_10_to_100x: 4 normalized-composition records; observed ratio=22.0779; log10 span=1.34396 || space_group_whitespace: leading or trailing whitespace,manual_review_and_keep_group_in_one_split|trim_text,DUP017,4,22.077922077922075,1.3439581962057918,False,8k7,Li5La3Ta2O12,8,Li40.0La24.0Ta16.0O96.0,1.54e-06,,,Ia-3d ,230,12.85,12.85,12.85,90.0,90.0,90.0,garnet,10.1016/j.ssi.2009.11.015,1,D1 - 239,not available,,,,,,,,239.0
573,high,source_note_duplicate|reduced_composition_whitespace|space_group_whitespace,source_note_duplicate: duplicate with line 550 || reduced_composition_whitespace: leading or trailing whitespace || space_group_whitespace: leading or trailing whitespace,resolve_referenced_duplicate|trim_text,,,,,,3rh,Li6.5La3Nb1.25Y0.75O12 ,8,Li52.0La24.0Nb10.0Y6.0O96.0,0.00027,,,Ia-3d ,230,12.9488,12.9488,12.9488,90.0,90.0,90.0,garnet,10.1021/jp304737x,1,D2 - 225; D1 - 795,done,ICSD ,,duplicate with line 550,,,237146.0,225.0,663.0
577,high,source_note_duplicate|duplicate_formula_same_order_lt10x|cif_status_blank|reduced_composition_whitespace|space_group_whitespace,source_note_duplicate: duplicate with line 510 || duplicate_formula_same_order_lt10x: 2 normalized-composition records; observed ratio=2.1875; log10 span=0.339948 || cif_status_blank: Cif ID is blank || reduced_composition_whitespace: leading or trailing whitespace || space_group_whitespace: leading or trailing whitespace,resolve_referenced_duplicate|retain_as_replicates_but_keep_group_in_one_split|complete_cif_status_if_available|trim_text,DUP045,2,2.1875,0.33994806169435066,True,0ew,Li6La3ZrTaO12 ,8,Li48.0La24.0Zr8.0Ta8.0O96.0,0.00016,,,Ia-3d ,230,12.891,12.891,12.891,90.0,90.0,90.0,garnet,10.1039/c2jm31413d,0,,,,,duplicate with line 510,,,,205.0,673.0
579,high,source_note_duplicate|duplicate_formula_same_order_lt10x|space_group_whitespace,source_note_duplicate: duplicate with line 536 || duplicate_formula_same_order_lt10x: 2 normalized-composition records; observed ratio=2.34234; log10 span=0.36965 || space_group_whitespace: leading or trailing whitespace,resolve_referenced_duplicate|retain_as_replicates_but_keep_group_in_one_split|trim_text,DUP042,2,2.3423423423423424,0.3696503691841606,True,tbj,Li5La3Sb2O12,8,Li40.0La24.0Sb16.0O96.0,3.33e-06,,,Ia-3d ,230,12.84665,12.84665,12.84665,90.0,90.0,90.0,garnet,10.1016/j.ssi.2008.01.002,1,D2 - 217; D1 - 890,done,ICSD ,,duplicate with line 536,,,161389.0,217.0,
589,high,duplicate_formula_conflict_100_to_1000x|below_1e-6_modeling_threshold,duplicate_formula_conflict_100_to_1000x: 2 normalized-composition records; observed ratio=444.444; log10 span=2.64782 || below_1e-6_modeling_threshold: Ionic conductivity (S cm-1)=4.5e-08,manual_review_conditions_phase_and_source|exclude_from_current_high_conductivity_model,DUP005,2,444.4444444444445,2.6478174818886373,False,mn3,Li4SnSe4,4,Li16.0Sn4.0Se16.0,4.5e-08,,,Pnma,62,14.98259,8.25908,6.6279,90.0,90.0,90.0,Chalcogenidotetrelates,10.1021/acs.chemmater.0c04150,1,,done,ICSD-111758,,,,,111758.0,,
597,high,duplicate_formula_conflict_10_to_100x|space_group_symbol_typo,duplicate_formula_conflict_10_to_100x: 5 normalized-composition records; observed ratio=17.2028; log10 span=1.2356 || space_group_symbol_typo: P42/nmcZ contains trailing Z,manual_review_and_keep_group_in_one_split|normalize_to_P42/nmc,DUP019,5,17.202797202797203,1.2355990696383172,False,zzr,Li10GeP2S12,2,Li20.0Ge2.0P4.0S24.0,0.0076,,,P42/nmcZ,137,8.6877,8.6877,12.5827,90.0,90.0,90.0,LGPS,10.1021/jacs.0c10735,1,,done,ICSD-30161,,,,,30161.0,,
9,review,duplicate_formula_same_order_lt10x,duplicate_formula_same_order_lt10x: 2 normalized-composition records; observed ratio=2.6875; log10 span=0.429348,retain_as_replicates_but_keep_group_in_one_split,DUP039,2,2.6875,0.4293484729236621,True,mdp,Li7P3S11,2,Li14.0P6.0S22.0,0.0032,,,P -1,2,12.5009,6.0316,12.5303,102.845,113.2024,74.467,thio-phosphate,10.1039/c3ee41655k|10.1016/j.ssi.2007.05.020|10.1016/j.ssi.2006.04.017,0,,done,,,,,,157654.0,5.0,28.0
11,review,duplicate_formula_same_order_lt10x|cif_status_blank,duplicate_formula_same_order_lt10x: 2 normalized-composition records; observed ratio=2.6875; log10 span=0.429348 || cif_status_blank: Cif ID is blank,retain_as_replicates_but_keep_group_in_one_split|complete_cif_status_if_available,DUP039,2,2.6875,0.4293484729236621,True,ptg,Li7P3S11,2,Li14.0P6.0S22.0,0.0086,,,P -1,2,12.4258,6.0401,12.515,103.076,113.342,74.883,thio-phosphate,10.1021/acs.chemmater.6b02163,0,,,,,,,,,12.0,
18,review,duplicate_formula_same_order_lt10x,duplicate_formula_same_order_lt10x: 2 normalized-composition records; observed ratio=7.92208; log10 span=0.898839,retain_as_replicates_but_keep_group_in_one_split,DUP025,2,7.922077922077923,0.8988391098382851,True,2yl,Li3.35Ge0.35P0.65S4,24,Li80.4Ge8.4P15.6S96.0,0.00154,,,P21/m,11,13.393,22.947,18.2009,90.0,92.562,90.0,thio-LISICON,10.1149/1.1379028,0,D2 - 14,not available,,,,,,,14.0,
22,review,duplicate_formula_same_order_lt10x|below_1e-6_modeling_threshold,duplicate_formula_same_order_lt10x: 2 normalized-composition records; observed ratio=3.10063; log10 span=0.49145 || below_1e-6_modeling_threshold: Ionic conductivity (S cm-1)=1.59e-08,retain_as_replicates_but_keep_group_in_one_split|exclude_from_current_high_conductivity_model,DUP036,2,3.10062893081761,0.491449794956778,True,b4c,Li4SiS4,2,Li8.0Si2.0S8.0,1.59e-08,,,P21/m,11,6.8934,7.7675,6.1241,90.0,91.225,90.0,thio-LISICON,10.1006/jssc.2002.9701,1,D2 - 18,done,59708-ICSD,,,,,59708.0,18.0,
25,review,duplicate_formula_same_order_lt10x,duplicate_formula_same_order_lt10x: 2 normalized-composition records; observed ratio=6.35952; log10 span=0.803424,retain_as_replicates_but_keep_group_in_one_split,DUP030,2,6.359516616314199,0.8034241063959682,True,dj2,Li3.4Si0.4P0.6S4,24,Li81.6Si9.6P14.4S96.0,0.000662,,,P21/m,11,13.3678,23.6448,12.2154,90.0,90.134,90.0,thio-LISICON,10.1006/jssc.2002.9701,1,D2 - 18,not available,,,,,,,18.0,
69,review,duplicate_formula_same_order_lt10x|below_1e-6_modeling_threshold,duplicate_formula_same_order_lt10x: 2 normalized-composition records; observed ratio=3.43462; log10 span=0.535878; at least one DOI is shared || below_1e-6_modeling_threshold: Ionic conductivity (S cm-1)=2.6e-07,retain_as_replicates_but_keep_group_in_one_split|exclude_from_current_high_conductivity_model,DUP034,2,3.4346153846153844,0.5358781109177286,True,joc,Li3PS4,2,Li6.0P2.0S8.0,2.6e-07,,,Pmn21,31,7.70829,6.53521,6.1365,90.0,90.0,90.0,thio-LISICON,10.1021/ja3110895,1,D2 - 52,done,180318-ICSD,,,,,180318.0,52.0,
112,review,source_note_structure_metadata_missing|below_1e-6_modeling_threshold,source_note_structure_metadata_missing: refer 79426-ICSD; po information is missing || below_1e-6_modeling_threshold: Ionic conductivity (S cm-1)=1.4e-13,verify_structure_metadata|exclude_from_current_high_conductivity_model,,,,,,uxo,Li2.88PO3.73N0.14,4,Li11.52P4.0O14.92N0.56,1.4e-13,,,Pnma,62,6.1153,10.469,4.9195,90.0,90.0,90.0,LISICON,10.1006/jssc.1995.1140,0,D2 - 70,done,,,refer 79426-ICSD; po information is missing,,,79426.0,70.0,615.0
120,review,low_precision_target_extraction|source_note_conductivity_review|below_1e-6_modeling_threshold,low_precision_target_extraction: IC number should be read from the graph || source_note_conductivity_review: IC number should be read from the graph || below_1e-6_modeling_threshold: Ionic conductivity (S cm-1)=2e-07,verify_value_from_source|verify_conductivity_from_source|exclude_from_current_high_conductivity_model,,,,,,i6k,Sm0.52Li0.38TiO2.97,4,Sm2.08Li1.52Ti4.0O11.88,2e-07,,,Pnma,62,5.34,7.619,5.441,90.0,90.0,90.0,perovskites,10.1016/0167-2738(94)90310-7,1,D2 - 62,not available,,,IC number should be read from the graph,,,,62.0,
124,review,duplicate_formula_same_order_lt10x|below_1e-6_modeling_threshold,duplicate_formula_same_order_lt10x: 2 normalized-composition records; observed ratio=3.10063; log10 span=0.49145 || below_1e-6_modeling_threshold: Ionic conductivity (S cm-1)=4.93e-08,retain_as_replicates_but_keep_group_in_one_split|exclude_from_current_high_conductivity_model,DUP036,2,3.10062893081761,0.491449794956778,True,x94,Li4SiS4,4,Li16.0Si4.0S16.0,4.93e-08,,,Pnma,62,13.735,7.769,6.147,90.0,90.0,90.0,thio-LISICON,10.1016/0025-5408(89)90053-6,1,D1 - 764; D2 - 15,not available,,,appendix: diffraction data available,,,,,634.0
144,review,available_cif_not_local|space_group_whitespace,available_cif_not_local: Cif ID says available but no local CIF was found || space_group_whitespace: leading or trailing whitespace,copy_or_link_cif|trim_text,,,,,,dco,Li2Zn0.5PS4,2,Li4.0Zn1.0P2.0S8.0,0.00013,,, I-4,82,5.795,5.795,8.834,90.0,90.0,90.0,sulfides,10.1021/acs.chemmater.7b05108,1,D2 - 69,available,264462-ICSD,,,,,264462.0,69.0,
145,review,available_cif_not_local|space_group_whitespace,available_cif_not_local: Cif ID says available but no local CIF was found || space_group_whitespace: leading or trailing whitespace,copy_or_link_cif|trim_text,,,,,,tqb,Li1.5Zn0.75PS4,2,Li3.0Zn1.5P2.0S8.0,1.65e-05,,, I-4,82,5.764,5.764,8.843,90.0,90.0,90.0,sulfides,10.1021/acs.chemmater.7b05108,1,D2 - 69,available,264463-ICSD,,,,,264463.0,69.0,
162,review,duplicate_formula_same_order_lt10x,duplicate_formula_same_order_lt10x: 2 normalized-composition records; observed ratio=2.23837; log10 span=0.349932; at least one DOI is shared,retain_as_replicates_but_keep_group_in_one_split,DUP044,2,2.238372093023256,0.3499322826009519,True,2lu,La0.55Li0.36TiO3,2,La1.1Li0.72Ti2.0O6.0,0.000688,,,P4/mmm,123,3.868,3.868,7.751,90.0,90.0,90.0,perovskites,10.1016/s0167-2738(98)00070-8,1,D2 - 97,not available,,,,,,,97.0,
163,review,duplicate_formula_same_order_lt10x,duplicate_formula_same_order_lt10x: 2 normalized-composition records; observed ratio=1.92012; log10 span=0.283329; at least one DOI is shared,retain_as_replicates_but_keep_group_in_one_split,DUP048,2,1.9201228878648233,0.2833290244398645,True,bd5,La0.54Li0.39TiO3,2,La1.08Li0.78Ti2.0O6.0,0.000651,,,P4/mmm,123,3.867,3.867,7.748,90.0,90.0,90.0,perovskites,10.1016/s0167-2738(98)00070-8,1,D2 - 97,not available,,,,,,,97.0,
164,review,duplicate_formula_same_order_lt10x,duplicate_formula_same_order_lt10x: 2 normalized-composition records; observed ratio=1.56687; log10 span=0.195032; at least one DOI is shared,retain_as_replicates_but_keep_group_in_one_split,DUP056,2,1.5668662674650697,0.19503193087800685,True,ukw,La0.52Li0.45TiO3,2,La1.04Li0.9Ti2.0O6.0,0.000501,,,P4/mmm,123,3.8673,3.8673,7.739,90.0,90.0,90.0,perovskites,10.1016/s0167-2738(98)00070-8,1,D2 - 97,not available,,,,,,,97.0,
165,review,duplicate_formula_same_order_lt10x,duplicate_formula_same_order_lt10x: 2 normalized-composition records; observed ratio=1.38898; log10 span=0.142697; at least one DOI is shared,retain_as_replicates_but_keep_group_in_one_split,DUP057,2,1.3889816360601,0.14269650390141253,True,5h8,La0.58Li0.27TiO3,2,La1.16Li0.54Ti2.0O6.0,0.000599,,,P4/mmm,123,3.87,3.87,7.773,90.0,90.0,90.0,perovskites,10.1016/s0167-2738(98)00070-8,1,D2 - 97,not available,,,,,,,97.0,
166,review,duplicate_formula_same_order_lt10x,duplicate_formula_same_order_lt10x: 3 normalized-composition records; observed ratio=7.87879; log10 span=0.896459; at least one DOI is shared,retain_as_replicates_but_keep_group_in_one_split,DUP026,3,7.878787878787879,0.8964594080929307,True,vwy,La0.56Li0.33TiO3,2,La1.12Li0.66Ti2.0O6.0,0.000668,,,P4/mmm,123,3.8675,3.8675,7.758,90.0,90.0,90.0,perovskites,10.1016/s0167-2738(98)00070-8,1,D2 - 97,done,,,,Yes,10.1006/jssc.1996.0385,82671.0,97.0,
167,review,duplicate_formula_same_order_lt10x,duplicate_formula_same_order_lt10x: 3 normalized-composition records; observed ratio=7.87879; log10 span=0.896459; at least one DOI is shared,retain_as_replicates_but_keep_group_in_one_split,DUP026,3,7.878787878787879,0.8964594080929307,True,2ha,La0.56Li0.33TiO3,2,La1.12Li0.66Ti2.0O6.0,0.000165,,,P4/mmm,123,3.89816,3.89816,7.8519,90.0,90.0,90.0,perovskites,10.1016/j.jallcom.2013.04.195,1,D2 - 98,not available,,,,,,,98.0,
177,review,duplicate_formula_same_order_lt10x|space_group_whitespace,duplicate_formula_same_order_lt10x: 2 normalized-composition records; observed ratio=7.92208; log10 span=0.898839 || space_group_whitespace: leading or trailing whitespace,retain_as_replicates_but_keep_group_in_one_split|trim_text,DUP025,2,7.922077922077923,0.8988391098382851,True,52b,Li10.05Ge1.05P1.95S12,2,Li20.1Ge2.1P3.9S24.0,0.0122,,,P42/nmc ,137,8.6944,8.6944,12.60025,90.0,90.0,90.0,LGPS,10.1039/c4ta05231e,1,D2 - 104,not available,,,,,,,104.0,
179,review,duplicate_formula_same_order_lt10x|space_group_whitespace,duplicate_formula_same_order_lt10x: 2 normalized-composition records; observed ratio=1.57143; log10 span=0.196295 || space_group_whitespace: leading or trailing whitespace,retain_as_replicates_but_keep_group_in_one_split|trim_text,DUP055,2,1.5714285714285714,0.196294645143968,True,ya8,Li10.5Ge1.5P1.5S12,2,Li21.0Ge3.0P3.0S24.0,0.011,,,P42/nmc ,137,8.7025,8.7025,12.6251,90.0,90.0,90.0,LGPS,10.1039/c4ta05231e,1,D2 - 104,not available,,,,,,,104.0,
182,review,duplicate_formula_same_order_lt10x|space_group_whitespace,duplicate_formula_same_order_lt10x: 2 normalized-composition records; observed ratio=1.03538; log10 span=0.0151017 || space_group_whitespace: leading or trailing whitespace,retain_as_replicates_but_keep_group_in_one_split|trim_text,DUP063,2,1.0353846153846153,0.015101707581121282,True,mqo,Li3.45Si0.45P0.55S4,6,Li20.7Si2.7P3.3S24.0,0.00673,,,P42/nmc ,137,8.669578,8.669578,12.536058,90.0,90.0,90.0,LGPS,10.1039/c4fd00143e,1,D2 - 105,not available,,,refer D2 - 109; 252037-ICSD,,,,105.0,
185,review,duplicate_formula_same_order_lt10x|space_group_whitespace,duplicate_formula_same_order_lt10x: 2 normalized-composition records; observed ratio=6.35952; log10 span=0.803424 || space_group_whitespace: leading or trailing whitespace,retain_as_replicates_but_keep_group_in_one_split|trim_text,DUP030,2,6.359516616314199,0.8034241063959682,True,3sx,Li3.4Si0.4P0.6S4,6,Li20.4Si2.4P3.6S24.0,0.00421,,,P42/nmc ,137,8.644,8.644,12.504,90.0,90.0,90.0,LGPS,10.1039/c4fd00143e,1,D2 - 105,not available,,,,,,,105.0,
189,review,duplicate_formula_same_order_lt10x|space_group_whitespace,duplicate_formula_same_order_lt10x: 2 normalized-composition records; observed ratio=1.10887; log10 span=0.044881 || space_group_whitespace: leading or trailing whitespace,retain_as_replicates_but_keep_group_in_one_split|trim_text,DUP062,2,1.1088709677419355,0.04488101300404601,True,ns3,Li3.27Sn0.27P0.73S4,6,Li19.62Sn1.62P4.38S24.0,0.00496,,,P42/nmc ,137,8.7405,8.7405,12.715,90.0,90.0,90.0,LGPS,10.1039/c4fd00143e,1,D2 - 105,not available,,,,,,,105.0,
193,review,duplicate_formula_same_order_lt10x|space_group_whitespace,duplicate_formula_same_order_lt10x: 3 normalized-composition records; observed ratio=1.84211; log10 span=0.265314 || space_group_whitespace: leading or trailing whitespace,retain_as_replicates_but_keep_group_in_one_split|trim_text,DUP049,3,1.8421052631578947,0.2653144433974468,True,9lx,Li10SnP2S12,2,Li20.0Sn2.0P4.0S24.0,0.007,,,P42/nmc ,137,8.7057,8.7057,12.7389,90.0,90.0,90.0,LGPS,10.1021/ja407393y,1,D2 - 107,done,193755-ICSD; appendix,,,,,193755.0,107.0,
198,review,duplicate_formula_same_order_lt10x|space_group_whitespace,duplicate_formula_same_order_lt10x: 2 normalized-composition records; observed ratio=1.10887; log10 span=0.044881 || space_group_whitespace: leading or trailing whitespace,retain_as_replicates_but_keep_group_in_one_split|trim_text,DUP062,2,1.1088709677419355,0.04488101300404601,True,nip,Li9.81Sn0.81P2.19S12,2,Li19.62Sn1.62P4.38S24.0,0.0055,,,P42/nmc ,137,8.73764,8.73764,12.7166,90.0,90.0,90.0,LGPS,10.1107/s2052520615022283,1,D2 - 109,done,252040-ICSD,,partial occupancy corrected,,,252040.0,109.0,609.0
210,review,duplicate_formula_same_order_lt10x|space_group_whitespace,duplicate_formula_same_order_lt10x: 2 normalized-composition records; observed ratio=1.57143; log10 span=0.196295 || space_group_whitespace: leading or trailing whitespace,retain_as_replicates_but_keep_group_in_one_split|trim_text,DUP055,2,1.5714285714285714,0.196294645143968,True,hd3,Li7GePS8,2,Li14.0Ge2.0P2.0S16.0,0.007,,,P42/nmc ,137,8.718,8.718,12.66,90.0,90.0,90.0,LGPS,10.1039/c3ee41728j,1,D2 - 251,not available,,,,,,,251.0,
212,review,duplicate_formula_same_order_lt10x|space_group_whitespace,duplicate_formula_same_order_lt10x: 2 normalized-composition records; observed ratio=1.03538; log10 span=0.0151017 || space_group_whitespace: leading or trailing whitespace,retain_as_replicates_but_keep_group_in_one_split|trim_text,DUP063,2,1.0353846153846153,0.015101707581121282,True,k4x,Li10.35Si1.35P1.65S12,2,Li20.7Si2.7P3.3S24.0,0.0065,,,P42/nmc ,137,8.68385,8.68385,12.55589,90.0,90.0,90.0,LGPS,10.1107/s2052520615022283,1,D2 - 109,done,252037-ICSD,,,,,252037.0,109.0,608.0
234,review,duplicate_formula_same_order_lt10x,duplicate_formula_same_order_lt10x: 3 normalized-composition records; observed ratio=6.91383; log10 span=0.839719,retain_as_replicates_but_keep_group_in_one_split,DUP028,3,6.913827655310621,0.8397185494498838,True,0o6,Li1.2Ti1.8Sc0.2(PO4)3,6,Li7.2Ti10.8Sc1.2P18.0O72.0,9.98e-05,9.98e-05,0.00251,R-3c,167,8.527,8.527,20.924,90.0,90.0,120.0,NASICON,10.1021/acs.inorgchem.6b02274,1,D2 - 132,done,,,,,,119210.0,132.0,
235,review,duplicate_formula_same_order_lt10x|below_1e-6_modeling_threshold,duplicate_formula_same_order_lt10x: 2 normalized-composition records; observed ratio=2.42049; log10 span=0.383904 || below_1e-6_modeling_threshold: Ionic conductivity (S cm-1)=2.83e-07,retain_as_replicates_but_keep_group_in_one_split|exclude_from_current_high_conductivity_model,DUP041,2,2.4204946996466434,0.3839041359681348,True,a3l,LiHf2(PO4)3,6,Li6.0Hf12.0P18.0O72.0,2.83e-07,,,R-3c,167,8.824,8.824,22.04,90.0,90.0,120.0,NASICON,10.1002/chin.199345017,1,D2 -2,not available,,,,,,,2.0,
239,review,duplicate_formula_same_order_lt10x,duplicate_formula_same_order_lt10x: 2 normalized-composition records; observed ratio=1.64389; log10 span=0.215873,retain_as_replicates_but_keep_group_in_one_split,DUP053,2,1.6438923395445135,0.21587337167558385,True,0fh,Li1.2Al0.2Ge1.8(PO4)3,6,Li7.2Al1.2Ge10.8P18.0O72.0,4.83e-05,,,R-3c,167,8.2619,8.2619,20.5656,90.0,90.0,120.0,NASICON,10.1021/acsami.8b00842,1,D2 - 133,done,263760-ICSD,downloaded,,,,263760.0,133.0,
241,review,duplicate_formula_same_order_lt10x,duplicate_formula_same_order_lt10x: 3 normalized-composition records; observed ratio=1.76842; log10 span=0.247586,retain_as_replicates_but_keep_group_in_one_split,DUP050,3,1.7684210526315787,0.24758567643701523,True,1xf,Li1.5Al0.5Ge1.5(PO4)3,6,Li9.0Al3.0Ge9.0P18.0O72.0,0.000336,,,R-3c,167,8.25658,8.25658,20.6523,90.0,90.0,120.0,NASICON,10.1021/acsami.8b00842,1,D2 - 133,done,263763-ICSD,downloaded,,,,263763.0,133.0,
246,review,duplicate_formula_same_order_lt10x,duplicate_formula_same_order_lt10x: 3 normalized-composition records; observed ratio=8.10084; log10 span=0.90853,retain_as_replicates_but_keep_group_in_one_split,DUP024,3,8.100840336134453,0.9085300725102998,True,my9,Li1.2Al0.2Ti1.8(PO4)3,6,Li7.2Al1.2Ti10.8P18.0O72.0,0.000595,,,R-3c,167,8.5042,8.5042,20.8252,90.0,90.0,120.0,NASICON,10.1149/1.2086597,1,D2 - 134,done,,,,Yes,10.1016/j.solidstatesciences.2016.08.011,7932.0,134.0,
251,review,duplicate_formula_same_order_lt10x,duplicate_formula_same_order_lt10x: 2 normalized-composition records; observed ratio=8.26211; log10 span=0.917091,retain_as_replicates_but_keep_group_in_one_split,DUP023,2,8.262108262108262,0.9170908814331322,True,txm,Li1.3Cr0.3Ti1.7(PO4)3,6,Li7.8Cr1.8Ti10.2P18.0O72.0,3.51e-05,,,R-3c,167,8.5203,8.5203,20.8702,90.0,90.0,120.0,NASICON,10.1149/1.2086597,1,D2 - 134,not available,,,,,,,134.0,
258,review,duplicate_formula_same_order_lt10x,duplicate_formula_same_order_lt10x: 2 normalized-composition records; observed ratio=7.77778; log10 span=0.890856,retain_as_replicates_but_keep_group_in_one_split,DUP027,2,7.777777777777777,0.8908555305749322,True,6st,Li1.2Fe0.2Ti1.8(PO4)3,6,Li7.2Fe1.2Ti10.8P18.0O72.0,0.00018,,,R-3c,167,8.5213,8.5213,20.8648,90.0,90.0,120.0,NASICON,10.1149/1.2086597,1,D2 - 134,not available,,,,,,,134.0,
259,review,duplicate_formula_same_order_lt10x,duplicate_formula_same_order_lt10x: 2 normalized-composition records; observed ratio=9.34959; log10 span=0.970793,retain_as_replicates_but_keep_group_in_one_split,DUP022,2,9.34959349593496,0.9707927289142138,True,t9r,Li1.3Fe0.3Ti1.7(PO4)3,6,Li7.8Fe1.8Ti10.2P18.0O72.0,0.000246,,,R-3c,167,8.5262,8.5262,20.865,90.0,90.0,120.0,NASICON,10.1149/1.2086597,1,D2 - 134,not available,,,,,,,134.0,
262,review,duplicate_formula_same_order_lt10x,duplicate_formula_same_order_lt10x: 3 normalized-composition records; observed ratio=6.91383; log10 span=0.839719,retain_as_replicates_but_keep_group_in_one_split,DUP028,3,6.913827655310621,0.8397185494498838,True,1wm,Li1.2Sc0.2Ti1.8(PO4)3,6,Li7.2Sc1.2Ti10.8P18.0O72.0,0.00069,,,R-3c,167,8.5482,8.5482,20.9418,90.0,90.0,120.0,NASICON,10.1149/1.2086597,1,D2 - 134,not available,,,,,,,134.0,
263,review,duplicate_formula_same_order_lt10x,duplicate_formula_same_order_lt10x: 3 normalized-composition records; observed ratio=1.72727; log10 span=0.237361,retain_as_replicates_but_keep_group_in_one_split,DUP051,3,1.727272727272727,0.23736091579460394,True,do2,Li1.3Sc0.3Ti1.7(PO4)3,6,Li7.8Sc1.8Ti10.2P18.0O72.0,0.000703,,,R-3c,167,8.5645,8.5645,20.985,90.0,90.0,120.0,NASICON,10.1149/1.2086597,1,D2 - 134,not available,,,,,,,134.0,
265,review,duplicate_formula_same_order_lt10x,duplicate_formula_same_order_lt10x: 2 normalized-composition records; observed ratio=4.74453; log10 span=0.676193,retain_as_replicates_but_keep_group_in_one_split,DUP032,2,4.744525547445255,0.6761927894864486,True,5u3,Li1.2In0.2Ti1.8(PO4)3,6,Li7.2In1.2Ti10.8P18.0O72.0,0.00039,,,R-3c,167,8.544,8.544,20.948,90.0,90.0,120.0,NASICON,10.1149/1.2086597,1,D2 - 134,not available,,,,,,,134.0,
269,review,duplicate_formula_same_order_lt10x,duplicate_formula_same_order_lt10x: 2 normalized-composition records; observed ratio=6.6; log10 span=0.819544,retain_as_replicates_but_keep_group_in_one_split,DUP029,2,6.6,0.8195439355418683,True,p4l,Li1.2La0.2Ti1.8(PO4)3,6,Li7.2La1.2Ti10.8P18.0O72.0,8e-05,,,R-3c,167,8.5117,8.5117,20.8537,90.0,90.0,120.0,NASICON,10.1149/1.2086597,1,D2 - 134,not available,,,,,,,134.0,
270,review,duplicate_formula_same_order_lt10x,duplicate_formula_same_order_lt10x: 2 normalized-composition records; observed ratio=1.00956; log10 span=0.00413223,retain_as_replicates_but_keep_group_in_one_split,DUP064,2,1.0095602294455066,0.004132233666537921,True,qkr,Li1.3La0.3Ti1.7(PO4)3,6,Li7.8La1.8Ti10.2P18.0O72.0,0.000523,,,R-3c,167,8.5119,8.5119,20.8513,90.0,90.0,120.0,NASICON,10.1149/1.2086597,1,D2 - 134,not available,,,,,,,134.0,
277,review,source_note_conductivity_review,source_note_conductivity_review: ic # check,verify_conductivity_from_source,,,,,,7kf,Li1.7Al0.3Ti1.6(PO4)3,6,Li10.2Al1.8Ti9.6P18.0O72.0,0.00122,0.00122,0.002,R-3c,167,8.46,8.46,20.69,90.0,90.0,120.0,NASICON,10.1016/s0167-2738(00)00493-8,1,D2 - 142,not available,,,ic # check,,,,142.0,
278,review,duplicate_formula_same_order_lt10x,duplicate_formula_same_order_lt10x: 2 normalized-composition records; observed ratio=4.74453; log10 span=0.676193,retain_as_replicates_but_keep_group_in_one_split,DUP032,2,4.744525547445255,0.6761927894864486,True,i8k,Li1.2In0.2Ti1.8(PO4)3,6,Li7.2In1.2Ti10.8P18.0O72.0,8.22e-05,,,R-3c,167,8.55,8.55,20.96,90.0,90.0,120.0,NASICON,10.1021/cm030422i,1,D2 - 143,not available,,,,,,,143.0,
279,review,duplicate_formula_same_order_lt10x,duplicate_formula_same_order_lt10x: 2 normalized-composition records; observed ratio=3.61338; log10 span=0.557914,retain_as_replicates_but_keep_group_in_one_split,DUP033,2,3.613382899628253,0.5579139849238666,True,hzf,Li1.3Al0.2Sc0.1Ti1.7(PO4)3,6,Li7.8Al1.2Sc0.6Ti10.2P18.0O72.0,0.000972,,,R-3c,167,8.5169,8.5169,20.916,90.0,90.0,120.0,NASICON,10.1016/j.ssi.2012.03.045,1,D2 - 144,not available,,,,,,,144.0,
281,review,duplicate_formula_same_order_lt10x,duplicate_formula_same_order_lt10x: 2 normalized-composition records; observed ratio=1.00704; log10 span=0.00304769,retain_as_replicates_but_keep_group_in_one_split,DUP065,2,1.0070422535211268,0.003047693082005587,True,czo,Li1.3Al0.1Sc0.2Ti1.7(PO4)3,6,Li7.8Al0.6Sc1.2Ti10.2P18.0O72.0,0.000429,,,R-3c,167,8.5322,8.5322,21.0039,90.0,90.0,120.0,NASICON,10.1016/j.ssi.2012.03.045,1,D2 - 144,not available,,,,,,,144.0,
282,review,duplicate_formula_same_order_lt10x,duplicate_formula_same_order_lt10x: 3 normalized-composition records; observed ratio=1.72727; log10 span=0.237361,retain_as_replicates_but_keep_group_in_one_split,DUP051,3,1.727272727272727,0.23736091579460394,True,o8s,Li1.3Sc0.3Ti1.7(PO4)3,6,Li7.8Sc1.8Ti10.2P18.0O72.0,0.000452,,,R-3c,167,8.5529,8.5529,21.058,90.0,90.0,120.0,NASICON,10.1016/j.ssi.2012.03.045,1,D2 - 144,not available,,,,,,,144.0,
297,review,duplicate_formula_same_order_lt10x,duplicate_formula_same_order_lt10x: 2 normalized-composition records; observed ratio=2.11282; log10 span=0.324863,retain_as_replicates_but_keep_group_in_one_split,DUP046,2,2.112820512820513,0.32486260467061623,True,3uq,Li1.3Al0.3Ge1.7(PO4)3,6,Li7.8Al1.8Ge10.2P18.0O72.0,8.24e-05,,,R-3c,167,8.26189,8.26189,20.5646,90.0,90.0,120.0,NASICON,10.1021/acsami.8b00842,1,D2 - 133,done,263761-ICSD,downloaded,"check ID 242-247; refer D2 - 140, D2- 146, D1-421",,,263761.0,133.0,
298,review,duplicate_formula_same_order_lt10x,duplicate_formula_same_order_lt10x: 2 normalized-composition records; observed ratio=2.02857; log10 span=0.30719,retain_as_replicates_but_keep_group_in_one_split,DUP047,2,2.028571428571429,0.30719030436879935,True,1dm,Li1.6Al0.6Ge1.4(PO4)3,6,Li9.6Al3.6Ge8.4P18.0O72.0,0.000284,,,R-3c,167,8.2526,8.2526,20.6831,90.0,90.0,120.0,NASICON,10.1021/acsami.8b00842,1,D2 - 133,done,263764-ICSD,downloaded,,,,263764.0,133.0,
300,review,duplicate_formula_same_order_lt10x,duplicate_formula_same_order_lt10x: 2 normalized-composition records; observed ratio=1.64389; log10 span=0.215873,retain_as_replicates_but_keep_group_in_one_split,DUP053,2,1.6438923395445135,0.21587337167558385,True,ed4,Li1.2Al0.2Ge1.8(PO4)3,6,Li7.2Al1.2Ge10.8P18.0O72.0,7.94e-05,,,R-3c,167,8.283,8.283,20.471,90.0,90.0,120.0,NASICON,10.1016/j.jeurceramsoc.2014.11.023,1,D2 - 243,not available,,,,,,,243.0,
301,review,duplicate_formula_same_order_lt10x,duplicate_formula_same_order_lt10x: 3 normalized-composition records; observed ratio=1.76842; log10 span=0.247586,retain_as_replicates_but_keep_group_in_one_split,DUP050,3,1.7684210526315787,0.24758567643701523,True,vg0,Li1.5Al0.5Ge1.5(PO4)3,6,Li9.0Al3.0Ge9.0P18.0O72.0,0.00019,,,R-3c,167,8.2828,8.2828,20.5014,90.0,90.0,120.0,NASICON,10.1016/j.jeurceramsoc.2014.11.023,1,D2 - 243,done,,,,Yes,10.1016/j.jallcom.2020.155878,36779.0,243.0,
302,review,duplicate_formula_same_order_lt10x,duplicate_formula_same_order_lt10x: 3 normalized-composition records; observed ratio=8.10084; log10 span=0.90853,retain_as_replicates_but_keep_group_in_one_split,DUP024,3,8.100840336134453,0.9085300725102998,True,z9y,Li1.2Al0.2Ti1.8(PO4)3,6,Li7.2Al1.2Ti10.8P18.0O72.0,0.00338,,,R-3c,167,8.502,8.502,20.818,90.0,90.0,120.0,NASICON,10.1016/j.jeurceramsoc.2014.11.023,1,D2 - 243,done,,,,Yes,10.1021/acs.chemmater.9b04419,141515.0,243.0,
305,review,bulk_total_semantics_review,bulk_total_semantics_review: target appears to be bulk conductivity while total is blank,verify_target_definition,,,,,,nng,Li1.6Al0.6Ge0.8Ti0.6(PO4)3,6,Li9.6Al3.6Ge4.8P18.0Ti3.6O72.0,0.0007,,,R-3c,167,8.383,8.383,20.637,90.0,90.0,120.0,NASICON,10.1021/cm021717j,1,D1 - 30,not available,,,bulk Ic ,,,,,30.0
308,review,duplicate_formula_same_order_lt10x,duplicate_formula_same_order_lt10x: 2 normalized-composition records; observed ratio=1.00704; log10 span=0.00304769,retain_as_replicates_but_keep_group_in_one_split,DUP065,2,1.0070422535211268,0.003047693082005587,True,dq4,Li1.3Al0.1Sc0.2Ti1.7(PO4)3,6,Li7.8Al0.6Sc1.2Ti10.2P18.0O72.0,0.000426,,,R-3c,167,8.5244,8.5244,20.925,90.0,90.0,120.0,NASICON,10.1007/s10008-012-1780-x,1,D1 - 310,not available,,,refer D2 - 144,,,,,246.0
309,review,duplicate_formula_same_order_lt10x,duplicate_formula_same_order_lt10x: 2 normalized-composition records; observed ratio=3.61338; log10 span=0.557914,retain_as_replicates_but_keep_group_in_one_split,DUP033,2,3.613382899628253,0.5579139849238666,True,0fa,Li1.3Al0.2Sc0.1Ti1.7(PO4)3,6,Li7.8Al1.2Sc0.6Ti10.2P18.0O72.0,0.000269,,,R-3c,167,8.5216,8.5216,20.917,90.0,90.0,120.0,NASICON,10.1007/s10008-012-1780-x,1,D1 - 310,not available,,,,,,,,247.0
312,review,duplicate_formula_same_order_lt10x,duplicate_formula_same_order_lt10x: 3 normalized-composition records; observed ratio=6.91383; log10 span=0.839719,retain_as_replicates_but_keep_group_in_one_split,DUP028,3,6.913827655310621,0.8397185494498838,True,0x9,Li1.2Sc0.2Ti1.8(PO4)3,6,Li7.2Sc1.2Ti10.8P18.0O72.0,0.000246,,,R-3c,167,8.536,8.536,20.922,90.0,90.0,120.0,NASICON,10.1016/0167-2738(86)90179-7,1,D1 - 333,not available,,,,,,,,266.0
313,review,duplicate_formula_same_order_lt10x,duplicate_formula_same_order_lt10x: 3 normalized-composition records; observed ratio=1.72727; log10 span=0.237361,retain_as_replicates_but_keep_group_in_one_split,DUP051,3,1.727272727272727,0.23736091579460394,True,iwe,Li1.3Sc0.3Ti1.7(PO4)3,6,Li7.8Sc1.8Ti10.2P18.0O72.0,0.000407,,,R-3c,167,8.559,8.559,20.964,90.0,90.0,120.0,NASICON,10.1016/0167-2738(86)90179-7,1,D1 - 333,not available,,,,,,,,333.0
320,review,duplicate_formula_same_order_lt10x|below_1e-6_modeling_threshold,duplicate_formula_same_order_lt10x: 2 normalized-composition records; observed ratio=2.42049; log10 span=0.383904 || below_1e-6_modeling_threshold: Ionic conductivity (S cm-1)=6.85e-07,retain_as_replicates_but_keep_group_in_one_split|exclude_from_current_high_conductivity_model,DUP041,2,2.4204946996466434,0.3839041359681348,True,ncr,LiHf2(PO4)3,6,Li6.0Hf12.0P18.0O72.0,6.85e-07,,,R-3c,167,8.809,8.809,21.98,90.0,90.0,120.0,NASICON,10.1016/0167-2738(93)90387-i,1,D1 - 367,not available,,,,,,,,367.0
340,review,duplicate_formula_same_order_lt10x,duplicate_formula_same_order_lt10x: 2 normalized-composition records; observed ratio=2.11282; log10 span=0.324863,retain_as_replicates_but_keep_group_in_one_split,DUP046,2,2.112820512820513,0.32486260467061623,True,ag1,Li1.3Al0.3Ge1.7(PO4)3,6,Li7.8Al1.8Ge10.2P18.0O72.0,3.9e-05,,,R-3c,167,8.274,8.274,20.53,90.0,90.0,120.0,NASICON,10.1016/s0955-2219(99)00055-2,1,D1 - 401; D1 - 426,not available,,,,,,,,349.0
341,review,duplicate_formula_same_order_lt10x,duplicate_formula_same_order_lt10x: 3 normalized-composition records; observed ratio=1.76842; log10 span=0.247586,retain_as_replicates_but_keep_group_in_one_split,DUP050,3,1.7684210526315787,0.24758567643701523,True,u5t,Li1.5Al0.5Ge1.5(PO4)3,6,Li9.0Al3.0Ge9.0P18.0O72.0,0.00028,,,R-3c,167,8.25,8.25,20.56,90.0,90.0,120.0,NASICON,10.1016/s0955-2219(99)00055-2,1,D1 - 401; D1 - 426,not available,,,,,,,,347.0
342,review,duplicate_formula_same_order_lt10x,duplicate_formula_same_order_lt10x: 2 normalized-composition records; observed ratio=2.02857; log10 span=0.30719,retain_as_replicates_but_keep_group_in_one_split,DUP047,2,2.028571428571429,0.30719030436879935,True,0y6,Li1.6Al0.6Ge1.4(PO4)3,6,Li9.6Al3.6Ge8.4P18.0O72.0,0.00014,,,R-3c,167,8.265,8.265,20.64,90.0,90.0,120.0,NASICON,10.1016/s0955-2219(99)00055-2,1,D1 - 401; D1 - 426,not available,,,,,,,,348.0
360,review,duplicate_formula_same_order_lt10x|space_group_whitespace,duplicate_formula_same_order_lt10x: 2 normalized-composition records; observed ratio=2.76595; log10 span=0.441844 || space_group_whitespace: leading or trailing whitespace,retain_as_replicates_but_keep_group_in_one_split|trim_text,DUP038,2,2.765947242206235,0.44184389210112096,True,gvd,Li3N,1,Li3.0N1.0,0.0005767,,,P6/mmm ,191,3.648,3.648,3.875,90.0,90.0,120.0,nitrides,10.1039/c0ee00052c,1,D2 - 154,done,ICSD not the same paper,,,,,34280.0,154.0,
363,review,duplicate_formula_same_order_lt10x,duplicate_formula_same_order_lt10x: 2 normalized-composition records; observed ratio=2.76595; log10 span=0.441844,retain_as_replicates_but_keep_group_in_one_split,DUP038,2,2.765947242206235,0.44184389210112096,True,fft,Li3N,2,Li6.0N2.0,0.0002085,,,P63/mmc,194,3.552,3.552,6.311,90.0,90.0,120.0,nitrides,10.1016/0167-2738(83)90045-0,1,D2 - 155,done,ICSD not the same paper,,,,,63201.0,155.0,
365,review,duplicate_formula_same_order_lt10x|space_group_whitespace,duplicate_formula_same_order_lt10x: 2 normalized-composition records; observed ratio=1.5748; log10 span=0.197226 || space_group_whitespace: leading or trailing whitespace,retain_as_replicates_but_keep_group_in_one_split|trim_text,DUP054,2,1.5748031496062993,0.1972262747080249,True,68u,Li5La3Nb2O12,8,Li40.0La24.0Nb16.0O96.0,8e-06,,, I213,199,12.762,12.762,12.762,90.0,90.0,90.0,garnet,10.1111/j.1551-2916.2005.00060.x,1,D2 - 159;D1- 814,done,,,,Yes,10.1016/0025-5408(88)90264-4,202768.0,159.0,610.0
366,review,duplicate_formula_same_order_lt10x|space_group_whitespace,duplicate_formula_same_order_lt10x: 3 normalized-composition records; observed ratio=1.66667; log10 span=0.221849 || space_group_whitespace: leading or trailing whitespace,retain_as_replicates_but_keep_group_in_one_split|trim_text,DUP052,3,1.6666666666666667,0.22184874961635614,True,gyw,Li6SrLa2Ta2O12,8,Li48.0Sr8.0La16.0Ta16.0O96.0,4.2e-06,,, I213,199,12.811,12.811,12.811,90.0,90.0,90.0,garnet,10.1111/j.1551-2916.2005.00060.x,1,D2 - 159;D1- 814,not available,,,,,,,159.0,
370,review,duplicate_formula_same_order_lt10x,duplicate_formula_same_order_lt10x: 2 normalized-composition records; observed ratio=4.77778; log10 span=0.679226; at least one DOI is shared,retain_as_replicates_but_keep_group_in_one_split,DUP031,2,4.777777777777778,0.679225946140261,True,rwr,Li8GeP4,8,Li64.0Ge8.0P32.0,1.8e-05,,,Pa-3,205,11.80203,11.80203,11.80203,90.0,90.0,90.0,phosphates,10.1021/acs.chemmater.8b02759,1,D2 - 161,done,appendix; ICSD,,,,,235184.0,161.0,
432,review,duplicate_formula_same_order_lt10x|space_group_whitespace,duplicate_formula_same_order_lt10x: 2 normalized-composition records; observed ratio=4.77778; log10 span=0.679226; at least one DOI is shared || space_group_whitespace: leading or trailing whitespace,retain_as_replicates_but_keep_group_in_one_split|trim_text,DUP031,2,4.777777777777778,0.679225946140261,True,240,Li8GeP4,8,Li64.0Ge8.0P32.0,8.6e-05,,,P-43n ,218,11.7831,11.7831,11.7831,90.0,90.0,90.0,phosphates,10.1021/acs.chemmater.8b02759,1,D2 - 161,done,ICSD ,,,,,235187.0,161.0,
445,review,source_note_lattice_review,source_note_lattice_review: lattice parameter should be checked,verify_lattice_parameters,,,,,,lcx,La0.6Sr0.06Li0.06TiO3,1,La0.6Sr0.06Li0.06Ti1.0O3.0,1.13e-05,,,Pm-3m,221,5.477,5.477,5.477,90.0,90.0,90.0,perovskites,10.1021/cm020609u,1,D2 - 193,not available,,,lattice parameter should be checked,,,,193.0,
446,review,source_note_lattice_review,source_note_lattice_review: lattice parameter should be checked,verify_lattice_parameters,,,,,,mam,La0.56Sr0.1Li0.1TiO3,1,La0.56Sr0.1Li0.1Ti1.0O3.0,1.37e-05,,,Pm-3m,221,5.481,5.481,5.481,90.0,90.0,90.0,perovskites,10.1021/cm020609u,1,D2 - 193,not available,,,lattice parameter should be checked,,,,193.0,
447,review,source_note_lattice_review,source_note_lattice_review: lattice parameter should be checked,verify_lattice_parameters,,,,,,0jx,La0.51Sr0.15Li0.15TiO3,1,La0.51Sr0.15Li0.15Ti1.0O3.0,5.3e-05,,,Pm-3m,221,5.489,5.489,5.489,90.0,90.0,90.0,perovskites,10.1021/cm020609u,1,D2 - 193,not available,,,lattice parameter should be checked,,,,193.0,531.0
448,review,source_note_lattice_review,source_note_lattice_review: lattice parameter should be checked,verify_lattice_parameters,,,,,,lyq,La0.41Sr0.25Li0.25TiO3,1,La0.41Sr0.25Li0.25Ti1.0O3.0,7.64e-05,,,Pm-3m,221,5.495,5.495,5.495,90.0,90.0,90.0,perovskites,10.1021/cm020609u,1,D2 - 193,not available,,,lattice parameter should be checked,,,,193.0,530.0
449,review,source_note_lattice_review,source_note_lattice_review: lattice parameter should be checked,verify_lattice_parameters,,,,,,2tt,La0.385Sr0.275Li0.275TiO3,1,La0.39Sr0.28Li0.28Ti1.0O3.0,6.04e-05,,,Pm-3m,221,5.497,5.497,5.497,90.0,90.0,90.0,perovskites,10.1021/cm020609u,1,D2 - 193,not available,,,lattice parameter should be checked,,,,193.0,
450,review,source_note_lattice_review,source_note_lattice_review: lattice parameter should be checked,verify_lattice_parameters,,,,,,xy0,La0.36Sr0.3Li0.3TiO3,1,La0.36Sr0.3Li0.3Ti1.0O3.0,1.92e-05,,,Pm-3m,221,5.499,5.499,5.499,90.0,90.0,90.0,perovskites,10.1021/cm020609u,1,D2 - 193,not available,,,lattice parameter should be checked,,,,193.0,
451,review,duplicate_formula_same_order_lt10x,duplicate_formula_same_order_lt10x: 2 normalized-composition records; observed ratio=1.38898; log10 span=0.142697; at least one DOI is shared,retain_as_replicates_but_keep_group_in_one_split,DUP057,2,1.3889816360601,0.14269650390141253,True,epv,La0.58Li0.27TiO3,1,La0.58Li0.27Ti1.0O3.0,0.000832,,,Pm-3m,221,3.8771,3.8771,3.8771,90.0,90.0,90.0,perovskites,10.1016/s0167-2738(98)00070-8,1,D2 - 97,not available,,,,,,,97.0,
452,review,duplicate_formula_same_order_lt10x,duplicate_formula_same_order_lt10x: 3 normalized-composition records; observed ratio=7.87879; log10 span=0.896459; at least one DOI is shared,retain_as_replicates_but_keep_group_in_one_split,DUP026,3,7.878787878787879,0.8964594080929307,True,v7r,La0.56Li0.33TiO3,1,La0.56Li0.33Ti1.0O3.0,0.0013,,,Pm-3m,221,3.8751,3.8751,3.8751,90.0,90.0,90.0,perovskites,10.1016/s0167-2738(98)00070-8,1,D2 - 97,not available,,,,,,,97.0,
453,review,duplicate_formula_same_order_lt10x,duplicate_formula_same_order_lt10x: 2 normalized-composition records; observed ratio=2.23837; log10 span=0.349932; at least one DOI is shared,retain_as_replicates_but_keep_group_in_one_split,DUP044,2,2.238372093023256,0.3499322826009519,True,yhc,La0.55Li0.36TiO3,1,La0.55Li0.36Ti1.0O3.0,0.00154,,,Pm-3m,221,3.8738,3.8738,3.8738,90.0,90.0,90.0,perovskites,10.1016/s0167-2738(98)00070-8,1,D2 - 97,not available,,,,,,,97.0,
454,review,duplicate_formula_same_order_lt10x,duplicate_formula_same_order_lt10x: 2 normalized-composition records; observed ratio=1.92012; log10 span=0.283329; at least one DOI is shared,retain_as_replicates_but_keep_group_in_one_split,DUP048,2,1.9201228878648233,0.2833290244398645,True,q3c,La0.54Li0.39TiO3,1,La0.54Li0.39Ti1.0O3.0,0.00125,,,Pm-3m,221,3.8726,3.8726,3.8726,90.0,90.0,90.0,perovskites,10.1016/s0167-2738(98)00070-8,1,D2 - 97,not available,,,,,,,97.0,
455,review,duplicate_formula_same_order_lt10x,duplicate_formula_same_order_lt10x: 2 normalized-composition records; observed ratio=1.56687; log10 span=0.195032; at least one DOI is shared,retain_as_replicates_but_keep_group_in_one_split,DUP056,2,1.5668662674650697,0.19503193087800685,True,pdv,La0.52Li0.45TiO3,1,La0.52Li0.45Ti1.0O3.0,0.000785,,,Pm-3m,221,3.8723,3.8723,3.8723,90.0,90.0,90.0,perovskites,10.1016/s0167-2738(98)00070-8,1,D2 - 97,not available,,,,,,,97.0,
481,review,source_note_lattice_review|space_group_whitespace,source_note_lattice_review: lattice parameter double check || space_group_whitespace: leading or trailing whitespace,verify_lattice_parameters|trim_text,,,,,,aax,Li5.25Ba0.25La2.75Ta2O12,8,Li42.0Ba2.0La22.0Ta16.0O96.0,7.41e-06,7.41e-06,1.016e-05,Ia-3d ,230,12.8427,12.8427,12.8427,90.0,90.0,90.0,garnet,10.1007/s11581-007-0097-8,1,D2 - 201,not available,,,lattice parameter double check,,,,201.0,
482,review,source_note_lattice_review|space_group_whitespace,source_note_lattice_review: lattice parameter double check || space_group_whitespace: leading or trailing whitespace,verify_lattice_parameters|trim_text,,,,,,o86,Li5.5Ba0.5La2.5Ta2O12,8,Li44.0Ba4.0La20.0Ta16.0O96.0,1.41e-05,1.41e-05,2e-05,Ia-3d ,230,12.8859,12.8859,12.8859,90.0,90.0,90.0,garnet,10.1007/s11581-007-0097-8,1,D2 - 201,not available,,,lattice parameter double check,,,,201.0,
483,review,source_note_lattice_review|space_group_whitespace,source_note_lattice_review: lattice parameter double check || space_group_whitespace: leading or trailing whitespace,verify_lattice_parameters|trim_text,,,,,,coi,Li6.25Ba1.25La1.75Ta2O12,8,Li50.0Ba10.0La14.0Ta16.0O96.0,4.99e-05,4.99e-05,7.539e-05,Ia-3d ,230,12.9934,12.9934,12.9934,90.0,90.0,90.0,garnet,10.1007/s11581-007-0097-8,1,D2 - 201,not available,,,lattice parameter double check,,,,201.0,
484,review,source_note_lattice_review|space_group_whitespace,source_note_lattice_review: lattice parameter double check || space_group_whitespace: leading or trailing whitespace,verify_lattice_parameters|trim_text,,,,,,3vi,Li6.5Ba1.5La1.5Ta2O12,8,Li52.0Ba12.0La12.0Ta16.0O96.0,3.08e-05,3.08e-05,6.527e-05,Ia-3d ,230,12.9855,12.9855,12.9855,90.0,90.0,90.0,garnet,10.1007/s11581-007-0097-8,1,D2 - 201,not available,,,lattice parameter double check,,,,201.0,
485,review,source_note_lattice_review|space_group_whitespace,source_note_lattice_review: lattice parameter double check || space_group_whitespace: leading or trailing whitespace,verify_lattice_parameters|trim_text,,,,,,vwn,Li6.75Ba1.75La1.25Ta2O12,8,Li54.0Ba14.0La10.0Ta16.0O96.0,1.18e-05,1.18e-05,2.21e-05,Ia-3d ,230,12.9813,12.9813,12.9813,90.0,90.0,90.0,garnet,10.1007/s11581-007-0097-8,1,D2 - 201,not available,,,lattice parameter double check,,,,201.0,
486,review,source_note_lattice_review|space_group_whitespace,source_note_lattice_review: lattice parameter double check || space_group_whitespace: leading or trailing whitespace,verify_lattice_parameters|trim_text,,,,,,tlp,Li7Ba2LaTa2O12,8,Li56.0Ba16.0La8.0Ta16.0O96.0,2.85e-06,2.85e-06,4.5e-06,Ia-3d ,230,12.9646,12.9646,12.9646,90.0,90.0,90.0,garnet,10.1007/s11581-007-0097-8,1,D2 - 201,not available,,,lattice parameter double check,,,,201.0,
494,review,duplicate_formula_same_order_lt10x|space_group_whitespace,duplicate_formula_same_order_lt10x: 2 normalized-composition records; observed ratio=2.60714; log10 span=0.416165 || space_group_whitespace: leading or trailing whitespace,retain_as_replicates_but_keep_group_in_one_split|trim_text,DUP040,2,2.607142857142857,0.4161648287782369,True,v1q,Li6.8La3Zr1.8Ta0.2O12,8,Li54.4La24.0Zr14.4Ta1.6O96.0,0.00073,0.00073,0.00078,Ia-3d ,230,12.978,12.978,12.978,90.0,90.0,90.0,garnet,10.1149/2.024205esl,1,D2 - 206,not available,,,,,,,206.0,
497,review,duplicate_formula_same_order_lt10x|space_group_whitespace,duplicate_formula_same_order_lt10x: 3 normalized-composition records; observed ratio=2.33227; log10 span=0.367779 || space_group_whitespace: leading or trailing whitespace,retain_as_replicates_but_keep_group_in_one_split|trim_text,DUP043,3,2.3322683706070286,0.36777852257400756,True,2wb,Li6.6La3Zr1.6Ta0.4O12,8,Li52.8La24.0Zr12.8Ta3.2O96.0,0.00047,0.00047,0.00072,Ia-3d ,230,12.947,12.947,12.947,90.0,90.0,90.0,garnet,10.1149/2.024205esl,1,D2 - 206,done,,,,Yes,10.2109/jcersj2.19022,22956.0,206.0,
499,review,duplicate_formula_same_order_lt10x|space_group_whitespace,duplicate_formula_same_order_lt10x: 2 normalized-composition records; observed ratio=2.1875; log10 span=0.339948 || space_group_whitespace: leading or trailing whitespace,retain_as_replicates_but_keep_group_in_one_split|trim_text,DUP045,2,2.1875,0.33994806169435066,True,6hq,Li6La3ZrTaO12,8,Li48.0La24.0Zr8.0Ta8.0O96.0,0.00035,0.00035,0.00044,Ia-3d ,230,12.89,12.89,12.89,90.0,90.0,90.0,garnet,10.1149/2.024205esl,1,D2 - 206,not available,,,,,,,206.0,
502,review,duplicate_formula_same_order_lt10x|space_group_whitespace,duplicate_formula_same_order_lt10x: 3 normalized-composition records; observed ratio=3.28571; log10 span=0.51663 || space_group_whitespace: leading or trailing whitespace,retain_as_replicates_but_keep_group_in_one_split|trim_text,DUP035,3,3.285714285714286,0.5166297960033361,True,g5q,Li6.5La3Zr1.5Ta0.5O12,8,Li52.0La24.0Zr12.0Ta4.0O96.0,0.00028,0.00028,0.00055,Ia-3d ,230,12.9187,12.9187,12.9187,90.0,90.0,90.0,garnet,10.1149/2.024205esl,1,D2 - 206,done,ICSD not the same paper,,,Yes,10.2109/jcersj2.19022,22957.0,206.0,
512,review,duplicate_formula_same_order_lt10x|space_group_whitespace,duplicate_formula_same_order_lt10x: 2 normalized-composition records; observed ratio=1.15789; log10 span=0.0636691 || space_group_whitespace: leading or trailing whitespace,retain_as_replicates_but_keep_group_in_one_split|trim_text,DUP060,2,1.157894736842105,0.06366907986937775,True,kbq,Li5La3Bi2O12,8,Li40.0La24.0Bi16.0O96.0,1.9e-05,1.9e-05,4e-05,Ia-3d ,230,13.0652,13.0652,13.0652,90.0,90.0,90.0,garnet,10.1016/j.mseb.2007.07.009,1,D2 - 213,done,ICSD ,,,,,158372.0,213.0,
514,review,bulk_total_semantics_review|below_1e-6_modeling_threshold|space_group_whitespace,bulk_total_semantics_review: target appears to be bulk conductivity while total is blank || below_1e-6_modeling_threshold: Ionic conductivity (S cm-1)=1.3e-07 || space_group_whitespace: leading or trailing whitespace,verify_target_definition|exclude_from_current_high_conductivity_model|trim_text,,,,,,vqu,Li5Nd3Sb2O12,8,Li40.0Nd24.0Sb16.0O96.0,1.3e-07,,1.3e-07,Ia-3d ,230,12.66238,12.66238,12.66238,90.0,90.0,90.0,garnet,10.1016/j.materresbull.2007.04.002,1,D2 - 214,done,ICSD ,,,,,159426.0,214.0,
516,review,duplicate_formula_same_order_lt10x|space_group_whitespace,duplicate_formula_same_order_lt10x: 2 normalized-composition records; observed ratio=2.34234; log10 span=0.36965 || space_group_whitespace: leading or trailing whitespace,retain_as_replicates_but_keep_group_in_one_split|trim_text,DUP042,2,2.3423423423423424,0.3696503691841606,True,xog,Li5La3Sb2O12,8,Li40.0La24.0Sb16.0O96.0,7.8e-06,7.8e-06,8.2e-06,Ia-3d ,230,12.8566,12.8566,12.8566,90.0,90.0,90.0,garnet,10.1016/j.materresbull.2007.10.035,1,D2 - 216,done,ICSD ,,,,,161342.0,216.0,
518,review,duplicate_formula_same_order_lt10x|space_group_whitespace,duplicate_formula_same_order_lt10x: 2 normalized-composition records; observed ratio=1.20301; log10 span=0.0802683 || space_group_whitespace: leading or trailing whitespace,retain_as_replicates_but_keep_group_in_one_split|trim_text,DUP059,2,1.2030075187969924,0.08026834168883923,True,gcj,Li6(La2Ca)(NbO6)2,8,Li48.0La16.0Ca8.0Nb16.0O96.0,1.33e-06,,,Ia-3d ,230,12.72185,12.72185,12.72185,90.0,90.0,90.0,garnet,10.1016/j.ssi.2008.01.047,1,D2 - 217; D1 - 890,done,ICSD ,,,,,161386.0,217.0,
519,review,duplicate_formula_same_order_lt10x|space_group_whitespace,duplicate_formula_same_order_lt10x: 2 normalized-composition records; observed ratio=1.13821; log10 span=0.0562229 || space_group_whitespace: leading or trailing whitespace,retain_as_replicates_but_keep_group_in_one_split|trim_text,DUP061,2,1.1382113821138211,0.05622292423884012,True,20k,Li6(La2Sr)(NbO6)2,8,Li48.0La16.0Sr8.0Nb16.0O96.0,3.69e-06,,,Ia-3d ,230,12.83078,12.83078,12.83078,90.0,90.0,90.0,garnet,10.1016/j.ssi.2008.01.047,1,D2 - 217; D1 - 890,done,ICSD ,,"Value for annealed, quenched also available: 6.2e-7",,,161387.0,217.0,
520,review,duplicate_formula_same_value|space_group_whitespace,duplicate_formula_same_value: 2 normalized-composition records; observed ratio=1; log10 span=0 || space_group_whitespace: leading or trailing whitespace,link_sources_and_retain_one_only_if_proven_duplicate|trim_text,DUP066,2,1.0,0.0,True,jej,Li6CaLa2Ta2O12,8,Li48.0Ca8.0La16.0Ta16.0O96.0,2.2e-06,,,Ia-3d ,230,12.725,12.725,12.725,90.0,90.0,90.0,garnet,10.1016/j.ssi.2008.10.022,1,D2 - 218,done,ICSD ,,,,,163860.0,218.0,
521,review,duplicate_formula_same_order_lt10x|space_group_whitespace,duplicate_formula_same_order_lt10x: 5 normalized-composition records; observed ratio=3.07692; log10 span=0.488117 || space_group_whitespace: leading or trailing whitespace,retain_as_replicates_but_keep_group_in_one_split|trim_text,DUP037,5,3.0769230769230775,0.48811663902112556,True,hud,Li6BaLa2Ta2O12,8,Li48.0Ba8.0La16.0Ta16.0O96.0,1.3e-05,,,Ia-3d ,230,13.001,13.001,13.001,90.0,90.0,90.0,garnet,10.1016/j.ssi.2008.10.022,1,D2 - 218,done,ICSD ,,,,,163861.0,218.0,
524,review,duplicate_formula_same_order_lt10x|space_group_whitespace,duplicate_formula_same_order_lt10x: 2 normalized-composition records; observed ratio=1.38095; log10 span=0.140179 || space_group_whitespace: leading or trailing whitespace,retain_as_replicates_but_keep_group_in_one_split|trim_text,DUP058,2,1.380952380952381,0.140178703165037,True,7w5,Li6.75La3Zr1.75Ta0.25O12,8,Li54.0La24.0Zr14.0Ta2.0O96.0,0.00087,,,Ia-3d ,230,12.96,12.96,12.96,90.0,90.0,90.0,garnet,10.1016/j.jpowsour.2012.01.131,1,D2 - 219,done,,,,Yes,10.1039/c1jm14588f,183873.0,219.0,
526,review,duplicate_formula_same_order_lt10x|space_group_whitespace,duplicate_formula_same_order_lt10x: 5 normalized-composition records; observed ratio=3.07692; log10 span=0.488117 || space_group_whitespace: leading or trailing whitespace,retain_as_replicates_but_keep_group_in_one_split|trim_text,DUP037,5,3.0769230769230775,0.48811663902112556,True,ner,Li6BaLa2Ta2O12,8,Li48.0Ba8.0La16.0Ta16.0O96.0,1.69e-05,,,Ia-3d ,230,12.995,12.995,12.995,90.0,90.0,90.0,garnet,10.1016/j.materresbull.2012.04.032,1,D2 - 222,done,,,,,,185602.0,222.0,
534,review,duplicate_formula_same_order_lt10x|space_group_whitespace,duplicate_formula_same_order_lt10x: 3 normalized-composition records; observed ratio=1.66667; log10 span=0.221849 || space_group_whitespace: leading or trailing whitespace,retain_as_replicates_but_keep_group_in_one_split|trim_text,DUP052,3,1.6666666666666667,0.22184874961635614,True,zxr,Li6SrLa2Ta2O12,8,Li48.0Sr8.0La16.0Ta16.0O96.0,5.4e-06,,,Ia-3d ,230,12.846394,12.846394,12.846394,90.0,90.0,90.0,garnet,10.1021/am4060194,1,D2 - 226,done,ICSD ,,,,,237200.0,226.0,
536,review,duplicate_formula_same_value|space_group_whitespace,duplicate_formula_same_value: 2 normalized-composition records; observed ratio=1; log10 span=0 || space_group_whitespace: leading or trailing whitespace,link_sources_and_retain_one_only_if_proven_duplicate|trim_text,DUP066,2,1.0,0.0,True,l9r,Li6CaLa2Ta2O12,8,Li48.0Ca8.0La16.0Ta16.0O96.0,2.2e-06,,,Ia-3d ,230,12.70877,12.70877,12.70877,90.0,90.0,90.0,garnet,10.1021/am4060194,1,D2 - 226,done,ICSD ,,,,,237202.0,226.0,
537,review,duplicate_formula_same_order_lt10x|space_group_whitespace,duplicate_formula_same_order_lt10x: 5 normalized-composition records; observed ratio=3.07692; log10 span=0.488117 || space_group_whitespace: leading or trailing whitespace,retain_as_replicates_but_keep_group_in_one_split|trim_text,DUP037,5,3.0769230769230775,0.48811663902112556,True,544,Li6BaLa2Ta2O12,8,Li48.0Ba8.0La16.0Ta16.0O96.0,4e-05,4e-05,5.38e-05,I213 ,199,12.946,12.946,12.946,90.0,90.0,90.0,garnet-like,10.1002/adfm.200400044,1,D2 - 227,not available,,,,,,,227.0,583.0
538,review,duplicate_formula_same_order_lt10x|space_group_whitespace,duplicate_formula_same_order_lt10x: 3 normalized-composition records; observed ratio=1.66667; log10 span=0.221849 || space_group_whitespace: leading or trailing whitespace,retain_as_replicates_but_keep_group_in_one_split|trim_text,DUP052,3,1.6666666666666667,0.22184874961635614,True,ps0,Li6SrLa2Ta2O12,8,Li48.0Sr8.0La16.0Ta16.0O96.0,7e-06,7e-06,8.84e-06,I213 ,199,12.808,12.808,12.808,90.0,90.0,90.0,garnet-like,10.1002/adfm.200400044,1,D2 - 227,not available,,,,,,,227.0,631.0
542,review,suspect_z_or_formula_scaling|space_group_whitespace,suspect_z_or_formula_scaling: same article uses cell-scale garnet formula with Z=1 || space_group_whitespace: leading or trailing whitespace,verify_Z_against_CIF_and_source|trim_text,,,,,,l6h,Li49.6Al1.6La24Zr14.4Ta1.6O96,1,Li49.6Al1.6La24Zr14.4Ta1.6O96,0.000614,,,Ia-3d ,230,12.958,12.958,12.958,90.0,90.0,90.0,garnet,10.1038/srep18053,1,D2 - 229,done,ICSD ,,,,,241476.0,229.0,
564,review,duplicate_formula_same_order_lt10x|space_group_whitespace,duplicate_formula_same_order_lt10x: 3 normalized-composition records; observed ratio=2.33227; log10 span=0.367779 || space_group_whitespace: leading or trailing whitespace,retain_as_replicates_but_keep_group_in_one_split|trim_text,DUP043,3,2.3322683706070286,0.36777852257400756,True,z53,Li6.6La3Zr1.6Ta0.4O12,8,Li52.8La24.0Zr12.8Ta3.2O96.0,0.000313,,,Ia-3d ,230,12.9594,12.9594,12.9594,90.0,90.0,90.0,garnet,10.1021/am503731h,1,D1 - 786,not available,,,,,,,329.0,786.0
571,review,duplicate_formula_same_order_lt10x|space_group_whitespace,duplicate_formula_same_order_lt10x: 2 normalized-composition records; observed ratio=1.15789; log10 span=0.0636691 || space_group_whitespace: leading or trailing whitespace,retain_as_replicates_but_keep_group_in_one_split|trim_text,DUP060,2,1.157894736842105,0.06366907986937775,True,b7v,Li5La3Bi2O12,8,Li40.0La24.0Bi16.0O96.0,2.2e-05,,,Ia-3d ,230,13.052,13.052,13.052,90.0,90.0,90.0,garnet,10.1016/j.ssi.2017.03.030,1,D1 - 713,not available,,,,,,,,713.0
574,review,duplicate_formula_same_order_lt10x|reduced_composition_whitespace|space_group_whitespace,duplicate_formula_same_order_lt10x: 3 normalized-composition records; observed ratio=3.28571; log10 span=0.51663 || reduced_composition_whitespace: leading or trailing whitespace || space_group_whitespace: leading or trailing whitespace,retain_as_replicates_but_keep_group_in_one_split|trim_text,DUP035,3,3.285714285714286,0.5166297960033361,True,kh3,Li6.5La3Zr1.5Ta0.5O12 ,8,Li52.0La24.0Zr12.0Ta4.0O96.0,0.00092,,,Ia-3d ,230,12.945,12.945,12.945,90.0,90.0,90.0,garnet,10.1039/c2jm31413d,0,D2 - 205; D1 - 804,done,,,,Yes,10.2109/jcersj2.19094,25446.0,205.0,668.0
575,review,duplicate_formula_same_order_lt10x|reduced_composition_whitespace|space_group_whitespace,duplicate_formula_same_order_lt10x: 3 normalized-composition records; observed ratio=2.33227; log10 span=0.367779 || reduced_composition_whitespace: leading or trailing whitespace || space_group_whitespace: leading or trailing whitespace,retain_as_replicates_but_keep_group_in_one_split|trim_text,DUP043,3,2.3322683706070286,0.36777852257400756,True,zqx,Li6.6La3Zr1.6Ta0.4O12 ,8,Li52.8La24.0Zr12.8Ta3.2O96.0,0.00073,,,Ia-3d ,230,12.948,12.948,12.948,90.0,90.0,90.0,garnet,10.1039/c2jm31413d,0,D2 - 205; D1 - 804,not available,,,,,,,205.0,669.0
576,review,duplicate_formula_same_order_lt10x|reduced_composition_whitespace|space_group_whitespace,duplicate_formula_same_order_lt10x: 2 normalized-composition records; observed ratio=2.60714; log10 span=0.416165 || reduced_composition_whitespace: leading or trailing whitespace || space_group_whitespace: leading or trailing whitespace,retain_as_replicates_but_keep_group_in_one_split|trim_text,DUP040,2,2.607142857142857,0.4161648287782369,True,o5q,Li6.8La3Zr1.8Ta0.2O12 ,8,Li54.4La24.0Zr14.4Ta1.6O96.0,0.00028,,,Ia-3d ,230,12.964,12.964,12.964,90.0,90.0,90.0,garnet,10.1039/c2jm31413d,0,D2 - 205; D1 - 804,done,,,,Yes,10.2109/jcersj2.19022,22955.0,205.0,672.0
580,review,duplicate_formula_same_order_lt10x|space_group_whitespace,duplicate_formula_same_order_lt10x: 3 normalized-composition records; observed ratio=3.28571; log10 span=0.51663 || space_group_whitespace: leading or trailing whitespace,retain_as_replicates_but_keep_group_in_one_split|trim_text,DUP035,3,3.285714285714286,0.5166297960033361,True,dbs,Li6.5La3Zr1.5Ta0.5O12,8,Li52.0La24.0Zr12.0Ta4.0O96.0,0.000794,,,Ia-3d ,230,12.954,12.954,12.954,90.0,90.0,90.0,garnet,10.3389/fenrg.2016.00028,1,D1 - 45,not available,,,,,,,,34.0
598,review,space_group_symbol_typo,space_group_symbol_typo: P42/nmcZ contains trailing Z,normalize_to_P42/nmc,,,,,,kop,Li10Ge0.66Sn0.33P2S12,2,Li20.0Ge1.32Sn0.66P4.0S24.0,0.0064,,,P42/nmcZ,137,8.7068,8.7068,12.6394,90.0,90.0,90.0,LGPS,10.1021/jacs.0c10735,1,,done,ICSD-30165,,,,,30165.0,,
599,review,space_group_symbol_typo,space_group_symbol_typo: P42/nmcZ contains trailing Z,normalize_to_P42/nmc,,,,,,rty,Li10Ge0.33Sn0.66P2S12,2,Li20.0Ge0.66Sn1.32P4.0S24.0,0.0048,,,P42/nmcZ,137,8.7182,8.7182,12.6876,90.0,90.0,90.0,LGPS,10.1021/jacs.0c10735,1,,done,ICSD-30169,,,,,30169.0,,
600,review,duplicate_formula_same_order_lt10x|space_group_symbol_typo,duplicate_formula_same_order_lt10x: 3 normalized-composition records; observed ratio=1.84211; log10 span=0.265314 || space_group_symbol_typo: P42/nmcZ contains trailing Z,retain_as_replicates_but_keep_group_in_one_split|normalize_to_P42/nmc,DUP049,3,1.8421052631578947,0.2653144433974468,True,kko,Li10SnP2S12,2,Li20.0Sn2.0P4.0S24.0,0.0038,,,P42/nmcZ,137,8.7297,8.7297,12.7428,90.0,90.0,90.0,LGPS,10.1021/jacs.0c10735,1,,done,ICSD-30173,,,,,30173.0,,
4,filter,below_1e-6_modeling_threshold,below_1e-6_modeling_threshold: Ionic conductivity (S cm-1)=8.1e-07,exclude_from_current_high_conductivity_model,,,,,,2t8,LiV(PO4)F,2,Li2.0V2.0P2.0O8.0F2.0,8.1e-07,,,P -1,2,5.3115,7.2617,5.1744,107.934,98.444,107.547,Tavorite,10.1016/j.ssi.2013.04.002,1,D2 - 6,done,,,appendix: diffraction data available,,,,6.0,
5,filter,below_1e-6_modeling_threshold,below_1e-6_modeling_threshold: Ionic conductivity (S cm-1)=9.6e-12,exclude_from_current_high_conductivity_model,,,,,,ro9,Li3BP2O8,2,Li6.0B2.0P4.0O16.0,9.6e-12,,,P -1,2,5.1888,7.4118,7.6735,101.179,105.067,90.335,Borophosphates,10.1039/C3DT52917G,1,D2 - 7,done,248343-ICSD,,,,,248343.0,7.0,
6,filter,below_1e-6_modeling_threshold,below_1e-6_modeling_threshold: Ionic conductivity (S cm-1)=4.4e-18,exclude_from_current_high_conductivity_model,,,,,,7cr,Li2NaBP2O8,2,Li4.0Na2.0B2.0P4.0O16.0,4.4e-18,,,P -1,2,5.4344,7.3793,7.984,103.243,109.27,87.391,Borophosphates,10.1016/j.jssc.2014.11.024,1,D2- 7,done,291512-ICSD,,,,,291512.0,7.0,
7,filter,below_1e-6_modeling_threshold|censored_upper_bound,"below_1e-6_modeling_threshold: Ionic conductivity (S cm-1)=<1E-10 || censored_upper_bound: reported as <1E-10, not an exact value",exclude_from_current_high_conductivity_model|exclude_or_use_censored_regression,,,,,,47i,Li4P2O7,2,Li8.0P4.0O14.0,<1E-10,,,P -1,2,8.5632,7.1099,5.1858,111.426,89.991,103.055,diphosphate,10.1016/j.jssc.2013.12.015,1,D2 - 8,done,248414-ICSD,,,,,248414.0,8.0,
8,filter,below_1e-6_modeling_threshold,below_1e-6_modeling_threshold: Ionic conductivity (S cm-1)=1e-13,exclude_from_current_high_conductivity_model,,,,,,clt,Li6CuB4O10,1,Li6.0Cu1.0B4.0O10.0,1e-13,,,P -1,2,3.31218,6.68272,9.27858,78.8443,89.7596,86.6143,copper pyroborate,10.1021/acs.inorgchem.8b01785,1,D2 - 10,done,4819-ICSD,,,,,4819.0,10.0,
12,filter,below_1e-6_modeling_threshold,below_1e-6_modeling_threshold: Ionic conductivity (S cm-1)=2.4e-10,exclude_from_current_high_conductivity_model,,,,,,bq9,Li3BiO3,8,Li24.0Bi8.0O24.0,2.4e-10,,,P -1,2,9.02743,9.7388,9.23917,114.04632,89.29499,107.53782,oxides,10.1016/j.ssi.2015.10.016,1,D2 - 30,done,40245-ICSD,,D - Rhi - 1_si_1_ Li3BiO3,Yes,10.1002/zaac.19895760119,40245.0,30.0,
13,filter,below_1e-6_modeling_threshold,below_1e-6_modeling_threshold: Ionic conductivity (S cm-1)=3.9e-09,exclude_from_current_high_conductivity_model,,,,,,skm,Li5BiO5,2,Li10.0Bi2.0O10.0,3.9e-09,,,Cm,8,9.97608,4.15207,5.94635,90.0,109.48577,90.0,oxides,10.1016/j.ssi.2015.10.016,1,D2 - 30,done,203031-ICSD ,,D - Rhi - 1_si_2_ Li5BiO5,,,203031.0,30.0,
14,filter,below_1e-6_modeling_threshold,below_1e-6_modeling_threshold: Ionic conductivity (S cm-1)=1.64e-07,exclude_from_current_high_conductivity_model,,,,,,pwr,Li7.22Si1.5P0.5O8,1,Li7.22Si1.5P0.5O8.0,1.64e-07,,,P21/m,11,5.10536,6.11225,5.29671,90.0,90.3692,90.0,LISICON,10.1021/jacs.5b04444,1,D2 - 16; D1 - 568,done,238602-ICSD ,,partial occupancy corrected,,,238602.0,16.0,
23,filter,below_1e-6_modeling_threshold,below_1e-6_modeling_threshold: Ionic conductivity (S cm-1)=8.11e-07,exclude_from_current_high_conductivity_model,,,,,,7se,Li3.8Si0.8P0.2S4,24,Li91.2Si19.2P4.8S96.0,8.11e-07,,,P21/m,11,13.7707,23.304,12.1962,90.0,91.168,90.0,thio-LISICON,10.1006/jssc.2002.9701,1,D2 - 18,not available,,,,,,,18.0,
28,filter,below_1e-6_modeling_threshold,below_1e-6_modeling_threshold: Ionic conductivity (S cm-1)=2.02e-08,exclude_from_current_high_conductivity_model,,,,,,max,Li4.25Si0.75Al0.25O4,2,Li8.5Si1.5Al0.5O8.0,2.02e-08,,,P21/m,11,5.1496,6.1771,5.3424,90.0,90.3,90.0,LISICON,10.1021/acsami.6b14402,1,D1 - 568,not available,,,appendix: diffraction data available,,,,,807.0
29,filter,below_1e-6_modeling_threshold,below_1e-6_modeling_threshold: Ionic conductivity (S cm-1)=5.54e-07,exclude_from_current_high_conductivity_model,,,,,,k5y,Li3.75Si0.75P0.25O4,2,Li7.5Si1.5P0.5O8.0,5.54e-07,,,P21/m,11,5.1084,6.1126,5.302,90.0,90.34,90.0,LISICON,10.1021/acsami.6b14402,1,D1 - 568,not available,,,appendix: diffraction data available,,,,,808.0
30,filter,below_1e-6_modeling_threshold,below_1e-6_modeling_threshold: Ionic conductivity (S cm-1)=1.4e-09,exclude_from_current_high_conductivity_model,,,,,,y2l,Li5AlS4,2,Li10.0Al2.0S8.0,1.4e-09,,,P21/m,11,6.8583,7.8369,6.2488,90.0,90.333,90.0,thio-LISICON,10.1016/j.jssc.2017.09.018,1,D1 - 901,done,433369-ICSD,,,,,433369.0,,901.0
31,filter,below_1e-6_modeling_threshold,below_1e-6_modeling_threshold: Ionic conductivity (S cm-1)=2.4e-08,exclude_from_current_high_conductivity_model,,,,,,gl0,Li4.2Si0.8Al0.2S4,2,Li8.4Si1.6Al0.4S8.0,2.4e-08,,,P21/m,11,6.903,7.787,6.125,90.0,90.877,90.0,thio-LISICON,10.1006/jssc.2002.9701,1,D2 - 18,not available,,,,,,,18.0,
32,filter,below_1e-6_modeling_threshold,below_1e-6_modeling_threshold: Ionic conductivity (S cm-1)=3.05e-08,exclude_from_current_high_conductivity_model,,,,,,wmr,Li4.4Si0.6Al0.4S4,2,Li8.8Si1.2Al0.8S8.0,3.05e-08,,,P21/m,11,6.862,7.81,6.113,90.0,90.23,90.0,thio-LISICON,10.1006/jssc.2002.9701,1,D2 - 18,not available,,,,,,,18.0,
33,filter,below_1e-6_modeling_threshold,below_1e-6_modeling_threshold: Ionic conductivity (S cm-1)=1.46e-08,exclude_from_current_high_conductivity_model,,,,,,xxq,Li4.6Si0.4Al0.6S4,2,Li9.2Si0.8Al1.2S8.0,1.46e-08,,,P21/m,11,6.858,7.82,6.217,90.0,89.947,90.0,thio-LISICON,10.1006/jssc.2002.9701,1,D2 - 18,not available,,,,,,,18.0,
34,filter,below_1e-6_modeling_threshold,below_1e-6_modeling_threshold: Ionic conductivity (S cm-1)=2.29e-07,exclude_from_current_high_conductivity_model,,,,,,h8o,Li4.8Si0.2Al0.8S4,2,Li9.6Si0.4Al1.6S8.0,2.29e-07,,,P21/m,11,6.843,7.833,6.235,90.0,89.846,90.0,thio-LISICON,10.1006/jssc.2002.9701,1,D2 - 18,not available,,,,,,,18.0,
36,filter,below_1e-6_modeling_threshold|space_group_whitespace,below_1e-6_modeling_threshold: Ionic conductivity (S cm-1)=7.8e-11 || space_group_whitespace: leading or trailing whitespace,exclude_from_current_high_conductivity_model|trim_text,,,,,,cfy,Li2P2S6,2,Li4.0P4.0S12.0,7.8e-11,,,C2/m ,12,11.11569,7.00704,6.52514,90.0,125.5717,90.0,thio-LISICON,10.1021/acs.inorgchem.7b00751,1,D2 - 21,done,CCDC 1546874,,,,,,21.0,
38,filter,below_1e-6_modeling_threshold|space_group_whitespace,below_1e-6_modeling_threshold: Ionic conductivity (S cm-1)=1.05e-09 || space_group_whitespace: leading or trailing whitespace,exclude_from_current_high_conductivity_model|trim_text,,,,,,pe2,Li17Sb13S28,1,Li17.0Sb13.0S28.0,1.05e-09,,,C2/m ,12,12.7298,11.5837,9.2251,90.0,119.55,90.0,sulfides,10.1002/chem.201502052,1,D2 - 24,done,429902-ICSD,,partial occupancy corrected,,,429902.0,24.0,
41,filter,below_1e-6_modeling_threshold,below_1e-6_modeling_threshold: Ionic conductivity (S cm-1)=8.5e-07,exclude_from_current_high_conductivity_model,,,,,,lkm,Li6Ge2O7,4,Li24.0Ge8.0O28.0,8.5e-07,,,P21/c,14,8.071,5.304,14.223,90.0,92.9,90.0,germanates,10.4028/www.scientific.net/msf.76.107,1,D2 - 31,done,31050-ICSD,,,,,31050.0,31.0,
45,filter,below_1e-6_modeling_threshold,below_1e-6_modeling_threshold: Ionic conductivity (S cm-1)=1e-08,exclude_from_current_high_conductivity_model,,,,,,n27,LiBO2,4,Li4.0B4.0O8.0,1e-08,,,P21/c,14,5.845,4.353,6.454,90.0,115.09,90.0,borates,10.1140/epjst/e2008-00753-4,1,D2 - 34,done,200891-ICSD,D2 -34_II ,"Value for nanocrystalline ceramic (16h) other values for micro, single crystal and amorphous",,,200891.0,34.0,
47,filter,below_1e-6_modeling_threshold|censored_upper_bound,"below_1e-6_modeling_threshold: Ionic conductivity (S cm-1)=<1E-10 || censored_upper_bound: reported as <1E-10, not an exact value",exclude_from_current_high_conductivity_model|exclude_or_use_censored_regression,,,,,,ecp,LaLiO2,4,La4.0Li4.0O8.0,<1E-10,,,P21/c,14,5.874,6.2129,5.8481,90.0,102.453,90.0,Lanthanumlithiumoxide,10.1016/j.ssi.2015.09.001,1,D2 - 36,done,239278-ICSD,,,,,239278.0,36.0,
48,filter,below_1e-6_modeling_threshold,below_1e-6_modeling_threshold: Ionic conductivity (S cm-1)=6.29e-10,exclude_from_current_high_conductivity_model,,,,,,me3,(La0.9Sr0.1)LiO2,4,La3.6Sr0.4Li4.0O8.0,6.29e-10,,,P21/c,14,5.8748,6.2152,5.8521,90.0,102.478,90.0,Lanthanumlithiumoxide,10.1016/j.ssi.2015.09.001,1,D2 - 36,done,239279-ICSD,,,,,239279.0,36.0,
49,filter,below_1e-6_modeling_threshold,below_1e-6_modeling_threshold: Ionic conductivity (S cm-1)=7.27e-10,exclude_from_current_high_conductivity_model,,,,,,zs0,La(Li0.76Mg0.08)O2,4,La4.0Li3.04Mg0.32O8.0,7.27e-10,,,P21/c,14,5.875,6.212,5.849,90.0,102.451,90.0,Lanthanumlithiumoxide,10.1016/j.ssi.2015.09.001,1,D2 - 36,done,239280-ICSD,,,,,239280.0,36.0,
50,filter,below_1e-6_modeling_threshold,below_1e-6_modeling_threshold: Ionic conductivity (S cm-1)=1.9e-07,exclude_from_current_high_conductivity_model,,,,,,lrh,Li2.5V2(PO4)3,4,Li10.0V8.0P12.0O48.0,1.9e-07,,,P21/c,14,8.45678,8.62076,11.89577,90.0,90.2366,90.0,NASICON,10.1021/cm034802f,1,D2 - 37,done,240268-ICSD,,,,,240268.0,37.0,
51,filter,below_1e-6_modeling_threshold|censored_upper_bound,"below_1e-6_modeling_threshold: Ionic conductivity (S cm-1)=<1E-10 || censored_upper_bound: reported as <1E-10, not an exact value",exclude_from_current_high_conductivity_model|exclude_or_use_censored_regression,,,,,,1xt,LiSbO2,8,Li8.0Sb8.0O16.0,<1E-10,,,P21/c,14,4.855,17.857,5.5771,90.0,90.061,90.0,oxides,10.1021/ic201183e,1,D2 - 39,done,262075-ICSD,,,,,262075.0,39.0,
52,filter,below_1e-6_modeling_threshold|censored_upper_bound,"below_1e-6_modeling_threshold: Ionic conductivity (S cm-1)=<1E-10 || censored_upper_bound: reported as <1E-10, not an exact value",exclude_from_current_high_conductivity_model|exclude_or_use_censored_regression,,,,,,kbo,Li2Sr2Al(PO4)3,4,Li8.0Sr8.0Al4.0P12.0O48.0,<1E-10,,,P21/c,14,4.945,22.088,8.632,90.0,91.47,90.0,NASICON,10.1016/j.jssc.2016.08.006,1,D2 - 40,done,CCDC 1790590,,,,,,40.0,
55,filter,below_1e-6_modeling_threshold,below_1e-6_modeling_threshold: Ionic conductivity (S cm-1)=8.7e-09,exclude_from_current_high_conductivity_model,,,,,,883,LiAlH4,4,Li4.0Al4.0H16.0,8.7e-09,,,P21/c,14,4.8254,7.804,7.8968,90.0,112.268,90.0,hydrides,10.1063/1.3356981,1,D1 - 727,done,95202-ICSD,,,,,95202.0,,727.0
56,filter,below_1e-6_modeling_threshold,below_1e-6_modeling_threshold: Ionic conductivity (S cm-1)=2.05e-09,exclude_from_current_high_conductivity_model,,,,,,uu4,LiVO3,8,Li8.0V8.0O24.0,2.05e-09,,,C2/c,15,10.1597,8.4155,5.8843,90.0,110.505,90.0,oxides,10.1006/jssc.2000.9009,1,D2 - 48,done,51443-ICSD,,,,,51443.0,48.0,
57,filter,below_1e-6_modeling_threshold,below_1e-6_modeling_threshold: Ionic conductivity (S cm-1)=5.2e-10,exclude_from_current_high_conductivity_model,,,,,,tws,Li6Zr2O7,4,Li24.0Zr8.0O28.0,5.2e-10,,,C2/c,15,10.44,5.991,10.204,90.0,100.25,90.0,zirconates,10.3103/s1062873810050199,1,D2 - 41,done,73835-ICSD,,,,,73835.0,41.0,
58,filter,below_1e-6_modeling_threshold,below_1e-6_modeling_threshold: Ionic conductivity (S cm-1)=5e-07,exclude_from_current_high_conductivity_model,,,,,,l9v,Li3AlF6,12,Li36.0Al12.0F72.0,5e-07,,,C2/c,15,14.201,8.387,9.861,90.0,94.07,90.0,fluorides,10.1149/2.012206eel,1,D2 - 42,done,85171-ICSD,,Ball milled conducvitity; structure may be different ,,,85171.0,42.0,
60,filter,below_1e-6_modeling_threshold|censored_upper_bound,"below_1e-6_modeling_threshold: Ionic conductivity (S cm-1)=<1E-10 || censored_upper_bound: reported as <1E-10, not an exact value",exclude_from_current_high_conductivity_model|exclude_or_use_censored_regression,,,,,,4kt,Li2CrCl4,4,Li8.0Cr4.0Cl16.0,<1E-10,,,C2/c,15,7.446,10.162,10.172,90.0,90.0,132.11,halides,10.1016/0022-4596(88)90301-5,1,D2 - 49,done,202627-ICSD,,,,,202627.0,49.0,
62,filter,below_1e-6_modeling_threshold,below_1e-6_modeling_threshold: Ionic conductivity (S cm-1)=1.59881e-17,exclude_from_current_high_conductivity_model,,,,,,kfp,Li2BaP2O7,8,Li16.0Ba8.0P16.0O56.0,1.59881e-17,,,C2/c,15,7.147,12.283,14.016,90.0,90.49,90.0,pyrophosphate,10.1007/s11581-014-1261-6,1,D2 - 45,done,280927-ICSD,,,,,280927.0,45.0,
64,filter,below_1e-6_modeling_threshold|censored_upper_bound,"below_1e-6_modeling_threshold: Ionic conductivity (S cm-1)=<1E-10 || censored_upper_bound: reported as <1E-10, not an exact value",exclude_from_current_high_conductivity_model|exclude_or_use_censored_regression,,,,,,00x,LiGd(PO3)4,4,Li4.0Gd4.0P16.0O48.0,<1E-10,,,C2/c,15,16.386,7.059,9.677,90.0,126.12,90.0,phosphates,10.1016/j.jssc.2006.06.003,1,D2 - 47,done,416442-ICSD,,,,,416442.0,47.0,
67,filter,below_1e-6_modeling_threshold,below_1e-6_modeling_threshold: Ionic conductivity (S cm-1)=1.31e-08,exclude_from_current_high_conductivity_model,,,,,,dmq,Li3AlS3,8,Li24.0Al8.0S24.0,1.31e-08,,,C2/c,15,14.31901,11.98037,6.627,90.0,116.9231,90.0,sulfides,10.1021/acs.chemmater.9b03230,1,D1 - 913,done,appendix,,,,,101899.0,,770.0
68,filter,below_1e-6_modeling_threshold,below_1e-6_modeling_threshold: Ionic conductivity (S cm-1)=5.65e-12,exclude_from_current_high_conductivity_model,,,,,,uox,Li3.7Zn0.7Ga0.3(PO4)2,2,Li7.4Zn1.4Ga0.6P4.0O16.0,5.65e-12,,,P 21 21 21,19,4.9391,6.4803,10.1468,90.0,90.0,90.0,phosphates,10.1021/acs.chemmater.7b05139,1,D2 - 38,done,appendix,,,,,,38.0,
70,filter,below_1e-6_modeling_threshold,below_1e-6_modeling_threshold: Ionic conductivity (S cm-1)=4.8e-09,exclude_from_current_high_conductivity_model,,,,,,mq1,Li3SbS4,2,Li6.0Sb2.0S8.0,4.8e-09,,,Pmn21,31,7.9645,6.8404,6.3774,90.0,90.0,90.0,thio-LISICON,10.1016/j.ssi.2019.01.017,1,D2 - 51,done,,,diffraction data available,,,8407.0,51.0,
71,filter,below_1e-6_modeling_threshold,below_1e-6_modeling_threshold: Ionic conductivity (S cm-1)=1.31e-13,exclude_from_current_high_conductivity_model,,,,,,ssv,Li3P0.2V0.8O4,2,Li6.0P0.4V1.6O8.0,1.31e-13,,,Pmn21,31,6.282,5.4021,4.9289,90.0,90.0,90.0,LISICON,10.1021/acs.chemmater.8b01504,1,D1 - 541,not available,,,D_0 calculation,,,,,449.0
72,filter,below_1e-6_modeling_threshold,below_1e-6_modeling_threshold: Ionic conductivity (S cm-1)=9.2e-14,exclude_from_current_high_conductivity_model,,,,,,h6c,Li3VO4,2,Li6.0V2.0O8.0,9.2e-14,,,Pmn21,31,6.3278,5.4448,4.9467,90.0,90.0,90.0,LISICON,10.1021/acs.chemmater.8b01504,1,D1 - 541,done,,,,Yes,10.1016/S0022-4596(73)80012-X,19002.0,,446.0
74,filter,below_1e-6_modeling_threshold|censored_upper_bound,"below_1e-6_modeling_threshold: Ionic conductivity (S cm-1)=<1E-10 || censored_upper_bound: reported as <1E-10, not an exact value",exclude_from_current_high_conductivity_model|exclude_or_use_censored_regression,,,,,,mde,LiB6O9F,4,Li4.0B24.0O36.0F4.0,<1E-10,,,Pna21,33,7.65545,8.53175,10.7894,90.0,90.0,90.0,fluorooxoborate,10.1002/zaac.200900056,1,D2 - 54,done,420286-ICSD,,,,,420286.0,54.0,
75,filter,below_1e-6_modeling_threshold,below_1e-6_modeling_threshold: Ionic conductivity (S cm-1)=1e-09,exclude_from_current_high_conductivity_model,,,,,,1e9,Li3SbS3,4,Li12.0Sb4.0S12.0,1e-09,,,Pna21,33,7.9671,6.7883,10.0912,90.0,90.0,90.0,sulfides,10.1002/zaac.201200277,1,D2 - 55_II,done,424834-ICSD,,,,,424834.0,55.0,
76,filter,below_1e-6_modeling_threshold|family_alias_not_canonical,below_1e-6_modeling_threshold: Ionic conductivity (S cm-1)=1e-10 || family_alias_not_canonical: argyrodite -> argyrodites,exclude_from_current_high_conductivity_model|apply_family_taxonomy_alias,,,,,,an2,Li6SiO4Cl2,4,Li24.0Si4.0O16.0Cl8.0,1e-10,,,Pna21,33,10.5204,6.0756,9.953,90.0,90.0,90.0,argyrodite,10.1021/acs.chemmater.1c00157,1,D1 - 915,done,appendix,,,,,,,772.0
77,filter,below_1e-6_modeling_threshold|family_alias_not_canonical,below_1e-6_modeling_threshold: Ionic conductivity (S cm-1)=6.17e-08 || family_alias_not_canonical: nitride -> nitrides,exclude_from_current_high_conductivity_model|apply_family_taxonomy_alias,,,,,,tka,LiSi2N3,4,Li4.0Si8.0N12.0,6.17e-08,,,Cmc21,36,9.186,5.302,4.776,90.0,90.0,90.0,nitride,10.1016/0167-2738(87)90119-6,1,D2 - 56,done,34118-ICSD,,,,,34118.0,56.0,
78,filter,below_1e-6_modeling_threshold|censored_upper_bound,"below_1e-6_modeling_threshold: Ionic conductivity (S cm-1)=<1E-10 || censored_upper_bound: reported as <1E-10, not an exact value",exclude_from_current_high_conductivity_model|exclude_or_use_censored_regression,,,,,,cdk,Li2(PO2N),4,Li8.0P4.0O8.0N4.0,<1E-10,,,Cmc21,36,9.0692,5.3999,4.6856,90.0,90.0,90.0,LIPON,10.1016/j.ssi.2012.12.013,1,D2 - 57,done,188493-ICSD,,,,,188493.0,57.0,
80,filter,below_1e-6_modeling_threshold,below_1e-6_modeling_threshold: Ionic conductivity (S cm-1)=3.8e-08,exclude_from_current_high_conductivity_model,,,,,,hln,Li2Ga2GeS6,8,Li16.0Ga16.0Ge8.0S48.0,3.8e-08,,,Fdd2,43,11.943,22.59,6.805,90.0,90.0,90.0,sulfides,10.1016/j.ssi.2014.04.015,1,D2 - 58,not available,,,,,,,58.0,
93,filter,below_1e-6_modeling_threshold,below_1e-6_modeling_threshold: Ionic conductivity (S cm-1)=2e-07,exclude_from_current_high_conductivity_model,,,,,,0vd,(Ag0.67Li0.33)0.27La0.57TiO3,2,Ag0.36Li0.18La1.14Ti2.0O6.0,2e-07,,,Pmmm,47,3.882,3.867,7.791,90.0,90.0,90.0,perovskites,10.1021/cm001207u,1,D2 - 61,not available,,,,,,,61.0,
95,filter,below_1e-6_modeling_threshold,below_1e-6_modeling_threshold: Ionic conductivity (S cm-1)=8e-08,exclude_from_current_high_conductivity_model,,,,,,3we,Nd0.55Li0.34TiO3,2,Nd1.1Li0.68Ti2.0O6.0,8e-08,,,Pmmm,47,3.8204,3.823,7.679,90.0,90.0,90.0,perovskites,10.1016/0167-2738(94)90310-7,1,D2 - 62,not available,,,,,,,62.0,506.0
96,filter,below_1e-6_modeling_threshold,below_1e-6_modeling_threshold: Ionic conductivity (S cm-1)=5e-10,exclude_from_current_high_conductivity_model,,,,,,5z0,Li5AlO4,8,Li40.0Al8.0O32.0,5e-10,,,Pbca,61,9.08,8.94,9.13,90.0,90.0,90.0,oxides,10.1016/0025-5408(76)90169-0,1,D2 - 64,done,42697-ICSD,,,Yes,10.1002/zaac.19713800303,42697.0,64.0,
97,filter,below_1e-6_modeling_threshold,below_1e-6_modeling_threshold: Ionic conductivity (S cm-1)=1.7e-10,exclude_from_current_high_conductivity_model,,,,,,472,Li14Nd5(Si11N19O5)O2F2,2,Li28.0Nd10.0Si22.0N38.0O14.0F4.0,1.7e-10,,,Pmmn,59,17.126,7.6155,10.123,90.0,90.0,90.0,nitridosilicates,10.1021/ja302255d,1,D2 - 65,done,appendix; 262923-ICSD,,,,,262923.0,65.0,
98,filter,below_1e-6_modeling_threshold,below_1e-6_modeling_threshold: Ionic conductivity (S cm-1)=5e-09,exclude_from_current_high_conductivity_model,,,,,,9zk,Li5GaO4,8,Li40.0Ga8.0O32.0,5e-09,,,Pbca,61,9.173,9.094,9.202,90.0,90.0,90.0,oxides,10.1016/0025-5408(76)90169-0,1,D2 - 64,done,9082-ICSD,,,,,9082.0,64.0,
99,filter,below_1e-6_modeling_threshold,below_1e-6_modeling_threshold: Ionic conductivity (S cm-1)=4.41e-07,exclude_from_current_high_conductivity_model,,,,,,dnt,Li2CrTi(PO4)3,8,Li16.0Cr8.0Ti8.0P24.0O96.0,4.41e-07,,,Pbca,61,8.461,8.688,23.83,90.0,90.0,90.0,NASICON,10.1016/s0167-2738(96)00565-6,1,D1 - 407,not available,,,,,,,,337.0
100,filter,below_1e-6_modeling_threshold,below_1e-6_modeling_threshold: Ionic conductivity (S cm-1)=5.91e-07,exclude_from_current_high_conductivity_model,,,,,,g5g,Li2CrZr(PO4)3,8,Li16.0Cr8.0Zr8.0P24.0O96.0,5.91e-07,,,Pbca,61,8.596,8.787,24.21,90.0,90.0,90.0,NASICON,10.1016/s0167-2738(96)00565-6,1,D1 - 407,not available,,,,,,,,336.0
101,filter,below_1e-6_modeling_threshold,below_1e-6_modeling_threshold: Ionic conductivity (S cm-1)=4.2e-08,exclude_from_current_high_conductivity_model,,,,,,hpu,Li2CrHf(PO4)3,8,Li16.0Cr8.0Hf8.0P24.0O96.0,4.2e-08,,,Pbca,61,8.598,8.816,24.21,90.0,90.0,90.0,NASICON,10.1016/s0167-2738(96)00565-6,1,D1 - 407,not available,,,,,,,,407.0
102,filter,below_1e-6_modeling_threshold,below_1e-6_modeling_threshold: Ionic conductivity (S cm-1)=3.34e-07,exclude_from_current_high_conductivity_model,,,,,,c6h,Li2FeTi(PO4)3,8,Li16.0Fe8.0Ti8.0P24.0O96.0,3.34e-07,,,Pbca,61,8.452,8.672,23.62,90.0,90.0,90.0,NASICON,10.1016/s0167-2738(96)00565-6,1,D1 - 407,not available,,,,,,,,338.0
103,filter,below_1e-6_modeling_threshold,below_1e-6_modeling_threshold: Ionic conductivity (S cm-1)=1.44e-07,exclude_from_current_high_conductivity_model,,,,,,vzu,Li2FeZr(PO4)3,8,Li16.0Fe8.0Zr8.0P24.0O96.0,1.44e-07,,,Pbca,61,8.47,8.72,23.8,90.0,90.0,90.0,NASICON,10.1016/s0167-2738(96)00565-6,1,D1 - 407,not available,,,,,,,,339.0
104,filter,below_1e-6_modeling_threshold,below_1e-6_modeling_threshold: Ionic conductivity (S cm-1)=2.74e-08,exclude_from_current_high_conductivity_model,,,,,,a3e,Li2InHf(PO4)3,8,Li16.0In8.0Hf8.0P24.0O96.0,2.74e-08,,,Pbca,61,8.757,8.954,24.28,90.0,90.0,90.0,NASICON,10.1016/s0167-2738(96)00565-6,1,D1 - 407,not available,,,,,,,,341.0
106,filter,below_1e-6_modeling_threshold,below_1e-6_modeling_threshold: Ionic conductivity (S cm-1)=8.22e-08,exclude_from_current_high_conductivity_model,,,,,,9z8,Li2InZr(PO4)3,8,Li16.0In8.0Zr8.0P24.0O96.0,8.22e-08,,,Pbca,61,8.761,8.979,24.2,90.0,90.0,90.0,NASICON,10.1016/s0167-2738(96)00565-6,1,D1 - 407,not available,,,,,,,,340.0
109,filter,below_1e-6_modeling_threshold,below_1e-6_modeling_threshold: Ionic conductivity (S cm-1)=4.49e-07,exclude_from_current_high_conductivity_model,,,,,,fj5,Li6.5O8P1.5Si0.5,2,Li13.0O16.0P3.0Si1.0,4.49e-07,,,Pnma,62,10.52587,6.11525,4.97031,90.0,90.0,90.0,LISICON,10.1021/jacs.5b04444,1,D2 - 16,done,238600-ICSD; appendix,,partial occupancy corrected,,,238600.0,16.0,
111,filter,below_1e-6_modeling_threshold|censored_upper_bound,"below_1e-6_modeling_threshold: Ionic conductivity (S cm-1)=<1E-10 || censored_upper_bound: reported as <1E-10, not an exact value",exclude_from_current_high_conductivity_model|exclude_or_use_censored_regression,,,,,,tbu,Li3.5Zn0.5Ga0.5(PO4)2,2,Li7.0Zn1.0Ga1.0P4.0O16.0,<1E-10,,,Pnma,62,10.08925,6.5108,4.935878,90.0,90.0,90.0,phosphates,10.1021/acs.chemmater.7b05139,1,D2 - 38,done,appendix,,,,,,38.0,
113,filter,below_1e-6_modeling_threshold,below_1e-6_modeling_threshold: Ionic conductivity (S cm-1)=2e-07,exclude_from_current_high_conductivity_model,,,,,,e6b,Li4GeS4,4,Li16.0Ge4.0S16.0,2e-07,,,Pnma,62,14.07,7.75,6.15,90.0,90.0,90.0,thio-LISICON,10.1016/s0167-2738(00)00277-0,1,D2 - 71,done,92200-ICSD,,partial occupancy corrected,,,92200.0,71.0,
121,filter,below_1e-6_modeling_threshold,below_1e-6_modeling_threshold: Ionic conductivity (S cm-1)=3.19e-09,exclude_from_current_high_conductivity_model,,,,,,2r7,Li3Cr(MoO4)3,4,Li12.0Cr4.0Mo12.0O48.0,3.19e-09,,,Pnma,62,5.0377,10.4091,17.6149,90.0,90.0,90.0,molybdates,10.1039/b301189e,1,D1 - 691,done,,,,Yes,10.1016/j.jssc.2009.09.012,247057.0,,810.0
122,filter,below_1e-6_modeling_threshold|censored_upper_bound,"below_1e-6_modeling_threshold: Ionic conductivity (S cm-1)=<1E-10 || censored_upper_bound: reported as <1E-10, not an exact value",exclude_from_current_high_conductivity_model|exclude_or_use_censored_regression,,,,,,b56,Li2Mg2(MoO4)3,4,Li8.0Mg8.0Mo12.0O48.0,<1E-10,,,Pnma,62,5.1167,10.4646,17.6228,90.0,90.0,90.0,molybdates,10.1039/b301189e,1,D1 - 691,done,appendix,,,,,170956.0,75.0,691.0
123,filter,below_1e-6_modeling_threshold,below_1e-6_modeling_threshold: Ionic conductivity (S cm-1)=5.89e-10,exclude_from_current_high_conductivity_model,,,,,,mfu,Li3Fe(MoO4)3,4,Li12.0Fe4.0Mo12.0O48.0,5.89e-10,,,Pnma,62,5.0697,10.4333,17.6317,90.0,90.0,90.0,molybdates,10.1039/b301189e,1,D1 - 691,done,,,,Yes,ICSD-16176,16176.0,,812.0
129,filter,below_1e-6_modeling_threshold,below_1e-6_modeling_threshold: Ionic conductivity (S cm-1)=8.89e-07,exclude_from_current_high_conductivity_model,,,,,,ldd,Li3.4Ge0.4V0.6O4,4,Li13.6Ge1.6V2.4O16.0,8.89e-07,,,Pnma,62,10.8697,6.2784,5.1181,90.0,90.0,90.0,LISICON,10.1021/acs.chemmater.8b01504,1,D1- 541,not available,,,,,,,,455.0
134,filter,below_1e-6_modeling_threshold,below_1e-6_modeling_threshold: Ionic conductivity (S cm-1)=3.55e-13,exclude_from_current_high_conductivity_model,,,,,,dku,Li3P0.4V0.6O4,4,Li12.0P1.6V2.4O16.0,3.55e-13,,,Pnma,62,10.7651,6.2647,4.9262,90.0,90.0,90.0,LISICON,10.1021/acs.chemmater.8b01504,1,D1- 541,not available,,,,,,,,448.0
135,filter,below_1e-6_modeling_threshold,below_1e-6_modeling_threshold: Ionic conductivity (S cm-1)=3.2e-13,exclude_from_current_high_conductivity_model,,,,,,ndx,Li3P0.6V0.4O4,4,Li12.0P2.4V1.6O16.0,3.2e-13,,,Pnma,62,10.6467,6.2052,4.9763,90.0,90.0,90.0,LISICON,10.1021/acs.chemmater.8b01504,1,D1- 541,not available,,,,,,,,456.0
136,filter,below_1e-6_modeling_threshold,below_1e-6_modeling_threshold: Ionic conductivity (S cm-1)=2.05e-13,exclude_from_current_high_conductivity_model,,,,,,m0j,Li3P0.8V0.2O4,4,Li12.0P3.2V0.8O16.0,2.05e-13,,,Pnma,62,10.554,6.1486,4.9492,90.0,90.0,90.0,LISICON,10.1021/acs.chemmater.8b01504,1,D1- 541,not available,,,,,,,,458.0
138,filter,below_1e-6_modeling_threshold,below_1e-6_modeling_threshold: Ionic conductivity (S cm-1)=1.3e-12,exclude_from_current_high_conductivity_model,,,,,,dth,Li4GeO4,4,Li16.0Ge4.0O16.0,1.3e-12,,,Cmcm,63,7.7661,7.3645,6.0555,90.0,90.0,90.0,LISICON,10.1021/acs.chemmater.8b01504,1,D1- 541,done,,,,Yes,10.1002/zaac.19875551213,65177.0,,457.0
139,filter,below_1e-6_modeling_threshold|space_group_whitespace,below_1e-6_modeling_threshold: Ionic conductivity (S cm-1)=7.8e-10 || space_group_whitespace: leading or trailing whitespace,exclude_from_current_high_conductivity_model|trim_text,,,,,,45e,Li2MgBr4,4,Li8.0Mg4.0Br16.0,7.8e-10,,,Cmmm ,65,7.771,11.04,7.735,90.0,90.0,90.0,halides,10.1002/chin.198639014|10.1149/1.2108704,1,D2 - 89,not available,refer 73276-ICSD,,,,,73276.0,89.0,
141,filter,below_1e-6_modeling_threshold,below_1e-6_modeling_threshold: Ionic conductivity (S cm-1)=3.8e-08,exclude_from_current_high_conductivity_model,,,,,,x2i,LiBiO2,8,Li8.0Bi8.0O16.0,3.8e-08,,,Ibam,72,18.00548,5.18159,4.97144,90.0,90.0,90.0,oxides,10.1016/j.ssi.2015.10.016,1,D2 - 30,done,46022-ICSD,,,Yes,ICSD-46022,46022.0,30.0,
143,filter,below_1e-6_modeling_threshold|space_group_whitespace,below_1e-6_modeling_threshold: Ionic conductivity (S cm-1)=5.4e-08 || space_group_whitespace: leading or trailing whitespace,exclude_from_current_high_conductivity_model|trim_text,,,,,,i47,LiZnPS4,2,Li2.0Zn2.0P2.0S8.0,5.4e-08,,, I-4,82,5.738,5.738,8.914,90.0,90.0,90.0,sulfides,10.1021/acs.chemmater.7b05108,1,D2 - 69,done,,,,Yes,10.1002/1521-3749(200208)628:8<1765::AID-ZAAC1765>3.0.CO;2-E,95785.0,69.0,
146,filter,below_1e-6_modeling_threshold|space_group_whitespace,below_1e-6_modeling_threshold: Ionic conductivity (S cm-1)=1.3e-08 || space_group_whitespace: leading or trailing whitespace,exclude_from_current_high_conductivity_model|trim_text,,,,,,xz4,(Li0.5Ce0.5)(MoO4),4,Li2.0Ce2.0Mo4.0O16.0,1.3e-08,,,I41/a ,88,5.2943,5.2943,11.6254,90.0,90.0,90.0,molybdates,10.1007/s12039-011-0068-5,1,D2 - 91,done,186450-ICSD,,partial occupancy corrected,,,186450.0,91.0,
147,filter,below_1e-6_modeling_threshold|space_group_whitespace,below_1e-6_modeling_threshold: Ionic conductivity (S cm-1)=1e-09 || space_group_whitespace: leading or trailing whitespace,exclude_from_current_high_conductivity_model|trim_text,,,,,,hja,(Li0.5Ce0.25Pr0.25)(MoO4),4,Li2.0Ce1.0Pr1.0Mo4.0O16.0,1e-09,,,I41/a ,88,5.284,5.284,11.5763,90.0,90.0,90.0,molybdates,10.1007/s12039-011-0068-5,1,D2 - 91,done,186451-ICSD,,partial occupancy corrected,,,186451.0,91.0,
148,filter,below_1e-6_modeling_threshold|space_group_whitespace,below_1e-6_modeling_threshold: Ionic conductivity (S cm-1)=1.8e-10 || space_group_whitespace: leading or trailing whitespace,exclude_from_current_high_conductivity_model|trim_text,,,,,,3nb,(Li0.5Ce0.25Sm0.25)(MoO4),4,Li2.0Ce1.0Sm1.0Mo4.0O16.0,1.8e-10,,,I41/a ,88,5.2546,5.2546,11.5052,90.0,90.0,90.0,molybdates,10.1007/s12039-011-0068-5,1,D2 - 91,done,186452-ICSD,,partial occupancy corrected,,,186452.0,91.0,
168,filter,below_1e-6_modeling_threshold,below_1e-6_modeling_threshold: Ionic conductivity (S cm-1)=1.31e-08,exclude_from_current_high_conductivity_model,,,,,,il5,Nd0.25Li0.25TaO3,2,Nd0.5Li0.5Ta2.0O6.0,1.31e-08,,,P4/mmm,123,3.872,3.872,7.73,90.0,90.0,90.0,perovskites,10.1016/s0167-2738(98)00414-7,1,D1 - 615,not available,,,,,,,,615.0
169,filter,below_1e-6_modeling_threshold,below_1e-6_modeling_threshold: Ionic conductivity (S cm-1)=4.32e-10,exclude_from_current_high_conductivity_model,,,,,,r1m,Sm0.25Li0.25TaO3,2,Sm0.5Li0.5Ta2.0O6.0,4.32e-10,,,P4/mmm,123,3.859,3.859,7.71,90.0,90.0,90.0,perovskites,10.1016/s0167-2738(98)00414-7,1,D1 - 615,not available,,,,,,,,615.0
170,filter,below_1e-6_modeling_threshold|censored_upper_bound|space_group_whitespace,"below_1e-6_modeling_threshold: Ionic conductivity (S cm-1)=<1E-10 || censored_upper_bound: reported as <1E-10, not an exact value || space_group_whitespace: leading or trailing whitespace",exclude_from_current_high_conductivity_model|exclude_or_use_censored_regression|trim_text,,,,,,nua,Li(LaTiO4),2,Li2.0La2.0Ti2.0O8.0,<1E-10,,,P4/nmm ,129,3.77,3.77,12.076,90.0,90.0,90.0,perovskites,10.4028/www.scientific.net/msf.321-324.965,1,D2 - 99,done,91843-ICSD,,,,,91843.0,99.0,
171,filter,below_1e-6_modeling_threshold|censored_upper_bound|space_group_whitespace,"below_1e-6_modeling_threshold: Ionic conductivity (S cm-1)=<1E-10 || censored_upper_bound: reported as <1E-10, not an exact value || space_group_whitespace: leading or trailing whitespace",exclude_from_current_high_conductivity_model|exclude_or_use_censored_regression|trim_text,,,,,,3rx,Li(NdTiO4),2,Li2.0Nd2.0Ti2.0O8.0,<1E-10,,,P4/nmm ,129,3.7465,3.7465,11.895,90.0,90.0,90.0,perovskites,10.4028/www.scientific.net/msf.321-324.965,1,D2 - 99,done,91844-ICSD,,,,,91844.0,99.0,
172,filter,below_1e-6_modeling_threshold|space_group_whitespace,below_1e-6_modeling_threshold: Ionic conductivity (S cm-1)=1.8e-07 || space_group_whitespace: leading or trailing whitespace,exclude_from_current_high_conductivity_model|trim_text,,,,,,7e5,La0.65Li0.05(Mg0.5W0.5)O3,4,La2.6Li0.2Mg2.0W2.0O12.0,1.8e-07,,,P4/nmm ,129,5.533,5.533,7.903,90.0,90.0,90.0,perovskites,10.1016/j.ssi.2004.05.010,1,D2 - 100,done,151900-ICSD,,partial occupancy corrected,,,151900.0,100.0,
176,filter,below_1e-6_modeling_threshold,below_1e-6_modeling_threshold: Ionic conductivity (S cm-1)=4.1e-10,exclude_from_current_high_conductivity_model,,,,,,d7f,Li3BiO4,4,Li12.0Bi4.0O16.0,4.1e-10,,,P42/mnm,136,8.75298,8.75298,4.22469,90.0,90.0,90.0,oxides,10.1016/j.ssi.2015.10.016,1,D2 - 30,done,,,,Yes,ICSD-109087,109087.0,30.0,
213,filter,below_1e-6_modeling_threshold|censored_upper_bound,"below_1e-6_modeling_threshold: Ionic conductivity (S cm-1)=<1E-8 || censored_upper_bound: reported as <1E-8, not an exact value",exclude_from_current_high_conductivity_model|exclude_or_use_censored_regression,,,,,,ia5,LiLaNb2O7,2,Li2.0La2.0Nb4.0O14.0,<1E-8,,,I4/mmm,139,3.8798,3.8798,20.3597,90.0,90.0,90.0,perovskites,10.1016/0925-8388(93)90192-p,1,D2 - 114,done,72566-ICSD,,,,,72566.0,114.0,
216,filter,below_1e-6_modeling_threshold|censored_upper_bound|space_group_whitespace,"below_1e-6_modeling_threshold: Ionic conductivity (S cm-1)=<1E-10 || censored_upper_bound: reported as <1E-10, not an exact value || space_group_whitespace: leading or trailing whitespace",exclude_from_current_high_conductivity_model|exclude_or_use_censored_regression|trim_text,,,,,,sg0,LiScO2,4,Li4.0Sc4.0O8.0,<1E-10,,, I41/amd,141,4.1791,4.1791,9.361,90.0,90.0,90.0,oxides,10.2320/matertrans.y-m2016816,1,D2 - 117;D2 - 33,done,257819-ICSD,,ICSD request,,,257819.0,117.0,
217,filter,below_1e-6_modeling_threshold|censored_upper_bound|space_group_whitespace,"below_1e-6_modeling_threshold: Ionic conductivity (S cm-1)=<1E-10 || censored_upper_bound: reported as <1E-10, not an exact value || space_group_whitespace: leading or trailing whitespace",exclude_from_current_high_conductivity_model|exclude_or_use_censored_regression|trim_text,,,,,,97b,Li0.9Sc0.9Zr0.1O2,4,Li3.6Sc3.6Zr0.4O8.0,<1E-10,,, I41/amd,141,4.1804,4.1804,9.4186,90.0,90.0,90.0,oxides,10.2320/matertrans.y-m2016816,1,D2 - 117,done,257820-ICSD,,ICSD request,,,257820.0,117.0,
220,filter,below_1e-6_modeling_threshold|censored_upper_bound,"below_1e-6_modeling_threshold: Ionic conductivity (S cm-1)=<1E-10 || censored_upper_bound: reported as <1E-10, not an exact value",exclude_from_current_high_conductivity_model|exclude_or_use_censored_regression,,,,,,bnu,LiGa0.5Al0.5GeO4,18,Li18.0Ga9.0Al9.0Ge18.0O72.0,<1E-10,,,R3,146,13.867,13.867,9.256,90.0,90.0,120.0,oxides,10.1149/2.1111610jes,1,D2 - 123,done,257740-ICSD,,,,,257740.0,123.0,
221,filter,below_1e-6_modeling_threshold|censored_upper_bound,"below_1e-6_modeling_threshold: Ionic conductivity (S cm-1)=<1E-10 || censored_upper_bound: reported as <1E-10, not an exact value",exclude_from_current_high_conductivity_model|exclude_or_use_censored_regression,,,,,,kxw,LiAlGeO4,18,Li18.0Al18.0Ge18.0O72.0,<1E-10,,,R3,146,13.772,13.772,9.195,90.0,90.0,120.0,oxides,10.1149/2.1111610jes,1,D2 - 123,done,257741-ICSD,,,,,257741.0,123.0,
222,filter,below_1e-6_modeling_threshold|censored_upper_bound|space_group_whitespace,"below_1e-6_modeling_threshold: Ionic conductivity (S cm-1)=<1E-10 || censored_upper_bound: reported as <1E-10, not an exact value || space_group_whitespace: leading or trailing whitespace",exclude_from_current_high_conductivity_model|exclude_or_use_censored_regression|trim_text,,,,,,um1,LiGaGeO4,18,Li18.0Ga18.0Ge18.0O72.0,<1E-10,,, R-3c,167,13.941,13.941,9.302,90.0,90.0,120.0,oxides,10.1149/2.1111610jes,1,D2 - 123,done,257739-ICSD,,,,,257739.0,123.0,
225,filter,below_1e-6_modeling_threshold|space_group_whitespace,below_1e-6_modeling_threshold: Ionic conductivity (S cm-1)=1.4e-07 || space_group_whitespace: leading or trailing whitespace,exclude_from_current_high_conductivity_model|trim_text,,,,,,95j,Li3AlH6,6,Li18.0Al6.0H36.0,1.4e-07,,, R-3,148,8.07117,8.07117,9.513,90.0,90.0,120.0,hydrides,10.1063/1.3356981,1,D1 - 727,done,96266-ICSD,,,,,96266.0,,727.0
226,filter,below_1e-6_modeling_threshold,below_1e-6_modeling_threshold: Ionic conductivity (S cm-1)=8.2e-08,exclude_from_current_high_conductivity_model,,,,,,l2w,Li3.333Mg0.333P2S6,1,Li3.33Mg0.33P2.0S6.0,8.2e-08,,,P-31m,162,6.0748,6.0748,6.5954,90.0,90.0,120.0,thio-phosphate,10.1016/s0167-2738(02)00007-3,1,D2 - 126,done,95606-ICSD,,partial occupancy corrected,,,95606.0,126.0,
233,filter,below_1e-6_modeling_threshold,below_1e-6_modeling_threshold: Ionic conductivity (S cm-1)=1e-09,exclude_from_current_high_conductivity_model,,,,,,ur9,LiZr2(PO4)3,6,Li6.0Zr12.0P18.0O72.0,1e-09,,,R-3c,167,8.847,8.847,22.24,90.0,90.0,120.0,NASICON,10.1016/0025-5408(86)90194-7,1,D2 -2,done,,,,,,201935.0,137.0,
316,filter,below_1e-6_modeling_threshold,below_1e-6_modeling_threshold: Ionic conductivity (S cm-1)=5.6e-08,exclude_from_current_high_conductivity_model,,,,,,ci1,LiTi0.2Zr1.8(PO4)3,6,Li6.0Ti1.2Zr10.8P18.0O72.0,5.6e-08,,,R-3c,167,8.828,8.828,21.978,90.0,90.0,120.0,NASICON,10.1016/0167-2738(86)90179-7,1,D1 - 333,not available,,,,,,,,273.0
317,filter,below_1e-6_modeling_threshold,below_1e-6_modeling_threshold: Ionic conductivity (S cm-1)=8.5e-08,exclude_from_current_high_conductivity_model,,,,,,08e,LiTi1.8Zr0.2(PO4)3,6,Li6.0Ti10.8Zr1.2P18.0O72.0,8.5e-08,,,R-3c,167,8.54,8.54,20.985,90.0,90.0,120.0,NASICON,10.1016/0167-2738(86)90179-7,1,D1 - 333,not available,,,,,,,,275.0
318,filter,below_1e-6_modeling_threshold,below_1e-6_modeling_threshold: Ionic conductivity (S cm-1)=3.2e-08,exclude_from_current_high_conductivity_model,,,,,,xkh,LiTi0.1Zr1.9(PO4)3,6,Li6.0Ti0.6Zr11.4P18.0O72.0,3.2e-08,,,R-3c,167,8.845,8.845,22.057,90.0,90.0,120.0,NASICON,10.1016/0167-2738(86)90179-7,1,D1 - 333,not available,,,,,,,,279.0
326,filter,below_1e-6_modeling_threshold,below_1e-6_modeling_threshold: Ionic conductivity (S cm-1)=5.26e-07,exclude_from_current_high_conductivity_model,,,,,,lh8,Li1.3Cr0.3Hf1.7(PO4)3,6,Li7.8Cr1.8Hf10.2P18.0O72.0,5.26e-07,,,R-3c,167,8.798,8.798,21.929,90.0,90.0,120.0,NASICON,10.1016/0167-2738(93)90387-i,1,D1 - 367,not available,,,,,,,,311.0
350,filter,below_1e-6_modeling_threshold,below_1e-6_modeling_threshold: Ionic conductivity (S cm-1)=6.5e-07,exclude_from_current_high_conductivity_model,,,,,,lc1,Li1.2Al1.1Ta0.9(PO4)3,6,Li7.2Al6.6Ta5.4P18.0O72.0,6.5e-07,,,R-3c,167,8.513,8.513,21.229,90.0,90.0,120.0,NASICON,10.1039/a807007e,1,D1 - 350,not available,,,,,,,,281.0
351,filter,below_1e-6_modeling_threshold,below_1e-6_modeling_threshold: Ionic conductivity (S cm-1)=6.5e-07,exclude_from_current_high_conductivity_model,,,,,,sxv,LiAlTa(PO4)3,6,Li6.0Al6.0Ta6.0P18.0O72.0,6.5e-07,,,R-3c,167,8.542,8.542,20.815,90.0,90.0,120.0,NASICON,10.1039/a807007e,1,D1 - 350,not available,,,,,,,,282.0
352,filter,below_1e-6_modeling_threshold,below_1e-6_modeling_threshold: Ionic conductivity (S cm-1)=3.57e-10,exclude_from_current_high_conductivity_model,,,,,,4t5,LiCrSb(PO4)3,6,Li6.0Cr6.0Sb6.0P18.0O72.0,3.57e-10,,,R-3c,167,8.38,8.38,21.46,90.0,90.0,120.0,NASICON,10.1063/1.2357843,1,D1 - 446,not available,,,,,,,,365.0
353,filter,below_1e-6_modeling_threshold,below_1e-6_modeling_threshold: Ionic conductivity (S cm-1)=3.17e-08,exclude_from_current_high_conductivity_model,,,,,,smk,LiAlSb(PO4)3,6,Li6.0Al6.0Sb6.0P18.0O72.0,3.17e-08,,,R-3c,167,8.24,8.24,21.13,90.0,90.0,120.0,NASICON,10.1063/1.2357843,1,D1 - 446,not available,,,,,,,,366.0
355,filter,below_1e-6_modeling_threshold|censored_upper_bound,"below_1e-6_modeling_threshold: Ionic conductivity (S cm-1)=<1E-10 || censored_upper_bound: reported as <1E-10, not an exact value",exclude_from_current_high_conductivity_model|exclude_or_use_censored_regression,,,,,,dc8,Li9Mg3(PO4)4F3,2,Li18.0Mg6.0P8.0O32.0F6.0,<1E-10,,,P63,173,12.6159,12.6159,5.0082,90.0,90.0,120.0,fluorophosphates,10.1039/c3ta15264b,1,D2 - 148,done,appendix; ICSD,downloaded,,,,,148.0,
356,filter,below_1e-6_modeling_threshold|censored_upper_bound|space_group_whitespace,"below_1e-6_modeling_threshold: Ionic conductivity (S cm-1)=<1E-10 || censored_upper_bound: reported as <1E-10, not an exact value || space_group_whitespace: leading or trailing whitespace",exclude_from_current_high_conductivity_model|exclude_or_use_censored_regression|trim_text,,,,,,hai,Pb6.12Ca1.9Li1.96(PO4)6,1,Pb6.12Ca1.9Li1.96P6.0O24.0,<1E-10,,,P63/m ,176,9.679,9.679,7.113,90.0,90.0,120.0,phosphates,10.1006/jssc.2002.9596,1,D2 - 149,done,59615-ICSD ,,,,,59615.0,149.0,
357,filter,below_1e-6_modeling_threshold|censored_upper_bound|space_group_whitespace,"below_1e-6_modeling_threshold: Ionic conductivity (S cm-1)=<1E-10 || censored_upper_bound: reported as <1E-10, not an exact value || space_group_whitespace: leading or trailing whitespace",exclude_from_current_high_conductivity_model|exclude_or_use_censored_regression|trim_text,,,,,,ux3,Li0.284Sm4.512Si3O12.91,2,Li0.57Sm9.02Si6.0O25.82,<1E-10,,,P63/m ,176,9.4601,9.4601,6.9113,90.0,90.0,120.0,silicates,10.1016/0167-2738(95)00240-5,1,D2 - 150,done,83279-ICSD,,,,,83279.0,150.0,
359,filter,below_1e-6_modeling_threshold|censored_upper_bound,"below_1e-6_modeling_threshold: Ionic conductivity (S cm-1)=<1E-10 || censored_upper_bound: reported as <1E-10, not an exact value",exclude_from_current_high_conductivity_model|exclude_or_use_censored_regression,,,,,,u8r,Ba3LiTa5ZrSi4O26,1,Ba3.0Li1.0Ta5.0Zr1.0Si4.0O26.0,<1E-10,,,P-62m,189,9.0495,9.0495,7.8198,90.0,90.0,120.0,oxides,10.1016/j.ssi.2015.08.011,1,D2 - 153,done,ICSD ,,,,,239276.0,153.0,
361,filter,below_1e-6_modeling_threshold|censored_upper_bound,"below_1e-6_modeling_threshold: Ionic conductivity (S cm-1)=<1E-10 || censored_upper_bound: reported as <1E-10, not an exact value",exclude_from_current_high_conductivity_model|exclude_or_use_censored_regression,,,,,,uex,Fe2Na2K(Li3Si12O30),2,Fe4.0Na4.0K2.0Li6.0Si24.0O60.0,<1E-10,,,P6/mcc,192,10.0617,10.0617,14.0832,90.0,90.0,120.0,sugilites,10.1016/j.jssc.2018.05.008,1,D2 - 156,done,ICSD not the same paper,,,,,235750.0,156.0,
369,filter,below_1e-6_modeling_threshold,below_1e-6_modeling_threshold: Ionic conductivity (S cm-1)=1.36e-08,exclude_from_current_high_conductivity_model,,,,,,vy5,(K0.1Li0.9)(SbO3),4,K0.4Li3.6Sb4.0O12.0,1.36e-08,,,Pn-3,201,9.681,9.681,9.681,90.0,90.0,90.0,oxides,10.1016/0167-2738(81)90178-8,1,D2 - 160,done,appendix; ICSD,,,,,200984.0,160.0,
372,filter,below_1e-6_modeling_threshold,below_1e-6_modeling_threshold: Ionic conductivity (S cm-1)=5e-08,exclude_from_current_high_conductivity_model,,,,,,br1,Li3AlN2,16,Li48.0Al16.0N32.0,5e-08,,,Ia-3,206,9.47,9.47,9.47,90.0,90.0,90.0,nitrides,10.1016/0167-2738(85)90106-7,1,D2 - 162,done,ICSD not the same paper,,,Yes,10.1002/zaac.19482570102,25565.0,162.0,
373,filter,below_1e-6_modeling_threshold|censored_upper_bound,"below_1e-6_modeling_threshold: Ionic conductivity (S cm-1)=<1E-10 || censored_upper_bound: reported as <1E-10, not an exact value",exclude_from_current_high_conductivity_model|exclude_or_use_censored_regression,,,,,,dl7,Li2MgTi3O8,4,Li8.0Mg4.0Ti12.0O32.0,<1E-10,,,P4332,212,8.3774,8.3774,8.3774,90.0,90.0,90.0,oxides,10.1039/a800234g,1,D2 - 163,done,ICSD ,,,,,86165.0,163.0,
374,filter,below_1e-6_modeling_threshold|censored_upper_bound,"below_1e-6_modeling_threshold: Ionic conductivity (S cm-1)=<1E-10 || censored_upper_bound: reported as <1E-10, not an exact value",exclude_from_current_high_conductivity_model|exclude_or_use_censored_regression,,,,,,i12,Li2CoTi3O8,4,Li8.0Co4.0Ti12.0O32.0,<1E-10,,,P4332,212,8.3766,8.3766,8.3766,90.0,90.0,90.0,oxides,10.1039/a800234g,1,D2 - 163,done,ICSD ,,,,,86166.0,163.0,
375,filter,below_1e-6_modeling_threshold|censored_upper_bound,"below_1e-6_modeling_threshold: Ionic conductivity (S cm-1)=<1E-10 || censored_upper_bound: reported as <1E-10, not an exact value",exclude_from_current_high_conductivity_model|exclude_or_use_censored_regression,,,,,,aui,Li2CoGe3O8,4,Li8.0Co4.0Ge12.0O32.0,<1E-10,,,P4332,212,8.2098,8.2098,8.2098,90.0,90.0,90.0,oxides,10.1039/a800234g,1,D2 - 163,done,ICSD ,,,,,86167.0,163.0,
376,filter,below_1e-6_modeling_threshold|censored_upper_bound,"below_1e-6_modeling_threshold: Ionic conductivity (S cm-1)=<1E-10 || censored_upper_bound: reported as <1E-10, not an exact value",exclude_from_current_high_conductivity_model|exclude_or_use_censored_regression,,,,,,mfs,Li2ZnGe3O8,4,Li8.0Zn4.0Ge12.0O32.0,<1E-10,,,P4332,212,8.1961,8.1961,8.1961,90.0,90.0,90.0,oxides,10.1039/a800234g,1,D2 - 163,done,ICSD ,,,,,86169.0,163.0,
377,filter,below_1e-6_modeling_threshold,below_1e-6_modeling_threshold: Ionic conductivity (S cm-1)=6.56e-10,exclude_from_current_high_conductivity_model,,,,,,jl4,(Li0.61Mg0.39)(Li0.46Mg0.005Ti0.035)Ti1.5O4,8,Li8.56Mg3.16Ti12.28O32.0,6.56e-10,,,P4332,212,8.3792,8.3792,8.3792,90.0,90.0,90.0,oxides,10.1016/j.ssi.2010.06.003,1,D2 - 164,done,ICSD ,,,,,168144.0,164.0,
378,filter,below_1e-6_modeling_threshold,below_1e-6_modeling_threshold: Ionic conductivity (S cm-1)=1.53e-11,exclude_from_current_high_conductivity_model,,,,,,jkq,(Li0.55Mg0.45)(Li0.445Mg0.055)Ti1.5O4,8,Li7.96Mg4.04Ti12.0O32.0,1.53e-11,,,P4332,212,8.3806,8.3806,8.3806,90.0,90.0,90.0,oxides,10.1016/j.ssi.2010.06.003,1,D2 - 164,done,ICSD ,,,,,168145.0,164.0,
379,filter,below_1e-6_modeling_threshold,below_1e-6_modeling_threshold: Ionic conductivity (S cm-1)=1e-09,exclude_from_current_high_conductivity_model,,,,,,jy6,Li6PO5Cl,4,Li24.0P4.0O20.0Cl4.0,1e-09,,,F-43m,216,8.2234,8.2234,8.2234,90.0,90.0,90.0,argyrodites,10.1002/zaac.201000121,1,D2 - 173; D1 - 8,done,ICSD ,,,,,421479.0,173.0,6.0
443,filter,below_1e-6_modeling_threshold,below_1e-6_modeling_threshold: Ionic conductivity (S cm-1)=1.04e-07,exclude_from_current_high_conductivity_model,,,,,,gwu,(La0.7Li0.3)(Ti0.6Al0.4)O3,1,La0.7Li0.3Ti0.6Al0.4O3.0,1.04e-07,,,Pm-3m,221,3.8472,3.8472,3.8472,90.0,90.0,90.0,perovskites,10.1016/j.jallcom.2017.05.278,1,D2 - 186,done,ICSD ,,,,,254048.0,186.0,
462,filter,below_1e-6_modeling_threshold,below_1e-6_modeling_threshold: Ionic conductivity (S cm-1)=1e-08,exclude_from_current_high_conductivity_model,,,,,,kkn,Li6NBr3,4,Li24.0N4.0Br12.0,1e-08,,,Fm-3m,225,8.9334,8.9334,8.9334,90.0,90.0,90.0,halides,10.1016/j.jallcom.2015.01.082,1,D2 - 196,done,,,,Yes,10.1016/S0925-8388(97)00158-8,84090.0,196.0,
463,filter,below_1e-6_modeling_threshold,below_1e-6_modeling_threshold: Ionic conductivity (S cm-1)=6.03e-08,exclude_from_current_high_conductivity_model,,,,,,m0v,Li(Li0.34Ti1.66)O4,8,Li10.72Ti13.28O32.0,6.03e-08,,,Fd-3m,227,8.362,8.362,8.362,90.0,90.0,90.0,oxides,10.1016/j.ssi.2010.06.003,1,D2 - 164,done,ICSD ,,,,,168137.0,164.0,
464,filter,below_1e-6_modeling_threshold,below_1e-6_modeling_threshold: Ionic conductivity (S cm-1)=1.73e-08,exclude_from_current_high_conductivity_model,,,,,,6du,(Li0.916Mg0.084)(Li0.352Mg0.016Ti1.634)O4,8,Li10.14Mg0.8Ti13.07O32.0,1.73e-08,,,Fd-3m,227,8.3649,8.3649,8.3649,90.0,90.0,90.0,oxides,10.1016/j.ssi.2010.06.003,1,D2 - 164,done,ICSD ,,,,,168139.0,164.0,
465,filter,below_1e-6_modeling_threshold,below_1e-6_modeling_threshold: Ionic conductivity (S cm-1)=4.24e-09,exclude_from_current_high_conductivity_model,,,,,,u0c,(Li0.826Mg0.174)(Li0.374Mg0.026Ti1.60)O4,8,Li9.6Mg1.6Ti12.8O32.0,4.24e-09,,,Fd-3m,227,8.3666,8.3666,8.3666,90.0,90.0,90.0,oxides,10.1016/j.ssi.2010.06.003,1,D2 - 164,done,ICSD ,,,,,168141.0,164.0,
466,filter,below_1e-6_modeling_threshold,below_1e-6_modeling_threshold: Ionic conductivity (S cm-1)=1.51e-09,exclude_from_current_high_conductivity_model,,,,,,xub,(Li0.74Mg0.26)(Li0.40Mg0.04Ti1.56)O4,8,Li9.12Mg2.4Ti12.48O32.0,1.51e-09,,,Fd-3m,227,8.3703,8.3703,8.3703,90.0,90.0,90.0,oxides,10.1016/j.ssi.2010.06.003,1,D2 - 164,done,ICSD ,,,,,168142.0,164.0,
468,filter,below_1e-6_modeling_threshold,below_1e-6_modeling_threshold: Ionic conductivity (S cm-1)=6.24e-07,exclude_from_current_high_conductivity_model,,,,,,dvn,Li2MgCl4,8,Li16.0Mg8.0Cl32.0,6.24e-07,,,Fd-3m,227,10.416,10.416,10.416,90.0,90.0,90.0,chlorides,10.1016/0167-2738(83)90223-0,1,D2 - 166,done,ICSD not the same paper,,,Yes,10.1002/zaac.19946200505,74957.0,166.0,
469,filter,below_1e-6_modeling_threshold,below_1e-6_modeling_threshold: Ionic conductivity (S cm-1)=2.37e-07,exclude_from_current_high_conductivity_model,,,,,,t3k,Li1.9Mn0.9Ga0.1Cl4,8,Li15.2Mn7.2Ga0.8Cl32.0,2.37e-07,,,Fd-3m,227,10.4881,10.4881,10.4881,90.0,90.0,90.0,chlorides,10.1016/s0167-2738(96)00592-9,1,D2 - 198,done,ICSD ,,,,,50305.0,198.0,
470,filter,below_1e-6_modeling_threshold,below_1e-6_modeling_threshold: Ionic conductivity (S cm-1)=9.9e-08,exclude_from_current_high_conductivity_model,,,,,,uxi,Li1.65Mn0.65In0.35Cl4,8,Li13.2Mn5.2In2.8Cl32.0,9.9e-08,,,Fd-3m,227,10.4696,10.4696,10.4696,90.0,90.0,90.0,chlorides,10.1016/s0167-2738(96)00592-9,1,D2 - 198,done,ICSD ,,,,,50306.0,198.0,
471,filter,below_1e-6_modeling_threshold,below_1e-6_modeling_threshold: Ionic conductivity (S cm-1)=5.8e-07,exclude_from_current_high_conductivity_model,,,,,,r5y,Li2CdCl4,8,Li16.0Cd8.0Cl32.0,5.8e-07,,,Fd-3m,227,10.635,10.635,10.635,90.0,90.0,90.0,chlorides,10.1016/0025-5408(81)90142-2,1,D2 - 199,not available,,,composition corrected,,,,199.0,
472,filter,below_1e-6_modeling_threshold|censored_upper_bound,"below_1e-6_modeling_threshold: Ionic conductivity (S cm-1)=<1E-10 || censored_upper_bound: reported as <1E-10, not an exact value",exclude_from_current_high_conductivity_model|exclude_or_use_censored_regression,,,,,,ek5,LiSrNb2O6F,8,Li8.0Sr8.0Nb16.0O48.0F8.0,<1E-10,,,Fd-3m,227,10.48371,10.48371,10.48371,90.0,90.0,90.0,pyrochlore,10.2497/jjspm.65.26,1,D2 - 200,done,ICSD ,,,,,236009.0,200.0,
473,filter,below_1e-6_modeling_threshold|censored_upper_bound,"below_1e-6_modeling_threshold: Ionic conductivity (S cm-1)=<1E-10 || censored_upper_bound: reported as <1E-10, not an exact value",exclude_from_current_high_conductivity_model|exclude_or_use_censored_regression,,,,,,xut,LiSrTa2O6F,8,Li8.0Sr8.0Ta16.0O48.0F8.0,<1E-10,,,Fd-3m,227,10.46401,10.46401,10.46401,90.0,90.0,90.0,pyrochlore,10.2497/jjspm.65.26,1,D2 - 200,done,ICSD ,,,,,236010.0,200.0,
474,filter,below_1e-6_modeling_threshold|censored_upper_bound,"below_1e-6_modeling_threshold: Ionic conductivity (S cm-1)=<1E-10 || censored_upper_bound: reported as <1E-10, not an exact value",exclude_from_current_high_conductivity_model|exclude_or_use_censored_regression,,,,,,ckw,LiSr0.9Nb2O6F0.8,8,Li8.0Sr7.2Nb16.0O48.0F6.4,<1E-10,,,Fd-3m,227,10.4909,10.4909,10.4909,90.0,90.0,90.0,pyrochlore,10.2497/jjspm.65.26,1,D2 - 200,done,ICSD ,,,,,,200.0,
475,filter,below_1e-6_modeling_threshold|censored_upper_bound,"below_1e-6_modeling_threshold: Ionic conductivity (S cm-1)=<1E-10 || censored_upper_bound: reported as <1E-10, not an exact value",exclude_from_current_high_conductivity_model|exclude_or_use_censored_regression,,,,,,yab,LiSr0.9Ta2O6F0.8,8,Li8.0Sr7.2Ta16.0O48.0F6.4,<1E-10,,,Fd-3m,227,10.4687,10.4687,10.4687,90.0,90.0,90.0,pyrochlore,10.2497/jjspm.65.26,1,D2 - 200,done,ICSD ,,,,,,200.0,
476,filter,below_1e-6_modeling_threshold|censored_upper_bound,"below_1e-6_modeling_threshold: Ionic conductivity (S cm-1)=<1E-10 || censored_upper_bound: reported as <1E-10, not an exact value",exclude_from_current_high_conductivity_model|exclude_or_use_censored_regression,,,,,,ysm,Li1.1SrNb1.9Zr0.1O6F,8,Li8.8Sr8.0Nb15.2Zr0.8O48.0F8.0,<1E-10,,,Fd-3m,227,10.48854,10.48854,10.48854,90.0,90.0,90.0,pyrochlore,10.2497/jjspm.65.26,1,D2 - 200,done,ICSD ,,,,,236013.0,200.0,
477,filter,below_1e-6_modeling_threshold|censored_upper_bound,"below_1e-6_modeling_threshold: Ionic conductivity (S cm-1)=<1E-10 || censored_upper_bound: reported as <1E-10, not an exact value",exclude_from_current_high_conductivity_model|exclude_or_use_censored_regression,,,,,,e81,Li1.1SrTa1.9Zr0.1O6F,8,Li8.8Sr8.0Ta15.2Zr0.8O48.0F8.0,<1E-10,,,Fd-3m,227,10.46992,10.46992,10.46992,90.0,90.0,90.0,pyrochlore,10.2497/jjspm.65.26,1,D2 - 200,done,ICSD ,,,,,236014.0,200.0,
515,filter,below_1e-6_modeling_threshold|space_group_whitespace,below_1e-6_modeling_threshold: Ionic conductivity (S cm-1)=8.7e-09 || space_group_whitespace: leading or trailing whitespace,exclude_from_current_high_conductivity_model|trim_text,,,,,,lpt,Li4Nd3TeSbO12,8,Li32.0Nd24.0Te8.0Sb8.0O96.0,8.7e-09,,,Ia-3d ,230,12.62138,12.62138,12.62138,90.0,90.0,90.0,garnet,10.1021/cm703677q,1,D2 - 215; D1 - 252,done,ICSD ,,,,,159732.0,215.0,210.0
562,filter,below_1e-6_modeling_threshold|censored_upper_bound|space_group_whitespace,"below_1e-6_modeling_threshold: Ionic conductivity (S cm-1)=<1E-10 || censored_upper_bound: reported as <1E-10, not an exact value || space_group_whitespace: leading or trailing whitespace",exclude_from_current_high_conductivity_model|exclude_or_use_censored_regression|trim_text,,,,,,bqx,Li3Nd3Te2O12,8,Li24.0Nd24.0Te16.0O96.0,<1E-10,,,Ia-3d ,230,12.56253,12.56253,12.56253,90.0,90.0,90.0,garnet,10.1021/cm060992t,1,D2 - 240; D1 - 788,not available,,,,,,,240.0,
587,filter,below_1e-6_modeling_threshold,below_1e-6_modeling_threshold: Ionic conductivity (S cm-1)=9.5e-07,exclude_from_current_high_conductivity_model,,,,,,cz2,Li4SnSSe3,4,Li16.0Sn4.0S4.0Se12.0,9.5e-07,,,Pnma,62,14.8164,8.16696,6.55387,90.0,90.0,90.0,Chalcogenidotetrelates,10.1021/acs.chemmater.0c04150,1,,done,ICSD-111757,,,,,,,
592,filter,below_1e-6_modeling_threshold,below_1e-6_modeling_threshold: Ionic conductivity (S cm-1)=8.3e-07,exclude_from_current_high_conductivity_model,,,,,,aab,Li4Ge0.25Sn0.75Se4,4,Li16.0Ge1.0Sn3.0Se16.0,8.3e-07,,,Pnma,62,14.93267,8.23052,6.58493,90.0,90.0,90.0,Chalcogenidotetrelates,10.1021/acs.chemmater.0c04150,1,,done,ICSD-111759,,,,,,,
35,info,family_alias_not_canonical|space_group_whitespace,family_alias_not_canonical: Halide -> halides || space_group_whitespace: leading or trailing whitespace,apply_family_taxonomy_alias|trim_text,,,,,,de5,Li3InCl6,2,Li6.0In2.0Cl12.0,0.00204,,,C2/m ,12,6.432,11.093,6.398,90.0,109.8,90.0,Halide,10.1002/anie.201909805,1,D2 - 20,done,89617-ICSD,ICSD 17638,partial occupancy corrected,,,89617.0,20.0,
39,info,space_group_whitespace,space_group_whitespace: leading or trailing whitespace,trim_text,,,,,,opo,Li0.6[Li0.2Sn0.8S2],6,Li4.8Sn4.8S12.0,0.00012,,,C2/m ,12,19.217,3.6996,6.529,90.0,109.056,90.0,layered,10.1039/c6ee00633g,1,D2 - 22,done,appendix,,,,,,22.0,
40,info,space_group_whitespace,space_group_whitespace: leading or trailing whitespace,trim_text,,,,,,elz,Li3YBr6,2,Li6.0Y2.0Br12.0,0.00192,,,C2/m ,12,6.9217,11.9096,6.9326,90.0,109.553,90.0,halides,10.1002/adma.201803075,1,D2 - 26,done,,,appendix: diffraction data available,Yes,10.1021/acs.chemmater.0c04352,29961.0,26.0,
125,info,space_group_whitespace,space_group_whitespace: leading or trailing whitespace,trim_text,,,,,,kmr,Li10Ge0.95Si0.05P2S12,2,Li20.0Ge1.9Si0.1P4.0S24.0,0.0086,,,P42/nmc ,137,8.7149,8.7149,12.599,90.0,90.0,90.0,thio-LISICON,10.1016/j.jpowsour.2014.07.159,1,D1 - 772,not available,,,,,,,,641.0
140,info,space_group_whitespace,space_group_whitespace: leading or trailing whitespace,trim_text,,,,,,85t,La0.57Li0.29TiO3,8,La4.56Li2.32Ti8.0O24.0,0.0016,,,Cmmm ,65,7.737,7.742,7.785,90.0,90.0,90.0,perovskites,10.1016/j.jpowsour.2012.11.098,1,D1 - 22,not available,,,,,,,,15.0
142,info,space_group_whitespace,space_group_whitespace: leading or trailing whitespace,trim_text,,,,,,i9a,Li2.5Zn0.25PS4,2,Li5.0Zn0.5P2.0S8.0,0.00084,,, I-4,82,5.836,5.836,8.829,90.0,90.0,90.0,sulfides,10.1021/acs.chemmater.7b05108,1,D2 - 69,not available,,,,,,,69.0,
150,info,space_group_whitespace,space_group_whitespace: leading or trailing whitespace,trim_text,,,,,,ihb,Li0.33La0.56Ti0.99Al0.01O2.99F0.01,2,Li0.66La1.12Ti1.98Al0.02O5.98F0.02,0.00098,,,P4mm ,99,3.8701,3.8701,7.756,90.0,90.0,90.0,perovskites,10.1007/s11581-006-0011-9,1,D1 - 83,not available,,,,,,,,83.0
151,info,space_group_whitespace,space_group_whitespace: leading or trailing whitespace,trim_text,,,,,,3k7,Li0.33La0.56Ti0.98Al0.02O2.98F0.02,2,Li0.66La1.12Ti1.96Al0.04O5.96F0.04,0.00106,,,P4mm ,99,3.8697,3.8697,7.749,90.0,90.0,90.0,perovskites,10.1007/s11581-006-0011-9,1,D1 - 83,not available,,,,,,,,83.0
152,info,space_group_whitespace,space_group_whitespace: leading or trailing whitespace,trim_text,,,,,,1sz,Li0.33La0.56Ti0.97Al0.03O2.97F0.03,2,Li0.66La1.12Ti1.94Al0.06O5.94F0.06,0.000928,,,P4mm ,99,3.8692,3.8692,7.7434,90.0,90.0,90.0,perovskites,10.1007/s11581-006-0011-9,1,D1 - 83,not available,,,,,,,,83.0
153,info,space_group_whitespace,space_group_whitespace: leading or trailing whitespace,trim_text,,,,,,yh8,Li0.33La0.56Ti0.96Al0.04O2.96F0.04,2,Li0.66La1.12Ti1.92Al0.08O5.92F0.08,0.000622,,,P4mm ,99,3.8697,3.8697,7.744,90.0,90.0,90.0,perovskites,10.1007/s11581-006-0011-9,1,D1 - 83,not available,,,,,,,,63.0
154,info,space_group_whitespace,space_group_whitespace: leading or trailing whitespace,trim_text,,,,,,coh,Li0.33La0.56Ti0.95Al0.05O2.95F0.05,2,Li0.66La1.12Ti1.9Al0.1O5.9F0.1,0.000176,,,P4mm ,99,3.8667,3.8667,7.739,90.0,90.0,90.0,perovskites,10.1007/s11581-006-0011-9,1,D1 - 83,not available,,,,,,,,83.0
155,info,space_group_whitespace,space_group_whitespace: leading or trailing whitespace,trim_text,,,,,,1pw,Li0.33La0.56Ti0.94Al0.06O2.94F0.06,2,Li0.66La1.12Ti1.88Al0.12O5.88F0.12,0.000106,,,P4mm ,99,3.8722,3.8722,7.73,90.0,90.0,90.0,perovskites,10.1007/s11581-006-0011-9,1,D1 - 83,not available,,,,,,,,83.0
156,info,space_group_whitespace,space_group_whitespace: leading or trailing whitespace,trim_text,,,,,,bw3,Li0.33La0.56Ti0.93Al0.07O2.93F0.07,2,Li0.66La1.12Ti1.86Al0.14O5.86F0.14,0.000645,,,P4mm ,99,3.8705,3.8705,7.7476,90.0,90.0,90.0,perovskites,10.1007/s11581-006-0011-9,1,D1 - 83,not available,,,,,,,,83.0
157,info,space_group_whitespace,space_group_whitespace: leading or trailing whitespace,trim_text,,,,,,my5,Li0.33La0.56Ti0.92Al0.08O2.92F0.08,2,Li0.66La1.12Ti1.84Al0.16O5.84F0.16,0.000494,,,P4mm ,99,3.8695,3.8695,7.7437,90.0,90.0,90.0,perovskites,10.1007/s11581-006-0011-9,1,D1 - 83,not available,,,,,,,,83.0
173,info,space_group_whitespace,space_group_whitespace: leading or trailing whitespace,trim_text,,,,,,sib,La0.63Li0.11(Mg0.5W0.5)O3,4,La2.52Li0.44Mg2.0W2.0O12.0,6.8e-06,,,P4/nmm ,129,5.534,5.534,7.903,90.0,90.0,90.0,perovskites,10.1016/j.ssi.2004.05.010,1,D2 - 100,done,151901-ICSD,,partial occupancy corrected,,,151901.0,100.0,
174,info,space_group_whitespace,space_group_whitespace: leading or trailing whitespace,trim_text,,,,,,r99,La0.62 Li0.14(Mg0.5W0.5)O3,4,La2.48Li0.56Mg2.0W2.0O12.0,1.2e-05,,,P4/nmm ,129,5.533,5.533,7.903,90.0,90.0,90.0,perovskites,10.1016/j.ssi.2004.05.010,1,D2 - 100,done,151902-ICSD,,partial occupancy corrected,,,151902.0,100.0,
175,info,space_group_whitespace,space_group_whitespace: leading or trailing whitespace,trim_text,,,,,,lol,Li4PS4I,2,Li8.0P2.0S8.0I2.0,0.00012,,,P4/nmm ,129,8.48284,8.48284,5.93013,90.0,90.0,90.0,thio-LISICON,10.1021/acs.chemmater.7b00013,1,D2 - 101,done,,,appendix: diffraction data available,,,432169.0,101.0,
181,info,space_group_whitespace,space_group_whitespace: leading or trailing whitespace,trim_text,,,,,,824,Li10.35Ge1.35P1.65S12,2,Li20.7Ge2.7P3.3S24.0,0.0144,,,P42/nmc ,137,8.713023,8.713023,12.639695,90.0,90.0,90.0,LGPS,10.1039/c4ta05231e,1,D2 - 104,done,193947-ICSD,,,,,193947.0,104.0,
183,info,space_group_whitespace,space_group_whitespace: leading or trailing whitespace,trim_text,,,,,,izs,Li3.475Si0.475P0.525S4,6,Li20.85Si2.85P3.15S24.0,0.00527,,,P42/nmc ,137,8.672,8.672,12.536,90.0,90.0,90.0,LGPS,10.1039/c4fd00143e,1,D2 - 105,not available,,,,,,,105.0,
184,info,space_group_whitespace,space_group_whitespace: leading or trailing whitespace,trim_text,,,,,,8nc,Li3.425Si0.425P0.575S4,6,Li20.55Si2.55P3.45S24.0,0.00565,,,P42/nmc ,137,8.653,8.653,12.51,90.0,90.0,90.0,LGPS,10.1039/c4fd00143e,1,D2 - 105,not available,,,,,,,105.0,
186,info,space_group_whitespace,space_group_whitespace: leading or trailing whitespace,trim_text,,,,,,xga,Li3.335Sn0.33P0.67S4,6,Li20.01Sn1.98P4.02S24.0,0.00373,,,P42/nmc ,137,8.743,8.743,12.782,90.0,90.0,90.0,LGPS,10.1039/c4fd00143e,1,D2 - 105,not available,,,,,,,105.0,
187,info,space_group_whitespace,space_group_whitespace: leading or trailing whitespace,trim_text,,,,,,xn9,Li3.3Sn0.3P0.7S4,6,Li19.8Sn1.8P4.2S24.0,0.00365,,,P42/nmc ,137,8.731,8.731,12.768,90.0,90.0,90.0,LGPS,10.1039/c4fd00143e,1,D2 - 105,not available,,,,,,,105.0,
188,info,space_group_whitespace,space_group_whitespace: leading or trailing whitespace,trim_text,,,,,,sg4,Li3.285Sn0.28P0.72S4,6,Li19.71Sn1.68P4.32S24.0,0.00436,,,P42/nmc ,137,8.721,8.721,12.725,90.0,90.0,90.0,LGPS,10.1039/c4fd00143e,1,D2 - 105,not available,,,,,,,105.0,
190,info,space_group_whitespace,space_group_whitespace: leading or trailing whitespace,trim_text,,,,,,g8j,Li3.26Sn0.26P0.74S4,6,Li19.56Sn1.56P4.44S24.0,0.00453,,,P42/nmc ,137,8.737,8.737,12.713,90.0,90.0,90.0,LGPS,10.1039/c4fd00143e,1,D2 - 105,not available,,,,,,,105.0,
191,info,space_group_whitespace,space_group_whitespace: leading or trailing whitespace,trim_text,,,,,,bim,Li3.25Sn0.25P0.75S4,6,Li19.5Sn1.5P4.5S24.0,0.0036,,,P42/nmc ,137,8.722,8.722,12.72,90.0,90.0,90.0,LGPS,10.1039/c4fd00143e,1,D2 - 105,not available,,,,,,,105.0,
192,info,space_group_whitespace,space_group_whitespace: leading or trailing whitespace,trim_text,,,,,,02p,Li10SiP2S12,2,Li20.0Si2.0P4.0S24.0,0.0023,,,P42/nmc ,137,8.6512,8.6512,12.5095,90.0,90.0,90.0,LGPS,10.1149/2.0501412jes,1,D2 - 106,not available,,,,,,,106.0,686.0
195,info,space_group_whitespace,space_group_whitespace: leading or trailing whitespace,trim_text,,,,,,9rc,Li10(Ge0.776Sn0.224)P2S12,2,Li20.0Ge1.55Sn0.45P4.0S24.0,0.0141,,,P42/nmc ,137,8.71859,8.71859,12.6514,90.0,90.0,90.0,LGPS,10.1021/acs.chemmater.8b00266,1,D2 - 108,done,appendix,,,,,,108.0,
197,info,space_group_whitespace,space_group_whitespace: leading or trailing whitespace,trim_text,,,,,,ik8,Li10(Ge0.416Sn0.584)P2S12,2,Li20.0Ge0.83Sn1.17P4.0S24.0,0.00743,,,P42/nmc ,137,8.72902,8.72902,12.7065,90.0,90.0,90.0,LGPS,10.1021/acs.chemmater.8b00266,1,D2 - 108,done,appendix,,,,,,108.0,
200,info,space_group_whitespace,space_group_whitespace: leading or trailing whitespace,trim_text,,,,,,8ub,Li10.5(Sn0.2Si0.8)1.5P1.5S12,2,Li21.0Sn0.6Si2.4P3.0S24.0,0.00879,,,P42/nmc ,137,8.69204,8.69204,12.6166,90.0,90.0,90.0,LGPS,10.1021/acs.chemmater.7b00886,1,D2 - 111,done,257947-ICSD,,appendix: diffraction data available,,,257947.0,111.0,
201,info,space_group_whitespace,space_group_whitespace: leading or trailing whitespace,trim_text,,,,,,7tu,Li10.2(Sn0.2Si0.8)1.2P1.8S12,2,Li20.4Sn0.48Si1.92P3.6S24.0,0.00782,,,P42/nmc ,137,8.65173,8.65173,12.5349,90.0,90.0,90.0,LGPS,10.1021/acs.chemmater.7b00886,1,D2 - 111,done,,,appendix: diffraction data available,,,257948.0,111.0,
204,info,space_group_whitespace,space_group_whitespace: leading or trailing whitespace,trim_text,,,,,,906,Li9.8Ba0.1GeP2S12,2,Li19.6Ba0.2Ge2.0P4.0S24.0,0.000561,,,P42/nmc ,137,8.716,8.716,12.728,90.0,90.0,90.0,LGPS,10.1016/j.ssi.2017.01.014,1,D2 - 112,not available,,,,,,,112.0,
205,info,space_group_whitespace,space_group_whitespace: leading or trailing whitespace,trim_text,,,,,,fnu,Li9.6Ba0.2GeP2S12,2,Li19.2Ba0.4Ge2.0P4.0S24.0,0.000572,,,P42/nmc ,137,8.727,8.727,12.908,90.0,90.0,90.0,LGPS,10.1016/j.ssi.2017.01.014,1,D2 - 112,not available,,,,,,,112.0,
206,info,space_group_whitespace,space_group_whitespace: leading or trailing whitespace,trim_text,,,,,,pfi,Li9.4Ba0.3GeP2S12,2,Li18.8Ba0.6Ge2.0P4.0S24.0,0.000707,,,P42/nmc ,137,8.734,8.734,13.005,90.0,90.0,90.0,LGPS,10.1016/j.ssi.2017.01.014,1,D2 - 112,not available,,,,,,,112.0,
207,info,space_group_whitespace,space_group_whitespace: leading or trailing whitespace,trim_text,,,,,,f0h,Li9.2Ba0.4GeP2S12,2,Li18.4Ba0.8Ge2.0P4.0S24.0,0.000316,,,P42/nmc ,137,8.752,8.752,13.011,90.0,90.0,90.0,LGPS,10.1016/j.ssi.2017.01.014,1,D2 - 112,not available,,,,,,,112.0,
208,info,space_group_whitespace,space_group_whitespace: leading or trailing whitespace,trim_text,,,,,,7iw,Li9Ba0.5GeP2S12,2,Li18.0Ba1.0Ge2.0P4.0S24.0,9.98e-05,,,P42/nmc ,137,8.77,8.77,13.053,90.0,90.0,90.0,LGPS,10.1016/j.ssi.2017.01.014,1,D2 - 112,not available,,,,,,,112.0,
209,info,space_group_whitespace,space_group_whitespace: leading or trailing whitespace,trim_text,,,,,,ikh,Li9.6P3S12,2,Li19.2P6.0S24.0,0.0012,,,P42/nmc ,137,8.7144,8.7144,12.4677,90.0,90.0,90.0,LGPS,10.1038/nenergy.2016.30,1,D1 - 25,not available,,,appendix: diffraction data available,,,,102.0,25.0
211,info,space_group_whitespace,space_group_whitespace: leading or trailing whitespace,trim_text,,,,,,ete,Li9.54Si1.74P1.44S11.7Cl0.3,2,Li19.08Si3.48P2.88S23.4Cl0.6,0.025,,,P42/nmc ,137,8.709652,8.709652,12.56907,90.0,90.0,90.0,LGPS,10.1038/nenergy.2016.30,1,D1 - 25,not available,,,appendix: diffraction data available,,,,,26.0
358,info,space_group_whitespace,space_group_whitespace: leading or trailing whitespace,trim_text,,,,,,tvf,Li3(NH2)2I,4,Li12.0N8.0H16.0I4.0,1e-05,,,P63mc ,186,7.09109,7.09109,11.50958,90.0,90.0,120.0,hydrides,10.1021/cm1006857,1,D2 - 152,done,ICSD ,downloaded,,,,,152.0,
364,info,space_group_whitespace,space_group_whitespace: leading or trailing whitespace,trim_text,,,,,,lf5,Li6BaLa2Nb2O12,8,Li48.0Ba8.0La16.0Nb16.0O96.0,6e-06,,, I213,199,12.86,12.86,12.86,90.0,90.0,90.0,garnet,10.1111/j.1551-2916.2005.00060.x,1,D2 - 159;D1- 814,not available,,,,,,,159.0,681.0
367,info,reduced_composition_whitespace|space_group_whitespace,reduced_composition_whitespace: leading or trailing whitespace || space_group_whitespace: leading or trailing whitespace,trim_text,,,,,,0v9,Li5.5La3Nb1.75In0.25O12 ,8,Li44.0La24.0Nb14.0In2.0O96.0,2.4e-05,,, I213,199,12.821,12.821,12.821,90.0,90.0,90.0,garnet,10.1016/j.jssc.2005.12.025,1,D2 - 158,not available,,,,,,,158.0,642.0
368,info,reduced_composition_whitespace|space_group_whitespace,reduced_composition_whitespace: leading or trailing whitespace || space_group_whitespace: leading or trailing whitespace,trim_text,,,,,,qtc,Li5.5La2.75K0.25Nb2O12 ,8,Li44.0La22.0K2.0Nb16.0O96.0,1.06e-05,,, I213,199,12.7937,12.7937,12.7937,90.0,90.0,90.0,garnet,10.1016/j.jssc.2005.12.025,1,D2 - 158,not available,,,,,,,158.0,643.0
380,info,family_alias_not_canonical,family_alias_not_canonical: cholorides -> chlorides,apply_family_taxonomy_alias,,,,,,yav,Li2VCl4,4,Li8.0V4.0Cl16.0,6.95e-06,,,F-43m,216,10.377,10.377,10.377,90.0,90.0,90.0,cholorides,10.1016/0167-2738(83)90223-0,1,D2 - 166,done,ICSD not the same paper,,,Yes,10.1002/zaac.19946200505,74959.0,166.0,
489,info,space_group_whitespace,space_group_whitespace: leading or trailing whitespace,trim_text,,,,,,d6f,Li7La3Zr1.89Al0.15O12,8,Li56.0La24.0Zr15.12Al1.2O96.0,0.00034,,,Ia-3d ,230,13.0,13.0,13.0,90.0,90.0,90.0,garnet,10.1016/j.jpowsour.2013.03.049,1,D2 - 202; D1 - 770,not available,,,,,,,202.0,639.0
490,info,space_group_whitespace,space_group_whitespace: leading or trailing whitespace,trim_text,,,,,,dvs,Li7.06La3Y0.06Zr1.94O12,8,Li56.48La24.0Y0.48Zr15.52O96.0,0.00081,0.00081,0.000956,Ia-3d ,230,12.9672,12.9672,12.9672,90.0,90.0,90.0,garnet,10.1016/j.elecom.2011.08.014,1,D2 - 203; D1 - 20,not available,,,,,,,203.0,
491,info,space_group_whitespace,space_group_whitespace: leading or trailing whitespace,trim_text,,,,,,3o4,Li6.25La3Zr2Ga0.25O12,8,Li50.0La24.0Zr16.0Ga2.0O96.0,0.00035,,,Ia-3d ,230,12.971,12.971,12.971,90.0,90.0,90.0,garnet,10.1016/j.matchemphys.2012.03.054,1,D2 - 204; D1 - 777,not available,,,,,,,204.0,646.0
492,info,space_group_whitespace,space_group_whitespace: leading or trailing whitespace,trim_text,,,,,,kji,Li6.4La3Zr1.4Ta0.6O12,8,Li51.2La24.0Zr11.2Ta4.8O96.0,0.001,,,Ia-3d ,230,12.922,12.922,12.922,90.0,90.0,90.0,garnet,10.1039/c2jm31413d,1,D2 - 205; D1 - 804,done,,,,Yes,10.2109/jcersj2.19022,22958.0,205.0,
493,info,space_group_whitespace,space_group_whitespace: leading or trailing whitespace,trim_text,,,,,,gdr,Li6.2La3Zr1.2Ta0.8O12,8,Li49.6La24.0Zr9.6Ta6.4O96.0,0.00032,,,Ia-3d ,230,12.908,12.908,12.908,90.0,90.0,90.0,garnet,10.1039/c2jm31413d,1,D2 - 205; D1 - 804,done,,,,Yes,10.2109/jcersj2.19022,22959.0,205.0,671.0
496,info,space_group_whitespace,space_group_whitespace: leading or trailing whitespace,trim_text,,,,,,5xk,Li6.65La3Zr1.65Ta0.35O12,8,Li53.2La24.0Zr13.2Ta2.8O96.0,0.00046,0.00046,0.00077,Ia-3d ,230,12.9591,12.9591,12.9591,90.0,90.0,90.0,garnet,10.1149/2.024205esl,1,D2 - 206,not available,,,,,,,206.0,
498,info,space_group_whitespace,space_group_whitespace: leading or trailing whitespace,trim_text,,,,,,zfg,Li6.55La3Zr1.55Ta0.45O12,8,Li52.4La24.0Zr12.4Ta3.6O96.0,0.0004,0.0004,0.00069,Ia-3d ,230,12.9489,12.9489,12.9489,90.0,90.0,90.0,garnet,10.1149/2.024205esl,1,D2 - 206,not available,,,,,,,206.0,
501,info,space_group_whitespace,space_group_whitespace: leading or trailing whitespace,trim_text,,,,,,e6a,Li6.7La3Zr1.7Ta0.3O12,8,Li53.6La24.0Zr13.6Ta2.4O96.0,0.00069,0.00069,0.00096,Ia-3d ,230,12.9721,12.9721,12.9721,90.0,90.0,90.0,garnet,10.1149/2.024205esl,1,D2 - 206,done,,,,Yes,10.1021/acsaem.1c03632,48784.0,206.0,
503,info,space_group_whitespace,space_group_whitespace: leading or trailing whitespace,trim_text,,,,,,4ie,Li6.05Ga0.25La3Zr2O11.8F0.2,8,Li48.4Ga2.0La24.0Zr16.0O94.4F1.6,0.00128,,,Ia-3d ,230,12.96891,12.96891,12.96891,90.0,90.0,90.0,garnet,10.1021/acsami.8b17656,1,D2 - 207,done,,,appendix: diffraction data available,,,,207.0,
505,info,space_group_whitespace,space_group_whitespace: leading or trailing whitespace,trim_text,,,,,,5d6,Li6.8La3Zr1.9Mo0.1O12,8,Li54.4La24.0Zr15.2Mo0.8O96.0,8e-05,,,Ia-3d ,230,12.9697,12.9697,12.9697,90.0,90.0,90.0,garnet,10.1021/acs.inorgchem.5b01895,1,D2 - 209,not available,,,,,,,209.0,
506,info,space_group_whitespace,space_group_whitespace: leading or trailing whitespace,trim_text,,,,,,ciq,Li6.6La3Zr1.8Mo0.2O12,8,Li52.8La24.0Zr14.4Mo1.6O96.0,0.000311,,,Ia-3d ,230,12.969,12.969,12.969,90.0,90.0,90.0,garnet,10.1021/acs.inorgchem.5b01895,1,D2 - 209,not available,,,,,,,209.0,
507,info,space_group_whitespace,space_group_whitespace: leading or trailing whitespace,trim_text,,,,,,suz,Li6.4La3Zr1.7Mo0.3O12,8,Li51.2La24.0Zr13.6Mo2.4O96.0,0.000369,,,Ia-3d ,230,12.9552,12.9552,12.9552,90.0,90.0,90.0,garnet,10.1021/acs.inorgchem.5b01895,1,D2 - 209,not available,,,,,,,209.0,
508,info,space_group_whitespace,space_group_whitespace: leading or trailing whitespace,trim_text,,,,,,1tk,Li6.2La3Zr1.6Mo0.4O12,8,Li49.6La24.0Zr12.8Mo3.2O96.0,0.00034,,,Ia-3d ,230,12.9532,12.9532,12.9532,90.0,90.0,90.0,garnet,10.1021/acs.inorgchem.5b01895,1,D2 - 209,not available,,,,,,,209.0,
509,info,space_group_whitespace,space_group_whitespace: leading or trailing whitespace,trim_text,,,,,,9o6,Li6.5La3Zr1.75Mo0.25O12,8,Li52.0La24.0Zr14.0Mo2.0O96.0,0.000333,,,Ia-3d ,230,12.9556,12.9556,12.9556,90.0,90.0,90.0,garnet,10.1021/acs.inorgchem.5b01895,1,D2 - 209,done,ICSD; no pc info,,,,,,209.0,
510,info,space_group_whitespace,space_group_whitespace: leading or trailing whitespace,trim_text,,,,,,r07,Li6.75La3Zr1.875Te0.125O12,8,Li54.0La24.0Zr15.0Te1.0O96.0,0.00033,,,Ia-3d ,230,12.9469,12.9469,12.9469,90.0,90.0,90.0,garnet,10.1016/j.jpowsour.2013.03.166,1,D2 - 210,not available,,,,,,,210.0,
511,info,space_group_whitespace,space_group_whitespace: leading or trailing whitespace,trim_text,,,,,,uht,Li6.5La3Zr1.75Te0.25O12,8,Li52.0La24.0Zr14.0Te2.0O96.0,0.00102,,,Ia-3d ,230,12.9134,12.9134,12.9134,90.0,90.0,90.0,garnet,10.1016/j.jpowsour.2013.03.166,1,D2 - 210,not available,,,,,,,210.0,
513,info,space_group_whitespace,space_group_whitespace: leading or trailing whitespace,trim_text,,,,,,uw9,Li6La2SrBi2O12,8,Li48.0La16.0Sr8.0Bi16.0O96.0,2e-05,2e-05,5.2e-05,Ia-3d ,230,13.0893,13.0893,13.0893,90.0,90.0,90.0,garnet,10.1016/j.mseb.2007.07.009,1,D2 - 213,done,ICSD ,,,,,158373.0,213.0,
517,info,space_group_whitespace,space_group_whitespace: leading or trailing whitespace,trim_text,,,,,,bi3,Li6SrLa2Sb2O12,8,Li48.0Sr8.0La16.0Sb16.0O96.0,6.3e-06,6.3e-06,6.6e-06,Ia-3d ,230,12.8933,12.8933,12.8933,90.0,90.0,90.0,garnet,10.1016/j.materresbull.2007.10.035,1,D2 - 216,done,ICSD ,,,,,161343.0,216.0,
522,info,space_group_whitespace,space_group_whitespace: leading or trailing whitespace,trim_text,,,,,,4uu,Li6.15La3Zr1.75Ta0.25Ga0.2O12,8,Li49.2La24.0Zr14.0Ta2.0Ga1.6O96.0,0.00041,,,Ia-3d ,230,12.95,12.95,12.95,90.0,90.0,90.0,garnet,10.1016/j.jpowsour.2012.01.131,1,D2 - 219,not available,,,,,,,219.0,
523,info,space_group_whitespace,space_group_whitespace: leading or trailing whitespace,trim_text,,,,,,sdz,Li6.15La3Zr1.75Ta0.25Al0.2O12,8,Li49.2La24.0Zr14.0Ta2.0Al1.6O96.0,0.00037,,,Ia-3d ,230,12.95,12.95,12.95,90.0,90.0,90.0,garnet,10.1016/j.jpowsour.2012.01.131,1,D2 - 219,not available,,,,,,,219.0,
527,info,space_group_whitespace,space_group_whitespace: leading or trailing whitespace,trim_text,,,,,,z2s,Nd3Zr2Al0.5Li5.5O12,8,Nd24.0Zr16.0Al4.0Li44.0O96.0,3.9e-05,,,Ia-3d ,230,12.8158,12.8158,12.8158,90.0,90.0,90.0,garnet,10.1039/c3ta13252h,1,D2 - 223,done,ICSD ,,,,,189530.0,223.0,
528,info,space_group_whitespace,space_group_whitespace: leading or trailing whitespace,trim_text,,,,,,72f,(Li6.26Al0.24)La3Zr2O12,8,Li50.08Al1.92La24.0Zr16.0O96.0,0.00021,,,Ia-3d ,230,12.96328,12.96328,12.96328,90.0,90.0,90.0,garnet,10.1016/j.ssi.2015.04.011,1,D2 - 224,done,ICSD ,,,,,195182.0,224.0,
529,info,space_group_whitespace,space_group_whitespace: leading or trailing whitespace,trim_text,,,,,,j5g,Li6La3Nb1.5Y0.5O12,8,Li48.0La24.0Nb12.0Y4.0O96.0,0.000188,,,Ia-3d ,230,12.9136,12.9136,12.9136,90.0,90.0,90.0,garnet,10.1021/jp304737x,1,D2 - 225; D1 - 795,done,appendix; ICSD,,,,,237141.0,225.0,664.0
530,info,space_group_whitespace,space_group_whitespace: leading or trailing whitespace,trim_text,,,,,,dvb,Li5.2La3Nb1.9Y0.1O12,8,Li41.6La24.0Nb15.2Y0.8O96.0,6.39e-05,,,Ia-3d ,230,12.8216,12.8216,12.8216,90.0,90.0,90.0,garnet,10.1021/jp304737x,1,D2 - 225; D1 - 795,done,ICSD ,,,,,237143.0,225.0,
531,info,space_group_whitespace,space_group_whitespace: leading or trailing whitespace,trim_text,,,,,,cti,Li5.4La3Nb1.8Y0.2O12,8,Li43.2La24.0Nb14.4Y1.6O96.0,6.74e-05,,,Ia-3d ,230,12.8306,12.8306,12.8306,90.0,90.0,90.0,garnet,10.1021/jp304737x,1,D2 - 225; D1 - 795,done,ICSD ,,,,,237144.0,225.0,
532,info,space_group_whitespace,space_group_whitespace: leading or trailing whitespace,trim_text,,,,,,2d1,Li5.5La3Nb1.75Y0.25O12,8,Li44.0La24.0Nb14.0Y2.0O96.0,9.18e-05,,,Ia-3d ,230,12.8582,12.8582,12.8582,90.0,90.0,90.0,garnet,10.1021/jp304737x,1,D2 - 225; D1 - 795,done,ICSD ,,,,,237145.0,225.0,
533,info,space_group_whitespace,space_group_whitespace: leading or trailing whitespace,trim_text,,,,,,sqm,Li6Ba0.5Sr0.5La2Ta2O12,8,Li48.0Ba4.0Sr4.0La16.0Ta16.0O96.0,7.1e-06,,,Ia-3d ,230,12.92046,12.92046,12.92046,90.0,90.0,90.0,garnet,10.1021/am4060194,1,D2 - 226,done,ICSD ,,,,,237199.0,226.0,
544,info,space_group_whitespace,space_group_whitespace: leading or trailing whitespace,trim_text,,,,,,419,Li5.3La3Ta1.85Sm0.15O12,8,Li42.4La24.0Ta14.8Sm1.2O96.0,7.11e-06,,,Ia-3d ,230,12.8108,12.8108,12.8108,90.0,90.0,90.0,garnet,10.1021/acs.inorgchem.7b00816,1,D2 - 231,done,ICSD ,,,,,259165.0,231.0,
545,info,space_group_whitespace,space_group_whitespace: leading or trailing whitespace,trim_text,,,,,,c0g,Li5.5La3Ta1.75Sm0.25O12,8,Li44.0La24.0Ta14.0Sm2.0O96.0,5.17e-06,,,Ia-3d ,230,12.8206,12.8206,12.8206,90.0,90.0,90.0,garnet,10.1021/acs.inorgchem.7b00816,1,D2 - 231,done,ICSD ,,,,,259166.0,231.0,
546,info,space_group_whitespace,space_group_whitespace: leading or trailing whitespace,trim_text,,,,,,kbu,Li5.70La3Ta1.65Sm0.35O12,8,Li45.6La24.0Ta13.2Sm2.8O96.0,2.15e-05,,,Ia-3d ,230,12.8309,12.8309,12.8309,90.0,90.0,90.0,garnet,10.1021/acs.inorgchem.7b00816,1,D2 - 231,done,ICSD ,,,,,259167.0,231.0,
547,info,space_group_whitespace,space_group_whitespace: leading or trailing whitespace,trim_text,,,,,,fam,Li5.90La3Ta1.55Sm0.45O12,8,Li47.2La24.0Ta12.4Sm3.6O96.0,1.18e-05,,,Ia-3d ,230,12.846,12.846,12.846,90.0,90.0,90.0,garnet,10.1021/acs.inorgchem.7b00816,1,D2 - 231,done,ICSD ,,,,,259168.0,231.0,
548,info,space_group_whitespace,space_group_whitespace: leading or trailing whitespace,trim_text,,,,,,dae,Li6.10La3Ta1.45Sm0.55O12,8,Li48.8La24.0Ta11.6Sm4.4O96.0,1.4e-05,,,Ia-3d ,230,12.8525,12.8525,12.8525,90.0,90.0,90.0,garnet,10.1021/acs.inorgchem.7b00816,1,D2 - 231,done,ICSD ,,,,,259169.0,231.0,
551,info,space_group_whitespace,space_group_whitespace: leading or trailing whitespace,trim_text,,,,,,ijh,Li5La3Nb1.95Y0.05O11.95,8,Li40.0La24.0Nb15.6Y0.4O95.6,1.34e-05,,,Ia-3d ,230,12.717,12.717,12.717,90.0,90.0,90.0,garnet,10.1016/j.jpowsour.2011.05.031,1,D2 - 233,not available,,,,,,,233.0,
552,info,space_group_whitespace,space_group_whitespace: leading or trailing whitespace,trim_text,,,,,,q46,Li5La3Nb1.9Y0.1O11.9,8,Li40.0La24.0Nb15.2Y0.8O95.2,1.44e-05,,,Ia-3d ,230,12.717,12.717,12.717,90.0,90.0,90.0,garnet,10.1016/j.jpowsour.2011.05.031,1,D2 - 233,not available,,,,,,,233.0,
553,info,space_group_whitespace,space_group_whitespace: leading or trailing whitespace,trim_text,,,,,,8m3,Li5La3Nb1.85Y0.15O11.85,8,Li40.0La24.0Nb14.8Y1.2O94.8,5.71e-06,,,Ia-3d ,230,12.732,12.732,12.732,90.0,90.0,90.0,garnet,10.1016/j.jpowsour.2011.05.031,1,D2 - 233,not available,,,,,,,233.0,
554,info,space_group_whitespace,space_group_whitespace: leading or trailing whitespace,trim_text,,,,,,zyx,Li5La3Nb1.8Y0.2O11.8,8,Li40.0La24.0Nb14.4Y1.6O94.4,9.13e-06,,,Ia-3d ,230,12.743,12.743,12.743,90.0,90.0,90.0,garnet,10.1016/j.jpowsour.2011.05.031,1,D2 - 233,not available,,,,,,,233.0,
555,info,space_group_whitespace,space_group_whitespace: leading or trailing whitespace,trim_text,,,,,,qvu,Li5La3Nb1.75Y0.25O11.75,8,Li40.0La24.0Nb14.0Y2.0O94.0,9.68e-06,,,Ia-3d ,230,12.717,12.717,12.717,90.0,90.0,90.0,garnet,10.1016/j.jpowsour.2011.05.031,1,D2 - 233,not available,,,,,,,233.0,
556,info,space_group_whitespace,space_group_whitespace: leading or trailing whitespace,trim_text,,,,,,v07,La3Zr2Ga0.5Li5.5O12,8,La24.0Zr16.0Ga4.0Li44.0O96.0,0.0001,,,Ia-3d ,230,12.9697,12.9697,12.9697,90.0,90.0,90.0,garnet,10.1039/c2dt31318a,1,D2 - 236,not available,,,appendix: diffraction data available,,,,236.0,
557,info,space_group_whitespace,space_group_whitespace: leading or trailing whitespace,trim_text,,,,,,whw,Li6.8La3Zr1.8Sb0.2O12,8,Li54.4La24.0Zr14.4Sb1.6O96.0,5.9e-05,,,Ia-3d ,230,12.97545,12.97545,12.97545,90.0,90.0,90.0,garnet,10.1039/c3cp50991e,1,D2 - 237; D1 - 807,not available,,,,,,,237.0,678.0
558,info,space_group_whitespace,space_group_whitespace: leading or trailing whitespace,trim_text,,,,,,duf,Li6.6La3Zr1.6Sb0.4O12,8,Li52.8La24.0Zr12.8Sb3.2O96.0,0.00077,,,Ia-3d ,230,12.95955,12.95955,12.95955,90.0,90.0,90.0,garnet,10.1039/c3cp50991e,1,D2 - 237; D1 - 807,done,,,,Yes,10.1016/j.ssi.2019.115185,19975.0,237.0,674.0
559,info,space_group_whitespace,space_group_whitespace: leading or trailing whitespace,trim_text,,,,,,dll,Li6.4La3Zr1.4Sb0.6O12,8,Li51.2La24.0Zr11.2Sb4.8O96.0,0.00066,,,Ia-3d ,230,12.95179,12.95179,12.95179,90.0,90.0,90.0,garnet,10.1039/c3cp50991e,1,D2 - 237; D1 - 807,not available,,,,,,,237.0,675.0
560,info,space_group_whitespace,space_group_whitespace: leading or trailing whitespace,trim_text,,,,,,i90,Li6.2La3Zr1.2Sb0.8O12,8,Li49.6La24.0Zr9.6Sb6.4O96.0,0.00045,,,Ia-3d ,230,12.92484,12.92484,12.92484,90.0,90.0,90.0,garnet,10.1039/c3cp50991e,1,D2 - 237; D1 - 807,not available,,,,,,,237.0,676.0
561,info,space_group_whitespace,space_group_whitespace: leading or trailing whitespace,trim_text,,,,,,dm9,Li6La3ZrSbO12,8,Li48.0La24.0Zr8.0Sb8.0O96.0,0.00026,,,Ia-3d ,230,12.9237,12.9237,12.9237,90.0,90.0,90.0,garnet,10.1039/c3cp50991e,1,D2 - 237; D1 - 807,not available,,,,,,,237.0,677.0
565,info,space_group_whitespace,space_group_whitespace: leading or trailing whitespace,trim_text,,,,,,8y4,Li6.6La2.875Y0.125Zr1.6Ta0.4O12,8,Li52.8La23.0Y1.0Zr12.8Ta3.2O96.0,0.000317,,,Ia-3d ,230,12.9572,12.9572,12.9572,90.0,90.0,90.0,garnet,10.1021/am503731h,1,D1 - 786,not available,,,,,,,,655.0
566,info,space_group_whitespace,space_group_whitespace: leading or trailing whitespace,trim_text,,,,,,ucw,Li6.6La2.75Y0.25Zr1.6Ta0.4O12,8,Li52.8La22.0Y2.0Zr12.8Ta3.2O96.0,0.000436,,,Ia-3d ,230,12.9506,12.9506,12.9506,90.0,90.0,90.0,garnet,10.1021/am503731h,1,D1 - 786,not available,,,,,,,,654.0
567,info,space_group_whitespace,space_group_whitespace: leading or trailing whitespace,trim_text,,,,,,ff9,Li6.6La2.5Y0.5Zr1.6Ta0.4O12,8,Li52.8La20.0Y4.0Zr12.8Ta3.2O96.0,0.000226,,,Ia-3d ,230,12.9479,12.9479,12.9479,90.0,90.0,90.0,garnet,10.1021/am503731h,1,D1 - 786,not available,,,,,,,329.0,656.0
569,info,cif_status_blank|reduced_composition_whitespace|space_group_whitespace,cif_status_blank: Cif ID is blank || reduced_composition_whitespace: leading or trailing whitespace || space_group_whitespace: leading or trailing whitespace,complete_cif_status_if_available|trim_text,,,,,,8ee, Li6.4Al0.19La3Zr2O11.8,8,Li51.2Al1.52La24.0Zr16.0O94.4,0.00031,,,Ia-3d ,230,12.972,12.972,12.972,90.0,90.0,90.0,garnet,10.1016/j.jpowsour.2012.02.100,1,,,,,,,,,,14.0
572,info,reduced_composition_whitespace|space_group_whitespace,reduced_composition_whitespace: leading or trailing whitespace || space_group_whitespace: leading or trailing whitespace,trim_text,,,,,,66a,Li6.75La3Zr1.75Nb0.25O12 ,8,Li54.0La24.0Zr14.0Nb2.0O96.0,0.0008,,,Ia-3d ,230,12.9519,12.9519,12.9519,90.0,90.0,90.0,garnet,10.1016/j.jpowsour.2010.11.089,1,D2 - 249; D1 - 769,not available,,,,,,,249.0,638.0
581,info,space_group_whitespace,space_group_whitespace: leading or trailing whitespace,trim_text,,,,,,bt0,Li6.5La2.95Ba0.05Zr1.45Ta0.55O12,8,Li52.0La23.6Ba0.4Zr11.6Ta4.4O96.0,0.000832,,,Ia-3d ,230,12.949,12.949,12.949,90.0,90.0,90.0,garnet,10.3389/fenrg.2016.00028,1,D1 - 45,not available,,,,,,,,45.0
582,info,space_group_whitespace,space_group_whitespace: leading or trailing whitespace,trim_text,,,,,,dti,Li6.5La2.9Ba0.1Zr1.4Ta0.6O12,8,Li52.0La23.2Ba0.8Zr11.2Ta4.8O96.0,0.000834,,,Ia-3d ,230,12.944,12.944,12.944,90.0,90.0,90.0,garnet,10.3389/fenrg.2016.00028,1,D1 - 45,not available,,,,,,,,45.0
583,info,space_group_whitespace,space_group_whitespace: leading or trailing whitespace,trim_text,,,,,,7gm,Li6.5La2.8Ba0.2Zr1.3Ta0.7O12,8,Li52.0La22.4Ba1.6Zr10.4Ta5.6O96.0,0.000631,,,Ia-3d ,230,12.952,12.952,12.952,90.0,90.0,90.0,garnet,10.3389/fenrg.2016.00028,1,D1 - 45,not available,,,,,,,,45.0
584,info,space_group_whitespace,space_group_whitespace: leading or trailing whitespace,trim_text,,,,,,c71,Li6.5La2.7Ba0.3Zr1.2Ta0.8O12,8,Li52.0La21.6Ba2.4Zr9.6Ta6.4O96.0,0.000492,,,Ia-3d ,230,12.964,12.964,12.964,90.0,90.0,90.0,garnet,10.3389/fenrg.2016.00028,1,D1 - 45,not available,,,,,,,,45.0
585,info,space_group_whitespace,space_group_whitespace: leading or trailing whitespace,trim_text,,,,,,rgo,Li7La3Ta2O13,8,Li56.0La24.0Ta16.0O104.0,2.65e-06,,,Ia-3d ,230,12.82,12.82,12.82,90.0,90.0,90.0,garnet,10.1016/j.ssi.2009.07.002,1,D1  - 228,not available,,,,,,,,187.0
