ID,True Composition,true_conductivity,true_conductivity_scale,true_conductivity_value,true_conductivity_qualifier,true_log10_conductivity,status,message,oxidation_guess,valence_contributions,valence_sum,charge_residual,category,x,y,z,pred_log10_conductivity,pred_conductivity_S_cm-1,n_missing_features_filled,log10_error_pred_minus_true,abs_log10_error,true_rank_desc,pred_rank_desc,rank_error
exp_001,Li5.37P0.97W0.03S4.4ClBr0.6,,,,,,ok,,"[{""element"": ""Li"", ""value"": 1.0}, {""element"": ""Cl"", ""value"": -1.0}, {""element"": ""Br"", ""value"": -1.0}, {""element"": ""P"", ""value"": 5.0}, {""element"": ""W"", ""value"": 6.0}, {""element"": ""S"", ""value"": -2.0}]","[{""element"": ""Li"", ""amount"": 5.37, ""oxidation_state"": 1.0, ""contribution"": 5.37}, {""element"": ""P"", ""amount"": 0.97, ""oxidation_state"": 5.0, ""contribution"": 4.85}, {""element"": ""W"", ""amount"": 0.03, ""oxidation_state"": 6.0, ""contribution"": 0.18}, {""element"": ""S"", ""amount"": 4.4, ""oxidation_state"": -2.0, ""contribution"": -8.8}, {""element"": ""Cl"", ""amount"": 1.0, ""oxidation_state"": -1.0, ""contribution"": -1.0}, {""element"": ""Br"", ""amount"": 0.6, ""oxidation_state"": -1.0, ""contribution"": -0.6}]",0.0,0.0,LiPSClBr_W,0.03,,,-3.1209192917172794,0.0007569735561665634,0,,,,,
exp_002,Li5.35P0.95W0.05S4.4ClBr0.6,,,,,,ok,,"[{""element"": ""Li"", ""value"": 1.0}, {""element"": ""Cl"", ""value"": -1.0}, {""element"": ""Br"", ""value"": -1.0}, {""element"": ""P"", ""value"": 5.0}, {""element"": ""W"", ""value"": 6.0}, {""element"": ""S"", ""value"": -2.0}]","[{""element"": ""Li"", ""amount"": 5.35, ""oxidation_state"": 1.0, ""contribution"": 5.35}, {""element"": ""P"", ""amount"": 0.95, ""oxidation_state"": 5.0, ""contribution"": 4.75}, {""element"": ""W"", ""amount"": 0.05, ""oxidation_state"": 6.0, ""contribution"": 0.30000000000000004}, {""element"": ""S"", ""amount"": 4.4, ""oxidation_state"": -2.0, ""contribution"": -8.8}, {""element"": ""Cl"", ""amount"": 1.0, ""oxidation_state"": -1.0, ""contribution"": -1.0}, {""element"": ""Br"", ""amount"": 0.6, ""oxidation_state"": -1.0, ""contribution"": -0.6}]",0.0,0.0,LiPSClBr_W,0.05,,,-3.147531348668681,0.0007119814052067787,0,,,,,
exp_003,Li5.33P0.93W0.07S4.4ClBr0.6,,,,,,ok,,"[{""element"": ""Li"", ""value"": 1.0}, {""element"": ""Cl"", ""value"": -1.0}, {""element"": ""Br"", ""value"": -1.0}, {""element"": ""P"", ""value"": 5.0}, {""element"": ""W"", ""value"": 6.0}, {""element"": ""S"", ""value"": -2.0}]","[{""element"": ""Li"", ""amount"": 5.33, ""oxidation_state"": 1.0, ""contribution"": 5.33}, {""element"": ""P"", ""amount"": 0.93, ""oxidation_state"": 5.0, ""contribution"": 4.65}, {""element"": ""W"", ""amount"": 0.07, ""oxidation_state"": 6.0, ""contribution"": 0.42000000000000004}, {""element"": ""S"", ""amount"": 4.4, ""oxidation_state"": -2.0, ""contribution"": -8.8}, {""element"": ""Cl"", ""amount"": 1.0, ""oxidation_state"": -1.0, ""contribution"": -1.0}, {""element"": ""Br"", ""amount"": 0.6, ""oxidation_state"": -1.0, ""contribution"": -0.6}]",0.0,0.0,LiPSClBr_W,0.07,,,-3.160685792364992,0.0006907393660015234,0,,,,,
exp_004,Li5.3P0.9W0.1S4.4ClBr0.6,,,,,,ok,,"[{""element"": ""Li"", ""value"": 1.0}, {""element"": ""Cl"", ""value"": -1.0}, {""element"": ""Br"", ""value"": -1.0}, {""element"": ""P"", ""value"": 5.0}, {""element"": ""W"", ""value"": 6.0}, {""element"": ""S"", ""value"": -2.0}]","[{""element"": ""Li"", ""amount"": 5.3, ""oxidation_state"": 1.0, ""contribution"": 5.3}, {""element"": ""P"", ""amount"": 0.9, ""oxidation_state"": 5.0, ""contribution"": 4.5}, {""element"": ""W"", ""amount"": 0.1, ""oxidation_state"": 6.0, ""contribution"": 0.6000000000000001}, {""element"": ""S"", ""amount"": 4.4, ""oxidation_state"": -2.0, ""contribution"": -8.8}, {""element"": ""Cl"", ""amount"": 1.0, ""oxidation_state"": -1.0, ""contribution"": -1.0}, {""element"": ""Br"", ""amount"": 0.6, ""oxidation_state"": -1.0, ""contribution"": -0.6}]",0.0,0.0,LiPSClBr_W,0.1,,,-3.135656367533107,0.0007317178210929789,0,,,,,
exp_005,Li5.2P0.8W0.2S4.4ClBr0.6,,,,,,ok,,"[{""element"": ""Li"", ""value"": 1.0}, {""element"": ""Cl"", ""value"": -1.0}, {""element"": ""Br"", ""value"": -1.0}, {""element"": ""P"", ""value"": 5.0}, {""element"": ""W"", ""value"": 6.0}, {""element"": ""S"", ""value"": -2.0}]","[{""element"": ""Li"", ""amount"": 5.2, ""oxidation_state"": 1.0, ""contribution"": 5.2}, {""element"": ""P"", ""amount"": 0.8, ""oxidation_state"": 5.0, ""contribution"": 4.0}, {""element"": ""W"", ""amount"": 0.2, ""oxidation_state"": 6.0, ""contribution"": 1.2000000000000002}, {""element"": ""S"", ""amount"": 4.4, ""oxidation_state"": -2.0, ""contribution"": -8.8}, {""element"": ""Cl"", ""amount"": 1.0, ""oxidation_state"": -1.0, ""contribution"": -1.0}, {""element"": ""Br"", ""amount"": 0.6, ""oxidation_state"": -1.0, ""contribution"": -0.6}]",0.0,0.0,LiPSClBr_W,0.2,,,-3.3880083615751144,0.00040925278021289145,0,,,,,
exp_006,Li5.15P0.75W0.25S4.4ClBr0.6,,,,,,ok,,"[{""element"": ""Li"", ""value"": 1.0}, {""element"": ""Cl"", ""value"": -1.0}, {""element"": ""Br"", ""value"": -1.0}, {""element"": ""P"", ""value"": 5.0}, {""element"": ""W"", ""value"": 6.0}, {""element"": ""S"", ""value"": -2.0}]","[{""element"": ""Li"", ""amount"": 5.15, ""oxidation_state"": 1.0, ""contribution"": 5.15}, {""element"": ""P"", ""amount"": 0.75, ""oxidation_state"": 5.0, ""contribution"": 3.75}, {""element"": ""W"", ""amount"": 0.25, ""oxidation_state"": 6.0, ""contribution"": 1.5}, {""element"": ""S"", ""amount"": 4.4, ""oxidation_state"": -2.0, ""contribution"": -8.8}, {""element"": ""Cl"", ""amount"": 1.0, ""oxidation_state"": -1.0, ""contribution"": -1.0}, {""element"": ""Br"", ""amount"": 0.6, ""oxidation_state"": -1.0, ""contribution"": -0.6}]",0.0,0.0,LiPSClBr_W,0.25,,,-3.193700932514394,0.0006401755267355346,0,,,,,
exp_007,Li5.12P0.72W0.28S4.4ClBr0.6,,,,,,ok,,"[{""element"": ""Li"", ""value"": 1.0}, {""element"": ""Cl"", ""value"": -1.0}, {""element"": ""Br"", ""value"": -1.0}, {""element"": ""P"", ""value"": 5.0}, {""element"": ""W"", ""value"": 6.0}, {""element"": ""S"", ""value"": -2.0}]","[{""element"": ""Li"", ""amount"": 5.12, ""oxidation_state"": 1.0, ""contribution"": 5.12}, {""element"": ""P"", ""amount"": 0.72, ""oxidation_state"": 5.0, ""contribution"": 3.5999999999999996}, {""element"": ""W"", ""amount"": 0.28, ""oxidation_state"": 6.0, ""contribution"": 1.6800000000000002}, {""element"": ""S"", ""amount"": 4.4, ""oxidation_state"": -2.0, ""contribution"": -8.8}, {""element"": ""Cl"", ""amount"": 1.0, ""oxidation_state"": -1.0, ""contribution"": -1.0}, {""element"": ""Br"", ""amount"": 0.6, ""oxidation_state"": -1.0, ""contribution"": -0.6}]",0.0,0.0,LiPSClBr_W,0.28,,,-3.09471613392897,0.0008040514992581376,0,,,,,
exp_008,Li5.1P0.7W0.3S4.4ClBr0.6,,,,,,ok,,"[{""element"": ""Li"", ""value"": 1.0}, {""element"": ""Cl"", ""value"": -1.0}, {""element"": ""Br"", ""value"": -1.0}, {""element"": ""P"", ""value"": 5.0}, {""element"": ""W"", ""value"": 6.0}, {""element"": ""S"", ""value"": -2.0}]","[{""element"": ""Li"", ""amount"": 5.1, ""oxidation_state"": 1.0, ""contribution"": 5.1}, {""element"": ""P"", ""amount"": 0.7, ""oxidation_state"": 5.0, ""contribution"": 3.5}, {""element"": ""W"", ""amount"": 0.3, ""oxidation_state"": 6.0, ""contribution"": 1.7999999999999998}, {""element"": ""S"", ""amount"": 4.4, ""oxidation_state"": -2.0, ""contribution"": -8.8}, {""element"": ""Cl"", ""amount"": 1.0, ""oxidation_state"": -1.0, ""contribution"": -1.0}, {""element"": ""Br"", ""amount"": 0.6, ""oxidation_state"": -1.0, ""contribution"": -0.6}]",0.0,0.0,LiPSClBr_W,0.3,,,-3.0582785179018805,0.0008744228182528995,0,,,,,
exp_009,Li5.08P0.68W0.32S4.4ClBr0.6,,,,,,ok,,"[{""element"": ""Li"", ""value"": 1.0}, {""element"": ""Cl"", ""value"": -1.0}, {""element"": ""Br"", ""value"": -1.0}, {""element"": ""P"", ""value"": 5.0}, {""element"": ""W"", ""value"": 6.0}, {""element"": ""S"", ""value"": -2.0}]","[{""element"": ""Li"", ""amount"": 5.08, ""oxidation_state"": 1.0, ""contribution"": 5.08}, {""element"": ""P"", ""amount"": 0.68, ""oxidation_state"": 5.0, ""contribution"": 3.4000000000000004}, {""element"": ""W"", ""amount"": 0.32, ""oxidation_state"": 6.0, ""contribution"": 1.92}, {""element"": ""S"", ""amount"": 4.4, ""oxidation_state"": -2.0, ""contribution"": -8.8}, {""element"": ""Cl"", ""amount"": 1.0, ""oxidation_state"": -1.0, ""contribution"": -1.0}, {""element"": ""Br"", ""amount"": 0.6, ""oxidation_state"": -1.0, ""contribution"": -0.6}]",0.0,0.0,LiPSClBr_W,0.32,,,-3.0590748570535453,0.0008728209118760849,0,,,,,
exp_010,Li5.05P0.65W0.35S4.4ClBr0.6,,,,,,ok,,"[{""element"": ""Li"", ""value"": 1.0}, {""element"": ""Cl"", ""value"": -1.0}, {""element"": ""Br"", ""value"": -1.0}, {""element"": ""P"", ""value"": 5.0}, {""element"": ""W"", ""value"": 6.0}, {""element"": ""S"", ""value"": -2.0}]","[{""element"": ""Li"", ""amount"": 5.05, ""oxidation_state"": 1.0, ""contribution"": 5.05}, {""element"": ""P"", ""amount"": 0.65, ""oxidation_state"": 5.0, ""contribution"": 3.25}, {""element"": ""W"", ""amount"": 0.35, ""oxidation_state"": 6.0, ""contribution"": 2.0999999999999996}, {""element"": ""S"", ""amount"": 4.4, ""oxidation_state"": -2.0, ""contribution"": -8.8}, {""element"": ""Cl"", ""amount"": 1.0, ""oxidation_state"": -1.0, ""contribution"": -1.0}, {""element"": ""Br"", ""amount"": 0.6, ""oxidation_state"": -1.0, ""contribution"": -0.6}]",0.0,0.0,LiPSClBr_W,0.35,,,-3.1014056131090606,0.0007917615125028346,0,,,,,
exp_011,Li5P0.6W0.4S4.4ClBr0.6,,,,,,ok,,"[{""element"": ""Li"", ""value"": 1.0}, {""element"": ""Cl"", ""value"": -1.0}, {""element"": ""Br"", ""value"": -1.0}, {""element"": ""P"", ""value"": 5.0}, {""element"": ""W"", ""value"": 6.0}, {""element"": ""S"", ""value"": -2.0}]","[{""element"": ""Li"", ""amount"": 5.0, ""oxidation_state"": 1.0, ""contribution"": 5.0}, {""element"": ""P"", ""amount"": 0.6, ""oxidation_state"": 5.0, ""contribution"": 3.0}, {""element"": ""W"", ""amount"": 0.4, ""oxidation_state"": 6.0, ""contribution"": 2.4000000000000004}, {""element"": ""S"", ""amount"": 4.4, ""oxidation_state"": -2.0, ""contribution"": -8.8}, {""element"": ""Cl"", ""amount"": 1.0, ""oxidation_state"": -1.0, ""contribution"": -1.0}, {""element"": ""Br"", ""amount"": 0.6, ""oxidation_state"": -1.0, ""contribution"": -0.6}]",0.0,0.0,LiPSClBr_W,0.4,,,-3.136676110315877,0.0007300017305823565,0,,,,,
exp_012,Li4.95P0.55W0.45S4.4ClBr0.6,,,,,,ok,,"[{""element"": ""Li"", ""value"": 1.0}, {""element"": ""Cl"", ""value"": -1.0}, {""element"": ""Br"", ""value"": -1.0}, {""element"": ""P"", ""value"": 5.0}, {""element"": ""W"", ""value"": 6.0}, {""element"": ""S"", ""value"": -2.0}]","[{""element"": ""Li"", ""amount"": 4.95, ""oxidation_state"": 1.0, ""contribution"": 4.95}, {""element"": ""P"", ""amount"": 0.55, ""oxidation_state"": 5.0, ""contribution"": 2.75}, {""element"": ""W"", ""amount"": 0.45, ""oxidation_state"": 6.0, ""contribution"": 2.7}, {""element"": ""S"", ""amount"": 4.4, ""oxidation_state"": -2.0, ""contribution"": -8.8}, {""element"": ""Cl"", ""amount"": 1.0, ""oxidation_state"": -1.0, ""contribution"": -1.0}, {""element"": ""Br"", ""amount"": 0.6, ""oxidation_state"": -1.0, ""contribution"": -0.6}]",0.0,0.0,LiPSClBr_W,0.45,,,-3.201414647087568,0.0006289054422337139,0,,,,,
exp_013,Li4.9P0.5W0.5S4.4ClBr0.6,,,,,,ok,,"[{""element"": ""Li"", ""value"": 1.0}, {""element"": ""Cl"", ""value"": -1.0}, {""element"": ""Br"", ""value"": -1.0}, {""element"": ""P"", ""value"": 5.0}, {""element"": ""W"", ""value"": 6.0}, {""element"": ""S"", ""value"": -2.0}]","[{""element"": ""Li"", ""amount"": 4.9, ""oxidation_state"": 1.0, ""contribution"": 4.9}, {""element"": ""P"", ""amount"": 0.5, ""oxidation_state"": 5.0, ""contribution"": 2.5}, {""element"": ""W"", ""amount"": 0.5, ""oxidation_state"": 6.0, ""contribution"": 3.0}, {""element"": ""S"", ""amount"": 4.4, ""oxidation_state"": -2.0, ""contribution"": -8.8}, {""element"": ""Cl"", ""amount"": 1.0, ""oxidation_state"": -1.0, ""contribution"": -1.0}, {""element"": ""Br"", ""amount"": 0.6, ""oxidation_state"": -1.0, ""contribution"": -0.6}]",0.0,0.0,LiPSClBr_W,0.5,,,-3.334393852900107,0.00046302681959766535,0,,,,,
exp_014,Li4.8P0.4W0.6S4.4ClBr0.6,,,,,,ok,,"[{""element"": ""Li"", ""value"": 1.0}, {""element"": ""Cl"", ""value"": -1.0}, {""element"": ""Br"", ""value"": -1.0}, {""element"": ""P"", ""value"": 5.0}, {""element"": ""W"", ""value"": 6.0}, {""element"": ""S"", ""value"": -2.0}]","[{""element"": ""Li"", ""amount"": 4.8, ""oxidation_state"": 1.0, ""contribution"": 4.8}, {""element"": ""P"", ""amount"": 0.4, ""oxidation_state"": 5.0, ""contribution"": 2.0}, {""element"": ""W"", ""amount"": 0.6, ""oxidation_state"": 6.0, ""contribution"": 3.5999999999999996}, {""element"": ""S"", ""amount"": 4.4, ""oxidation_state"": -2.0, ""contribution"": -8.8}, {""element"": ""Cl"", ""amount"": 1.0, ""oxidation_state"": -1.0, ""contribution"": -1.0}, {""element"": ""Br"", ""amount"": 0.6, ""oxidation_state"": -1.0, ""contribution"": -0.6}]",0.0,0.0,LiPSClBr_W,0.6,,,-4.25506649182355,5.558191531304977e-05,0,,,,,
exp_015,Li5.46P0.97Y0.03S4.3O0.1ClBr0.6,,,,,,ok,,"[{""element"": ""Li"", ""value"": 1.0}, {""element"": ""Y"", ""value"": 3.0}, {""element"": ""O"", ""value"": -2.0}, {""element"": ""Cl"", ""value"": -1.0}, {""element"": ""Br"", ""value"": -1.0}, {""element"": ""P"", ""value"": 5.0}, {""element"": ""S"", ""value"": -2.0}]","[{""element"": ""Li"", ""amount"": 5.46, ""oxidation_state"": 1.0, ""contribution"": 5.46}, {""element"": ""P"", ""amount"": 0.97, ""oxidation_state"": 5.0, ""contribution"": 4.85}, {""element"": ""Y"", ""amount"": 0.03, ""oxidation_state"": 3.0, ""contribution"": 0.09}, {""element"": ""S"", ""amount"": 4.3, ""oxidation_state"": -2.0, ""contribution"": -8.6}, {""element"": ""O"", ""amount"": 0.1, ""oxidation_state"": -2.0, ""contribution"": -0.2}, {""element"": ""Cl"", ""amount"": 1.0, ""oxidation_state"": -1.0, ""contribution"": -1.0}, {""element"": ""Br"", ""amount"": 0.6, ""oxidation_state"": -1.0, ""contribution"": -0.6}]",0.0,0.0,LiPSClBr_YO,0.03,0.1,,-3.4573911694900215,0.00034882598601421806,0,,,,,
exp_016,Li5.46P0.97Y0.03S4.2O0.2ClBr0.6,,,,,,ok,,"[{""element"": ""Li"", ""value"": 1.0}, {""element"": ""Y"", ""value"": 3.0}, {""element"": ""O"", ""value"": -2.0}, {""element"": ""Cl"", ""value"": -1.0}, {""element"": ""Br"", ""value"": -1.0}, {""element"": ""P"", ""value"": 5.0}, {""element"": ""S"", ""value"": -2.0}]","[{""element"": ""Li"", ""amount"": 5.46, ""oxidation_state"": 1.0, ""contribution"": 5.46}, {""element"": ""P"", ""amount"": 0.97, ""oxidation_state"": 5.0, ""contribution"": 4.85}, {""element"": ""Y"", ""amount"": 0.03, ""oxidation_state"": 3.0, ""contribution"": 0.09}, {""element"": ""S"", ""amount"": 4.2, ""oxidation_state"": -2.0, ""contribution"": -8.4}, {""element"": ""O"", ""amount"": 0.2, ""oxidation_state"": -2.0, ""contribution"": -0.4}, {""element"": ""Cl"", ""amount"": 1.0, ""oxidation_state"": -1.0, ""contribution"": -1.0}, {""element"": ""Br"", ""amount"": 0.6, ""oxidation_state"": -1.0, ""contribution"": -0.6}]",0.0,0.0,LiPSClBr_YO,0.03,0.2,,-3.5626177164921455,0.00027376774800742175,0,,,,,
exp_017,Li5.46P0.97Y0.03S4O0.4ClBr0.6,,,,,,ok,,"[{""element"": ""Li"", ""value"": 1.0}, {""element"": ""Y"", ""value"": 3.0}, {""element"": ""O"", ""value"": -2.0}, {""element"": ""Cl"", ""value"": -1.0}, {""element"": ""Br"", ""value"": -1.0}, {""element"": ""P"", ""value"": 5.0}, {""element"": ""S"", ""value"": -2.0}]","[{""element"": ""Li"", ""amount"": 5.46, ""oxidation_state"": 1.0, ""contribution"": 5.46}, {""element"": ""P"", ""amount"": 0.97, ""oxidation_state"": 5.0, ""contribution"": 4.85}, {""element"": ""Y"", ""amount"": 0.03, ""oxidation_state"": 3.0, ""contribution"": 0.09}, {""element"": ""S"", ""amount"": 4.0, ""oxidation_state"": -2.0, ""contribution"": -8.0}, {""element"": ""O"", ""amount"": 0.4, ""oxidation_state"": -2.0, ""contribution"": -0.8}, {""element"": ""Cl"", ""amount"": 1.0, ""oxidation_state"": -1.0, ""contribution"": -1.0}, {""element"": ""Br"", ""amount"": 0.6, ""oxidation_state"": -1.0, ""contribution"": -0.6}]",0.0,0.0,LiPSClBr_YO,0.03,0.4,,-3.560463309445692,0.0002751292032916443,0,,,,,
exp_018,Li5.46P0.97Y0.03S3.6O0.8ClBr0.6,,,,,,ok,,"[{""element"": ""Li"", ""value"": 1.0}, {""element"": ""Y"", ""value"": 3.0}, {""element"": ""O"", ""value"": -2.0}, {""element"": ""Cl"", ""value"": -1.0}, {""element"": ""Br"", ""value"": -1.0}, {""element"": ""P"", ""value"": 5.0}, {""element"": ""S"", ""value"": -2.0}]","[{""element"": ""Li"", ""amount"": 5.46, ""oxidation_state"": 1.0, ""contribution"": 5.46}, {""element"": ""P"", ""amount"": 0.97, ""oxidation_state"": 5.0, ""contribution"": 4.85}, {""element"": ""Y"", ""amount"": 0.03, ""oxidation_state"": 3.0, ""contribution"": 0.09}, {""element"": ""S"", ""amount"": 3.6, ""oxidation_state"": -2.0, ""contribution"": -7.2}, {""element"": ""O"", ""amount"": 0.8, ""oxidation_state"": -2.0, ""contribution"": -1.6}, {""element"": ""Cl"", ""amount"": 1.0, ""oxidation_state"": -1.0, ""contribution"": -1.0}, {""element"": ""Br"", ""amount"": 0.6, ""oxidation_state"": -1.0, ""contribution"": -0.6}]",0.0,0.0,LiPSClBr_YO,0.03,0.8,,-3.782190969610081,0.00016512355510327803,0,,,,,
exp_019,Li5.5P0.95Y0.05S4.3O0.1ClBr0.6,,,,,,ok,,"[{""element"": ""Li"", ""value"": 1.0}, {""element"": ""Y"", ""value"": 3.0}, {""element"": ""O"", ""value"": -2.0}, {""element"": ""Cl"", ""value"": -1.0}, {""element"": ""Br"", ""value"": -1.0}, {""element"": ""P"", ""value"": 5.0}, {""element"": ""S"", ""value"": -2.0}]","[{""element"": ""Li"", ""amount"": 5.5, ""oxidation_state"": 1.0, ""contribution"": 5.5}, {""element"": ""P"", ""amount"": 0.95, ""oxidation_state"": 5.0, ""contribution"": 4.75}, {""element"": ""Y"", ""amount"": 0.05, ""oxidation_state"": 3.0, ""contribution"": 0.15000000000000002}, {""element"": ""S"", ""amount"": 4.3, ""oxidation_state"": -2.0, ""contribution"": -8.6}, {""element"": ""O"", ""amount"": 0.1, ""oxidation_state"": -2.0, ""contribution"": -0.2}, {""element"": ""Cl"", ""amount"": 1.0, ""oxidation_state"": -1.0, ""contribution"": -1.0}, {""element"": ""Br"", ""amount"": 0.6, ""oxidation_state"": -1.0, ""contribution"": -0.6}]",0.0,0.0,LiPSClBr_YO,0.05,0.1,,-3.4931078974663046,0.00032128622260335675,0,,,,,
exp_020,Li5.5P0.95Y0.05S4.2O0.2ClBr0.6,,,,,,ok,,"[{""element"": ""Li"", ""value"": 1.0}, {""element"": ""Y"", ""value"": 3.0}, {""element"": ""O"", ""value"": -2.0}, {""element"": ""Cl"", ""value"": -1.0}, {""element"": ""Br"", ""value"": -1.0}, {""element"": ""P"", ""value"": 5.0}, {""element"": ""S"", ""value"": -2.0}]","[{""element"": ""Li"", ""amount"": 5.5, ""oxidation_state"": 1.0, ""contribution"": 5.5}, {""element"": ""P"", ""amount"": 0.95, ""oxidation_state"": 5.0, ""contribution"": 4.75}, {""element"": ""Y"", ""amount"": 0.05, ""oxidation_state"": 3.0, ""contribution"": 0.15000000000000002}, {""element"": ""S"", ""amount"": 4.2, ""oxidation_state"": -2.0, ""contribution"": -8.4}, {""element"": ""O"", ""amount"": 0.2, ""oxidation_state"": -2.0, ""contribution"": -0.4}, {""element"": ""Cl"", ""amount"": 1.0, ""oxidation_state"": -1.0, ""contribution"": -1.0}, {""element"": ""Br"", ""amount"": 0.6, ""oxidation_state"": -1.0, ""contribution"": -0.6}]",0.0,0.0,LiPSClBr_YO,0.05,0.2,,-3.6228127267859302,0.00023833469768402767,0,,,,,
exp_021,Li5.5P0.95Y0.05S4O0.4ClBr0.6,,,,,,ok,,"[{""element"": ""Li"", ""value"": 1.0}, {""element"": ""Y"", ""value"": 3.0}, {""element"": ""O"", ""value"": -2.0}, {""element"": ""Cl"", ""value"": -1.0}, {""element"": ""Br"", ""value"": -1.0}, {""element"": ""P"", ""value"": 5.0}, {""element"": ""S"", ""value"": -2.0}]","[{""element"": ""Li"", ""amount"": 5.5, ""oxidation_state"": 1.0, ""contribution"": 5.5}, {""element"": ""P"", ""amount"": 0.95, ""oxidation_state"": 5.0, ""contribution"": 4.75}, {""element"": ""Y"", ""amount"": 0.05, ""oxidation_state"": 3.0, ""contribution"": 0.15000000000000002}, {""element"": ""S"", ""amount"": 4.0, ""oxidation_state"": -2.0, ""contribution"": -8.0}, {""element"": ""O"", ""amount"": 0.4, ""oxidation_state"": -2.0, ""contribution"": -0.8}, {""element"": ""Cl"", ""amount"": 1.0, ""oxidation_state"": -1.0, ""contribution"": -1.0}, {""element"": ""Br"", ""amount"": 0.6, ""oxidation_state"": -1.0, ""contribution"": -0.6}]",0.0,0.0,LiPSClBr_YO,0.05,0.4,,-3.590323699288078,0.00025684806645255814,0,,,,,
exp_022,Li5.5P0.95Y0.05S3.6O0.8ClBr0.6,,,,,,ok,,"[{""element"": ""Li"", ""value"": 1.0}, {""element"": ""Y"", ""value"": 3.0}, {""element"": ""O"", ""value"": -2.0}, {""element"": ""Cl"", ""value"": -1.0}, {""element"": ""Br"", ""value"": -1.0}, {""element"": ""P"", ""value"": 5.0}, {""element"": ""S"", ""value"": -2.0}]","[{""element"": ""Li"", ""amount"": 5.5, ""oxidation_state"": 1.0, ""contribution"": 5.5}, {""element"": ""P"", ""amount"": 0.95, ""oxidation_state"": 5.0, ""contribution"": 4.75}, {""element"": ""Y"", ""amount"": 0.05, ""oxidation_state"": 3.0, ""contribution"": 0.15000000000000002}, {""element"": ""S"", ""amount"": 3.6, ""oxidation_state"": -2.0, ""contribution"": -7.2}, {""element"": ""O"", ""amount"": 0.8, ""oxidation_state"": -2.0, ""contribution"": -1.6}, {""element"": ""Cl"", ""amount"": 1.0, ""oxidation_state"": -1.0, ""contribution"": -1.0}, {""element"": ""Br"", ""amount"": 0.6, ""oxidation_state"": -1.0, ""contribution"": -0.6}]",0.0,0.0,LiPSClBr_YO,0.05,0.8,,-3.7364654316421286,0.0001834571186908692,0,,,,,
exp_023,Li5.54P0.93Y0.07S4.3O0.1ClBr0.6,,,,,,ok,,"[{""element"": ""Li"", ""value"": 1.0}, {""element"": ""Y"", ""value"": 3.0}, {""element"": ""O"", ""value"": -2.0}, {""element"": ""Cl"", ""value"": -1.0}, {""element"": ""Br"", ""value"": -1.0}, {""element"": ""P"", ""value"": 5.0}, {""element"": ""S"", ""value"": -2.0}]","[{""element"": ""Li"", ""amount"": 5.54, ""oxidation_state"": 1.0, ""contribution"": 5.54}, {""element"": ""P"", ""amount"": 0.93, ""oxidation_state"": 5.0, ""contribution"": 4.65}, {""element"": ""Y"", ""amount"": 0.07, ""oxidation_state"": 3.0, ""contribution"": 0.21000000000000002}, {""element"": ""S"", ""amount"": 4.3, ""oxidation_state"": -2.0, ""contribution"": -8.6}, {""element"": ""O"", ""amount"": 0.1, ""oxidation_state"": -2.0, ""contribution"": -0.2}, {""element"": ""Cl"", ""amount"": 1.0, ""oxidation_state"": -1.0, ""contribution"": -1.0}, {""element"": ""Br"", ""amount"": 0.6, ""oxidation_state"": -1.0, ""contribution"": -0.6}]",0.0,0.0,LiPSClBr_YO,0.07,0.1,,-3.6525715080618038,0.0002225504577734739,0,,,,,
exp_024,Li5.54P0.93Y0.07S4.2O0.2ClBr0.6,,,,,,ok,,"[{""element"": ""Li"", ""value"": 1.0}, {""element"": ""Y"", ""value"": 3.0}, {""element"": ""O"", ""value"": -2.0}, {""element"": ""Cl"", ""value"": -1.0}, {""element"": ""Br"", ""value"": -1.0}, {""element"": ""P"", ""value"": 5.0}, {""element"": ""S"", ""value"": -2.0}]","[{""element"": ""Li"", ""amount"": 5.54, ""oxidation_state"": 1.0, ""contribution"": 5.54}, {""element"": ""P"", ""amount"": 0.93, ""oxidation_state"": 5.0, ""contribution"": 4.65}, {""element"": ""Y"", ""amount"": 0.07, ""oxidation_state"": 3.0, ""contribution"": 0.21000000000000002}, {""element"": ""S"", ""amount"": 4.2, ""oxidation_state"": -2.0, ""contribution"": -8.4}, {""element"": ""O"", ""amount"": 0.2, ""oxidation_state"": -2.0, ""contribution"": -0.4}, {""element"": ""Cl"", ""amount"": 1.0, ""oxidation_state"": -1.0, ""contribution"": -1.0}, {""element"": ""Br"", ""amount"": 0.6, ""oxidation_state"": -1.0, ""contribution"": -0.6}]",0.0,0.0,LiPSClBr_YO,0.07,0.2,,-3.5890541985500084,0.00025759996604964486,0,,,,,
exp_025,Li5.54P0.93Y0.07S4O0.4ClBr0.6,,,,,,ok,,"[{""element"": ""Li"", ""value"": 1.0}, {""element"": ""Y"", ""value"": 3.0}, {""element"": ""O"", ""value"": -2.0}, {""element"": ""Cl"", ""value"": -1.0}, {""element"": ""Br"", ""value"": -1.0}, {""element"": ""P"", ""value"": 5.0}, {""element"": ""S"", ""value"": -2.0}]","[{""element"": ""Li"", ""amount"": 5.54, ""oxidation_state"": 1.0, ""contribution"": 5.54}, {""element"": ""P"", ""amount"": 0.93, ""oxidation_state"": 5.0, ""contribution"": 4.65}, {""element"": ""Y"", ""amount"": 0.07, ""oxidation_state"": 3.0, ""contribution"": 0.21000000000000002}, {""element"": ""S"", ""amount"": 4.0, ""oxidation_state"": -2.0, ""contribution"": -8.0}, {""element"": ""O"", ""amount"": 0.4, ""oxidation_state"": -2.0, ""contribution"": -0.8}, {""element"": ""Cl"", ""amount"": 1.0, ""oxidation_state"": -1.0, ""contribution"": -1.0}, {""element"": ""Br"", ""amount"": 0.6, ""oxidation_state"": -1.0, ""contribution"": -0.6}]",0.0,0.0,LiPSClBr_YO,0.07,0.4,,-3.5015860421322174,0.00031507500938641667,0,,,,,
exp_026,Li5.54P0.93Y0.07S3.6O0.8ClBr0.6,,,,,,ok,,"[{""element"": ""Li"", ""value"": 1.0}, {""element"": ""Y"", ""value"": 3.0}, {""element"": ""O"", ""value"": -2.0}, {""element"": ""Cl"", ""value"": -1.0}, {""element"": ""Br"", ""value"": -1.0}, {""element"": ""P"", ""value"": 5.0}, {""element"": ""S"", ""value"": -2.0}]","[{""element"": ""Li"", ""amount"": 5.54, ""oxidation_state"": 1.0, ""contribution"": 5.54}, {""element"": ""P"", ""amount"": 0.93, ""oxidation_state"": 5.0, ""contribution"": 4.65}, {""element"": ""Y"", ""amount"": 0.07, ""oxidation_state"": 3.0, ""contribution"": 0.21000000000000002}, {""element"": ""S"", ""amount"": 3.6, ""oxidation_state"": -2.0, ""contribution"": -7.2}, {""element"": ""O"", ""amount"": 0.8, ""oxidation_state"": -2.0, ""contribution"": -1.6}, {""element"": ""Cl"", ""amount"": 1.0, ""oxidation_state"": -1.0, ""contribution"": -1.0}, {""element"": ""Br"", ""amount"": 0.6, ""oxidation_state"": -1.0, ""contribution"": -0.6}]",0.0,0.0,LiPSClBr_YO,0.07,0.8,,-3.7333741163126706,0.00018476762808685923,0,,,,,
exp_027,Li5.6P0.9Y0.1S4.3O0.1ClBr0.6,,,,,,ok,,"[{""element"": ""Li"", ""value"": 1.0}, {""element"": ""Y"", ""value"": 3.0}, {""element"": ""O"", ""value"": -2.0}, {""element"": ""Cl"", ""value"": -1.0}, {""element"": ""Br"", ""value"": -1.0}, {""element"": ""P"", ""value"": 5.0}, {""element"": ""S"", ""value"": -2.0}]","[{""element"": ""Li"", ""amount"": 5.6, ""oxidation_state"": 1.0, ""contribution"": 5.6}, {""element"": ""P"", ""amount"": 0.9, ""oxidation_state"": 5.0, ""contribution"": 4.5}, {""element"": ""Y"", ""amount"": 0.1, ""oxidation_state"": 3.0, ""contribution"": 0.30000000000000004}, {""element"": ""S"", ""amount"": 4.3, ""oxidation_state"": -2.0, ""contribution"": -8.6}, {""element"": ""O"", ""amount"": 0.1, ""oxidation_state"": -2.0, ""contribution"": -0.2}, {""element"": ""Cl"", ""amount"": 1.0, ""oxidation_state"": -1.0, ""contribution"": -1.0}, {""element"": ""Br"", ""amount"": 0.6, ""oxidation_state"": -1.0, ""contribution"": -0.6}]",0.0,0.0,LiPSClBr_YO,0.1,0.1,,-3.4411741844209223,0.00036209774113640206,0,,,,,
exp_028,Li5.6P0.9Y0.1S4.2O0.2ClBr0.6,,,,,,ok,,"[{""element"": ""Li"", ""value"": 1.0}, {""element"": ""Y"", ""value"": 3.0}, {""element"": ""O"", ""value"": -2.0}, {""element"": ""Cl"", ""value"": -1.0}, {""element"": ""Br"", ""value"": -1.0}, {""element"": ""P"", ""value"": 5.0}, {""element"": ""S"", ""value"": -2.0}]","[{""element"": ""Li"", ""amount"": 5.6, ""oxidation_state"": 1.0, ""contribution"": 5.6}, {""element"": ""P"", ""amount"": 0.9, ""oxidation_state"": 5.0, ""contribution"": 4.5}, {""element"": ""Y"", ""amount"": 0.1, ""oxidation_state"": 3.0, ""contribution"": 0.30000000000000004}, {""element"": ""S"", ""amount"": 4.2, ""oxidation_state"": -2.0, ""contribution"": -8.4}, {""element"": ""O"", ""amount"": 0.2, ""oxidation_state"": -2.0, ""contribution"": -0.4}, {""element"": ""Cl"", ""amount"": 1.0, ""oxidation_state"": -1.0, ""contribution"": -1.0}, {""element"": ""Br"", ""amount"": 0.6, ""oxidation_state"": -1.0, ""contribution"": -0.6}]",0.0,0.0,LiPSClBr_YO,0.1,0.2,,-3.41818062893498,0.00038178544809476246,0,,,,,
exp_029,Li5.6P0.9Y0.1S4O0.4ClBr0.6,,,,,,ok,,"[{""element"": ""Li"", ""value"": 1.0}, {""element"": ""Y"", ""value"": 3.0}, {""element"": ""O"", ""value"": -2.0}, {""element"": ""Cl"", ""value"": -1.0}, {""element"": ""Br"", ""value"": -1.0}, {""element"": ""P"", ""value"": 5.0}, {""element"": ""S"", ""value"": -2.0}]","[{""element"": ""Li"", ""amount"": 5.6, ""oxidation_state"": 1.0, ""contribution"": 5.6}, {""element"": ""P"", ""amount"": 0.9, ""oxidation_state"": 5.0, ""contribution"": 4.5}, {""element"": ""Y"", ""amount"": 0.1, ""oxidation_state"": 3.0, ""contribution"": 0.30000000000000004}, {""element"": ""S"", ""amount"": 4.0, ""oxidation_state"": -2.0, ""contribution"": -8.0}, {""element"": ""O"", ""amount"": 0.4, ""oxidation_state"": -2.0, ""contribution"": -0.8}, {""element"": ""Cl"", ""amount"": 1.0, ""oxidation_state"": -1.0, ""contribution"": -1.0}, {""element"": ""Br"", ""amount"": 0.6, ""oxidation_state"": -1.0, ""contribution"": -0.6}]",0.0,0.0,LiPSClBr_YO,0.1,0.4,,-3.479183193429169,0.0003317544878669027,0,,,,,
exp_030,Li5.6P0.9Y0.1S3.6O0.8ClBr0.6,,,,,,ok,,"[{""element"": ""Li"", ""value"": 1.0}, {""element"": ""Y"", ""value"": 3.0}, {""element"": ""O"", ""value"": -2.0}, {""element"": ""Cl"", ""value"": -1.0}, {""element"": ""Br"", ""value"": -1.0}, {""element"": ""P"", ""value"": 5.0}, {""element"": ""S"", ""value"": -2.0}]","[{""element"": ""Li"", ""amount"": 5.6, ""oxidation_state"": 1.0, ""contribution"": 5.6}, {""element"": ""P"", ""amount"": 0.9, ""oxidation_state"": 5.0, ""contribution"": 4.5}, {""element"": ""Y"", ""amount"": 0.1, ""oxidation_state"": 3.0, ""contribution"": 0.30000000000000004}, {""element"": ""S"", ""amount"": 3.6, ""oxidation_state"": -2.0, ""contribution"": -7.2}, {""element"": ""O"", ""amount"": 0.8, ""oxidation_state"": -2.0, ""contribution"": -1.6}, {""element"": ""Cl"", ""amount"": 1.0, ""oxidation_state"": -1.0, ""contribution"": -1.0}, {""element"": ""Br"", ""amount"": 0.6, ""oxidation_state"": -1.0, ""contribution"": -0.6}]",0.0,0.0,LiPSClBr_YO,0.1,0.8,,-3.721540946737854,0.00018987118167546112,0,,,,,
exp_031,Li5.8P0.8Y0.2S4.3O0.1ClBr0.6,,,,,,ok,,"[{""element"": ""Li"", ""value"": 1.0}, {""element"": ""Y"", ""value"": 3.0}, {""element"": ""O"", ""value"": -2.0}, {""element"": ""Cl"", ""value"": -1.0}, {""element"": ""Br"", ""value"": -1.0}, {""element"": ""P"", ""value"": 5.0}, {""element"": ""S"", ""value"": -2.0}]","[{""element"": ""Li"", ""amount"": 5.8, ""oxidation_state"": 1.0, ""contribution"": 5.8}, {""element"": ""P"", ""amount"": 0.8, ""oxidation_state"": 5.0, ""contribution"": 4.0}, {""element"": ""Y"", ""amount"": 0.2, ""oxidation_state"": 3.0, ""contribution"": 0.6000000000000001}, {""element"": ""S"", ""amount"": 4.3, ""oxidation_state"": -2.0, ""contribution"": -8.6}, {""element"": ""O"", ""amount"": 0.1, ""oxidation_state"": -2.0, ""contribution"": -0.2}, {""element"": ""Cl"", ""amount"": 1.0, ""oxidation_state"": -1.0, ""contribution"": -1.0}, {""element"": ""Br"", ""amount"": 0.6, ""oxidation_state"": -1.0, ""contribution"": -0.6}]",0.0,0.0,LiPSClBr_YO,0.2,0.1,,-3.6428811136056227,0.00022757203149352607,0,,,,,
exp_032,Li5.8P0.8Y0.2S4.2O0.2ClBr0.6,,,,,,ok,,"[{""element"": ""Li"", ""value"": 1.0}, {""element"": ""Y"", ""value"": 3.0}, {""element"": ""O"", ""value"": -2.0}, {""element"": ""Cl"", ""value"": -1.0}, {""element"": ""Br"", ""value"": -1.0}, {""element"": ""P"", ""value"": 5.0}, {""element"": ""S"", ""value"": -2.0}]","[{""element"": ""Li"", ""amount"": 5.8, ""oxidation_state"": 1.0, ""contribution"": 5.8}, {""element"": ""P"", ""amount"": 0.8, ""oxidation_state"": 5.0, ""contribution"": 4.0}, {""element"": ""Y"", ""amount"": 0.2, ""oxidation_state"": 3.0, ""contribution"": 0.6000000000000001}, {""element"": ""S"", ""amount"": 4.2, ""oxidation_state"": -2.0, ""contribution"": -8.4}, {""element"": ""O"", ""amount"": 0.2, ""oxidation_state"": -2.0, ""contribution"": -0.4}, {""element"": ""Cl"", ""amount"": 1.0, ""oxidation_state"": -1.0, ""contribution"": -1.0}, {""element"": ""Br"", ""amount"": 0.6, ""oxidation_state"": -1.0, ""contribution"": -0.6}]",0.0,0.0,LiPSClBr_YO,0.2,0.2,,-3.5392980352984145,0.00028886968290836335,0,,,,,
exp_033,Li5.8P0.8Y0.2S4O0.4ClBr0.6,,,,,,ok,,"[{""element"": ""Li"", ""value"": 1.0}, {""element"": ""Y"", ""value"": 3.0}, {""element"": ""O"", ""value"": -2.0}, {""element"": ""Cl"", ""value"": -1.0}, {""element"": ""Br"", ""value"": -1.0}, {""element"": ""P"", ""value"": 5.0}, {""element"": ""S"", ""value"": -2.0}]","[{""element"": ""Li"", ""amount"": 5.8, ""oxidation_state"": 1.0, ""contribution"": 5.8}, {""element"": ""P"", ""amount"": 0.8, ""oxidation_state"": 5.0, ""contribution"": 4.0}, {""element"": ""Y"", ""amount"": 0.2, ""oxidation_state"": 3.0, ""contribution"": 0.6000000000000001}, {""element"": ""S"", ""amount"": 4.0, ""oxidation_state"": -2.0, ""contribution"": -8.0}, {""element"": ""O"", ""amount"": 0.4, ""oxidation_state"": -2.0, ""contribution"": -0.8}, {""element"": ""Cl"", ""amount"": 1.0, ""oxidation_state"": -1.0, ""contribution"": -1.0}, {""element"": ""Br"", ""amount"": 0.6, ""oxidation_state"": -1.0, ""contribution"": -0.6}]",0.0,0.0,LiPSClBr_YO,0.2,0.4,,-3.6826140408564174,0.00020767583205416823,0,,,,,
exp_034,Li5.8P0.8Y0.2S3.6O0.8ClBr0.6,,,,,,ok,,"[{""element"": ""Li"", ""value"": 1.0}, {""element"": ""Y"", ""value"": 3.0}, {""element"": ""O"", ""value"": -2.0}, {""element"": ""Cl"", ""value"": -1.0}, {""element"": ""Br"", ""value"": -1.0}, {""element"": ""P"", ""value"": 5.0}, {""element"": ""S"", ""value"": -2.0}]","[{""element"": ""Li"", ""amount"": 5.8, ""oxidation_state"": 1.0, ""contribution"": 5.8}, {""element"": ""P"", ""amount"": 0.8, ""oxidation_state"": 5.0, ""contribution"": 4.0}, {""element"": ""Y"", ""amount"": 0.2, ""oxidation_state"": 3.0, ""contribution"": 0.6000000000000001}, {""element"": ""S"", ""amount"": 3.6, ""oxidation_state"": -2.0, ""contribution"": -7.2}, {""element"": ""O"", ""amount"": 0.8, ""oxidation_state"": -2.0, ""contribution"": -1.6}, {""element"": ""Cl"", ""amount"": 1.0, ""oxidation_state"": -1.0, ""contribution"": -1.0}, {""element"": ""Br"", ""amount"": 0.6, ""oxidation_state"": -1.0, ""contribution"": -0.6}]",0.0,0.0,LiPSClBr_YO,0.2,0.8,,-4.341833638371761,4.55162382083633e-05,0,,,,,
exp_035,Li6P0.7Y0.3S4.3O0.1ClBr0.6,,,,,,ok,,"[{""element"": ""Li"", ""value"": 1.0}, {""element"": ""Y"", ""value"": 3.0}, {""element"": ""O"", ""value"": -2.0}, {""element"": ""Cl"", ""value"": -1.0}, {""element"": ""Br"", ""value"": -1.0}, {""element"": ""P"", ""value"": 5.0}, {""element"": ""S"", ""value"": -2.0}]","[{""element"": ""Li"", ""amount"": 6.0, ""oxidation_state"": 1.0, ""contribution"": 6.0}, {""element"": ""P"", ""amount"": 0.7, ""oxidation_state"": 5.0, ""contribution"": 3.5}, {""element"": ""Y"", ""amount"": 0.3, ""oxidation_state"": 3.0, ""contribution"": 0.8999999999999999}, {""element"": ""S"", ""amount"": 4.3, ""oxidation_state"": -2.0, ""contribution"": -8.6}, {""element"": ""O"", ""amount"": 0.1, ""oxidation_state"": -2.0, ""contribution"": -0.2}, {""element"": ""Cl"", ""amount"": 1.0, ""oxidation_state"": -1.0, ""contribution"": -1.0}, {""element"": ""Br"", ""amount"": 0.6, ""oxidation_state"": -1.0, ""contribution"": -0.6}]",0.0,0.0,LiPSClBr_YO,0.3,0.1,,-3.9984887948381393,0.00010034857395875099,0,,,,,
exp_036,Li6P0.7Y0.3S4.2O0.2ClBr0.6,,,,,,ok,,"[{""element"": ""Li"", ""value"": 1.0}, {""element"": ""Y"", ""value"": 3.0}, {""element"": ""O"", ""value"": -2.0}, {""element"": ""Cl"", ""value"": -1.0}, {""element"": ""Br"", ""value"": -1.0}, {""element"": ""P"", ""value"": 5.0}, {""element"": ""S"", ""value"": -2.0}]","[{""element"": ""Li"", ""amount"": 6.0, ""oxidation_state"": 1.0, ""contribution"": 6.0}, {""element"": ""P"", ""amount"": 0.7, ""oxidation_state"": 5.0, ""contribution"": 3.5}, {""element"": ""Y"", ""amount"": 0.3, ""oxidation_state"": 3.0, ""contribution"": 0.8999999999999999}, {""element"": ""S"", ""amount"": 4.2, ""oxidation_state"": -2.0, ""contribution"": -8.4}, {""element"": ""O"", ""amount"": 0.2, ""oxidation_state"": -2.0, ""contribution"": -0.4}, {""element"": ""Cl"", ""amount"": 1.0, ""oxidation_state"": -1.0, ""contribution"": -1.0}, {""element"": ""Br"", ""amount"": 0.6, ""oxidation_state"": -1.0, ""contribution"": -0.6}]",0.0,0.0,LiPSClBr_YO,0.3,0.2,,-4.057860918430513,8.752640311597203e-05,0,,,,,
exp_037,Li6P0.7Y0.3S4O0.4ClBr0.6,,,,,,ok,,"[{""element"": ""Li"", ""value"": 1.0}, {""element"": ""Y"", ""value"": 3.0}, {""element"": ""O"", ""value"": -2.0}, {""element"": ""Cl"", ""value"": -1.0}, {""element"": ""Br"", ""value"": -1.0}, {""element"": ""P"", ""value"": 5.0}, {""element"": ""S"", ""value"": -2.0}]","[{""element"": ""Li"", ""amount"": 6.0, ""oxidation_state"": 1.0, ""contribution"": 6.0}, {""element"": ""P"", ""amount"": 0.7, ""oxidation_state"": 5.0, ""contribution"": 3.5}, {""element"": ""Y"", ""amount"": 0.3, ""oxidation_state"": 3.0, ""contribution"": 0.8999999999999999}, {""element"": ""S"", ""amount"": 4.0, ""oxidation_state"": -2.0, ""contribution"": -8.0}, {""element"": ""O"", ""amount"": 0.4, ""oxidation_state"": -2.0, ""contribution"": -0.8}, {""element"": ""Cl"", ""amount"": 1.0, ""oxidation_state"": -1.0, ""contribution"": -1.0}, {""element"": ""Br"", ""amount"": 0.6, ""oxidation_state"": -1.0, ""contribution"": -0.6}]",0.0,0.0,LiPSClBr_YO,0.3,0.4,,-4.245025590431818,5.68819412657746e-05,0,,,,,
exp_038,Li6P0.7Y0.3S3.6O0.8ClBr0.6,,,,,,ok,,"[{""element"": ""Li"", ""value"": 1.0}, {""element"": ""Y"", ""value"": 3.0}, {""element"": ""O"", ""value"": -2.0}, {""element"": ""Cl"", ""value"": -1.0}, {""element"": ""Br"", ""value"": -1.0}, {""element"": ""P"", ""value"": 5.0}, {""element"": ""S"", ""value"": -2.0}]","[{""element"": ""Li"", ""amount"": 6.0, ""oxidation_state"": 1.0, ""contribution"": 6.0}, {""element"": ""P"", ""amount"": 0.7, ""oxidation_state"": 5.0, ""contribution"": 3.5}, {""element"": ""Y"", ""amount"": 0.3, ""oxidation_state"": 3.0, ""contribution"": 0.8999999999999999}, {""element"": ""S"", ""amount"": 3.6, ""oxidation_state"": -2.0, ""contribution"": -7.2}, {""element"": ""O"", ""amount"": 0.8, ""oxidation_state"": -2.0, ""contribution"": -1.6}, {""element"": ""Cl"", ""amount"": 1.0, ""oxidation_state"": -1.0, ""contribution"": -1.0}, {""element"": ""Br"", ""amount"": 0.6, ""oxidation_state"": -1.0, ""contribution"": -0.6}]",0.0,0.0,LiPSClBr_YO,0.3,0.8,,-4.395913770137018,4.018705949764939e-05,0,,,,,
exp_039,Li5.43P0.97Si0.03S4.3Se0.1ClBr0.6,,,,,,ok,,"[{""element"": ""Li"", ""value"": 1.0}, {""element"": ""Si"", ""value"": 4.0}, {""element"": ""Cl"", ""value"": -1.0}, {""element"": ""Br"", ""value"": -1.0}, {""element"": ""P"", ""value"": 5.0}, {""element"": ""S"", ""value"": -2.0}, {""element"": ""Se"", ""value"": -2.0}]","[{""element"": ""Li"", ""amount"": 5.43, ""oxidation_state"": 1.0, ""contribution"": 5.43}, {""element"": ""P"", ""amount"": 0.97, ""oxidation_state"": 5.0, ""contribution"": 4.85}, {""element"": ""Si"", ""amount"": 0.03, ""oxidation_state"": 4.0, ""contribution"": 0.12}, {""element"": ""S"", ""amount"": 4.3, ""oxidation_state"": -2.0, ""contribution"": -8.6}, {""element"": ""Se"", ""amount"": 0.1, ""oxidation_state"": -2.0, ""contribution"": -0.2}, {""element"": ""Cl"", ""amount"": 1.0, ""oxidation_state"": -1.0, ""contribution"": -1.0}, {""element"": ""Br"", ""amount"": 0.6, ""oxidation_state"": -1.0, ""contribution"": -0.6}]",0.0,0.0,LiPSClBr_SiSe,0.03,0.1,,-3.0590239046588046,0.0008729233191743368,0,,,,,
exp_040,Li5.43P0.97Si0.03S4.2Se0.2ClBr0.6,,,,,,ok,,"[{""element"": ""Li"", ""value"": 1.0}, {""element"": ""Si"", ""value"": 4.0}, {""element"": ""Cl"", ""value"": -1.0}, {""element"": ""Br"", ""value"": -1.0}, {""element"": ""P"", ""value"": 5.0}, {""element"": ""S"", ""value"": -2.0}, {""element"": ""Se"", ""value"": -2.0}]","[{""element"": ""Li"", ""amount"": 5.43, ""oxidation_state"": 1.0, ""contribution"": 5.43}, {""element"": ""P"", ""amount"": 0.97, ""oxidation_state"": 5.0, ""contribution"": 4.85}, {""element"": ""Si"", ""amount"": 0.03, ""oxidation_state"": 4.0, ""contribution"": 0.12}, {""element"": ""S"", ""amount"": 4.2, ""oxidation_state"": -2.0, ""contribution"": -8.4}, {""element"": ""Se"", ""amount"": 0.2, ""oxidation_state"": -2.0, ""contribution"": -0.4}, {""element"": ""Cl"", ""amount"": 1.0, ""oxidation_state"": -1.0, ""contribution"": -1.0}, {""element"": ""Br"", ""amount"": 0.6, ""oxidation_state"": -1.0, ""contribution"": -0.6}]",0.0,0.0,LiPSClBr_SiSe,0.03,0.2,,-3.02860801785841,0.000936250326460906,0,,,,,
exp_041,Li5.43P0.97Si0.03S4.1Se0.3ClBr0.6,,,,,,ok,,"[{""element"": ""Li"", ""value"": 1.0}, {""element"": ""Si"", ""value"": 4.0}, {""element"": ""Cl"", ""value"": -1.0}, {""element"": ""Br"", ""value"": -1.0}, {""element"": ""P"", ""value"": 5.0}, {""element"": ""S"", ""value"": -2.0}, {""element"": ""Se"", ""value"": -2.0}]","[{""element"": ""Li"", ""amount"": 5.43, ""oxidation_state"": 1.0, ""contribution"": 5.43}, {""element"": ""P"", ""amount"": 0.97, ""oxidation_state"": 5.0, ""contribution"": 4.85}, {""element"": ""Si"", ""amount"": 0.03, ""oxidation_state"": 4.0, ""contribution"": 0.12}, {""element"": ""S"", ""amount"": 4.1, ""oxidation_state"": -2.0, ""contribution"": -8.2}, {""element"": ""Se"", ""amount"": 0.3, ""oxidation_state"": -2.0, ""contribution"": -0.6}, {""element"": ""Cl"", ""amount"": 1.0, ""oxidation_state"": -1.0, ""contribution"": -1.0}, {""element"": ""Br"", ""amount"": 0.6, ""oxidation_state"": -1.0, ""contribution"": -0.6}]",0.0,0.0,LiPSClBr_SiSe,0.03,0.3,,-3.0322413872694427,0.0009284501970463253,0,,,,,
exp_042,Li5.43P0.97Si0.03S4Se0.4ClBr0.6,,,,,,ok,,"[{""element"": ""Li"", ""value"": 1.0}, {""element"": ""Si"", ""value"": 4.0}, {""element"": ""Cl"", ""value"": -1.0}, {""element"": ""Br"", ""value"": -1.0}, {""element"": ""P"", ""value"": 5.0}, {""element"": ""S"", ""value"": -2.0}, {""element"": ""Se"", ""value"": -2.0}]","[{""element"": ""Li"", ""amount"": 5.43, ""oxidation_state"": 1.0, ""contribution"": 5.43}, {""element"": ""P"", ""amount"": 0.97, ""oxidation_state"": 5.0, ""contribution"": 4.85}, {""element"": ""Si"", ""amount"": 0.03, ""oxidation_state"": 4.0, ""contribution"": 0.12}, {""element"": ""S"", ""amount"": 4.0, ""oxidation_state"": -2.0, ""contribution"": -8.0}, {""element"": ""Se"", ""amount"": 0.4, ""oxidation_state"": -2.0, ""contribution"": -0.8}, {""element"": ""Cl"", ""amount"": 1.0, ""oxidation_state"": -1.0, ""contribution"": -1.0}, {""element"": ""Br"", ""amount"": 0.6, ""oxidation_state"": -1.0, ""contribution"": -0.6}]",0.0,0.0,LiPSClBr_SiSe,0.03,0.4,,-2.995731275813194,0.0010098775649452904,0,,,,,
exp_043,Li5.45P0.95Si0.05S4.3Se0.1ClBr0.6,,,,,,ok,,"[{""element"": ""Li"", ""value"": 1.0}, {""element"": ""Si"", ""value"": 4.0}, {""element"": ""Cl"", ""value"": -1.0}, {""element"": ""Br"", ""value"": -1.0}, {""element"": ""P"", ""value"": 5.0}, {""element"": ""S"", ""value"": -2.0}, {""element"": ""Se"", ""value"": -2.0}]","[{""element"": ""Li"", ""amount"": 5.45, ""oxidation_state"": 1.0, ""contribution"": 5.45}, {""element"": ""P"", ""amount"": 0.95, ""oxidation_state"": 5.0, ""contribution"": 4.75}, {""element"": ""Si"", ""amount"": 0.05, ""oxidation_state"": 4.0, ""contribution"": 0.2}, {""element"": ""S"", ""amount"": 4.3, ""oxidation_state"": -2.0, ""contribution"": -8.6}, {""element"": ""Se"", ""amount"": 0.1, ""oxidation_state"": -2.0, ""contribution"": -0.2}, {""element"": ""Cl"", ""amount"": 1.0, ""oxidation_state"": -1.0, ""contribution"": -1.0}, {""element"": ""Br"", ""amount"": 0.6, ""oxidation_state"": -1.0, ""contribution"": -0.6}]",0.0,0.0,LiPSClBr_SiSe,0.05,0.1,,-3.0361195505842784,0.0009201962295064125,0,,,,,
exp_044,Li5.45P0.95Si0.05S4.2Se0.2ClBr0.6,,,,,,ok,,"[{""element"": ""Li"", ""value"": 1.0}, {""element"": ""Si"", ""value"": 4.0}, {""element"": ""Cl"", ""value"": -1.0}, {""element"": ""Br"", ""value"": -1.0}, {""element"": ""P"", ""value"": 5.0}, {""element"": ""S"", ""value"": -2.0}, {""element"": ""Se"", ""value"": -2.0}]","[{""element"": ""Li"", ""amount"": 5.45, ""oxidation_state"": 1.0, ""contribution"": 5.45}, {""element"": ""P"", ""amount"": 0.95, ""oxidation_state"": 5.0, ""contribution"": 4.75}, {""element"": ""Si"", ""amount"": 0.05, ""oxidation_state"": 4.0, ""contribution"": 0.2}, {""element"": ""S"", ""amount"": 4.2, ""oxidation_state"": -2.0, ""contribution"": -8.4}, {""element"": ""Se"", ""amount"": 0.2, ""oxidation_state"": -2.0, ""contribution"": -0.4}, {""element"": ""Cl"", ""amount"": 1.0, ""oxidation_state"": -1.0, ""contribution"": -1.0}, {""element"": ""Br"", ""amount"": 0.6, ""oxidation_state"": -1.0, ""contribution"": -0.6}]",0.0,0.0,LiPSClBr_SiSe,0.05,0.2,,-3.0737241988932764,0.0008438704922474133,0,,,,,
exp_045,Li5.45P0.95Si0.05S4.1Se0.3ClBr0.6,,,,,,ok,,"[{""element"": ""Li"", ""value"": 1.0}, {""element"": ""Si"", ""value"": 4.0}, {""element"": ""Cl"", ""value"": -1.0}, {""element"": ""Br"", ""value"": -1.0}, {""element"": ""P"", ""value"": 5.0}, {""element"": ""S"", ""value"": -2.0}, {""element"": ""Se"", ""value"": -2.0}]","[{""element"": ""Li"", ""amount"": 5.45, ""oxidation_state"": 1.0, ""contribution"": 5.45}, {""element"": ""P"", ""amount"": 0.95, ""oxidation_state"": 5.0, ""contribution"": 4.75}, {""element"": ""Si"", ""amount"": 0.05, ""oxidation_state"": 4.0, ""contribution"": 0.2}, {""element"": ""S"", ""amount"": 4.1, ""oxidation_state"": -2.0, ""contribution"": -8.2}, {""element"": ""Se"", ""amount"": 0.3, ""oxidation_state"": -2.0, ""contribution"": -0.6}, {""element"": ""Cl"", ""amount"": 1.0, ""oxidation_state"": -1.0, ""contribution"": -1.0}, {""element"": ""Br"", ""amount"": 0.6, ""oxidation_state"": -1.0, ""contribution"": -0.6}]",0.0,0.0,LiPSClBr_SiSe,0.05,0.3,,-3.0562904116543157,0.0008784349131174254,0,,,,,
exp_046,Li5.45P0.95Si0.05S4Se0.4ClBr0.6,,,,,,ok,,"[{""element"": ""Li"", ""value"": 1.0}, {""element"": ""Si"", ""value"": 4.0}, {""element"": ""Cl"", ""value"": -1.0}, {""element"": ""Br"", ""value"": -1.0}, {""element"": ""P"", ""value"": 5.0}, {""element"": ""S"", ""value"": -2.0}, {""element"": ""Se"", ""value"": -2.0}]","[{""element"": ""Li"", ""amount"": 5.45, ""oxidation_state"": 1.0, ""contribution"": 5.45}, {""element"": ""P"", ""amount"": 0.95, ""oxidation_state"": 5.0, ""contribution"": 4.75}, {""element"": ""Si"", ""amount"": 0.05, ""oxidation_state"": 4.0, ""contribution"": 0.2}, {""element"": ""S"", ""amount"": 4.0, ""oxidation_state"": -2.0, ""contribution"": -8.0}, {""element"": ""Se"", ""amount"": 0.4, ""oxidation_state"": -2.0, ""contribution"": -0.8}, {""element"": ""Cl"", ""amount"": 1.0, ""oxidation_state"": -1.0, ""contribution"": -1.0}, {""element"": ""Br"", ""amount"": 0.6, ""oxidation_state"": -1.0, ""contribution"": -0.6}]",0.0,0.0,LiPSClBr_SiSe,0.05,0.4,,-3.0342687169045535,0.000924126199888759,0,,,,,
exp_047,Li5.47P0.93Si0.07S4.3Se0.1ClBr0.6,,,,,,ok,,"[{""element"": ""Li"", ""value"": 1.0}, {""element"": ""Si"", ""value"": 4.0}, {""element"": ""Cl"", ""value"": -1.0}, {""element"": ""Br"", ""value"": -1.0}, {""element"": ""P"", ""value"": 5.0}, {""element"": ""S"", ""value"": -2.0}, {""element"": ""Se"", ""value"": -2.0}]","[{""element"": ""Li"", ""amount"": 5.47, ""oxidation_state"": 1.0, ""contribution"": 5.47}, {""element"": ""P"", ""amount"": 0.93, ""oxidation_state"": 5.0, ""contribution"": 4.65}, {""element"": ""Si"", ""amount"": 0.07, ""oxidation_state"": 4.0, ""contribution"": 0.28}, {""element"": ""S"", ""amount"": 4.3, ""oxidation_state"": -2.0, ""contribution"": -8.6}, {""element"": ""Se"", ""amount"": 0.1, ""oxidation_state"": -2.0, ""contribution"": -0.2}, {""element"": ""Cl"", ""amount"": 1.0, ""oxidation_state"": -1.0, ""contribution"": -1.0}, {""element"": ""Br"", ""amount"": 0.6, ""oxidation_state"": -1.0, ""contribution"": -0.6}]",0.0,0.0,LiPSClBr_SiSe,0.07,0.1,,-3.044716475335492,0.0009021599111727578,0,,,,,
exp_048,Li5.47P0.93Si0.07S4.2Se0.2ClBr0.6,,,,,,ok,,"[{""element"": ""Li"", ""value"": 1.0}, {""element"": ""Si"", ""value"": 4.0}, {""element"": ""Cl"", ""value"": -1.0}, {""element"": ""Br"", ""value"": -1.0}, {""element"": ""P"", ""value"": 5.0}, {""element"": ""S"", ""value"": -2.0}, {""element"": ""Se"", ""value"": -2.0}]","[{""element"": ""Li"", ""amount"": 5.47, ""oxidation_state"": 1.0, ""contribution"": 5.47}, {""element"": ""P"", ""amount"": 0.93, ""oxidation_state"": 5.0, ""contribution"": 4.65}, {""element"": ""Si"", ""amount"": 0.07, ""oxidation_state"": 4.0, ""contribution"": 0.28}, {""element"": ""S"", ""amount"": 4.2, ""oxidation_state"": -2.0, ""contribution"": -8.4}, {""element"": ""Se"", ""amount"": 0.2, ""oxidation_state"": -2.0, ""contribution"": -0.4}, {""element"": ""Cl"", ""amount"": 1.0, ""oxidation_state"": -1.0, ""contribution"": -1.0}, {""element"": ""Br"", ""amount"": 0.6, ""oxidation_state"": -1.0, ""contribution"": -0.6}]",0.0,0.0,LiPSClBr_SiSe,0.07,0.2,,-3.0510200550592654,0.0008891600568495384,0,,,,,
exp_049,Li5.47P0.93Si0.07S4.1Se0.3ClBr0.6,,,,,,ok,,"[{""element"": ""Li"", ""value"": 1.0}, {""element"": ""Si"", ""value"": 4.0}, {""element"": ""Cl"", ""value"": -1.0}, {""element"": ""Br"", ""value"": -1.0}, {""element"": ""P"", ""value"": 5.0}, {""element"": ""S"", ""value"": -2.0}, {""element"": ""Se"", ""value"": -2.0}]","[{""element"": ""Li"", ""amount"": 5.47, ""oxidation_state"": 1.0, ""contribution"": 5.47}, {""element"": ""P"", ""amount"": 0.93, ""oxidation_state"": 5.0, ""contribution"": 4.65}, {""element"": ""Si"", ""amount"": 0.07, ""oxidation_state"": 4.0, ""contribution"": 0.28}, {""element"": ""S"", ""amount"": 4.1, ""oxidation_state"": -2.0, ""contribution"": -8.2}, {""element"": ""Se"", ""amount"": 0.3, ""oxidation_state"": -2.0, ""contribution"": -0.6}, {""element"": ""Cl"", ""amount"": 1.0, ""oxidation_state"": -1.0, ""contribution"": -1.0}, {""element"": ""Br"", ""amount"": 0.6, ""oxidation_state"": -1.0, ""contribution"": -0.6}]",0.0,0.0,LiPSClBr_SiSe,0.07,0.3,,-3.086978516480776,0.000818505276650433,0,,,,,
exp_050,Li5.47P0.93Si0.07S4Se0.4ClBr0.6,,,,,,ok,,"[{""element"": ""Li"", ""value"": 1.0}, {""element"": ""Si"", ""value"": 4.0}, {""element"": ""Cl"", ""value"": -1.0}, {""element"": ""Br"", ""value"": -1.0}, {""element"": ""P"", ""value"": 5.0}, {""element"": ""S"", ""value"": -2.0}, {""element"": ""Se"", ""value"": -2.0}]","[{""element"": ""Li"", ""amount"": 5.47, ""oxidation_state"": 1.0, ""contribution"": 5.47}, {""element"": ""P"", ""amount"": 0.93, ""oxidation_state"": 5.0, ""contribution"": 4.65}, {""element"": ""Si"", ""amount"": 0.07, ""oxidation_state"": 4.0, ""contribution"": 0.28}, {""element"": ""S"", ""amount"": 4.0, ""oxidation_state"": -2.0, ""contribution"": -8.0}, {""element"": ""Se"", ""amount"": 0.4, ""oxidation_state"": -2.0, ""contribution"": -0.8}, {""element"": ""Cl"", ""amount"": 1.0, ""oxidation_state"": -1.0, ""contribution"": -1.0}, {""element"": ""Br"", ""amount"": 0.6, ""oxidation_state"": -1.0, ""contribution"": -0.6}]",0.0,0.0,LiPSClBr_SiSe,0.07,0.4,,-3.038705181683036,0.0009147339926716993,0,,,,,
exp_051,Li5.5P0.9Si0.1S4.3Se0.1ClBr0.6,,,,,,ok,,"[{""element"": ""Li"", ""value"": 1.0}, {""element"": ""Si"", ""value"": 4.0}, {""element"": ""Cl"", ""value"": -1.0}, {""element"": ""Br"", ""value"": -1.0}, {""element"": ""P"", ""value"": 5.0}, {""element"": ""S"", ""value"": -2.0}, {""element"": ""Se"", ""value"": -2.0}]","[{""element"": ""Li"", ""amount"": 5.5, ""oxidation_state"": 1.0, ""contribution"": 5.5}, {""element"": ""P"", ""amount"": 0.9, ""oxidation_state"": 5.0, ""contribution"": 4.5}, {""element"": ""Si"", ""amount"": 0.1, ""oxidation_state"": 4.0, ""contribution"": 0.4}, {""element"": ""S"", ""amount"": 4.3, ""oxidation_state"": -2.0, ""contribution"": -8.6}, {""element"": ""Se"", ""amount"": 0.1, ""oxidation_state"": -2.0, ""contribution"": -0.2}, {""element"": ""Cl"", ""amount"": 1.0, ""oxidation_state"": -1.0, ""contribution"": -1.0}, {""element"": ""Br"", ""amount"": 0.6, ""oxidation_state"": -1.0, ""contribution"": -0.6}]",0.0,0.0,LiPSClBr_SiSe,0.1,0.1,,-3.1451515981182054,0.0007158934714003046,0,,,,,
exp_052,Li5.5P0.9Si0.1S4.2Se0.2ClBr0.6,,,,,,ok,,"[{""element"": ""Li"", ""value"": 1.0}, {""element"": ""Si"", ""value"": 4.0}, {""element"": ""Cl"", ""value"": -1.0}, {""element"": ""Br"", ""value"": -1.0}, {""element"": ""P"", ""value"": 5.0}, {""element"": ""S"", ""value"": -2.0}, {""element"": ""Se"", ""value"": -2.0}]","[{""element"": ""Li"", ""amount"": 5.5, ""oxidation_state"": 1.0, ""contribution"": 5.5}, {""element"": ""P"", ""amount"": 0.9, ""oxidation_state"": 5.0, ""contribution"": 4.5}, {""element"": ""Si"", ""amount"": 0.1, ""oxidation_state"": 4.0, ""contribution"": 0.4}, {""element"": ""S"", ""amount"": 4.2, ""oxidation_state"": -2.0, ""contribution"": -8.4}, {""element"": ""Se"", ""amount"": 0.2, ""oxidation_state"": -2.0, ""contribution"": -0.4}, {""element"": ""Cl"", ""amount"": 1.0, ""oxidation_state"": -1.0, ""contribution"": -1.0}, {""element"": ""Br"", ""amount"": 0.6, ""oxidation_state"": -1.0, ""contribution"": -0.6}]",0.0,0.0,LiPSClBr_SiSe,0.1,0.2,,-3.1295676065211495,0.0007420486742025571,0,,,,,
exp_053,Li5.5P0.9Si0.1S4.1Se0.3ClBr0.6,,,,,,ok,,"[{""element"": ""Li"", ""value"": 1.0}, {""element"": ""Si"", ""value"": 4.0}, {""element"": ""Cl"", ""value"": -1.0}, {""element"": ""Br"", ""value"": -1.0}, {""element"": ""P"", ""value"": 5.0}, {""element"": ""S"", ""value"": -2.0}, {""element"": ""Se"", ""value"": -2.0}]","[{""element"": ""Li"", ""amount"": 5.5, ""oxidation_state"": 1.0, ""contribution"": 5.5}, {""element"": ""P"", ""amount"": 0.9, ""oxidation_state"": 5.0, ""contribution"": 4.5}, {""element"": ""Si"", ""amount"": 0.1, ""oxidation_state"": 4.0, ""contribution"": 0.4}, {""element"": ""S"", ""amount"": 4.1, ""oxidation_state"": -2.0, ""contribution"": -8.2}, {""element"": ""Se"", ""amount"": 0.3, ""oxidation_state"": -2.0, ""contribution"": -0.6}, {""element"": ""Cl"", ""amount"": 1.0, ""oxidation_state"": -1.0, ""contribution"": -1.0}, {""element"": ""Br"", ""amount"": 0.6, ""oxidation_state"": -1.0, ""contribution"": -0.6}]",0.0,0.0,LiPSClBr_SiSe,0.1,0.3,,-3.030251842545737,0.0009327132738778363,0,,,,,
exp_054,Li5.5P0.9Si0.1S4Se0.4ClBr0.6,,,,,,ok,,"[{""element"": ""Li"", ""value"": 1.0}, {""element"": ""Si"", ""value"": 4.0}, {""element"": ""Cl"", ""value"": -1.0}, {""element"": ""Br"", ""value"": -1.0}, {""element"": ""P"", ""value"": 5.0}, {""element"": ""S"", ""value"": -2.0}, {""element"": ""Se"", ""value"": -2.0}]","[{""element"": ""Li"", ""amount"": 5.5, ""oxidation_state"": 1.0, ""contribution"": 5.5}, {""element"": ""P"", ""amount"": 0.9, ""oxidation_state"": 5.0, ""contribution"": 4.5}, {""element"": ""Si"", ""amount"": 0.1, ""oxidation_state"": 4.0, ""contribution"": 0.4}, {""element"": ""S"", ""amount"": 4.0, ""oxidation_state"": -2.0, ""contribution"": -8.0}, {""element"": ""Se"", ""amount"": 0.4, ""oxidation_state"": -2.0, ""contribution"": -0.8}, {""element"": ""Cl"", ""amount"": 1.0, ""oxidation_state"": -1.0, ""contribution"": -1.0}, {""element"": ""Br"", ""amount"": 0.6, ""oxidation_state"": -1.0, ""contribution"": -0.6}]",0.0,0.0,LiPSClBr_SiSe,0.1,0.4,,-3.025994924773055,0.0009419006036426427,0,,,,,
exp_055,Li5.6P0.8Si0.2S4.3Se0.1ClBr0.6,,,,,,ok,,"[{""element"": ""Li"", ""value"": 1.0}, {""element"": ""Si"", ""value"": 4.0}, {""element"": ""Cl"", ""value"": -1.0}, {""element"": ""Br"", ""value"": -1.0}, {""element"": ""P"", ""value"": 5.0}, {""element"": ""S"", ""value"": -2.0}, {""element"": ""Se"", ""value"": -2.0}]","[{""element"": ""Li"", ""amount"": 5.6, ""oxidation_state"": 1.0, ""contribution"": 5.6}, {""element"": ""P"", ""amount"": 0.8, ""oxidation_state"": 5.0, ""contribution"": 4.0}, {""element"": ""Si"", ""amount"": 0.2, ""oxidation_state"": 4.0, ""contribution"": 0.8}, {""element"": ""S"", ""amount"": 4.3, ""oxidation_state"": -2.0, ""contribution"": -8.6}, {""element"": ""Se"", ""amount"": 0.1, ""oxidation_state"": -2.0, ""contribution"": -0.2}, {""element"": ""Cl"", ""amount"": 1.0, ""oxidation_state"": -1.0, ""contribution"": -1.0}, {""element"": ""Br"", ""amount"": 0.6, ""oxidation_state"": -1.0, ""contribution"": -0.6}]",0.0,0.0,LiPSClBr_SiSe,0.2,0.1,,-3.304049730640825,0.0004965354603998084,0,,,,,
exp_056,Li5.6P0.8Si0.2S4.2Se0.2ClBr0.6,,,,,,ok,,"[{""element"": ""Li"", ""value"": 1.0}, {""element"": ""Si"", ""value"": 4.0}, {""element"": ""Cl"", ""value"": -1.0}, {""element"": ""Br"", ""value"": -1.0}, {""element"": ""P"", ""value"": 5.0}, {""element"": ""S"", ""value"": -2.0}, {""element"": ""Se"", ""value"": -2.0}]","[{""element"": ""Li"", ""amount"": 5.6, ""oxidation_state"": 1.0, ""contribution"": 5.6}, {""element"": ""P"", ""amount"": 0.8, ""oxidation_state"": 5.0, ""contribution"": 4.0}, {""element"": ""Si"", ""amount"": 0.2, ""oxidation_state"": 4.0, ""contribution"": 0.8}, {""element"": ""S"", ""amount"": 4.2, ""oxidation_state"": -2.0, ""contribution"": -8.4}, {""element"": ""Se"", ""amount"": 0.2, ""oxidation_state"": -2.0, ""contribution"": -0.4}, {""element"": ""Cl"", ""amount"": 1.0, ""oxidation_state"": -1.0, ""contribution"": -1.0}, {""element"": ""Br"", ""amount"": 0.6, ""oxidation_state"": -1.0, ""contribution"": -0.6}]",0.0,0.0,LiPSClBr_SiSe,0.2,0.2,,-3.3173786489746555,0.000481527784208818,0,,,,,
exp_057,Li5.6P0.8Si0.2S4.1Se0.3ClBr0.6,,,,,,ok,,"[{""element"": ""Li"", ""value"": 1.0}, {""element"": ""Si"", ""value"": 4.0}, {""element"": ""Cl"", ""value"": -1.0}, {""element"": ""Br"", ""value"": -1.0}, {""element"": ""P"", ""value"": 5.0}, {""element"": ""S"", ""value"": -2.0}, {""element"": ""Se"", ""value"": -2.0}]","[{""element"": ""Li"", ""amount"": 5.6, ""oxidation_state"": 1.0, ""contribution"": 5.6}, {""element"": ""P"", ""amount"": 0.8, ""oxidation_state"": 5.0, ""contribution"": 4.0}, {""element"": ""Si"", ""amount"": 0.2, ""oxidation_state"": 4.0, ""contribution"": 0.8}, {""element"": ""S"", ""amount"": 4.1, ""oxidation_state"": -2.0, ""contribution"": -8.2}, {""element"": ""Se"", ""amount"": 0.3, ""oxidation_state"": -2.0, ""contribution"": -0.6}, {""element"": ""Cl"", ""amount"": 1.0, ""oxidation_state"": -1.0, ""contribution"": -1.0}, {""element"": ""Br"", ""amount"": 0.6, ""oxidation_state"": -1.0, ""contribution"": -0.6}]",0.0,0.0,LiPSClBr_SiSe,0.2,0.3,,-3.2969064523167133,0.0005047700140729596,0,,,,,
exp_058,Li5.6P0.8Si0.2S4Se0.4ClBr0.6,,,,,,ok,,"[{""element"": ""Li"", ""value"": 1.0}, {""element"": ""Si"", ""value"": 4.0}, {""element"": ""Cl"", ""value"": -1.0}, {""element"": ""Br"", ""value"": -1.0}, {""element"": ""P"", ""value"": 5.0}, {""element"": ""S"", ""value"": -2.0}, {""element"": ""Se"", ""value"": -2.0}]","[{""element"": ""Li"", ""amount"": 5.6, ""oxidation_state"": 1.0, ""contribution"": 5.6}, {""element"": ""P"", ""amount"": 0.8, ""oxidation_state"": 5.0, ""contribution"": 4.0}, {""element"": ""Si"", ""amount"": 0.2, ""oxidation_state"": 4.0, ""contribution"": 0.8}, {""element"": ""S"", ""amount"": 4.0, ""oxidation_state"": -2.0, ""contribution"": -8.0}, {""element"": ""Se"", ""amount"": 0.4, ""oxidation_state"": -2.0, ""contribution"": -0.8}, {""element"": ""Cl"", ""amount"": 1.0, ""oxidation_state"": -1.0, ""contribution"": -1.0}, {""element"": ""Br"", ""amount"": 0.6, ""oxidation_state"": -1.0, ""contribution"": -0.6}]",0.0,0.0,LiPSClBr_SiSe,0.2,0.4,,-3.2548720087323506,0.0005560681123941558,0,,,,,
exp_059,Li5.7P0.7Si0.3S4.3Se0.1ClBr0.6,,,,,,ok,,"[{""element"": ""Li"", ""value"": 1.0}, {""element"": ""Si"", ""value"": 4.0}, {""element"": ""Cl"", ""value"": -1.0}, {""element"": ""Br"", ""value"": -1.0}, {""element"": ""P"", ""value"": 5.0}, {""element"": ""S"", ""value"": -2.0}, {""element"": ""Se"", ""value"": -2.0}]","[{""element"": ""Li"", ""amount"": 5.7, ""oxidation_state"": 1.0, ""contribution"": 5.7}, {""element"": ""P"", ""amount"": 0.7, ""oxidation_state"": 5.0, ""contribution"": 3.5}, {""element"": ""Si"", ""amount"": 0.3, ""oxidation_state"": 4.0, ""contribution"": 1.2}, {""element"": ""S"", ""amount"": 4.3, ""oxidation_state"": -2.0, ""contribution"": -8.6}, {""element"": ""Se"", ""amount"": 0.1, ""oxidation_state"": -2.0, ""contribution"": -0.2}, {""element"": ""Cl"", ""amount"": 1.0, ""oxidation_state"": -1.0, ""contribution"": -1.0}, {""element"": ""Br"", ""amount"": 0.6, ""oxidation_state"": -1.0, ""contribution"": -0.6}]",0.0,0.0,LiPSClBr_SiSe,0.3,0.1,,-3.316243858250779,0.00048278763854685643,0,,,,,
exp_060,Li5.7P0.7Si0.3S4.2Se0.2ClBr0.6,,,,,,ok,,"[{""element"": ""Li"", ""value"": 1.0}, {""element"": ""Si"", ""value"": 4.0}, {""element"": ""Cl"", ""value"": -1.0}, {""element"": ""Br"", ""value"": -1.0}, {""element"": ""P"", ""value"": 5.0}, {""element"": ""S"", ""value"": -2.0}, {""element"": ""Se"", ""value"": -2.0}]","[{""element"": ""Li"", ""amount"": 5.7, ""oxidation_state"": 1.0, ""contribution"": 5.7}, {""element"": ""P"", ""amount"": 0.7, ""oxidation_state"": 5.0, ""contribution"": 3.5}, {""element"": ""Si"", ""amount"": 0.3, ""oxidation_state"": 4.0, ""contribution"": 1.2}, {""element"": ""S"", ""amount"": 4.2, ""oxidation_state"": -2.0, ""contribution"": -8.4}, {""element"": ""Se"", ""amount"": 0.2, ""oxidation_state"": -2.0, ""contribution"": -0.4}, {""element"": ""Cl"", ""amount"": 1.0, ""oxidation_state"": -1.0, ""contribution"": -1.0}, {""element"": ""Br"", ""amount"": 0.6, ""oxidation_state"": -1.0, ""contribution"": -0.6}]",0.0,0.0,LiPSClBr_SiSe,0.3,0.2,,-3.286415123311367,0.00051711231035073,0,,,,,
exp_061,Li5.7P0.7Si0.3S4.1Se0.3ClBr0.6,,,,,,ok,,"[{""element"": ""Li"", ""value"": 1.0}, {""element"": ""Si"", ""value"": 4.0}, {""element"": ""Cl"", ""value"": -1.0}, {""element"": ""Br"", ""value"": -1.0}, {""element"": ""P"", ""value"": 5.0}, {""element"": ""S"", ""value"": -2.0}, {""element"": ""Se"", ""value"": -2.0}]","[{""element"": ""Li"", ""amount"": 5.7, ""oxidation_state"": 1.0, ""contribution"": 5.7}, {""element"": ""P"", ""amount"": 0.7, ""oxidation_state"": 5.0, ""contribution"": 3.5}, {""element"": ""Si"", ""amount"": 0.3, ""oxidation_state"": 4.0, ""contribution"": 1.2}, {""element"": ""S"", ""amount"": 4.1, ""oxidation_state"": -2.0, ""contribution"": -8.2}, {""element"": ""Se"", ""amount"": 0.3, ""oxidation_state"": -2.0, ""contribution"": -0.6}, {""element"": ""Cl"", ""amount"": 1.0, ""oxidation_state"": -1.0, ""contribution"": -1.0}, {""element"": ""Br"", ""amount"": 0.6, ""oxidation_state"": -1.0, ""contribution"": -0.6}]",0.0,0.0,LiPSClBr_SiSe,0.3,0.3,,-3.297125023178533,0.0005045160383412442,0,,,,,
exp_062,Li5.7P0.7Si0.3S4Se0.4ClBr0.6,,,,,,ok,,"[{""element"": ""Li"", ""value"": 1.0}, {""element"": ""Si"", ""value"": 4.0}, {""element"": ""Cl"", ""value"": -1.0}, {""element"": ""Br"", ""value"": -1.0}, {""element"": ""P"", ""value"": 5.0}, {""element"": ""S"", ""value"": -2.0}, {""element"": ""Se"", ""value"": -2.0}]","[{""element"": ""Li"", ""amount"": 5.7, ""oxidation_state"": 1.0, ""contribution"": 5.7}, {""element"": ""P"", ""amount"": 0.7, ""oxidation_state"": 5.0, ""contribution"": 3.5}, {""element"": ""Si"", ""amount"": 0.3, ""oxidation_state"": 4.0, ""contribution"": 1.2}, {""element"": ""S"", ""amount"": 4.0, ""oxidation_state"": -2.0, ""contribution"": -8.0}, {""element"": ""Se"", ""amount"": 0.4, ""oxidation_state"": -2.0, ""contribution"": -0.8}, {""element"": ""Cl"", ""amount"": 1.0, ""oxidation_state"": -1.0, ""contribution"": -1.0}, {""element"": ""Br"", ""amount"": 0.6, ""oxidation_state"": -1.0, ""contribution"": -0.6}]",0.0,0.0,LiPSClBr_SiSe,0.3,0.4,,-3.300836301896902,0.0005002230479259277,0,,,,,
exp_063,Li2.95Y0.95Zr0.05Cl6,,,,,,ok,,"[{""element"": ""Li"", ""value"": 1.0}, {""element"": ""Y"", ""value"": 3.0}, {""element"": ""Zr"", ""value"": 4.0}, {""element"": ""Cl"", ""value"": -1.0}]","[{""element"": ""Li"", ""amount"": 2.95, ""oxidation_state"": 1.0, ""contribution"": 2.95}, {""element"": ""Y"", ""amount"": 0.95, ""oxidation_state"": 3.0, ""contribution"": 2.8499999999999996}, {""element"": ""Zr"", ""amount"": 0.05, ""oxidation_state"": 4.0, ""contribution"": 0.2}, {""element"": ""Cl"", ""amount"": 6.0, ""oxidation_state"": -1.0, ""contribution"": -6.0}]",0.0,0.0,Li3YCl6_Zr,0.05,,,-3.164181320069876,0.0006852020915016364,0,,,,,
exp_064,Li2.9Y0.9Zr0.1Cl6,,,,,,ok,,"[{""element"": ""Li"", ""value"": 1.0}, {""element"": ""Y"", ""value"": 3.0}, {""element"": ""Zr"", ""value"": 4.0}, {""element"": ""Cl"", ""value"": -1.0}]","[{""element"": ""Li"", ""amount"": 2.9, ""oxidation_state"": 1.0, ""contribution"": 2.9}, {""element"": ""Y"", ""amount"": 0.9, ""oxidation_state"": 3.0, ""contribution"": 2.7}, {""element"": ""Zr"", ""amount"": 0.1, ""oxidation_state"": 4.0, ""contribution"": 0.4}, {""element"": ""Cl"", ""amount"": 6.0, ""oxidation_state"": -1.0, ""contribution"": -6.0}]",0.0,0.0,Li3YCl6_Zr,0.1,,,-3.1412866903649874,0.0007222928397690152,0,,,,,
exp_065,Li2.8Y0.8Zr0.2Cl6,,,,,,ok,,"[{""element"": ""Li"", ""value"": 1.0}, {""element"": ""Y"", ""value"": 3.0}, {""element"": ""Zr"", ""value"": 4.0}, {""element"": ""Cl"", ""value"": -1.0}]","[{""element"": ""Li"", ""amount"": 2.8, ""oxidation_state"": 1.0, ""contribution"": 2.8}, {""element"": ""Y"", ""amount"": 0.8, ""oxidation_state"": 3.0, ""contribution"": 2.4000000000000004}, {""element"": ""Zr"", ""amount"": 0.2, ""oxidation_state"": 4.0, ""contribution"": 0.8}, {""element"": ""Cl"", ""amount"": 6.0, ""oxidation_state"": -1.0, ""contribution"": -6.0}]",0.0,0.0,Li3YCl6_Zr,0.2,,,-3.136494370289392,0.0007303072797032773,0,,,,,
exp_066,Li2.7Y0.7Zr0.3Cl6,,,,,,ok,,"[{""element"": ""Li"", ""value"": 1.0}, {""element"": ""Y"", ""value"": 3.0}, {""element"": ""Zr"", ""value"": 4.0}, {""element"": ""Cl"", ""value"": -1.0}]","[{""element"": ""Li"", ""amount"": 2.7, ""oxidation_state"": 1.0, ""contribution"": 2.7}, {""element"": ""Y"", ""amount"": 0.7, ""oxidation_state"": 3.0, ""contribution"": 2.0999999999999996}, {""element"": ""Zr"", ""amount"": 0.3, ""oxidation_state"": 4.0, ""contribution"": 1.2}, {""element"": ""Cl"", ""amount"": 6.0, ""oxidation_state"": -1.0, ""contribution"": -6.0}]",0.0,0.0,Li3YCl6_Zr,0.3,,,-3.0960420256660592,0.0008016004906209669,0,,,,,
exp_067,Li2.6Y0.6Zr0.4Cl6,,,,,,ok,,"[{""element"": ""Li"", ""value"": 1.0}, {""element"": ""Y"", ""value"": 3.0}, {""element"": ""Zr"", ""value"": 4.0}, {""element"": ""Cl"", ""value"": -1.0}]","[{""element"": ""Li"", ""amount"": 2.6, ""oxidation_state"": 1.0, ""contribution"": 2.6}, {""element"": ""Y"", ""amount"": 0.6, ""oxidation_state"": 3.0, ""contribution"": 1.7999999999999998}, {""element"": ""Zr"", ""amount"": 0.4, ""oxidation_state"": 4.0, ""contribution"": 1.6}, {""element"": ""Cl"", ""amount"": 6.0, ""oxidation_state"": -1.0, ""contribution"": -6.0}]",0.0,0.0,Li3YCl6_Zr,0.4,,,-3.3710746917263683,0.0004255252232864742,0,,,,,
exp_068,Li2.5Y0.5Zr0.5Cl6,,,,,,ok,,"[{""element"": ""Li"", ""value"": 1.0}, {""element"": ""Y"", ""value"": 3.0}, {""element"": ""Zr"", ""value"": 4.0}, {""element"": ""Cl"", ""value"": -1.0}]","[{""element"": ""Li"", ""amount"": 2.5, ""oxidation_state"": 1.0, ""contribution"": 2.5}, {""element"": ""Y"", ""amount"": 0.5, ""oxidation_state"": 3.0, ""contribution"": 1.5}, {""element"": ""Zr"", ""amount"": 0.5, ""oxidation_state"": 4.0, ""contribution"": 2.0}, {""element"": ""Cl"", ""amount"": 6.0, ""oxidation_state"": -1.0, ""contribution"": -6.0}]",0.0,0.0,Li3YCl6_Zr,0.5,,,-3.5344136317567707,0.00029213686757004404,0,,,,,
exp_069,Li2.4Y0.4Zr0.6Cl6,,,,,,ok,,"[{""element"": ""Li"", ""value"": 1.0}, {""element"": ""Y"", ""value"": 3.0}, {""element"": ""Zr"", ""value"": 4.0}, {""element"": ""Cl"", ""value"": -1.0}]","[{""element"": ""Li"", ""amount"": 2.4, ""oxidation_state"": 1.0, ""contribution"": 2.4}, {""element"": ""Y"", ""amount"": 0.4, ""oxidation_state"": 3.0, ""contribution"": 1.2000000000000002}, {""element"": ""Zr"", ""amount"": 0.6, ""oxidation_state"": 4.0, ""contribution"": 2.4}, {""element"": ""Cl"", ""amount"": 6.0, ""oxidation_state"": -1.0, ""contribution"": -6.0}]",0.0,0.0,Li3YCl6_Zr,0.6,,,-3.880653577266479,0.0001316274363252606,0,,,,,
exp_070,Li2.3Y0.3Zr0.7Cl6,,,,,,ok,,"[{""element"": ""Li"", ""value"": 1.0}, {""element"": ""Y"", ""value"": 3.0}, {""element"": ""Zr"", ""value"": 4.0}, {""element"": ""Cl"", ""value"": -1.0}]","[{""element"": ""Li"", ""amount"": 2.3, ""oxidation_state"": 1.0, ""contribution"": 2.3}, {""element"": ""Y"", ""amount"": 0.3, ""oxidation_state"": 3.0, ""contribution"": 0.8999999999999999}, {""element"": ""Zr"", ""amount"": 0.7, ""oxidation_state"": 4.0, ""contribution"": 2.8}, {""element"": ""Cl"", ""amount"": 6.0, ""oxidation_state"": -1.0, ""contribution"": -6.0}]",0.0,0.0,Li3YCl6_Zr,0.7,,,-4.015026744995195,9.659913888704274e-05,0,,,,,
exp_071,Li3YCl5.5Br0.5,,,,,,ok,,"[{""element"": ""Li"", ""value"": 1.0}, {""element"": ""Y"", ""value"": 3.0}, {""element"": ""Cl"", ""value"": -1.0}, {""element"": ""Br"", ""value"": -1.0}]","[{""element"": ""Li"", ""amount"": 3.0, ""oxidation_state"": 1.0, ""contribution"": 3.0}, {""element"": ""Y"", ""amount"": 1.0, ""oxidation_state"": 3.0, ""contribution"": 3.0}, {""element"": ""Cl"", ""amount"": 5.5, ""oxidation_state"": -1.0, ""contribution"": -5.5}, {""element"": ""Br"", ""amount"": 0.5, ""oxidation_state"": -1.0, ""contribution"": -0.5}]",0.0,0.0,Li3YCl6_Br,,0.5,,-3.102477402130705,0.0007898099449198776,0,,,,,
exp_072,Li3YCl5Br,,,,,,ok,,"[{""element"": ""Li"", ""value"": 1.0}, {""element"": ""Y"", ""value"": 3.0}, {""element"": ""Cl"", ""value"": -1.0}, {""element"": ""Br"", ""value"": -1.0}]","[{""element"": ""Li"", ""amount"": 3.0, ""oxidation_state"": 1.0, ""contribution"": 3.0}, {""element"": ""Y"", ""amount"": 1.0, ""oxidation_state"": 3.0, ""contribution"": 3.0}, {""element"": ""Cl"", ""amount"": 5.0, ""oxidation_state"": -1.0, ""contribution"": -5.0}, {""element"": ""Br"", ""amount"": 1.0, ""oxidation_state"": -1.0, ""contribution"": -1.0}]",0.0,0.0,Li3YCl6_Br,,1.0,,-3.0676095854906515,0.0008558357315128521,0,,,,,
exp_073,Li3YCl4Br2,,,,,,ok,,"[{""element"": ""Li"", ""value"": 1.0}, {""element"": ""Y"", ""value"": 3.0}, {""element"": ""Cl"", ""value"": -1.0}, {""element"": ""Br"", ""value"": -1.0}]","[{""element"": ""Li"", ""amount"": 3.0, ""oxidation_state"": 1.0, ""contribution"": 3.0}, {""element"": ""Y"", ""amount"": 1.0, ""oxidation_state"": 3.0, ""contribution"": 3.0}, {""element"": ""Cl"", ""amount"": 4.0, ""oxidation_state"": -1.0, ""contribution"": -4.0}, {""element"": ""Br"", ""amount"": 2.0, ""oxidation_state"": -1.0, ""contribution"": -2.0}]",0.0,0.0,Li3YCl6_Br,,2.0,,-3.0399073355812005,0.0009122054537811104,0,,,,,
exp_074,Li3YCl3Br3,,,,,,ok,,"[{""element"": ""Li"", ""value"": 1.0}, {""element"": ""Y"", ""value"": 3.0}, {""element"": ""Cl"", ""value"": -1.0}, {""element"": ""Br"", ""value"": -1.0}]","[{""element"": ""Li"", ""amount"": 3.0, ""oxidation_state"": 1.0, ""contribution"": 3.0}, {""element"": ""Y"", ""amount"": 1.0, ""oxidation_state"": 3.0, ""contribution"": 3.0}, {""element"": ""Cl"", ""amount"": 3.0, ""oxidation_state"": -1.0, ""contribution"": -3.0}, {""element"": ""Br"", ""amount"": 3.0, ""oxidation_state"": -1.0, ""contribution"": -3.0}]",0.0,0.0,Li3YCl6_Br,,3.0,,-3.0228683566625545,0.0009487059914681543,0,,,,,
exp_075,Li3YCl2Br4,,,,,,ok,,"[{""element"": ""Li"", ""value"": 1.0}, {""element"": ""Y"", ""value"": 3.0}, {""element"": ""Cl"", ""value"": -1.0}, {""element"": ""Br"", ""value"": -1.0}]","[{""element"": ""Li"", ""amount"": 3.0, ""oxidation_state"": 1.0, ""contribution"": 3.0}, {""element"": ""Y"", ""amount"": 1.0, ""oxidation_state"": 3.0, ""contribution"": 3.0}, {""element"": ""Cl"", ""amount"": 2.0, ""oxidation_state"": -1.0, ""contribution"": -2.0}, {""element"": ""Br"", ""amount"": 4.0, ""oxidation_state"": -1.0, ""contribution"": -4.0}]",0.0,0.0,Li3YCl6_Br,,4.0,,-2.95643676344623,0.0011055114284703525,0,,,,,
exp_076,Li3YCl1.5Br4.5,,,,,,ok,,"[{""element"": ""Li"", ""value"": 1.0}, {""element"": ""Y"", ""value"": 3.0}, {""element"": ""Cl"", ""value"": -1.0}, {""element"": ""Br"", ""value"": -1.0}]","[{""element"": ""Li"", ""amount"": 3.0, ""oxidation_state"": 1.0, ""contribution"": 3.0}, {""element"": ""Y"", ""amount"": 1.0, ""oxidation_state"": 3.0, ""contribution"": 3.0}, {""element"": ""Cl"", ""amount"": 1.5, ""oxidation_state"": -1.0, ""contribution"": -1.5}, {""element"": ""Br"", ""amount"": 4.5, ""oxidation_state"": -1.0, ""contribution"": -4.5}]",0.0,0.0,Li3YCl6_Br,,4.5,,-2.95643676344623,0.0011055114284703525,0,,,,,
exp_077,Li3YClBr5,,,,,,ok,,"[{""element"": ""Li"", ""value"": 1.0}, {""element"": ""Y"", ""value"": 3.0}, {""element"": ""Cl"", ""value"": -1.0}, {""element"": ""Br"", ""value"": -1.0}]","[{""element"": ""Li"", ""amount"": 3.0, ""oxidation_state"": 1.0, ""contribution"": 3.0}, {""element"": ""Y"", ""amount"": 1.0, ""oxidation_state"": 3.0, ""contribution"": 3.0}, {""element"": ""Cl"", ""amount"": 1.0, ""oxidation_state"": -1.0, ""contribution"": -1.0}, {""element"": ""Br"", ""amount"": 5.0, ""oxidation_state"": -1.0, ""contribution"": -5.0}]",0.0,0.0,Li3YCl6_Br,,5.0,,-2.9625733590537435,0.0010900003589181348,0,,,,,
exp_078,Li3YCl0.5Br5.5,,,,,,ok,,"[{""element"": ""Li"", ""value"": 1.0}, {""element"": ""Y"", ""value"": 3.0}, {""element"": ""Cl"", ""value"": -1.0}, {""element"": ""Br"", ""value"": -1.0}]","[{""element"": ""Li"", ""amount"": 3.0, ""oxidation_state"": 1.0, ""contribution"": 3.0}, {""element"": ""Y"", ""amount"": 1.0, ""oxidation_state"": 3.0, ""contribution"": 3.0}, {""element"": ""Cl"", ""amount"": 0.5, ""oxidation_state"": -1.0, ""contribution"": -0.5}, {""element"": ""Br"", ""amount"": 5.5, ""oxidation_state"": -1.0, ""contribution"": -5.5}]",0.0,0.0,Li3YCl6_Br,,5.5,,-2.9577802884735203,0.001102096724206612,0,,,,,
exp_079,Li3YBr6,,,,,,ok,,"[{""element"": ""Li"", ""value"": 1.0}, {""element"": ""Y"", ""value"": 3.0}, {""element"": ""Br"", ""value"": -1.0}]","[{""element"": ""Li"", ""amount"": 3.0, ""oxidation_state"": 1.0, ""contribution"": 3.0}, {""element"": ""Y"", ""amount"": 1.0, ""oxidation_state"": 3.0, ""contribution"": 3.0}, {""element"": ""Br"", ""amount"": 6.0, ""oxidation_state"": -1.0, ""contribution"": -6.0}]",0.0,0.0,Li3YCl6_Br,,6.0,,-2.911846671425214,0.0012250486289050245,0,,,,,
exp_080,Li2.95Y0.95Zr0.05Cl5.5Br0.5,,,,,,ok,,"[{""element"": ""Li"", ""value"": 1.0}, {""element"": ""Y"", ""value"": 3.0}, {""element"": ""Zr"", ""value"": 4.0}, {""element"": ""Cl"", ""value"": -1.0}, {""element"": ""Br"", ""value"": -1.0}]","[{""element"": ""Li"", ""amount"": 2.95, ""oxidation_state"": 1.0, ""contribution"": 2.95}, {""element"": ""Y"", ""amount"": 0.95, ""oxidation_state"": 3.0, ""contribution"": 2.8499999999999996}, {""element"": ""Zr"", ""amount"": 0.05, ""oxidation_state"": 4.0, ""contribution"": 0.2}, {""element"": ""Cl"", ""amount"": 5.5, ""oxidation_state"": -1.0, ""contribution"": -5.5}, {""element"": ""Br"", ""amount"": 0.5, ""oxidation_state"": -1.0, ""contribution"": -0.5}]",0.0,0.0,Li3YCl6_ZrBr,0.05,0.5,,-3.114666844754266,0.0007679503722474684,0,,,,,
exp_081,Li2.95Y0.95Zr0.05Cl5Br,,,,,,ok,,"[{""element"": ""Li"", ""value"": 1.0}, {""element"": ""Y"", ""value"": 3.0}, {""element"": ""Zr"", ""value"": 4.0}, {""element"": ""Cl"", ""value"": -1.0}, {""element"": ""Br"", ""value"": -1.0}]","[{""element"": ""Li"", ""amount"": 2.95, ""oxidation_state"": 1.0, ""contribution"": 2.95}, {""element"": ""Y"", ""amount"": 0.95, ""oxidation_state"": 3.0, ""contribution"": 2.8499999999999996}, {""element"": ""Zr"", ""amount"": 0.05, ""oxidation_state"": 4.0, ""contribution"": 0.2}, {""element"": ""Cl"", ""amount"": 5.0, ""oxidation_state"": -1.0, ""contribution"": -5.0}, {""element"": ""Br"", ""amount"": 1.0, ""oxidation_state"": -1.0, ""contribution"": -1.0}]",0.0,0.0,Li3YCl6_ZrBr,0.05,1.0,,-3.0465561714198617,0.0008983463934062623,0,,,,,
exp_082,Li2.95Y0.95Zr0.05Cl4Br2,,,,,,ok,,"[{""element"": ""Li"", ""value"": 1.0}, {""element"": ""Y"", ""value"": 3.0}, {""element"": ""Zr"", ""value"": 4.0}, {""element"": ""Cl"", ""value"": -1.0}, {""element"": ""Br"", ""value"": -1.0}]","[{""element"": ""Li"", ""amount"": 2.95, ""oxidation_state"": 1.0, ""contribution"": 2.95}, {""element"": ""Y"", ""amount"": 0.95, ""oxidation_state"": 3.0, ""contribution"": 2.8499999999999996}, {""element"": ""Zr"", ""amount"": 0.05, ""oxidation_state"": 4.0, ""contribution"": 0.2}, {""element"": ""Cl"", ""amount"": 4.0, ""oxidation_state"": -1.0, ""contribution"": -4.0}, {""element"": ""Br"", ""amount"": 2.0, ""oxidation_state"": -1.0, ""contribution"": -2.0}]",0.0,0.0,Li3YCl6_ZrBr,0.05,2.0,,-3.0399073355812005,0.0009122054537811104,0,,,,,
exp_083,Li2.95Y0.95Zr0.05Cl3Br3,,,,,,ok,,"[{""element"": ""Li"", ""value"": 1.0}, {""element"": ""Y"", ""value"": 3.0}, {""element"": ""Zr"", ""value"": 4.0}, {""element"": ""Cl"", ""value"": -1.0}, {""element"": ""Br"", ""value"": -1.0}]","[{""element"": ""Li"", ""amount"": 2.95, ""oxidation_state"": 1.0, ""contribution"": 2.95}, {""element"": ""Y"", ""amount"": 0.95, ""oxidation_state"": 3.0, ""contribution"": 2.8499999999999996}, {""element"": ""Zr"", ""amount"": 0.05, ""oxidation_state"": 4.0, ""contribution"": 0.2}, {""element"": ""Cl"", ""amount"": 3.0, ""oxidation_state"": -1.0, ""contribution"": -3.0}, {""element"": ""Br"", ""amount"": 3.0, ""oxidation_state"": -1.0, ""contribution"": -3.0}]",0.0,0.0,Li3YCl6_ZrBr,0.05,3.0,,-3.0228683566625545,0.0009487059914681543,0,,,,,
exp_084,Li2.9Y0.9Zr0.1Cl5.5Br0.5,,,,,,ok,,"[{""element"": ""Li"", ""value"": 1.0}, {""element"": ""Y"", ""value"": 3.0}, {""element"": ""Zr"", ""value"": 4.0}, {""element"": ""Cl"", ""value"": -1.0}, {""element"": ""Br"", ""value"": -1.0}]","[{""element"": ""Li"", ""amount"": 2.9, ""oxidation_state"": 1.0, ""contribution"": 2.9}, {""element"": ""Y"", ""amount"": 0.9, ""oxidation_state"": 3.0, ""contribution"": 2.7}, {""element"": ""Zr"", ""amount"": 0.1, ""oxidation_state"": 4.0, ""contribution"": 0.4}, {""element"": ""Cl"", ""amount"": 5.5, ""oxidation_state"": -1.0, ""contribution"": -5.5}, {""element"": ""Br"", ""amount"": 0.5, ""oxidation_state"": -1.0, ""contribution"": -0.5}]",0.0,0.0,Li3YCl6_ZrBr,0.1,0.5,,-3.1230090190222826,0.0007533399189112562,0,,,,,
exp_085,Li2.9Y0.9Zr0.1Cl5Br,,,,,,ok,,"[{""element"": ""Li"", ""value"": 1.0}, {""element"": ""Y"", ""value"": 3.0}, {""element"": ""Zr"", ""value"": 4.0}, {""element"": ""Cl"", ""value"": -1.0}, {""element"": ""Br"", ""value"": -1.0}]","[{""element"": ""Li"", ""amount"": 2.9, ""oxidation_state"": 1.0, ""contribution"": 2.9}, {""element"": ""Y"", ""amount"": 0.9, ""oxidation_state"": 3.0, ""contribution"": 2.7}, {""element"": ""Zr"", ""amount"": 0.1, ""oxidation_state"": 4.0, ""contribution"": 0.4}, {""element"": ""Cl"", ""amount"": 5.0, ""oxidation_state"": -1.0, ""contribution"": -5.0}, {""element"": ""Br"", ""amount"": 1.0, ""oxidation_state"": -1.0, ""contribution"": -1.0}]",0.0,0.0,Li3YCl6_ZrBr,0.1,1.0,,-3.081640243748311,0.0008286282897947124,0,,,,,
exp_086,Li2.9Y0.9Zr0.1Cl4Br2,,,,,,ok,,"[{""element"": ""Li"", ""value"": 1.0}, {""element"": ""Y"", ""value"": 3.0}, {""element"": ""Zr"", ""value"": 4.0}, {""element"": ""Cl"", ""value"": -1.0}, {""element"": ""Br"", ""value"": -1.0}]","[{""element"": ""Li"", ""amount"": 2.9, ""oxidation_state"": 1.0, ""contribution"": 2.9}, {""element"": ""Y"", ""amount"": 0.9, ""oxidation_state"": 3.0, ""contribution"": 2.7}, {""element"": ""Zr"", ""amount"": 0.1, ""oxidation_state"": 4.0, ""contribution"": 0.4}, {""element"": ""Cl"", ""amount"": 4.0, ""oxidation_state"": -1.0, ""contribution"": -4.0}, {""element"": ""Br"", ""amount"": 2.0, ""oxidation_state"": -1.0, ""contribution"": -2.0}]",0.0,0.0,Li3YCl6_ZrBr,0.1,2.0,,-3.0342451064437257,0.0009241764414632197,0,,,,,
exp_087,Li2.9Y0.9Zr0.1Cl3Br3,,,,,,ok,,"[{""element"": ""Li"", ""value"": 1.0}, {""element"": ""Y"", ""value"": 3.0}, {""element"": ""Zr"", ""value"": 4.0}, {""element"": ""Cl"", ""value"": -1.0}, {""element"": ""Br"", ""value"": -1.0}]","[{""element"": ""Li"", ""amount"": 2.9, ""oxidation_state"": 1.0, ""contribution"": 2.9}, {""element"": ""Y"", ""amount"": 0.9, ""oxidation_state"": 3.0, ""contribution"": 2.7}, {""element"": ""Zr"", ""amount"": 0.1, ""oxidation_state"": 4.0, ""contribution"": 0.4}, {""element"": ""Cl"", ""amount"": 3.0, ""oxidation_state"": -1.0, ""contribution"": -3.0}, {""element"": ""Br"", ""amount"": 3.0, ""oxidation_state"": -1.0, ""contribution"": -3.0}]",0.0,0.0,Li3YCl6_ZrBr,0.1,3.0,,-2.9398748506208974,0.0011484845292663562,0,,,,,
exp_088,Li2.8Y0.8Zr0.2Cl5.5Br0.5,,,,,,ok,,"[{""element"": ""Li"", ""value"": 1.0}, {""element"": ""Y"", ""value"": 3.0}, {""element"": ""Zr"", ""value"": 4.0}, {""element"": ""Cl"", ""value"": -1.0}, {""element"": ""Br"", ""value"": -1.0}]","[{""element"": ""Li"", ""amount"": 2.8, ""oxidation_state"": 1.0, ""contribution"": 2.8}, {""element"": ""Y"", ""amount"": 0.8, ""oxidation_state"": 3.0, ""contribution"": 2.4000000000000004}, {""element"": ""Zr"", ""amount"": 0.2, ""oxidation_state"": 4.0, ""contribution"": 0.8}, {""element"": ""Cl"", ""amount"": 5.5, ""oxidation_state"": -1.0, ""contribution"": -5.5}, {""element"": ""Br"", ""amount"": 0.5, ""oxidation_state"": -1.0, ""contribution"": -0.5}]",0.0,0.0,Li3YCl6_ZrBr,0.2,0.5,,-3.1409054256540814,0.0007229272150534929,0,,,,,
exp_089,Li2.8Y0.8Zr0.2Cl5Br,,,,,,ok,,"[{""element"": ""Li"", ""value"": 1.0}, {""element"": ""Y"", ""value"": 3.0}, {""element"": ""Zr"", ""value"": 4.0}, {""element"": ""Cl"", ""value"": -1.0}, {""element"": ""Br"", ""value"": -1.0}]","[{""element"": ""Li"", ""amount"": 2.8, ""oxidation_state"": 1.0, ""contribution"": 2.8}, {""element"": ""Y"", ""amount"": 0.8, ""oxidation_state"": 3.0, ""contribution"": 2.4000000000000004}, {""element"": ""Zr"", ""amount"": 0.2, ""oxidation_state"": 4.0, ""contribution"": 0.8}, {""element"": ""Cl"", ""amount"": 5.0, ""oxidation_state"": -1.0, ""contribution"": -5.0}, {""element"": ""Br"", ""amount"": 1.0, ""oxidation_state"": -1.0, ""contribution"": -1.0}]",0.0,0.0,Li3YCl6_ZrBr,0.2,1.0,,-3.061232932444335,0.0008684944901269721,0,,,,,
exp_090,Li2.8Y0.8Zr0.2Cl4Br2,,,,,,ok,,"[{""element"": ""Li"", ""value"": 1.0}, {""element"": ""Y"", ""value"": 3.0}, {""element"": ""Zr"", ""value"": 4.0}, {""element"": ""Cl"", ""value"": -1.0}, {""element"": ""Br"", ""value"": -1.0}]","[{""element"": ""Li"", ""amount"": 2.8, ""oxidation_state"": 1.0, ""contribution"": 2.8}, {""element"": ""Y"", ""amount"": 0.8, ""oxidation_state"": 3.0, ""contribution"": 2.4000000000000004}, {""element"": ""Zr"", ""amount"": 0.2, ""oxidation_state"": 4.0, ""contribution"": 0.8}, {""element"": ""Cl"", ""amount"": 4.0, ""oxidation_state"": -1.0, ""contribution"": -4.0}, {""element"": ""Br"", ""amount"": 2.0, ""oxidation_state"": -1.0, ""contribution"": -2.0}]",0.0,0.0,Li3YCl6_ZrBr,0.2,2.0,,-3.03123358426549,0.0009306072159386222,0,,,,,
exp_091,Li2.8Y0.8Zr0.2Cl3Br3,,,,,,ok,,"[{""element"": ""Li"", ""value"": 1.0}, {""element"": ""Y"", ""value"": 3.0}, {""element"": ""Zr"", ""value"": 4.0}, {""element"": ""Cl"", ""value"": -1.0}, {""element"": ""Br"", ""value"": -1.0}]","[{""element"": ""Li"", ""amount"": 2.8, ""oxidation_state"": 1.0, ""contribution"": 2.8}, {""element"": ""Y"", ""amount"": 0.8, ""oxidation_state"": 3.0, ""contribution"": 2.4000000000000004}, {""element"": ""Zr"", ""amount"": 0.2, ""oxidation_state"": 4.0, ""contribution"": 0.8}, {""element"": ""Cl"", ""amount"": 3.0, ""oxidation_state"": -1.0, ""contribution"": -3.0}, {""element"": ""Br"", ""amount"": 3.0, ""oxidation_state"": -1.0, ""contribution"": -3.0}]",0.0,0.0,Li3YCl6_ZrBr,0.2,3.0,,-2.991654727653855,0.001019401509505604,0,,,,,
exp_092,Li2.7Y0.7Zr0.3Cl5.5Br0.5,,,,,,ok,,"[{""element"": ""Li"", ""value"": 1.0}, {""element"": ""Y"", ""value"": 3.0}, {""element"": ""Zr"", ""value"": 4.0}, {""element"": ""Cl"", ""value"": -1.0}, {""element"": ""Br"", ""value"": -1.0}]","[{""element"": ""Li"", ""amount"": 2.7, ""oxidation_state"": 1.0, ""contribution"": 2.7}, {""element"": ""Y"", ""amount"": 0.7, ""oxidation_state"": 3.0, ""contribution"": 2.0999999999999996}, {""element"": ""Zr"", ""amount"": 0.3, ""oxidation_state"": 4.0, ""contribution"": 1.2}, {""element"": ""Cl"", ""amount"": 5.5, ""oxidation_state"": -1.0, ""contribution"": -5.5}, {""element"": ""Br"", ""amount"": 0.5, ""oxidation_state"": -1.0, ""contribution"": -0.5}]",0.0,0.0,Li3YCl6_ZrBr,0.3,0.5,,-3.072971470879549,0.0008453343739663845,0,,,,,
exp_093,Li2.7Y0.7Zr0.3Cl5Br,,,,,,ok,,"[{""element"": ""Li"", ""value"": 1.0}, {""element"": ""Y"", ""value"": 3.0}, {""element"": ""Zr"", ""value"": 4.0}, {""element"": ""Cl"", ""value"": -1.0}, {""element"": ""Br"", ""value"": -1.0}]","[{""element"": ""Li"", ""amount"": 2.7, ""oxidation_state"": 1.0, ""contribution"": 2.7}, {""element"": ""Y"", ""amount"": 0.7, ""oxidation_state"": 3.0, ""contribution"": 2.0999999999999996}, {""element"": ""Zr"", ""amount"": 0.3, ""oxidation_state"": 4.0, ""contribution"": 1.2}, {""element"": ""Cl"", ""amount"": 5.0, ""oxidation_state"": -1.0, ""contribution"": -5.0}, {""element"": ""Br"", ""amount"": 1.0, ""oxidation_state"": -1.0, ""contribution"": -1.0}]",0.0,0.0,Li3YCl6_ZrBr,0.3,1.0,,-3.0707053376966984,0.0008497568267747913,0,,,,,
exp_094,Li2.7Y0.7Zr0.3Cl4Br2,,,,,,ok,,"[{""element"": ""Li"", ""value"": 1.0}, {""element"": ""Y"", ""value"": 3.0}, {""element"": ""Zr"", ""value"": 4.0}, {""element"": ""Cl"", ""value"": -1.0}, {""element"": ""Br"", ""value"": -1.0}]","[{""element"": ""Li"", ""amount"": 2.7, ""oxidation_state"": 1.0, ""contribution"": 2.7}, {""element"": ""Y"", ""amount"": 0.7, ""oxidation_state"": 3.0, ""contribution"": 2.0999999999999996}, {""element"": ""Zr"", ""amount"": 0.3, ""oxidation_state"": 4.0, ""contribution"": 1.2}, {""element"": ""Cl"", ""amount"": 4.0, ""oxidation_state"": -1.0, ""contribution"": -4.0}, {""element"": ""Br"", ""amount"": 2.0, ""oxidation_state"": -1.0, ""contribution"": -2.0}]",0.0,0.0,Li3YCl6_ZrBr,0.3,2.0,,-3.055819564379718,0.0008793877987590004,0,,,,,
exp_095,Li2.7Y0.7Zr0.3Cl3Br3,,,,,,ok,,"[{""element"": ""Li"", ""value"": 1.0}, {""element"": ""Y"", ""value"": 3.0}, {""element"": ""Zr"", ""value"": 4.0}, {""element"": ""Cl"", ""value"": -1.0}, {""element"": ""Br"", ""value"": -1.0}]","[{""element"": ""Li"", ""amount"": 2.7, ""oxidation_state"": 1.0, ""contribution"": 2.7}, {""element"": ""Y"", ""amount"": 0.7, ""oxidation_state"": 3.0, ""contribution"": 2.0999999999999996}, {""element"": ""Zr"", ""amount"": 0.3, ""oxidation_state"": 4.0, ""contribution"": 1.2}, {""element"": ""Cl"", ""amount"": 3.0, ""oxidation_state"": -1.0, ""contribution"": -3.0}, {""element"": ""Br"", ""amount"": 3.0, ""oxidation_state"": -1.0, ""contribution"": -3.0}]",0.0,0.0,Li3YCl6_ZrBr,0.3,3.0,,-3.005192368254144,0.000988115317686321,0,,,,,
exp_096,Li3.05Y0.95Zn0.05Cl6,,,,,,ok,,"[{""element"": ""Li"", ""value"": 1.0}, {""element"": ""Y"", ""value"": 3.0}, {""element"": ""Zn"", ""value"": 2.0}, {""element"": ""Cl"", ""value"": -1.0}]","[{""element"": ""Li"", ""amount"": 3.05, ""oxidation_state"": 1.0, ""contribution"": 3.05}, {""element"": ""Y"", ""amount"": 0.95, ""oxidation_state"": 3.0, ""contribution"": 2.8499999999999996}, {""element"": ""Zn"", ""amount"": 0.05, ""oxidation_state"": 2.0, ""contribution"": 0.1}, {""element"": ""Cl"", ""amount"": 6.0, ""oxidation_state"": -1.0, ""contribution"": -6.0}]",0.0,0.0,Li3YCl6_Zn,0.05,,,-3.109567748904619,0.0007770200960546962,0,,,,,
exp_097,Li3.1Y0.9Zn0.1Cl6,,,,,,ok,,"[{""element"": ""Li"", ""value"": 1.0}, {""element"": ""Y"", ""value"": 3.0}, {""element"": ""Zn"", ""value"": 2.0}, {""element"": ""Cl"", ""value"": -1.0}]","[{""element"": ""Li"", ""amount"": 3.1, ""oxidation_state"": 1.0, ""contribution"": 3.1}, {""element"": ""Y"", ""amount"": 0.9, ""oxidation_state"": 3.0, ""contribution"": 2.7}, {""element"": ""Zn"", ""amount"": 0.1, ""oxidation_state"": 2.0, ""contribution"": 0.2}, {""element"": ""Cl"", ""amount"": 6.0, ""oxidation_state"": -1.0, ""contribution"": -6.0}]",0.0,0.0,Li3YCl6_Zn,0.1,,,-3.0917727697995283,0.000809519342570832,0,,,,,
exp_098,Li3.2Y0.8Zn0.2Cl6,,,,,,ok,,"[{""element"": ""Li"", ""value"": 1.0}, {""element"": ""Y"", ""value"": 3.0}, {""element"": ""Zn"", ""value"": 2.0}, {""element"": ""Cl"", ""value"": -1.0}]","[{""element"": ""Li"", ""amount"": 3.2, ""oxidation_state"": 1.0, ""contribution"": 3.2}, {""element"": ""Y"", ""amount"": 0.8, ""oxidation_state"": 3.0, ""contribution"": 2.4000000000000004}, {""element"": ""Zn"", ""amount"": 0.2, ""oxidation_state"": 2.0, ""contribution"": 0.4}, {""element"": ""Cl"", ""amount"": 6.0, ""oxidation_state"": -1.0, ""contribution"": -6.0}]",0.0,0.0,Li3YCl6_Zn,0.2,,,-3.052677922034161,0.0008857722655820219,0,,,,,
exp_099,Li3.3Y0.7Zn0.3Cl6,,,,,,ok,,"[{""element"": ""Li"", ""value"": 1.0}, {""element"": ""Y"", ""value"": 3.0}, {""element"": ""Zn"", ""value"": 2.0}, {""element"": ""Cl"", ""value"": -1.0}]","[{""element"": ""Li"", ""amount"": 3.3, ""oxidation_state"": 1.0, ""contribution"": 3.3}, {""element"": ""Y"", ""amount"": 0.7, ""oxidation_state"": 3.0, ""contribution"": 2.0999999999999996}, {""element"": ""Zn"", ""amount"": 0.3, ""oxidation_state"": 2.0, ""contribution"": 0.6}, {""element"": ""Cl"", ""amount"": 6.0, ""oxidation_state"": -1.0, ""contribution"": -6.0}]",0.0,0.0,Li3YCl6_Zn,0.3,,,-3.0569075227803157,0.0008771875866597797,0,,,,,
exp_100,Li3.4Y0.6Zn0.4Cl6,,,,,,ok,,"[{""element"": ""Li"", ""value"": 1.0}, {""element"": ""Y"", ""value"": 3.0}, {""element"": ""Zn"", ""value"": 2.0}, {""element"": ""Cl"", ""value"": -1.0}]","[{""element"": ""Li"", ""amount"": 3.4, ""oxidation_state"": 1.0, ""contribution"": 3.4}, {""element"": ""Y"", ""amount"": 0.6, ""oxidation_state"": 3.0, ""contribution"": 1.7999999999999998}, {""element"": ""Zn"", ""amount"": 0.4, ""oxidation_state"": 2.0, ""contribution"": 0.8}, {""element"": ""Cl"", ""amount"": 6.0, ""oxidation_state"": -1.0, ""contribution"": -6.0}]",0.0,0.0,Li3YCl6_Zn,0.4,,,-3.066446334319962,0.0008581311472610895,0,,,,,
exp_101,Li3.5Y0.5Zn0.5Cl6,,,,,,ok,,"[{""element"": ""Li"", ""value"": 1.0}, {""element"": ""Y"", ""value"": 3.0}, {""element"": ""Zn"", ""value"": 2.0}, {""element"": ""Cl"", ""value"": -1.0}]","[{""element"": ""Li"", ""amount"": 3.5, ""oxidation_state"": 1.0, ""contribution"": 3.5}, {""element"": ""Y"", ""amount"": 0.5, ""oxidation_state"": 3.0, ""contribution"": 1.5}, {""element"": ""Zn"", ""amount"": 0.5, ""oxidation_state"": 2.0, ""contribution"": 1.0}, {""element"": ""Cl"", ""amount"": 6.0, ""oxidation_state"": -1.0, ""contribution"": -6.0}]",0.0,0.0,Li3YCl6_Zn,0.5,,,-3.116038706170697,0.0007655283767271237,0,,,,,
exp_102,Li3.6Y0.4Zn0.6Cl6,,,,,,ok,,"[{""element"": ""Li"", ""value"": 1.0}, {""element"": ""Y"", ""value"": 3.0}, {""element"": ""Zn"", ""value"": 2.0}, {""element"": ""Cl"", ""value"": -1.0}]","[{""element"": ""Li"", ""amount"": 3.6, ""oxidation_state"": 1.0, ""contribution"": 3.6}, {""element"": ""Y"", ""amount"": 0.4, ""oxidation_state"": 3.0, ""contribution"": 1.2000000000000002}, {""element"": ""Zn"", ""amount"": 0.6, ""oxidation_state"": 2.0, ""contribution"": 1.2}, {""element"": ""Cl"", ""amount"": 6.0, ""oxidation_state"": -1.0, ""contribution"": -6.0}]",0.0,0.0,Li3YCl6_Zn,0.6,,,-3.1515349689467,0.0007054480398104181,0,,,,,
exp_103,Li3.7Y0.3Zn0.7Cl6,,,,,,ok,,"[{""element"": ""Li"", ""value"": 1.0}, {""element"": ""Y"", ""value"": 3.0}, {""element"": ""Zn"", ""value"": 2.0}, {""element"": ""Cl"", ""value"": -1.0}]","[{""element"": ""Li"", ""amount"": 3.7, ""oxidation_state"": 1.0, ""contribution"": 3.7}, {""element"": ""Y"", ""amount"": 0.3, ""oxidation_state"": 3.0, ""contribution"": 0.8999999999999999}, {""element"": ""Zn"", ""amount"": 0.7, ""oxidation_state"": 2.0, ""contribution"": 1.4}, {""element"": ""Cl"", ""amount"": 6.0, ""oxidation_state"": -1.0, ""contribution"": -6.0}]",0.0,0.0,Li3YCl6_Zn,0.7,,,-3.259807643834205,0.0005497843284560979,0,,,,,
exp_104,Li3Y0.95In0.05Cl6,,,,,,ok,,"[{""element"": ""Li"", ""value"": 1.0}, {""element"": ""Y"", ""value"": 3.0}, {""element"": ""In"", ""value"": 3.0}, {""element"": ""Cl"", ""value"": -1.0}]","[{""element"": ""Li"", ""amount"": 3.0, ""oxidation_state"": 1.0, ""contribution"": 3.0}, {""element"": ""Y"", ""amount"": 0.95, ""oxidation_state"": 3.0, ""contribution"": 2.8499999999999996}, {""element"": ""In"", ""amount"": 0.05, ""oxidation_state"": 3.0, ""contribution"": 0.15000000000000002}, {""element"": ""Cl"", ""amount"": 6.0, ""oxidation_state"": -1.0, ""contribution"": -6.0}]",0.0,0.0,Li3YCl6_In,0.05,,,-3.1054900085912864,0.000784350163488188,0,,,,,
exp_105,Li3Y0.9In0.1Cl6,,,,,,ok,,"[{""element"": ""Li"", ""value"": 1.0}, {""element"": ""Y"", ""value"": 3.0}, {""element"": ""In"", ""value"": 3.0}, {""element"": ""Cl"", ""value"": -1.0}]","[{""element"": ""Li"", ""amount"": 3.0, ""oxidation_state"": 1.0, ""contribution"": 3.0}, {""element"": ""Y"", ""amount"": 0.9, ""oxidation_state"": 3.0, ""contribution"": 2.7}, {""element"": ""In"", ""amount"": 0.1, ""oxidation_state"": 3.0, ""contribution"": 0.30000000000000004}, {""element"": ""Cl"", ""amount"": 6.0, ""oxidation_state"": -1.0, ""contribution"": -6.0}]",0.0,0.0,Li3YCl6_In,0.1,,,-3.1158221423451,0.0007659102077259781,0,,,,,
exp_106,Li3Y0.8In0.2Cl6,,,,,,ok,,"[{""element"": ""Li"", ""value"": 1.0}, {""element"": ""Y"", ""value"": 3.0}, {""element"": ""In"", ""value"": 3.0}, {""element"": ""Cl"", ""value"": -1.0}]","[{""element"": ""Li"", ""amount"": 3.0, ""oxidation_state"": 1.0, ""contribution"": 3.0}, {""element"": ""Y"", ""amount"": 0.8, ""oxidation_state"": 3.0, ""contribution"": 2.4000000000000004}, {""element"": ""In"", ""amount"": 0.2, ""oxidation_state"": 3.0, ""contribution"": 0.6000000000000001}, {""element"": ""Cl"", ""amount"": 6.0, ""oxidation_state"": -1.0, ""contribution"": -6.0}]",0.0,0.0,Li3YCl6_In,0.2,,,-3.0881983554432524,0.0008162094986155884,0,,,,,
exp_107,Li3Y0.7In0.3Cl6,,,,,,ok,,"[{""element"": ""Li"", ""value"": 1.0}, {""element"": ""Y"", ""value"": 3.0}, {""element"": ""In"", ""value"": 3.0}, {""element"": ""Cl"", ""value"": -1.0}]","[{""element"": ""Li"", ""amount"": 3.0, ""oxidation_state"": 1.0, ""contribution"": 3.0}, {""element"": ""Y"", ""amount"": 0.7, ""oxidation_state"": 3.0, ""contribution"": 2.0999999999999996}, {""element"": ""In"", ""amount"": 0.3, ""oxidation_state"": 3.0, ""contribution"": 0.8999999999999999}, {""element"": ""Cl"", ""amount"": 6.0, ""oxidation_state"": -1.0, ""contribution"": -6.0}]",0.0,0.0,Li3YCl6_In,0.3,,,-3.0662787154278,0.0008584624127033541,0,,,,,
exp_108,Li3Y0.6In0.4Cl6,,,,,,ok,,"[{""element"": ""Li"", ""value"": 1.0}, {""element"": ""Y"", ""value"": 3.0}, {""element"": ""In"", ""value"": 3.0}, {""element"": ""Cl"", ""value"": -1.0}]","[{""element"": ""Li"", ""amount"": 3.0, ""oxidation_state"": 1.0, ""contribution"": 3.0}, {""element"": ""Y"", ""amount"": 0.6, ""oxidation_state"": 3.0, ""contribution"": 1.7999999999999998}, {""element"": ""In"", ""amount"": 0.4, ""oxidation_state"": 3.0, ""contribution"": 1.2000000000000002}, {""element"": ""Cl"", ""amount"": 6.0, ""oxidation_state"": -1.0, ""contribution"": -6.0}]",0.0,0.0,Li3YCl6_In,0.4,,,-3.1353492930968607,0.0007322353761192667,0,,,,,
exp_109,Li3Y0.5In0.5Cl6,,,,,,ok,,"[{""element"": ""Li"", ""value"": 1.0}, {""element"": ""Y"", ""value"": 3.0}, {""element"": ""In"", ""value"": 3.0}, {""element"": ""Cl"", ""value"": -1.0}]","[{""element"": ""Li"", ""amount"": 3.0, ""oxidation_state"": 1.0, ""contribution"": 3.0}, {""element"": ""Y"", ""amount"": 0.5, ""oxidation_state"": 3.0, ""contribution"": 1.5}, {""element"": ""In"", ""amount"": 0.5, ""oxidation_state"": 3.0, ""contribution"": 1.5}, {""element"": ""Cl"", ""amount"": 6.0, ""oxidation_state"": -1.0, ""contribution"": -6.0}]",0.0,0.0,Li3YCl6_In,0.5,,,-3.1232483246955773,0.0007529249266319127,0,,,,,
exp_110,Li3Y0.4In0.6Cl6,,,,,,ok,,"[{""element"": ""Li"", ""value"": 1.0}, {""element"": ""Y"", ""value"": 3.0}, {""element"": ""In"", ""value"": 3.0}, {""element"": ""Cl"", ""value"": -1.0}]","[{""element"": ""Li"", ""amount"": 3.0, ""oxidation_state"": 1.0, ""contribution"": 3.0}, {""element"": ""Y"", ""amount"": 0.4, ""oxidation_state"": 3.0, ""contribution"": 1.2000000000000002}, {""element"": ""In"", ""amount"": 0.6, ""oxidation_state"": 3.0, ""contribution"": 1.7999999999999998}, {""element"": ""Cl"", ""amount"": 6.0, ""oxidation_state"": -1.0, ""contribution"": -6.0}]",0.0,0.0,Li3YCl6_In,0.6,,,-3.1390200926331344,0.0007260723649219091,0,,,,,
exp_111,Li3Y0.3In0.7Cl6,,,,,,ok,,"[{""element"": ""Li"", ""value"": 1.0}, {""element"": ""Y"", ""value"": 3.0}, {""element"": ""In"", ""value"": 3.0}, {""element"": ""Cl"", ""value"": -1.0}]","[{""element"": ""Li"", ""amount"": 3.0, ""oxidation_state"": 1.0, ""contribution"": 3.0}, {""element"": ""Y"", ""amount"": 0.3, ""oxidation_state"": 3.0, ""contribution"": 0.8999999999999999}, {""element"": ""In"", ""amount"": 0.7, ""oxidation_state"": 3.0, ""contribution"": 2.0999999999999996}, {""element"": ""Cl"", ""amount"": 6.0, ""oxidation_state"": -1.0, ""contribution"": -6.0}]",0.0,0.0,Li3YCl6_In,0.7,,,-3.1797927791595146,0.0006610087688906298,0,,,,,
exp_112,Li3Y0.9Zr0.05Zn0.05Cl6,,,,,,ok,,"[{""element"": ""Li"", ""value"": 1.0}, {""element"": ""Y"", ""value"": 3.0}, {""element"": ""Zr"", ""value"": 4.0}, {""element"": ""Zn"", ""value"": 2.0}, {""element"": ""Cl"", ""value"": -1.0}]","[{""element"": ""Li"", ""amount"": 3.0, ""oxidation_state"": 1.0, ""contribution"": 3.0}, {""element"": ""Y"", ""amount"": 0.9, ""oxidation_state"": 3.0, ""contribution"": 2.7}, {""element"": ""Zr"", ""amount"": 0.05, ""oxidation_state"": 4.0, ""contribution"": 0.2}, {""element"": ""Zn"", ""amount"": 0.05, ""oxidation_state"": 2.0, ""contribution"": 0.1}, {""element"": ""Cl"", ""amount"": 6.0, ""oxidation_state"": -1.0, ""contribution"": -6.0}]",0.0,0.0,Li3YCl6_ZrZn,0.05,0.05,,-3.1054900085912864,0.000784350163488188,0,,,,,
exp_113,Li3.05Y0.85Zr0.05Zn0.1Cl6,,,,,,ok,,"[{""element"": ""Li"", ""value"": 1.0}, {""element"": ""Y"", ""value"": 3.0}, {""element"": ""Zr"", ""value"": 4.0}, {""element"": ""Zn"", ""value"": 2.0}, {""element"": ""Cl"", ""value"": -1.0}]","[{""element"": ""Li"", ""amount"": 3.05, ""oxidation_state"": 1.0, ""contribution"": 3.05}, {""element"": ""Y"", ""amount"": 0.85, ""oxidation_state"": 3.0, ""contribution"": 2.55}, {""element"": ""Zr"", ""amount"": 0.05, ""oxidation_state"": 4.0, ""contribution"": 0.2}, {""element"": ""Zn"", ""amount"": 0.1, ""oxidation_state"": 2.0, ""contribution"": 0.2}, {""element"": ""Cl"", ""amount"": 6.0, ""oxidation_state"": -1.0, ""contribution"": -6.0}]",0.0,0.0,Li3YCl6_ZrZn,0.05,0.1,,-3.0688781400946397,0.0008533395213549726,0,,,,,
exp_114,Li3.15Y0.75Zr0.05Zn0.2Cl6,,,,,,ok,,"[{""element"": ""Li"", ""value"": 1.0}, {""element"": ""Y"", ""value"": 3.0}, {""element"": ""Zr"", ""value"": 4.0}, {""element"": ""Zn"", ""value"": 2.0}, {""element"": ""Cl"", ""value"": -1.0}]","[{""element"": ""Li"", ""amount"": 3.15, ""oxidation_state"": 1.0, ""contribution"": 3.15}, {""element"": ""Y"", ""amount"": 0.75, ""oxidation_state"": 3.0, ""contribution"": 2.25}, {""element"": ""Zr"", ""amount"": 0.05, ""oxidation_state"": 4.0, ""contribution"": 0.2}, {""element"": ""Zn"", ""amount"": 0.2, ""oxidation_state"": 2.0, ""contribution"": 0.4}, {""element"": ""Cl"", ""amount"": 6.0, ""oxidation_state"": -1.0, ""contribution"": -6.0}]",0.0,0.0,Li3YCl6_ZrZn,0.05,0.2,,-3.05451913766826,0.0008820249338728428,0,,,,,
exp_115,Li2.95Y0.85Zr0.1Zn0.05Cl6,,,,,,ok,,"[{""element"": ""Li"", ""value"": 1.0}, {""element"": ""Y"", ""value"": 3.0}, {""element"": ""Zr"", ""value"": 4.0}, {""element"": ""Zn"", ""value"": 2.0}, {""element"": ""Cl"", ""value"": -1.0}]","[{""element"": ""Li"", ""amount"": 2.95, ""oxidation_state"": 1.0, ""contribution"": 2.95}, {""element"": ""Y"", ""amount"": 0.85, ""oxidation_state"": 3.0, ""contribution"": 2.55}, {""element"": ""Zr"", ""amount"": 0.1, ""oxidation_state"": 4.0, ""contribution"": 0.4}, {""element"": ""Zn"", ""amount"": 0.05, ""oxidation_state"": 2.0, ""contribution"": 0.1}, {""element"": ""Cl"", ""amount"": 6.0, ""oxidation_state"": -1.0, ""contribution"": -6.0}]",0.0,0.0,Li3YCl6_ZrZn,0.1,0.05,,-3.1341963435910736,0.0007341818710874512,0,,,,,
exp_116,Li3Y0.8Zr0.1Zn0.1Cl6,,,,,,ok,,"[{""element"": ""Li"", ""value"": 1.0}, {""element"": ""Y"", ""value"": 3.0}, {""element"": ""Zr"", ""value"": 4.0}, {""element"": ""Zn"", ""value"": 2.0}, {""element"": ""Cl"", ""value"": -1.0}]","[{""element"": ""Li"", ""amount"": 3.0, ""oxidation_state"": 1.0, ""contribution"": 3.0}, {""element"": ""Y"", ""amount"": 0.8, ""oxidation_state"": 3.0, ""contribution"": 2.4000000000000004}, {""element"": ""Zr"", ""amount"": 0.1, ""oxidation_state"": 4.0, ""contribution"": 0.4}, {""element"": ""Zn"", ""amount"": 0.1, ""oxidation_state"": 2.0, ""contribution"": 0.2}, {""element"": ""Cl"", ""amount"": 6.0, ""oxidation_state"": -1.0, ""contribution"": -6.0}]",0.0,0.0,Li3YCl6_ZrZn,0.1,0.1,,-3.0884076389314474,0.0008158162676941512,0,,,,,
exp_117,Li3.1Y0.7Zr0.1Zn0.2Cl6,,,,,,ok,,"[{""element"": ""Li"", ""value"": 1.0}, {""element"": ""Y"", ""value"": 3.0}, {""element"": ""Zr"", ""value"": 4.0}, {""element"": ""Zn"", ""value"": 2.0}, {""element"": ""Cl"", ""value"": -1.0}]","[{""element"": ""Li"", ""amount"": 3.1, ""oxidation_state"": 1.0, ""contribution"": 3.1}, {""element"": ""Y"", ""amount"": 0.7, ""oxidation_state"": 3.0, ""contribution"": 2.0999999999999996}, {""element"": ""Zr"", ""amount"": 0.1, ""oxidation_state"": 4.0, ""contribution"": 0.4}, {""element"": ""Zn"", ""amount"": 0.2, ""oxidation_state"": 2.0, ""contribution"": 0.4}, {""element"": ""Cl"", ""amount"": 6.0, ""oxidation_state"": -1.0, ""contribution"": -6.0}]",0.0,0.0,Li3YCl6_ZrZn,0.1,0.2,,-3.0637576139753047,0.0008634603229924655,0,,,,,
exp_118,Li2.85Y0.75Zr0.2Zn0.05Cl6,,,,,,ok,,"[{""element"": ""Li"", ""value"": 1.0}, {""element"": ""Y"", ""value"": 3.0}, {""element"": ""Zr"", ""value"": 4.0}, {""element"": ""Zn"", ""value"": 2.0}, {""element"": ""Cl"", ""value"": -1.0}]","[{""element"": ""Li"", ""amount"": 2.85, ""oxidation_state"": 1.0, ""contribution"": 2.85}, {""element"": ""Y"", ""amount"": 0.75, ""oxidation_state"": 3.0, ""contribution"": 2.25}, {""element"": ""Zr"", ""amount"": 0.2, ""oxidation_state"": 4.0, ""contribution"": 0.8}, {""element"": ""Zn"", ""amount"": 0.05, ""oxidation_state"": 2.0, ""contribution"": 0.1}, {""element"": ""Cl"", ""amount"": 6.0, ""oxidation_state"": -1.0, ""contribution"": -6.0}]",0.0,0.0,Li3YCl6_ZrZn,0.2,0.05,,-3.1232935130650046,0.0007528465888193372,0,,,,,
exp_119,Li2.9Y0.7Zr0.2Zn0.1Cl6,,,,,,ok,,"[{""element"": ""Li"", ""value"": 1.0}, {""element"": ""Y"", ""value"": 3.0}, {""element"": ""Zr"", ""value"": 4.0}, {""element"": ""Zn"", ""value"": 2.0}, {""element"": ""Cl"", ""value"": -1.0}]","[{""element"": ""Li"", ""amount"": 2.9, ""oxidation_state"": 1.0, ""contribution"": 2.9}, {""element"": ""Y"", ""amount"": 0.7, ""oxidation_state"": 3.0, ""contribution"": 2.0999999999999996}, {""element"": ""Zr"", ""amount"": 0.2, ""oxidation_state"": 4.0, ""contribution"": 0.8}, {""element"": ""Zn"", ""amount"": 0.1, ""oxidation_state"": 2.0, ""contribution"": 0.2}, {""element"": ""Cl"", ""amount"": 6.0, ""oxidation_state"": -1.0, ""contribution"": -6.0}]",0.0,0.0,Li3YCl6_ZrZn,0.2,0.1,,-3.1322244421384577,0.0007375229818689594,0,,,,,
exp_120,Li3Y0.85Zr0.05Zn0.05In0.05Cl6,,,,,,ok,,"[{""element"": ""Li"", ""value"": 1.0}, {""element"": ""Y"", ""value"": 3.0}, {""element"": ""Zr"", ""value"": 4.0}, {""element"": ""Zn"", ""value"": 2.0}, {""element"": ""In"", ""value"": 3.0}, {""element"": ""Cl"", ""value"": -1.0}]","[{""element"": ""Li"", ""amount"": 3.0, ""oxidation_state"": 1.0, ""contribution"": 3.0}, {""element"": ""Y"", ""amount"": 0.85, ""oxidation_state"": 3.0, ""contribution"": 2.55}, {""element"": ""Zr"", ""amount"": 0.05, ""oxidation_state"": 4.0, ""contribution"": 0.2}, {""element"": ""Zn"", ""amount"": 0.05, ""oxidation_state"": 2.0, ""contribution"": 0.1}, {""element"": ""In"", ""amount"": 0.05, ""oxidation_state"": 3.0, ""contribution"": 0.15000000000000002}, {""element"": ""Cl"", ""amount"": 6.0, ""oxidation_state"": -1.0, ""contribution"": -6.0}]",0.0,0.0,Li3YCl6_ZrZnIn,0.05,0.05,0.05,-3.0960975519680414,0.000801498009315076,0,,,,,
exp_121,Li3Y0.8Zr0.05Zn0.05In0.1Cl6,,,,,,ok,,"[{""element"": ""Li"", ""value"": 1.0}, {""element"": ""Y"", ""value"": 3.0}, {""element"": ""Zr"", ""value"": 4.0}, {""element"": ""Zn"", ""value"": 2.0}, {""element"": ""In"", ""value"": 3.0}, {""element"": ""Cl"", ""value"": -1.0}]","[{""element"": ""Li"", ""amount"": 3.0, ""oxidation_state"": 1.0, ""contribution"": 3.0}, {""element"": ""Y"", ""amount"": 0.8, ""oxidation_state"": 3.0, ""contribution"": 2.4000000000000004}, {""element"": ""Zr"", ""amount"": 0.05, ""oxidation_state"": 4.0, ""contribution"": 0.2}, {""element"": ""Zn"", ""amount"": 0.05, ""oxidation_state"": 2.0, ""contribution"": 0.1}, {""element"": ""In"", ""amount"": 0.1, ""oxidation_state"": 3.0, ""contribution"": 0.30000000000000004}, {""element"": ""Cl"", ""amount"": 6.0, ""oxidation_state"": -1.0, ""contribution"": -6.0}]",0.0,0.0,Li3YCl6_ZrZnIn,0.05,0.05,0.1,-3.085237599603617,0.0008217929295286111,0,,,,,
exp_122,Li3.05Y0.8Zr0.05Zn0.1In0.05Cl6,,,,,,ok,,"[{""element"": ""Li"", ""value"": 1.0}, {""element"": ""Y"", ""value"": 3.0}, {""element"": ""Zr"", ""value"": 4.0}, {""element"": ""Zn"", ""value"": 2.0}, {""element"": ""In"", ""value"": 3.0}, {""element"": ""Cl"", ""value"": -1.0}]","[{""element"": ""Li"", ""amount"": 3.05, ""oxidation_state"": 1.0, ""contribution"": 3.05}, {""element"": ""Y"", ""amount"": 0.8, ""oxidation_state"": 3.0, ""contribution"": 2.4000000000000004}, {""element"": ""Zr"", ""amount"": 0.05, ""oxidation_state"": 4.0, ""contribution"": 0.2}, {""element"": ""Zn"", ""amount"": 0.1, ""oxidation_state"": 2.0, ""contribution"": 0.2}, {""element"": ""In"", ""amount"": 0.05, ""oxidation_state"": 3.0, ""contribution"": 0.15000000000000002}, {""element"": ""Cl"", ""amount"": 6.0, ""oxidation_state"": -1.0, ""contribution"": -6.0}]",0.0,0.0,Li3YCl6_ZrZnIn,0.05,0.1,0.05,-3.0657081007668094,0.0008595910781712317,0,,,,,
exp_123,Li3.05Y0.75Zr0.05Zn0.1In0.1Cl6,,,,,,ok,,"[{""element"": ""Li"", ""value"": 1.0}, {""element"": ""Y"", ""value"": 3.0}, {""element"": ""Zr"", ""value"": 4.0}, {""element"": ""Zn"", ""value"": 2.0}, {""element"": ""In"", ""value"": 3.0}, {""element"": ""Cl"", ""value"": -1.0}]","[{""element"": ""Li"", ""amount"": 3.05, ""oxidation_state"": 1.0, ""contribution"": 3.05}, {""element"": ""Y"", ""amount"": 0.75, ""oxidation_state"": 3.0, ""contribution"": 2.25}, {""element"": ""Zr"", ""amount"": 0.05, ""oxidation_state"": 4.0, ""contribution"": 0.2}, {""element"": ""Zn"", ""amount"": 0.1, ""oxidation_state"": 2.0, ""contribution"": 0.2}, {""element"": ""In"", ""amount"": 0.1, ""oxidation_state"": 3.0, ""contribution"": 0.30000000000000004}, {""element"": ""Cl"", ""amount"": 6.0, ""oxidation_state"": -1.0, ""contribution"": -6.0}]",0.0,0.0,Li3YCl6_ZrZnIn,0.05,0.1,0.1,-3.066770220435886,0.0008574914127897037,0,,,,,
exp_124,Li2.95Y0.8Zr0.1Zn0.05In0.05Cl6,,,,,,ok,,"[{""element"": ""Li"", ""value"": 1.0}, {""element"": ""Y"", ""value"": 3.0}, {""element"": ""Zr"", ""value"": 4.0}, {""element"": ""Zn"", ""value"": 2.0}, {""element"": ""In"", ""value"": 3.0}, {""element"": ""Cl"", ""value"": -1.0}]","[{""element"": ""Li"", ""amount"": 2.95, ""oxidation_state"": 1.0, ""contribution"": 2.95}, {""element"": ""Y"", ""amount"": 0.8, ""oxidation_state"": 3.0, ""contribution"": 2.4000000000000004}, {""element"": ""Zr"", ""amount"": 0.1, ""oxidation_state"": 4.0, ""contribution"": 0.4}, {""element"": ""Zn"", ""amount"": 0.05, ""oxidation_state"": 2.0, ""contribution"": 0.1}, {""element"": ""In"", ""amount"": 0.05, ""oxidation_state"": 3.0, ""contribution"": 0.15000000000000002}, {""element"": ""Cl"", ""amount"": 6.0, ""oxidation_state"": -1.0, ""contribution"": -6.0}]",0.0,0.0,Li3YCl6_ZrZnIn,0.1,0.05,0.05,-3.1203216719320666,0.0007580159220973533,0,,,,,
exp_125,Li2.95Y0.75Zr0.1Zn0.05In0.1Cl6,,,,,,ok,,"[{""element"": ""Li"", ""value"": 1.0}, {""element"": ""Y"", ""value"": 3.0}, {""element"": ""Zr"", ""value"": 4.0}, {""element"": ""Zn"", ""value"": 2.0}, {""element"": ""In"", ""value"": 3.0}, {""element"": ""Cl"", ""value"": -1.0}]","[{""element"": ""Li"", ""amount"": 2.95, ""oxidation_state"": 1.0, ""contribution"": 2.95}, {""element"": ""Y"", ""amount"": 0.75, ""oxidation_state"": 3.0, ""contribution"": 2.25}, {""element"": ""Zr"", ""amount"": 0.1, ""oxidation_state"": 4.0, ""contribution"": 0.4}, {""element"": ""Zn"", ""amount"": 0.05, ""oxidation_state"": 2.0, ""contribution"": 0.1}, {""element"": ""In"", ""amount"": 0.1, ""oxidation_state"": 3.0, ""contribution"": 0.30000000000000004}, {""element"": ""Cl"", ""amount"": 6.0, ""oxidation_state"": -1.0, ""contribution"": -6.0}]",0.0,0.0,Li3YCl6_ZrZnIn,0.1,0.05,0.1,-3.1183711851405618,0.0007614279505088485,0,,,,,
exp_126,Li3Y0.75Zr0.1Zn0.1In0.05Cl6,,,,,,ok,,"[{""element"": ""Li"", ""value"": 1.0}, {""element"": ""Y"", ""value"": 3.0}, {""element"": ""Zr"", ""value"": 4.0}, {""element"": ""Zn"", ""value"": 2.0}, {""element"": ""In"", ""value"": 3.0}, {""element"": ""Cl"", ""value"": -1.0}]","[{""element"": ""Li"", ""amount"": 3.0, ""oxidation_state"": 1.0, ""contribution"": 3.0}, {""element"": ""Y"", ""amount"": 0.75, ""oxidation_state"": 3.0, ""contribution"": 2.25}, {""element"": ""Zr"", ""amount"": 0.1, ""oxidation_state"": 4.0, ""contribution"": 0.4}, {""element"": ""Zn"", ""amount"": 0.1, ""oxidation_state"": 2.0, ""contribution"": 0.2}, {""element"": ""In"", ""amount"": 0.05, ""oxidation_state"": 3.0, ""contribution"": 0.15000000000000002}, {""element"": ""Cl"", ""amount"": 6.0, ""oxidation_state"": -1.0, ""contribution"": -6.0}]",0.0,0.0,Li3YCl6_ZrZnIn,0.1,0.1,0.05,-3.085237599603617,0.0008217929295286111,0,,,,,
exp_127,Li3Y0.7Zr0.1Zn0.1In0.1Cl6,,,,,,ok,,"[{""element"": ""Li"", ""value"": 1.0}, {""element"": ""Y"", ""value"": 3.0}, {""element"": ""Zr"", ""value"": 4.0}, {""element"": ""Zn"", ""value"": 2.0}, {""element"": ""In"", ""value"": 3.0}, {""element"": ""Cl"", ""value"": -1.0}]","[{""element"": ""Li"", ""amount"": 3.0, ""oxidation_state"": 1.0, ""contribution"": 3.0}, {""element"": ""Y"", ""amount"": 0.7, ""oxidation_state"": 3.0, ""contribution"": 2.0999999999999996}, {""element"": ""Zr"", ""amount"": 0.1, ""oxidation_state"": 4.0, ""contribution"": 0.4}, {""element"": ""Zn"", ""amount"": 0.1, ""oxidation_state"": 2.0, ""contribution"": 0.2}, {""element"": ""In"", ""amount"": 0.1, ""oxidation_state"": 3.0, ""contribution"": 0.30000000000000004}, {""element"": ""Cl"", ""amount"": 6.0, ""oxidation_state"": -1.0, ""contribution"": -6.0}]",0.0,0.0,Li3YCl6_ZrZnIn,0.1,0.1,0.1,-3.0832871128121124,0.0008254920349724111,0,,,,,
