ID,Reduced Composition,Z,True Composition,Ionic conductivity (S cm-1),IC (Total),IC (Bulk),Space group,Space group #,a,b,c,alpha,beta,gamma,Family,DOI,Checked,Ref,Cif ID,Cif ref_1,Cif ref_2,note,close match,close match DOI,ICSD ID,Laskowski ID,Liion ID,removed_reason
5z0,Li5AlO4,,Li5 Al1 O4,5e-10,,,,,,,,,,,oxides,10.1016/0025-5408(76)90169-0,1,data/database/obelix/processed/all-v1.csv,,,,close match: Yes；close match DOI: 10.1002/zaac.19713800303; synthesis_method=unknow; measured_temperature=RT; amorphous=unknow; source_year=1976,,,,,,model threshold: conductivity < 1e-06
9zk,Li5GaO4,,Li5 Ga1 O4,5e-09,,,,,,,,,,,oxides,10.1016/0025-5408(76)90169-0,1,data/database/obelix/processed/all-v1.csv,,,,synthesis_method=unknow; measured_temperature=RT; amorphous=unknow; source_year=1976,,,,,,model threshold: conductivity < 1e-06
r5y,Li2CdCl4,,Li2 Cd1 Cl4,5.8e-07,,,,,,,,,,,chlorides,10.1016/0025-5408(81)90142-2,1,data/database/obelix/processed/all-v1.csv,,,,composition corrected; synthesis_method=unknow; measured_temperature=RT; amorphous=unknow; source_year=1981,,,,,,model threshold: conductivity < 1e-06
bv2,LiYO2,,Li1 Y1 O2,1.8e-08,,,,,,,,,,,oxides,10.1016/0167-2738(81)90021-7,1,data/database/obelix/processed/all-v1.csv,,,,check cif file matching; synthesis_method=unknow; measured_temperature=RT; amorphous=unknow; source_year=1981,,,,,,model threshold: conductivity < 1e-06
t0h,Li2ZrO3,,Li2 Zr1 O3,6.1e-10,,,,,,,,,,,oxides,10.1016/0167-2738(81)90021-7,1,data/database/obelix/processed/all-v1.csv,,,,check cif file matching; synthesis_method=unknow; measured_temperature=RT; amorphous=unknow; source_year=1981,,,,,,model threshold: conductivity < 1e-06
vy5,K0.1Li0.9Sb1O3,,K0.1 Li0.9 Sb1 O3,1.36e-08,,,,,,,,,,,oxides,10.1016/0167-2738(81)90178-8,1,data/database/obelix/processed/all-v1.csv,,,,synthesis_method=unknow; measured_temperature=RT; amorphous=unknow; source_year=1981,,,,,,model threshold: conductivity < 1e-06
dvn,Li2MgCl4,,Li2 Mg1 Cl4,6.24e-07,,,,,,,,,,,chlorides,10.1016/0167-2738(83)90223-0,1,data/database/obelix/processed/all-v1.csv,,,,close match: Yes；close match DOI: 10.1002/zaac.19946200505; synthesis_method=unknow; measured_temperature=RT; amorphous=unknow; source_year=1983,,,,,,model threshold: conductivity < 1e-06
br1,Li3AlN2,,Li3 Al1 N2,5e-08,,,,,,,,,,,nitrides,10.1016/0167-2738(85)90106-7,1,data/database/obelix/processed/all-v1.csv,,,,close match: Yes；close match DOI: 10.1002/zaac.19482570102; synthesis_method=unknow; measured_temperature=RT; amorphous=unknow; source_year=1985,,,,,,model threshold: conductivity < 1e-06
45e,Li2MgBr4,,Li2 Mg1 Br4,7.8e-10,,,,,,,,,,,halides,10.1002/chin.198639014|10.1149/1.2108704,1,data/database/obelix/processed/all-v1.csv,,,,synthesis_method=unknow; measured_temperature=RT; amorphous=unknow; source_year=1986,,,,,,model threshold: conductivity < 1e-06
ci1,Li1Zr1.8Ti0.2P3O12,,Li1 Zr1.8 Ti0.2 P3 O12,5.6e-08,,,,,,,,,,,nasicon,10.1016/0167-2738(86)90179-7,1,data/database/obelix/processed/all-v1.csv,,,,synthesis_method=unknow; measured_temperature=RT; amorphous=unknow; source_year=1986,,,,,,model threshold: conductivity < 1e-06
08e,Li1Zr0.2Ti1.8P3O12,,Li1 Zr0.2 Ti1.8 P3 O12,8.5e-08,,,,,,,,,,,nasicon,10.1016/0167-2738(86)90179-7,1,data/database/obelix/processed/all-v1.csv,,,,synthesis_method=unknow; measured_temperature=RT; amorphous=unknow; source_year=1986,,,,,,model threshold: conductivity < 1e-06
xkh,Li1Zr1.9Ti0.1P3O12,,Li1 Zr1.9 Ti0.1 P3 O12,3.2e-08,,,,,,,,,,,nasicon,10.1016/0167-2738(86)90179-7,1,data/database/obelix/processed/all-v1.csv,,,,synthesis_method=unknow; measured_temperature=RT; amorphous=unknow; source_year=1986,,,,,,model threshold: conductivity < 1e-06
tka,LiSi2N3,,Li1 Si2 N3,6.17e-08,,,,,,,,,,,nitride,10.1016/0167-2738(87)90119-6,1,data/database/obelix/processed/all-v1.csv,,,,synthesis_method=unknow; measured_temperature=RT; amorphous=unknow; source_year=1987,,,,,,model threshold: conductivity < 1e-06
4kt,Li2CrCl4,,Li2 Cr1 Cl4,1e-10,,,,,,,,,,,halides,10.1016/0022-4596(88)90301-5,1,data/database/obelix/processed/all-v1.csv,,,,synthesis_method=unknow; measured_temperature=RT; amorphous=unknow; source_year=1988,,,,,,model threshold: conductivity < 1e-06
x94,Li4SiS4,,Li4 Si1 S4,4.93e-08,,,,,,,,,,,thio_lisicon,10.1016/0025-5408(89)90053-6,1,data/database/obelix/processed/all-v1.csv,,,,appendix: diffraction data available; synthesis_method=unknow; measured_temperature=RT; amorphous=unknow; source_year=1989,,,,,,model threshold: conductivity < 1e-06
lkm,Li6Ge2O7,,Li6 Ge2 O7,8.5e-07,,,,,,,,,,,germanates,10.4028/www.scientific.net/msf.76.107,1,data/database/obelix/processed/all-v1.csv,,,,synthesis_method=unknow; measured_temperature=RT; amorphous=unknow; source_year=1991,,,,,,model threshold: conductivity < 1e-06
lh8,Li1.3Hf1.7Cr0.3P3O12,,Li1.3 Hf1.7 Cr0.3 P3 O12,5.26e-07,,,,,,,,,,,nasicon,10.1016/0167-2738(93)90387-i,1,data/database/obelix/processed/all-v1.csv,,,,synthesis_method=unknow; measured_temperature=RT; amorphous=unknow; source_year=1993,,,,,,model threshold: conductivity < 1e-06
ia5,LiLaNb2O7,,Li1 La1 Nb2 O7,1e-08,,,,,,,,,,,perovskites,10.1016/0925-8388(93)90192-p,1,data/database/obelix/processed/all-v1.csv,,,,synthesis_method=unknow; measured_temperature=RT; amorphous=unknow; source_year=1993,,,,,,model threshold: conductivity < 1e-06
3we,Li0.34Nd0.55Ti1O3,,Li0.34 Nd0.55 Ti1 O3,8e-08,,,,,,,,,,,perovskites,10.1016/0167-2738(94)90310-7,1,data/database/obelix/processed/all-v1.csv,,,,synthesis_method=unknow; measured_temperature=RT; amorphous=unknow; source_year=1994,,,,,,model threshold: conductivity < 1e-06
i6k,Li0.38Sm0.52Ti1O2.97,,Li0.38 Sm0.52 Ti1 O2.97,2e-07,,,,,,,,,,,perovskites,10.1016/0167-2738(94)90310-7,1,data/database/obelix/processed/all-v1.csv,,,,IC number should be read from the graph; synthesis_method=unknow; measured_temperature=RT; amorphous=unknow; source_year=1994,,,,,,model threshold: conductivity < 1e-06
uxo,Li2.88P1N0.14O3.73,,Li2.88 P1 N0.14 O3.73,1.4e-13,,,,,,,,,,,lisicon,10.1006/jssc.1995.1140,1,data/database/obelix/processed/all-v1.csv,,,,refer 79426-ICSD; po information is missing; synthesis_method=unknow; measured_temperature=RT; amorphous=unknow; source_year=1995,,,,,,model threshold: conductivity < 1e-06
ux3,Li0.284Sm4.512Si3O12.91,,Li0.284 Sm4.512 Si3 O12.91,1e-10,,,,,,,,,,,silicates,10.1016/0167-2738(95)00240-5,1,data/database/obelix/processed/all-v1.csv,,,,synthesis_method=unknow; measured_temperature=RT; amorphous=unknow; source_year=1996,,,,,,model threshold: conductivity < 1e-06
dnt,Li2TiCr(PO4)3,,Li2 Ti1 Cr1 P3 O12,4.41e-07,,,,,,,,,,,nasicon,10.1016/s0167-2738(96)00565-6,1,data/database/obelix/processed/all-v1.csv,,,,synthesis_method=unknow; measured_temperature=RT; amorphous=unknow; source_year=1997,,,,,,model threshold: conductivity < 1e-06
g5g,Li2ZrCr(PO4)3,,Li2 Zr1 Cr1 P3 O12,5.91e-07,,,,,,,,,,,nasicon,10.1016/s0167-2738(96)00565-6,1,data/database/obelix/processed/all-v1.csv,,,,synthesis_method=unknow; measured_temperature=RT; amorphous=unknow; source_year=1997,,,,,,model threshold: conductivity < 1e-06
hpu,Li2HfCr(PO4)3,,Li2 Hf1 Cr1 P3 O12,4.2e-08,,,,,,,,,,,nasicon,10.1016/s0167-2738(96)00565-6,1,data/database/obelix/processed/all-v1.csv,,,,synthesis_method=unknow; measured_temperature=RT; amorphous=unknow; source_year=1997,,,,,,model threshold: conductivity < 1e-06
c6h,Li2TiFe(PO4)3,,Li2 Ti1 Fe1 P3 O12,3.34e-07,,,,,,,,,,,nasicon,10.1016/s0167-2738(96)00565-6,1,data/database/obelix/processed/all-v1.csv,,,,synthesis_method=unknow; measured_temperature=RT; amorphous=unknow; source_year=1997,,,,,,model threshold: conductivity < 1e-06
vzu,Li2ZrFe(PO4)3,,Li2 Zr1 Fe1 P3 O12,1.44e-07,,,,,,,,,,,nasicon,10.1016/s0167-2738(96)00565-6,1,data/database/obelix/processed/all-v1.csv,,,,synthesis_method=unknow; measured_temperature=RT; amorphous=unknow; source_year=1997,,,,,,model threshold: conductivity < 1e-06
a3e,Li2HfIn(PO4)3,,Li2 Hf1 In1 P3 O12,2.74e-08,,,,,,,,,,,nasicon,10.1016/s0167-2738(96)00565-6,1,data/database/obelix/processed/all-v1.csv,,,,synthesis_method=unknow; measured_temperature=RT; amorphous=unknow; source_year=1997,,,,,,model threshold: conductivity < 1e-06
9z8,Li2ZrIn(PO4)3,,Li2 Zr1 In1 P3 O12,8.22e-08,,,,,,,,,,,nasicon,10.1016/s0167-2738(96)00565-6,1,data/database/obelix/processed/all-v1.csv,,,,synthesis_method=unknow; measured_temperature=RT; amorphous=unknow; source_year=1997,,,,,,model threshold: conductivity < 1e-06
t3k,Li1.9Mn0.9Ga0.1Cl4,,Li1.9 Mn0.9 Ga0.1 Cl4,2.37e-07,,,,,,,,,,,chlorides,10.1016/s0167-2738(96)00592-9,1,data/database/obelix/processed/all-v1.csv,,,,synthesis_method=unknow; measured_temperature=RT; amorphous=unknow; source_year=1997,,,,,,model threshold: conductivity < 1e-06
uxi,Li1.65Mn0.65In0.35Cl4,,Li1.65 Mn0.65 In0.35 Cl4,9.9e-08,,,,,,,,,,,chlorides,10.1016/s0167-2738(96)00592-9,1,data/database/obelix/processed/all-v1.csv,,,,synthesis_method=unknow; measured_temperature=RT; amorphous=unknow; source_year=1997,,,,,,model threshold: conductivity < 1e-06
ix1,Li0.91Hf2.022P3O12,,Li0.91 Hf2.022 P3 O12,3.2e-07,,,,,,,,,,,nasicon,10.1021/cm970078n,1,data/database/obelix/processed/all-v1.csv,,,,true formula: Hf2.032 Li0.87 O12 P3;  partial occupancy corrected; synthesis_method=unknow; measured_temperature=RT; amorphous=unknow; source_year=1997,,,,,,model threshold: conductivity < 1e-06
z7n,Li0.86Hf2.035P3O12,,Li0.86 Hf2.035 P3 O12,9.2e-08,,,,,,,,,,,nasicon,10.1021/cm970078n,1,data/database/obelix/processed/all-v1.csv,,,,double check with ID 11; synthesis_method=unknow; measured_temperature=RT; amorphous=unknow; source_year=1997,,,,,,model threshold: conductivity < 1e-06
dl7,Li2MgTi3O8,,Li2 Mg1 Ti3 O8,1e-10,,,,,,,,,,,oxides,10.1039/a800234g,1,data/database/obelix/processed/all-v1.csv,,,,synthesis_method=unknow; measured_temperature=RT; amorphous=unknow; source_year=1998,,,,,,model threshold: conductivity < 1e-06
i12,Li2Ti3CoO8,,Li2 Ti3 Co1 O8,1e-10,,,,,,,,,,,oxides,10.1039/a800234g,1,data/database/obelix/processed/all-v1.csv,,,,synthesis_method=unknow; measured_temperature=RT; amorphous=unknow; source_year=1998,,,,,,model threshold: conductivity < 1e-06
aui,Li2CoGe3O8,,Li2 Co1 Ge3 O8,1e-10,,,,,,,,,,,oxides,10.1039/a800234g,1,data/database/obelix/processed/all-v1.csv,,,,synthesis_method=unknow; measured_temperature=RT; amorphous=unknow; source_year=1998,,,,,,model threshold: conductivity < 1e-06
mfs,Li2ZnGe3O8,,Li2 Zn1 Ge3 O8,1e-10,,,,,,,,,,,oxides,10.1039/a800234g,1,data/database/obelix/processed/all-v1.csv,,,,synthesis_method=unknow; measured_temperature=RT; amorphous=unknow; source_year=1998,,,,,,model threshold: conductivity < 1e-06
il5,Li0.25Nd0.25Ta1O3,,Li0.25 Nd0.25 Ta1 O3,1.31e-08,,,,,,,,,,,perovskites,10.1016/s0167-2738(98)00414-7,1,data/database/obelix/processed/all-v1.csv,,,,synthesis_method=unknow; measured_temperature=RT; amorphous=unknow; source_year=1999,,,,,,model threshold: conductivity < 1e-06
r1m,Li0.25Sm0.25Ta1O3,,Li0.25 Sm0.25 Ta1 O3,4.32e-10,,,,,,,,,,,perovskites,10.1016/s0167-2738(98)00414-7,1,data/database/obelix/processed/all-v1.csv,,,,synthesis_method=unknow; measured_temperature=RT; amorphous=unknow; source_year=1999,,,,,,model threshold: conductivity < 1e-06
xq3,Sr3Li4Nb5.77Fe0.23O19.77,,Sr3 Li4 Nb5.77 Fe0.23 O19.77,1e-10,,,,,,,,,,,perovskites,10.1021/cm980736j,1,data/database/obelix/processed/all-v1.csv,,,,partial occupancy incorrect; synthesis_method=unknow; measured_temperature=RT; amorphous=unknow; source_year=1999,,,,,,model threshold: conductivity < 1e-06
wgw,Sr3Li4Nb6O20,,Sr3 Li4 Nb6 O20,1e-10,,,,,,,,,,,perovskites,10.1021/cm980736j,1,data/database/obelix/processed/all-v1.csv,,,,partial occupancy incorrect; synthesis_method=unknow; measured_temperature=RT; amorphous=unknow; source_year=1999,,,,,,model threshold: conductivity < 1e-06
lc1,Li1.2Ta0.9Al1.1P3O12,,Li1.2 Ta0.9 Al1.1 P3 O12,6.5e-07,,,,,,,,,,,nasicon,10.1039/a807007e,1,data/database/obelix/processed/all-v1.csv,,,,synthesis_method=unknow; measured_temperature=RT; amorphous=unknow; source_year=1999,,,,,,model threshold: conductivity < 1e-06
sxv,LiTaAl(PO4)3,,Li1 Ta1 Al1 P3 O12,6.5e-07,,,,,,,,,,,nasicon,10.1039/a807007e,1,data/database/obelix/processed/all-v1.csv,,,,synthesis_method=unknow; measured_temperature=RT; amorphous=unknow; source_year=1999,,,,,,model threshold: conductivity < 1e-06
e6b,Li4GeS4,,Li4 Ge1 S4,2e-07,,,,,,,,,,,thio_lisicon,10.1016/s0167-2738(00)00277-0,1,data/database/obelix/processed/all-v1.csv,,,,partial occupancy corrected; synthesis_method=unknow; measured_temperature=RT; amorphous=unknow; source_year=2000,,,,,,model threshold: conductivity < 1e-06
nua,LiLaTiO4,,Li1 La1 Ti1 O4,1e-10,,,,,,,,,,,perovskites,10.4028/www.scientific.net/msf.321-324.965,1,data/database/obelix/processed/all-v1.csv,,,,synthesis_method=unknow; measured_temperature=RT; amorphous=unknow; source_year=2000,,,,,,model threshold: conductivity < 1e-06
3rx,LiNdTiO4,,Li1 Nd1 Ti1 O4,1e-10,,,,,,,,,,,perovskites,10.4028/www.scientific.net/msf.321-324.965,1,data/database/obelix/processed/all-v1.csv,,,,synthesis_method=unknow; measured_temperature=RT; amorphous=unknow; source_year=2000,,,,,,model threshold: conductivity < 1e-06
uu4,LiVO3,,Li1 V1 O3,2.05e-09,,,,,,,,,,,oxides,10.1006/jssc.2000.9009,1,data/database/obelix/processed/all-v1.csv,,,,synthesis_method=unknow; measured_temperature=RT; amorphous=unknow; source_year=2001,,,,,,model threshold: conductivity < 1e-06
0vd,Li0.0891La0.57Ti1Ag0.1809O3,,Li0.0891 La0.57 Ti1 Ag0.1809 O3,2e-07,,,,,,,,,,,perovskites,10.1021/cm001207u,1,data/database/obelix/processed/all-v1.csv,,,,synthesis_method=unknow; measured_temperature=RT; amorphous=unknow; source_year=2001,,,,,,model threshold: conductivity < 1e-06
hai,Li1.96Ca1.9P6Pb6.12O24,,Li1.96 Ca1.9 P6 Pb6.12 O24,1e-10,,,,,,,,,,,phosphates,10.1006/jssc.2002.9596,1,data/database/obelix/processed/all-v1.csv,,,,synthesis_method=unknow; measured_temperature=RT; amorphous=unknow; source_year=2002,,,,,,model threshold: conductivity < 1e-06
b4c,Li4SiS4,,Li4 Si1 S4,1.59e-08,,,,,,,,,,,thio_lisicon,10.1006/jssc.2002.9701,1,data/database/obelix/processed/all-v1.csv,,,,synthesis_method=unknow; measured_temperature=RT; amorphous=unknow; source_year=2002,,,,,,model threshold: conductivity < 1e-06
gl0,Li4.2Al0.2Si0.8S4,,Li4.2 Al0.2 Si0.8 S4,2.4e-08,,,,,,,,,,,thio_lisicon,10.1006/jssc.2002.9701,1,data/database/obelix/processed/all-v1.csv,,,,synthesis_method=unknow; measured_temperature=RT; amorphous=unknow; source_year=2002,,,,,,model threshold: conductivity < 1e-06
wmr,Li4.4Al0.4Si0.6S4,,Li4.4 Al0.4 Si0.6 S4,3.05e-08,,,,,,,,,,,thio_lisicon,10.1006/jssc.2002.9701,1,data/database/obelix/processed/all-v1.csv,,,,synthesis_method=unknow; measured_temperature=RT; amorphous=unknow; source_year=2002,,,,,,model threshold: conductivity < 1e-06
xxq,Li4.6Al0.6Si0.4S4,,Li4.6 Al0.6 Si0.4 S4,1.46e-08,,,,,,,,,,,thio_lisicon,10.1006/jssc.2002.9701,1,data/database/obelix/processed/all-v1.csv,,,,synthesis_method=unknow; measured_temperature=RT; amorphous=unknow; source_year=2002,,,,,,model threshold: conductivity < 1e-06
h8o,Li4.8Al0.8Si0.2S4,,Li4.8 Al0.8 Si0.2 S4,2.29e-07,,,,,,,,,,,thio_lisicon,10.1006/jssc.2002.9701,1,data/database/obelix/processed/all-v1.csv,,,,synthesis_method=unknow; measured_temperature=RT; amorphous=unknow; source_year=2002,,,,,,model threshold: conductivity < 1e-06
l2w,Li3.333Mg0.333P2S6,,Li3.333 Mg0.333 P2 S6,8.2e-08,,,,,,,,,,,thio_phosphate,10.1016/s0167-2738(02)00007-3,1,data/database/obelix/processed/all-v1.csv,,,,partial occupancy corrected; synthesis_method=unknow; measured_temperature=RT; amorphous=unknow; source_year=2002,,,,,,model threshold: conductivity < 1e-06
2r7,Li3Cr(MoO4)3,,Li3 Cr1 Mo3 O12,3.19e-09,,,,,,,,,,,molybdates,10.1039/b301189e,1,data/database/obelix/processed/all-v1.csv,,,,close match: Yes；close match DOI: 10.1016/j.jssc.2009.09.012; synthesis_method=unknow; measured_temperature=RT; amorphous=unknow; source_year=2003,,,,,,model threshold: conductivity < 1e-06
b56,Li2Mg2(MoO4)3,,Li2 Mg2 Mo3 O12,1e-10,,,,,,,,,,,molybdates,10.1039/b301189e,1,data/database/obelix/processed/all-v1.csv,,,,synthesis_method=unknow; measured_temperature=RT; amorphous=unknow; source_year=2003,,,,,,model threshold: conductivity < 1e-06
mfu,Li3Fe(MoO4)3,,Li3 Fe1 Mo3 O12,5.89e-10,,,,,,,,,,,molybdates,10.1039/b301189e,1,data/database/obelix/processed/all-v1.csv,,,,close match: Yes；close match DOI: icsd-16176; synthesis_method=unknow; measured_temperature=RT; amorphous=unknow; source_year=2003,,,,,,model threshold: conductivity < 1e-06
86k,Li0.2Ca0.4Ta1O3,,Li0.2 Ca0.4 Ta1 O3,3.53e-09,,,,,,,,,,,perovskites,10.1016/j.solidstatesciences.2004.05.006,1,data/database/obelix/processed/all-v1.csv,,,,"structure avialble for x=0.15, but no conductivity; synthesis_method=unknow; measured_temperature=RT; amorphous=unknow; source_year=2004",,,,,,model threshold: conductivity < 1e-06
7e5,Li0.05La0.65Mg0.5W0.5O3,,Li0.05 La0.65 Mg0.5 W0.5 O3,1.8e-07,,,,,,,,,,,perovskites,10.1016/j.ssi.2004.05.010,1,data/database/obelix/processed/all-v1.csv,,,,partial occupancy corrected; synthesis_method=unknow; measured_temperature=RT; amorphous=unknow; source_year=2004,,,,,,model threshold: conductivity < 1e-06
lrh,Li2.5V2P3O12,,Li2.5 V2 P3 O12,1.9e-07,,,,,,,,,,,nasicon,10.1021/cm034802f,1,data/database/obelix/processed/all-v1.csv,,,,synthesis_method=unknow; measured_temperature=RT; amorphous=unknow; source_year=2004,,,,,,model threshold: conductivity < 1e-06
oi6,Li7SbO6,,Li7 Sb1 O6,6.7e-08,,,,,,,,,,,hexaoxometalates,10.1021/ic030208w,1,data/database/obelix/processed/all-v1.csv,,,,partial occupancy not correct; synthesis_method=unknow; measured_temperature=RT; amorphous=unknow; source_year=2004,,,,,,model threshold: conductivity < 1e-06
7ta,Li7TaO6,,Li7 Ta1 O6,2.36e-08,,,,,,,,,,,hexaoxometalates,10.1021/ic030208w,1,data/database/obelix/processed/all-v1.csv,,,,Missing OBLiX row reconstructed from article Tables 1 and 7；由50°C按Ea=0.68 eV外推至27°C; synthesis_method=unknow; measured_temperature=27（外推）; amorphous=unknow; source_year=2004,,,,,,model threshold: conductivity < 1e-06
7bi,Li7BiO6,,Li7 Bi1 O6,8.81e-07,,,,,,,,,,,hexaoxometalates,10.1021/ic030208w,1,data/database/obelix/processed/all-v1.csv,,,,Missing conductivity row reconstructed from article Table 7; no matched structure in source；由50°C按Ea=0.58 eV外推至27°C; synthesis_method=unknow; measured_temperature=27（外推）; amorphous=unknow; source_year=2004,,,,,,model threshold: conductivity < 1e-06
00x,LiGd(PO3)4,,Li1 Gd1 P4 O12,1e-10,,,,,,,,,,,phosphates,10.1016/j.jssc.2006.06.003,1,data/database/obelix/processed/all-v1.csv,,,,synthesis_method=unknow; measured_temperature=RT; amorphous=unknow; source_year=2006,,,,,,model threshold: conductivity < 1e-06
bqx,Li3Nd3(TeO6)2,,Li3 Nd3 Te2 O12,1e-10,,,,,,,,,,,garnet,10.1021/cm060992t,1,data/database/obelix/processed/all-v1.csv,,,,synthesis_method=unknow; measured_temperature=RT; amorphous=unknow; source_year=2006,,,,,,model threshold: conductivity < 1e-06
4t5,LiCrSb(PO4)3,,Li1 Cr1 Sb1 P3 O12,3.57e-10,,,,,,,,,,,nasicon,10.1063/1.2357843,1,data/database/obelix/processed/all-v1.csv,,,,synthesis_method=unknow; measured_temperature=RT; amorphous=unknow; source_year=2006,,,,,,model threshold: conductivity < 1e-06
smk,LiAlSb(PO4)3,,Li1 Al1 Sb1 P3 O12,3.17e-08,,,,,,,,,,,nasicon,10.1063/1.2357843,1,data/database/obelix/processed/all-v1.csv,,,,synthesis_method=unknow; measured_temperature=RT; amorphous=unknow; source_year=2006,,,,,,model threshold: conductivity < 1e-06
vqu,Li5Nd3(SbO6)2,,Li5 Nd3 Sb2 O12,1.3e-07,,,,,,,,,,,garnet,10.1016/j.materresbull.2007.04.002,1,data/database/obelix/processed/all-v1.csv,,,,synthesis_method=unknow; measured_temperature=RT; amorphous=unknow; source_year=2008,,,,,,model threshold: conductivity < 1e-06
lpt,Li4Nd3SbTeO12,,Li4 Nd3 Sb1 Te1 O12,8.7e-09,,,,,,,,,,,garnet,10.1021/cm703677q,1,data/database/obelix/processed/all-v1.csv,,,,synthesis_method=unknow; measured_temperature=RT; amorphous=unknow; source_year=2008,,,,,,model threshold: conductivity < 1e-06
n27,LiBO2,,Li1 B1 O2,1e-08,,,,,,,,,,,borates,10.1140/epjst/e2008-00753-4,1,data/database/obelix/processed/all-v1.csv,,,,"Value for nanocrystalline ceramic (16h) other values for micro, single crystal and amorphous; synthesis_method=unknow; measured_temperature=RT; amorphous=unknow; source_year=2008",,,,,,model threshold: conductivity < 1e-06
mde,LiB6O9F,,Li1 B6 O9 F1,1e-10,,,,,,,,,,,fluorooxoborate,10.1002/zaac.200900056,1,data/database/obelix/processed/all-v1.csv,,,,synthesis_method=unknow; measured_temperature=RT; amorphous=unknow; source_year=2009,,,,,,model threshold: conductivity < 1e-06
jy6,Li6PClO5,,Li6 P1 Cl1 O5,1e-09,,,,,,,,,,,argyrodites,10.1002/zaac.201000121,1,data/database/obelix/processed/all-v1.csv,,,,synthesis_method=unknow; measured_temperature=RT; amorphous=unknow; source_year=2010,,,,,,model threshold: conductivity < 1e-06
jl4,Li1.07Mg0.395Ti1.535O4,,Li1.07 Mg0.395 Ti1.535 O4,6.56e-10,,,,,,,,,,,oxides,10.1016/j.ssi.2010.06.003,1,data/database/obelix/processed/all-v1.csv,,,,synthesis_method=unknow; measured_temperature=RT; amorphous=unknow; source_year=2010,,,,,,model threshold: conductivity < 1e-06
jkq,Li0.995Mg0.505Ti1.5O4,,Li0.995 Mg0.505 Ti1.5 O4,1.53e-11,,,,,,,,,,,oxides,10.1016/j.ssi.2010.06.003,1,data/database/obelix/processed/all-v1.csv,,,,synthesis_method=unknow; measured_temperature=RT; amorphous=unknow; source_year=2010,,,,,,model threshold: conductivity < 1e-06
m0v,Li1.34Ti1.66O4,,Li1.34 Ti1.66 O4,6.03e-08,,,,,,,,,,,oxides,10.1016/j.ssi.2010.06.003,1,data/database/obelix/processed/all-v1.csv,,,,synthesis_method=unknow; measured_temperature=RT; amorphous=unknow; source_year=2010,,,,,,model threshold: conductivity < 1e-06
6du,Li1.268Mg0.1Ti1.634O4,,Li1.268 Mg0.1 Ti1.634 O4,1.73e-08,,,,,,,,,,,oxides,10.1016/j.ssi.2010.06.003,1,data/database/obelix/processed/all-v1.csv,,,,synthesis_method=unknow; measured_temperature=RT; amorphous=unknow; source_year=2010,,,,,,model threshold: conductivity < 1e-06
u0c,Li1.2Mg0.2Ti1.6O4,,Li1.2 Mg0.2 Ti1.6 O4,4.24e-09,,,,,,,,,,,oxides,10.1016/j.ssi.2010.06.003,1,data/database/obelix/processed/all-v1.csv,,,,synthesis_method=unknow; measured_temperature=RT; amorphous=unknow; source_year=2010,,,,,,model threshold: conductivity < 1e-06
xub,Li1.14Mg0.3Ti1.56O4,,Li1.14 Mg0.3 Ti1.56 O4,1.51e-09,,,,,,,,,,,oxides,10.1016/j.ssi.2010.06.003,1,data/database/obelix/processed/all-v1.csv,,,,synthesis_method=unknow; measured_temperature=RT; amorphous=unknow; source_year=2010,,,,,,model threshold: conductivity < 1e-06
883,LiAlH4,,Li1 Al1 H4,8.7e-09,,,,,,,,,,,hydrides,10.1063/1.3356981,1,data/database/obelix/processed/all-v1.csv,,,,synthesis_method=unknow; measured_temperature=RT; amorphous=unknow; source_year=2010,,,,,,model threshold: conductivity < 1e-06
95j,Li3AlH6,,Li3 Al1 H6,1.4e-07,,,,,,,,,,,hydrides,10.1063/1.3356981,1,data/database/obelix/processed/all-v1.csv,,,,synthesis_method=unknow; measured_temperature=RT; amorphous=unknow; source_year=2010,,,,,,model threshold: conductivity < 1e-06
tws,Li6Zr2O7,,Li6 Zr2 O7,5.2e-10,,,,,,,,,,,zirconates,10.3103/s1062873810050199,1,data/database/obelix/processed/all-v1.csv,,,,synthesis_method=unknow; measured_temperature=RT; amorphous=unknow; source_year=2010,,,,,,model threshold: conductivity < 1e-06
xz4,Li0.5Ce0.5Mo1O4,,Li0.5 Ce0.5 Mo1 O4,1.3e-08,,,,,,,,,,,molybdates,10.1007/s12039-011-0068-5,1,data/database/obelix/processed/all-v1.csv,,,,partial occupancy corrected; synthesis_method=unknow; measured_temperature=RT; amorphous=unknow; source_year=2011,,,,,,model threshold: conductivity < 1e-06
hja,Li0.5Ce0.25Pr0.25Mo1O4,,Li0.5 Ce0.25 Pr0.25 Mo1 O4,1e-09,,,,,,,,,,,molybdates,10.1007/s12039-011-0068-5,1,data/database/obelix/processed/all-v1.csv,,,,partial occupancy corrected; synthesis_method=unknow; measured_temperature=RT; amorphous=unknow; source_year=2011,,,,,,model threshold: conductivity < 1e-06
3nb,Li0.5Ce0.25Sm0.25Mo1O4,,Li0.5 Ce0.25 Sm0.25 Mo1 O4,1.8e-10,,,,,,,,,,,molybdates,10.1007/s12039-011-0068-5,1,data/database/obelix/processed/all-v1.csv,,,,partial occupancy corrected; synthesis_method=unknow; measured_temperature=RT; amorphous=unknow; source_year=2011,,,,,,model threshold: conductivity < 1e-06
1xt,LiSbO2,,Li1 Sb1 O2,1e-10,,,,,,,,,,,oxides,10.1021/ic201183e,1,data/database/obelix/processed/all-v1.csv,,,,synthesis_method=unknow; measured_temperature=RT; amorphous=unknow; source_year=2011,,,,,,model threshold: conductivity < 1e-06
472,Li14Nd5Si11N19O7F2,,Li14 Nd5 Si11 N19 O7 F2,1.7e-10,,,,,,,,,,,nitridosilicates,10.1021/ja302255d,1,data/database/obelix/processed/all-v1.csv,,,,synthesis_method=unknow; measured_temperature=RT; amorphous=unknow; source_year=2012,,,,,,model threshold: conductivity < 1e-06
l9v,Li3AlF6,,Li3 Al1 F6,5e-07,,,,,,,,,,,fluorides,10.1149/2.012206eel,1,data/database/obelix/processed/all-v1.csv,,,,Ball milled conducvitity; structure may be different; synthesis_method=unknow; measured_temperature=RT; amorphous=unknow; source_year=2012,,,,,,model threshold: conductivity < 1e-06
cdk,Li2PNO2,,Li2 P1 N1 O2,1e-10,,,,,,,,,,,lipon,10.1016/j.ssi.2012.12.013,1,data/database/obelix/processed/all-v1.csv,,,,synthesis_method=unknow; measured_temperature=RT; amorphous=unknow; source_year=2013,,,,,,model threshold: conductivity < 1e-06
2t8,LiVPO4F,,Li1 V1 P1 O4 F1,8.1e-07,,,,,,,,,,,tavorite,10.1016/j.ssi.2013.04.002,1,data/database/obelix/processed/all-v1.csv,,,,appendix: diffraction data available; synthesis_method=unknow; measured_temperature=RT; amorphous=unknow; source_year=2013,,,,,,model threshold: conductivity < 1e-06
47i,Li4P2O7,,Li4 P2 O7,1e-10,,,,,,,,,,,diphosphate,10.1016/j.jssc.2013.12.015,1,data/database/obelix/processed/all-v1.csv,,,,synthesis_method=unknow; measured_temperature=RT; amorphous=unknow; source_year=2014,,,,,,model threshold: conductivity < 1e-06
hln,Li2Ga2GeS6,,Li2 Ga2 Ge1 S6,3.8e-08,,,,,,,,,,,sulfides,10.1016/j.ssi.2014.04.015,1,data/database/obelix/processed/all-v1.csv,,,,synthesis_method=unknow; measured_temperature=RT; amorphous=unknow; source_year=2014,,,,,,model threshold: conductivity < 1e-06
ro9,Li3B(PO4)2,,Li3 B1 P2 O8,9.6e-12,,,,,,,,,,,borophosphates,10.1039/c3dt52917g,1,data/database/obelix/processed/all-v1.csv,,,,synthesis_method=unknow; measured_temperature=RT; amorphous=unknow; source_year=2014,,,,,,model threshold: conductivity < 1e-06
dc8,Li9Mg3P4O16F3,,Li9 Mg3 P4 O16 F3,1e-10,,,,,,,,,,,fluorophosphates,10.1039/c3ta15264b,1,data/database/obelix/processed/all-v1.csv,,,,synthesis_method=unknow; measured_temperature=RT; amorphous=unknow; source_year=2014,,,,,,model threshold: conductivity < 1e-06
pe2,Li17Sb13S28,,Li17 Sb13 S28,1.05e-09,,,,,,,,,,,sulfides,10.1002/chem.201502052,1,data/database/obelix/processed/all-v1.csv,,,,partial occupancy corrected; synthesis_method=unknow; measured_temperature=RT; amorphous=unknow; source_year=2015,,,,,,model threshold: conductivity < 1e-06
kfp,BaLi2P2O7,,Ba1 Li2 P2 O7,1.59881e-17,,,,,,,,,,,pyrophosphate,10.1007/s11581-014-1261-6,1,data/database/obelix/processed/all-v1.csv,,,,synthesis_method=unknow; measured_temperature=RT; amorphous=unknow; source_year=2015,,,,,,model threshold: conductivity < 1e-06
7cr,NaLi2B(PO4)2,,Na1 Li2 B1 P2 O8,4.4e-18,,,,,,,,,,,borophosphates,10.1016/j.jssc.2014.11.024,1,data/database/obelix/processed/all-v1.csv,,,,synthesis_method=unknow; measured_temperature=RT; amorphous=unknow; source_year=2015,,,,,,model threshold: conductivity < 1e-06
bq9,Li3BiO3,,Li3 Bi1 O3,2.4e-10,,,,,,,,,,,oxides,10.1016/j.ssi.2015.10.016,1,data/database/obelix/processed/all-v1.csv,,,,D - Rhi - 1_si_1_ Li3BiO3；close match: Yes；close match DOI: 10.1002/zaac.19895760119; synthesis_method=unknow; measured_temperature=RT; amorphous=unknow; source_year=2015,,,,,,model threshold: conductivity < 1e-06
skm,Li5BiO5,,Li5 Bi1 O5,3.9e-09,,,,,,,,,,,oxides,10.1016/j.ssi.2015.10.016,1,data/database/obelix/processed/all-v1.csv,,,,D - Rhi - 1_si_2_ Li5BiO5; synthesis_method=unknow; measured_temperature=RT; amorphous=unknow; source_year=2015,,,,,,model threshold: conductivity < 1e-06
x2i,LiBiO2,,Li1 Bi1 O2,3.8e-08,,,,,,,,,,,oxides,10.1016/j.ssi.2015.10.016,1,data/database/obelix/processed/all-v1.csv,,,,close match: Yes；close match DOI: icsd-46022; synthesis_method=unknow; measured_temperature=RT; amorphous=unknow; source_year=2015,,,,,,model threshold: conductivity < 1e-06
d7f,Li3BiO4,,Li3 Bi1 O4,4.1e-10,,,,,,,,,,,oxides,10.1016/j.ssi.2015.10.016,1,data/database/obelix/processed/all-v1.csv,,,,close match: Yes；close match DOI: icsd-109087; synthesis_method=unknow; measured_temperature=RT; amorphous=unknow; source_year=2015,,,,,,model threshold: conductivity < 1e-06
pwr,Li7.22Si1.5P0.5O8,,Li7.22 Si1.5 P0.5 O8,1.64e-07,,,,,,,,,,,lisicon,10.1021/jacs.5b04444,1,data/database/obelix/processed/all-v1.csv,,,,partial occupancy corrected; synthesis_method=unknow; measured_temperature=RT; amorphous=unknow; source_year=2015,,,,,,model threshold: conductivity < 1e-06
fj5,Li6.5Si0.5P1.5O8,,Li6.5 Si0.5 P1.5 O8,4.49e-07,,,,,,,,,,,lisicon,10.1021/jacs.5b04444,1,data/database/obelix/processed/all-v1.csv,,,,partial occupancy corrected; synthesis_method=unknow; measured_temperature=RT; amorphous=unknow; source_year=2015,,,,,,model threshold: conductivity < 1e-06
kbo,Sr2Li2Al(PO4)3,,Sr2 Li2 Al1 P3 O12,1e-10,,,,,,,,,,,nasicon,10.1016/j.jssc.2016.08.006,1,data/database/obelix/processed/all-v1.csv,,,,synthesis_method=unknow; measured_temperature=RT; amorphous=unknow; source_year=2016,,,,,,model threshold: conductivity < 1e-06
u8r,Ba3LiZrTa5(Si2O13)2,,Ba3 Li1 Zr1 Ta5 Si4 O26,1e-10,,,,,,,,,,,oxides,10.1016/j.ssi.2015.08.011,1,data/database/obelix/processed/all-v1.csv,,,,synthesis_method=unknow; measured_temperature=RT; amorphous=unknow; source_year=2016,,,,,,model threshold: conductivity < 1e-06
ecp,LiLaO2,,Li1 La1 O2,1e-10,,,,,,,,,,,lanthanumlithiumoxide,10.1016/j.ssi.2015.09.001,1,data/database/obelix/processed/all-v1.csv,,,,synthesis_method=unknow; measured_temperature=RT; amorphous=unknow; source_year=2016,,,,,,model threshold: conductivity < 1e-06
me3,Sr0.1Li1La0.9O2,,Sr0.1 Li1 La0.9 O2,6.29e-10,,,,,,,,,,,lanthanumlithiumoxide,10.1016/j.ssi.2015.09.001,1,data/database/obelix/processed/all-v1.csv,,,,synthesis_method=unknow; measured_temperature=RT; amorphous=unknow; source_year=2016,,,,,,model threshold: conductivity < 1e-06
zs0,Li0.76La1Mg0.08O2,,Li0.76 La1 Mg0.08 O2,7.27e-10,,,,,,,,,,,lanthanumlithiumoxide,10.1016/j.ssi.2015.09.001,1,data/database/obelix/processed/all-v1.csv,,,,synthesis_method=unknow; measured_temperature=RT; amorphous=unknow; source_year=2016,,,,,,model threshold: conductivity < 1e-06
bnu,Li1Al0.5Ga0.5Ge1O4,,Li1 Al0.5 Ga0.5 Ge1 O4,1e-10,,,,,,,,,,,oxides,10.1149/2.1111610jes,1,data/database/obelix/processed/all-v1.csv,,,,synthesis_method=unknow; measured_temperature=RT; amorphous=unknow; source_year=2016,,,,,,model threshold: conductivity < 1e-06
kxw,LiAlGeO4,,Li1 Al1 Ge1 O4,1e-10,,,,,,,,,,,oxides,10.1149/2.1111610jes,1,data/database/obelix/processed/all-v1.csv,,,,synthesis_method=unknow; measured_temperature=RT; amorphous=unknow; source_year=2016,,,,,,model threshold: conductivity < 1e-06
um1,LiGaGeO4,,Li1 Ga1 Ge1 O4,1e-10,,,,,,,,,,,oxides,10.1149/2.1111610jes,1,data/database/obelix/processed/all-v1.csv,,,,synthesis_method=unknow; measured_temperature=RT; amorphous=unknow; source_year=2016,,,,,,model threshold: conductivity < 1e-06
sg0,LiScO2,,Li1 Sc1 O2,1e-10,,,,,,,,,,,oxides,10.2320/matertrans.y-m2016816,1,data/database/obelix/processed/all-v1.csv,,,,ICSD request; synthesis_method=unknow; measured_temperature=RT; amorphous=unknow; source_year=2016,,,,,,model threshold: conductivity < 1e-06
97b,Li0.9Zr0.1Sc0.9O2,,Li0.9 Zr0.1 Sc0.9 O2,1e-10,,,,,,,,,,,oxides,10.2320/matertrans.y-m2016816,1,data/database/obelix/processed/all-v1.csv,,,,ICSD request; synthesis_method=unknow; measured_temperature=RT; amorphous=unknow; source_year=2016,,,,,,model threshold: conductivity < 1e-06
gwu,Li0.3La0.7Ti0.6Al0.4O3,,Li0.3 La0.7 Ti0.6 Al0.4 O3,1.04e-07,,,,,,,,,,,perovskites,10.1016/j.jallcom.2017.05.278,1,data/database/obelix/processed/all-v1.csv,,,,synthesis_method=unknow; measured_temperature=RT; amorphous=unknow; source_year=2017,,,,,,model threshold: conductivity < 1e-06
cfy,LiPS3,,Li2 P2 S6,7.8e-11,,,,,,,,,,,thio_lisicon,10.1021/acs.inorgchem.7b00751,1,data/database/obelix/processed/all-v1.csv,,,,synthesis_method=unknow; measured_temperature=RT; amorphous=unknow; source_year=2017,,,,,,model threshold: conductivity < 1e-06
max,Li4.25Al0.25Si0.75O4,,Li4.25 Al0.25 Si0.75 O4,2.02e-08,,,,,,,,,,,lisicon,10.1021/acsami.6b14402,1,data/database/obelix/processed/all-v1.csv,,,,appendix: diffraction data available; synthesis_method=unknow; measured_temperature=RT; amorphous=unknow; source_year=2017,,,,,,model threshold: conductivity < 1e-06
k5y,Li3.75Si0.75P0.25O4,,Li3.75 Si0.75 P0.25 O4,5.54e-07,,,,,,,,,,,lisicon,10.1021/acsami.6b14402,1,data/database/obelix/processed/all-v1.csv,,,,appendix: diffraction data available; synthesis_method=unknow; measured_temperature=RT; amorphous=unknow; source_year=2017,,,,,,model threshold: conductivity < 1e-06
y2l,Li5AlS4,,Li5 Al1 S4,1.4e-09,,,,,,,,,,,thio_lisicon,10.1016/j.jssc.2017.09.018,1,data/database/obelix/processed/all-v1.csv,,,,synthesis_method=unknow; measured_temperature=RT; amorphous=unknow; source_year=2018,,,,,,model threshold: conductivity < 1e-06
uex,KNa2Li3Fe2(Si2O5)6,,K1 Na2 Li3 Fe2 Si12 O30,1e-10,,,,,,,,,,,sugilites,10.1016/j.jssc.2018.05.008,1,data/database/obelix/processed/all-v1.csv,,,,synthesis_method=unknow; measured_temperature=RT; amorphous=unknow; source_year=2018,,,,,,model threshold: conductivity < 1e-06
i47,LiZnPS4,,Li1 Zn1 P1 S4,5.4e-08,,,,,,,,,,,sulfides,10.1021/acs.chemmater.7b05108,1,data/database/obelix/processed/all-v1.csv,,,,close match: Yes；close match DOI: 10.1002/1521-3749(200208)628:8<1765::aid-zaac1765>3.0.co;2-e; synthesis_method=unknow; measured_temperature=RT; amorphous=unknow; source_year=2018,,,,,,model threshold: conductivity < 1e-06
uox,Li3.7Zn0.7Ga0.3P2O8,,Li3.7 Zn0.7 Ga0.3 P2 O8,5.65e-12,,,,,,,,,,,phosphates,10.1021/acs.chemmater.7b05139,1,data/database/obelix/processed/all-v1.csv,,,,synthesis_method=unknow; measured_temperature=RT; amorphous=unknow; source_year=2018,,,,,,model threshold: conductivity < 1e-06
tbu,Li3.5Zn0.5Ga0.5P2O8,,Li3.5 Zn0.5 Ga0.5 P2 O8,1e-10,,,,,,,,,,,phosphates,10.1021/acs.chemmater.7b05139,1,data/database/obelix/processed/all-v1.csv,,,,synthesis_method=unknow; measured_temperature=RT; amorphous=unknow; source_year=2018,,,,,,model threshold: conductivity < 1e-06
ssv,Li3V0.8P0.2O4,,Li3 V0.8 P0.2 O4,1.31e-13,,,,,,,,,,,lisicon,10.1021/acs.chemmater.8b01504,1,data/database/obelix/processed/all-v1.csv,,,,D_0 calculation; synthesis_method=unknow; measured_temperature=RT; amorphous=unknow; source_year=2018,,,,,,model threshold: conductivity < 1e-06
ldd,Li3.4V0.6Ge0.4O4,,Li3.4 V0.6 Ge0.4 O4,8.89e-07,,,,,,,,,,,lisicon,10.1021/acs.chemmater.8b01504,1,data/database/obelix/processed/all-v1.csv,,,,synthesis_method=unknow; measured_temperature=RT; amorphous=unknow; source_year=2018,,,,,,model threshold: conductivity < 1e-06
dku,Li3V0.6P0.4O4,,Li3 V0.6 P0.4 O4,3.55e-13,,,,,,,,,,,lisicon,10.1021/acs.chemmater.8b01504,1,data/database/obelix/processed/all-v1.csv,,,,synthesis_method=unknow; measured_temperature=RT; amorphous=unknow; source_year=2018,,,,,,model threshold: conductivity < 1e-06
ndx,Li3V0.4P0.6O4,,Li3 V0.4 P0.6 O4,3.2e-13,,,,,,,,,,,lisicon,10.1021/acs.chemmater.8b01504,1,data/database/obelix/processed/all-v1.csv,,,,synthesis_method=unknow; measured_temperature=RT; amorphous=unknow; source_year=2018,,,,,,model threshold: conductivity < 1e-06
m0j,Li3V0.2P0.8O4,,Li3 V0.2 P0.8 O4,2.05e-13,,,,,,,,,,,lisicon,10.1021/acs.chemmater.8b01504,1,data/database/obelix/processed/all-v1.csv,,,,synthesis_method=unknow; measured_temperature=RT; amorphous=unknow; source_year=2018,,,,,,model threshold: conductivity < 1e-06
clt,Li6Cu(B2O5)2,,Li6 Cu1 B4 O10,1e-13,,,,,,,,,,,copper_pyroborate,10.1021/acs.inorgchem.8b01785,1,data/database/obelix/processed/all-v1.csv,,,,synthesis_method=unknow; measured_temperature=RT; amorphous=unknow; source_year=2018,,,,,,model threshold: conductivity < 1e-06
ek5,SrLiNb2O6F,,Sr1 Li1 Nb2 O6 F1,1e-10,,,,,,,,,,,pyrochlore,10.2497/jjspm.65.26,1,data/database/obelix/processed/all-v1.csv,,,,synthesis_method=unknow; measured_temperature=RT; amorphous=unknow; source_year=2018,,,,,,model threshold: conductivity < 1e-06
xut,SrLiTa2O6F,,Sr1 Li1 Ta2 O6 F1,1e-10,,,,,,,,,,,pyrochlore,10.2497/jjspm.65.26,1,data/database/obelix/processed/all-v1.csv,,,,synthesis_method=unknow; measured_temperature=RT; amorphous=unknow; source_year=2018,,,,,,model threshold: conductivity < 1e-06
ckw,Sr0.9Li1Nb2O6F0.8,,Sr0.9 Li1 Nb2 O6 F0.8,1e-10,,,,,,,,,,,pyrochlore,10.2497/jjspm.65.26,1,data/database/obelix/processed/all-v1.csv,,,,synthesis_method=unknow; measured_temperature=RT; amorphous=unknow; source_year=2018,,,,,,model threshold: conductivity < 1e-06
yab,Sr0.9Li1Ta2O6F0.8,,Sr0.9 Li1 Ta2 O6 F0.8,1e-10,,,,,,,,,,,pyrochlore,10.2497/jjspm.65.26,1,data/database/obelix/processed/all-v1.csv,,,,synthesis_method=unknow; measured_temperature=RT; amorphous=unknow; source_year=2018,,,,,,model threshold: conductivity < 1e-06
ysm,Sr1Li1.1Zr0.1Nb1.9O6F1,,Sr1 Li1.1 Zr0.1 Nb1.9 O6 F1,1e-10,,,,,,,,,,,pyrochlore,10.2497/jjspm.65.26,1,data/database/obelix/processed/all-v1.csv,,,,synthesis_method=unknow; measured_temperature=RT; amorphous=unknow; source_year=2018,,,,,,model threshold: conductivity < 1e-06
e81,Sr1Li1.1Zr0.1Ta1.9O6F1,,Sr1 Li1.1 Zr0.1 Ta1.9 O6 F1,1e-10,,,,,,,,,,,pyrochlore,10.2497/jjspm.65.26,1,data/database/obelix/processed/all-v1.csv,,,,synthesis_method=unknow; measured_temperature=RT; amorphous=unknow; source_year=2018,,,,,,model threshold: conductivity < 1e-06
mq1,Li3SbS4,,Li3 Sb1 S4,4.8e-09,,,,,,,,,,,thio_lisicon,10.1016/j.ssi.2019.01.017,1,data/database/obelix/processed/all-v1.csv,,,,diffraction data available; synthesis_method=unknow; measured_temperature=RT; amorphous=unknow; source_year=2019,,,,,,model threshold: conductivity < 1e-06
dmq,Li3AlS3,,Li3 Al1 S3,1.31e-08,,,,,,,,,,,sulfides,10.1021/acs.chemmater.9b03230,1,data/database/obelix/processed/all-v1.csv,,,,synthesis_method=unknow; measured_temperature=RT; amorphous=unknow; source_year=2019,,,,,,model threshold: conductivity < 1e-06
trv1_0006,Li14.8Mg0.1P4S16Cl3,,Li14.8 Mg0.1 P4 S16 Cl3,2e-07,,,,,,,,,,,sulfides,10.1021/acs.chemmater.9b01926,1,data/database/obelix/processed/all-v1.csv,,,,立方晶系I-43d; synthesis_method=高能球磨; measured_temperature=RT; amorphous=否; source_year=2020,,,,,,model threshold: conductivity < 1e-06
trv1_0010,Li15P4S16Cl3,,Li15 P4 S16 Cl3,4e-08,,,,,,,,,,,sulfides,10.1021/acs.chemmater.9b01926,1,data/database/obelix/processed/all-v1.csv,,,,立方晶系I-43d; synthesis_method=高能球磨; measured_temperature=RT; amorphous=否; source_year=2020,,,,,,model threshold: conductivity < 1e-06
cz2,Li4SnSe3S,,Li4 Sn1 Se3 S1,9.5e-07,,,,,,,,,,,chalcogenidotetrelates,10.1021/acs.chemmater.0c04150,1,data/database/obelix/processed/all-v1.csv,,,,synthesis_method=unknow; measured_temperature=RT; amorphous=unknow; source_year=2021,,,,,,model threshold: conductivity < 1e-06
aab,Li4Sn0.75Ge0.25Se4,,Li4 Sn0.75 Ge0.25 Se4,8.3e-07,,,,,,,,,,,chalcogenidotetrelates,10.1021/acs.chemmater.0c04150,1,data/database/obelix/processed/all-v1.csv,,,,synthesis_method=unknow; measured_temperature=RT; amorphous=unknow; source_year=2021,,,,,,model threshold: conductivity < 1e-06
an2,Li6Si(ClO2)2,,Li6 Si1 Cl2 O4,1e-10,,,,,,,,,,,argyrodites,10.1021/acs.chemmater.1c00157,1,data/database/obelix/processed/all-v1.csv,,,,synthesis_method=unknow; measured_temperature=RT; amorphous=unknow; source_year=2021,,,,,,model threshold: conductivity < 1e-06
trv1_0095,Li3In1Br1.2Cl4.8,,Li3 In1 Br1.2 Cl4.8,1.5e-07,,,,,,,,,,,halides,10.1021/acs.jpclett.5c00947,1,data/database/obelix/processed/all-v1.csv,,,,x=1.2；原值为1.5e-4 mS/cm；杂相; synthesis_method=球磨+退火; measured_temperature=RT; amorphous=否; source_year=2025,,,,,,model threshold: conductivity < 1e-06
caltech_icsd_1485,Li2TeO4,,Li2 Te1 O4,3.79e-16,,,,,,,,,,,oxides,10.1016/0025-5408(94)90011-6,0,data/database/caltech/ionic_conductivity_database .csv,,,,lowest_extrapolation_temperature_K=580,,,1485,,,model threshold: conductivity < 1e-06
caltech_icsd_2512,Li2SO4,,Li2 S1 O4,1.4e-14,,,,,,,,,,,oxides,10.1051/epjap/2014130433,0,data/database/caltech/ionic_conductivity_database .csv,,,,lowest_extrapolation_temperature_K=473.15,,,2512,,,model threshold: conductivity < 1e-06
caltech_icsd_5926,Li1.8La1Ta1.2Ti0.8Nb1O7,,Li1.8 La1 Ta1.2 Ti0.8 Nb1 O7,4.26e-09,,,,,,,,,,,oxides,10.1039/c9dt03547h,0,data/database/caltech/ionic_conductivity_database .csv,,,,lowest_extrapolation_temperature_K=na,,,5926,,,model threshold: conductivity < 1e-06
caltech_icsd_11770,LiMgPO4,,Li1 Mg1 P1 O4,5.23e-12,,,,,,,,,,,olivine,10.1021/cm504518q,0,data/database/caltech/ionic_conductivity_database .csv,,,,lowest_extrapolation_temperature_K=na,,,11770,,,model threshold: conductivity < 1e-06
caltech_icsd_13429,Li6Zn(P2O7)2,,Li6 Zn1 P4 O14,1.43e-15,,,,,,,,,,,phosphates,10.1021/acs.inorgchem.8b01800,0,data/database/caltech/ionic_conductivity_database .csv,,,,lowest_extrapolation_temperature_K=473.15,,,13429,,,model threshold: conductivity < 1e-06
caltech_icsd_14364,NaLiSO4,,Na1 Li1 S1 O4,1.66e-26,,,,,,,,,,,oxides,10.1016/0167-2738(90)90312-f,0,data/database/caltech/ionic_conductivity_database .csv,,,,lowest_extrapolation_temperature_K=573.15,,,14364,,,model threshold: conductivity < 1e-06
caltech_icsd_14987,LiGaO2,,Li1 Ga1 O2,5e-08,,,,,,,,,,,oxides,10.1021/acs.chemmater.9b04540,0,data/database/caltech/ionic_conductivity_database .csv,,,,lowest_extrapolation_temperature_K=na,,,14987,,,model threshold: conductivity < 1e-06
caltech_icsd_14988,LiGaS2,,Li1 Ga1 S2,3.1e-07,,,,,,,,,,,sulfides,10.1021/acs.chemmater.9b04540,0,data/database/caltech/ionic_conductivity_database .csv,,,,lowest_extrapolation_temperature_K=na,,,14988,,,model threshold: conductivity < 1e-06
caltech_icsd_18420,Li3CaB2O5F,,Li3 Ca1 B2 O5 F1,2.56e-07,,,,,,,,,,,fluorooxoborate,10.1039/d0dt02423f,0,data/database/caltech/ionic_conductivity_database .csv,,,,lowest_extrapolation_temperature_K=na,,,18420,,,model threshold: conductivity < 1e-06
caltech_icsd_31230,Na0.13Li0.87Cr1Mo2O8,,Na0.13 Li0.87 Cr1 Mo2 O8,1.49e-26,,,,,,,,,,,molybdates,10.1016/j.jallcom.2020.154740,0,data/database/caltech/ionic_conductivity_database .csv,,,,lowest_extrapolation_temperature_K=672,,,31230,,,model threshold: conductivity < 1e-06
caltech_icsd_32139,Li5GaS4,,Li5 Ga1 S4,1.8e-07,,,,,,,,,,,sulfides,10.1039/d1dt00766a,0,data/database/caltech/ionic_conductivity_database .csv,,,,lowest_extrapolation_temperature_K=na,,,32139,,,model threshold: conductivity < 1e-06
caltech_icsd_34311,Li1Mn0.33Co0.33Ni0.33O2,,Li1 Mn0.33 Co0.33 Ni0.33 O2,6.46e-08,,,,,,,,,,,oxides,10.1021/acsaem.0c02606,0,data/database/caltech/ionic_conductivity_database .csv,,,,lowest_extrapolation_temperature_K=na,,,34311,,,model threshold: conductivity < 1e-06
caltech_icsd_34362,Li2ZnGeO4,,Li2 Zn1 Ge1 O4,7.17e-15,,,,,,,,,,,germanates,10.1016/0167-2738(83)90038-3,0,data/database/caltech/ionic_conductivity_database .csv,,,,lowest_extrapolation_temperature_K=723,,,34362,,,model threshold: conductivity < 1e-06
caltech_icsd_34359,Sr0.96Li0.08Ta2O6,,Sr0.96 Li0.08 Ta2 O6,9.71e-12,,,,,,,,,,,oxides,10.1039/c8ra02779j,0,data/database/caltech/ionic_conductivity_database .csv,,,,lowest_extrapolation_temperature_K=400,,,34359,,,model threshold: conductivity < 1e-06
caltech_icsd_34366,Sr0.92Li0.17Ta2O6,,Sr0.92 Li0.17 Ta2 O6,3.41e-10,,,,,,,,,,,oxides,10.1039/c8ra02779j,0,data/database/caltech/ionic_conductivity_database .csv,,,,lowest_extrapolation_temperature_K=na,,,34366,,,model threshold: conductivity < 1e-06
caltech_icsd_34367,Sr0.88Li0.25Ta2O6,,Sr0.88 Li0.25 Ta2 O6,1.1e-10,,,,,,,,,,,oxides,10.1039/c8ra02779j,0,data/database/caltech/ionic_conductivity_database .csv,,,,lowest_extrapolation_temperature_K=na,,,34367,,,model threshold: conductivity < 1e-06
caltech_icsd_35018,Li3PS4,,Li3 P1 S4,3e-07,,,,,,,,,,,thio_lisicon,10.1021/acs.chemmater.7b05108,0,data/database/caltech/ionic_conductivity_database .csv,,,,lowest_extrapolation_temperature_K=na,,,35018,,,model threshold: conductivity < 1e-06
caltech_icsd_35168,Li3.75Si0.75P0.25O4,,Li3.75 Si0.75 P0.25 O4,4.8e-07,,,,,,,,,,,lisicon,10.1016/b978-0-08-021592-1.50024-6,0,data/database/caltech/ionic_conductivity_database .csv,,,,lowest_extrapolation_temperature_K=340,,,35168,,,model threshold: conductivity < 1e-06
caltech_icsd_35473,LiIO3,,Li1 I1 O3,1.9e-07,,,,,,,,,,,oxyhalides,10.1016/s0038-1098(00)00247-7,0,data/database/caltech/ionic_conductivity_database .csv,,,,lowest_extrapolation_temperature_K=na,,,35473,,,model threshold: conductivity < 1e-06
caltech_icsd_47145,Li3.4Si0.7S0.3O4,,Li3.4 Si0.7 S0.3 O4,4.21e-07,,,,,,,,,,,silicates,10.1039/jm9910101023,0,data/database/caltech/ionic_conductivity_database .csv,,,,lowest_extrapolation_temperature_K=na,,,47145,,,model threshold: conductivity < 1e-06
caltech_icsd_51332,Li2Ti0.925Fe1.075P3O12,,Li2 Ti0.925 Fe1.075 P3 O12,3.34e-07,,,,,,,,,,,nasicon,10.1016/s0167-2738(96)00565-6,0,data/database/caltech/ionic_conductivity_database .csv,,,,lowest_extrapolation_temperature_K=373,,,51332,,,model threshold: conductivity < 1e-06
caltech_icsd_55665,LiAlSiO4,,Li1 Al1 Si1 O4,5.82e-14,,,,,,,,,,,silicates,10.1016/0375-9601(75)90788-4,0,data/database/caltech/ionic_conductivity_database .csv,,,,lowest_extrapolation_temperature_K=410,,,55665,,,model threshold: conductivity < 1e-06
caltech_icsd_62137,Li6ZnO4,,Li6 Zn1 O4,6.2e-11,,,,,,,,,,,oxides,10.1016/0025-5408(76)90169-0,0,data/database/caltech/ionic_conductivity_database .csv,,,,lowest_extrapolation_temperature_K=400,,,62137,,,model threshold: conductivity < 1e-06
caltech_icsd_66007,LiPN2,,Li1 P1 N2,2.16e-09,,,,,,,,,,,nitrides,10.1016/0167-2738(90)90432-q,0,data/database/caltech/ionic_conductivity_database .csv,,,,lowest_extrapolation_temperature_K=400,,,66007,,,model threshold: conductivity < 1e-06
caltech_icsd_68247,Li2Ge7O15,,Li2 Ge7 O15,5e-16,,,,,,,,,,,other,10.1016/0025-5408(76)90235-x,0,data/database/caltech/ionic_conductivity_database .csv,,,,lowest_extrapolation_temperature_K=526,,,68247,,,model threshold: conductivity < 1e-06
caltech_icsd_69017,Li7PN4,,Li7 P1 N4,1.6e-07,,,,,,,,,,,nitrides,10.1016/0167-2738(90)90432-q,0,data/database/caltech/ionic_conductivity_database .csv,,,,lowest_extrapolation_temperature_K=400,,,69017,,,model threshold: conductivity < 1e-06
caltech_icsd_69345,Li3Fe2(PO4)3,,Li3 Fe2 P3 O12,1.17e-08,,,,,,,,,,,glass_ceramic,10.1016/0167-2738(90)90442-t,0,data/database/caltech/ionic_conductivity_database .csv,,,,lowest_extrapolation_temperature_K=370,,,69345,,,model threshold: conductivity < 1e-06
caltech_icsd_73217,Li6FeCl8,,Li6 Fe1 Cl8,1.81e-08,,,,,,,,,,,rocksalt,10.1002/zaac.19875531020,0,data/database/caltech/ionic_conductivity_database .csv,,,,lowest_extrapolation_temperature_K=373.15,,,73217,,,model threshold: conductivity < 1e-06
caltech_icsd_80924,LiGa(SiO3)2,,Li1 Ga1 Si2 O6,2.74e-13,,,,,,,,,,,phenakite,10.1016/0167-2738(87)90048-8,0,data/database/caltech/ionic_conductivity_database .csv,,,,lowest_extrapolation_temperature_K=395,,,80924,,,model threshold: conductivity < 1e-06
caltech_icsd_81047,Li0.36Nd0.54Ti1O3,,Li0.36 Nd0.54 Ti1 O3,3.42e-08,,,,,,,,,,,perovskites,10.1016/s0022-3697(96)00226-0,0,data/database/caltech/ionic_conductivity_database .csv,,,,lowest_extrapolation_temperature_K=na,,,81047,,,model threshold: conductivity < 1e-06
caltech_icsd_81048,Li0.39Pr0.51Ti1O2.96,,Li0.39 Pr0.51 Ti1 O2.96,5.34e-07,,,,,,,,,,,perovskites,10.1016/s0022-3697(96)00226-0,0,data/database/caltech/ionic_conductivity_database .csv,,,,lowest_extrapolation_temperature_K=na,,,81048,,,model threshold: conductivity < 1e-06
caltech_icsd_81980,LiAlSi3O8,,Li1 Al1 Si3 O8,7.19e-09,,,,,,,,,,,silicates,10.4028/www.scientific.net/kem.790.9,0,data/database/caltech/ionic_conductivity_database .csv,,,,lowest_extrapolation_temperature_K=375,,,81980,,,model threshold: conductivity < 1e-06
caltech_icsd_83501,Li0.87Hf2.032P3O12,,Li0.87 Hf2.032 P3 O12,9.2e-08,,,,,,,,,,,nasicon,10.1021/cm970078n,0,data/database/caltech/ionic_conductivity_database .csv,,,,lowest_extrapolation_temperature_K=370,,,83501,,,model threshold: conductivity < 1e-06
caltech_icsd_83832,LiSn2(PO4)3,,Li1 Sn2 P3 O12,2.04e-09,,,,,,,,,,,nasicon,10.1149/1.2220723,0,data/database/caltech/ionic_conductivity_database .csv,,,,lowest_extrapolation_temperature_K=na,,,83832,,,model threshold: conductivity < 1e-06
caltech_icsd_86168,Li2NiGe3O8,,Li2 Ni1 Ge3 O8,4.88e-09,,,,,,,,,,,oxides,10.1039/a800234g,0,data/database/caltech/ionic_conductivity_database .csv,,,,lowest_extrapolation_temperature_K=336,,,86168,,,model threshold: conductivity < 1e-06
caltech_icsd_87413,SrLi4N2,,Sr1 Li4 N2,2.3e-13,,,,,,,,,,,nitrides,10.1002/anie.198917021,0,data/database/caltech/ionic_conductivity_database .csv,,,,lowest_extrapolation_temperature_K=703,,,87413,,,model threshold: conductivity < 1e-06
caltech_icsd_101899,Li3.126Al0.973S3,,Li3.126 Al0.973 S3,1.3e-08,,,,,,,,,,,sulfides,10.1021/acs.chemmater.9b03230,0,data/database/caltech/ionic_conductivity_database .csv,,,,lowest_extrapolation_temperature_K=na,,,101899,,,model threshold: conductivity < 1e-06
caltech_icsd_111759,Li4Sn0.82Ge0.18Se4,,Li4 Sn0.82 Ge0.18 Se4,6.93e-07,,,,,,,,,,,chalcogenidotetrelates,10.1021/acs.chemmater.0c04150,0,data/database/caltech/ionic_conductivity_database .csv,,,,lowest_extrapolation_temperature_K=na,,,111759,,,model threshold: conductivity < 1e-06
caltech_icsd_120970,Li2HBrO,,Li2 H1 Br1 O1,1.33e-07,,,,,,,,,,,antiperovskite,10.1016/j.jssc.2020.121263,0,data/database/caltech/ionic_conductivity_database .csv,,,,lowest_extrapolation_temperature_K=na,,,120970,,,model threshold: conductivity < 1e-06
caltech_icsd_130090,LiSc(PS3)2,,Li1 Sc1 P2 S6,4.5e-11,,,,,,,,,,,thio_phosphate,10.1002/zaac.201800363,0,data/database/caltech/ionic_conductivity_database .csv,,,,lowest_extrapolation_temperature_K=na,,,130090,,,model threshold: conductivity < 1e-06
caltech_icsd_130194,Li4Sn0.772Ge0.228S4,,Li4 Sn0.772 Ge0.228 S4,2.8e-07,,,,,,,,,,,chalcogenidotetrelates,10.1021/acs.chemmater.9b01059,0,data/database/caltech/ionic_conductivity_database .csv,,,,lowest_extrapolation_temperature_K=na,,,130194,,,model threshold: conductivity < 1e-06
caltech_icsd_130195,Li4Sn0.504Ge0.496S4,,Li4 Sn0.504 Ge0.496 S4,2.01e-07,,,,,,,,,,,chalcogenidotetrelates,10.1021/acs.chemmater.9b01059,0,data/database/caltech/ionic_conductivity_database .csv,,,,lowest_extrapolation_temperature_K=na,,,130195,,,model threshold: conductivity < 1e-06
caltech_icsd_130196,Li4Sn0.279Ge0.721S4,,Li4 Sn0.279 Ge0.721 S4,8.8e-08,,,,,,,,,,,chalcogenidotetrelates,10.1021/acs.chemmater.9b01059,0,data/database/caltech/ionic_conductivity_database .csv,,,,lowest_extrapolation_temperature_K=na,,,130196,,,model threshold: conductivity < 1e-06
caltech_icsd_130198,Li4GeS4,,Li4 Ge1 S4,1.79e-07,,,,,,,,,,,thio_lisicon,10.1021/acs.chemmater.9b01059,0,data/database/caltech/ionic_conductivity_database .csv,,,,lowest_extrapolation_temperature_K=na,,,130198,,,model threshold: conductivity < 1e-06
caltech_icsd_135737,Li1.9W2O6.95,,Li1.9 W2 O6.95,3.94e-15,,,,,,,,,,,oxides,10.1021/acs.inorgchem.1c00609,0,data/database/caltech/ionic_conductivity_database .csv,,,,lowest_extrapolation_temperature_K=526,,,135737,,,model threshold: conductivity < 1e-06
caltech_icsd_141256,Li15P4S16Cl3,,Li15 P4 S16 Cl3,1e-07,,,,,,,,,,,sulfides,10.1021/acs.inorgchem.9b01751,0,data/database/caltech/ionic_conductivity_database .csv,,,,lowest_extrapolation_temperature_K=na,,,141256,,,model threshold: conductivity < 1e-06
caltech_icsd_141482,LiIn2SbO6,,Li1 In2 Sb1 O6,3.17e-15,,,,,,,,,,,oxides,10.1021/acs.chemmater.0c01491,0,data/database/caltech/ionic_conductivity_database .csv,,,,lowest_extrapolation_temperature_K=623,,,141482,,,model threshold: conductivity < 1e-06
caltech_icsd_141993,LiB11H6CCl6,,Li1 B11 H6 C1 Cl6,4.48e-09,,,,,,,,,,,halides,10.1021/acs.chemmater.9b04383,0,data/database/caltech/ionic_conductivity_database .csv,,,,lowest_extrapolation_temperature_K=na,,,141993,,,model threshold: conductivity < 1e-06
caltech_icsd_141995,LiB11H6CBr6,,Li1 B11 H6 C1 Br6,6.21e-09,,,,,,,,,,,halides,10.1021/acs.chemmater.9b04383,0,data/database/caltech/ionic_conductivity_database .csv,,,,lowest_extrapolation_temperature_K=na,,,141995,,,model threshold: conductivity < 1e-06
caltech_icsd_142557,Li1.62La2Ti2.83Nb0.17O10,,Li1.62 La2 Ti2.83 Nb0.17 O10,4.26e-09,,,,,,,,,,,oxides,10.1021/acs.inorgchem.0c00962,0,data/database/caltech/ionic_conductivity_database .csv,,,,lowest_extrapolation_temperature_K=na,,,142557,,,model threshold: conductivity < 1e-06
caltech_icsd_142566,Li2La1.8Ti2.4Nb0.6O10,,Li2 La1.8 Ti2.4 Nb0.6 O10,2.92e-09,,,,,,,,,,,oxides,10.1021/acs.inorgchem.0c00962,0,data/database/caltech/ionic_conductivity_database .csv,,,,lowest_extrapolation_temperature_K=na,,,142566,,,model threshold: conductivity < 1e-06
caltech_icsd_151937,Sr0.04Li0.2Ca0.36Ta1O3,,Sr0.04 Li0.2 Ca0.36 Ta1 O3,9.2e-09,,,,,,,,,,,perovskites,10.1016/j.solidstatesciences.2004.05.006,0,data/database/caltech/ionic_conductivity_database .csv,,,,lowest_extrapolation_temperature_K=373,,,151937,,,model threshold: conductivity < 1e-06
caltech_icsd_155126,Li3BN2,,Li3 B1 N2,1.56e-10,,,,,,,,,,,nitrides,10.1016/0022-4596(87)90135-6,0,data/database/caltech/ionic_conductivity_database .csv,,,,lowest_extrapolation_temperature_K=380,,,155126,,,model threshold: conductivity < 1e-06
caltech_icsd_159728,Li3.05Nd3Sb0.05Te1.95O12,,Li3.05 Nd3 Sb0.05 Te1.95 O12,1.09e-11,,,,,,,,,,,garnet,10.1021/cm703677q,0,data/database/caltech/ionic_conductivity_database .csv,,,,lowest_extrapolation_temperature_K=373,,,159728,,,model threshold: conductivity < 1e-06
caltech_icsd_159729,Li3.1Nd3Sb0.1Te1.9O12,,Li3.1 Nd3 Sb0.1 Te1.9 O12,1.98e-09,,,,,,,,,,,garnet,10.1021/cm703677q,0,data/database/caltech/ionic_conductivity_database .csv,,,,lowest_extrapolation_temperature_K=320,,,159729,,,model threshold: conductivity < 1e-06
caltech_icsd_159730,Li3.2Nd3Sb0.2Te1.8O12,,Li3.2 Nd3 Sb0.2 Te1.8 O12,1.02e-08,,,,,,,,,,,garnet,10.1021/cm703677q,0,data/database/caltech/ionic_conductivity_database .csv,,,,lowest_extrapolation_temperature_K=673,,,159730,,,model threshold: conductivity < 1e-06
caltech_icsd_159731,Li3.5Nd3Sb0.5Te1.5O12,,Li3.5 Nd3 Sb0.5 Te1.5 O12,9.58e-08,,,,,,,,,,,garnet,10.1021/cm703677q,0,data/database/caltech/ionic_conductivity_database .csv,,,,lowest_extrapolation_temperature_K=673,,,159731,,,model threshold: conductivity < 1e-06
caltech_icsd_159733,Li4.5Nd3Sb1.5Te0.5O12,,Li4.5 Nd3 Sb1.5 Te0.5 O12,1.47e-08,,,,,,,,,,,garnet,10.1021/cm703677q,0,data/database/caltech/ionic_conductivity_database .csv,,,,lowest_extrapolation_temperature_K=673,,,159733,,,model threshold: conductivity < 1e-06
caltech_icsd_174202,Li7La3Hf2O12,,Li7 La3 Hf2 O12,9.85e-07,,,,,,,,,,,garnet,10.1016/j.jssc.2009.10.030,0,data/database/caltech/ionic_conductivity_database .csv,,,,lowest_extrapolation_temperature_K=na,,,174202,,,model threshold: conductivity < 1e-06
caltech_icsd_180318,Li3PS4,,Li3 P1 S4,2.6e-07,,,,,,,,,,,thio_lisicon,10.1021/ja3110895,0,data/database/caltech/ionic_conductivity_database .csv,,,,lowest_extrapolation_temperature_K=373,,,180318,,,model threshold: conductivity < 1e-06
caltech_icsd_184087,Li0.9Ti1.8Nb0.2P3O12,,Li0.9 Ti1.8 Nb0.2 P3 O12,3.2e-08,,,,,,,,,,,nasicon,10.1016/j.ssi.2012.01.035,0,data/database/caltech/ionic_conductivity_database .csv,,,,lowest_extrapolation_temperature_K=na,,,184087,,,model threshold: conductivity < 1e-06
caltech_icsd_184917,LiLa(PO3)4,,Li1 La1 P4 O12,6.25e-15,,,,,,,,,,,phosphates,10.1016/j.physb.2012.03.077,0,data/database/caltech/ionic_conductivity_database .csv,,,,lowest_extrapolation_temperature_K=553,,,184917,,,model threshold: conductivity < 1e-06
caltech_icsd_188649,Li1.134Mn0.47Co0.138Ni0.257O2,,Li1.134 Mn0.47 Co0.138 Ni0.257 O2,3.67e-07,,,,,,,,,,,oxides,10.1039/c3ta11040k,0,data/database/caltech/ionic_conductivity_database .csv,,,,lowest_extrapolation_temperature_K=na,,,188649,,,model threshold: conductivity < 1e-06
caltech_icsd_188652,Li1.136Mn0.467Co0.139Ni0.258O2,,Li1.136 Mn0.467 Co0.139 Ni0.258 O2,7.13e-07,,,,,,,,,,,oxides,10.1039/c3ta11040k,0,data/database/caltech/ionic_conductivity_database .csv,,,,lowest_extrapolation_temperature_K=na,,,188652,,,model threshold: conductivity < 1e-06
caltech_icsd_190654,LiZr2(AsO4)3,,Li1 Zr2 As3 O12,1.12e-09,,,,,,,,,,,oxides,10.1134/s0020168514030091,0,data/database/caltech/ionic_conductivity_database .csv,,,,lowest_extrapolation_temperature_K=353,,,190654,,,model threshold: conductivity < 1e-06
caltech_icsd_190830,Sr0.5Li0.25La0.25Ti1O3,,Sr0.5 Li0.25 La0.25 Ti1 O3,1.56e-21,,,,,,,,,,,perovskites,10.1016/j.ceramint.2013.05.083,0,data/database/caltech/ionic_conductivity_database .csv,,,,lowest_extrapolation_temperature_K=882,,,190830,,,model threshold: conductivity < 1e-06
caltech_icsd_196431,CsLi5Mn(P2O7)2,,Cs1 Li5 Mn1 P4 O14,3.37e-13,,,,,,,,,,,phosphates,10.1039/c5dt04427h,0,data/database/caltech/ionic_conductivity_database .csv,,,,lowest_extrapolation_temperature_K=423,,,196431,,,model threshold: conductivity < 1e-06
caltech_icsd_196465,Li4.5Cr0.5Te1O6,,Li4.5 Cr0.5 Te1 O6,2.13e-10,,,,,,,,,,,oxides,10.1016/j.materresbull.2015.12.011,0,data/database/caltech/ionic_conductivity_database .csv,,,,lowest_extrapolation_temperature_K=373,,,196465,,,model threshold: conductivity < 1e-06
caltech_icsd_196466,Li4.5Mn0.5Te1O6,,Li4.5 Mn0.5 Te1 O6,9.89e-13,,,,,,,,,,,oxides,10.1016/j.materresbull.2015.12.011,0,data/database/caltech/ionic_conductivity_database .csv,,,,lowest_extrapolation_temperature_K=373,,,196466,,,model threshold: conductivity < 1e-06
caltech_icsd_196467,Li4.5Al0.5Te1O6,,Li4.5 Al0.5 Te1 O6,4.6e-13,,,,,,,,,,,oxides,10.1016/j.materresbull.2015.12.011,0,data/database/caltech/ionic_conductivity_database .csv,,,,lowest_extrapolation_temperature_K=373,,,196467,,,model threshold: conductivity < 1e-06
caltech_icsd_202401,Li6CoCl8,,Li6 Co1 Cl8,4.6e-09,,,,,,,,,,,rocksalt,10.1002/zaac.19875531020,0,data/database/caltech/ionic_conductivity_database .csv,,,,lowest_extrapolation_temperature_K=373,,,202401,,,model threshold: conductivity < 1e-06
caltech_icsd_238601,Li6.6Si1P1O8,,Li6.6 Si1 P1 O8,1.48e-07,,,,,,,,,,,lisicon,10.1021/jacs.5b04444,0,data/database/caltech/ionic_conductivity_database .csv,,,,lowest_extrapolation_temperature_K=323,,,238601,,,model threshold: conductivity < 1e-06
caltech_icsd_238603,Li4SiO4,,Li4 Si1 O4,5e-10,,,,,,,,,,,lisicon,10.1016/0022-4596(84)90114-2,0,data/database/caltech/ionic_conductivity_database .csv,,,,lowest_extrapolation_temperature_K=na,,,238603,,,model threshold: conductivity < 1e-06
caltech_icsd_239304,Li3.2V1N0.24O3.76,,Li3.2 V1 N0.24 O3.76,4.52e-13,,,,,,,,,,,oxides,10.1039/c5ta07823g,0,data/database/caltech/ionic_conductivity_database .csv,,,,lowest_extrapolation_temperature_K=604,,,239304,,,model threshold: conductivity < 1e-06
caltech_icsd_239763,LiBH4,,Li1 B1 H4,1e-08,,,,,,,,,,,other,10.1039/c6ta02761j,0,data/database/caltech/ionic_conductivity_database .csv,,,,lowest_extrapolation_temperature_K=na,,,239763,,,model threshold: conductivity < 1e-06
caltech_icsd_240749,Li9S3N,,Li9 S3 N1,8.3e-07,,,,,,,,,,,nitrides,10.1039/c5ta05432j,0,data/database/caltech/ionic_conductivity_database .csv,,,,lowest_extrapolation_temperature_K=na,,,240749,,,model threshold: conductivity < 1e-06
caltech_icsd_241829,Li2VS2O9,,Li2 V1 S2 O9,4.2e-10,,,,,,,,,,,oxides,10.1021/acs.chemmater.6b02759,0,data/database/caltech/ionic_conductivity_database .csv,,,,lowest_extrapolation_temperature_K=na,,,241829,,,model threshold: conductivity < 1e-06
caltech_icsd_242170,Li2PS3,,Li4 P2 S6,2.38e-07,,,,,,,,,,,glass,10.1016/j.ssi.2015.10.015,0,data/database/caltech/ionic_conductivity_database .csv,,,,lowest_extrapolation_temperature_K=na,,,242170,,,model threshold: conductivity < 1e-06
caltech_icsd_243915,Li2Mg2P3NO9,,Li2 Mg2 P3 N1 O9,9e-07,,,,,,,,,,,phosphates,10.1021/jacs.7b02323,0,data/database/caltech/ionic_conductivity_database .csv,,,,lowest_extrapolation_temperature_K=na,,,243915,,,model threshold: conductivity < 1e-06
caltech_icsd_248343,Li3B(PO4)2,,Li3 B1 P2 O8,9.6e-12,,,,,,,,,,,borophosphates,10.1016/j.jssc.2014.11.024,0,data/database/caltech/ionic_conductivity_database .csv,,,,lowest_extrapolation_temperature_K=na,,,248343,,,model threshold: conductivity < 1e-06
caltech_icsd_254406,LiGa2GeS6,,Li1 Ga2 Ge1 S6,3.8e-08,,,,,,,,,,,sulfides,10.1016/j.ssi.2014.04.015,0,data/database/caltech/ionic_conductivity_database .csv,,,,lowest_extrapolation_temperature_K=na,,,254406,,,model threshold: conductivity < 1e-06
caltech_icsd_255464,Li4Zn(PO4)2,,Li4 Zn1 P2 O8,5.44e-18,,,,,,,,,,,phosphates,10.1021/acs.chemmater.7b05139,0,data/database/caltech/ionic_conductivity_database .csv,,,,lowest_extrapolation_temperature_K=473,,,255464,,,model threshold: conductivity < 1e-06
caltech_icsd_259006,Li6.1La3Gd0.55Ta1.45O12,,Li6.1 La3 Gd0.55 Ta1.45 O12,8.56e-07,,,,,,,,,,,garnet,10.1039/c6dt04021g,0,data/database/caltech/ionic_conductivity_database .csv,,,,lowest_extrapolation_temperature_K=na,,,259006,,,model threshold: conductivity < 1e-06
caltech_icsd_259199,Li5B3H13N,,Li5 B3 H13 N1,1.04e-07,,,,,,,,,,,hydrides,10.1021/acs.jpcc.7b00821,0,data/database/caltech/ionic_conductivity_database .csv,,,,lowest_extrapolation_temperature_K=na,,,259199,,,model threshold: conductivity < 1e-06
caltech_icsd_262046,LiMn2TeO6,,Li1 Mn2 Te1 O6,2e-07,,,,,,,,,,,oxides,10.1016/j.solidstatesciences.2011.08.019,0,data/database/caltech/ionic_conductivity_database .csv,,,,lowest_extrapolation_temperature_K=na,,,262046,,,model threshold: conductivity < 1e-06
caltech_icsd_262922,Li14Ce5Si11N19O7F2,,Li14 Ce5 Si11 N19 O7 F2,1.7e-10,,,,,,,,,,,nitridosilicates,10.1021/ja302255d,0,data/database/caltech/ionic_conductivity_database .csv,,,,lowest_extrapolation_temperature_K=433,,,262922,,,model threshold: conductivity < 1e-06
caltech_icsd_280927,BaLiP2O7,,Ba1 Li1 P2 O7,2.03e-12,,,,,,,,,,,pyrophosphate,10.1007/s11581-014-1261-6,0,data/database/caltech/ionic_conductivity_database .csv,,,,lowest_extrapolation_temperature_K=589,,,280927,,,model threshold: conductivity < 1e-06
caltech_icsd_281119,LiMgSO4F,,Li1 Mg1 S1 O4 F1,5.4e-08,,,,,,,,,,,oxyhalides,10.1021/jp304767d,0,data/database/caltech/ionic_conductivity_database .csv,,,,lowest_extrapolation_temperature_K=na,,,281119,,,model threshold: conductivity < 1e-06
caltech_icsd_290831,Li4GeS4,,Li4 Ge1 S4,2e-07,,,,,,,,,,,thio_lisicon,10.1016/j.ssi.2004.02.025,0,data/database/caltech/ionic_conductivity_database .csv,,,,lowest_extrapolation_temperature_K=na,,,290831,,,model threshold: conductivity < 1e-06
caltech_icsd_290979,Li3SNO3,,Li3 S1 N1 O3,1e-14,,,,,,,,,,,oxides,10.1016/j.solidstatesciences.2013.08.004,0,data/database/caltech/ionic_conductivity_database .csv,,,,lowest_extrapolation_temperature_K=476,,,290979,,,model threshold: conductivity < 1e-06
caltech_icsd_291218,LiLa9(Si3O13)2,,Li1 La9 Si6 O26,1.45e-12,,,,,,,,,,,silicates,10.1016/0167-2738(95)00240-5,0,data/database/caltech/ionic_conductivity_database .csv,,,,lowest_extrapolation_temperature_K=531,,,291218,,,model threshold: conductivity < 1e-06
caltech_icsd_291220,LiEu9(Si3O13)2,,Li1 Eu9 Si6 O26,9.7e-14,,,,,,,,,,,silicates,10.1016/0167-2738(95)00240-5,0,data/database/caltech/ionic_conductivity_database .csv,,,,lowest_extrapolation_temperature_K=531,,,291220,,,model threshold: conductivity < 1e-06
caltech_icsd_402062,Li2ZnI4,,Li2 Zn1 I4,4e-08,,,,,,,,,,,halides,10.1016/j.ssi.2007.10.018,0,data/database/caltech/ionic_conductivity_database .csv,,,,lowest_extrapolation_temperature_K=na,,,402062,,,model threshold: conductivity < 1e-06
caltech_icsd_414244,LiI,,Li1 I1,1e-07,,,,,,,,,,,rocksalt,10.1149/1.2403248,0,data/database/caltech/ionic_conductivity_database .csv,,,,lowest_extrapolation_temperature_K=na,,,414244,,,model threshold: conductivity < 1e-06
caltech_icsd_415121,Li2TeSe3,,Li2 Te1 Se3,1.82e-10,,,,,,,,,,,sulfides,10.1002/zaac.200500007,0,data/database/caltech/ionic_conductivity_database .csv,,,,lowest_extrapolation_temperature_K=383,,,415121,,,model threshold: conductivity < 1e-06
caltech_icsd_424834,Li3SbS3,,Li3 Sb1 S3,1e-07,,,,,,,,,,,sulfides,10.1016/0167-2738(83)90222-9,0,data/database/caltech/ionic_conductivity_database .csv,,,,lowest_extrapolation_temperature_K=na,,,424834,,,model threshold: conductivity < 1e-06
caltech_icsd_428404,LiFePO4F,,Li1 Fe1 P1 O4 F1,6e-08,,,,,,,,,,,fluorophosphates,10.1016/j.electacta.2012.08.073,0,data/database/caltech/ionic_conductivity_database .csv,,,,lowest_extrapolation_temperature_K=na,,,428404,,,model threshold: conductivity < 1e-06
caltech_icsd_431128,Li2Ti3O7,,Li2 Ti3 O7,7.44e-07,,,,,,,,,,,oxides,10.1016/0038-1098(79)90780-4,0,data/database/caltech/ionic_conductivity_database .csv,,,,lowest_extrapolation_temperature_K=na,,,431128,,,model threshold: conductivity < 1e-06
caltech_icsd_433117,Li3CoTeO6,,Li3 Co1 Te1 O6,5.83e-16,,,,,,,,,,,oxides,10.1039/c7dt02663c,0,data/database/caltech/ionic_conductivity_database .csv,,,,lowest_extrapolation_temperature_K=523,,,433117,,,model threshold: conductivity < 1e-06
liverpool_2_0002,Li2HBrO,,Li2 H1 Br1 O1,5.4e-07,,,,,,,,,,,antiperovskite,10.1002/aenm.201700971,0,data/database/liverpool/LiIonDatabase.csv,,,,source_id=2; measured_temperature_C=22.06; chemical_family=Oxides and Other Anions,,,,,,model threshold: conductivity < 1e-06
liverpool_3_0003,Li2.4H0.6Cl1O1,,Li2.4 H0.6 Cl1 O1,8.9e-08,,,,,,,,,,,antiperovskite,10.1002/aenm.201700971,0,data/database/liverpool/LiIonDatabase.csv,,,,source_id=3; measured_temperature_C=26; chemical_family=Oxides and Other Anions,,,,,,model threshold: conductivity < 1e-06
liverpool_4_0004,Li2.1H0.9Cl1O1,,Li2.1 H0.9 Cl1 O1,8.05e-08,,,,,,,,,,,antiperovskite,10.1002/aenm.201700971,0,data/database/liverpool/LiIonDatabase.csv,,,,source_id=4; measured_temperature_C=26; chemical_family=Oxides and Other Anions,,,,,,model threshold: conductivity < 1e-06
liverpool_6_0006,Li2.7H0.3Cl1O1,,Li2.7 H0.3 Cl1 O1,7.3e-09,,,,,,,,,,,antiperovskite,10.1002/aenm.201700971,0,data/database/liverpool/LiIonDatabase.csv,,,,source_id=6; measured_temperature_C=26; chemical_family=Oxides and Other Anions,,,,,,model threshold: conductivity < 1e-06
liverpool_86_0067,Li0.8Sb0.72P0.48S2.68,,Li0.8 Sb0.72 P0.48 S2.68,1.6e-07,,,,,,,,,,,glass,10.1007/s11581-006-0054-y,0,data/database/liverpool/LiIonDatabase.csv,,,,source_id=86; measured_temperature_C=25; chemical_family=Sulphides,,,,,,model threshold: conductivity < 1e-06
liverpool_106_0086,Li0.5P1Cl0.5O2.5,,Li0.5 P1 Cl0.5 O2.5,6.83e-08,,,,,,,,,,,glass,10.1007/s11581-008-0276-2,0,data/database/liverpool/LiIonDatabase.csv,,,,source_id=106; measured_temperature_C=30; chemical_family=Oxides and Other Anions,,,,,,model threshold: conductivity < 1e-06
liverpool_122_0102,Li25Al(P12O37)2,,Li100 Al4 P96 O296,3.16e-09,,,,,,,,,,,glass,10.1016/j.jeurceramsoc.2008.12.016,0,data/database/liverpool/LiIonDatabase.csv,,,,source_id=122; measured_temperature_C=25; chemical_family=Oxides,,,,,,model threshold: conductivity < 1e-06
liverpool_128_0108,Li50Al3P47O147,,Li100 Al6 P94 O294,5.75e-09,,,,,,,,,,,glass,10.1016/j.jeurceramsoc.2008.12.016,0,data/database/liverpool/LiIonDatabase.csv,,,,source_id=128; measured_temperature_C=25; chemical_family=Oxides,,,,,,model threshold: conductivity < 1e-06
liverpool_129_0109,Li25Al2P23O73,,Li100 Al8 P92 O292,9.12e-09,,,,,,,,,,,glass,10.1016/j.jeurceramsoc.2008.12.016,0,data/database/liverpool/LiIonDatabase.csv,,,,source_id=129; measured_temperature_C=25; chemical_family=Oxides,,,,,,model threshold: conductivity < 1e-06
liverpool_255_0214,Li6P3O10F,,Li120 P60 O200 F20,4.4e-07,,,,,,,,,,,glass,10.1134/s1023193509050048,0,data/database/liverpool/LiIonDatabase.csv,,,,source_id=255; measured_temperature_C=25; chemical_family=Oxides and Other Anions,,,,,,model threshold: conductivity < 1e-06
liverpool_268_0219,Li9AlSiO8,,Li9 Al1 Si1 O8,2.3e-07,,,,,,,,,,,glass,10.1149/1.1836980,0,data/database/liverpool/LiIonDatabase.csv,,,,source_id=268; measured_temperature_C=30; chemical_family=Oxides,,,,,,model threshold: conductivity < 1e-06
liverpool_326_0262,LiHfTi(PO4)3,,Li1 Hf1 Ti1 P3 O12,5.63e-07,,,,,,,,,,,nasicon,10.1016/0025-5408(89)90129-3,0,data/database/liverpool/LiIonDatabase.csv,,,,source_id=326; measured_temperature_C=23; chemical_family=Oxides,,,,,,model threshold: conductivity < 1e-06
liverpool_327_0263,Li0.2Zr1.2Nb0.8P3O12,,Li0.2 Zr1.2 Nb0.8 P3 O12,2.38e-07,,,,,,,,,,,nasicon,10.1016/0025-5408(89)90129-3,0,data/database/liverpool/LiIonDatabase.csv,,,,source_id=327; measured_temperature_C=25; chemical_family=Oxides,,,,,,model threshold: conductivity < 1e-06
liverpool_341_0275,Li1.2Zr1.5Sc0.2Ti0.2P3O12,,Li1.2 Zr1.5 Sc0.2 Ti0.2 P3 O12,3.1e-07,,,,,,,,,,,nasicon,10.1016/0167-2738(86)90179-7,0,data/database/liverpool/LiIonDatabase.csv,,,,source_id=341; measured_temperature_C=25; chemical_family=Oxides,,,,,,model threshold: conductivity < 1e-06
liverpool_343_0277,Li1Zr1.5Ti0.5P3O12,,Li1 Zr1.5 Ti0.5 P3 O12,6.2e-08,,,,,,,,,,,nasicon,10.1016/0167-2738(86)90179-7,0,data/database/liverpool/LiIonDatabase.csv,,,,source_id=343; measured_temperature_C=25; chemical_family=Oxides,,,,,,model threshold: conductivity < 1e-06
liverpool_346_0279,LiZrTi(PO4)3,,Li1 Zr1 Ti1 P3 O12,4e-08,,,,,,,,,,,nasicon,10.1016/0167-2738(86)90179-7,0,data/database/liverpool/LiIonDatabase.csv,,,,source_id=346; measured_temperature_C=25; chemical_family=Oxides,,,,,,model threshold: conductivity < 1e-06
liverpool_383_0313,Li1.2Hf1.8Cr0.2P3O12,,Li1.2 Hf1.8 Cr0.2 P3 O12,2.54e-07,,,,,,,,,,,nasicon,10.1016/0167-2738(93)90387-i,0,data/database/liverpool/LiIonDatabase.csv,,,,source_id=383; measured_temperature_C=25; chemical_family=Oxides,,,,,,model threshold: conductivity < 1e-06
liverpool_384_0314,Li1.5Hf1.5Cr0.5P3O12,,Li1.5 Hf1.5 Cr0.5 P3 O12,1.18e-07,,,,,,,,,,,nasicon,10.1016/0167-2738(93)90387-i,0,data/database/liverpool/LiIonDatabase.csv,,,,source_id=384; measured_temperature_C=25; chemical_family=Oxides,,,,,,model threshold: conductivity < 1e-06
liverpool_385_0315,Li1.1Hf1.9Cr0.1P3O12,,Li1.1 Hf1.9 Cr0.1 P3 O12,9.35e-08,,,,,,,,,,,nasicon,10.1016/0167-2738(93)90387-i,0,data/database/liverpool/LiIonDatabase.csv,,,,source_id=385; measured_temperature_C=25; chemical_family=Oxides,,,,,,model threshold: conductivity < 1e-06
liverpool_397_0327,Li1.02Y0.02Zr1.98P3O12,,Li1.02 Y0.02 Zr1.98 P3 O12,1.15e-07,,,,,,,,,,,nasicon,10.1016/j.ssi.2003.12.037,0,data/database/liverpool/LiIonDatabase.csv,,,,source_id=397; measured_temperature_C=25; chemical_family=Oxides,,,,,,model threshold: conductivity < 1e-06
liverpool_399_0329,Li0.98Zr1.98Nb0.02P3O12,,Li0.98 Zr1.98 Nb0.02 P3 O12,2.5e-07,,,,,,,,,,,nasicon,10.1016/j.ssi.2003.12.037,0,data/database/liverpool/LiIonDatabase.csv,,,,source_id=399; measured_temperature_C=25; chemical_family=Oxides,,,,,,model threshold: conductivity < 1e-06
liverpool_489_0407,Li3.2P1N0.7O3.1,,Li3.2 P1 N0.7 O3.1,5e-07,,,,,,,,,,,lisicon,10.1016/j.ssi.2005.10.021,0,data/database/liverpool/LiIonDatabase.csv,,,,source_id=489; measured_temperature_C=25; chemical_family=Oxides and Other Anions,,,,,,model threshold: conductivity < 1e-06
liverpool_495_0411,LiFePO4,,Li1 Fe1 P1 O4,1.1e-09,,,,,,,,,,,olivine,10.1016/j.ssi.2008.06.028,0,data/database/liverpool/LiIonDatabase.csv,,,,source_id=495; measured_temperature_C=30; chemical_family=Oxides,,,,,,model threshold: conductivity < 1e-06
liverpool_505_0419,Li4B2SeO7,,Li100 B50 Se25 O175,7.54e-07,,,,,,,,,,,glass,10.1016/s0167-2738(02)00137-6,0,data/database/liverpool/LiIonDatabase.csv,,,,source_id=505; measured_temperature_C=27; chemical_family=Oxides,,,,,,model threshold: conductivity < 1e-06
liverpool_541_0446,Li3PO4,,Li3 P1 O4,1.75e-13,,,,,,,,,,,lisicon,10.1021/acs.chemmater.8b01504,0,data/database/liverpool/LiIonDatabase.csv,,,,source_id=541; measured_temperature_C=30; chemical_family=Oxides,,,,,,model threshold: conductivity < 1e-06
liverpool_587_0484,LiBH4,,Li1 B1 H4,9.89e-08,,,,,,,,,,,other,10.1021/acsomega.8b00377,0,data/database/liverpool/LiIonDatabase.csv,,,,source_id=587; measured_temperature_C=27; chemical_family=Other,,,,,,model threshold: conductivity < 1e-06
liverpool_637_0524,Sr0.8Li0.1Ti0.7Nb0.3O3,,Sr0.8 Li0.1 Ti0.7 Nb0.3 O3,1e-08,,,,,,,,,,,perovskites,10.1149/1.1629102,0,data/database/liverpool/LiIonDatabase.csv,,,,source_id=637; measured_temperature_C=25; chemical_family=Oxides,,,,,,model threshold: conductivity < 1e-06
liverpool_638_0525,Sr0.6Li0.3Ta0.5Ti0.2Fe0.3O3,,Sr0.6 Li0.3 Ta0.5 Ti0.2 Fe0.3 O3,1e-07,,,,,,,,,,,perovskites,10.1149/1.1629102,0,data/database/liverpool/LiIonDatabase.csv,,,,source_id=638; measured_temperature_C=25; chemical_family=Oxides,,,,,,model threshold: conductivity < 1e-06
liverpool_654_0541,Ba2LiTi2NbO9,,Ba2 Li1 Ti2 Nb1 O9,1e-07,,,,,,,,,,,perovskites,10.1021/cm9810382,0,data/database/liverpool/LiIonDatabase.csv,,,,source_id=654; measured_temperature_C=30; chemical_family=Oxides,,,,,,model threshold: conductivity < 1e-06
liverpool_703_0586,Li6Br3N,,Li6 Br3 N1,3.1e-07,,,,,,,,,,,rocksalt,10.1002/anie.198000741,0,data/database/liverpool/LiIonDatabase.csv,,,,source_id=703; measured_temperature_C=25; chemical_family=Halides,,,,,,model threshold: conductivity < 1e-06
liverpool_704_0587,Li4SiO4,,Li4 Si1 O4,2e-10,,,,,,,,,,,lisicon,10.1016/0025-5408(76)90235-x,0,data/database/liverpool/LiIonDatabase.csv,,,,source_id=704; measured_temperature_C=25; chemical_family=Oxides,,,,,,model threshold: conductivity < 1e-06
liverpool_708_0591,LiI,,Li1 I1,2.8e-08,,,,,,,,,,,rocksalt,10.1016/0167-2738(81)90020-5,0,data/database/liverpool/LiIonDatabase.csv,,,,source_id=708; measured_temperature_C=25; chemical_family=Halides,,,,,,model threshold: conductivity < 1e-06
liverpool_712_0595,Li3Sc2(PO4)3,,Li3 Sc2 P3 O12,1e-10,,,,,,,,,,,nasicon,10.1016/j.materresbull.2007.08.007,0,data/database/liverpool/LiIonDatabase.csv,,,,source_id=712; measured_temperature_C=25; chemical_family=Oxides,,,,,,model threshold: conductivity < 1e-06
liverpool_726_0606,Li13.6Si2.8S1.2O16,,Li13.6 Si2.8 S1.2 O16,6e-07,,,,,,,,,,,lisicon,10.1016/0013-4686(77)80035-2,0,data/database/liverpool/LiIonDatabase.csv,,,,source_id=726; measured_temperature_C=25; chemical_family=Oxides,,,,,,model threshold: conductivity < 1e-06
liverpool_847_0705,Li10Al(P3O10)3,,Li100 Al10 P90 O300,1.15e-08,,,,,,,,,,,glass,10.1016/j.jeurceramsoc.2008.12.016,0,data/database/liverpool/LiIonDatabase.csv,,,,source_id=847; measured_temperature_C=25; chemical_family=Oxides,,,,,,model threshold: conductivity < 1e-06
liverpool_852_0710,LiPO3,,Li100 P100 O300,1.32e-09,,,,,,,,,,,glass,10.1016/j.jeurceramsoc.2008.12.016,0,data/database/liverpool/LiIonDatabase.csv,,,,source_id=852; measured_temperature_C=25; chemical_family=Oxides,,,,,,model threshold: conductivity < 1e-06
liverpool_853_0711,Li18LaS9IO,,Li18 La1 S9 I1 O1,8.13e-09,,,,,,,,,,,glass,10.1016/j.ssi.2008.01.072,0,data/database/liverpool/LiIonDatabase.csv,,,,source_id=853; measured_temperature_C=30; chemical_family=Sulphides and Other Anions,,,,,,model threshold: conductivity < 1e-06
liverpool_855_0713,Li0.5Ag0.5P0.5I0.5O1.5,,Li0.5 Ag0.5 P0.5 I0.5 O1.5,4.1e-08,,,,,,,,,,,glass,10.1016/j.ssi.2008.04.015,0,data/database/liverpool/LiIonDatabase.csv,,,,source_id=855; measured_temperature_C=30; chemical_family=Oxides and Other Anions,,,,,,model threshold: conductivity < 1e-06
liverpool_857_0715,Li4La5S2(IO)5,,Li4 La5 S2 I5 O5,6.92e-08,,,,,,,,,,,glass,10.1016/j.ssi.2008.01.072,0,data/database/liverpool/LiIonDatabase.csv,,,,source_id=857; measured_temperature_C=30; chemical_family=Sulphides and Other Anions,,,,,,model threshold: conductivity < 1e-06
liverpool_858_0716,Li2LaSIO,,Li2 La1 S1 I1 O1,2.75e-07,,,,,,,,,,,glass,10.1016/j.ssi.2008.01.072,0,data/database/liverpool/LiIonDatabase.csv,,,,source_id=858; measured_temperature_C=30; chemical_family=Sulphides and Other Anions,,,,,,model threshold: conductivity < 1e-06
liverpool_859_0717,Li3.9Zn0.05Ge1S4,,Li3.9 Zn0.05 Ge1 S4,2.84e-07,,,,,,,,,,,thio_lisicon,10.1016/s0167-2738(00)00277-0,0,data/database/liverpool/LiIonDatabase.csv,,,,source_id=859; measured_temperature_C=25; chemical_family=Sulphides,,,,,,model threshold: conductivity < 1e-06
liverpool_891_0749,Li6La2MgTa2O12,,Li6 La2 Mg1 Ta2 O12,1.92e-07,,,,,,,,,,,garnet,10.1149/1.2800764,0,data/database/liverpool/LiIonDatabase.csv,,,,source_id=891; measured_temperature_C=21.1; chemical_family=Oxides,,,,,,model threshold: conductivity < 1e-06
liverpool_904_0762,Li0.95Mg0.95In0.05P1O4,,Li0.95 Mg0.95 In0.05 P1 O4,1.12e-10,,,,,,,,,,,olivine,10.1021/cm504518q,0,data/database/liverpool/LiIonDatabase.csv,,,,source_id=904; measured_temperature_C=25; chemical_family=Oxides,,,,,,model threshold: conductivity < 1e-06
liverpool_905_0763,Li0.9Mg0.9In0.1P1O4,,Li0.9 Mg0.9 In0.1 P1 O4,5.01e-10,,,,,,,,,,,olivine,10.1021/cm504518q,0,data/database/liverpool/LiIonDatabase.csv,,,,source_id=905; measured_temperature_C=25; chemical_family=Oxides,,,,,,model threshold: conductivity < 1e-06
liverpool_906_0764,Li0.85Mg0.85In0.15P1O4,,Li0.85 Mg0.85 In0.15 P1 O4,1.26e-09,,,,,,,,,,,olivine,10.1021/cm504518q,0,data/database/liverpool/LiIonDatabase.csv,,,,source_id=906; measured_temperature_C=25; chemical_family=Oxides,,,,,,model threshold: conductivity < 1e-06
liverpool_907_0765,Li0.83Mg0.83In0.17P1O4,,Li0.83 Mg0.83 In0.17 P1 O4,1.41e-09,,,,,,,,,,,olivine,10.1021/cm504518q,0,data/database/liverpool/LiIonDatabase.csv,,,,source_id=907; measured_temperature_C=25; chemical_family=Oxides,,,,,,model threshold: conductivity < 1e-06
liverpool_2003_0792,Li3.09B1N0.52O2.53,,Li3.09 B1 N0.52 O2.53,8.65e-07,,,,,,,,,,,glass,10.1016/j.jpowsour.2008.09.089,0,data/database/liverpool/LiIonDatabase.csv,,,,source_id=2003; measured_temperature_C=25; chemical_family=Oxides,,,,,,model threshold: conductivity < 1e-06
liverpool_2004_0793,Li5Nd3(SbO6)2,,Li5 Nd3 Sb2 O12,5.58e-07,,,,,,,,,,,garnet,10.1016/j.ssi.2008.01.002,0,data/database/liverpool/LiIonDatabase.csv,,,,source_id=2004; measured_temperature_C=25; chemical_family=Oxides,,,,,,model threshold: conductivity < 1e-06
liverpool_2006_0795,LiAl(SiO3)2,,Li1 Al1 Si2 O6,3.49e-09,,,,,,,,,,,glass,10.1016/j.ssi.2009.02.028,0,data/database/liverpool/LiIonDatabase.csv,,,,source_id=2006; measured_temperature_C=25; chemical_family=Oxides,,,,,,model threshold: conductivity < 1e-06
liverpool_2007_0796,Li33.2Si83.4O183.4,,Li33.2 Si83.4 O183.4,1.3e-09,,,,,,,,,,,glass,10.1016/s0022-3093(99)00688-2,0,data/database/liverpool/LiIonDatabase.csv,,,,source_id=2007; measured_temperature_C=25; chemical_family=Oxides,,,,,,model threshold: conductivity < 1e-06
liverpool_2010_0799,Li1.9Mg0.1Ti1O3.05,,Li1.9 Mg0.1 Ti1 O3.05,1.96e-07,,,,,,,,,,,rocksalt,10.1016/j.ssi.2008.03.001,0,data/database/liverpool/LiIonDatabase.csv,,,,source_id=2010; measured_temperature_C=25; chemical_family=Sulphides and Other Anions,,,,,,model threshold: conductivity < 1e-06
liverpool_2011_0800,Li0.3Y0.9P1O4,,Li0.3 Y0.9 P1 O4,4.64e-07,,,,,,,,,,,zircon,10.1016/0167-2738(89)90457-8,0,data/database/liverpool/LiIonDatabase.csv,,,,source_id=2011; measured_temperature_C=25; chemical_family=Oxides,,,,,,model threshold: conductivity < 1e-06
liverpool_2012_0801,Li0.9Y0.7P1O4,,Li0.9 Y0.7 P1 O4,6.57e-09,,,,,,,,,,,zircon,10.1016/0167-2738(89)90457-8,0,data/database/liverpool/LiIonDatabase.csv,,,,source_id=2012; measured_temperature_C=25; chemical_family=Oxides,,,,,,model threshold: conductivity < 1e-06
liverpool_2013_0802,Li1.5Y0.5P1O4,,Li1.5 Y0.5 P1 O4,6.68e-11,,,,,,,,,,,zircon,10.1016/0167-2738(89)90457-8,0,data/database/liverpool/LiIonDatabase.csv,,,,source_id=2013; measured_temperature_C=25; chemical_family=Oxides,,,,,,model threshold: conductivity < 1e-06
liverpool_2014_0803,LiGaSiO4,,Li1 Ga1 Si1 O4,1.08e-11,,,,,,,,,,,phenakite,10.1016/0167-2738(87)90048-8,0,data/database/liverpool/LiIonDatabase.csv,,,,source_id=2014; measured_temperature_C=25; chemical_family=Oxides,,,,,,model threshold: conductivity < 1e-06
liverpool_2015_0804,Li0.68Ga0.68Si2.33O6,,Li0.68 Ga0.68 Si2.33 O6,3.15e-11,,,,,,,,,,,phenakite,10.1016/0167-2738(87)90048-8,0,data/database/liverpool/LiIonDatabase.csv,,,,source_id=2015; measured_temperature_C=25; chemical_family=Oxides,,,,,,model threshold: conductivity < 1e-06
liverpool_2016_0805,Li0.96Ga0.96Si2.04O6,,Li0.96 Ga0.96 Si2.04 O6,2.35e-11,,,,,,,,,,,phenakite,10.1016/0167-2738(87)90048-8,0,data/database/liverpool/LiIonDatabase.csv,,,,source_id=2016; measured_temperature_C=25; chemical_family=Oxides,,,,,,model threshold: conductivity < 1e-06
liverpool_2021_0810,LiCaTiNbO6,,Li1 Ca1 Ti1 Nb1 O6,6.07e-07,,,,,,,,,,,perovskites,10.1021/cm9810382,0,data/database/liverpool/LiIonDatabase.csv,,,,source_id=2021; measured_temperature_C=25; chemical_family=Oxides,,,,,,model threshold: conductivity < 1e-06
liverpool_2029_0818,Li6NiCl8,,Li6 Ni1 Cl8,2.69e-10,,,,,,,,,,,rocksalt,10.1002/zaac.19875531020,0,data/database/liverpool/LiIonDatabase.csv,,,,source_id=2029; measured_temperature_C=25; chemical_family=Halides,,,,,,model threshold: conductivity < 1e-06
fft,Li3N,,Li3 N1,0.0002085,,,,,,,,,,,nitrides,10.1016/0167-2738(83)90045-0,1,data/database/obelix/processed/all-v1.csv,,,,synthesis_method=unknow; measured_temperature=RT; amorphous=unknow; source_year=1983,,,,,,same formula representative selection; kept gvd with highest reported conductivity
iwe,Li1.3Sc0.3Ti1.7P3O12,,Li1.3 Sc0.3 Ti1.7 P3 O12,0.000407,,,,,,,,,,,nasicon,10.1016/0167-2738(86)90179-7,1,data/database/obelix/processed/all-v1.csv,,,,synthesis_method=unknow; measured_temperature=RT; amorphous=unknow; source_year=1986,,,,,,same formula representative selection; kept do2 with highest reported conductivity
qkr,Li1.3La0.3Ti1.7P3O12,,Li1.3 La0.3 Ti1.7 P3 O12,0.000523,,,,,,,,,,,nasicon,10.1149/1.2086597,1,data/database/obelix/processed/all-v1.csv,,,,synthesis_method=unknow; measured_temperature=RT; amorphous=unknow; source_year=1990,,,,,,same formula representative selection; kept ctg with highest reported conductivity
vus,Li1.5La0.5Ti1.5P3O12,,Li1.5 La0.5 Ti1.5 P3 O12,0.000281,,,,,,,,,,,nasicon,10.1149/1.2086597,1,data/database/obelix/processed/all-v1.csv,,,,synthesis_method=unknow; measured_temperature=RT; amorphous=unknow; source_year=1990,,,,,,same formula representative selection; kept liverpool_470_0388 with highest reported conductivity
sv7,Li0.34La0.51Ti1O2.94,,Li0.34 La0.51 Ti1 O2.94,0.001,,,,,,,,,,,perovskites,10.1016/0167-2738(94)90309-3,1,data/database/obelix/processed/all-v1.csv,,,,synthesis_method=unknow; measured_temperature=RT; amorphous=unknow; source_year=1994,,,,,,same formula representative selection; kept liverpool_603_0499 with highest reported conductivity
ag1,Li1.3Al0.3Ge1.7P3O12,,Li1.3 Al0.3 Ge1.7 P3 O12,3.9e-05,,,,,,,,,,,nasicon,10.1016/s0955-2219(99)00055-2,1,data/database/obelix/processed/all-v1.csv,,,,synthesis_method=unknow; measured_temperature=RT; amorphous=unknow; source_year=1999,,,,,,same formula representative selection; kept 3uq with highest reported conductivity
0y6,Li1.6Al0.6Ge1.4P3O12,,Li1.6 Al0.6 Ge1.4 P3 O12,0.00014,,,,,,,,,,,nasicon,10.1016/s0955-2219(99)00055-2,1,data/database/obelix/processed/all-v1.csv,,,,synthesis_method=unknow; measured_temperature=RT; amorphous=unknow; source_year=1999,,,,,,same formula representative selection; kept 1dm with highest reported conductivity
68u,Li5La3Nb2O12,,Li5 La3 Nb2 O12,8e-06,,,,,,,,,,,garnet,10.1111/j.1551-2916.2005.00060.x,1,data/database/obelix/processed/all-v1.csv,,,,close match: Yes；close match DOI: 10.1016/0025-5408(88)90264-4; synthesis_method=unknow; measured_temperature=RT; amorphous=unknow; source_year=2005,,,,,,same formula representative selection; kept caltech_icsd_171171 with highest reported conductivity
gyw,SrLi6La2Ta2O12,,Sr1 Li6 La2 Ta2 O12,4.2e-06,,,,,,,,,,,garnet,10.1111/j.1551-2916.2005.00060.x,1,data/database/obelix/processed/all-v1.csv,,,,synthesis_method=unknow; measured_temperature=RT; amorphous=unknow; source_year=2005,,,,,,same formula representative selection; kept ps0 with highest reported conductivity
mdp,Li7P3S11,,Li7 P3 S11,0.0032,,,,,,,,,,,thio_phosphate,10.1016/j.ssi.2006.04.017|10.1016/j.ssi.2007.05.020|10.1039/c3ee41655k,1,data/database/obelix/processed/all-v1.csv,,,,synthesis_method=unknow; measured_temperature=RT; amorphous=unknow; source_year=2006,,,,,,same formula representative selection; kept liverpool_717_0599 with highest reported conductivity
7o7,BaLi6La2Ta2O12,,Ba1 Li6 La2 Ta2 O12,2.95e-05,,,,,,,,,,,garnet,10.1007/s11581-007-0097-8,1,data/database/obelix/processed/all-v1.csv,,,,lattice parameter double check；close match: Yes；close match DOI: 10.1021/am4060194; synthesis_method=unknow; measured_temperature=RT; amorphous=unknow; source_year=2007,,,,,,same formula representative selection; kept 544 with highest reported conductivity
kbq,Li5La3(BiO6)2,,Li5 La3 Bi2 O12,1.9e-05,,,,,,,,,,,garnet,10.1016/j.mseb.2007.07.009,1,data/database/obelix/processed/all-v1.csv,,,,synthesis_method=unknow; measured_temperature=RT; amorphous=unknow; source_year=2007,,,,,,same formula representative selection; kept b7v with highest reported conductivity
tbj,Li5La3(SbO6)2,,Li5 La3 Sb2 O12,3.33e-06,,,,,,,,,,,garnet,10.1016/j.ssi.2008.01.002,1,data/database/obelix/processed/all-v1.csv,,,,duplicate with line 536; synthesis_method=unknow; measured_temperature=RT; amorphous=unknow; source_year=2008,,,,,,same formula representative selection; kept xog with highest reported conductivity
gcj,Li6CaLa2Nb2O12,,Li6 Ca1 La2 Nb2 O12,1.33e-06,,,,,,,,,,,garnet,10.1016/j.ssi.2008.01.047,1,data/database/obelix/processed/all-v1.csv,,,,synthesis_method=unknow; measured_temperature=RT; amorphous=unknow; source_year=2008,,,,,,same formula representative selection; kept uaz with highest reported conductivity
20k,SrLi6La2Nb2O12,,Sr1 Li6 La2 Nb2 O12,3.69e-06,,,,,,,,,,,garnet,10.1016/j.ssi.2008.01.047,1,data/database/obelix/processed/all-v1.csv,,,,"Value for annealed, quenched also available: 6.2e-7; synthesis_method=unknow; measured_temperature=RT; amorphous=unknow; source_year=2008",,,,,,same formula representative selection; kept cjq with highest reported conductivity
hud,BaLi6La2Ta2O12,,Ba1 Li6 La2 Ta2 O12,1.3e-05,,,,,,,,,,,garnet,10.1016/j.ssi.2008.10.022,1,data/database/obelix/processed/all-v1.csv,,,,synthesis_method=unknow; measured_temperature=RT; amorphous=unknow; source_year=2009,,,,,,same formula representative selection; kept 544 with highest reported conductivity
gkl,Li5La3Nb2O12,,Li5 La3 Nb2 O12,5.08e-06,,,,,,,,,,,garnet,10.1016/j.jpowsour.2011.05.031,1,data/database/obelix/processed/all-v1.csv,,,,ic # incorrect；close match: Yes；close match DOI: 10.1039/b514640b; synthesis_method=unknow; measured_temperature=RT; amorphous=unknow; source_year=2011,,,,,,same formula representative selection; kept caltech_icsd_171171 with highest reported conductivity
dq4,Li1.3Sc0.2Ti1.7Al0.1P3O12,,Li1.3 Sc0.2 Ti1.7 Al0.1 P3 O12,0.000426,,,,,,,,,,,nasicon,10.1007/s10008-012-1780-x,1,data/database/obelix/processed/all-v1.csv,,,,refer D2 - 144; synthesis_method=unknow; measured_temperature=RT; amorphous=unknow; source_year=2012,,,,,,same formula representative selection; kept czo with highest reported conductivity
ner,BaLi6La2Ta2O12,,Ba1 Li6 La2 Ta2 O12,1.69e-05,,,,,,,,,,,garnet,10.1016/j.materresbull.2012.04.032,1,data/database/obelix/processed/all-v1.csv,,,,synthesis_method=unknow; measured_temperature=RT; amorphous=unknow; source_year=2012,,,,,,same formula representative selection; kept 544 with highest reported conductivity
o8s,Li1.3Sc0.3Ti1.7P3O12,,Li1.3 Sc0.3 Ti1.7 P3 O12,0.000452,,,,,,,,,,,nasicon,10.1016/j.ssi.2012.03.045,1,data/database/obelix/processed/all-v1.csv,,,,synthesis_method=unknow; measured_temperature=RT; amorphous=unknow; source_year=2012,,,,,,same formula representative selection; kept do2 with highest reported conductivity
gdr,Li6.2La3Zr1.2Ta0.8O12,,Li6.2 La3 Zr1.2 Ta0.8 O12,0.00032,,,,,,,,,,,garnet,10.1039/c2jm31413d,1,data/database/obelix/processed/all-v1.csv,,,,close match: Yes；close match DOI: 10.2109/jcersj2.19022; synthesis_method=unknow; measured_temperature=RT; amorphous=unknow; source_year=2012,,,,,,same formula representative selection; kept caltech_icsd_22959 with highest reported conductivity
zqx,Li6.6La3Zr1.6Ta0.4O12,,Li6.6 La3 Zr1.6 Ta0.4 O12,0.00073,,,,,,,,,,,garnet,10.1039/c2jm31413d,1,data/database/obelix/processed/all-v1.csv,,,,synthesis_method=unknow; measured_temperature=RT; amorphous=unknow; source_year=2012,,,,,,same formula representative selection; kept caltech_icsd_22956 with highest reported conductivity
o5q,Li6.8La3Zr1.8Ta0.2O12,,Li6.8 La3 Zr1.8 Ta0.2 O12,0.00028,,,,,,,,,,,garnet,10.1039/c2jm31413d,1,data/database/obelix/processed/all-v1.csv,,,,close match: Yes；close match DOI: 10.2109/jcersj2.19022; synthesis_method=unknow; measured_temperature=RT; amorphous=unknow; source_year=2012,,,,,,same formula representative selection; kept v1q with highest reported conductivity
0ew,Li6La3ZrTaO12,,Li6 La3 Zr1 Ta1 O12,0.00016,,,,,,,,,,,garnet,10.1039/c2jm31413d,1,data/database/obelix/processed/all-v1.csv,,,,duplicate with line 510; synthesis_method=unknow; measured_temperature=RT; amorphous=unknow; source_year=2012,,,,,,same formula representative selection; kept 6hq with highest reported conductivity
4vd,Li6.75La3Zr1.75Ta0.25O12,,Li6.75 La3 Zr1.75 Ta0.25 O12,0.00063,,,,,,,,,,,garnet,10.1149/2.024205esl,1,data/database/obelix/processed/all-v1.csv,,,,duplicate with line 512; synthesis_method=unknow; measured_temperature=RT; amorphous=unknow; source_year=2012,,,,,,same formula representative selection; kept 7w5 with highest reported conductivity
2wb,Li6.6La3Zr1.6Ta0.4O12,,Li6.6 La3 Zr1.6 Ta0.4 O12,0.00047,,,,,,,,,,,garnet,10.1149/2.024205esl,1,data/database/obelix/processed/all-v1.csv,,,,close match: Yes；close match DOI: 10.2109/jcersj2.19022; synthesis_method=unknow; measured_temperature=RT; amorphous=unknow; source_year=2012,,,,,,same formula representative selection; kept caltech_icsd_22956 with highest reported conductivity
e6a,Li6.7La3Zr1.7Ta0.3O12,,Li6.7 La3 Zr1.7 Ta0.3 O12,0.00069,,,,,,,,,,,garnet,10.1149/2.024205esl,1,data/database/obelix/processed/all-v1.csv,,,,close match: Yes；close match DOI: 10.1021/acsaem.1c03632; synthesis_method=unknow; measured_temperature=RT; amorphous=unknow; source_year=2012,,,,,,same formula representative selection; kept liverpool_802_0671 with highest reported conductivity
sqm,Ba0.5Sr0.5Li6La2Ta2O12,,Ba0.5 Sr0.5 Li6 La2 Ta2 O12,7.1e-06,,,,,,,,,,,garnet,10.1021/am4060194,1,data/database/obelix/processed/all-v1.csv,,,,synthesis_method=unknow; measured_temperature=RT; amorphous=unknow; source_year=2014,,,,,,same formula representative selection; kept liverpool_289_0233 with highest reported conductivity
zxr,SrLi6La2Ta2O12,,Sr1 Li6 La2 Ta2 O12,5.4e-06,,,,,,,,,,,garnet,10.1021/am4060194,1,data/database/obelix/processed/all-v1.csv,,,,synthesis_method=unknow; measured_temperature=RT; amorphous=unknow; source_year=2014,,,,,,same formula representative selection; kept ps0 with highest reported conductivity
h89,BaLi6La2Ta2O12,,Ba1 Li6 La2 Ta2 O12,1.5e-05,,,,,,,,,,,garnet,10.1021/am4060194,1,data/database/obelix/processed/all-v1.csv,,,,synthesis_method=unknow; measured_temperature=RT; amorphous=unknow; source_year=2014,,,,,,same formula representative selection; kept 544 with highest reported conductivity
l9r,Li6CaLa2Ta2O12,,Li6 Ca1 La2 Ta2 O12,2.2e-06,,,,,,,,,,,garnet,10.1021/am4060194,1,data/database/obelix/processed/all-v1.csv,,,,synthesis_method=unknow; measured_temperature=RT; amorphous=unknow; source_year=2014,,,,,,same formula representative selection; kept jej with highest reported conductivity
z53,Li6.6La3Zr1.6Ta0.4O12,,Li6.6 La3 Zr1.6 Ta0.4 O12,0.000313,,,,,,,,,,,garnet,10.1021/am503731h,1,data/database/obelix/processed/all-v1.csv,,,,synthesis_method=unknow; measured_temperature=RT; amorphous=unknow; source_year=2014,,,,,,same formula representative selection; kept caltech_icsd_22956 with highest reported conductivity
hx7,Li2HBrO,,Li2 H1 Br1 O1,1.2e-06,,,,,,,,,,,antiperovskite,10.1002/ange.201604554,1,data/database/obelix/processed/all-v1.csv,,,,close match: Yes；close match DOI: 10.1016/0022-5088(81)90132-6; synthesis_method=unknow; measured_temperature=RT; amorphous=unknow; source_year=2016,,,,,,same formula representative selection; kept trv1_0020 with highest reported conductivity
ptg,Li7P3S11,,Li7 P3 S11,0.0086,,,,,,,,,,,thio_phosphate,10.1021/acs.chemmater.6b02163,1,data/database/obelix/processed/all-v1.csv,,,,synthesis_method=unknow; measured_temperature=RT; amorphous=unknow; source_year=2016,,,,,,same formula representative selection; kept liverpool_717_0599 with highest reported conductivity
elz,Li3YBr6,,Li3 Y1 Br6,0.00192,,,,,,,,,,,halides,10.1002/adma.201803075,1,data/database/obelix/processed/all-v1.csv,,,,appendix: diffraction data available；close match: Yes；close match DOI: 10.1021/acs.chemmater.0c04352; synthesis_method=unknow; measured_temperature=RT; amorphous=unknow; source_year=2018,,,,,,same formula representative selection; kept caltech_icsd_29957 with highest reported conductivity
13q,Li10Sn(PS6)2,,Li10 Sn1 P2 S12,0.00398,,,,,,,,,,,lgps,10.1021/acs.chemmater.8b00266,1,data/database/obelix/processed/all-v1.csv,,,,lattice parameters not matching cif; synthesis_method=unknow; measured_temperature=RT; amorphous=unknow; source_year=2018,,,,,,same formula representative selection; kept 9lx with highest reported conductivity
0fh,Li1.2Al0.2Ge1.8P3O12,,Li1.2 Al0.2 Ge1.8 P3 O12,4.83e-05,,,,,,,,,,,nasicon,10.1021/acsami.8b00842,1,data/database/obelix/processed/all-v1.csv,,,,synthesis_method=unknow; measured_temperature=RT; amorphous=unknow; source_year=2018,,,,,,same formula representative selection; kept ed4 with highest reported conductivity
v23,Li3InCl6,,Li3 In1 Cl6,0.00149,,,,,,,,,,,halides,10.1039/c9ee02311a,1,data/database/obelix/processed/all-v1.csv,,,,Curator row 23; ball-milled and annealed at 260 C; monoclinic; original 1.49 mS/cm; synthesis_method=球磨 + 260°C退火; measured_temperature=RT; amorphous=否; source_year=2019,,,,,,same formula representative selection; kept de5 with highest reported conductivity
v22,Li3InCl6,,Li3 In1 Cl6,0.0015,,,,,,,,,,,halides,10.1016/j.nanoen.2020.105015,1,data/database/obelix/processed/all-v1.csv,,,,Curator row 22; aqueous in situ growth on LiCoO2 surface; original 1.5 mS/cm; synthesis_method=水相原位生长; measured_temperature=RT; amorphous=否; source_year=2020,,,,,,same formula representative selection; kept de5 with highest reported conductivity
v24,Li3InCl6,,Li3 In1 Cl6,0.00142,,,,,,,,,,,halides,10.1021/acs.nanolett.0c01156,1,data/database/obelix/processed/all-v1.csv,,,,Curator row 24; ball-milled and annealed; independent group; original 1.42 mS/cm; synthesis_method=球磨 + 退火; measured_temperature=RT; amorphous=否; source_year=2020,,,,,,same formula representative selection; kept de5 with highest reported conductivity
v17,Li3Y(BrCl)3,,Li3 Y1 Br3 Cl3,0.0016,,,,,,,,,,,halides,10.1021/acsenergylett.0c01690,1,data/database/obelix/processed/all-v1.csv,,,,Curator row 17; ball-milled and annealed; original 1.6 mS/cm; synthesis_method=球磨 + 退火; measured_temperature=RT; amorphous=否; source_year=2020,,,,,,same formula representative selection; kept trv1_0075 with highest reported conductivity
n7a,Li2.5Y0.5Zr0.5Cl6,,Li2.5 Y0.5 Zr0.5 Cl6,0.0014,,,,,,,,,,,halides,10.1021/acsenergylett.9b02599,1,data/database/obelix/processed/all-v1.csv,,,,Li2.5Er0.5Zr0.5Cl6 is available; synthesis_method=unknow; measured_temperature=RT; amorphous=unknow; source_year=2020,,,,,,same formula representative selection; kept v10 with highest reported conductivity
er7,Li2.4Er0.4Zr0.6Cl6,,Li2.4 Er0.4 Zr0.6 Cl6,0.00085,,,,,,,,,,,halides,10.1021/acsenergylett.9b02599,1,data/database/obelix/processed/all-v1.csv,,,,Human-verified Figure 1c extraction; curator row 25-8; phase III; original 0.85 mS/cm at 25 C; synthesis_method=unknow; measured_temperature=25; amorphous=否; source_year=2020,,,,,,same formula representative selection; kept v27 with highest reported conductivity
yz6,Li2.4Y0.4Zr0.6Cl6,,Li2.4 Y0.4 Zr0.6 Cl6,0.00095,,,,,,,,,,,halides,10.1021/acsenergylett.9b02599,1,data/database/obelix/processed/all-v1.csv,,,,Human-verified Figure 1d extraction; curator row 26-8; phase III; original 0.95 mS/cm at 25 C; synthesis_method=unknow; measured_temperature=25; amorphous=否; source_year=2020,,,,,,same formula representative selection; kept trv1_0051 with highest reported conductivity
kko,Li10Sn(PS6)2,,Li10 Sn1 P2 S12,0.0038,,,,,,,,,,,lgps,10.1021/jacs.0c10735,1,data/database/obelix/processed/all-v1.csv,,,,synthesis_method=unknow; measured_temperature=RT; amorphous=unknow; source_year=2020,,,,,,same formula representative selection; kept 9lx with highest reported conductivity
v46,Li2.25Zr0.75Fe0.25Cl6,,Li2.25 Zr0.75 Fe0.25 Cl6,0.001,,,,,,,,,,,halides,10.1002/aenm.202003190,1,data/database/obelix/processed/all-v1.csv,,,,Curator row 46; Fe3+ doped and annealed; trigonal; original 1.0 mS/cm; synthesis_method=退火; measured_temperature=RT; amorphous=否; source_year=2021,,,,,,same formula representative selection; kept trv1_0139 with highest reported conductivity
v31,Li3InCl6,,Li3 In1 Cl6,0.0013,,,,,,,,,,,halides,10.1002/aenm.202100836,1,data/database/obelix/processed/all-v1.csv,,,,Curator row 31; undoped baseline; original 1.3 mS/cm; synthesis_method=unknow; measured_temperature=RT; amorphous=否; source_year=2021,,,,,,same formula representative selection; kept de5 with highest reported conductivity
trv1_0012,Li10Sn(PS6)2,,Li10 Sn1 P2 S12,0.007,,,,,,,,,,,sulfides,10.1039/d1ta06338c,1,data/database/obelix/processed/all-v1.csv,,,,LSnPS；实验值; synthesis_method=固相合成; measured_temperature=RT; amorphous=否; source_year=2021,,,,,,same formula representative selection; kept 9lx with highest reported conductivity
v43,Li3YBr6,,Li3 Y1 Br6,0.00109,,,,,,,,,,,halides,10.1126/sciadv.abh1896,1,data/database/obelix/processed/all-v1.csv,,,,Curator row 43; NH4Cl-assisted wet-chemical synthesis; monoclinic; original 1.09 mS/cm; synthesis_method=NH4Cl辅助湿化学合成; measured_temperature=RT; amorphous=否; source_year=2021,,,,,,same formula representative selection; kept caltech_icsd_29957 with highest reported conductivity
v54,Li3InCl6,,Li3 In1 Cl6,0.0007,,,,,,,,,,,halides,10.1002/adfm.202108805,1,data/database/obelix/processed/all-v1.csv,,,,Curator row 54; mechanically milled and unannealed; original 0.7 mS/cm; synthesis_method=机械球磨（未退火）; measured_temperature=RT; amorphous=否; source_year=2022,,,,,,same formula representative selection; kept de5 with highest reported conductivity
v56,Li3InCl6,,Li3 In1 Cl6,0.00067,,,,,,,,,,,halides,10.1021/acsami.2c21022,1,data/database/obelix/processed/all-v1.csv,,,,Curator row 56; undoped Hf-doping reference; corrected DOI; original 0.67 mS/cm; synthesis_method=unknow; measured_temperature=RT; amorphous=否; source_year=2023,,,,,,same formula representative selection; kept de5 with highest reported conductivity
trv1_0072,Li5.5P1S4.5Cl1.5,,Li5.5 P1 S4.5 Cl1.5,0.0078,,,,,,,,,,,argyrodites,10.1007/s10854-025-14581-w,1,data/database/obelix/processed/all-v1.csv,,,,纯相Argyrodite基准; synthesis_method=unknow; measured_temperature=25; amorphous=否; source_year=2025,,,,,,same formula representative selection; kept caltech_icsd_22269 with highest reported conductivity
trv1_0076,Li3YBr6,,Li3 Y1 Br6,0.0011,,,,,,,,,,,halides,10.1016/s1003-6326(25)66819-1,1,data/database/obelix/processed/all-v1.csv,,,,估算范围; synthesis_method=湿化学法（450°C烧结6 h）; measured_temperature=25; amorphous=否; source_year=2025,,,,,,same formula representative selection; kept caltech_icsd_29957 with highest reported conductivity
trv1_0078,LiNbCl4O,,Li1 Nb1 Cl4 O1,0.005,,,,,,,,,,,oxyhalides,10.1021/acs.chemmater.5c00627,1,data/database/obelix/processed/all-v1.csv,,,,正文另记为5.1e-3 S/cm；含少于1 wt% LiCl; synthesis_method=高能球磨（500 rpm，40 h）+真空安瓿100°C退火12 h; measured_temperature=25; amorphous=否; source_year=2025,,,,,,same formula representative selection; kept v02 with highest reported conductivity
trv1_0089,Li3InCl6,,Li3 In1 Cl6,0.0013,,,,,,,,,,,halides,10.1021/acs.jpclett.5c00947,1,data/database/obelix/processed/all-v1.csv,,,,未取代基准；三个取代系列共用基准，已合并; synthesis_method=球磨+退火; measured_temperature=RT; amorphous=否; source_year=2025,,,,,,same formula representative selection; kept de5 with highest reported conductivity
trv1_0097,Li3In1Cl5.6F0.4,,Li3 In1 Cl5.6 F0.4,0.0008,,,,,,,,,,,halides,10.1021/acs.jpclett.5c00947,1,data/database/obelix/processed/all-v1.csv,,,,x=0.4; synthesis_method=球磨+退火; measured_temperature=RT; amorphous=否; source_year=2025,,,,,,same formula representative selection; kept v28 with highest reported conductivity
trv1_0101,Li3In1Cl4.8F1.2,,Li3 In1 Cl4.8 F1.2,0.00035,,,,,,,,,,,halides,10.1021/acs.jpclett.5c00947,1,data/database/obelix/processed/all-v1.csv,,,,x=1.2；出现InF3杂相; synthesis_method=球磨+退火; measured_temperature=RT; amorphous=否; source_year=2025,,,,,,same formula representative selection; kept v47 with highest reported conductivity
trv1_0114,Li0.388La0.475Ta0.238Cl3,,Li0.388 La0.475 Ta0.238 Cl3,0.00156,,,,,,,,,,,halides,10.1021/jacs.5c11480,1,data/database/obelix/processed/all-v1.csv,,,,室温值由30°C数据外推至27°C；未掺杂基准; synthesis_method=高能震荡球磨（875 cycles/min，3 h）; measured_temperature=30; amorphous=否; source_year=2025,,,,,,same formula representative selection; kept v06 with highest reported conductivity
trv1_0119,Li3InCl6,,Li3 In1 Cl6,0.00186,,,,,,,,,,,halides,10.1039/d5ta05447h,1,data/database/obelix/processed/all-v1.csv,,,,纯相基准；另有外推27°C值2.03e-3 S/cm; synthesis_method=高能球磨+350°C热处理; measured_temperature=25; amorphous=否; source_year=2025,,,,,,same formula representative selection; kept de5 with highest reported conductivity
trv1_0124,LiTaCl4O,,Li1 Ta1 Cl4 O1,0.01,,,,,,,,,,,oxyhalides,10.1002/smll.74036,1,data/database/obelix/processed/all-v1.csv,,,,LTOC基准；由图估算; synthesis_method=unknow; measured_temperature=RT; amorphous=是; source_year=2026,,,,,,same formula representative selection; kept v01 with highest reported conductivity
qtx,Li2ZrCl6,,Li2 Zr1 Cl6,0.00012,,,,,,,,,,,halides,10.1016/j.ensm.2024.103444,1,data/add-data/literature_additions.csv,,,,Source data/add-data-LZACO.txt; crystalline; original 0.12 mS/cm; Ea=0.43 eV; addition_id=ADD-0037; calculation_method=mS_cm_to_S_cm; structure_status=crystalline_structure_not_provided; source_year=2024,,,,,,same formula representative selection; kept v50 with highest reported conductivity
nek,Li2ZrCl6,,Li2 Zr1 Cl6,0.000397,,,,,,,,,,,halides,10.1016/j.est.2024.111700,1,data/add-data/literature_additions.csv,,,,Source data/add-data-LZACO.txt; original 3.97e-4 S/cm; addition_id=ADD-0044; calculation_method=direct_S_cm_transcription; structure_status=phase_and_structure_not_provided; source_year=2024,,,,,,same formula representative selection; kept v50 with highest reported conductivity
er0,Li3ErCl6,,Li3 Er1 Cl6,9e-05,,,,,,,,,,,halides,10.1021/acsenergylett.9b02599,1,data/add-data/literature_additions.csv,,,,Human-verified Figure 1c extraction; curator row 25-1; phase I (trigonal); original 0.09 mS/cm at 25 C; addition_id=ADD-0046; calculation_method=figure_digitized_mS_cm_to_S_cm; target_temperature_C=25.0; structure_status=phase_region_only_no_matched_structure; source_year=2020,,,,,,same formula representative selection; kept v60 with highest reported conductivity
yz0,Li3YCl6,,Li3 Y1 Cl6,7e-05,,,,,,,,,,,halides,10.1021/acsenergylett.9b02599,1,data/add-data/literature_additions.csv,,,,Human-verified Figure 1d extraction; curator row 26-1; phase I (trigonal); original 0.07 mS/cm at 25 C; addition_id=ADD-0055; calculation_method=figure_digitized_mS_cm_to_S_cm; target_temperature_C=25.0; structure_status=phase_region_only_no_matched_structure; source_year=2020,,,,,,same formula representative selection; kept v65 with highest reported conductivity
v11,Li2.7Zr0.3In0.7Cl6,,Li2.7 Zr0.3 In0.7 Cl6,0.0021,,,,,,,,,,,halides,10.1016/j.cej.2022.135413,1,data/add-data/literature_additions.csv,,,,Curator row 11; Zr4+ doped; original 2.1 mS/cm at 30 C; addition_id=ADD-0069; calculation_method=review_table_mS_cm_to_S_cm; target_temperature_C=30.0; structure_status=phase_and_structure_not_imported; source_year=2022,,,,,,same formula representative selection; kept ensm_2025_104655_q03 with highest reported conductivity
v33,Li3ScCl6,,Li3 Sc1 Cl6,0.00125,,,,,,,,,,,halides,10.1126/sciadv.abh1896,1,data/add-data/literature_additions.csv,,,,Curator row 33; NH4Cl-assisted wet-chemical synthesis; monoclinic; original 1.25 mS/cm; addition_id=ADD-0088; calculation_method=review_table_mS_cm_to_S_cm; structure_status=phase_and_structure_not_imported; source_year=2021,,,,,,same formula representative selection; kept v05 with highest reported conductivity
v52,Li3InCl6,,Li3 In1 Cl6,0.00079,,,,,,,,,,,halides,10.1021/acsami.2c06216,1,data/add-data/literature_additions.csv,,,,Curator row 52; ethanol-mediated and heated at 200 C; corrected DOI; original 0.79 mS/cm at 20 C; addition_id=ADD-0105; calculation_method=review_table_mS_cm_to_S_cm; target_temperature_C=20.0; structure_status=phase_and_structure_not_imported; source_year=2022,,,,,,same formula representative selection; kept de5 with highest reported conductivity
v55,Li3ScCl6,,Li3 Sc1 Cl6,0.00068,,,,,,,,,,,halides,10.1016/j.cej.2022.140509,1,data/add-data/literature_additions.csv,,,,Curator row 55; undoped comparator; original 0.68 mS/cm at 25 C; addition_id=ADD-0108; calculation_method=review_table_mS_cm_to_S_cm; target_temperature_C=25.0; structure_status=phase_and_structure_not_imported; source_year=2023,,,,,,same formula representative selection; kept v05 with highest reported conductivity
v61,Li3ErCl6,,Li3 Er1 Cl6,0.000407,,,,,,,,,,,halides,10.1126/sciadv.abh1896,1,data/add-data/literature_additions.csv,,,,Curator row 61; NH4Cl-assisted wet-chemical synthesis; trigonal; original 0.407 mS/cm; addition_id=ADD-0113; calculation_method=review_table_mS_cm_to_S_cm; structure_status=phase_and_structure_not_imported; source_year=2021,,,,,,same formula representative selection; kept v60 with highest reported conductivity
v63,Li2ZrCl6,,Li2 Zr1 Cl6,0.0004,,,,,,,,,,,halides,10.1002/aenm.202003190,1,data/add-data/literature_additions.csv,,,,Curator row 63; mechanical milling; trigonal; original 0.4 mS/cm; addition_id=ADD-0114; calculation_method=review_table_mS_cm_to_S_cm; structure_status=phase_and_structure_not_imported; source_year=2021,,,,,,same formula representative selection; kept v50 with highest reported conductivity
v78,Li3YCl6,,Li3 Y1 Cl6,6.08e-05,,,,,,,,,,,halides,10.1021/acs.nanolett.0c01156,1,data/add-data/literature_additions.csv,,,,Curator row 78; starting hcp value for In3+ substitution; original 0.0608 mS/cm; addition_id=ADD-0123; calculation_method=review_table_mS_cm_to_S_cm; structure_status=phase_and_structure_not_imported; source_year=2020,,,,,,same formula representative selection; kept v65 with highest reported conductivity
a71299_lyc,Li3YCl6,,Li3 Y1 Cl6,0.00034,,,,,,,,,,,halides,10.1002/aenm.71299,1,data/add-data/literature_additions.csv,,,,Manual literature addition; LYC; high-energy ball milling; original 0.34 mS/cm; temperature not recorded; addition_id=ADD-0127; calculation_method=mS_cm_to_S_cm; structure_status=no_structure_provided,,,,,,same formula representative selection; kept v65 with highest reported conductivity
a71299_lycb,Li3Y(BrCl)3,,Li3 Y1 Br3 Cl3,0.00092,,,,,,,,,,,halides,10.1002/aenm.71299,1,data/add-data/literature_additions.csv,,,,Manual literature addition; LYCB; high-energy ball milling; original 0.92 mS/cm; temperature not recorded; addition_id=ADD-0128; calculation_method=mS_cm_to_S_cm; structure_status=no_structure_provided,,,,,,same formula representative selection; kept trv1_0075 with highest reported conductivity
ensm_2025_104655_x01,Li2.9Zr0.1In0.9Cl6,,Li2.9 Zr0.1 In0.9 Cl6,0.00052,,,,,,,,,,,halides,10.1016/j.ensm.2025.104655,1,data/add-data/literature_additions.csv,,,,Crystalline p-LZIC composition screening; RT/298 K; x=0.1; total conductivity; addition_id=ADD-0133; calculation_method=direct_source_S_cm; target_temperature_C=25.0; structure_status=phase_and_structure_not_imported; source_year=2025,,,,,,same formula representative selection; kept v19 with highest reported conductivity
ensm_2025_104655_x02,Li2.8Zr0.2In0.8Cl6,,Li2.8 Zr0.2 In0.8 Cl6,0.00078,,,,,,,,,,,halides,10.1016/j.ensm.2025.104655,1,data/add-data/literature_additions.csv,,,,Crystalline p-LZIC composition screening; RT/298 K; x=0.2; total conductivity; addition_id=ADD-0134; calculation_method=direct_source_S_cm; target_temperature_C=25.0; structure_status=phase_and_structure_not_imported; source_year=2025,,,,,,same formula representative selection; kept acsnano_4c02678_zr with highest reported conductivity
ensm_2025_104655_x04,Li2.6Zr0.4In0.6Cl6,,Li2.6 Zr0.4 In0.6 Cl6,0.00095,,,,,,,,,,,halides,10.1016/j.ensm.2025.104655,1,data/add-data/literature_additions.csv,,,,Crystalline p-LZIC composition screening; RT/298 K; x=0.4; total conductivity; addition_id=ADD-0136; calculation_method=direct_source_S_cm; target_temperature_C=25.0; structure_status=phase_and_structure_not_imported; source_year=2025,,,,,,same formula representative selection; kept caltech_icsd_122399 with highest reported conductivity
ensm_2025_104655_x05,Li2.5Zr0.5In0.5Cl6,,Li2.5 Zr0.5 In0.5 Cl6,0.00093,,,,,,,,,,,halides,10.1016/j.ensm.2025.104655,1,data/add-data/literature_additions.csv,,,,Crystalline p-LZIC composition screening; RT/298 K; x=0.5; total conductivity; addition_id=ADD-0137; calculation_method=direct_source_S_cm; target_temperature_C=25.0; structure_status=phase_and_structure_not_imported; source_year=2025,,,,,,same formula representative selection; kept v15 with highest reported conductivity
aenm_202503135_x0_y0,Li3InCl6,,Li3 In1 Cl6,0.00101,,,,,,,,,,,halides,10.1002/aenm.202503135,1,data/add-data/literature_additions.csv,,,,Manual literature addition; Li3-xIn1-xZrxCl6-yFy series; x=0; y=0; base electrolyte; original 1.01 mS/cm; temperature not recorded; addition_id=ADD-0139; calculation_method=mS_cm_to_S_cm; structure_status=no_structure_provided; source_year=2025,,,,,,same formula representative selection; kept de5 with highest reported conductivity
aenm_202503135_x0_y04,Li3In1Cl5.6F0.4,,Li3 In1 Cl5.6 F0.4,0.00058,,,,,,,,,,,halides,10.1002/aenm.202503135,1,data/add-data/literature_additions.csv,,,,Manual literature addition; Li3-xIn1-xZrxCl6-yFy series; x=0; y=0.4; F-only substitution; original 0.58 mS/cm; temperature not recorded; addition_id=ADD-0140; calculation_method=mS_cm_to_S_cm; structure_status=no_structure_provided; source_year=2025,,,,,,same formula representative selection; kept v28 with highest reported conductivity
aenm_202503135_x0_y06,Li3In1Cl5.4F0.6,,Li3 In1 Cl5.4 F0.6,0.00049,,,,,,,,,,,halides,10.1002/aenm.202503135,1,data/add-data/literature_additions.csv,,,,Manual literature addition; Li3-xIn1-xZrxCl6-yFy series; x=0; y=0.6; F-only substitution; original 0.49 mS/cm; temperature not recorded; addition_id=ADD-0141; calculation_method=mS_cm_to_S_cm; structure_status=no_structure_provided; source_year=2025,,,,,,same formula representative selection; kept trv1_0098 with highest reported conductivity
aenm_202503135_x0_y08,Li3In1Cl5.2F0.8,,Li3 In1 Cl5.2 F0.8,0.00043,,,,,,,,,,,halides,10.1002/aenm.202503135,1,data/add-data/literature_additions.csv,,,,Manual literature addition; Li3-xIn1-xZrxCl6-yFy series; x=0; y=0.8; F-only substitution; original 0.43 mS/cm; temperature not recorded; addition_id=ADD-0142; calculation_method=mS_cm_to_S_cm; structure_status=no_structure_provided; source_year=2025,,,,,,same formula representative selection; kept trv1_0099 with highest reported conductivity
aenm_202503135_x0_y10,Li3InCl5F,,Li3 In1 Cl5 F1,0.00037,,,,,,,,,,,halides,10.1002/aenm.202503135,1,data/add-data/literature_additions.csv,,,,Manual literature addition; Li3-xIn1-xZrxCl6-yFy series; x=0; y=1.0; maximum F substitution; original 0.37 mS/cm; temperature not recorded; addition_id=ADD-0143; calculation_method=mS_cm_to_S_cm; structure_status=no_structure_provided; source_year=2025,,,,,,same formula representative selection; kept trv1_0100 with highest reported conductivity
s10008_2026_06605_x00,Li3InCl6,,Li3 In1 Cl6,0.00052,,,,,,,,,,,halides,10.1007/s10008-026-06605-0,1,data/add-data/literature_additions.csv,,,,Manual literature addition; Cu-substituted Li3InCl6 series; x=0 baseline; conductivity digitized from figure b (~0.52 mS/cm); RT-100 C measurement range; electronic conductivity 1.18e-9 S/cm; ball-milled and sintered at 350 C; air exposure for 3 h mass gain 43.67%; 35-cycle retention 29.4%; addition_id=ADD-0146; calculation_method=figure_digitized_S_cm; structure_status=no_structure_provided; source_year=2026,,,,,,same formula representative selection; kept de5 with highest reported conductivity
smll_74786_x00,Li2ZrCl6,,Li2 Zr1 Cl6,0.00037,,,,,,,,,,,halides,10.1002/smll.74786,1,data/add-data/literature_additions.csv,,,,Manual literature addition; high-entropy Nb-Mo-Ta-Hf co-doped Li2ZrCl6 series; x=0 baseline; room temperature; conductivity digitized from figure (~0.37 mS/cm); addition_id=ADD-0151; calculation_method=figure_digitized_S_cm; target_temperature_C=25.0; structure_status=no_structure_provided,,,,,,same formula representative selection; kept v50 with highest reported conductivity
acsnano_4c02678_in,Li3InCl6,,Li3 In1 Cl6,0.00097,,,,,,,,,,,halides,10.1021/acsnano.4c02678,1,data/add-data/literature_additions.csv,,,,Manual literature addition; LInCl; room temperature Table S1 value; ball-milled; monoclinic C2/m; addition_id=ADD-0158; calculation_method=direct_source_S_cm; target_temperature_C=25.0; structure_status=phase_and_structure_not_imported; source_year=2024,,,,,,same formula representative selection; kept de5 with highest reported conductivity
caltech_icsd_885,Li6.7La3Zr1.7Ta0.3O12,,Li6.7 La3 Zr1.7 Ta0.3 O12,0.000504,,,,,,,,,,,garnet,10.2109/jcersj2.16019,0,data/database/caltech/ionic_conductivity_database .csv,,,,lowest_extrapolation_temperature_K=na,,,885,,,same formula representative selection; kept liverpool_802_0671 with highest reported conductivity
caltech_icsd_894,Li6.5La3Zr1.5Ta0.5O12,,Li6.5 La3 Zr1.5 Ta0.5 O12,0.000842,,,,,,,,,,,garnet,10.2109/jcersj2.16019,0,data/database/caltech/ionic_conductivity_database .csv,,,,lowest_extrapolation_temperature_K=na,,,894,,,same formula representative selection; kept caltech_icsd_25446 with highest reported conductivity
caltech_icsd_5667,Li10.2Si0.96Sn0.24P1.8S12,,Li10.2 Si0.96 Sn0.24 P1.8 S12,0.0025,,,,,,,,,,,lgps,10.1021/acs.chemmater.9b00743,0,data/database/caltech/ionic_conductivity_database .csv,,,,lowest_extrapolation_temperature_K=na,,,5667,,,same formula representative selection; kept 7tu with highest reported conductivity
caltech_icsd_5669,Li10.35Si1.08Sn0.27P1.65S12,,Li10.35 Si1.08 Sn0.27 P1.65 S12,0.011,,,,,,,,,,,lgps,10.1021/acs.chemmater.9b00743,0,data/database/caltech/ionic_conductivity_database .csv,,,,lowest_extrapolation_temperature_K=na,,,5669,,,same formula representative selection; kept ui6 with highest reported conductivity
caltech_icsd_19945,Li0.29La0.57Ti1O3,,Li0.29 La0.57 Ti1 O3,0.0012,,,,,,,,,,,perovskites,10.1016/j.ssi.2020.115486,0,data/database/caltech/ionic_conductivity_database .csv,,,,lowest_extrapolation_temperature_K=na,,,19945,,,same formula representative selection; kept 85t with highest reported conductivity
caltech_icsd_22955,Li6.8La3Zr1.8Ta0.2O12,,Li6.8 La3 Zr1.8 Ta0.2 O12,0.000665,,,,,,,,,,,garnet,10.2109/jcersj2.19022,0,data/database/caltech/ionic_conductivity_database .csv,,,,lowest_extrapolation_temperature_K=na,,,22955,,,same formula representative selection; kept v1q with highest reported conductivity
caltech_icsd_22957,Li6.5La3Zr1.5Ta0.5O12,,Li6.5 La3 Zr1.5 Ta0.5 O12,0.0011,,,,,,,,,,,garnet,10.2109/jcersj2.19022,0,data/database/caltech/ionic_conductivity_database .csv,,,,lowest_extrapolation_temperature_K=na,,,22957,,,same formula representative selection; kept caltech_icsd_25446 with highest reported conductivity
caltech_icsd_22958,Li6.4La3Zr1.4Ta0.6O12,,Li6.4 La3 Zr1.4 Ta0.6 O12,0.000975,,,,,,,,,,,garnet,10.2109/jcersj2.19022,0,data/database/caltech/ionic_conductivity_database .csv,,,,lowest_extrapolation_temperature_K=na,,,22958,,,same formula representative selection; kept kji with highest reported conductivity
caltech_icsd_29965,Li3YCl6,,Li3 Y1 Cl6,4.75e-05,,,,,,,,,,,halides,10.1021/acs.chemmater.0c04352,0,data/database/caltech/ionic_conductivity_database .csv,,,,lowest_extrapolation_temperature_K=na,,,29965,,,same formula representative selection; kept v65 with highest reported conductivity
caltech_icsd_30161,Li10Ge(PS6)2,,Li10 Ge1 P2 S12,0.0076,,,,,,,,,,,thio_lisicon,10.1021/acs.chemmater.8b00266,0,data/database/caltech/ionic_conductivity_database .csv,,,,lowest_extrapolation_temperature_K=na,,,30161,,,same formula representative selection; kept liverpool_675_0561 with highest reported conductivity
caltech_icsd_30165,Li10Sn0.33Ge0.66P2S12,,Li10 Sn0.33 Ge0.66 P2 S12,0.0064,,,,,,,,,,,lgps,10.1021/acs.chemmater.8b00266,0,data/database/caltech/ionic_conductivity_database .csv,,,,lowest_extrapolation_temperature_K=na,,,30165,,,same formula representative selection; kept kop with highest reported conductivity
caltech_icsd_30169,Li10Sn0.66Ge0.33P2S12,,Li10 Sn0.66 Ge0.33 P2 S12,0.0048,,,,,,,,,,,lgps,10.1021/acs.chemmater.8b00266,0,data/database/caltech/ionic_conductivity_database .csv,,,,lowest_extrapolation_temperature_K=na,,,30169,,,same formula representative selection; kept rty with highest reported conductivity
caltech_icsd_50151,Li3ErCl6,,Li3 Er1 Cl6,0.00033,,,,,,,,,,,halides,10.1016/j.isci.2019.05.036,0,data/database/caltech/ionic_conductivity_database .csv,,,,lowest_extrapolation_temperature_K=na,,,50151,,,same formula representative selection; kept v60 with highest reported conductivity
caltech_icsd_99398,Li0.18La0.61Ti1O3,,Li0.18 La0.61 Ti1 O3,0.0002,,,,,,,,,,,perovskites,10.1039/c7ta00196g,0,data/database/caltech/ionic_conductivity_database .csv,,,,lowest_extrapolation_temperature_K=na,,,99398,,,same formula representative selection; kept 86o with highest reported conductivity
caltech_icsd_122395,Li3InCl6,,Li3 In1 Cl6,0.00047,,,,,,,,,,,halides,10.1021/acs.chemmater.1c01348,0,data/database/caltech/ionic_conductivity_database .csv,,,,lowest_extrapolation_temperature_K=na,,,122395,,,same formula representative selection; kept de5 with highest reported conductivity
caltech_icsd_122400,Li2.5Zr0.5In0.5Cl6,,Li2.5 Zr0.5 In0.5 Cl6,0.000882,,,,,,,,,,,halides,10.1021/acs.chemmater.1c01348,0,data/database/caltech/ionic_conductivity_database .csv,,,,lowest_extrapolation_temperature_K=na,,,122400,,,same formula representative selection; kept v15 with highest reported conductivity
caltech_icsd_131108,Li10Ge(PS6)2,,Li10 Ge1 P2 S12,0.0065,,,,,,,,,,,thio_lisicon,10.1021/acs.chemmater.9b01550,0,data/database/caltech/ionic_conductivity_database .csv,,,,lowest_extrapolation_temperature_K=na,,,131108,,,same formula representative selection; kept liverpool_675_0561 with highest reported conductivity
caltech_icsd_131109,Li6PS5Cl,,Li6 P1 S5 Cl1,0.0023,,,,,,,,,,,argyrodites,10.1021/acs.chemmater.9b01550,0,data/database/caltech/ionic_conductivity_database .csv,,,,lowest_extrapolation_temperature_K=na,,,131109,,,same formula representative selection; kept caltech_icsd_133976 with highest reported conductivity
caltech_icsd_135340,Li6.5La3Zr1.5Ta0.5O12,,Li6.5 La3 Zr1.5 Ta0.5 O12,0.00127,,,,,,,,,,,garnet,10.1002/celc.201800679,0,data/database/caltech/ionic_conductivity_database .csv,,,,lowest_extrapolation_temperature_K=na,,,135340,,,same formula representative selection; kept caltech_icsd_25446 with highest reported conductivity
caltech_icsd_183686,Li6.5La3Zr1.5Ta0.5O12,,Li6.5 La3 Zr1.5 Ta0.5 O12,0.00067,,,,,,,,,,,garnet,10.1149/2.024205esl,0,data/database/caltech/ionic_conductivity_database .csv,,,,lowest_extrapolation_temperature_K=na,,,183686,,,same formula representative selection; kept caltech_icsd_25446 with highest reported conductivity
caltech_icsd_259200,Li6PS5Cl,,Li6 P1 S5 Cl1,0.00205,,,,,,,,,,,argyrodites,10.1021/jacs.7b06327,0,data/database/caltech/ionic_conductivity_database .csv,,,,lowest_extrapolation_temperature_K=na,,,259200,,,same formula representative selection; kept caltech_icsd_133976 with highest reported conductivity
liverpool_29_0022,Li1.2Sc0.2Ti1.8P3O12,,Li1.2 Sc0.2 Ti1.8 P3 O12,0.000231,,,,,,,,,,,nasicon,10.1021/acs.inorgchem.6b02274,0,data/database/liverpool/LiIonDatabase.csv,,,,source_id=29; measured_temperature_C=25; chemical_family=Oxides,,,,,,same formula representative selection; kept liverpool_333_0267 with highest reported conductivity
liverpool_37_0028,Li10Ge(PS6)2,,Li10 Ge1 P2 S12,0.00203,,,,,,,,,,,thio_lisicon,10.1016/j.ssi.2015.02.014,0,data/database/liverpool/LiIonDatabase.csv,,,,source_id=37; measured_temperature_C=25; chemical_family=Sulphides,,,,,,same formula representative selection; kept liverpool_675_0561 with highest reported conductivity
liverpool_44_0033,Li3.25Ge0.25P0.75S4,,Li3.25 Ge0.25 P0.75 S4,0.00203,,,,,,,,,,,thio_lisicon,10.1016/j.ssi.2015.02.014,0,data/database/liverpool/LiIonDatabase.csv,,,,source_id=44; measured_temperature_C=25; chemical_family=Sulphides,,,,,,same formula representative selection; kept 3jh with highest reported conductivity
liverpool_46_0035,Li6.5La3Zr1.5Ta0.5O12,,Li6.5 La3 Zr1.5 Ta0.5 O12,0.000794,,,,,,,,,,,garnet,10.3389/fenrg.2016.00028,0,data/database/liverpool/LiIonDatabase.csv,,,,source_id=46; measured_temperature_C=26.85; chemical_family=Oxides,,,,,,same formula representative selection; kept caltech_icsd_25446 with highest reported conductivity
liverpool_172_0141,Li1.4Ti1.6Al0.4P3O12,,Li1.4 Ti1.6 Al0.4 P3 O12,0.000917,,,,,,,,,,,nasicon,10.1016/j.ssi.2006.04.010,0,data/database/liverpool/LiIonDatabase.csv,,,,source_id=172; measured_temperature_C=21; chemical_family=Oxides,,,,,,same formula representative selection; kept liverpool_40_0030 with highest reported conductivity
liverpool_235_0194,Li0.24La0.59Ti1O3,,Li0.24 La0.59 Ti1 O3,7.6e-05,,,,,,,,,,,perovskites,10.1016/j.ssi.2009.08.002,0,data/database/liverpool/LiIonDatabase.csv,,,,source_id=235; measured_temperature_C=29; chemical_family=Oxides,,,,,,same formula representative selection; kept liverpool_79_0061 with highest reported conductivity
liverpool_404_0333,Li1.4Ti1.4Al0.4Ge0.2P3O12,,Li1.4 Ti1.4 Al0.4 Ge0.2 P3 O12,0.00129,,,,,,,,,,,nasicon,10.1016/j.ssi.2013.09.022,0,data/database/liverpool/LiIonDatabase.csv,,,,source_id=404; measured_temperature_C=25; chemical_family=Oxides,,,,,,same formula representative selection; kept caltech_icsd_163298 with highest reported conductivity
liverpool_406_0335,Li1.4Al0.4Ge1.6P3O12,,Li1.4 Al0.4 Ge1.6 P3 O12,0.000177,,,,,,,,,,,nasicon,10.1016/j.ssi.2013.09.022,0,data/database/liverpool/LiIonDatabase.csv,,,,source_id=406; measured_temperature_C=25; chemical_family=Oxides,,,,,,same formula representative selection; kept gw2 with highest reported conductivity
liverpool_421_0347,Li1.7Al0.7Ge1.3P3O12,,Li1.7 Al0.7 Ge1.3 P3 O12,0.00015,,,,,,,,,,,nasicon,10.1016/s0955-2219(99)00055-2,0,data/database/liverpool/LiIonDatabase.csv,,,,source_id=421; measured_temperature_C=25; chemical_family=Oxides,,,,,,same formula representative selection; kept tjh with highest reported conductivity
liverpool_469_0387,Li1.4La0.4Ti1.6P3O12,,Li1.4 La0.4 Ti1.6 P3 O12,0.000497,,,,,,,,,,,nasicon,10.1149/1.2096693,0,data/database/liverpool/LiIonDatabase.csv,,,,source_id=469; measured_temperature_C=25; chemical_family=Oxides,,,,,,same formula representative selection; kept e0z with highest reported conductivity
liverpool_474_0392,Li1.3Cr0.3Ge1.7P3O12,,Li1.3 Cr0.3 Ge1.7 P3 O12,2.44e-05,,,,,,,,,,,nasicon,10.1246/bcsj.65.2200,0,data/database/liverpool/LiIonDatabase.csv,,,,source_id=474; measured_temperature_C=25; chemical_family=Oxides,,,,,,same formula representative selection; kept liverpool_361_0291 with highest reported conductivity
liverpool_482_0400,Li1.4Ti1.4Al0.4Ge0.2P3O12,,Li1.4 Ti1.4 Al0.4 Ge0.2 P3 O12,0.001,,,,,,,,,,,nasicon,10.3389/fenrg.2016.00012,0,data/database/liverpool/LiIonDatabase.csv,,,,source_id=482; measured_temperature_C=25; chemical_family=Oxides,,,,,,same formula representative selection; kept caltech_icsd_163298 with highest reported conductivity
liverpool_499_0415,Li6PS5Cl,,Li6 P1 S5 Cl1,0.000537,,,,,,,,,,,argyrodites,10.1016/j.ssi.2012.06.008,0,data/database/liverpool/LiIonDatabase.csv,,,,source_id=499; measured_temperature_C=25.36; chemical_family=Sulphides and Other Anions,,,,,,same formula representative selection; kept caltech_icsd_133976 with highest reported conductivity
liverpool_537_0443,Li1.6Al0.6Ge1.4P3O12,,Li1.6 Al0.6 Ge1.4 P3 O12,0.00038,,,,,,,,,,,glass_ceramic,10.1016/s0167-2738(97)00434-7,0,data/database/liverpool/LiIonDatabase.csv,,,,source_id=537; measured_temperature_C=25; chemical_family=Oxides,,,,,,same formula representative selection; kept 1dm with highest reported conductivity
liverpool_669_0556,Li3Br0.5Cl0.5O1,,Li3 Br0.5 Cl0.5 O1,0.000938,,,,,,,,,,,antiperovskite,10.1021/ja305709z,0,data/database/liverpool/LiIonDatabase.csv,,,,source_id=669; measured_temperature_C=29.61; chemical_family=Oxides and Other Anions,,,,,,same formula representative selection; kept trv1_0002 with highest reported conductivity
liverpool_800_0669,Li6.5La3Zr1.5Ta0.5O12,,Li6.5 La3 Zr1.5 Ta0.5 O12,0.00092,,,,,,,,,,,garnet,10.1039/c2jm31413d,0,data/database/liverpool/LiIonDatabase.csv,,,,source_id=800; measured_temperature_C=25; chemical_family=Oxides,,,,,,same formula representative selection; kept caltech_icsd_25446 with highest reported conductivity
liverpool_869_0727,Li1.4Ti1.6In0.4P3O12,,Li1.4 Ti1.6 In0.4 P3 O12,0.00019,,,,,,,,,,,nasicon,10.1016/0167-2738(86)90176-1,0,data/database/liverpool/LiIonDatabase.csv,,,,source_id=869; measured_temperature_C=25; chemical_family=Oxides,,,,,,same formula representative selection; kept yn6 with highest reported conductivity
