ID,Reduced Composition,Z,True Composition,Ionic conductivity (S cm-1),IC (Total),IC (Bulk),Space group,Space group #,a,b,c,alpha,beta,gamma,Family,DOI,Checked,Ref,Cif ID,Cif ref_1,Cif ref_2,note,close match,close match DOI,ICSD ID,Laskowski ID,Liion ID,removed_reason
caltech_icsd_19975,,,,0.000316,,,,,,,,,,,,10.1016/j.ssi.2019.115185,0,data/database/caltech/ionic_conductivity_database .csv,,,,lowest_extrapolation_temperature_K=na,,,19975,,,unparseable formula:  + 1wt%  is an invalid formula!
caltech_icsd_65051,Li2.08Ti0.92In1.08P3O12,,Li2.08 Ti0.92 In1.08 P3 O12,8.3e-06,,,,,,,,,,,,10.1016/s0167-2738(96)00565-6,0,data/database/caltech/ionic_conductivity_database .csv,,,,lowest_extrapolation_temperature_K=418,,,65051,,,"explicitly excluded Caltech high-temperature extrapolation: ICSD 65051, 418 K"
caltech_icsd_65930,Li2B4O7,,Li2 B4 O7,5.96e-09,,,,,,,,,,,,,0,data/database/caltech/ionic_conductivity_database .csv,,,,lowest_extrapolation_temperature_K=323,,,65930,,,missing or invalid DOI
caltech_icsd_99517,,,,3.38e-17,,,,,,,,,,,,10.1016/0167-2738(81)90021-7,0,data/database/caltech/ionic_conductivity_database .csv,,,,lowest_extrapolation_temperature_K=523,,,99517,,,unparseable formula: r- is an invalid formula!
caltech_icsd_100169,Li14Zn(GeO4)4,,Li14 Zn1 Ge4 O16,0.000103,,,,,,,,,,,,10.1016/0022-4596(88)90179-x,0,data/database/caltech/ionic_conductivity_database .csv,,,,lowest_extrapolation_temperature_K=473,,,100169,,,"explicitly excluded Caltech high-temperature extrapolation: ICSD 100169, 473 K"
caltech_icsd_151533,,,,0.00026,,,,,,,,,,,,10.1016/j.mseb.2004.07.003,0,data/database/caltech/ionic_conductivity_database .csv,,,,lowest_extrapolation_temperature_K=na,,,151533,,,unparseable formula: ( is an invalid formula!
caltech_icsd_235185,,,,8.6e-05,,,,,,,,,,,,10.1021/acs.chemmater.8b02759,0,data/database/caltech/ionic_conductivity_database .csv,,,,lowest_extrapolation_temperature_K=na,,,235185,,,unparseable formula: ?- is an invalid formula!
caltech_icsd_281198,,,,1e-08,,,,,,,,,,,,10.1002/cphc.200390060,0,data/database/caltech/ionic_conductivity_database .csv,,,,lowest_extrapolation_temperature_K=na,,,281198,,,unparseable formula: could not convert string to float: '*'
caltech_icsd_412011,,,,3.8e-07,,,,,,,,,,,,10.1002/1521-3765(20020118)8:2<349::aid-chem349>3.0.co;2-5,0,data/database/caltech/ionic_conductivity_database .csv,,,,lowest_extrapolation_temperature_K=na,,,412011,,,unparseable formula: could not convert string to float: '1.0*'
caltech_icsd_429902,Li17Sb13S28,,Li17 Sb13 S28,1.05e-09,,,,,,,,,,,,,0,data/database/caltech/ionic_conductivity_database .csv,,,,lowest_extrapolation_temperature_K=na,,,429902,,,missing or invalid DOI
liverpool_1_0001,Li2Ta0.25Ti0.75O3.125,,Li2 Ta0.25 Ti0.75 O3.125,9e-05,,,,,,,,,,,Rocksalt,10.1016/j.fusengdes.2010.04.003,0,data/database/liverpool/LiIonDatabase.csv,,,,source_id=1; measured_temperature_C=300; chemical_family=Oxides,,,,,,"Liverpool temperature outside room-temperature range [20, 30] C"
liverpool_14_0008,Li14Zn(GeO4)4,,Li14 Zn1 Ge4 O16,0.125,,,,,,,,,,,LISICON,10.1016/0025-5408(78)90075-2,0,data/database/liverpool/LiIonDatabase.csv,,,,source_id=14; measured_temperature_C=300; chemical_family=#N/A,,,,,,"Liverpool temperature outside room-temperature range [20, 30] C"
liverpool_15_0009,Li0.6Y0.8P1O4,,Li0.6 Y0.8 P1 O4,0.037,,,,,,,,,,,Zircon,10.1016/0167-2738(89)90457-8,0,data/database/liverpool/LiIonDatabase.csv,,,,source_id=15; measured_temperature_C=600; chemical_family=#N/A,,,,,,"Liverpool temperature outside room-temperature range [20, 30] C"
liverpool_16_0010,Li0.6Y0.8P1O4,,Li0.6 Y0.8 P1 O4,0.00054,,,,,,,,,,,Zircon,10.1016/0167-2738(89)90457-8,0,data/database/liverpool/LiIonDatabase.csv,,,,source_id=16; measured_temperature_C=400; chemical_family=#N/A,,,,,,"Liverpool temperature outside room-temperature range [20, 30] C"
liverpool_19_0013,Li6.4La3Zr1.4Ta0.6O12,,Li6.4 La3 Zr1.4 Ta0.6 O12,0.00206,,,,,,,,,,,Garnet,10.1039/c2jm31413d,0,data/database/liverpool/LiIonDatabase.csv,,,,source_id=19; measured_temperature_C=34; chemical_family=Oxides,,,,,,"Liverpool temperature outside room-temperature range [20, 30] C"
liverpool_34_0025,Li2HClO,,Li2 H1 Cl1 O1,0.0028,,,,,,,,,,,Anti-Perovskite,10.1021/jacs.5b11851,0,data/database/liverpool/LiIonDatabase.csv,,,,source_id=34; measured_temperature_C=195; chemical_family=#N/A,,,,,,"Liverpool temperature outside room-temperature range [20, 30] C"
liverpool_42_0032,Li6.4La3Zr1.7W0.3O12,,Li6.4 La3 Zr1.7 W0.3 O12,0.000789,,,,,,,,,,,Garnet,10.1063/1.4818971,0,data/database/liverpool/LiIonDatabase.csv,,,,source_id=42; measured_temperature_C=303; chemical_family=#N/A,,,,,,"Liverpool temperature outside room-temperature range [20, 30] C"
liverpool_52_0036,Li0.361La0.55Ti0.995Al0.005O3,,Li0.361 La0.55 Ti0.995 Al0.005 O3,0.01,,,,,,,,,,,Perovskite,10.1007/bf02375549,0,data/database/liverpool/LiIonDatabase.csv,,,,source_id=52; measured_temperature_C=100; chemical_family=#N/A,,,,,,"Liverpool temperature outside room-temperature range [20, 30] C"
liverpool_53_0037,Li0.36La0.56Ti0.95Al0.05O3,,Li0.36 La0.56 Ti0.95 Al0.05 O3,0.0063,,,,,,,,,,,Perovskite,10.1007/bf02375549,0,data/database/liverpool/LiIonDatabase.csv,,,,source_id=53; measured_temperature_C=119; chemical_family=#N/A,,,,,,"Liverpool temperature outside room-temperature range [20, 30] C"
liverpool_54_0038,Li0.36La0.55Ti0.992Al0.008O3,,Li0.36 La0.55 Ti0.992 Al0.008 O3,0.00585,,,,,,,,,,,Perovskite,10.1007/bf02375549,0,data/database/liverpool/LiIonDatabase.csv,,,,source_id=54; measured_temperature_C=100; chemical_family=#N/A,,,,,,"Liverpool temperature outside room-temperature range [20, 30] C"
liverpool_55_0039,Li0.36La0.56Ti0.95Al0.05O3,,Li0.36 La0.56 Ti0.95 Al0.05 O3,0.00398,,,,,,,,,,,Perovskite,10.1007/bf02375549,0,data/database/liverpool/LiIonDatabase.csv,,,,source_id=55; measured_temperature_C=100; chemical_family=#N/A,,,,,,"Liverpool temperature outside room-temperature range [20, 30] C"
liverpool_56_0040,Li0.361La0.55Ti0.995Al0.005O3,,Li0.361 La0.55 Ti0.995 Al0.005 O3,0.00396,,,,,,,,,,,Perovskite,10.1007/bf02375549,0,data/database/liverpool/LiIonDatabase.csv,,,,source_id=56; measured_temperature_C=65; chemical_family=#N/A,,,,,,"Liverpool temperature outside room-temperature range [20, 30] C"
liverpool_57_0041,Li0.36La0.56Ti0.95Al0.05O3,,Li0.36 La0.56 Ti0.95 Al0.05 O3,0.00211,,,,,,,,,,,Perovskite,10.1007/bf02375549,0,data/database/liverpool/LiIonDatabase.csv,,,,source_id=57; measured_temperature_C=70; chemical_family=#N/A,,,,,,"Liverpool temperature outside room-temperature range [20, 30] C"
liverpool_58_0042,Li0.36La0.55Ti0.992Al0.008O3,,Li0.36 La0.55 Ti0.992 Al0.008 O3,0.00208,,,,,,,,,,,Perovskite,10.1007/bf02375549,0,data/database/liverpool/LiIonDatabase.csv,,,,source_id=58; measured_temperature_C=60; chemical_family=#N/A,,,,,,"Liverpool temperature outside room-temperature range [20, 30] C"
liverpool_59_0043,Li0.361La0.55Ti0.995Al0.005O3,,Li0.361 La0.55 Ti0.995 Al0.005 O3,0.0011,,,,,,,,,,,Perovskite,10.1007/bf02375549,0,data/database/liverpool/LiIonDatabase.csv,,,,source_id=59; measured_temperature_C=35; chemical_family=Oxides,,,,,,"Liverpool temperature outside room-temperature range [20, 30] C"
liverpool_61_0045,Li0.36La0.56Ti0.95Al0.05O3,,Li0.36 La0.56 Ti0.95 Al0.05 O3,0.00354,,,,,,,,,,,Perovskite,10.1007/bf02375549,0,data/database/liverpool/LiIonDatabase.csv,,,,source_id=61; measured_temperature_C=79.36; chemical_family=Oxides,,,,,,"Liverpool temperature outside room-temperature range [20, 30] C"
liverpool_62_0046,Li0.022La0.117Ti0.208Al0.001O0.626,,Li0.022 La0.117 Ti0.208 Al0.001 O0.626,0.0163,,,,,,,,,,,Perovskite,10.1007/bf02378009,0,data/database/liverpool/LiIonDatabase.csv,,,,source_id=62; measured_temperature_C=112; chemical_family=#N/A,,,,,,"Liverpool temperature outside room-temperature range [20, 30] C"
liverpool_63_0047,Li0.022La0.117Ti0.208Al0.001O0.626,,Li0.022 La0.117 Ti0.208 Al0.001 O0.626,0.00574,,,,,,,,,,,Perovskite,10.1007/bf02378009,0,data/database/liverpool/LiIonDatabase.csv,,,,source_id=63; measured_temperature_C=72; chemical_family=#N/A,,,,,,"Liverpool temperature outside room-temperature range [20, 30] C"
liverpool_66_0049,LiPO3,,Li1 P1 O3,9.8e-09,,,,,,,,,,,Glass,10.1007/s00339-007-4020-y,0,data/database/liverpool/LiIonDatabase.csv,,,,source_id=66; measured_temperature_C=255; chemical_family=#N/A,,,,,,"Liverpool temperature outside room-temperature range [20, 30] C"
liverpool_67_0050,LiPO3,,Li1 P1 O3,1.16e-07,,,,,,,,,,,Glass,10.1007/s00339-007-4020-y,0,data/database/liverpool/LiIonDatabase.csv,,,,source_id=67; measured_temperature_C=300; chemical_family=#N/A,,,,,,"Liverpool temperature outside room-temperature range [20, 30] C"
liverpool_68_0051,LiPO3,,Li1 P1 O3,2.5e-08,,,,,,,,,,,Glass,10.1007/s00339-007-4020-y,0,data/database/liverpool/LiIonDatabase.csv,,,,source_id=68; measured_temperature_C=280; chemical_family=#N/A,,,,,,"Liverpool temperature outside room-temperature range [20, 30] C"
liverpool_69_0052,LiPO3,,Li1 P1 O3,4.5e-07,,,,,,,,,,,Glass,10.1007/s00339-007-4020-y,0,data/database/liverpool/LiIonDatabase.csv,,,,source_id=69; measured_temperature_C=322; chemical_family=#N/A,,,,,,"Liverpool temperature outside room-temperature range [20, 30] C"
liverpool_70_0053,BaLi6La2Ta2O12,,Ba1 Li6 La2 Ta2 O12,0.0135,,,,,,,,,,,Garnet,10.1007/s00339-008-4494-2,0,data/database/liverpool/LiIonDatabase.csv,,,,source_id=70; measured_temperature_C=200; chemical_family=#N/A,,,,,,"Liverpool temperature outside room-temperature range [20, 30] C"
liverpool_71_0054,BaLi6La2Ta2O12,,Ba1 Li6 La2 Ta2 O12,0.00473,,,,,,,,,,,Garnet,10.1007/s00339-008-4494-2,0,data/database/liverpool/LiIonDatabase.csv,,,,source_id=71; measured_temperature_C=150; chemical_family=#N/A,,,,,,"Liverpool temperature outside room-temperature range [20, 30] C"
liverpool_72_0055,BaLi6La2Ta2O12,,Ba1 Li6 La2 Ta2 O12,0.00113,,,,,,,,,,,Garnet,10.1007/s00339-008-4494-2,0,data/database/liverpool/LiIonDatabase.csv,,,,source_id=72; measured_temperature_C=100; chemical_family=#N/A,,,,,,"Liverpool temperature outside room-temperature range [20, 30] C"
liverpool_73_0056,BaLi6La2Ta2O12,,Ba1 Li6 La2 Ta2 O12,0.000138,,,,,,,,,,,Garnet,10.1007/s00339-008-4494-2,0,data/database/liverpool/LiIonDatabase.csv,,,,source_id=73; measured_temperature_C=50; chemical_family=#N/A,,,,,,"Liverpool temperature outside room-temperature range [20, 30] C"
liverpool_74_0057,Li0.228La0.59Ti1O3,,Li0.228 La0.59 Ti1 O3,0.000106,,,,,,,,,,,Perovskite,10.1007/s10717-007-0032-5,0,data/database/liverpool/LiIonDatabase.csv,,,,source_id=74; measured_temperature_C=214; chemical_family=#N/A,,,,,,"Liverpool temperature outside room-temperature range [20, 30] C"
liverpool_75_0058,Li0.24La0.59Ti1O3,,Li0.24 La0.59 Ti1 O3,0.000227,,,,,,,,,,,Perovskite,10.1007/s10717-007-0032-5,0,data/database/liverpool/LiIonDatabase.csv,,,,source_id=75; measured_temperature_C=89; chemical_family=#N/A,,,,,,"Liverpool temperature outside room-temperature range [20, 30] C"
liverpool_76_0059,Li0.24La0.59Ti1O3,,Li0.24 La0.59 Ti1 O3,0.000252,,,,,,,,,,,Perovskite,10.1007/s10717-007-0032-5,0,data/database/liverpool/LiIonDatabase.csv,,,,source_id=76; measured_temperature_C=124; chemical_family=#N/A,,,,,,"Liverpool temperature outside room-temperature range [20, 30] C"
liverpool_78_0060,Li0.24La0.59Ti1O3,,Li0.24 La0.59 Ti1 O3,0.000226,,,,,,,,,,,Perovskite,10.1007/s10717-007-0032-5,0,data/database/liverpool/LiIonDatabase.csv,,,,source_id=78; measured_temperature_C=55; chemical_family=#N/A,,,,,,"Liverpool temperature outside room-temperature range [20, 30] C"
liverpool_80_0062,Li0.33La0.56Ti0.96Al0.04O2.96F0.04,,Li0.33 La0.56 Ti0.96 Al0.04 O2.96 F0.04,0.0095,,,,,,,,,,,Perovskite,10.1007/s11581-006-0011-9,0,data/database/liverpool/LiIonDatabase.csv,,,,source_id=80; measured_temperature_C=200; chemical_family=#N/A,,,,,,"Liverpool temperature outside room-temperature range [20, 30] C"
liverpool_82_0063,Li0.33La0.56Ti0.96Al0.04O2.96F0.04,,Li0.33 La0.56 Ti0.96 Al0.04 O2.96 F0.04,0.00274,,,,,,,,,,,Perovskite,10.1007/s11581-006-0011-9,0,data/database/liverpool/LiIonDatabase.csv,,,,source_id=82; measured_temperature_C=100; chemical_family=#N/A,,,,,,"Liverpool temperature outside room-temperature range [20, 30] C"
liverpool_84_0065,Li1Sb0.6P0.4S2.4,,Li1 Sb0.6 P0.4 S2.4,2.26e-07,,,,,,,,,,,Glass,10.1007/s11581-006-0054-y,0,data/database/liverpool/LiIonDatabase.csv,,,,source_id=84; measured_temperature_C=34; chemical_family=Sulphides,,,,,,"Liverpool temperature outside room-temperature range [20, 30] C"
liverpool_85_0066,Li0.6Sb0.84P0.56S2.96,,Li0.6 Sb0.84 P0.56 S2.96,2.98e-08,,,,,,,,,,,Glass,10.1007/s11581-006-0054-y,0,data/database/liverpool/LiIonDatabase.csv,,,,source_id=85; measured_temperature_C=31; chemical_family=Sulphides,,,,,,"Liverpool temperature outside room-temperature range [20, 30] C"
liverpool_87_0068,Ba1.25Li6.25La1.75Ta2O12,,Ba1.25 Li6.25 La1.75 Ta2 O12,0.00761,,,,,,,,,,,Garnet,10.1007/s11581-007-0097-8,0,data/database/liverpool/LiIonDatabase.csv,,,,source_id=87; measured_temperature_C=200; chemical_family=#N/A,,,,,,"Liverpool temperature outside room-temperature range [20, 30] C"
liverpool_88_0069,Li5La3Ta2O12,,Li5 La3 Ta2 O12,0.00272,,,,,,,,,,,Garnet,10.1007/s11581-007-0097-8,0,data/database/liverpool/LiIonDatabase.csv,,,,source_id=88; measured_temperature_C=199; chemical_family=#N/A,,,,,,"Liverpool temperature outside room-temperature range [20, 30] C"
liverpool_89_0070,Ba1.25Li6.25La1.75Ta2O12,,Ba1.25 Li6.25 La1.75 Ta2 O12,0.0014,,,,,,,,,,,Garnet,10.1007/s11581-007-0097-8,0,data/database/liverpool/LiIonDatabase.csv,,,,source_id=89; measured_temperature_C=127; chemical_family=#N/A,,,,,,"Liverpool temperature outside room-temperature range [20, 30] C"
liverpool_90_0071,Li5La3Ta2O12,,Li5 La3 Ta2 O12,0.000343,,,,,,,,,,,Garnet,10.1007/s11581-007-0097-8,0,data/database/liverpool/LiIonDatabase.csv,,,,source_id=90; measured_temperature_C=129; chemical_family=#N/A,,,,,,"Liverpool temperature outside room-temperature range [20, 30] C"
liverpool_91_0072,Ba1.25Li6.25La1.75Ta2O12,,Ba1.25 Li6.25 La1.75 Ta2 O12,0.000624,,,,,,,,,,,Garnet,10.1007/s11581-007-0097-8,0,data/database/liverpool/LiIonDatabase.csv,,,,source_id=91; measured_temperature_C=100; chemical_family=#N/A,,,,,,"Liverpool temperature outside room-temperature range [20, 30] C"
liverpool_92_0073,Ba1.25Li6.25La1.75Ta2O12,,Ba1.25 Li6.25 La1.75 Ta2 O12,0.000129,,,,,,,,,,,Garnet,10.1007/s11581-007-0097-8,0,data/database/liverpool/LiIonDatabase.csv,,,,source_id=92; measured_temperature_C=34; chemical_family=Oxides,,,,,,"Liverpool temperature outside room-temperature range [20, 30] C"
liverpool_93_0074,Li5La3Ta2O12,,Li5 La3 Ta2 O12,5e-05,,,,,,,,,,,Garnet,10.1007/s11581-007-0097-8,0,data/database/liverpool/LiIonDatabase.csv,,,,source_id=93; measured_temperature_C=79; chemical_family=#N/A,,,,,,"Liverpool temperature outside room-temperature range [20, 30] C"
liverpool_94_0075,Ba1.25Li6.25La1.75Ta2O12,,Ba1.25 Li6.25 La1.75 Ta2 O12,2.7e-05,,,,,,,,,,,Garnet,10.1007/s11581-007-0097-8,0,data/database/liverpool/LiIonDatabase.csv,,,,source_id=94; measured_temperature_C=18; chemical_family=Oxides,,,,,,"Liverpool temperature outside room-temperature range [20, 30] C"
liverpool_95_0076,Li5La3Ta2O12,,Li5 La3 Ta2 O12,2.91e-06,,,,,,,,,,,Garnet,10.1007/s11581-007-0097-8,0,data/database/liverpool/LiIonDatabase.csv,,,,source_id=95; measured_temperature_C=32; chemical_family=Oxides,,,,,,"Liverpool temperature outside room-temperature range [20, 30] C"
liverpool_96_0077,Li5La3Ta2O12,,Li5 La3 Ta2 O12,1.31e-06,,,,,,,,,,,Garnet,10.1007/s11581-007-0097-8,0,data/database/liverpool/LiIonDatabase.csv,,,,source_id=96; measured_temperature_C=15; chemical_family=Oxides,,,,,,"Liverpool temperature outside room-temperature range [20, 30] C"
liverpool_97_0078,Li1.3Ti1.7Al0.3P3O12,,Li1.3 Ti1.7 Al0.3 P3 O12,0.00024,,,,,,,,,,,NASICON,10.1007/s11581-007-0197-5,0,data/database/liverpool/LiIonDatabase.csv,,,,source_id=97; measured_temperature_C=58.17; chemical_family=#N/A,,,,,,"Liverpool temperature outside room-temperature range [20, 30] C"
liverpool_100_0081,Li1P0.65I0.35O1.95,,Li1 P0.65 I0.35 O1.95,0.00158,,,,,,,,,,,Glass,10.1007/s11581-008-0252-x,0,data/database/liverpool/LiIonDatabase.csv,,,,source_id=100; measured_temperature_C=110.18; chemical_family=#N/A,,,,,,"Liverpool temperature outside room-temperature range [20, 30] C"
liverpool_101_0082,Li1P0.75I0.25O2.25,,Li1 P0.75 I0.25 O2.25,0.000794,,,,,,,,,,,Glass,10.1007/s11581-008-0252-x,0,data/database/liverpool/LiIonDatabase.csv,,,,source_id=101; measured_temperature_C=110; chemical_family=#N/A,,,,,,"Liverpool temperature outside room-temperature range [20, 30] C"
liverpool_104_0084,Li0.5P1Cl0.5O2.5,,Li0.5 P1 Cl0.5 O2.5,9.12e-06,,,,,,,,,,,Glass,10.1007/s11581-008-0276-2,0,data/database/liverpool/LiIonDatabase.csv,,,,source_id=104; measured_temperature_C=192; chemical_family=#N/A,,,,,,"Liverpool temperature outside room-temperature range [20, 30] C"
liverpool_105_0085,Li0.5P1Cl0.5O2.5,,Li0.5 P1 Cl0.5 O2.5,1.23e-06,,,,,,,,,,,Glass,10.1007/s11581-008-0276-2,0,data/database/liverpool/LiIonDatabase.csv,,,,source_id=105; measured_temperature_C=149.87; chemical_family=#N/A,,,,,,"Liverpool temperature outside room-temperature range [20, 30] C"
liverpool_107_0087,Li0.8La0.066Zr2P3O12,,Li0.8 La0.066 Zr2 P3 O12,0.00317,,,,,,,,,,,NASICON,10.1007/s11581-009-0332-6,0,data/database/liverpool/LiIonDatabase.csv,,,,source_id=107; measured_temperature_C=225.81; chemical_family=#N/A,,,,,,"Liverpool temperature outside room-temperature range [20, 30] C"
liverpool_108_0088,Li0.8La0.066Zr2P3O12,,Li0.8 La0.066 Zr2 P3 O12,0.000886,,,,,,,,,,,NASICON,10.1007/s11581-009-0332-6,0,data/database/liverpool/LiIonDatabase.csv,,,,source_id=108; measured_temperature_C=176.37; chemical_family=#N/A,,,,,,"Liverpool temperature outside room-temperature range [20, 30] C"
liverpool_109_0089,Li0.8La0.066Zr2P3O12,,Li0.8 La0.066 Zr2 P3 O12,0.000176,,,,,,,,,,,NASICON,10.1007/s11581-009-0332-6,0,data/database/liverpool/LiIonDatabase.csv,,,,source_id=109; measured_temperature_C=126.37; chemical_family=#N/A,,,,,,"Liverpool temperature outside room-temperature range [20, 30] C"
liverpool_110_0090,Li0.8La0.066Zr2P3O12,,Li0.8 La0.066 Zr2 P3 O12,3.73e-05,,,,,,,,,,,NASICON,10.1007/s11581-009-0332-6,0,data/database/liverpool/LiIonDatabase.csv,,,,source_id=110; measured_temperature_C=77.03; chemical_family=#N/A,,,,,,"Liverpool temperature outside room-temperature range [20, 30] C"
liverpool_111_0091,Li0.5La0.5Ti1O3,,Li0.5 La0.5 Ti1 O3,0.000125,,,,,,,,,,,Perovskite,10.1016/j.jallcom.2009.07.091,0,data/database/liverpool/LiIonDatabase.csv,,,,source_id=111; measured_temperature_C=131; chemical_family=#N/A,,,,,,"Liverpool temperature outside room-temperature range [20, 30] C"
liverpool_112_0092,Li0.5La0.5Ti1O3,,Li0.5 La0.5 Ti1 O3,9.33e-05,,,,,,,,,,,Perovskite,10.1016/j.jallcom.2009.07.091,0,data/database/liverpool/LiIonDatabase.csv,,,,source_id=112; measured_temperature_C=110; chemical_family=#N/A,,,,,,"Liverpool temperature outside room-temperature range [20, 30] C"
liverpool_113_0093,Li0.5La0.5Ti1O3,,Li0.5 La0.5 Ti1 O3,2.65e-05,,,,,,,,,,,Perovskite,10.1016/j.jallcom.2009.07.091,0,data/database/liverpool/LiIonDatabase.csv,,,,source_id=113; measured_temperature_C=70; chemical_family=#N/A,,,,,,"Liverpool temperature outside room-temperature range [20, 30] C"
liverpool_114_0094,Li0.5La0.5Ti1O3,,Li0.5 La0.5 Ti1 O3,1.17e-05,,,,,,,,,,,Perovskite,10.1016/j.jallcom.2009.07.091,0,data/database/liverpool/LiIonDatabase.csv,,,,source_id=114; measured_temperature_C=50; chemical_family=#N/A,,,,,,"Liverpool temperature outside room-temperature range [20, 30] C"
liverpool_116_0096,Li0.5La0.5Ti1O3,,Li0.5 La0.5 Ti1 O3,2.07e-06,,,,,,,,,,,Perovskite,10.1016/j.jallcom.2009.07.091,0,data/database/liverpool/LiIonDatabase.csv,,,,source_id=116; measured_temperature_C=10; chemical_family=#N/A,,,,,,"Liverpool temperature outside room-temperature range [20, 30] C"
liverpool_117_0097,Li25Al(P12O37)2,,Li100 Al4 P96 O296,5.01e-08,,,,,,,,,,,Glass,10.1016/j.jeurceramsoc.2008.12.016,0,data/database/liverpool/LiIonDatabase.csv,,,,source_id=117; measured_temperature_C=60; chemical_family=#N/A,,,,,,"Liverpool temperature outside room-temperature range [20, 30] C"
liverpool_118_0098,Li25Al(P12O37)2,,Li100 Al4 P96 O296,1.99e-07,,,,,,,,,,,Glass,10.1016/j.jeurceramsoc.2008.12.016,0,data/database/liverpool/LiIonDatabase.csv,,,,source_id=118; measured_temperature_C=75; chemical_family=#N/A,,,,,,"Liverpool temperature outside room-temperature range [20, 30] C"
liverpool_119_0099,Li25Al(P12O37)2,,Li100 Al4 P96 O296,6.31e-07,,,,,,,,,,,Glass,10.1016/j.jeurceramsoc.2008.12.016,0,data/database/liverpool/LiIonDatabase.csv,,,,source_id=119; measured_temperature_C=95; chemical_family=#N/A,,,,,,"Liverpool temperature outside room-temperature range [20, 30] C"
liverpool_120_0100,Li25Al(P12O37)2,,Li100 Al4 P96 O296,4.47e-06,,,,,,,,,,,Glass,10.1016/j.jeurceramsoc.2008.12.016,0,data/database/liverpool/LiIonDatabase.csv,,,,source_id=120; measured_temperature_C=121; chemical_family=#N/A,,,,,,"Liverpool temperature outside room-temperature range [20, 30] C"
liverpool_121_0101,Li25Al(P12O37)2,,Li100 Al4 P96 O296,7.94e-06,,,,,,,,,,,Glass,10.1016/j.jeurceramsoc.2008.12.016,0,data/database/liverpool/LiIonDatabase.csv,,,,source_id=121; measured_temperature_C=130; chemical_family=#N/A,,,,,,"Liverpool temperature outside room-temperature range [20, 30] C"
liverpool_123_0103,Li50Al3P47O147,,Li100 Al6 P94 O294,5.25e-08,,,,,,,,,,,Glass,10.1016/j.jeurceramsoc.2008.12.016,0,data/database/liverpool/LiIonDatabase.csv,,,,source_id=123; measured_temperature_C=52; chemical_family=#N/A,,,,,,"Liverpool temperature outside room-temperature range [20, 30] C"
liverpool_124_0104,Li50Al3P47O147,,Li100 Al6 P94 O294,1.12e-07,,,,,,,,,,,Glass,10.1016/j.jeurceramsoc.2008.12.016,0,data/database/liverpool/LiIonDatabase.csv,,,,source_id=124; measured_temperature_C=65; chemical_family=#N/A,,,,,,"Liverpool temperature outside room-temperature range [20, 30] C"
liverpool_125_0105,Li50Al3P47O147,,Li100 Al6 P94 O294,5e-07,,,,,,,,,,,Glass,10.1016/j.jeurceramsoc.2008.12.016,0,data/database/liverpool/LiIonDatabase.csv,,,,source_id=125; measured_temperature_C=85; chemical_family=#N/A,,,,,,"Liverpool temperature outside room-temperature range [20, 30] C"
liverpool_126_0106,Li50Al3P47O147,,Li100 Al6 P94 O294,1.78e-06,,,,,,,,,,,Glass,10.1016/j.jeurceramsoc.2008.12.016,0,data/database/liverpool/LiIonDatabase.csv,,,,source_id=126; measured_temperature_C=105; chemical_family=#N/A,,,,,,"Liverpool temperature outside room-temperature range [20, 30] C"
liverpool_127_0107,Li50Al3P47O147,,Li100 Al6 P94 O294,1.12e-05,,,,,,,,,,,Glass,10.1016/j.jeurceramsoc.2008.12.016,0,data/database/liverpool/LiIonDatabase.csv,,,,source_id=127; measured_temperature_C=130; chemical_family=#N/A,,,,,,"Liverpool temperature outside room-temperature range [20, 30] C"
liverpool_136_0112,Li134Si43S133O20,,Li134 Si43 S133 O20,0.044,,,,,,,,,,,Glass,10.1016/j.jpowsour.2006.04.037,0,data/database/liverpool/LiIonDatabase.csv,,,,source_id=136; measured_temperature_C=193; chemical_family=Sulphides and Other Anions,,,,,,"Liverpool temperature outside room-temperature range [20, 30] C"
liverpool_139_0113,Li134Si43S133O20,,Li134 Si43 S133 O20,0.0132,,,,,,,,,,,Glass,10.1016/j.jpowsour.2006.04.037,0,data/database/liverpool/LiIonDatabase.csv,,,,source_id=139; measured_temperature_C=130; chemical_family=Sulphides and Other Anions,,,,,,"Liverpool temperature outside room-temperature range [20, 30] C"
liverpool_142_0114,Li134Si43S133O20,,Li134 Si43 S133 O20,0.009,,,,,,,,,,,Glass,10.1016/j.jpowsour.2006.04.037,0,data/database/liverpool/LiIonDatabase.csv,,,,source_id=142; measured_temperature_C=109; chemical_family=Sulphides,,,,,,"Liverpool temperature outside room-temperature range [20, 30] C"
liverpool_143_0115,Li134Si43S133O20,,Li134 Si43 S133 O20,0.00409,,,,,,,,,,,Glass,10.1016/j.jpowsour.2006.04.037,0,data/database/liverpool/LiIonDatabase.csv,,,,source_id=143; measured_temperature_C=84; chemical_family=Sulphides,,,,,,"Liverpool temperature outside room-temperature range [20, 30] C"
liverpool_144_0116,Li1.6P0.4S1.8,,Li1.6 P0.4 S1.8,0.00403,,,,,,,,,,,Glass,10.1016/j.jpowsour.2006.04.037,0,data/database/liverpool/LiIonDatabase.csv,,,,source_id=144; measured_temperature_C=105; chemical_family=Sulphides,,,,,,"Liverpool temperature outside room-temperature range [20, 30] C"
liverpool_145_0117,Li134Si43S133O20,,Li134 Si43 S133 O20,0.0023,,,,,,,,,,,Glass,10.1016/j.jpowsour.2006.04.037,0,data/database/liverpool/LiIonDatabase.csv,,,,source_id=145; measured_temperature_C=68; chemical_family=Sulphides,,,,,,"Liverpool temperature outside room-temperature range [20, 30] C"
liverpool_146_0118,Li1.6P0.4S1.8,,Li1.6 P0.4 S1.8,0.00254,,,,,,,,,,,Glass,10.1016/j.jpowsour.2006.04.037,0,data/database/liverpool/LiIonDatabase.csv,,,,source_id=146; measured_temperature_C=40.25; chemical_family=Sulphides,,,,,,"Liverpool temperature outside room-temperature range [20, 30] C"
liverpool_148_0120,Li1.6P0.4S1.8,,Li1.6 P0.4 S1.8,0.00118,,,,,,,,,,,Glass,10.1016/j.jpowsour.2006.04.037,0,data/database/liverpool/LiIonDatabase.csv,,,,source_id=148; measured_temperature_C=68; chemical_family=Sulphides,,,,,,"Liverpool temperature outside room-temperature range [20, 30] C"
liverpool_152_0123,Li1.15P0.6Cl0.25O1.95,,Li1.15 P0.6 Cl0.25 O1.95,2.49e-05,,,,,,,,,,,Glass,10.1016/j.jpowsour.2008.07.089,0,data/database/liverpool/LiIonDatabase.csv,,,,source_id=152; measured_temperature_C=53.63; chemical_family=#N/A,,,,,,"Liverpool temperature outside room-temperature range [20, 30] C"
liverpool_155_0125,Li0.7Ti1.7Al0.3P3O12,,Li0.7 Ti1.7 Al0.3 P3 O12,0.000401,,,,,,,,,,,NASICON,10.1016/j.jpowsour.2008.08.009,0,data/database/liverpool/LiIonDatabase.csv,,,,source_id=155; measured_temperature_C=60.08; chemical_family=#N/A,,,,,,"Liverpool temperature outside room-temperature range [20, 30] C"
liverpool_156_0126,Li0.7Ti1.7Al0.3P3O12,,Li0.7 Ti1.7 Al0.3 P3 O12,0.000202,,,,,,,,,,,NASICON,10.1016/j.jpowsour.2008.08.009,0,data/database/liverpool/LiIonDatabase.csv,,,,source_id=156; measured_temperature_C=40.2; chemical_family=#N/A,,,,,,"Liverpool temperature outside room-temperature range [20, 30] C"
liverpool_157_0127,Li0.7Ti1.7Al0.3P3O12,,Li0.7 Ti1.7 Al0.3 P3 O12,7.73e-05,,,,,,,,,,,NASICON,10.1016/j.jpowsour.2008.08.009,0,data/database/liverpool/LiIonDatabase.csv,,,,source_id=157; measured_temperature_C=19.74; chemical_family=Oxides,,,,,,"Liverpool temperature outside room-temperature range [20, 30] C"
liverpool_159_0129,Li1.4P0.6S2.2,,Li1.4 P0.6 S2.2,0.000219,,,,,,,,,,,Glass,10.1016/j.jpowsour.2008.09.044,0,data/database/liverpool/LiIonDatabase.csv,,,,source_id=159; measured_temperature_C=60; chemical_family=#N/A,,,,,,"Liverpool temperature outside room-temperature range [20, 30] C"
liverpool_161_0131,Li3.09B1N0.52O2.53,,Li3.09 B1 N0.52 O2.53,3.86e-05,,,,,,,,,,,Glass,10.1016/j.jpowsour.2008.09.089,0,data/database/liverpool/LiIonDatabase.csv,,,,source_id=161; measured_temperature_C=110; chemical_family=#N/A,,,,,,"Liverpool temperature outside room-temperature range [20, 30] C"
liverpool_162_0132,Li3.09B1N0.52O2.53,,Li3.09 B1 N0.52 O2.53,1.19e-05,,,,,,,,,,,Glass,10.1016/j.jpowsour.2008.09.089,0,data/database/liverpool/LiIonDatabase.csv,,,,source_id=162; measured_temperature_C=69; chemical_family=#N/A,,,,,,"Liverpool temperature outside room-temperature range [20, 30] C"
liverpool_163_0133,Li3.09B1N0.52O2.53,,Li3.09 B1 N0.52 O2.53,1.85e-06,,,,,,,,,,,Glass,10.1016/j.jpowsour.2008.09.089,0,data/database/liverpool/LiIonDatabase.csv,,,,source_id=163; measured_temperature_C=39; chemical_family=#N/A,,,,,,"Liverpool temperature outside room-temperature range [20, 30] C"
liverpool_164_0134,Li3.09B1N0.52O2.53,,Li3.09 B1 N0.52 O2.53,3.08e-07,,,,,,,,,,,Glass,10.1016/j.jpowsour.2008.09.089,0,data/database/liverpool/LiIonDatabase.csv,,,,source_id=164; measured_temperature_C=9; chemical_family=#N/A,,,,,,"Liverpool temperature outside room-temperature range [20, 30] C"
liverpool_166_0135,Li1.4Ti0.528Al0.4Ge1.072P3O12,,Li1.4 Ti0.528 Al0.4 Ge1.072 P3 O12,0.00412,,,,,,,,,,,NASICON,10.1016/j.ssi.2004.05.009,0,data/database/liverpool/LiIonDatabase.csv,,,,source_id=166; measured_temperature_C=143; chemical_family=#N/A,,,,,,"Liverpool temperature outside room-temperature range [20, 30] C"
liverpool_167_0136,Li1.4Ti0.528Al0.4Ge1.072P3O12,,Li1.4 Ti0.528 Al0.4 Ge1.072 P3 O12,0.00204,,,,,,,,,,,NASICON,10.1016/j.ssi.2004.05.009,0,data/database/liverpool/LiIonDatabase.csv,,,,source_id=167; measured_temperature_C=97; chemical_family=#N/A,,,,,,"Liverpool temperature outside room-temperature range [20, 30] C"
liverpool_168_0137,Li1.4Ti0.528Al0.4Ge1.072P3O12,,Li1.4 Ti0.528 Al0.4 Ge1.072 P3 O12,0.00117,,,,,,,,,,,NASICON,10.1016/j.ssi.2004.05.009,0,data/database/liverpool/LiIonDatabase.csv,,,,source_id=168; measured_temperature_C=60; chemical_family=#N/A,,,,,,"Liverpool temperature outside room-temperature range [20, 30] C"
liverpool_170_0139,Li1.4Ti1.6Al0.4P3O12,,Li1.4 Ti1.6 Al0.4 P3 O12,0.0104,,,,,,,,,,,NASICON,10.1016/j.ssi.2006.04.010,0,data/database/liverpool/LiIonDatabase.csv,,,,source_id=170; measured_temperature_C=203; chemical_family=#N/A,,,,,,"Liverpool temperature outside room-temperature range [20, 30] C"
liverpool_171_0140,Li1.4Ti1.6Al0.4P3O12,,Li1.4 Ti1.6 Al0.4 P3 O12,0.00707,,,,,,,,,,,NASICON,10.1016/j.ssi.2006.04.010,0,data/database/liverpool/LiIonDatabase.csv,,,,source_id=171; measured_temperature_C=143; chemical_family=#N/A,,,,,,"Liverpool temperature outside room-temperature range [20, 30] C"
liverpool_173_0142,Li1.4P0.6S2.2,,Li1.4 P0.6 S2.2,0.0218,,,,,,,,,,,Glass,10.1016/j.ssi.2006.07.017,0,data/database/liverpool/LiIonDatabase.csv,,,,source_id=173; measured_temperature_C=220.68; chemical_family=#N/A,,,,,,"Liverpool temperature outside room-temperature range [20, 30] C"
liverpool_174_0143,Li1.4P0.6S2.2,,Li1.4 P0.6 S2.2,0.0157,,,,,,,,,,,Glass,10.1016/j.ssi.2006.07.017,0,data/database/liverpool/LiIonDatabase.csv,,,,source_id=174; measured_temperature_C=177.3; chemical_family=#N/A,,,,,,"Liverpool temperature outside room-temperature range [20, 30] C"
liverpool_175_0144,Li1.4P0.6S2.2,,Li1.4 P0.6 S2.2,0.0097,,,,,,,,,,,Glass,10.1016/j.ssi.2006.07.017,0,data/database/liverpool/LiIonDatabase.csv,,,,source_id=175; measured_temperature_C=137.02; chemical_family=#N/A,,,,,,"Liverpool temperature outside room-temperature range [20, 30] C"
liverpool_176_0145,Li1.4P0.6S2.2,,Li1.4 P0.6 S2.2,0.00668,,,,,,,,,,,Glass,10.1016/j.ssi.2006.07.017,0,data/database/liverpool/LiIonDatabase.csv,,,,source_id=176; measured_temperature_C=76.75; chemical_family=#N/A,,,,,,"Liverpool temperature outside room-temperature range [20, 30] C"
liverpool_177_0146,Li134Si43S133O20,,Li134 Si43 S133 O20,0.003,,,,,,,,,,,Glass,10.1016/j.ssi.2006.07.017,0,data/database/liverpool/LiIonDatabase.csv,,,,source_id=177; measured_temperature_C=121; chemical_family=#N/A,,,,,,"Liverpool temperature outside room-temperature range [20, 30] C"
liverpool_178_0147,Li134Si43S133O20,,Li134 Si43 S133 O20,0.00163,,,,,,,,,,,Glass,10.1016/j.ssi.2006.07.017,0,data/database/liverpool/LiIonDatabase.csv,,,,source_id=178; measured_temperature_C=90; chemical_family=#N/A,,,,,,"Liverpool temperature outside room-temperature range [20, 30] C"
liverpool_179_0148,Li134Si43S133O20,,Li134 Si43 S133 O20,0.000757,,,,,,,,,,,Glass,10.1016/j.ssi.2006.07.017,0,data/database/liverpool/LiIonDatabase.csv,,,,source_id=179; measured_temperature_C=73; chemical_family=#N/A,,,,,,"Liverpool temperature outside room-temperature range [20, 30] C"
liverpool_180_0149,Li134Si43S133O20,,Li134 Si43 S133 O20,0.000303,,,,,,,,,,,Glass,10.1016/j.ssi.2006.07.017,0,data/database/liverpool/LiIonDatabase.csv,,,,source_id=180; measured_temperature_C=47; chemical_family=#N/A,,,,,,"Liverpool temperature outside room-temperature range [20, 30] C"
liverpool_182_0151,Li0.6Ga0.14Ge0.63S1.77,,Li0.6 Ga0.14 Ge0.63 S1.77,0.00422,,,,,,,,,,,Glass,10.1016/j.ssi.2007.10.011,0,data/database/liverpool/LiIonDatabase.csv,,,,source_id=182; measured_temperature_C=215; chemical_family=Sulphides,,,,,,"Liverpool temperature outside room-temperature range [20, 30] C"
liverpool_188_0153,Li1Ga0.1Ge0.45S1.55,,Li1 Ga0.1 Ge0.45 S1.55,0.0335,,,,,,,,,,,Glass,10.1016/j.ssi.2007.10.011,0,data/database/liverpool/LiIonDatabase.csv,,,,source_id=188; measured_temperature_C=215; chemical_family=Sulphides,,,,,,"Liverpool temperature outside room-temperature range [20, 30] C"
liverpool_190_0155,Li0.8Ga0.12Ge0.54S1.66,,Li0.8 Ga0.12 Ge0.54 S1.66,0.0119,,,,,,,,,,,Glass,10.1016/j.ssi.2007.10.011,0,data/database/liverpool/LiIonDatabase.csv,,,,source_id=190; measured_temperature_C=205; chemical_family=Sulphides,,,,,,"Liverpool temperature outside room-temperature range [20, 30] C"
liverpool_191_0156,Li5Nd3(SbO6)2,,Li5 Nd3 Sb2 O12,0.00139,,,,,,,,,,,Garnet,10.1016/j.ssi.2008.01.002,0,data/database/liverpool/LiIonDatabase.csv,,,,source_id=191; measured_temperature_C=207; chemical_family=#N/A,,,,,,"Liverpool temperature outside room-temperature range [20, 30] C"
liverpool_192_0157,Li5La3(SbO6)2,,Li5 La3 Sb2 O12,0.00116,,,,,,,,,,,Garnet,10.1016/j.ssi.2008.01.002,0,data/database/liverpool/LiIonDatabase.csv,,,,source_id=192; measured_temperature_C=207; chemical_family=#N/A,,,,,,"Liverpool temperature outside room-temperature range [20, 30] C"
liverpool_193_0158,Li5La3(SbO6)2,,Li5 La3 Sb2 O12,0.000195,,,,,,,,,,,Garnet,10.1016/j.ssi.2008.01.002,0,data/database/liverpool/LiIonDatabase.csv,,,,source_id=193; measured_temperature_C=131; chemical_family=#N/A,,,,,,"Liverpool temperature outside room-temperature range [20, 30] C"
liverpool_194_0159,Li5Nd3(SbO6)2,,Li5 Nd3 Sb2 O12,0.000123,,,,,,,,,,,Garnet,10.1016/j.ssi.2008.01.002,0,data/database/liverpool/LiIonDatabase.csv,,,,source_id=194; measured_temperature_C=133; chemical_family=#N/A,,,,,,"Liverpool temperature outside room-temperature range [20, 30] C"
liverpool_195_0160,Li5La3(SbO6)2,,Li5 La3 Sb2 O12,1.32e-05,,,,,,,,,,,Garnet,10.1016/j.ssi.2008.01.002,0,data/database/liverpool/LiIonDatabase.csv,,,,source_id=195; measured_temperature_C=89; chemical_family=#N/A,,,,,,"Liverpool temperature outside room-temperature range [20, 30] C"
liverpool_196_0161,Li5Nd3(SbO6)2,,Li5 Nd3 Sb2 O12,2.76e-06,,,,,,,,,,,Garnet,10.1016/j.ssi.2008.01.002,0,data/database/liverpool/LiIonDatabase.csv,,,,source_id=196; measured_temperature_C=68; chemical_family=#N/A,,,,,,"Liverpool temperature outside room-temperature range [20, 30] C"
liverpool_198_0163,SrLi6La2Nb2O12,,Sr1 Li6 La2 Nb2 O12,0.00268,,,,,,,,,,,Garnet,10.1016/j.ssi.2008.01.047,0,data/database/liverpool/LiIonDatabase.csv,,,,source_id=198; measured_temperature_C=100; chemical_family=#N/A,,,,,,"Liverpool temperature outside room-temperature range [20, 30] C"
liverpool_199_0164,Li6CaLa2Nb2O12,,Li6 Ca1 La2 Nb2 O12,7.82e-05,,,,,,,,,,,Garnet,10.1016/j.ssi.2008.01.047,0,data/database/liverpool/LiIonDatabase.csv,,,,source_id=199; measured_temperature_C=154; chemical_family=#N/A,,,,,,"Liverpool temperature outside room-temperature range [20, 30] C"
liverpool_200_0165,Li6CaLa2Nb2O12,,Li6 Ca1 La2 Nb2 O12,3e-05,,,,,,,,,,,Garnet,10.1016/j.ssi.2008.01.047,0,data/database/liverpool/LiIonDatabase.csv,,,,source_id=200; measured_temperature_C=99; chemical_family=#N/A,,,,,,"Liverpool temperature outside room-temperature range [20, 30] C"
liverpool_201_0166,SrLi6La2Nb2O12,,Sr1 Li6 La2 Nb2 O12,3.13e-05,,,,,,,,,,,Garnet,10.1016/j.ssi.2008.01.047,0,data/database/liverpool/LiIonDatabase.csv,,,,source_id=201; measured_temperature_C=47; chemical_family=#N/A,,,,,,"Liverpool temperature outside room-temperature range [20, 30] C"
liverpool_207_0167,Na0.1Li0.1La0.6Ti1O3,,Na0.1 Li0.1 La0.6 Ti1 O3,0.00416,,,,,,,,,,,Perovskite,10.1016/j.ssi.2008.03.015,0,data/database/liverpool/LiIonDatabase.csv,,,,source_id=207; measured_temperature_C=223; chemical_family=#N/A,,,,,,"Liverpool temperature outside room-temperature range [20, 30] C"
liverpool_208_0168,Na0.1Li0.1La0.6Ti1O3,,Na0.1 Li0.1 La0.6 Ti1 O3,0.00276,,,,,,,,,,,Perovskite,10.1016/j.ssi.2008.03.015,0,data/database/liverpool/LiIonDatabase.csv,,,,source_id=208; measured_temperature_C=184; chemical_family=#N/A,,,,,,"Liverpool temperature outside room-temperature range [20, 30] C"
liverpool_209_0169,Na0.1Li0.1La0.6Ti1O3,,Na0.1 Li0.1 La0.6 Ti1 O3,0.00117,,,,,,,,,,,Perovskite,10.1016/j.ssi.2008.03.015,0,data/database/liverpool/LiIonDatabase.csv,,,,source_id=209; measured_temperature_C=135; chemical_family=#N/A,,,,,,"Liverpool temperature outside room-temperature range [20, 30] C"
liverpool_210_0170,Na0.1Li0.1La0.6Ti1O3,,Na0.1 Li0.1 La0.6 Ti1 O3,0.000278,,,,,,,,,,,Perovskite,10.1016/j.ssi.2008.03.015,0,data/database/liverpool/LiIonDatabase.csv,,,,source_id=210; measured_temperature_C=75; chemical_family=#N/A,,,,,,"Liverpool temperature outside room-temperature range [20, 30] C"
liverpool_211_0171,Na0.1Li0.1La0.6Ti1O3,,Na0.1 Li0.1 La0.6 Ti1 O3,6.15e-05,,,,,,,,,,,Perovskite,10.1016/j.ssi.2008.03.015,0,data/database/liverpool/LiIonDatabase.csv,,,,source_id=211; measured_temperature_C=34; chemical_family=Oxides,,,,,,"Liverpool temperature outside room-temperature range [20, 30] C"
liverpool_212_0172,LiPO3,,Li1 P1 O3,5.89e-06,,,,,,,,,,,Glass,10.1016/j.ssi.2008.04.015,0,data/database/liverpool/LiIonDatabase.csv,,,,source_id=212; measured_temperature_C=170; chemical_family=#N/A,,,,,,"Liverpool temperature outside room-temperature range [20, 30] C"
liverpool_213_0173,Li0.5La0.5Ti1O3,,Li0.5 La0.5 Ti1 O3,0.00031,,,,,,,,,,,Perovskite,10.1016/j.ssi.2008.08.013,0,data/database/liverpool/LiIonDatabase.csv,,,,source_id=213; measured_temperature_C=90; chemical_family=#N/A,,,,,,"Liverpool temperature outside room-temperature range [20, 30] C"
liverpool_214_0174,Li0.5La0.5Ti1O3,,Li0.5 La0.5 Ti1 O3,0.000146,,,,,,,,,,,Perovskite,10.1016/j.ssi.2008.08.013,0,data/database/liverpool/LiIonDatabase.csv,,,,source_id=214; measured_temperature_C=55; chemical_family=#N/A,,,,,,"Liverpool temperature outside room-temperature range [20, 30] C"
liverpool_215_0175,Li0.5La0.5Ti1O3,,Li0.5 La0.5 Ti1 O3,2.78e-05,,,,,,,,,,,Perovskite,10.1016/j.ssi.2008.08.013,0,data/database/liverpool/LiIonDatabase.csv,,,,source_id=215; measured_temperature_C=15; chemical_family=Oxides,,,,,,"Liverpool temperature outside room-temperature range [20, 30] C"
liverpool_216_0176,BaLi6La2Ta2O12,,Ba1 Li6 La2 Ta2 O12,0.00227,,,,,,,,,,,Garnet,10.1016/j.ssi.2008.10.022,0,data/database/liverpool/LiIonDatabase.csv,,,,source_id=216; measured_temperature_C=168; chemical_family=#N/A,,,,,,"Liverpool temperature outside room-temperature range [20, 30] C"
liverpool_217_0177,Li6CaLa2Ta2O12,,Li6 Ca1 La2 Ta2 O12,0.00105,,,,,,,,,,,Garnet,10.1016/j.ssi.2008.10.022,0,data/database/liverpool/LiIonDatabase.csv,,,,source_id=217; measured_temperature_C=175; chemical_family=#N/A,,,,,,"Liverpool temperature outside room-temperature range [20, 30] C"
liverpool_218_0178,BaLi6La2Ta2O12,,Ba1 Li6 La2 Ta2 O12,0.000225,,,,,,,,,,,Garnet,10.1016/j.ssi.2008.10.022,0,data/database/liverpool/LiIonDatabase.csv,,,,source_id=218; measured_temperature_C=85; chemical_family=#N/A,,,,,,"Liverpool temperature outside room-temperature range [20, 30] C"
liverpool_219_0179,Li6CaLa2Ta2O12,,Li6 Ca1 La2 Ta2 O12,6.61e-05,,,,,,,,,,,Garnet,10.1016/j.ssi.2008.10.022,0,data/database/liverpool/LiIonDatabase.csv,,,,source_id=219; measured_temperature_C=87; chemical_family=#N/A,,,,,,"Liverpool temperature outside room-temperature range [20, 30] C"
liverpool_222_0182,LiAl(SiO3)2,,Li1 Al1 Si2 O6,6.67e-06,,,,,,,,,,,Glass,10.1016/j.ssi.2009.02.028,0,data/database/liverpool/LiIonDatabase.csv,,,,source_id=222; measured_temperature_C=174; chemical_family=#N/A,,,,,,"Liverpool temperature outside room-temperature range [20, 30] C"
liverpool_223_0183,LiAl(SiO3)2,,Li1 Al1 Si2 O6,1.08e-06,,,,,,,,,,,Glass,10.1016/j.ssi.2009.02.028,0,data/database/liverpool/LiIonDatabase.csv,,,,source_id=223; measured_temperature_C=128; chemical_family=#N/A,,,,,,"Liverpool temperature outside room-temperature range [20, 30] C"
liverpool_224_0184,LiAl(SiO3)2,,Li1 Al1 Si2 O6,1.69e-08,,,,,,,,,,,Glass,10.1016/j.ssi.2009.02.028,0,data/database/liverpool/LiIonDatabase.csv,,,,source_id=224; measured_temperature_C=58; chemical_family=#N/A,,,,,,"Liverpool temperature outside room-temperature range [20, 30] C"
liverpool_225_0185,Li7La3Ta2O13,,Li7 La3 Ta2 O13,6.85e-05,,,,,,,,,,,Garnet,10.1016/j.ssi.2009.07.002,0,data/database/liverpool/LiIonDatabase.csv,,,,source_id=225; measured_temperature_C=121; chemical_family=#N/A,,,,,,"Liverpool temperature outside room-temperature range [20, 30] C"
liverpool_226_0186,Li7La3Ta2O13,,Li7 La3 Ta2 O13,2.76e-05,,,,,,,,,,,Garnet,10.1016/j.ssi.2009.07.002,0,data/database/liverpool/LiIonDatabase.csv,,,,source_id=226; measured_temperature_C=90; chemical_family=#N/A,,,,,,"Liverpool temperature outside room-temperature range [20, 30] C"
liverpool_227_0187,Li7La3Ta2O13,,Li7 La3 Ta2 O13,9.33e-06,,,,,,,,,,,Garnet,10.1016/j.ssi.2009.07.002,0,data/database/liverpool/LiIonDatabase.csv,,,,source_id=227; measured_temperature_C=60; chemical_family=#N/A,,,,,,"Liverpool temperature outside room-temperature range [20, 30] C"
liverpool_230_0189,Li0.5La0.5Ti1O3,,Li0.5 La0.5 Ti1 O3,0.00376,,,,,,,,,,,Perovskite,10.1016/j.ssi.2009.08.002,0,data/database/liverpool/LiIonDatabase.csv,,,,source_id=230; measured_temperature_C=134; chemical_family=#N/A,,,,,,"Liverpool temperature outside room-temperature range [20, 30] C"
liverpool_231_0190,Li0.5La0.5Ti1O3,,Li0.5 La0.5 Ti1 O3,0.0028,,,,,,,,,,,Perovskite,10.1016/j.ssi.2009.08.002,0,data/database/liverpool/LiIonDatabase.csv,,,,source_id=231; measured_temperature_C=118; chemical_family=#N/A,,,,,,"Liverpool temperature outside room-temperature range [20, 30] C"
liverpool_232_0191,Li0.5La0.5Ti1O3,,Li0.5 La0.5 Ti1 O3,0.00193,,,,,,,,,,,Perovskite,10.1016/j.ssi.2009.08.002,0,data/database/liverpool/LiIonDatabase.csv,,,,source_id=232; measured_temperature_C=102; chemical_family=#N/A,,,,,,"Liverpool temperature outside room-temperature range [20, 30] C"
liverpool_233_0192,Li0.5La0.5Ti1O3,,Li0.5 La0.5 Ti1 O3,0.000602,,,,,,,,,,,Perovskite,10.1016/j.ssi.2009.08.002,0,data/database/liverpool/LiIonDatabase.csv,,,,source_id=233; measured_temperature_C=72; chemical_family=#N/A,,,,,,"Liverpool temperature outside room-temperature range [20, 30] C"
liverpool_234_0193,Li0.5La0.5Ti1O3,,Li0.5 La0.5 Ti1 O3,0.000159,,,,,,,,,,,Perovskite,10.1016/j.ssi.2009.08.002,0,data/database/liverpool/LiIonDatabase.csv,,,,source_id=234; measured_temperature_C=44; chemical_family=#N/A,,,,,,"Liverpool temperature outside room-temperature range [20, 30] C"
liverpool_236_0195,Li0.5La0.5Ti1O3,,Li0.5 La0.5 Ti1 O3,5.61e-05,,,,,,,,,,,Perovskite,10.1016/j.ssi.2009.08.002,0,data/database/liverpool/LiIonDatabase.csv,,,,source_id=236; measured_temperature_C=19; chemical_family=Oxides,,,,,,"Liverpool temperature outside room-temperature range [20, 30] C"
liverpool_237_0196,Li5La3Ta2O12,,Li5 La3 Ta2 O12,1.52e-05,,,,,,,,,,,Garnet,10.1016/j.ssi.2009.11.015,0,data/database/liverpool/LiIonDatabase.csv,,,,source_id=237; measured_temperature_C=60; chemical_family=#N/A,,,,,,"Liverpool temperature outside room-temperature range [20, 30] C"
liverpool_238_0197,Li5La3Ta2O12,,Li5 La3 Ta2 O12,8.39e-06,,,,,,,,,,,Garnet,10.1016/j.ssi.2009.11.015,0,data/database/liverpool/LiIonDatabase.csv,,,,source_id=238; measured_temperature_C=50; chemical_family=#N/A,,,,,,"Liverpool temperature outside room-temperature range [20, 30] C"
liverpool_240_0199,Li33.2Si83.4O183.4,,Li33.2 Si83.4 O183.4,2.77e-06,,,,,,,,,,,Glass,10.1016/s0022-3093(99)00688-2,0,data/database/liverpool/LiIonDatabase.csv,,,,source_id=240; measured_temperature_C=179; chemical_family=#N/A,,,,,,"Liverpool temperature outside room-temperature range [20, 30] C"
liverpool_241_0200,Li33.2Si83.4O183.4,,Li33.2 Si83.4 O183.4,3.53e-07,,,,,,,,,,,Glass,10.1016/s0022-3093(99)00688-2,0,data/database/liverpool/LiIonDatabase.csv,,,,source_id=241; measured_temperature_C=135; chemical_family=#N/A,,,,,,"Liverpool temperature outside room-temperature range [20, 30] C"
liverpool_242_0201,Li33.2Si83.4O183.4,,Li33.2 Si83.4 O183.4,3.21e-08,,,,,,,,,,,Glass,10.1016/s0022-3093(99)00688-2,0,data/database/liverpool/LiIonDatabase.csv,,,,source_id=242; measured_temperature_C=90; chemical_family=#N/A,,,,,,"Liverpool temperature outside room-temperature range [20, 30] C"
liverpool_243_0202,Li4.2Ga0.2Ge0.8S4,,Li4.2 Ga0.2 Ge0.8 S4,0.00539,,,,,,,,,,,Thio-LISICON,10.1016/s0167-2738(00)00277-0,0,data/database/liverpool/LiIonDatabase.csv,,,,source_id=243; measured_temperature_C=202; chemical_family=#N/A,,,,,,"Liverpool temperature outside room-temperature range [20, 30] C"
liverpool_244_0203,Li4.2Ga0.2Ge0.8S4,,Li4.2 Ga0.2 Ge0.8 S4,0.00179,,,,,,,,,,,Thio-LISICON,10.1016/s0167-2738(00)00277-0,0,data/database/liverpool/LiIonDatabase.csv,,,,source_id=244; measured_temperature_C=125; chemical_family=#N/A,,,,,,"Liverpool temperature outside room-temperature range [20, 30] C"
liverpool_245_0204,Li4.2Ga0.2Ge0.8S4,,Li4.2 Ga0.2 Ge0.8 S4,0.000415,,,,,,,,,,,Thio-LISICON,10.1016/s0167-2738(00)00277-0,0,data/database/liverpool/LiIonDatabase.csv,,,,source_id=245; measured_temperature_C=74; chemical_family=#N/A,,,,,,"Liverpool temperature outside room-temperature range [20, 30] C"
liverpool_247_0206,Li1.076Ti1.462Al0.6923P3O12,,Li1.076 Ti1.462 Al0.6923 P3 O12,0.00374,,,,,,,,,,,NASICON,10.1016/s0167-2738(97)00018-0,0,data/database/liverpool/LiIonDatabase.csv,,,,source_id=247; measured_temperature_C=58; chemical_family=#N/A,,,,,,"Liverpool temperature outside room-temperature range [20, 30] C"
liverpool_251_0210,Li4Nd3SbTeO12,,Li4 Nd3 Sb1 Te1 O12,2.64e-05,,,,,,,,,,,Garnet,10.1021/cm703677q,0,data/database/liverpool/LiIonDatabase.csv,,,,source_id=251; measured_temperature_C=200; chemical_family=#N/A,,,,,,"Liverpool temperature outside room-temperature range [20, 30] C"
liverpool_253_0212,Li6P3O10F,,Li120 P60 O200 F20,7.99e-05,,,,,,,,,,,Glass,10.1134/s1023193509050048,0,data/database/liverpool/LiIonDatabase.csv,,,,source_id=253; measured_temperature_C=106; chemical_family=#N/A,,,,,,"Liverpool temperature outside room-temperature range [20, 30] C"
liverpool_254_0213,Li6P3O10F,,Li120 P60 O200 F20,4.52e-06,,,,,,,,,,,Glass,10.1134/s1023193509050048,0,data/database/liverpool/LiIonDatabase.csv,,,,source_id=254; measured_temperature_C=53; chemical_family=#N/A,,,,,,"Liverpool temperature outside room-temperature range [20, 30] C"
liverpool_256_0215,Li6P3O10F,,Li120 P60 O200 F20,2.24e-05,,,,,,,,,,,Glass,10.1134/s1023193509050048,0,data/database/liverpool/LiIonDatabase.csv,,,,source_id=256; measured_temperature_C=88; chemical_family=#N/A,,,,,,"Liverpool temperature outside room-temperature range [20, 30] C"
liverpool_265_0216,Li3.2Ge0.2P0.8S4,,Li3.2 Ge0.2 P0.8 S4,0.1,,,,,,,,,,,Thio-LISICON,10.1149/1.1379028,0,data/database/liverpool/LiIonDatabase.csv,,,,source_id=265; measured_temperature_C=290; chemical_family=#N/A,,,,,,"Liverpool temperature outside room-temperature range [20, 30] C"
liverpool_266_0217,Li3.6Ge0.6P0.4S4,,Li3.6 Ge0.6 P0.4 S4,0.0631,,,,,,,,,,,Thio-LISICON,10.1149/1.1379028,0,data/database/liverpool/LiIonDatabase.csv,,,,source_id=266; measured_temperature_C=290; chemical_family=#N/A,,,,,,"Liverpool temperature outside room-temperature range [20, 30] C"
liverpool_267_0218,Li3.8Ge0.8P0.2S4,,Li3.8 Ge0.8 P0.2 S4,0.0126,,,,,,,,,,,Thio-LISICON,10.1149/1.1379028,0,data/database/liverpool/LiIonDatabase.csv,,,,source_id=267; measured_temperature_C=290; chemical_family=#N/A,,,,,,"Liverpool temperature outside room-temperature range [20, 30] C"
liverpool_269_0220,Ba0.5Sr0.5Li6La2Ta2O12,,Ba0.5 Sr0.5 Li6 La2 Ta2 O12,0.0057,,,,,,,,,,,Garnet,10.1149/1.2800764,0,data/database/liverpool/LiIonDatabase.csv,,,,source_id=269; measured_temperature_C=200; chemical_family=#N/A,,,,,,"Liverpool temperature outside room-temperature range [20, 30] C"
liverpool_270_0221,SrLi6La2Ta2O12,,Sr1 Li6 La2 Ta2 O12,0.00589,,,,,,,,,,,Garnet,10.1149/1.2800764,0,data/database/liverpool/LiIonDatabase.csv,,,,source_id=270; measured_temperature_C=200; chemical_family=#N/A,,,,,,"Liverpool temperature outside room-temperature range [20, 30] C"
liverpool_271_0222,Ba0.5Sr0.5Li6La2Ta2O12,,Ba0.5 Sr0.5 Li6 La2 Ta2 O12,0.00163,,,,,,,,,,,Garnet,10.1149/1.2800764,0,data/database/liverpool/LiIonDatabase.csv,,,,source_id=271; measured_temperature_C=150; chemical_family=#N/A,,,,,,"Liverpool temperature outside room-temperature range [20, 30] C"
liverpool_272_0223,SrLi6La2Ta2O12,,Sr1 Li6 La2 Ta2 O12,0.0015,,,,,,,,,,,Garnet,10.1149/1.2800764,0,data/database/liverpool/LiIonDatabase.csv,,,,source_id=272; measured_temperature_C=149; chemical_family=#N/A,,,,,,"Liverpool temperature outside room-temperature range [20, 30] C"
liverpool_273_0224,Ba0.5Sr0.5Li6La2Ta2O12,,Ba0.5 Sr0.5 Li6 La2 Ta2 O12,0.000333,,,,,,,,,,,Garnet,10.1149/1.2800764,0,data/database/liverpool/LiIonDatabase.csv,,,,source_id=273; measured_temperature_C=100; chemical_family=#N/A,,,,,,"Liverpool temperature outside room-temperature range [20, 30] C"
liverpool_274_0225,SrLi6La2Ta2O12,,Sr1 Li6 La2 Ta2 O12,0.000268,,,,,,,,,,,Garnet,10.1149/1.2800764,0,data/database/liverpool/LiIonDatabase.csv,,,,source_id=274; measured_temperature_C=100; chemical_family=#N/A,,,,,,"Liverpool temperature outside room-temperature range [20, 30] C"
liverpool_275_0226,BaLi6La2Ta2O12,,Ba1 Li6 La2 Ta2 O12,0.00013,,,,,,,,,,,Garnet,10.1149/1.2800764,0,data/database/liverpool/LiIonDatabase.csv,,,,source_id=275; measured_temperature_C=50; chemical_family=#N/A,,,,,,"Liverpool temperature outside room-temperature range [20, 30] C"
liverpool_277_0227,Ba0.5Sr0.5Li6La2Ta2O12,,Ba0.5 Sr0.5 Li6 La2 Ta2 O12,4.96e-05,,,,,,,,,,,Garnet,10.1149/1.2800764,0,data/database/liverpool/LiIonDatabase.csv,,,,source_id=277; measured_temperature_C=50; chemical_family=#N/A,,,,,,"Liverpool temperature outside room-temperature range [20, 30] C"
liverpool_278_0228,Li6La2MgTa2O12,,Li6 La2 Mg1 Ta2 O12,2.45e-05,,,,,,,,,,,Garnet,10.1149/1.2800764,0,data/database/liverpool/LiIonDatabase.csv,,,,source_id=278; measured_temperature_C=100; chemical_family=#N/A,,,,,,"Liverpool temperature outside room-temperature range [20, 30] C"
liverpool_281_0229,SrLi6La2Ta2O12,,Sr1 Li6 La2 Ta2 O12,3.66e-05,,,,,,,,,,,Garnet,10.1149/1.2800764,0,data/database/liverpool/LiIonDatabase.csv,,,,source_id=281; measured_temperature_C=50; chemical_family=#N/A,,,,,,"Liverpool temperature outside room-temperature range [20, 30] C"
liverpool_282_0230,Li6CaLa2Ta2O12,,Li6 Ca1 La2 Ta2 O12,3.58e-05,,,,,,,,,,,Garnet,10.1149/1.2800764,0,data/database/liverpool/LiIonDatabase.csv,,,,source_id=282; measured_temperature_C=100; chemical_family=#N/A,,,,,,"Liverpool temperature outside room-temperature range [20, 30] C"
liverpool_285_0231,BaLi6La2Ta2O12,,Ba1 Li6 La2 Ta2 O12,2.25e-05,,,,,,,,,,,Garnet,10.1149/1.2800764,0,data/database/liverpool/LiIonDatabase.csv,,,,source_id=285; measured_temperature_C=17; chemical_family=Oxides,,,,,,"Liverpool temperature outside room-temperature range [20, 30] C"
liverpool_288_0232,SrLi6La2Ta2O12,,Sr1 Li6 La2 Ta2 O12,1.38e-05,,,,,,,,,,,Garnet,10.1149/1.2800764,0,data/database/liverpool/LiIonDatabase.csv,,,,source_id=288; measured_temperature_C=33; chemical_family=Oxides,,,,,,"Liverpool temperature outside room-temperature range [20, 30] C"
liverpool_290_0234,Ba0.5Sr0.5Li6La2Ta2O12,,Ba0.5 Sr0.5 Li6 La2 Ta2 O12,6.46e-06,,,,,,,,,,,Garnet,10.1149/1.2800764,0,data/database/liverpool/LiIonDatabase.csv,,,,source_id=290; measured_temperature_C=33; chemical_family=Oxides,,,,,,"Liverpool temperature outside room-temperature range [20, 30] C"
liverpool_291_0235,Li6CaLa2Ta2O12,,Li6 Ca1 La2 Ta2 O12,3.59e-06,,,,,,,,,,,Garnet,10.1149/1.2800764,0,data/database/liverpool/LiIonDatabase.csv,,,,source_id=291; measured_temperature_C=50; chemical_family=#N/A,,,,,,"Liverpool temperature outside room-temperature range [20, 30] C"
liverpool_292_0236,Li6La2MgTa2O12,,Li6 La2 Mg1 Ta2 O12,2.74e-06,,,,,,,,,,,Garnet,10.1149/1.2800764,0,data/database/liverpool/LiIonDatabase.csv,,,,source_id=292; measured_temperature_C=50; chemical_family=#N/A,,,,,,"Liverpool temperature outside room-temperature range [20, 30] C"
liverpool_303_0240,Li2.7Hf0.3Cr1.7P3O12,,Li2.7 Hf0.3 Cr1.7 P3 O12,2.25e-05,,,,,,,,,,,NASICON,10.1016/s0167-2738(98)00207-0,0,data/database/liverpool/LiIonDatabase.csv,,,,source_id=303; measured_temperature_C=171; chemical_family=#N/A,,,,,,"Liverpool temperature outside room-temperature range [20, 30] C"
liverpool_304_0241,Li2.5Hf0.5Cr1.5P3O12,,Li2.5 Hf0.5 Cr1.5 P3 O12,0.000355,,,,,,,,,,,NASICON,10.1016/s0167-2738(98)00207-0,0,data/database/liverpool/LiIonDatabase.csv,,,,source_id=304; measured_temperature_C=300; chemical_family=#N/A,,,,,,"Liverpool temperature outside room-temperature range [20, 30] C"
liverpool_305_0242,Li1.7Hf1.3Cr0.7P3O12,,Li1.7 Hf1.3 Cr0.7 P3 O12,0.000528,,,,,,,,,,,NASICON,10.1016/s0167-2738(98)00207-0,0,data/database/liverpool/LiIonDatabase.csv,,,,source_id=305; measured_temperature_C=300; chemical_family=#N/A,,,,,,"Liverpool temperature outside room-temperature range [20, 30] C"
liverpool_306_0243,Li2.3Hf0.7Cr1.3P3O12,,Li2.3 Hf0.7 Cr1.3 P3 O12,0.000181,,,,,,,,,,,NASICON,10.1006/jssc.2000.8658,0,data/database/liverpool/LiIonDatabase.csv,,,,source_id=306; measured_temperature_C=300; chemical_family=#N/A,,,,,,"Liverpool temperature outside room-temperature range [20, 30] C"
liverpool_307_0244,Li2HfCr(PO4)3,,Li2 Hf1 Cr1 P3 O12,0.000335,,,,,,,,,,,NASICON,10.1016/s0167-2738(96)00565-6,0,data/database/liverpool/LiIonDatabase.csv,,,,source_id=307; measured_temperature_C=300; chemical_family=#N/A,,,,,,"Liverpool temperature outside room-temperature range [20, 30] C"
liverpool_308_0245,Li1.3Ti1.7Fe0.3P3O12,,Li1.3 Ti1.7 Fe0.3 P3 O12,0.00858,,,,,,,,,,,NASICON,10.1007/s10008-002-0314-3,0,data/database/liverpool/LiIonDatabase.csv,,,,source_id=308; measured_temperature_C=300; chemical_family=#N/A,,,,,,"Liverpool temperature outside room-temperature range [20, 30] C"
liverpool_309_0246,Li2ZrAl(PO4)3,,Li2 Zr1 Al1 P3 O12,3.4e-06,,,,,,,,,,,NASICON,10.1007/s10008-008-0520-8,0,data/database/liverpool/LiIonDatabase.csv,,,,source_id=309; measured_temperature_C=300; chemical_family=#N/A,,,,,,"Liverpool temperature outside room-temperature range [20, 30] C"
liverpool_314_0251,Li0.95Hf1.95Ta0.05P3O12,,Li0.95 Hf1.95 Ta0.05 P3 O12,0.00066,,,,,,,,,,,Lysonite,10.1016/0025-5408(77)90161-1,0,data/database/liverpool/LiIonDatabase.csv,,,,source_id=314; measured_temperature_C=300; chemical_family=#N/A,,,,,,"Liverpool temperature outside room-temperature range [20, 30] C"
liverpool_315_0252,Li0.95Zr1.95Ta0.05P3O12,,Li0.95 Zr1.95 Ta0.05 P3 O12,0.00073,,,,,,,,,,,NASICON,10.1016/0025-5408(77)90161-1,0,data/database/liverpool/LiIonDatabase.csv,,,,source_id=315; measured_temperature_C=300; chemical_family=#N/A,,,,,,"Liverpool temperature outside room-temperature range [20, 30] C"
liverpool_316_0253,Li0.9Zr1.9Ta0.1P3O12,,Li0.9 Zr1.9 Ta0.1 P3 O12,0.00095,,,,,,,,,,,NASICON,10.1016/0025-5408(77)90161-1,0,data/database/liverpool/LiIonDatabase.csv,,,,source_id=316; measured_temperature_C=300; chemical_family=#N/A,,,,,,"Liverpool temperature outside room-temperature range [20, 30] C"
liverpool_317_0254,Li0.5Hf1.5Ta0.5P3O12,,Li0.5 Hf1.5 Ta0.5 P3 O12,0.00093,,,,,,,,,,,NASICON,10.1016/0025-5408(77)90161-1,0,data/database/liverpool/LiIonDatabase.csv,,,,source_id=317; measured_temperature_C=200; chemical_family=#N/A,,,,,,"Liverpool temperature outside room-temperature range [20, 30] C"
liverpool_318_0255,Li0.8Zr1.8Nb0.2P3O12,,Li0.8 Zr1.8 Nb0.2 P3 O12,7.4e-05,,,,,,,,,,,NASICON,10.1016/0025-5408(77)90161-1,0,data/database/liverpool/LiIonDatabase.csv,,,,source_id=318; measured_temperature_C=200; chemical_family=#N/A,,,,,,"Liverpool temperature outside room-temperature range [20, 30] C"
liverpool_320_0256,Li0.5Zr1.5Ta0.5P3O12,,Li0.5 Zr1.5 Ta0.5 P3 O12,0.0009,,,,,,,,,,,NASICON,10.1016/0025-5408(77)90161-1,0,data/database/liverpool/LiIonDatabase.csv,,,,source_id=320; measured_temperature_C=200; chemical_family=#N/A,,,,,,"Liverpool temperature outside room-temperature range [20, 30] C"
liverpool_321_0257,Li0.85Hf1.85Ta0.15P3O12,,Li0.85 Hf1.85 Ta0.15 P3 O12,0.00051,,,,,,,,,,,NASICON,10.1016/0025-5408(77)90161-1,0,data/database/liverpool/LiIonDatabase.csv,,,,source_id=321; measured_temperature_C=200; chemical_family=#N/A,,,,,,"Liverpool temperature outside room-temperature range [20, 30] C"
liverpool_322_0258,Li0.5Zr1.5Nb0.5P3O12,,Li0.5 Zr1.5 Nb0.5 P3 O12,0.00197,,,,,,,,,,,NASICON,10.1016/0025-5408(89)90129-3,0,data/database/liverpool/LiIonDatabase.csv,,,,source_id=322; measured_temperature_C=200; chemical_family=#N/A,,,,,,"Liverpool temperature outside room-temperature range [20, 30] C"
liverpool_323_0259,Li0.6Zr1.6Nb0.4P3O12,,Li0.6 Zr1.6 Nb0.4 P3 O12,0.000292,,,,,,,,,,,NASICON,10.1016/0025-5408(89)90129-3,0,data/database/liverpool/LiIonDatabase.csv,,,,source_id=323; measured_temperature_C=200; chemical_family=#N/A,,,,,,"Liverpool temperature outside room-temperature range [20, 30] C"
liverpool_324_0260,Li0.8Hf1.8Nb0.2P3O12,,Li0.8 Hf1.8 Nb0.2 P3 O12,0.000213,,,,,,,,,,,NASICON,10.1016/0025-5408(89)90129-3,0,data/database/liverpool/LiIonDatabase.csv,,,,source_id=324; measured_temperature_C=200; chemical_family=#N/A,,,,,,"Liverpool temperature outside room-temperature range [20, 30] C"
liverpool_325_0261,Li0.1Zr1.1Nb0.9P3O12,,Li0.1 Zr1.1 Nb0.9 P3 O12,0.00197,,,,,,,,,,,NASICON,10.1016/0025-5408(89)90129-3,0,data/database/liverpool/LiIonDatabase.csv,,,,source_id=325; measured_temperature_C=200; chemical_family=#N/A,,,,,,"Liverpool temperature outside room-temperature range [20, 30] C"
liverpool_328_0264,Li3Fe2(PO4)3,,Li3 Fe2 P3 O12,5.6e-08,,,,,,,,,,,NASICON,10.1016/0167-2738(83)90101-7,0,data/database/liverpool/LiIonDatabase.csv,,,,source_id=328; measured_temperature_C=50; chemical_family=#N/A,,,,,,"Liverpool temperature outside room-temperature range [20, 30] C"
liverpool_329_0265,Li3Cr2(PO4)3,,Li3 Cr2 P3 O12,2.5e-08,,,,,,,,,,,NASICON,10.1016/0167-2738(83)90101-7,0,data/database/liverpool/LiIonDatabase.csv,,,,source_id=329; measured_temperature_C=50; chemical_family=#N/A,,,,,,"Liverpool temperature outside room-temperature range [20, 30] C"
liverpool_338_0272,Li1Zr0.25Ti1.75P3O12,,Li1 Zr0.25 Ti1.75 P3 O12,7.35e-05,,,,,,,,,,,NASICON,10.1016/0167-2738(90)90188-w,0,data/database/liverpool/LiIonDatabase.csv,,,,source_id=338; measured_temperature_C=154; chemical_family=#N/A,,,,,,"Liverpool temperature outside room-temperature range [20, 30] C"
liverpool_344_0278,Li1Zr1.5Ti0.5P3O12,,Li1 Zr1.5 Ti0.5 P3 O12,0.00052,,,,,,,,,,,NASICON,10.1016/0167-2738(86)90179-7,0,data/database/liverpool/LiIonDatabase.csv,,,,source_id=344; measured_temperature_C=300; chemical_family=#N/A,,,,,,"Liverpool temperature outside room-temperature range [20, 30] C"
liverpool_349_0281,Li1.35Ti1.65In0.35P3O12,,Li1.35 Ti1.65 In0.35 P3 O12,0.021,,,,,,,,,,,NASICON,10.1016/0167-2738(86)90183-9,0,data/database/liverpool/LiIonDatabase.csv,,,,source_id=349; measured_temperature_C=300; chemical_family=#N/A,,,,,,"Liverpool temperature outside room-temperature range [20, 30] C"
liverpool_352_0284,Li2.8Ti0.2In1.8P3O12,,Li2.8 Ti0.2 In1.8 P3 O12,0.00824,,,,,,,,,,,NASICON,10.1016/0167-2738(86)90183-9,0,data/database/liverpool/LiIonDatabase.csv,,,,source_id=352; measured_temperature_C=300; chemical_family=#N/A,,,,,,"Liverpool temperature outside room-temperature range [20, 30] C"
liverpool_353_0285,LiTaFe(PO4)3,,Li1 Ta1 Fe1 P3 O12,0.000335,,,,,,,,,,,NASICON,10.1039/a807007e,0,data/database/liverpool/LiIonDatabase.csv,,,,source_id=353; measured_temperature_C=350; chemical_family=#N/A,,,,,,"Liverpool temperature outside room-temperature range [20, 30] C"
liverpool_354_0286,LiTaCr(PO4)3,,Li1 Ta1 Cr1 P3 O12,3.16e-07,,,,,,,,,,,NASICON,10.1039/a807007e,0,data/database/liverpool/LiIonDatabase.csv,,,,source_id=354; measured_temperature_C=61; chemical_family=#N/A,,,,,,"Liverpool temperature outside room-temperature range [20, 30] C"
liverpool_355_0287,Li1.8Ti1.2Cr0.8P3O12,,Li1.8 Ti1.2 Cr0.8 P3 O12,0.0048,,,,,,,,,,,NASICON,10.1016/0167-2738(88)90291-3,0,data/database/liverpool/LiIonDatabase.csv,,,,source_id=355; measured_temperature_C=300; chemical_family=#N/A,,,,,,"Liverpool temperature outside room-temperature range [20, 30] C"
liverpool_389_0319,Li1.3Ti0.3Al0.3Ge1.4P3O12,,Li1.3 Ti0.3 Al0.3 Ge1.4 P3 O12,0.0011,,,,,,,,,,,NASICON,10.1016/j.electacta.2005.12.055,0,data/database/liverpool/LiIonDatabase.csv,,,,source_id=389; measured_temperature_C=227; chemical_family=#N/A,,,,,,"Liverpool temperature outside room-temperature range [20, 30] C"
liverpool_392_0322,Li0.8Zr1.8Ta0.2P3O12,,Li0.8 Zr1.8 Ta0.2 P3 O12,7.4e-05,,,,,,,,,,,NASICON,10.1016/0025-5408(77)90161-1,0,data/database/liverpool/LiIonDatabase.csv,,,,source_id=392; measured_temperature_C=200; chemical_family=#N/A,,,,,,"Liverpool temperature outside room-temperature range [20, 30] C"
liverpool_393_0323,Li1.3Sc0.01Ti1.7Al0.29P3O12,,Li1.3 Sc0.01 Ti1.7 Al0.29 P3 O12,0.000119,,,,,,,,,,,NASICON,10.1016/j.physb.2016.04.027,0,data/database/liverpool/LiIonDatabase.csv,,,,source_id=393; measured_temperature_C=140; chemical_family=#N/A,,,,,,"Liverpool temperature outside room-temperature range [20, 30] C"
liverpool_394_0324,Li1.3Sc0.05Ti1.7Al0.25P3O12,,Li1.3 Sc0.05 Ti1.7 Al0.25 P3 O12,0.000108,,,,,,,,,,,NASICON,10.1016/j.physb.2016.04.027,0,data/database/liverpool/LiIonDatabase.csv,,,,source_id=394; measured_temperature_C=140; chemical_family=#N/A,,,,,,"Liverpool temperature outside room-temperature range [20, 30] C"
liverpool_395_0325,Li1.3Sc0.03Ti1.7Al0.27P3O12,,Li1.3 Sc0.03 Ti1.7 Al0.27 P3 O12,8.47e-05,,,,,,,,,,,NASICON,10.1016/j.physb.2016.04.027,0,data/database/liverpool/LiIonDatabase.csv,,,,source_id=395; measured_temperature_C=140; chemical_family=#N/A,,,,,,"Liverpool temperature outside room-temperature range [20, 30] C"
liverpool_396_0326,Li1.3Sc0.07Ti1.7Al0.23P3O12,,Li1.3 Sc0.07 Ti1.7 Al0.23 P3 O12,7e-05,,,,,,,,,,,NASICON,10.1016/j.physb.2016.04.027,0,data/database/liverpool/LiIonDatabase.csv,,,,source_id=396; measured_temperature_C=140; chemical_family=#N/A,,,,,,"Liverpool temperature outside room-temperature range [20, 30] C"
liverpool_414_0343,Li1.7Hf1.3Fe0.7P3O12,,Li1.7 Hf1.3 Fe0.7 P3 O12,2.68e-05,,,,,,,,,,,NASICON,10.1016/s0167-2738(98)00207-0,0,data/database/liverpool/LiIonDatabase.csv,,,,source_id=414; measured_temperature_C=171; chemical_family=#N/A,,,,,,"Liverpool temperature outside room-temperature range [20, 30] C"
liverpool_418_0344,Li2.9Zr0.1Sc1.9P3O12,,Li2.9 Zr0.1 Sc1.9 P3 O12,0.00106,,,,,,,,,,,NASICON,10.1016/s0925-8388(96)02746-6,0,data/database/liverpool/LiIonDatabase.csv,,,,source_id=418; measured_temperature_C=150; chemical_family=#N/A,,,,,,"Liverpool temperature outside room-temperature range [20, 30] C"
liverpool_419_0345,Li2.9Zr0.1Sc1.9P3O12,,Li2.9 Zr0.1 Sc1.9 P3 O12,0.0144,,,,,,,,,,,NASICON,10.1016/s0925-8388(96)02746-6,0,data/database/liverpool/LiIonDatabase.csv,,,,source_id=419; measured_temperature_C=273; chemical_family=#N/A,,,,,,"Liverpool temperature outside room-temperature range [20, 30] C"
liverpool_420_0346,Li3Sc2(PO4)3,,Li3 Sc2 P3 O12,3.49e-06,,,,,,,,,,,NASICON,10.1016/s0925-8388(96)02746-6,0,data/database/liverpool/LiIonDatabase.csv,,,,source_id=420; measured_temperature_C=150; chemical_family=#N/A,,,,,,"Liverpool temperature outside room-temperature range [20, 30] C"
liverpool_440_0364,Li1.2Ti1.8Ga0.2P3O12,,Li1.2 Ti1.8 Ga0.2 P3 O12,6.6e-07,,,,,,,,,,,NASICON,10.1021/cm030422i,0,data/database/liverpool/LiIonDatabase.csv,,,,source_id=440; measured_temperature_C=250; chemical_family=#N/A,,,,,,"Liverpool temperature outside room-temperature range [20, 30] C"
liverpool_487_0405,Li1.5Mg2.5V0.5Mo2.5O12,,Li1.5 Mg2.5 V0.5 Mo2.5 O12,1e-06,,,,,,,,,,,Lysonite,10.1016/j.jssc.2010.08.042,0,data/database/liverpool/LiIonDatabase.csv,,,,source_id=487; measured_temperature_C=440; chemical_family=#N/A,,,,,,"Liverpool temperature outside room-temperature range [20, 30] C"
liverpool_491_0408,Li2TiO3,,Li2 Ti1 O3,3.52e-08,,,,,,,,,,,Rocksalt,10.1016/j.ssi.2006.11.002,0,data/database/liverpool/LiIonDatabase.csv,,,,source_id=491; measured_temperature_C=186; chemical_family=#N/A,,,,,,"Liverpool temperature outside room-temperature range [20, 30] C"
liverpool_492_0409,Li1.9Mg0.1Ti1O3.05,,Li1.9 Mg0.1 Ti1 O3.05,0.00107,,,,,,,,,,,Rocksalt,10.1016/j.ssi.2008.03.001,0,data/database/liverpool/LiIonDatabase.csv,,,,source_id=492; measured_temperature_C=600; chemical_family=#N/A,,,,,,"Liverpool temperature outside room-temperature range [20, 30] C"
liverpool_493_0410,Li1.9Mg0.1Ti1O3.05,,Li1.9 Mg0.1 Ti1 O3.05,1.2e-05,,,,,,,,,,,Rocksalt,10.1016/j.ssi.2008.03.001,0,data/database/liverpool/LiIonDatabase.csv,,,,source_id=493; measured_temperature_C=300; chemical_family=#N/A,,,,,,"Liverpool temperature outside room-temperature range [20, 30] C"
liverpool_497_0413,Li6PS5Cl,,Li6 P1 S5 Cl1,0.0214,,,,,,,,,,,Argyrodite,10.1016/j.ssi.2012.06.008,0,data/database/liverpool/LiIonDatabase.csv,,,,source_id=497; measured_temperature_C=150.58; chemical_family=#N/A,,,,,,"Liverpool temperature outside room-temperature range [20, 30] C"
liverpool_498_0414,Li6PS5Cl,,Li6 P1 S5 Cl1,0.00132,,,,,,,,,,,Argyrodite,10.1016/j.ssi.2012.06.008,0,data/database/liverpool/LiIonDatabase.csv,,,,source_id=498; measured_temperature_C=50.47; chemical_family=#N/A,,,,,,"Liverpool temperature outside room-temperature range [20, 30] C"
liverpool_500_0416,Li6PS5Cl,,Li6 P1 S5 Cl1,0.000376,,,,,,,,,,,Argyrodite,10.1016/j.ssi.2012.06.008,0,data/database/liverpool/LiIonDatabase.csv,,,,source_id=500; measured_temperature_C=18.82; chemical_family=Sulphides and Other Anions,,,,,,"Liverpool temperature outside room-temperature range [20, 30] C"
liverpool_507_0420,Li0.6Y0.8P1O4,,Li0.6 Y0.8 P1 O4,0.275,,,,,,,,,,,Zircon,10.1016/0167-2738(89)90457-8,0,data/database/liverpool/LiIonDatabase.csv,,,,source_id=507; measured_temperature_C=867; chemical_family=#N/A,,,,,,"Liverpool temperature outside room-temperature range [20, 30] C"
liverpool_508_0421,Li0.3Y0.9P1O4,,Li0.3 Y0.9 P1 O4,0.135,,,,,,,,,,,Zircon,10.1016/0167-2738(89)90457-8,0,data/database/liverpool/LiIonDatabase.csv,,,,source_id=508; measured_temperature_C=873; chemical_family=#N/A,,,,,,"Liverpool temperature outside room-temperature range [20, 30] C"
liverpool_509_0422,Li0.9Y0.7P1O4,,Li0.9 Y0.7 P1 O4,0.0682,,,,,,,,,,,Zircon,10.1016/0167-2738(89)90457-8,0,data/database/liverpool/LiIonDatabase.csv,,,,source_id=509; measured_temperature_C=791; chemical_family=#N/A,,,,,,"Liverpool temperature outside room-temperature range [20, 30] C"
liverpool_510_0423,Li0.6Y0.8P1O4,,Li0.6 Y0.8 P1 O4,0.0374,,,,,,,,,,,Zircon,10.1016/0167-2738(89)90457-8,0,data/database/liverpool/LiIonDatabase.csv,,,,source_id=510; measured_temperature_C=585; chemical_family=#N/A,,,,,,"Liverpool temperature outside room-temperature range [20, 30] C"
liverpool_511_0424,Li0.6Y0.8P1O4,,Li0.6 Y0.8 P1 O4,0.00537,,,,,,,,,,,Zircon,10.1016/0167-2738(89)90457-8,0,data/database/liverpool/LiIonDatabase.csv,,,,source_id=511; measured_temperature_C=486; chemical_family=#N/A,,,,,,"Liverpool temperature outside room-temperature range [20, 30] C"
liverpool_512_0425,Li0.9Y0.7P1O4,,Li0.9 Y0.7 P1 O4,0.00387,,,,,,,,,,,Zircon,10.1016/0167-2738(89)90457-8,0,data/database/liverpool/LiIonDatabase.csv,,,,source_id=512; measured_temperature_C=598.96; chemical_family=#N/A,,,,,,"Liverpool temperature outside room-temperature range [20, 30] C"
liverpool_513_0426,Li0.3Y0.9P1O4,,Li0.3 Y0.9 P1 O4,0.000121,,,,,,,,,,,Zircon,10.1016/0167-2738(89)90457-8,0,data/database/liverpool/LiIonDatabase.csv,,,,source_id=513; measured_temperature_C=400; chemical_family=#N/A,,,,,,"Liverpool temperature outside room-temperature range [20, 30] C"
liverpool_515_0427,Li1.5Y0.5P1O4,,Li1.5 Y0.5 P1 O4,0.000245,,,,,,,,,,,Zircon,10.1016/0167-2738(89)90457-8,0,data/database/liverpool/LiIonDatabase.csv,,,,source_id=515; measured_temperature_C=523.93; chemical_family=#N/A,,,,,,"Liverpool temperature outside room-temperature range [20, 30] C"
liverpool_516_0428,Li0.9Y0.7P1O4,,Li0.9 Y0.7 P1 O4,0.000213,,,,,,,,,,,Zircon,10.1016/0167-2738(89)90457-8,0,data/database/liverpool/LiIonDatabase.csv,,,,source_id=516; measured_temperature_C=485.26; chemical_family=#N/A,,,,,,"Liverpool temperature outside room-temperature range [20, 30] C"
liverpool_517_0429,Li1.5Y0.5P1O4,,Li1.5 Y0.5 P1 O4,1.78e-05,,,,,,,,,,,Zircon,10.1016/0167-2738(89)90457-8,0,data/database/liverpool/LiIonDatabase.csv,,,,source_id=517; measured_temperature_C=437.38; chemical_family=#N/A,,,,,,"Liverpool temperature outside room-temperature range [20, 30] C"
liverpool_518_0430,Li0.9Y0.7P1O4,,Li0.9 Y0.7 P1 O4,1.09e-05,,,,,,,,,,,Zircon,10.1016/0167-2738(89)90457-8,0,data/database/liverpool/LiIonDatabase.csv,,,,source_id=518; measured_temperature_C=397.77; chemical_family=#N/A,,,,,,"Liverpool temperature outside room-temperature range [20, 30] C"
liverpool_525_0431,LiGaSiO4,,Li1 Ga1 Si1 O4,1.58e-06,,,,,,,,,,,Phenakite,10.1016/0167-2738(87)90048-8,0,data/database/liverpool/LiIonDatabase.csv,,,,source_id=525; measured_temperature_C=564.29; chemical_family=#N/A,,,,,,"Liverpool temperature outside room-temperature range [20, 30] C"
liverpool_526_0432,Li0.68Ga0.68Si2.33O6,,Li0.68 Ga0.68 Si2.33 O6,8.19e-07,,,,,,,,,,,Phenakite,10.1016/0167-2738(87)90048-8,0,data/database/liverpool/LiIonDatabase.csv,,,,source_id=526; measured_temperature_C=276; chemical_family=#N/A,,,,,,"Liverpool temperature outside room-temperature range [20, 30] C"
liverpool_527_0433,Li0.96Ga0.96Si2.04O6,,Li0.96 Ga0.96 Si2.04 O6,6.32e-07,,,,,,,,,,,Phenakite,10.1016/0167-2738(87)90048-8,0,data/database/liverpool/LiIonDatabase.csv,,,,source_id=527; measured_temperature_C=260; chemical_family=#N/A,,,,,,"Liverpool temperature outside room-temperature range [20, 30] C"
liverpool_528_0434,LiGaSiO4,,Li1 Ga1 Si1 O4,2.8e-07,,,,,,,,,,,Phenakite,10.1016/0167-2738(87)90048-8,0,data/database/liverpool/LiIonDatabase.csv,,,,source_id=528; measured_temperature_C=475.75; chemical_family=#N/A,,,,,,"Liverpool temperature outside room-temperature range [20, 30] C"
liverpool_529_0435,Li0.68Ga0.68Si2.33O6,,Li0.68 Ga0.68 Si2.33 O6,7.26e-08,,,,,,,,,,,Phenakite,10.1016/0167-2738(87)90048-8,0,data/database/liverpool/LiIonDatabase.csv,,,,source_id=529; measured_temperature_C=216.18; chemical_family=#N/A,,,,,,"Liverpool temperature outside room-temperature range [20, 30] C"
liverpool_530_0436,Li0.96Ga0.96Si2.04O6,,Li0.96 Ga0.96 Si2.04 O6,7.26e-08,,,,,,,,,,,Phenakite,10.1016/0167-2738(87)90048-8,0,data/database/liverpool/LiIonDatabase.csv,,,,source_id=530; measured_temperature_C=208.82; chemical_family=#N/A,,,,,,"Liverpool temperature outside room-temperature range [20, 30] C"
liverpool_531_0437,Li0.96Ga0.96Si2.04O6,,Li0.96 Ga0.96 Si2.04 O6,1.78e-08,,,,,,,,,,,Phenakite,10.1016/0167-2738(87)90048-8,0,data/database/liverpool/LiIonDatabase.csv,,,,source_id=531; measured_temperature_C=178.14; chemical_family=#N/A,,,,,,"Liverpool temperature outside room-temperature range [20, 30] C"
liverpool_532_0438,LiGaSiO4,,Li1 Ga1 Si1 O4,1.35e-08,,,,,,,,,,,Phenakite,10.1016/0167-2738(87)90048-8,0,data/database/liverpool/LiIonDatabase.csv,,,,source_id=532; measured_temperature_C=341.15; chemical_family=#N/A,,,,,,"Liverpool temperature outside room-temperature range [20, 30] C"
liverpool_533_0439,LiGaSiO4,,Li1 Ga1 Si1 O4,5.7e-09,,,,,,,,,,,Phenakite,10.1016/0167-2738(87)90048-8,0,data/database/liverpool/LiIonDatabase.csv,,,,source_id=533; measured_temperature_C=312.92; chemical_family=#N/A,,,,,,"Liverpool temperature outside room-temperature range [20, 30] C"
liverpool_536_0442,Li2TiIn(PO4)3,,Li2 Ti1 In1 P3 O12,0.00122,,,,,,,,,,,NASICON,10.1016/s0167-2738(96)00565-6,0,data/database/liverpool/LiIonDatabase.csv,,,,source_id=536; measured_temperature_C=200; chemical_family=#N/A,,,,,,"Liverpool temperature outside room-temperature range [20, 30] C"
liverpool_564_0461,Li4Al0.33Si0.33P0.33O4,,Li4 Al0.33 Si0.33 P0.33 O4,0.00471,,,,,,,,,,,LISICON,10.1021/acsami.6b14402,0,data/database/liverpool/LiIonDatabase.csv,,,,source_id=564; measured_temperature_C=249; chemical_family=#N/A,,,,,,"Liverpool temperature outside room-temperature range [20, 30] C"
liverpool_565_0462,Li4Al0.33Si0.17Ge0.17P0.33O4,,Li4 Al0.33 Si0.17 Ge0.17 P0.33 O4,0.00353,,,,,,,,,,,LISICON,10.1021/acsami.6b14402,0,data/database/liverpool/LiIonDatabase.csv,,,,source_id=565; measured_temperature_C=215; chemical_family=#N/A,,,,,,"Liverpool temperature outside room-temperature range [20, 30] C"
liverpool_566_0463,Li4Al0.33Si0.17Ge0.17P0.33O4,,Li4 Al0.33 Si0.17 Ge0.17 P0.33 O4,3.93e-06,,,,,,,,,,,LISICON,10.1021/acsami.6b14402,0,data/database/liverpool/LiIonDatabase.csv,,,,source_id=566; measured_temperature_C=47; chemical_family=#N/A,,,,,,"Liverpool temperature outside room-temperature range [20, 30] C"
liverpool_567_0464,Li4.25Al0.25Si0.75O4,,Li4.25 Al0.25 Si0.75 O4,0.00088,,,,,,,,,,,LISICON,10.1021/acsami.6b14402,0,data/database/liverpool/LiIonDatabase.csv,,,,source_id=567; measured_temperature_C=242; chemical_family=#N/A,,,,,,"Liverpool temperature outside room-temperature range [20, 30] C"
liverpool_568_0465,Li3.75Si0.75P0.25O4,,Li3.75 Si0.75 P0.25 O4,0.000239,,,,,,,,,,,LISICON,10.1021/acsami.6b14402,0,data/database/liverpool/LiIonDatabase.csv,,,,source_id=568; measured_temperature_C=228.73; chemical_family=#N/A,,,,,,"Liverpool temperature outside room-temperature range [20, 30] C"
liverpool_569_0466,Li4Al0.33Si0.33P0.33O4,,Li4 Al0.33 Si0.33 P0.33 O4,0.000198,,,,,,,,,,,LISICON,10.1021/acsami.6b14402,0,data/database/liverpool/LiIonDatabase.csv,,,,source_id=569; measured_temperature_C=125.29; chemical_family=#N/A,,,,,,"Liverpool temperature outside room-temperature range [20, 30] C"
liverpool_570_0467,Li3.75Si0.75P0.25O4,,Li3.75 Si0.75 P0.25 O4,2.91e-05,,,,,,,,,,,LISICON,10.1021/acsami.6b14402,0,data/database/liverpool/LiIonDatabase.csv,,,,source_id=570; measured_temperature_C=149.36; chemical_family=#N/A,,,,,,"Liverpool temperature outside room-temperature range [20, 30] C"
liverpool_571_0468,Li4Al0.33Si0.33P0.33O4,,Li4 Al0.33 Si0.33 P0.33 O4,1.93e-05,,,,,,,,,,,LISICON,10.1021/acsami.6b14402,0,data/database/liverpool/LiIonDatabase.csv,,,,source_id=571; measured_temperature_C=76.66; chemical_family=#N/A,,,,,,"Liverpool temperature outside room-temperature range [20, 30] C"
liverpool_572_0469,Li4.25Al0.25Si0.75O4,,Li4.25 Al0.25 Si0.75 O4,6.37e-06,,,,,,,,,,,LISICON,10.1021/acsami.6b14402,0,data/database/liverpool/LiIonDatabase.csv,,,,source_id=572; measured_temperature_C=124.96; chemical_family=#N/A,,,,,,"Liverpool temperature outside room-temperature range [20, 30] C"
liverpool_573_0470,Li3.75Si0.75P0.25O4,,Li3.75 Si0.75 P0.25 O4,5.03e-06,,,,,,,,,,,LISICON,10.1021/acsami.6b14402,0,data/database/liverpool/LiIonDatabase.csv,,,,source_id=573; measured_temperature_C=100.96; chemical_family=#N/A,,,,,,"Liverpool temperature outside room-temperature range [20, 30] C"
liverpool_574_0471,Li3.75Si0.75P0.25O4,,Li3.75 Si0.75 P0.25 O4,2.46e-06,,,,,,,,,,,LISICON,10.1021/acsami.6b14402,0,data/database/liverpool/LiIonDatabase.csv,,,,source_id=574; measured_temperature_C=75.47; chemical_family=#N/A,,,,,,"Liverpool temperature outside room-temperature range [20, 30] C"
liverpool_575_0472,Li4.25Al0.25Si0.75O4,,Li4.25 Al0.25 Si0.75 O4,2.88e-07,,,,,,,,,,,LISICON,10.1021/acsami.6b14402,0,data/database/liverpool/LiIonDatabase.csv,,,,source_id=575; measured_temperature_C=74.28; chemical_family=#N/A,,,,,,"Liverpool temperature outside room-temperature range [20, 30] C"
liverpool_576_0473,Li4.25Al0.25Si0.75O4,,Li4.25 Al0.25 Si0.75 O4,4.1e-08,,,,,,,,,,,LISICON,10.1021/acsami.6b14402,0,data/database/liverpool/LiIonDatabase.csv,,,,source_id=576; measured_temperature_C=50.34; chemical_family=#N/A,,,,,,"Liverpool temperature outside room-temperature range [20, 30] C"
liverpool_577_0474,Li4SiO4,,Li4 Si1 O4,8.36e-06,,,,,,,,,,,Other,10.1021/acsami.6b14402,0,data/database/liverpool/LiIonDatabase.csv,,,,source_id=577; measured_temperature_C=228.21; chemical_family=#N/A,,,,,,"Liverpool temperature outside room-temperature range [20, 30] C"
liverpool_578_0475,Li4Al0.33Si0.33P0.33O4,,Li4 Al0.33 Si0.33 P0.33 O4,4.75e-06,,,,,,,,,,,Other,10.1021/acsami.6b14402,0,data/database/liverpool/LiIonDatabase.csv,,,,source_id=578; measured_temperature_C=50.64; chemical_family=#N/A,,,,,,"Liverpool temperature outside room-temperature range [20, 30] C"
liverpool_579_0476,Li4SiO4,,Li4 Si1 O4,1.35e-06,,,,,,,,,,,Other,10.1021/acsami.6b14402,0,data/database/liverpool/LiIonDatabase.csv,,,,source_id=579; measured_temperature_C=176.36; chemical_family=#N/A,,,,,,"Liverpool temperature outside room-temperature range [20, 30] C"
liverpool_580_0477,Li4SiO4,,Li4 Si1 O4,3.11e-08,,,,,,,,,,,Other,10.1021/acsami.6b14402,0,data/database/liverpool/LiIonDatabase.csv,,,,source_id=580; measured_temperature_C=100.52; chemical_family=#N/A,,,,,,"Liverpool temperature outside room-temperature range [20, 30] C"
liverpool_581_0478,Li4SiO4,,Li4 Si1 O4,5.66e-09,,,,,,,,,,,Other,10.1021/acsami.6b14402,0,data/database/liverpool/LiIonDatabase.csv,,,,source_id=581; measured_temperature_C=75.02; chemical_family=#N/A,,,,,,"Liverpool temperature outside room-temperature range [20, 30] C"
liverpool_583_0480,Li5B2P(H2S)4,,Li5 B2 P1 H8 S4,0.005,,,,,,,,,,,Argyrodite,10.1021/acsomega.8b00377,0,data/database/liverpool/LiIonDatabase.csv,,,,source_id=583; measured_temperature_C=50; chemical_family=#N/A,,,,,,"Liverpool temperature outside room-temperature range [20, 30] C"
liverpool_585_0482,Li1.5P0.5S2,,Li1.5 P0.5 S2,0.0003,,,,,,,,,,,Other,10.1021/acsomega.8b00377,0,data/database/liverpool/LiIonDatabase.csv,,,,source_id=585; measured_temperature_C=44.2; chemical_family=#N/A,,,,,,"Liverpool temperature outside room-temperature range [20, 30] C"
liverpool_586_0483,Li1.5P0.5S2,,Li1.5 P0.5 S2,0.000605,,,,,,,,,,,Glass,10.1021/acsomega.8b00377,0,data/database/liverpool/LiIonDatabase.csv,,,,source_id=586; measured_temperature_C=34.76; chemical_family=Sulphides,,,,,,"Liverpool temperature outside room-temperature range [20, 30] C"
liverpool_588_0485,LiBH4,,Li1 B1 H4,7.96e-08,,,,,,,,,,,Other,10.1021/acsomega.8b00377,0,data/database/liverpool/LiIonDatabase.csv,,,,source_id=588; measured_temperature_C=39.83; chemical_family=#N/A,,,,,,"Liverpool temperature outside room-temperature range [20, 30] C"
liverpool_600_0496,Li1Ca1.65Ta1.7Ti1.3O9,,Li1 Ca1.65 Ta1.7 Ti1.3 O9,1e-05,,,,,,,,,,,Perovskite,10.1007/bf02708781,0,data/database/liverpool/LiIonDatabase.csv,,,,source_id=600; measured_temperature_C=300; chemical_family=#N/A,,,,,,"Liverpool temperature outside room-temperature range [20, 30] C"
liverpool_601_0497,Sr1.65Li1Ti2.15W0.85O9,,Sr1.65 Li1 Ti2.15 W0.85 O9,0.00016,,,,,,,,,,,Perovskite,10.1007/bf02708781,0,data/database/liverpool/LiIonDatabase.csv,,,,source_id=601; measured_temperature_C=300; chemical_family=#N/A,,,,,,"Liverpool temperature outside room-temperature range [20, 30] C"
liverpool_602_0498,Li1Ca1.65Ti1.3Nb1.7O9,,Li1 Ca1.65 Ti1.3 Nb1.7 O9,8.56e-07,,,,,,,,,,,Perovskite,10.1007/bf02708781,0,data/database/liverpool/LiIonDatabase.csv,,,,source_id=602; measured_temperature_C=215; chemical_family=#N/A,,,,,,"Liverpool temperature outside room-temperature range [20, 30] C"
liverpool_607_0503,Na0.125Li0.375La0.5Ti1O3,,Na0.125 Li0.375 La0.5 Ti1 O3,2e-05,,,,,,,,,,,Perovskite,10.1016/0167-2738(94)90309-3,0,data/database/liverpool/LiIonDatabase.csv,,,,source_id=607; measured_temperature_C=402; chemical_family=Oxides,,,,,,"Liverpool temperature outside room-temperature range [20, 30] C"
liverpool_609_0505,Li0.38Sm0.52Ti1O2.97,,Li0.38 Sm0.52 Ti1 O2.97,1.1e-07,,,,,,,,,,,Perovskite,10.1016/0167-2738(94)90310-7,0,data/database/liverpool/LiIonDatabase.csv,,,,source_id=609; measured_temperature_C=126; chemical_family=#N/A,,,,,,"Liverpool temperature outside room-temperature range [20, 30] C"
liverpool_616_0512,Li0.25Sm0.25Ta1O3,,Li0.25 Sm0.25 Ta1 O3,7.3e-06,,,,,,,,,,,Perovskite,10.1016/s0167-2738(98)00414-7,0,data/database/liverpool/LiIonDatabase.csv,,,,source_id=616; measured_temperature_C=125; chemical_family=#N/A,,,,,,"Liverpool temperature outside room-temperature range [20, 30] C"
liverpool_618_0514,Li0.25Y0.25Ta1O3,,Li0.25 Y0.25 Ta1 O3,4.39e-09,,,,,,,,,,,Perovskite,10.1016/s0167-2738(98)00414-7,0,data/database/liverpool/LiIonDatabase.csv,,,,source_id=618; measured_temperature_C=147; chemical_family=#N/A,,,,,,"Liverpool temperature outside room-temperature range [20, 30] C"
liverpool_628_0517,Sr0.5Li0.5Ta0.75Cr0.25O3,,Sr0.5 Li0.5 Ta0.75 Cr0.25 O3,0.000355,,,,,,,,,,,Perovskite,10.1016/s0378-7753(97)02645-1,0,data/database/liverpool/LiIonDatabase.csv,,,,source_id=628; measured_temperature_C=75; chemical_family=Oxides,,,,,,"Liverpool temperature outside room-temperature range [20, 30] C"
liverpool_629_0518,Sr0.5Li0.5Ta0.75Fe0.25O3,,Sr0.5 Li0.5 Ta0.75 Fe0.25 O3,0.000661,,,,,,,,,,,Perovskite,10.1016/s0378-7753(97)02645-1,0,data/database/liverpool/LiIonDatabase.csv,,,,source_id=629; measured_temperature_C=75; chemical_family=Oxides,,,,,,"Liverpool temperature outside room-temperature range [20, 30] C"
liverpool_646_0533,LiCaTiNbO6,,Li1 Ca1 Ti1 Nb1 O6,1e-07,,,,,,,,,,,Perovskite,10.1021/cm9810382,0,data/database/liverpool/LiIonDatabase.csv,,,,source_id=646; measured_temperature_C=208; chemical_family=#N/A,,,,,,"Liverpool temperature outside room-temperature range [20, 30] C"
liverpool_662_0549,Li0.27La0.59Ti1O3,,Li0.27 La0.59 Ti1 O3,0.0141,,,,,,,,,,,Perovskite,10.2109/jcersj.105.548,0,data/database/liverpool/LiIonDatabase.csv,,,,source_id=662; measured_temperature_C=127; chemical_family=Oxides,,,,,,"Liverpool temperature outside room-temperature range [20, 30] C"
liverpool_664_0551,Li3Br0.5Cl0.5O1,,Li3 Br0.5 Cl0.5 O1,0.00301,,,,,,,,,,,Anti-Perovskite,10.1021/ja305709z,0,data/database/liverpool/LiIonDatabase.csv,,,,source_id=664; measured_temperature_C=253; chemical_family=#N/A,,,,,,"Liverpool temperature outside room-temperature range [20, 30] C"
liverpool_665_0552,Li3Br0.5Cl0.5O1,,Li3 Br0.5 Cl0.5 O1,0.0193,,,,,,,,,,,Anti-Perovskite,10.1021/ja305709z,0,data/database/liverpool/LiIonDatabase.csv,,,,source_id=665; measured_temperature_C=260.76; chemical_family=#N/A,,,,,,"Liverpool temperature outside room-temperature range [20, 30] C"
liverpool_666_0553,Li3Br0.5Cl0.5O1,,Li3 Br0.5 Cl0.5 O1,0.00398,,,,,,,,,,,Anti-Perovskite,10.1021/ja305709z,0,data/database/liverpool/LiIonDatabase.csv,,,,source_id=666; measured_temperature_C=171.78; chemical_family=#N/A,,,,,,"Liverpool temperature outside room-temperature range [20, 30] C"
liverpool_667_0554,Li3ClO,,Li3 Cl1 O1,0.00354,,,,,,,,,,,Anti-Perovskite,10.1021/ja305709z,0,data/database/liverpool/LiIonDatabase.csv,,,,source_id=667; measured_temperature_C=253.44; chemical_family=#N/A,,,,,,"Liverpool temperature outside room-temperature range [20, 30] C"
liverpool_668_0555,Li3Br0.5Cl0.5O1,,Li3 Br0.5 Cl0.5 O1,0.00158,,,,,,,,,,,Anti-Perovskite,10.1021/ja305709z,0,data/database/liverpool/LiIonDatabase.csv,,,,source_id=668; measured_temperature_C=90.59; chemical_family=#N/A,,,,,,"Liverpool temperature outside room-temperature range [20, 30] C"
liverpool_670_0557,Li3ClO,,Li3 Cl1 O1,0.000902,,,,,,,,,,,Anti-Perovskite,10.1021/ja305709z,0,data/database/liverpool/LiIonDatabase.csv,,,,source_id=670; measured_temperature_C=150.88; chemical_family=#N/A,,,,,,"Liverpool temperature outside room-temperature range [20, 30] C"
liverpool_671_0558,Li3ClO,,Li3 Cl1 O1,0.000419,,,,,,,,,,,Anti-Perovskite,10.1021/ja305709z,0,data/database/liverpool/LiIonDatabase.csv,,,,source_id=671; measured_temperature_C=90.16; chemical_family=#N/A,,,,,,"Liverpool temperature outside room-temperature range [20, 30] C"
liverpool_672_0559,Li3ClO,,Li3 Cl1 O1,0.000141,,,,,,,,,,,Anti-Perovskite,10.1021/ja305709z,0,data/database/liverpool/LiIonDatabase.csv,,,,source_id=672; measured_temperature_C=30.51; chemical_family=Oxides and Other Anions,,,,,,"Liverpool temperature outside room-temperature range [20, 30] C"
liverpool_676_0562,Li1.2Ta0.9Al1.1P3O12,,Li1.2 Ta0.9 Al1.1 P3 O12,0.012,,,,,,,,,,,NASICON,10.1039/a807007e,0,data/database/liverpool/LiIonDatabase.csv,,,,source_id=676; measured_temperature_C=350; chemical_family=#N/A,,,,,,"Liverpool temperature outside room-temperature range [20, 30] C"
liverpool_677_0563,LiTaAl(PO4)3,,Li1 Ta1 Al1 P3 O12,0.01,,,,,,,,,,,NASICON,10.1039/a807007e,0,data/database/liverpool/LiIonDatabase.csv,,,,source_id=677; measured_temperature_C=350; chemical_family=#N/A,,,,,,"Liverpool temperature outside room-temperature range [20, 30] C"
liverpool_680_0564,SrLiTaTiO6,,Sr1 Li1 Ta1 Ti1 O6,0.063,,,,,,,,,,,Perovskite,10.1021/cm9810382,0,data/database/liverpool/LiIonDatabase.csv,,,,source_id=680; measured_temperature_C=360; chemical_family=Oxides,,,,,,"Liverpool temperature outside room-temperature range [20, 30] C"
liverpool_681_0565,Sr1.65Li1Ta1.7Ti1.3O9,,Sr1.65 Li1 Ta1.7 Ti1.3 O9,0.114,,,,,,,,,,,Perovskite,10.1021/cm9810382,0,data/database/liverpool/LiIonDatabase.csv,,,,source_id=681; measured_temperature_C=360; chemical_family=Oxides,,,,,,"Liverpool temperature outside room-temperature range [20, 30] C"
liverpool_682_0566,Sr2LiTaTi2O9,,Sr2 Li1 Ta1 Ti2 O9,0.0032,,,,,,,,,,,Perovskite,10.1021/cm9810382,0,data/database/liverpool/LiIonDatabase.csv,,,,source_id=682; measured_temperature_C=360; chemical_family=Oxides,,,,,,"Liverpool temperature outside room-temperature range [20, 30] C"
liverpool_684_0568,Sr1.65Li1Ti1.3Nb1.7O9,,Sr1.65 Li1 Ti1.3 Nb1.7 O9,0.042,,,,,,,,,,,Perovskite,10.1021/cm9810382,0,data/database/liverpool/LiIonDatabase.csv,,,,source_id=684; measured_temperature_C=360; chemical_family=Oxides,,,,,,"Liverpool temperature outside room-temperature range [20, 30] C"
liverpool_685_0569,Sr1.65Li1Zr1.3Ta1.7O9,,Sr1.65 Li1 Zr1.3 Ta1.7 O9,0.042,,,,,,,,,,,Perovskite,10.1021/cm9810382,0,data/database/liverpool/LiIonDatabase.csv,,,,source_id=685; measured_temperature_C=360; chemical_family=Oxides,,,,,,"Liverpool temperature outside room-temperature range [20, 30] C"
liverpool_686_0570,Sr2LiTi2NbO9,,Sr2 Li1 Ti2 Nb1 O9,3.35e-05,,,,,,,,,,,Perovskite,10.1021/cm9810382,0,data/database/liverpool/LiIonDatabase.csv,,,,source_id=686; measured_temperature_C=205; chemical_family=#N/A,,,,,,"Liverpool temperature outside room-temperature range [20, 30] C"
liverpool_687_0571,Ba2LiTi2NbO9,,Ba2 Li1 Ti2 Nb1 O9,1e-06,,,,,,,,,,,Perovskite,10.1021/cm9810382,0,data/database/liverpool/LiIonDatabase.csv,,,,source_id=687; measured_temperature_C=102; chemical_family=#N/A,,,,,,"Liverpool temperature outside room-temperature range [20, 30] C"
liverpool_688_0572,LiCaTiNbO6,,Li1 Ca1 Ti1 Nb1 O6,1.03e-07,,,,,,,,,,,Perovskite,10.1021/cm9810382,0,data/database/liverpool/LiIonDatabase.csv,,,,source_id=688; measured_temperature_C=205; chemical_family=#N/A,,,,,,"Liverpool temperature outside room-temperature range [20, 30] C"
liverpool_689_0573,Sr2LiTi2NbO9,,Sr2 Li1 Ti2 Nb1 O9,3.47e-06,,,,,,,,,,,Perovskite,10.1021/cm9810382,0,data/database/liverpool/LiIonDatabase.csv,,,,source_id=689; measured_temperature_C=100; chemical_family=#N/A,,,,,,"Liverpool temperature outside room-temperature range [20, 30] C"
liverpool_690_0574,LiCa2Ti2NbO9,,Li1 Ca2 Ti2 Nb1 O9,1.89e-07,,,,,,,,,,,Perovskite,10.1021/cm9810382,0,data/database/liverpool/LiIonDatabase.csv,,,,source_id=690; measured_temperature_C=300; chemical_family=#N/A,,,,,,"Liverpool temperature outside room-temperature range [20, 30] C"
liverpool_691_0575,Li3Cr(MoO4)3,,Li3 Cr1 Mo3 O12,0.0039,,,,,,,,,,,LISICON,10.1039/b301189e,0,data/database/liverpool/LiIonDatabase.csv,,,,source_id=691; measured_temperature_C=600; chemical_family=#N/A,,,,,,"Liverpool temperature outside room-temperature range [20, 30] C"
liverpool_692_0576,Li2Mg2(MoO4)3,,Li2 Mg2 Mo3 O12,0.00233,,,,,,,,,,,Lysonite,10.1039/b301189e,0,data/database/liverpool/LiIonDatabase.csv,,,,source_id=692; measured_temperature_C=600; chemical_family=#N/A,,,,,,"Liverpool temperature outside room-temperature range [20, 30] C"
liverpool_693_0577,Li3Fe(MoO4)3,,Li3 Fe1 Mo3 O12,0.0014,,,,,,,,,,,Lysonite,10.1039/b301189e,0,data/database/liverpool/LiIonDatabase.csv,,,,source_id=693; measured_temperature_C=600; chemical_family=#N/A,,,,,,"Liverpool temperature outside room-temperature range [20, 30] C"
liverpool_694_0578,Li3Cr(MoO4)3,,Li3 Cr1 Mo3 O12,2.6e-06,,,,,,,,,,,Lysonite,10.1039/b301189e,0,data/database/liverpool/LiIonDatabase.csv,,,,source_id=694; measured_temperature_C=300; chemical_family=#N/A,,,,,,"Liverpool temperature outside room-temperature range [20, 30] C"
liverpool_695_0579,Li3Fe(MoO4)3,,Li3 Fe1 Mo3 O12,6.6e-07,,,,,,,,,,,Lysonite,10.1039/b301189e,0,data/database/liverpool/LiIonDatabase.csv,,,,source_id=695; measured_temperature_C=300; chemical_family=#N/A,,,,,,"Liverpool temperature outside room-temperature range [20, 30] C"
liverpool_696_0580,Li2Mg2(MoO4)3,,Li2 Mg2 Mo3 O12,3.16e-08,,,,,,,,,,,Lysonite,10.1039/b301189e,0,data/database/liverpool/LiIonDatabase.csv,,,,source_id=696; measured_temperature_C=276; chemical_family=#N/A,,,,,,"Liverpool temperature outside room-temperature range [20, 30] C"
liverpool_709_0592,Li3PS4,,Li3 P1 S4,1.09e-05,,,,,,,,,,,Other,10.1016/0167-2738(84)90097-3,0,data/database/liverpool/LiIonDatabase.csv,,,,source_id=709; measured_temperature_C=103; chemical_family=#N/A,,,,,,"Liverpool temperature outside room-temperature range [20, 30] C"
liverpool_711_0594,LiAlSiO4,,Li1 Al1 Si1 O4,0.004,,,,,,,,,,,NASICON,10.1016/0375-9601(75)90788-4,0,data/database/liverpool/LiIonDatabase.csv,,,,source_id=711; measured_temperature_C=500; chemical_family=#N/A,,,,,,"Liverpool temperature outside room-temperature range [20, 30] C"
liverpool_719_0601,LiBH4,,Li1 B1 H4,4e-08,,,,,,,,,,,Other,10.1021/ja907249p,0,data/database/liverpool/LiIonDatabase.csv,,,,source_id=719; measured_temperature_C=40; chemical_family=#N/A,,,,,,"Liverpool temperature outside room-temperature range [20, 30] C"
liverpool_721_0602,Li10Ge(PS6)2,,Li10 Ge1 P2 S12,0.0794,,,,,,,,,,,Thio-LISICON,10.1038/nmat3066,0,data/database/liverpool/LiIonDatabase.csv,,,,source_id=721; measured_temperature_C=86.61; chemical_family=Sulphides,,,,,,"Liverpool temperature outside room-temperature range [20, 30] C"
liverpool_733_0611,Li5La3Nb2O12,,Li5 La3 Nb2 O12,8e-06,,,,,,,,,,,Garnet,10.1111/j.1151-2916.2003.tb03318.x,0,data/database/liverpool/LiIonDatabase.csv,,,,source_id=733; measured_temperature_C=15; chemical_family=Oxides,,,,,,"Liverpool temperature outside room-temperature range [20, 30] C"
liverpool_734_0612,Li5La3Ta2O12,,Li5 La3 Ta2 O12,0.0166,,,,,,,,,,,Garnet,10.1111/j.1151-2916.2003.tb03318.x,0,data/database/liverpool/LiIonDatabase.csv,,,,source_id=734; measured_temperature_C=393; chemical_family=Oxides,,,,,,"Liverpool temperature outside room-temperature range [20, 30] C"
liverpool_736_0614,Li3Fe2(PO4)3,,Li3 Fe2 P3 O12,1.42e-06,,,,,,,,,,,Glass-Ceramic,10.1016/0167-2738(90)90442-t,0,data/database/liverpool/LiIonDatabase.csv,,,,source_id=736; measured_temperature_C=100; chemical_family=#N/A,,,,,,"Liverpool temperature outside room-temperature range [20, 30] C"
liverpool_737_0615,Li6FeCl8,,Li6 Fe1 Cl8,2.2e-06,,,,,,,,,,,Rocksalt,10.1002/zaac.19875531020,0,data/database/liverpool/LiIonDatabase.csv,,,,source_id=737; measured_temperature_C=100; chemical_family=#N/A,,,,,,"Liverpool temperature outside room-temperature range [20, 30] C"
liverpool_763_0634,Li4.8Al0.8Si0.2S4,,Li4.8 Al0.8 Si0.2 S4,0.00366,,,,,,,,,,,Thio-LISICON,10.1006/jssc.2002.9701,0,data/database/liverpool/LiIonDatabase.csv,,,,source_id=763; measured_temperature_C=291; chemical_family=#N/A,,,,,,"Liverpool temperature outside room-temperature range [20, 30] C"
liverpool_766_0637,Li3PS4,,Li3 P1 S4,0.000158,,,,,,,,,,,Thio-LISICON,10.1016/0167-2738(84)90097-3,0,data/database/liverpool/LiIonDatabase.csv,,,,source_id=766; measured_temperature_C=181; chemical_family=#N/A,,,,,,"Liverpool temperature outside room-temperature range [20, 30] C"
liverpool_768_0638,Li7.06La3Y0.06Zr1.94O12,,Li7.06 La3 Y0.06 Zr1.94 O12,0.00527,,,,,,,,,,,Garnet,10.1016/j.elecom.2011.08.014,0,data/database/liverpool/LiIonDatabase.csv,,,,source_id=768; measured_temperature_C=127; chemical_family=Oxides,,,,,,"Liverpool temperature outside room-temperature range [20, 30] C"
liverpool_780_0650,Li3.9Zn0.05Ge1S4,,Li3.9 Zn0.05 Ge1 S4,0.00411,,,,,,,,,,,Thio-LISICON,10.1016/s0167-2738(00)00277-0,0,data/database/liverpool/LiIonDatabase.csv,,,,source_id=780; measured_temperature_C=300; chemical_family=#N/A,,,,,,"Liverpool temperature outside room-temperature range [20, 30] C"
liverpool_782_0652,Li4.275Ga0.25Ge0.61S4,,Li4.275 Ga0.25 Ge0.61 S4,0.00243,,,,,,,,,,,Thio-LISICON,10.1016/s0167-2738(00)00277-0,0,data/database/liverpool/LiIonDatabase.csv,,,,source_id=782; measured_temperature_C=150; chemical_family=#N/A,,,,,,"Liverpool temperature outside room-temperature range [20, 30] C"
liverpool_788_0658,Li3Nd3(TeO6)2,,Li3 Nd3 Te2 O12,1e-05,,,,,,,,,,,Garnet,10.1021/cm060992t,0,data/database/liverpool/LiIonDatabase.csv,,,,source_id=788; measured_temperature_C=600; chemical_family=#N/A,,,,,,"Liverpool temperature outside room-temperature range [20, 30] C"
liverpool_793_0663,Li10Sn(PS6)2,,Li10 Sn1 P2 S12,0.0112,,,,,,,,,,,Thio-LISICON,10.1021/ja407393y,0,data/database/liverpool/LiIonDatabase.csv,,,,source_id=793; measured_temperature_C=60; chemical_family=Sulphides,,,,,,"Liverpool temperature outside room-temperature range [20, 30] C"
liverpool_797_0666,Li10Ge(PS6)2,,Li10 Ge1 P2 S12,0.00631,,,,,,,,,,,Thio-LISICON,10.1038/nmat3066,0,data/database/liverpool/LiIonDatabase.csv,,,,source_id=797; measured_temperature_C=5; chemical_family=Sulphides,,,,,,"Liverpool temperature outside room-temperature range [20, 30] C"
liverpool_798_0667,Li7La3(SnO6)2,,Li7 La3 Sn2 O12,2.88e-08,,,,,,,,,,,Garnet,10.1039/b907331k,0,data/database/liverpool/LiIonDatabase.csv,,,,source_id=798; measured_temperature_C=85; chemical_family=#N/A,,,,,,"Liverpool temperature outside room-temperature range [20, 30] C"
liverpool_799_0668,Li6.4La3Zr1.4Ta0.6O12,,Li6.4 La3 Zr1.4 Ta0.6 O12,0.0281,,,,,,,,,,,Garnet,10.1039/c2jm31413d,0,data/database/liverpool/LiIonDatabase.csv,,,,source_id=799; measured_temperature_C=127; chemical_family=Oxides,,,,,,"Liverpool temperature outside room-temperature range [20, 30] C"
liverpool_813_0681,Li5La3Nb2O12,,Li5 La3 Nb2 O12,0.0331,,,,,,,,,,,Garnet,10.1111/j.1151-2916.2003.tb03318.x,0,data/database/liverpool/LiIonDatabase.csv,,,,source_id=813; measured_temperature_C=393; chemical_family=Oxides,,,,,,"Liverpool temperature outside room-temperature range [20, 30] C"
liverpool_825_0688,Li1.3Ti1.7Al0.3P3O12,,Li1.3 Ti1.7 Al0.3 P3 O12,0.033,,,,,,,,,,,NASICON,10.1149/1.2086597,0,data/database/liverpool/LiIonDatabase.csv,,,,source_id=825; measured_temperature_C=200; chemical_family=#N/A,,,,,,"Liverpool temperature outside room-temperature range [20, 30] C"
liverpool_826_0689,Li1.5Al0.5Ge1.5P3O12,,Li1.5 Al0.5 Ge1.5 P3 O12,0.0843,,,,,,,,,,,NASICON,10.1016/j.jpowsour.2009.11.037,0,data/database/liverpool/LiIonDatabase.csv,,,,source_id=826; measured_temperature_C=127.05; chemical_family=#N/A,,,,,,"Liverpool temperature outside room-temperature range [20, 30] C"
liverpool_827_0690,Li1.5Al0.5Ge1.5P3O12,,Li1.5 Al0.5 Ge1.5 P3 O12,0.0324,,,,,,,,,,,NASICON,10.1016/j.jpowsour.2009.11.037,0,data/database/liverpool/LiIonDatabase.csv,,,,source_id=827; measured_temperature_C=76.74; chemical_family=#N/A,,,,,,"Liverpool temperature outside room-temperature range [20, 30] C"
liverpool_828_0691,Li1.5Al0.5Ge1.5P3O12,,Li1.5 Al0.5 Ge1.5 P3 O12,0.012,,,,,,,,,,,NASICON,10.1016/j.jpowsour.2009.11.037,0,data/database/liverpool/LiIonDatabase.csv,,,,source_id=828; measured_temperature_C=46.92; chemical_family=#N/A,,,,,,"Liverpool temperature outside room-temperature range [20, 30] C"
liverpool_830_0693,Li1.5Al0.5Ge1.5P3O12,,Li1.5 Al0.5 Ge1.5 P3 O12,0.142,,,,,,,,,,,NASICON,10.1149/1.2988731,0,data/database/liverpool/LiIonDatabase.csv,,,,source_id=830; measured_temperature_C=106.96; chemical_family=#N/A,,,,,,"Liverpool temperature outside room-temperature range [20, 30] C"
liverpool_831_0694,Li1.5Al0.5Ge1.5P3O12,,Li1.5 Al0.5 Ge1.5 P3 O12,0.0429,,,,,,,,,,,NASICON,10.1149/1.2988731,0,data/database/liverpool/LiIonDatabase.csv,,,,source_id=831; measured_temperature_C=64.71; chemical_family=#N/A,,,,,,"Liverpool temperature outside room-temperature range [20, 30] C"
liverpool_837_0697,Li2MgZrO4,,Li2 Mg1 Zr1 O4,1e-08,,,,,,,,,,,Rocksalt,10.1063/1.4710021,0,data/database/liverpool/LiIonDatabase.csv,,,,source_id=837; measured_temperature_C=140; chemical_family=#N/A,,,,,,"Liverpool temperature outside room-temperature range [20, 30] C"
liverpool_841_0699,Li25Al2P23O73,,Li100 Al8 P92 O292,7.94e-08,,,,,,,,,,,Glass,10.1016/j.jeurceramsoc.2008.12.016,0,data/database/liverpool/LiIonDatabase.csv,,,,source_id=841; measured_temperature_C=52; chemical_family=#N/A,,,,,,"Liverpool temperature outside room-temperature range [20, 30] C"
liverpool_842_0700,Li25Al2P23O73,,Li100 Al8 P92 O292,1.66e-07,,,,,,,,,,,Glass,10.1016/j.jeurceramsoc.2008.12.016,0,data/database/liverpool/LiIonDatabase.csv,,,,source_id=842; measured_temperature_C=65; chemical_family=#N/A,,,,,,"Liverpool temperature outside room-temperature range [20, 30] C"
liverpool_843_0701,Li25Al2P23O73,,Li100 Al8 P92 O292,3.55e-07,,,,,,,,,,,Glass,10.1016/j.jeurceramsoc.2008.12.016,0,data/database/liverpool/LiIonDatabase.csv,,,,source_id=843; measured_temperature_C=78; chemical_family=#N/A,,,,,,"Liverpool temperature outside room-temperature range [20, 30] C"
liverpool_844_0702,Li25Al2P23O73,,Li100 Al8 P92 O292,1.41e-06,,,,,,,,,,,Glass,10.1016/j.jeurceramsoc.2008.12.016,0,data/database/liverpool/LiIonDatabase.csv,,,,source_id=844; measured_temperature_C=97; chemical_family=#N/A,,,,,,"Liverpool temperature outside room-temperature range [20, 30] C"
liverpool_845_0703,Li25Al2P23O73,,Li100 Al8 P92 O292,5.01e-06,,,,,,,,,,,Glass,10.1016/j.jeurceramsoc.2008.12.016,0,data/database/liverpool/LiIonDatabase.csv,,,,source_id=845; measured_temperature_C=113; chemical_family=#N/A,,,,,,"Liverpool temperature outside room-temperature range [20, 30] C"
liverpool_846_0704,Li25Al2P23O73,,Li100 Al8 P92 O292,1.41e-05,,,,,,,,,,,Glass,10.1016/j.jeurceramsoc.2008.12.016,0,data/database/liverpool/LiIonDatabase.csv,,,,source_id=846; measured_temperature_C=131; chemical_family=#N/A,,,,,,"Liverpool temperature outside room-temperature range [20, 30] C"
liverpool_848_0706,Li10Al(P3O10)3,,Li100 Al10 P90 O300,1.26e-07,,,,,,,,,,,Glass,10.1016/j.jeurceramsoc.2008.12.016,0,data/database/liverpool/LiIonDatabase.csv,,,,source_id=848; measured_temperature_C=55; chemical_family=#N/A,,,,,,"Liverpool temperature outside room-temperature range [20, 30] C"
liverpool_849_0707,Li10Al(P3O10)3,,Li100 Al10 P90 O300,7.94e-07,,,,,,,,,,,Glass,10.1016/j.jeurceramsoc.2008.12.016,0,data/database/liverpool/LiIonDatabase.csv,,,,source_id=849; measured_temperature_C=85; chemical_family=#N/A,,,,,,"Liverpool temperature outside room-temperature range [20, 30] C"
liverpool_850_0708,Li10Al(P3O10)3,,Li100 Al10 P90 O300,5.01e-06,,,,,,,,,,,Glass,10.1016/j.jeurceramsoc.2008.12.016,0,data/database/liverpool/LiIonDatabase.csv,,,,source_id=850; measured_temperature_C=112; chemical_family=#N/A,,,,,,"Liverpool temperature outside room-temperature range [20, 30] C"
liverpool_851_0709,Li10Al(P3O10)3,,Li100 Al10 P90 O300,1.78e-05,,,,,,,,,,,Glass,10.1016/j.jeurceramsoc.2008.12.016,0,data/database/liverpool/LiIonDatabase.csv,,,,source_id=851; measured_temperature_C=128; chemical_family=#N/A,,,,,,"Liverpool temperature outside room-temperature range [20, 30] C"
liverpool_854_0712,Li4La5S2(IO)5,,Li4 La5 S2 I5 O5,3.09e-08,,,,,,,,,,,Glass,10.1016/j.ssi.2008.01.072,0,data/database/liverpool/LiIonDatabase.csv,,,,source_id=854; measured_temperature_C=210; chemical_family=#N/A,,,,,,"Liverpool temperature outside room-temperature range [20, 30] C"
liverpool_856_0714,LiPO3,,Li1 P1 O3,5.5e-08,,,,,,,,,,,Glass,10.1016/j.ssi.2008.04.015,0,data/database/liverpool/LiIonDatabase.csv,,,,source_id=856; measured_temperature_C=70; chemical_family=#N/A,,,,,,"Liverpool temperature outside room-temperature range [20, 30] C"
liverpool_860_0718,Li0.5Ag0.5P0.5I0.5O1.5,,Li0.5 Ag0.5 P0.5 I0.5 O1.5,6.46e-07,,,,,,,,,,,Glass,10.1016/j.ssi.2008.04.015,0,data/database/liverpool/LiIonDatabase.csv,,,,source_id=860; measured_temperature_C=130; chemical_family=#N/A,,,,,,"Liverpool temperature outside room-temperature range [20, 30] C"
liverpool_863_0721,Li7La3Ta2O13,,Li7 La3 Ta2 O13,3.3e-06,,,,,,,,,,,Garnet,10.1016/j.ssi.2009.07.002,0,data/database/liverpool/LiIonDatabase.csv,,,,source_id=863; measured_temperature_C=48; chemical_family=#N/A,,,,,,"Liverpool temperature outside room-temperature range [20, 30] C"
liverpool_864_0722,Li47La47Ti94(SiO49)6,,Li47 La47 Ti94 Si6 O294,6.3e-06,,,,,,,,,,,Glass-Ceramic,10.1016/j.ssi.2008.08.013,0,data/database/liverpool/LiIonDatabase.csv,,,,source_id=864; measured_temperature_C=15; chemical_family=Oxides,,,,,,"Liverpool temperature outside room-temperature range [20, 30] C"
liverpool_865_0723,Li48.5La48.5Ti97Si3O297,,Li48.5 La48.5 Ti97 Si3 O297,1e-05,,,,,,,,,,,Glass-Ceramic,10.1016/j.ssi.2008.08.013,0,data/database/liverpool/LiIonDatabase.csv,,,,source_id=865; measured_temperature_C=15; chemical_family=Oxides,,,,,,"Liverpool temperature outside room-temperature range [20, 30] C"
liverpool_866_0724,Li47.5La47.5Ti95Si5O295,,Li47.5 La47.5 Ti95 Si5 O295,1.25e-05,,,,,,,,,,,Glass-Ceramic,10.1016/j.ssi.2008.08.013,0,data/database/liverpool/LiIonDatabase.csv,,,,source_id=866; measured_temperature_C=15; chemical_family=Oxides,,,,,,"Liverpool temperature outside room-temperature range [20, 30] C"
liverpool_871_0729,Li3.6Ge0.4P0.6S4,,Li3.6 Ge0.4 P0.6 S4,0.00033,,,,,,,,,,,Thio-LISICON,10.1149/1.1379028,0,data/database/liverpool/LiIonDatabase.csv,,,,source_id=871; measured_temperature_C=40; chemical_family=#N/A,,,,,,"Liverpool temperature outside room-temperature range [20, 30] C"
liverpool_872_0730,Li18LaS9IO,,Li18 La1 S9 I1 O1,0.00145,,,,,,,,,,,Glass-Ceramic,10.1016/j.ssi.2008.01.072,0,data/database/liverpool/LiIonDatabase.csv,,,,source_id=872; measured_temperature_C=210; chemical_family=#N/A,,,,,,"Liverpool temperature outside room-temperature range [20, 30] C"
liverpool_873_0731,Li3.35Ge0.35P0.65S4,,Li3.35 Ge0.35 P0.65 S4,0.00251,,,,,,,,,,,Thio-LISICON,10.1149/1.1379028,0,data/database/liverpool/LiIonDatabase.csv,,,,source_id=873; measured_temperature_C=40; chemical_family=#N/A,,,,,,"Liverpool temperature outside room-temperature range [20, 30] C"
liverpool_874_0732,Li1.6Mg0.3Ti1.7P3O12,,Li1.6 Mg0.3 Ti1.7 P3 O12,0.0053,,,,,,,,,,,NASICON,10.1016/0167-2738(86)90176-1,0,data/database/liverpool/LiIonDatabase.csv,,,,source_id=874; measured_temperature_C=300; chemical_family=#N/A,,,,,,"Liverpool temperature outside room-temperature range [20, 30] C"
liverpool_875_0733,Li3.6Ge0.4P0.6S4,,Li3.6 Ge0.4 P0.6 S4,0.00617,,,,,,,,,,,Thio-LISICON,10.1149/1.1379028,0,data/database/liverpool/LiIonDatabase.csv,,,,source_id=875; measured_temperature_C=150; chemical_family=#N/A,,,,,,"Liverpool temperature outside room-temperature range [20, 30] C"
liverpool_876_0734,Li1.6Ti1.4Ga0.6P3O12,,Li1.6 Ti1.4 Ga0.6 P3 O12,0.0084,,,,,,,,,,,NASICON,10.1016/0167-2738(86)90176-1,0,data/database/liverpool/LiIonDatabase.csv,,,,source_id=876; measured_temperature_C=300; chemical_family=#N/A,,,,,,"Liverpool temperature outside room-temperature range [20, 30] C"
liverpool_877_0735,Li2LaSIO,,Li2 La1 S1 I1 O1,0.0145,,,,,,,,,,,Glass-Ceramic,10.1016/j.ssi.2008.01.072,0,data/database/liverpool/LiIonDatabase.csv,,,,source_id=877; measured_temperature_C=210; chemical_family=#N/A,,,,,,"Liverpool temperature outside room-temperature range [20, 30] C"
liverpool_878_0736,Li14La3S7(IO)3,,Li14 La3 S7 I3 O3,0.0182,,,,,,,,,,,Glass-Ceramic,10.1016/j.ssi.2008.01.072,0,data/database/liverpool/LiIonDatabase.csv,,,,source_id=878; measured_temperature_C=210; chemical_family=#N/A,,,,,,"Liverpool temperature outside room-temperature range [20, 30] C"
liverpool_879_0737,Li3.35Ge0.35P0.65S4,,Li3.35 Ge0.35 P0.65 S4,0.0254,,,,,,,,,,,Thio-LISICON,10.1149/1.1379028,0,data/database/liverpool/LiIonDatabase.csv,,,,source_id=879; measured_temperature_C=150; chemical_family=#N/A,,,,,,"Liverpool temperature outside room-temperature range [20, 30] C"
liverpool_880_0738,Li3.25Ge0.25P0.75S4,,Li3.25 Ge0.25 P0.75 S4,0.0398,,,,,,,,,,,Thio-LISICON,10.1149/1.1379028,0,data/database/liverpool/LiIonDatabase.csv,,,,source_id=880; measured_temperature_C=150; chemical_family=#N/A,,,,,,"Liverpool temperature outside room-temperature range [20, 30] C"
liverpool_881_0739,Li1.4Ti1.6In0.4P3O12,,Li1.4 Ti1.6 In0.4 P3 O12,0.055,,,,,,,,,,,NASICON,10.1016/0167-2738(86)90176-1,0,data/database/liverpool/LiIonDatabase.csv,,,,source_id=881; measured_temperature_C=300; chemical_family=#N/A,,,,,,"Liverpool temperature outside room-temperature range [20, 30] C"
liverpool_882_0740,Li5La3Nb2O12,,Li5 La3 Nb2 O12,0.0708,,,,,,,,,,,Garnet,10.1111/j.1151-2916.2003.tb03318.x,0,data/database/liverpool/LiIonDatabase.csv,,,,source_id=882; measured_temperature_C=527; chemical_family=#N/A,,,,,,"Liverpool temperature outside room-temperature range [20, 30] C"
liverpool_883_0741,Li6NiCl8,,Li6 Ni1 Cl8,1.67e-06,,,,,,,,,,,Rocksalt,10.1002/zaac.19875531020,0,data/database/liverpool/LiIonDatabase.csv,,,,source_id=883; measured_temperature_C=203.19; chemical_family=#N/A,,,,,,"Liverpool temperature outside room-temperature range [20, 30] C"
liverpool_884_0742,Li6CoCl8,,Li6 Co1 Cl8,4.89e-06,,,,,,,,,,,Rocksalt,10.1002/zaac.19875531020,0,data/database/liverpool/LiIonDatabase.csv,,,,source_id=884; measured_temperature_C=135.16; chemical_family=#N/A,,,,,,"Liverpool temperature outside room-temperature range [20, 30] C"
liverpool_885_0743,Li6CoCl8,,Li6 Co1 Cl8,3.34e-05,,,,,,,,,,,Rocksalt,10.1002/zaac.19875531020,0,data/database/liverpool/LiIonDatabase.csv,,,,source_id=885; measured_temperature_C=315; chemical_family=#N/A,,,,,,"Liverpool temperature outside room-temperature range [20, 30] C"
liverpool_886_0744,Li6NiCl8,,Li6 Ni1 Cl8,0.0189,,,,,,,,,,,Rocksalt,10.1002/zaac.19875531020,0,data/database/liverpool/LiIonDatabase.csv,,,,source_id=886; measured_temperature_C=393.66; chemical_family=#N/A,,,,,,"Liverpool temperature outside room-temperature range [20, 30] C"
liverpool_887_0745,Li6FeCl8,,Li6 Fe1 Cl8,1.55e-06,,,,,,,,,,,Rocksalt,10.1002/zaac.19875531020,0,data/database/liverpool/LiIonDatabase.csv,,,,source_id=887; measured_temperature_C=90.63; chemical_family=#N/A,,,,,,"Liverpool temperature outside room-temperature range [20, 30] C"
liverpool_888_0746,Li6FeCl8,,Li6 Fe1 Cl8,0.00569,,,,,,,,,,,Rocksalt,10.1002/zaac.19875531020,0,data/database/liverpool/LiIonDatabase.csv,,,,source_id=888; measured_temperature_C=282; chemical_family=#N/A,,,,,,"Liverpool temperature outside room-temperature range [20, 30] C"
liverpool_897_0755,Li4.275Ga0.25Ge0.61S4,,Li4.275 Ga0.25 Ge0.61 S4,0.00141,,,,,,,,,,,Thio-LISICON,10.1016/s0167-2738(00)00277-0,0,data/database/liverpool/LiIonDatabase.csv,,,,source_id=897; measured_temperature_C=127; chemical_family=Sulphides,,,,,,"Liverpool temperature outside room-temperature range [20, 30] C"
liverpool_898_0756,Li4.8Al0.8Si0.2S4,,Li4.8 Al0.8 Si0.2 S4,7.07e-06,,,,,,,,,,,Thio-LISICON,10.1006/jssc.2002.9701,0,data/database/liverpool/LiIonDatabase.csv,,,,source_id=898; measured_temperature_C=86.7; chemical_family=#N/A,,,,,,"Liverpool temperature outside room-temperature range [20, 30] C"
liverpool_899_0757,Li4GeS4,,Li4 Ge1 S4,5.25e-05,,,,,,,,,,,Thio-LISICON,10.1016/s0167-2738(00)00277-0,0,data/database/liverpool/LiIonDatabase.csv,,,,source_id=899; measured_temperature_C=127; chemical_family=Sulphides,,,,,,"Liverpool temperature outside room-temperature range [20, 30] C"
liverpool_900_0758,Li4SnS4,,Li4 Sn1 S4,0.003,,,,,,,,,,,Thio-LISICON,10.1021/cm3011315,0,data/database/liverpool/LiIonDatabase.csv,,,,source_id=900; measured_temperature_C=100; chemical_family=Sulphides,,,,,,"Liverpool temperature outside room-temperature range [20, 30] C"
liverpool_902_0760,Li5GaS4,,Li5 Ga1 S4,5.1e-08,,,,,,,,,,,Thio-LISICON,10.1016/s0167-2738(00)00277-0,0,data/database/liverpool/LiIonDatabase.csv,,,,source_id=902; measured_temperature_C=100; chemical_family=#N/A,,,,,,"Liverpool temperature outside room-temperature range [20, 30] C"
liverpool_908_0766,LiMgPO4,,Li1 Mg1 P1 O4,4.68e-10,,,,,,,,,,,Olivine,10.1021/cm504518q,0,data/database/liverpool/LiIonDatabase.csv,,,,source_id=908; measured_temperature_C=90; chemical_family=#N/A,,,,,,"Liverpool temperature outside room-temperature range [20, 30] C"
liverpool_909_0767,Li0.95Mg0.95In0.05P1O4,,Li0.95 Mg0.95 In0.05 P1 O4,1.12e-08,,,,,,,,,,,Olivine,10.1021/cm504518q,0,data/database/liverpool/LiIonDatabase.csv,,,,source_id=909; measured_temperature_C=90; chemical_family=#N/A,,,,,,"Liverpool temperature outside room-temperature range [20, 30] C"
liverpool_910_0768,Li0.9Mg0.9In0.1P1O4,,Li0.9 Mg0.9 In0.1 P1 O4,2.51e-08,,,,,,,,,,,Olivine,10.1021/cm504518q,0,data/database/liverpool/LiIonDatabase.csv,,,,source_id=910; measured_temperature_C=90; chemical_family=#N/A,,,,,,"Liverpool temperature outside room-temperature range [20, 30] C"
liverpool_911_0769,Li0.85Mg0.85In0.15P1O4,,Li0.85 Mg0.85 In0.15 P1 O4,7.08e-08,,,,,,,,,,,Olivine,10.1021/cm504518q,0,data/database/liverpool/LiIonDatabase.csv,,,,source_id=911; measured_temperature_C=90; chemical_family=#N/A,,,,,,"Liverpool temperature outside room-temperature range [20, 30] C"
liverpool_912_0770,Li0.83Mg0.83In0.17P1O4,,Li0.83 Mg0.83 In0.17 P1 O4,7.94e-08,,,,,,,,,,,Olivine,10.1021/cm504518q,0,data/database/liverpool/LiIonDatabase.csv,,,,source_id=912; measured_temperature_C=90; chemical_family=#N/A,,,,,,"Liverpool temperature outside room-temperature range [20, 30] C"
liverpool_914_0772,Li3AlS3,,Li3 Al1 S3,6.31e-07,,,,,,,,,,,Other,10.1021/acs.chemmater.9b03230,0,data/database/liverpool/LiIonDatabase.csv,,,,source_id=914; measured_temperature_C=108; chemical_family=#N/A,,,,,,"Liverpool temperature outside room-temperature range [20, 30] C"
liverpool_916_0774,Li6Si(ClO2)2,,Li6 Si1 Cl2 O4,6.2e-06,,,,,,,,,,,Argyrodite,10.1021/acs.chemmater.1c00157,0,data/database/liverpool/LiIonDatabase.csv,,,,source_id=916; measured_temperature_C=302; chemical_family=#N/A,,,,,,"Liverpool temperature outside room-temperature range [20, 30] C"
liverpool_918_0776,LiTa2PO8,,Li1 Ta2 P1 O8,0.0158,,,,,,,,,,,Other,10.1039/c8ta09170f,0,data/database/liverpool/LiIonDatabase.csv,,,,source_id=918; measured_temperature_C=85; chemical_family=#N/A,,,,,,"Liverpool temperature outside room-temperature range [20, 30] C"
liverpool_919_0777,Li1.4P0.6S2.2,,Li1.4 P0.6 S2.2,0.00316,,,,,,,,,,,Glass-Ceramic,10.1016/j.ssi.2006.07.017,0,data/database/liverpool/LiIonDatabase.csv,,,,source_id=919; measured_temperature_C=45; chemical_family=#N/A,,,,,,"Liverpool temperature outside room-temperature range [20, 30] C"
liverpool_920_0778,Li4.8Al0.8Si0.2S4,,Li4.8 Al0.8 Si0.2 S4,0.00398,,,,,,,,,,,Thio-LISICON,10.1006/jssc.2002.9701,0,data/database/liverpool/LiIonDatabase.csv,,,,source_id=920; measured_temperature_C=253; chemical_family=Oxides and Other Anions,,,,,,"Liverpool temperature outside room-temperature range [20, 30] C"
liverpool_921_0779,LiF,,Li1 F1,7.75e-09,,,,,,,,,,,Rocksalt,,0,data/database/liverpool/LiIonDatabase.csv,,,,source_id=921; measured_temperature_C=392; chemical_family=Oxides,,,,,,missing or invalid DOI
liverpool_922_0780,Li0.022La0.118Ti0.2Al0.004O0.631,,Li0.022 La0.118 Ti0.2 Al0.004 O0.631,0.00562,,,,,,,,,,,Perovskite,10.1007/bf02378009,0,data/database/liverpool/LiIonDatabase.csv,,,,source_id=922; measured_temperature_C=97.37; chemical_family=#N/A,,,,,,"Liverpool temperature outside room-temperature range [20, 30] C"
liverpool_922_0781,LiF,,Li1 F1,2.65e-09,,,,,,,,,,,Rocksalt,,0,data/database/liverpool/LiIonDatabase.csv,,,,source_id=922; measured_temperature_C=351; chemical_family=#N/A,,,,,,missing or invalid DOI
liverpool_923_0782,LiF,,Li1 F1,1.07e-09,,,,,,,,,,,Rocksalt,,0,data/database/liverpool/LiIonDatabase.csv,,,,source_id=923; measured_temperature_C=321; chemical_family=#N/A,,,,,,missing or invalid DOI
liverpool_924_0783,LiF,,Li1 F1,1.85e-10,,,,,,,,,,,Rocksalt,10.1023/a:1006564921011,0,data/database/liverpool/LiIonDatabase.csv,,,,source_id=924; measured_temperature_C=270; chemical_family=#N/A,,,,,,"Liverpool temperature outside room-temperature range [20, 30] C"
liverpool_925_0784,LiF,,Li1 F1,1.41e-11,,,,,,,,,,,Rocksalt,10.1023/a:1006564921011,0,data/database/liverpool/LiIonDatabase.csv,,,,source_id=925; measured_temperature_C=203; chemical_family=#N/A,,,,,,"Liverpool temperature outside room-temperature range [20, 30] C"
liverpool_926_0785,LiF,,Li1 F1,5.7e-13,,,,,,,,,,,Rocksalt,10.1023/a:1006564921011,0,data/database/liverpool/LiIonDatabase.csv,,,,source_id=926; measured_temperature_C=142; chemical_family=#N/A,,,,,,"Liverpool temperature outside room-temperature range [20, 30] C"
liverpool_928_0787,Li0.022La0.115Ti0.165Al0.055O0.618,,Li0.022 La0.115 Ti0.165 Al0.055 O0.618,0.00446,,,,,,,,,,,Perovskite,10.1007/bf02378009,0,data/database/liverpool/LiIonDatabase.csv,,,,source_id=928; measured_temperature_C=97.37; chemical_family=#N/A,,,,,,"Liverpool temperature outside room-temperature range [20, 30] C"
liverpool_2031_0820,LiF,,Li1 F1,1.18e-14,,,,,,,,,,,Rocksalt,,0,data/database/liverpool/LiIonDatabase.csv,,,,source_id=2031; measured_temperature_C=25; chemical_family=Halides,,,,,,missing or invalid DOI
epv,Li0.27La0.58Ti1O3,,Li0.27 La0.58 Ti1 O3,0.000832,,,,,,,,,,,perovskites,10.1016/s0167-2738(98)00070-8,1,data/database/obelix/processed/all-v1.csv,,,,synthesis_method=淬火（无序相，Pm-3m）; measured_temperature=RT; amorphous=unknow; source_year=1998,,,,,,duplicate DOI+formula; kept 5h8 from v1
yhc,Li0.36La0.55Ti1O3,,Li0.36 La0.55 Ti1 O3,0.00154,,,,,,,,,,,perovskites,10.1016/s0167-2738(98)00070-8,1,data/database/obelix/processed/all-v1.csv,,,,synthesis_method=淬火（无序相，Pm-3m）; measured_temperature=RT; amorphous=unknow; source_year=1998,,,,,,duplicate DOI+formula; kept 2lu from v1
q3c,Li0.39La0.54Ti1O3,,Li0.39 La0.54 Ti1 O3,0.00125,,,,,,,,,,,perovskites,10.1016/s0167-2738(98)00070-8,1,data/database/obelix/processed/all-v1.csv,,,,synthesis_method=淬火（无序相，Pm-3m）; measured_temperature=RT; amorphous=unknow; source_year=1998,,,,,,duplicate DOI+formula; kept bd5 from v1
pdv,Li0.45La0.52Ti1O3,,Li0.45 La0.52 Ti1 O3,0.000785,,,,,,,,,,,perovskites,10.1016/s0167-2738(98)00070-8,1,data/database/obelix/processed/all-v1.csv,,,,synthesis_method=淬火（无序相，Pm-3m）; measured_temperature=RT; amorphous=unknow; source_year=1998,,,,,,duplicate DOI+formula; kept ukw from v1
v12,Li3InCl6,,Li3 In1 Cl6,0.00204,,,,,,,,,,,halides,10.1002/anie.201909805,1,data/database/obelix/processed/all-v1.csv,,,,Curator row 12; water-mediated synthesis and vacuum dehydration at 200 C; original 2.04 mS/cm at 25 C; synthesis_method=水介导合成 + 200°C真空脱水; measured_temperature=25; amorphous=否; source_year=2019,,,,,,duplicate DOI+formula; kept de5 from v1
v49,Li3InCl6,,Li3 In1 Cl6,0.00083,,,,,,,,,,,halides,10.1039/c9ee02311a,1,data/database/obelix/processed/all-v1.csv,,,,Curator row 49; ball-milled without annealing; corrected DOI; original 0.83 mS/cm; synthesis_method=球磨（未退火）; measured_temperature=RT; amorphous=否; source_year=2019,,,,,,duplicate DOI+formula; kept v23 from v1
yz7,Li2.5Y0.5Zr0.5Cl6,,Li2.5 Y0.5 Zr0.5 Cl6,0.0014,,,,,,,,,,,halides,10.1021/acsenergylett.9b02599,1,data/database/obelix/processed/all-v1.csv,,,,Human-verified Figure 1d extraction; curator row 26-7; phase III (orthorhombic); original 1.4 mS/cm at 25 C; existing OBLiX record retained; synthesis_method=unknow; measured_temperature=25; amorphous=否; source_year=2020,,,,,,duplicate DOI+formula; kept n7a from v1
trv1_0021,Li2HBrO,,Li2 H1 Br1 O1,1.99e-06,,,,,,,,,,,antiperovskite,10.1039/d2ta01462a,1,data/database/obelix/processed/all-v1.csv,,,,慢冷样品；电导率提高约1.5倍; synthesis_method=熔融-凝固法+慢冷（1°C/min）; measured_temperature=25; amorphous=否; source_year=2022,,,,,,duplicate DOI+formula; kept trv1_0020 from v1
trv1_0150,ZnH12C4(Br2N)2,,Zn1 H12 C4 Br4 N2,0.00023,,,,,,,,,,,hybrid halide,10.1038/s41467-026-68394-4,1,data/database/obelix/processed/all-v1.csv,,,,PipZnBr4；1:1化学计量比; synthesis_method=水热/溶剂热法+冷压; measured_temperature=25; amorphous=unknow; source_year=2026,,,,,,duplicate DOI+formula; kept trv1_0149 from v1
caltech_icsd_1125,Li4B7ClO12,,Li4 B7 Cl1 O12,2.4e-05,,,,,,,,,,,boracites,10.1107/s0567740877009443,0,data/database/caltech/ionic_conductivity_database .csv,,,,lowest_extrapolation_temperature_K=na,,,1125,,,duplicate DOI+formula; kept 6l9 from v1
caltech_icsd_4819,Li6Cu(B2O5)2,,Li6 Cu1 B4 O10,1e-13,,,,,,,,,,,copper_pyroborate,10.1021/acs.inorgchem.8b01785,0,data/database/caltech/ionic_conductivity_database .csv,,,,lowest_extrapolation_temperature_K=420,,,4819,,,duplicate DOI+formula; kept clt from v1
caltech_icsd_8407,Li3SbS4,,Li3 Sb1 S4,4.8e-09,,,,,,,,,,,thio_lisicon,10.1016/j.ssi.2019.01.017,0,data/database/caltech/ionic_conductivity_database .csv,,,,lowest_extrapolation_temperature_K=na,,,8407,,,duplicate DOI+formula; kept mq1 from v1
caltech_icsd_9082,Li5GaO4,,Li5 Ga1 O4,5.33e-12,,,,,,,,,,,oxides,10.1016/0025-5408(76)90169-0,0,data/database/caltech/ionic_conductivity_database .csv,,,,lowest_extrapolation_temperature_K=385,,,9082,,,duplicate DOI+formula; kept 9zk from v1
caltech_icsd_14762,Li6PS5Br,,Li6 P1 S5 Br1,0.00138,,,,,,,,,,,unknown,10.1039/c9ta02126d,0,data/database/caltech/ionic_conductivity_database .csv,,,,lowest_extrapolation_temperature_K=na,,,14762,,,duplicate DOI+formula; kept caltech_icsd_14761 from caltech
caltech_icsd_14763,Li6PS5Br,,Li6 P1 S5 Br1,0.00165,,,,,,,,,,,unknown,10.1039/c9ta02126d,0,data/database/caltech/ionic_conductivity_database .csv,,,,lowest_extrapolation_temperature_K=na,,,14763,,,duplicate DOI+formula; kept caltech_icsd_14761 from caltech
caltech_icsd_14764,Li6PS5Br,,Li6 P1 S5 Br1,0.00258,,,,,,,,,,,unknown,10.1039/c9ta02126d,0,data/database/caltech/ionic_conductivity_database .csv,,,,lowest_extrapolation_temperature_K=na,,,14764,,,duplicate DOI+formula; kept caltech_icsd_14761 from caltech
caltech_icsd_14765,Li6PS5Br,,Li6 P1 S5 Br1,0.00141,,,,,,,,,,,unknown,10.1039/c9ta02126d,0,data/database/caltech/ionic_conductivity_database .csv,,,,lowest_extrapolation_temperature_K=na,,,14765,,,duplicate DOI+formula; kept caltech_icsd_14761 from caltech
caltech_icsd_16176,Li3Fe(MoO4)3,,Li3 Fe1 Mo3 O12,6.26e-15,,,,,,,,,,,molybdates,10.1039/b301189e,0,data/database/caltech/ionic_conductivity_database .csv,,,,lowest_extrapolation_temperature_K=501,,,16176,,,duplicate DOI+formula; kept mfu from v1
caltech_icsd_16229,Li5AlO4,,Li5 Al1 O4,2.9e-14,,,,,,,,,,,oxides,10.1016/0025-5408(76)90169-0,0,data/database/caltech/ionic_conductivity_database .csv,,,,lowest_extrapolation_temperature_K=400,,,16229,,,duplicate DOI+formula; kept 5z0 from v1
caltech_icsd_17638,Li3InCl6,,Li3 In1 Cl6,0.00204,,,,,,,,,,,halides,10.1002/anie.201909805,0,data/database/caltech/ionic_conductivity_database .csv,,,,lowest_extrapolation_temperature_K=na,,,17638,,,duplicate DOI+formula; kept de5 from v1
caltech_icsd_18152,LiGaO2,,Li1 Ga1 O2,4.12e-17,,,,,,,,,,,oxides,10.1007/bf00549810,0,data/database/caltech/ionic_conductivity_database .csv,,,,lowest_extrapolation_temperature_K=547,,,18152,,,duplicate DOI+formula; kept bsa from v1
caltech_icsd_19946,Li0.29La0.57Ti1O3,,Li0.29 La0.57 Ti1 O3,0.001,,,,,,,,,,,unknown,10.1016/j.ssi.2020.115486,0,data/database/caltech/ionic_conductivity_database .csv,,,,lowest_extrapolation_temperature_K=na,,,19946,,,duplicate DOI+formula; kept caltech_icsd_19945 from caltech
caltech_icsd_22247,LiAlH4,,Li1 Al1 H4,8.7e-09,,,,,,,,,,,hydrides,10.1063/1.3356981,0,data/database/caltech/ionic_conductivity_database .csv,,,,lowest_extrapolation_temperature_K=na,,,22247,,,duplicate DOI+formula; kept 883 from v1
caltech_icsd_26540,Li3N,,Li3 N1,0.0005767,,,,,,,,,,,nitrides,10.1039/c0ee00052c,0,data/database/caltech/ionic_conductivity_database .csv,,,,lowest_extrapolation_temperature_K=na,,,26540,,,duplicate DOI+formula; kept gvd from v1
caltech_icsd_29961,Li3YBr6,,Li3 Y1 Br6,0.00128,,,,,,,,,,,unknown,10.1021/acs.chemmater.0c04352,0,data/database/caltech/ionic_conductivity_database .csv,,,,lowest_extrapolation_temperature_K=na,,,29961,,,duplicate DOI+formula; kept caltech_icsd_29957 from caltech
caltech_icsd_29969,Li3YCl6,,Li3 Y1 Cl6,6.34e-05,,,,,,,,,,,unknown,10.1021/acs.chemmater.0c04352,0,data/database/caltech/ionic_conductivity_database .csv,,,,lowest_extrapolation_temperature_K=na,,,29969,,,duplicate DOI+formula; kept caltech_icsd_29965 from caltech
caltech_icsd_30173,Li10Sn(PS6)2,,Li10 Sn1 P2 S12,0.0038,,,,,,,,,,,lgps,10.1021/acs.chemmater.8b00266,0,data/database/caltech/ionic_conductivity_database .csv,,,,lowest_extrapolation_temperature_K=na,,,30173,,,duplicate DOI+formula; kept 13q from v1
caltech_icsd_31050,Li6Ge2O7,,Li6 Ge2 O7,9.97e-15,,,,,,,,,,,germanates,10.4028/www.scientific.net/msf.76.107,0,data/database/caltech/ionic_conductivity_database .csv,,,,lowest_extrapolation_temperature_K=680,,,31050,,,duplicate DOI+formula; kept lkm from v1
caltech_icsd_34118,LiSi2N3,,Li1 Si2 N3,3.97e-10,,,,,,,,,,,nitride,10.1016/0167-2738(87)90119-6,0,data/database/caltech/ionic_conductivity_database .csv,,,,lowest_extrapolation_temperature_K=413,,,34118,,,duplicate DOI+formula; kept tka from v1
caltech_icsd_36790,Li1.396Fe0.42Ge1.58P3O12,,Li1.396 Fe0.42 Ge1.58 P3 O12,1.71e-05,,,,,,,,,,,unknown,10.1016/j.jallcom.2020.156338,0,data/database/caltech/ionic_conductivity_database .csv,,,,lowest_extrapolation_temperature_K=na,,,36790,,,duplicate DOI+formula; kept caltech_icsd_36789 from caltech
caltech_icsd_36791,Li1.396Fe0.42Ge1.58P3O12,,Li1.396 Fe0.42 Ge1.58 P3 O12,1.4e-05,,,,,,,,,,,unknown,10.1016/j.jallcom.2020.156338,0,data/database/caltech/ionic_conductivity_database .csv,,,,lowest_extrapolation_temperature_K=na,,,36791,,,duplicate DOI+formula; kept caltech_icsd_36789 from caltech
caltech_icsd_36792,Li1.396Fe0.42Ge1.58P3O12,,Li1.396 Fe0.42 Ge1.58 P3 O12,1.65e-05,,,,,,,,,,,unknown,10.1016/j.jallcom.2020.156338,0,data/database/caltech/ionic_conductivity_database .csv,,,,lowest_extrapolation_temperature_K=na,,,36792,,,duplicate DOI+formula; kept caltech_icsd_36789 from caltech
caltech_icsd_36793,Li1.396Fe0.42Ge1.58P3O12,,Li1.396 Fe0.42 Ge1.58 P3 O12,1.62e-05,,,,,,,,,,,unknown,10.1016/j.jallcom.2020.156338,0,data/database/caltech/ionic_conductivity_database .csv,,,,lowest_extrapolation_temperature_K=na,,,36793,,,duplicate DOI+formula; kept caltech_icsd_36789 from caltech
caltech_icsd_36794,Li1.396Fe0.42Ge1.58P3O12,,Li1.396 Fe0.42 Ge1.58 P3 O12,1.83e-05,,,,,,,,,,,unknown,10.1016/j.jallcom.2020.156338,0,data/database/caltech/ionic_conductivity_database .csv,,,,lowest_extrapolation_temperature_K=na,,,36794,,,duplicate DOI+formula; kept caltech_icsd_36789 from caltech
caltech_icsd_45511,LiYO2,,Li1 Y1 O2,4.93e-13,,,,,,,,,,,oxides,10.1016/0167-2738(81)90021-7,0,data/database/caltech/ionic_conductivity_database .csv,,,,lowest_extrapolation_temperature_K=370,,,45511,,,duplicate DOI+formula; kept bv2 from v1
caltech_icsd_46022,LiBiO2,,Li1 Bi1 O2,3.8e-08,,,,,,,,,,,oxides,10.1016/j.ssi.2015.10.016,0,data/database/caltech/ionic_conductivity_database .csv,,,,lowest_extrapolation_temperature_K=na,,,46022,,,duplicate DOI+formula; kept x2i from v1
caltech_icsd_50305,Li1.9Mn0.9Ga0.1Cl4,,Li1.9 Mn0.9 Ga0.1 Cl4,2.37e-07,,,,,,,,,,,chlorides,10.1016/s0167-2738(96)00592-9,0,data/database/caltech/ionic_conductivity_database .csv,,,,lowest_extrapolation_temperature_K=na,,,50305,,,duplicate DOI+formula; kept t3k from v1
caltech_icsd_50306,Li1.65Mn0.65In0.35Cl4,,Li1.65 Mn0.65 In0.35 Cl4,1.4e-08,,,,,,,,,,,chlorides,10.1016/s0167-2738(96)00592-9,0,data/database/caltech/ionic_conductivity_database .csv,,,,lowest_extrapolation_temperature_K=323,,,50306,,,duplicate DOI+formula; kept uxi from v1
caltech_icsd_51443,LiVO3,,Li1 V1 O3,2.05e-09,,,,,,,,,,,oxides,10.1006/jssc.2000.9009,0,data/database/caltech/ionic_conductivity_database .csv,,,,lowest_extrapolation_temperature_K=na,,,51443,,,duplicate DOI+formula; kept uu4 from v1
caltech_icsd_54865,Li5La3Nb2O12,,Li5 La3 Nb2 O12,8e-06,,,,,,,,,,,garnet,10.1111/j.1551-2916.2005.00060.x,0,data/database/caltech/ionic_conductivity_database .csv,,,,lowest_extrapolation_temperature_K=na,,,54865,,,duplicate DOI+formula; kept 68u from v1
caltech_icsd_55751,Li1.5Ti1.5Fe0.5P3O12,,Li1.5 Ti1.5 Fe0.5 P3 O12,0.000174,,,,,,,,,,,nasicon,10.1149/1.2086597,0,data/database/caltech/ionic_conductivity_database .csv,,,,lowest_extrapolation_temperature_K=na,,,55751,,,duplicate DOI+formula; kept pg8 from v1
caltech_icsd_59615,Li1.96Ca1.9P6Pb6.12O24,,Li1.96 Ca1.9 P6 Pb6.12 O24,2.25e-16,,,,,,,,,,,phosphates,10.1006/jssc.2002.9596,0,data/database/caltech/ionic_conductivity_database .csv,,,,lowest_extrapolation_temperature_K=700,,,59615,,,duplicate DOI+formula; kept hai from v1
caltech_icsd_59708,Li4SiS4,,Li4 Si1 S4,2.76e-08,,,,,,,,,,,thio_lisicon,10.1016/0025-5408(89)90053-6,0,data/database/caltech/ionic_conductivity_database .csv,,,,lowest_extrapolation_temperature_K=na,,,59708,,,duplicate DOI+formula; kept x94 from v1
caltech_icsd_61337,LiGaBr4,,Li1 Ga1 Br4,7e-06,,,,,,,,,,,halides,10.1016/s0167-2738(00)00491-4,0,data/database/caltech/ionic_conductivity_database .csv,,,,lowest_extrapolation_temperature_K=na,,,61337,,,duplicate DOI+formula; kept be9 from v1
caltech_icsd_67265,Li3BrO,,Li3 Br1 O1,1.02e-05,,,,,,,,,,,antiperovskite,10.1016/j.ssi.2015.11.027,0,data/database/caltech/ionic_conductivity_database .csv,,,,lowest_extrapolation_temperature_K=na,,,67265,,,duplicate DOI+formula; kept qbb from v1
caltech_icsd_69678,Li2MnCl4,,Li2 Mn1 Cl4,4.79e-06,,,,,,,,,,,chlorides,10.1016/0167-2738(83)90223-0,0,data/database/caltech/ionic_conductivity_database .csv,,,,lowest_extrapolation_temperature_K=na,,,69678,,,duplicate DOI+formula; kept bjw from v1
caltech_icsd_72566,LiLaNb2O7,,Li1 La1 Nb2 O7,4.95e-12,,,,,,,,,,,perovskites,10.1016/0925-8388(93)90192-p,0,data/database/caltech/ionic_conductivity_database .csv,,,,lowest_extrapolation_temperature_K=515,,,72566,,,duplicate DOI+formula; kept ia5 from v1
caltech_icsd_73276,Li2MgBr4,,Li2 Mg1 Br4,7.8e-10,,,,,,,,,,,halides,10.1149/1.2108704,0,data/database/caltech/ionic_conductivity_database .csv,,,,lowest_extrapolation_temperature_K=385,,,73276,,,duplicate DOI+formula; kept 45e from v1
caltech_icsd_73835,Li6Zr2O7,,Li6 Zr2 O7,1.6e-13,,,,,,,,,,,zirconates,10.3103/s1062873810050199,0,data/database/caltech/ionic_conductivity_database .csv,,,,lowest_extrapolation_temperature_K=491,,,73835,,,duplicate DOI+formula; kept tws from v1
caltech_icsd_74957,Li2MgCl4,,Li2 Mg1 Cl4,6.24e-07,,,,,,,,,,,chlorides,10.1016/0167-2738(83)90223-0,0,data/database/caltech/ionic_conductivity_database .csv,,,,lowest_extrapolation_temperature_K=na,,,74957,,,duplicate DOI+formula; kept dvn from v1
caltech_icsd_74958,Li2CdCl4,,Li2 Cd1 Cl4,8.8e-07,,,,,,,,,,,chlorides,10.1016/0025-5408(81)90142-2,0,data/database/caltech/ionic_conductivity_database .csv,,,,lowest_extrapolation_temperature_K=473,,,74958,,,duplicate DOI+formula; kept r5y from v1
caltech_icsd_74959,Li2VCl4,,Li2 V1 Cl4,6.95e-06,,,,,,,,,,,chlorides,10.1016/0167-2738(83)90223-0,0,data/database/caltech/ionic_conductivity_database .csv,,,,lowest_extrapolation_temperature_K=na,,,74959,,,duplicate DOI+formula; kept yav from v1
caltech_icsd_79426,Li2.88P1N0.14O3.73,,Li2.88 P1 N0.14 O3.73,1.4e-13,,,,,,,,,,,lisicon,10.1006/jssc.1995.1140,0,data/database/caltech/ionic_conductivity_database .csv,,,,lowest_extrapolation_temperature_K=425,,,79426,,,duplicate DOI+formula; kept uxo from v1
caltech_icsd_79427,Li3PO4,,Li3 P1 O4,4.2e-18,,,,,,,,,,,unknown,10.1006/jssc.1995.1140,0,data/database/caltech/ionic_conductivity_database .csv,,,,lowest_extrapolation_temperature_K=540,,,79427,,,duplicate DOI+formula; kept caltech_icsd_20208 from caltech
caltech_icsd_82672,Li0.27La0.58Ti1O3,,Li0.27 La0.58 Ti1 O3,0.000599,,,,,,,,,,,perovskites,10.1016/s0167-2738(98)00070-8,0,data/database/caltech/ionic_conductivity_database .csv,,,,lowest_extrapolation_temperature_K=na,,,82672,,,duplicate DOI+formula; kept 5h8 from v1
caltech_icsd_83279,Li0.284Sm4.512Si3O12.91,,Li0.284 Sm4.512 Si3 O12.91,5.05e-12,,,,,,,,,,,silicates,10.1016/0167-2738(95)00240-5,0,data/database/caltech/ionic_conductivity_database .csv,,,,lowest_extrapolation_temperature_K=480,,,83279,,,duplicate DOI+formula; kept ux3 from v1
caltech_icsd_84091,Li6Br3N,,Li6 Br3 N1,9.47e-09,,,,,,,,,,,halides,10.1016/j.jallcom.2015.01.082,0,data/database/caltech/ionic_conductivity_database .csv,,,,lowest_extrapolation_temperature_K=338,,,84091,,,duplicate DOI+formula; kept kkn from v1
caltech_icsd_85171,Li3AlF6,,Li3 Al1 F6,4.7e-12,,,,,,,,,,,fluorides,10.1149/2.012206eel,0,data/database/caltech/ionic_conductivity_database .csv,,,,lowest_extrapolation_temperature_K=473,,,85171,,,duplicate DOI+formula; kept l9v from v1
caltech_icsd_86165,Li2MgTi3O8,,Li2 Mg1 Ti3 O8,3.26e-11,,,,,,,,,,,oxides,10.1039/a800234g,0,data/database/caltech/ionic_conductivity_database .csv,,,,lowest_extrapolation_temperature_K=436,,,86165,,,duplicate DOI+formula; kept dl7 from v1
caltech_icsd_86166,Li2Ti3CoO8,,Li2 Ti3 Co1 O8,9.62e-19,,,,,,,,,,,oxides,10.1039/a800234g,0,data/database/caltech/ionic_conductivity_database .csv,,,,lowest_extrapolation_temperature_K=622,,,86166,,,duplicate DOI+formula; kept i12 from v1
caltech_icsd_86167,Li2CoGe3O8,,Li2 Co1 Ge3 O8,1.58e-21,,,,,,,,,,,oxides,10.1039/a800234g,0,data/database/caltech/ionic_conductivity_database .csv,,,,lowest_extrapolation_temperature_K=713,,,86167,,,duplicate DOI+formula; kept aui from v1
caltech_icsd_86169,Li2ZnGe3O8,,Li2 Zn1 Ge3 O8,2.7e-31,,,,,,,,,,,oxides,10.1039/a800234g,0,data/database/caltech/ionic_conductivity_database .csv,,,,lowest_extrapolation_temperature_K=835,,,86169,,,duplicate DOI+formula; kept mfs from v1
caltech_icsd_87823,Sr3Li4Nb5.77Fe0.23O19.77,,Sr3 Li4 Nb5.77 Fe0.23 O19.77,1.9e-11,,,,,,,,,,,perovskites,10.1021/cm980736j,0,data/database/caltech/ionic_conductivity_database .csv,,,,lowest_extrapolation_temperature_K=360,,,87823,,,duplicate DOI+formula; kept xq3 from v1
caltech_icsd_87824,Sr3Li4Nb6O20,,Sr3 Li4 Nb6 O20,2.35e-12,,,,,,,,,,,perovskites,10.1021/cm980736j,0,data/database/caltech/ionic_conductivity_database .csv,,,,lowest_extrapolation_temperature_K=389,,,87824,,,duplicate DOI+formula; kept wgw from v1
caltech_icsd_89617,Li3InCl6,,Li3 In1 Cl6,0.00204,,,,,,,,,,,halides,10.1002/anie.201909805,0,data/database/caltech/ionic_conductivity_database .csv,,,,lowest_extrapolation_temperature_K=na,,,89617,,,duplicate DOI+formula; kept de5 from v1
caltech_icsd_91843,LiLaTiO4,,Li1 La1 Ti1 O4,4.98e-15,,,,,,,,,,,perovskites,10.4028/www.scientific.net/msf.321-324.965,0,data/database/caltech/ionic_conductivity_database .csv,,,,lowest_extrapolation_temperature_K=563,,,91843,,,duplicate DOI+formula; kept nua from v1
caltech_icsd_91844,LiNdTiO4,,Li1 Nd1 Ti1 O4,7.68e-16,,,,,,,,,,,perovskites,10.4028/www.scientific.net/msf.321-324.965,0,data/database/caltech/ionic_conductivity_database .csv,,,,lowest_extrapolation_temperature_K=694,,,91844,,,duplicate DOI+formula; kept 3rx from v1
caltech_icsd_92200,Li4GeS4,,Li4 Ge1 S4,2e-07,,,,,,,,,,,thio_lisicon,10.1016/s0167-2738(00)00277-0,0,data/database/caltech/ionic_conductivity_database .csv,,,,lowest_extrapolation_temperature_K=na,,,92200,,,duplicate DOI+formula; kept e6b from v1
caltech_icsd_92228,Li0.08La0.64Ti1O3,,Li0.08 La0.64 Ti1 O3,0.000335,,,,,,,,,,,perovskites,10.1016/s0167-2738(00)00761-x,0,data/database/caltech/ionic_conductivity_database .csv,,,,lowest_extrapolation_temperature_K=na,,,92228,,,duplicate DOI+formula; kept cy2 from v1
caltech_icsd_92234,Li0.215La0.595Ti1O3,,Li0.215 La0.595 Ti1 O3,0.000853,,,,,,,,,,,perovskites,10.1016/s0167-2738(00)00761-x,0,data/database/caltech/ionic_conductivity_database .csv,,,,lowest_extrapolation_temperature_K=na,,,92234,,,duplicate DOI+formula; kept u2y from v1
caltech_icsd_92235,Li0.305La0.565Ti1O3,,Li0.305 La0.565 Ti1 O3,0.000957,,,,,,,,,,,perovskites,10.1016/s0167-2738(00)00761-x,0,data/database/caltech/ionic_conductivity_database .csv,,,,lowest_extrapolation_temperature_K=na,,,92235,,,duplicate DOI+formula; kept hta from v1
caltech_icsd_92237,Li0.5La0.5Ti1O3,,Li0.5 La0.5 Ti1 O3,0.000925,,,,,,,,,,,perovskites,10.1016/s0167-2738(00)00761-x,0,data/database/caltech/ionic_conductivity_database .csv,,,,lowest_extrapolation_temperature_K=na,,,92237,,,duplicate DOI+formula; kept s3h from v1
caltech_icsd_94894,Li2ZrO3,,Li2 Zr1 O3,1.32e-14,,,,,,,,,,,oxides,10.1016/0167-2738(81)90021-7,0,data/database/caltech/ionic_conductivity_database .csv,,,,lowest_extrapolation_temperature_K=386,,,94894,,,duplicate DOI+formula; kept t0h from v1
caltech_icsd_95606,Li3.333Mg0.333P2S6,,Li3.333 Mg0.333 P2 S6,6.77e-09,,,,,,,,,,,thio_phosphate,10.1016/s0167-2738(02)00007-3,0,data/database/caltech/ionic_conductivity_database .csv,,,,lowest_extrapolation_temperature_K=na,,,95606,,,duplicate DOI+formula; kept l2w from v1
caltech_icsd_95607,Li2.667Mg0.667P2S6,,Li2.667 Mg0.667 P2 S6,1.31e-06,,,,,,,,,,,thio_phosphate,10.1016/s0167-2738(02)00007-3,0,data/database/caltech/ionic_conductivity_database .csv,,,,lowest_extrapolation_temperature_K=na,,,95607,,,duplicate DOI+formula; kept ob9 from v1
caltech_icsd_95785,LiZnPS4,,Li1 Zn1 P1 S4,5.4e-08,,,,,,,,,,,sulfides,10.1021/acs.chemmater.7b05108,0,data/database/caltech/ionic_conductivity_database .csv,,,,lowest_extrapolation_temperature_K=na,,,95785,,,duplicate DOI+formula; kept i47 from v1
caltech_icsd_111751,Li4Ge(SeS)2,,Li4 Ge1 Se2 S2,2.6e-05,,,,,,,,,,,chalcogenidotetrelates,10.1021/acs.chemmater.0c04150,0,data/database/caltech/ionic_conductivity_database .csv,,,,lowest_extrapolation_temperature_K=na,,,111751,,,duplicate DOI+formula; kept zv5 from v1
caltech_icsd_111752,Li4GeSeS3,,Li4 Ge1 Se1 S3,8.54e-06,,,,,,,,,,,chalcogenidotetrelates,10.1021/acs.chemmater.0c04150,0,data/database/caltech/ionic_conductivity_database .csv,,,,lowest_extrapolation_temperature_K=na,,,111752,,,duplicate DOI+formula; kept 1ty from v1
caltech_icsd_111753,Li4GeSe3S,,Li4 Ge1 Se3 S1,1.51e-05,,,,,,,,,,,chalcogenidotetrelates,10.1021/acs.chemmater.0c04150,0,data/database/caltech/ionic_conductivity_database .csv,,,,lowest_extrapolation_temperature_K=na,,,111753,,,duplicate DOI+formula; kept i4l from v1
caltech_icsd_111754,Li4GeSe4,,Li4 Ge1 Se4,4.87e-06,,,,,,,,,,,chalcogenidotetrelates,10.1021/acs.chemmater.0c04150,0,data/database/caltech/ionic_conductivity_database .csv,,,,lowest_extrapolation_temperature_K=na,,,111754,,,duplicate DOI+formula; kept xk3 from v1
caltech_icsd_111755,Li4Sn(SeS)2,,Li4 Sn1 Se2 S2,3.38e-05,,,,,,,,,,,chalcogenidotetrelates,10.1021/acs.chemmater.0c04150,0,data/database/caltech/ionic_conductivity_database .csv,,,,lowest_extrapolation_temperature_K=na,,,111755,,,duplicate DOI+formula; kept klr from v1
caltech_icsd_111756,Li4SnSeS3,,Li4 Sn1 Se1 S3,9.33e-07,,,,,,,,,,,chalcogenidotetrelates,10.1021/acs.chemmater.0c04150,0,data/database/caltech/ionic_conductivity_database .csv,,,,lowest_extrapolation_temperature_K=na,,,111756,,,duplicate DOI+formula; kept ar1 from v1
caltech_icsd_111760,Li4Sn0.5Ge0.5Se4,,Li4 Sn0.5 Ge0.5 Se4,1.78e-06,,,,,,,,,,,chalcogenidotetrelates,10.1021/acs.chemmater.0c04150,0,data/database/caltech/ionic_conductivity_database .csv,,,,lowest_extrapolation_temperature_K=na,,,111760,,,duplicate DOI+formula; kept qer from v1
caltech_icsd_111761,Li4Sn0.25Ge0.75Se4,,Li4 Sn0.25 Ge0.75 Se4,5.48e-06,,,,,,,,,,,chalcogenidotetrelates,10.1021/acs.chemmater.0c04150,0,data/database/caltech/ionic_conductivity_database .csv,,,,lowest_extrapolation_temperature_K=na,,,111761,,,duplicate DOI+formula; kept o0a from v1
caltech_icsd_130091,LiSc(PS3)2,,Li1 Sc1 P2 S6,1.2e-09,,,,,,,,,,,unknown,10.1002/zaac.201800363,0,data/database/caltech/ionic_conductivity_database .csv,,,,lowest_extrapolation_temperature_K=na,,,130091,,,duplicate DOI+formula; kept caltech_icsd_130090 from caltech
caltech_icsd_133006,Li6PS5Br,,Li6 P1 S5 Br1,0.0018,,,,,,,,,,,unknown,10.1021/acs.chemmater.9b03852,0,data/database/caltech/ionic_conductivity_database .csv,,,,lowest_extrapolation_temperature_K=na,,,133006,,,duplicate DOI+formula; kept caltech_icsd_133005 from caltech
caltech_icsd_133007,Li6PS5Br,,Li6 P1 S5 Br1,0.00199,,,,,,,,,,,unknown,10.1021/acs.chemmater.9b03852,0,data/database/caltech/ionic_conductivity_database .csv,,,,lowest_extrapolation_temperature_K=na,,,133007,,,duplicate DOI+formula; kept caltech_icsd_133005 from caltech
caltech_icsd_133008,Li6PS5Br,,Li6 P1 S5 Br1,0.00184,,,,,,,,,,,unknown,10.1021/acs.chemmater.9b03852,0,data/database/caltech/ionic_conductivity_database .csv,,,,lowest_extrapolation_temperature_K=na,,,133008,,,duplicate DOI+formula; kept caltech_icsd_133005 from caltech
caltech_icsd_133009,Li6PS5Br,,Li6 P1 S5 Br1,0.000983,,,,,,,,,,,unknown,10.1021/acs.chemmater.9b03852,0,data/database/caltech/ionic_conductivity_database .csv,,,,lowest_extrapolation_temperature_K=na,,,133009,,,duplicate DOI+formula; kept caltech_icsd_133005 from caltech
caltech_icsd_133010,Li6PS5Br,,Li6 P1 S5 Br1,0.00108,,,,,,,,,,,unknown,10.1021/acs.chemmater.9b03852,0,data/database/caltech/ionic_conductivity_database .csv,,,,lowest_extrapolation_temperature_K=na,,,133010,,,duplicate DOI+formula; kept caltech_icsd_133005 from caltech
caltech_icsd_133011,Li6PS5Br,,Li6 P1 S5 Br1,0.001,,,,,,,,,,,unknown,10.1021/acs.chemmater.9b03852,0,data/database/caltech/ionic_conductivity_database .csv,,,,lowest_extrapolation_temperature_K=na,,,133011,,,duplicate DOI+formula; kept caltech_icsd_133005 from caltech
caltech_icsd_133012,Li6PS5Br,,Li6 P1 S5 Br1,0.00891,,,,,,,,,,,unknown,10.1021/acs.chemmater.9b03852,0,data/database/caltech/ionic_conductivity_database .csv,,,,lowest_extrapolation_temperature_K=na,,,133012,,,duplicate DOI+formula; kept caltech_icsd_133005 from caltech
caltech_icsd_133013,Li6PS5Br,,Li6 P1 S5 Br1,0.000521,,,,,,,,,,,unknown,10.1021/acs.chemmater.9b03852,0,data/database/caltech/ionic_conductivity_database .csv,,,,lowest_extrapolation_temperature_K=na,,,133013,,,duplicate DOI+formula; kept caltech_icsd_133005 from caltech
caltech_icsd_143285,Li6Si(ClO2)2,,Li6 Si1 Cl2 O4,1.97e-10,,,,,,,,,,,argyrodites,10.1021/acs.chemmater.1c00157,0,data/database/caltech/ionic_conductivity_database .csv,,,,lowest_extrapolation_temperature_K=373,,,143285,,,duplicate DOI+formula; kept an2 from v1
caltech_icsd_150918,Li3.75V0.25Ge0.75O4,,Li3.75 V0.25 Ge0.75 O4,5.66e-06,,,,,,,,,,,lisicon,10.1023/a:1026135806929,0,data/database/caltech/ionic_conductivity_database .csv,,,,lowest_extrapolation_temperature_K=na,,,150918,,,duplicate DOI+formula; kept pbz from v1
caltech_icsd_150920,Li3.7Ge0.85W0.15O4,,Li3.7 Ge0.85 W0.15 O4,3.8e-05,,,,,,,,,,,lisicon,10.1023/a:1026135806929,0,data/database/caltech/ionic_conductivity_database .csv,,,,lowest_extrapolation_temperature_K=na,,,150920,,,duplicate DOI+formula; kept 7ek from v1
caltech_icsd_151535,Li0.19La0.67Ti0.9Co0.1O3,,Li0.19 La0.67 Ti0.9 Co0.1 O3,0.000108,,,,,,,,,,,perovskites,10.1016/j.mseb.2004.07.003,0,data/database/caltech/ionic_conductivity_database .csv,,,,lowest_extrapolation_temperature_K=na,,,151535,,,duplicate DOI+formula; kept 9ph from v1
caltech_icsd_151900,Li0.05La0.65Mg0.5W0.5O3,,Li0.05 La0.65 Mg0.5 W0.5 O3,1.8e-07,,,,,,,,,,,perovskites,10.1016/j.ssi.2004.05.010,0,data/database/caltech/ionic_conductivity_database .csv,,,,lowest_extrapolation_temperature_K=na,,,151900,,,duplicate DOI+formula; kept 7e5 from v1
caltech_icsd_151901,Li0.11La0.63Mg0.5W0.5O3,,Li0.11 La0.63 Mg0.5 W0.5 O3,6.8e-06,,,,,,,,,,,perovskites,10.1016/j.ssi.2004.05.010,0,data/database/caltech/ionic_conductivity_database .csv,,,,lowest_extrapolation_temperature_K=na,,,151901,,,duplicate DOI+formula; kept sib from v1
caltech_icsd_151902,Li0.14La0.62Mg0.5W0.5O3,,Li0.14 La0.62 Mg0.5 W0.5 O3,1.2e-05,,,,,,,,,,,perovskites,10.1016/j.ssi.2004.05.010,0,data/database/caltech/ionic_conductivity_database .csv,,,,lowest_extrapolation_temperature_K=na,,,151902,,,duplicate DOI+formula; kept r99 from v1
caltech_icsd_151936,Li0.2Ca0.4Ta1O3,,Li0.2 Ca0.4 Ta1 O3,3.53e-09,,,,,,,,,,,perovskites,10.1016/j.solidstatesciences.2004.05.006,0,data/database/caltech/ionic_conductivity_database .csv,,,,lowest_extrapolation_temperature_K=373,,,151936,,,duplicate DOI+formula; kept 86k from v1
caltech_icsd_155950,Li7BiO6,,Li7 Bi1 O6,8.8e-07,,,,,,,,,,,hexaoxometalates,10.1021/ic030208w,0,data/database/caltech/ionic_conductivity_database .csv,,,,lowest_extrapolation_temperature_K=323,,,155950,,,duplicate DOI+formula; kept 7bi from v1
caltech_icsd_156894,Li3N,,Li3 N1,0.0003,,,,,,,,,,,nitrides,10.1016/0167-2738(83)90045-0,0,data/database/caltech/ionic_conductivity_database .csv,,,,lowest_extrapolation_temperature_K=na,,,156894,,,duplicate DOI+formula; kept fft from v1
caltech_icsd_157628,SrLi6La2Nb2O12,,Sr1 Li6 La2 Nb2 O12,4.2e-06,,,,,,,,,,,garnet,10.1111/j.1551-2916.2005.00060.x,0,data/database/caltech/ionic_conductivity_database .csv,,,,lowest_extrapolation_temperature_K=na,,,157628,,,duplicate DOI+formula; kept cjq from v1
caltech_icsd_157654,Li7P3S11,,Li7 P3 S11,0.0032,,,,,,,,,,,thio_phosphate,10.1016/j.ssi.2007.05.020,0,data/database/caltech/ionic_conductivity_database .csv,,,,lowest_extrapolation_temperature_K=na,,,157654,,,duplicate DOI+formula; kept mdp from v1
caltech_icsd_158372,Li5La3(BiO6)2,,Li5 La3 Bi2 O12,4e-05,,,,,,,,,,,garnet,10.1016/j.mseb.2007.07.009,0,data/database/caltech/ionic_conductivity_database .csv,,,,lowest_extrapolation_temperature_K=na,,,158372,,,duplicate DOI+formula; kept kbq from v1
caltech_icsd_158373,SrLi6La2(BiO6)2,,Sr1 Li6 La2 Bi2 O12,5.2e-05,,,,,,,,,,,garnet,10.1016/j.mseb.2007.07.009,0,data/database/caltech/ionic_conductivity_database .csv,,,,lowest_extrapolation_temperature_K=na,,,158373,,,duplicate DOI+formula; kept uw9 from v1
caltech_icsd_159426,Li5Nd3(SbO6)2,,Li5 Nd3 Sb2 O12,1.3e-07,,,,,,,,,,,garnet,10.1016/j.materresbull.2007.04.002,0,data/database/caltech/ionic_conductivity_database .csv,,,,lowest_extrapolation_temperature_K=na,,,159426,,,duplicate DOI+formula; kept vqu from v1
caltech_icsd_159732,Li4Nd3SbTeO12,,Li4 Nd3 Sb1 Te1 O12,7.63e-09,,,,,,,,,,,garnet,10.1021/cm703677q,0,data/database/caltech/ionic_conductivity_database .csv,,,,lowest_extrapolation_temperature_K=na,,,159732,,,duplicate DOI+formula; kept lpt from v1
caltech_icsd_161342,Li5La3(SbO6)2,,Li5 La3 Sb2 O12,8.2e-06,,,,,,,,,,,garnet,10.1016/j.materresbull.2007.10.035,0,data/database/caltech/ionic_conductivity_database .csv,,,,lowest_extrapolation_temperature_K=na,,,161342,,,duplicate DOI+formula; kept xog from v1
caltech_icsd_161343,SrLi6La2(SbO6)2,,Sr1 Li6 La2 Sb2 O12,6.6e-06,,,,,,,,,,,garnet,10.1016/j.materresbull.2007.10.035,0,data/database/caltech/ionic_conductivity_database .csv,,,,lowest_extrapolation_temperature_K=na,,,161343,,,duplicate DOI+formula; kept bi3 from v1
caltech_icsd_161386,Li6CaLa2Nb2O12,,Li6 Ca1 La2 Nb2 O12,1.33e-06,,,,,,,,,,,garnet,10.1016/j.ssi.2008.01.047,0,data/database/caltech/ionic_conductivity_database .csv,,,,lowest_extrapolation_temperature_K=na,,,161386,,,duplicate DOI+formula; kept gcj from v1
caltech_icsd_161387,SrLi6La2Nb2O12,,Sr1 Li6 La2 Nb2 O12,3.69e-06,,,,,,,,,,,garnet,10.1016/j.ssi.2008.01.047,0,data/database/caltech/ionic_conductivity_database .csv,,,,lowest_extrapolation_temperature_K=na,,,161387,,,duplicate DOI+formula; kept 20k from v1
caltech_icsd_161389,Li5La3(SbO6)2,,Li5 La3 Sb2 O12,2.38e-07,,,,,,,,,,,garnet,10.1016/j.ssi.2008.01.002,0,data/database/caltech/ionic_conductivity_database .csv,,,,lowest_extrapolation_temperature_K=313,,,161389,,,duplicate DOI+formula; kept tbj from v1
caltech_icsd_163860,Li6CaLa2Ta2O12,,Li6 Ca1 La2 Ta2 O12,2.2e-06,,,,,,,,,,,garnet,10.1016/j.ssi.2008.10.022,0,data/database/caltech/ionic_conductivity_database .csv,,,,lowest_extrapolation_temperature_K=na,,,163860,,,duplicate DOI+formula; kept jej from v1
caltech_icsd_163861,BaLi6La2Ta2O12,,Ba1 Li6 La2 Ta2 O12,1.3e-05,,,,,,,,,,,garnet,10.1016/j.ssi.2008.10.022,0,data/database/caltech/ionic_conductivity_database .csv,,,,lowest_extrapolation_temperature_K=na,,,163861,,,duplicate DOI+formula; kept hud from v1
caltech_icsd_167528,Li3H4IN2,,Li3 H4 I1 N2,1e-05,,,,,,,,,,,hydrides,10.1021/cm1006857,0,data/database/caltech/ionic_conductivity_database .csv,,,,lowest_extrapolation_temperature_K=na,,,167528,,,duplicate DOI+formula; kept tvf from v1
caltech_icsd_168137,Li1.34Ti1.66O4,,Li1.34 Ti1.66 O4,6.03e-08,,,,,,,,,,,oxides,10.1016/j.ssi.2010.06.003,0,data/database/caltech/ionic_conductivity_database .csv,,,,lowest_extrapolation_temperature_K=313.6446123,,,168137,,,duplicate DOI+formula; kept m0v from v1
caltech_icsd_168139,Li1.268Mg0.1Ti1.634O4,,Li1.268 Mg0.1 Ti1.634 O4,1.73e-08,,,,,,,,,,,oxides,10.1016/j.ssi.2010.06.003,0,data/database/caltech/ionic_conductivity_database .csv,,,,lowest_extrapolation_temperature_K=322.9910545,,,168139,,,duplicate DOI+formula; kept 6du from v1
caltech_icsd_168141,Li1.2Mg0.2Ti1.6O4,,Li1.2 Mg0.2 Ti1.6 O4,4.24e-09,,,,,,,,,,,oxides,10.1016/j.ssi.2010.06.003,0,data/database/caltech/ionic_conductivity_database .csv,,,,lowest_extrapolation_temperature_K=333.3596838,,,168141,,,duplicate DOI+formula; kept u0c from v1
caltech_icsd_168142,Li1.14Mg0.3Ti1.56O4,,Li1.14 Mg0.3 Ti1.56 O4,1.51e-09,,,,,,,,,,,oxides,10.1016/j.ssi.2010.06.003,0,data/database/caltech/ionic_conductivity_database .csv,,,,lowest_extrapolation_temperature_K=342.9708111,,,168142,,,duplicate DOI+formula; kept xub from v1
caltech_icsd_168144,Li1.07Mg0.395Ti1.535O4,,Li1.07 Mg0.395 Ti1.535 O4,6.56e-10,,,,,,,,,,,oxides,10.1016/j.ssi.2010.06.003,0,data/database/caltech/ionic_conductivity_database .csv,,,,lowest_extrapolation_temperature_K=353.2801133,,,168144,,,duplicate DOI+formula; kept jl4 from v1
caltech_icsd_168145,Li0.995Mg0.505Ti1.5O4,,Li0.995 Mg0.505 Ti1.5 O4,1.53e-11,,,,,,,,,,,oxides,10.1016/j.ssi.2010.06.003,0,data/database/caltech/ionic_conductivity_database .csv,,,,lowest_extrapolation_temperature_K=402.7589257,,,168145,,,duplicate DOI+formula; kept jkq from v1
caltech_icsd_170956,Li2Mg2(MoO4)3,,Li2 Mg2 Mo3 O12,4.19e-13,,,,,,,,,,,molybdates,10.1039/b301189e,0,data/database/caltech/ionic_conductivity_database .csv,,,,lowest_extrapolation_temperature_K=473.15,,,170956,,,duplicate DOI+formula; kept b56 from v1
caltech_icsd_180319,Li3PS4,,Li3 P1 S4,8.93e-07,,,,,,,,,,,thio_lisicon,10.1021/ja3110895,0,data/database/caltech/ionic_conductivity_database .csv,,,,lowest_extrapolation_temperature_K=473,,,180319,,,duplicate DOI+formula; kept caltech_icsd_180318 from caltech
caltech_icsd_180629,Na0.1Li0.4La0.5Nb2O6,,Na0.1 Li0.4 La0.5 Nb2 O6,9.92e-06,,,,,,,,,,,perovskites,10.1134/s002016851103006x,0,data/database/caltech/ionic_conductivity_database .csv,,,,lowest_extrapolation_temperature_K=na,,,180629,,,duplicate DOI+formula; kept ku9 from v1
caltech_icsd_180630,Na0.2Li0.3La0.5Nb2O6,,Na0.2 Li0.3 La0.5 Nb2 O6,1.11e-05,,,,,,,,,,,perovskites,10.1134/s002016851103006x,0,data/database/caltech/ionic_conductivity_database .csv,,,,lowest_extrapolation_temperature_K=na,,,180630,,,duplicate DOI+formula; kept 9n0 from v1
caltech_icsd_180631,Na0.3Li0.2La0.5Nb2O6,,Na0.3 Li0.2 La0.5 Nb2 O6,1.18e-05,,,,,,,,,,,perovskites,10.1134/s002016851103006x,0,data/database/caltech/ionic_conductivity_database .csv,,,,lowest_extrapolation_temperature_K=na,,,180631,,,duplicate DOI+formula; kept ozo from v1
caltech_icsd_180632,Na0.4Li0.1La0.5Nb2O6,,Na0.4 Li0.1 La0.5 Nb2 O6,1.21e-05,,,,,,,,,,,perovskites,10.1134/s002016851103006x,0,data/database/caltech/ionic_conductivity_database .csv,,,,lowest_extrapolation_temperature_K=na,,,180632,,,duplicate DOI+formula; kept h5i from v1
caltech_icsd_180633,Na0.43Li0.07La0.5Nb2O6,,Na0.43 Li0.07 La0.5 Nb2 O6,1.23e-05,,,,,,,,,,,perovskites,10.1134/s002016851103006x,0,data/database/caltech/ionic_conductivity_database .csv,,,,lowest_extrapolation_temperature_K=na,,,180633,,,duplicate DOI+formula; kept o9h from v1
caltech_icsd_180634,Na0.46Li0.04La0.5Nb2O6,,Na0.46 Li0.04 La0.5 Nb2 O6,5.91e-06,,,,,,,,,,,perovskites,10.1134/s002016851103006x,0,data/database/caltech/ionic_conductivity_database .csv,,,,lowest_extrapolation_temperature_K=na,,,180634,,,duplicate DOI+formula; kept 4xq from v1
caltech_icsd_180635,Na0.48Li0.02La0.5Nb2O6,,Na0.48 Li0.02 La0.5 Nb2 O6,3.99e-06,,,,,,,,,,,perovskites,10.1134/s002016851103006x,0,data/database/caltech/ionic_conductivity_database .csv,,,,lowest_extrapolation_temperature_K=na,,,180635,,,duplicate DOI+formula; kept 0ii from v1
caltech_icsd_183672,Li1Ti1.4Sn0.6P3O12,,Li1 Ti1.4 Sn0.6 P3 O12,2.28e-05,,,,,,,,,,,nasicon,10.1016/j.physb.2011.11.006,0,data/database/caltech/ionic_conductivity_database .csv,,,,lowest_extrapolation_temperature_K=na,,,183672,,,duplicate DOI+formula; kept h7r from v1
caltech_icsd_183676,Li1Ti0.6Sn1.4P3O12,,Li1 Ti0.6 Sn1.4 P3 O12,9.42e-06,,,,,,,,,,,nasicon,10.1016/j.physb.2011.11.006,0,data/database/caltech/ionic_conductivity_database .csv,,,,lowest_extrapolation_temperature_K=na,,,183676,,,duplicate DOI+formula; kept 9ky from v1
caltech_icsd_183677,Li1Ti0.4Sn1.6P3O12,,Li1 Ti0.4 Sn1.6 P3 O12,3.15e-06,,,,,,,,,,,nasicon,10.1016/j.physb.2011.11.006,0,data/database/caltech/ionic_conductivity_database .csv,,,,lowest_extrapolation_temperature_K=na,,,183677,,,duplicate DOI+formula; kept 4ea from v1
caltech_icsd_183873,Li6.75La3Zr1.75Ta0.25O12,,Li6.75 La3 Zr1.75 Ta0.25 O12,0.00087,,,,,,,,,,,garnet,10.1016/j.jpowsour.2012.01.131,0,data/database/caltech/ionic_conductivity_database .csv,,,,lowest_extrapolation_temperature_K=na,,,183873,,,duplicate DOI+formula; kept 7w5 from v1
caltech_icsd_183876,LiVPO4F,,Li1 V1 P1 O4 F1,8.1e-07,,,,,,,,,,,tavorite,10.1016/j.ssi.2013.04.002,0,data/database/caltech/ionic_conductivity_database .csv,,,,lowest_extrapolation_temperature_K=na,,,183876,,,duplicate DOI+formula; kept 2t8 from v1
caltech_icsd_185218,LiCeB3H12Cl,,Li1 Ce1 B3 H12 Cl1,0.000103,,,,,,,,,,,argyrodites,10.1021/cm300792t,0,data/database/caltech/ionic_conductivity_database .csv,,,,lowest_extrapolation_temperature_K=na,,,185218,,,duplicate DOI+formula; kept ga9 from v1
caltech_icsd_185602,BaLi6La2Ta2O12,,Ba1 Li6 La2 Ta2 O12,2.45e-05,,,,,,,,,,,garnet,10.1016/j.materresbull.2012.04.032,0,data/database/caltech/ionic_conductivity_database .csv,,,,lowest_extrapolation_temperature_K=na,,,185602,,,duplicate DOI+formula; kept ner from v1
caltech_icsd_186450,Li0.5Ce0.5Mo1O4,,Li0.5 Ce0.5 Mo1 O4,1.3e-08,,,,,,,,,,,molybdates,10.1007/s12039-011-0068-5,0,data/database/caltech/ionic_conductivity_database .csv,,,,lowest_extrapolation_temperature_K=na,,,186450,,,duplicate DOI+formula; kept xz4 from v1
caltech_icsd_186451,Li0.5Ce0.25Pr0.25Mo1O4,,Li0.5 Ce0.25 Pr0.25 Mo1 O4,1e-09,,,,,,,,,,,molybdates,10.1007/s12039-011-0068-5,0,data/database/caltech/ionic_conductivity_database .csv,,,,lowest_extrapolation_temperature_K=na,,,186451,,,duplicate DOI+formula; kept hja from v1
caltech_icsd_186452,Li0.5Ce0.25Sm0.25Mo1O4,,Li0.5 Ce0.25 Sm0.25 Mo1 O4,1.8e-10,,,,,,,,,,,molybdates,10.1007/s12039-011-0068-5,0,data/database/caltech/ionic_conductivity_database .csv,,,,lowest_extrapolation_temperature_K=na,,,186452,,,duplicate DOI+formula; kept 3nb from v1
caltech_icsd_188493,Li2PNO2,,Li2 P1 N1 O2,3.29e-08,,,,,,,,,,,lipon,10.1016/j.ssi.2012.12.013,0,data/database/caltech/ionic_conductivity_database .csv,,,,lowest_extrapolation_temperature_K=353,,,188493,,,duplicate DOI+formula; kept cdk from v1
caltech_icsd_189530,Li5.5Nd3Zr2Al0.5O12,,Li5.5 Nd3 Zr2 Al0.5 O12,3.9e-05,,,,,,,,,,,garnet,10.1039/c3ta13252h,0,data/database/caltech/ionic_conductivity_database .csv,,,,lowest_extrapolation_temperature_K=na,,,189530,,,duplicate DOI+formula; kept z2s from v1
caltech_icsd_191891,Li1.15Y0.15Zr1.85P3O12,,Li1.15 Y0.15 Zr1.85 P3 O12,0.00014,,,,,,,,,,,nasicon,10.1016/j.jpowsour.2013.03.175,0,data/database/caltech/ionic_conductivity_database .csv,,,,lowest_extrapolation_temperature_K=na,,,191891,,,duplicate DOI+formula; kept lpx from v1
caltech_icsd_193755,Li10Sn(PS6)2,,Li10 Sn1 P2 S12,0.007,,,,,,,,,,,lgps,10.1021/ja407393y,0,data/database/caltech/ionic_conductivity_database .csv,,,,lowest_extrapolation_temperature_K=na,,,193755,,,duplicate DOI+formula; kept 9lx from v1
caltech_icsd_193947,Li10.35Ge1.35P1.65S12,,Li10.35 Ge1.35 P1.65 S12,0.0144,,,,,,,,,,,lgps,10.1039/c4ta05231e,0,data/database/caltech/ionic_conductivity_database .csv,,,,lowest_extrapolation_temperature_K=na,,,193947,,,duplicate DOI+formula; kept 824 from v1
caltech_icsd_195182,Li6.26La3Zr2Al0.24O12,,Li6.26 La3 Zr2 Al0.24 O12,0.00031,,,,,,,,,,,garnet,10.1016/j.ssi.2015.04.011,0,data/database/caltech/ionic_conductivity_database .csv,,,,lowest_extrapolation_temperature_K=na,,,195182,,,duplicate DOI+formula; kept 72f from v1
caltech_icsd_200874,Li2HBrO,,Li2 H1 Br1 O1,1.2e-06,,,,,,,,,,,antiperovskite,10.1002/ange.201604554,0,data/database/caltech/ionic_conductivity_database .csv,,,,lowest_extrapolation_temperature_K=na,,,200874,,,duplicate DOI+formula; kept hx7 from v1
caltech_icsd_200891,LiBO2,,Li1 B1 O2,2.07e-13,,,,,,,,,,,borates,10.1140/epjst/e2008-00753-4,0,data/database/caltech/ionic_conductivity_database .csv,,,,lowest_extrapolation_temperature_K=509,,,200891,,,duplicate DOI+formula; kept n27 from v1
caltech_icsd_200984,K0.1Li0.9Sb1O3,,K0.1 Li0.9 Sb1 O3,1.36e-08,,,,,,,,,,,oxides,10.1016/0167-2738(81)90178-8,0,data/database/caltech/ionic_conductivity_database .csv,,,,lowest_extrapolation_temperature_K=na,,,200984,,,duplicate DOI+formula; kept vy5 from v1
caltech_icsd_201935,LiZr2(PO4)3,,Li1 Zr2 P3 O12,1.15e-10,,,,,,,,,,,nasicon,10.1016/0025-5408(86)90194-7,0,data/database/caltech/ionic_conductivity_database .csv,,,,lowest_extrapolation_temperature_K=337,,,201935,,,duplicate DOI+formula; kept ur9 from v1
caltech_icsd_202627,Li2CrCl4,,Li2 Cr1 Cl4,5.66e-13,,,,,,,,,,,halides,10.1016/0022-4596(88)90301-5,0,data/database/caltech/ionic_conductivity_database .csv,,,,lowest_extrapolation_temperature_K=385,,,202627,,,duplicate DOI+formula; kept 4kt from v1
caltech_icsd_234585,Li6.025Si0.025P0.975S5Br1,,Li6.025 Si0.025 P0.975 S5 Br1,0.000878,,,,,,,,,,,argyrodites,10.1039/c7ta08581h,0,data/database/caltech/ionic_conductivity_database .csv,,,,lowest_extrapolation_temperature_K=na,,,234585,,,duplicate DOI+formula; kept a8v from v1
caltech_icsd_234586,Li6.05Si0.05P0.95S5Br1,,Li6.05 Si0.05 P0.95 S5 Br1,0.000437,,,,,,,,,,,argyrodites,10.1039/c7ta08581h,0,data/database/caltech/ionic_conductivity_database .csv,,,,lowest_extrapolation_temperature_K=na,,,234586,,,duplicate DOI+formula; kept 09w from v1
caltech_icsd_234587,Li6.075Si0.075P0.925S5Br1,,Li6.075 Si0.075 P0.925 S5 Br1,0.000873,,,,,,,,,,,argyrodites,10.1039/c7ta08581h,0,data/database/caltech/ionic_conductivity_database .csv,,,,lowest_extrapolation_temperature_K=na,,,234587,,,duplicate DOI+formula; kept x2v from v1
caltech_icsd_234588,Li6.1Si0.1P0.95S5Br1,,Li6.1 Si0.1 P0.95 S5 Br1,0.000799,,,,,,,,,,,argyrodites,10.1039/c7ta08581h,0,data/database/caltech/ionic_conductivity_database .csv,,,,lowest_extrapolation_temperature_K=na,,,234588,,,duplicate DOI+formula; kept bnh from v1
caltech_icsd_234589,Li6.125Si0.125P0.875S5Br1,,Li6.125 Si0.125 P0.875 S5 Br1,0.000902,,,,,,,,,,,argyrodites,10.1039/c7ta08581h,0,data/database/caltech/ionic_conductivity_database .csv,,,,lowest_extrapolation_temperature_K=na,,,234589,,,duplicate DOI+formula; kept x9d from v1
caltech_icsd_234591,Li6.175Si0.175P0.825S5Br1,,Li6.175 Si0.175 P0.825 S5 Br1,0.000931,,,,,,,,,,,argyrodites,10.1039/c7ta08581h,0,data/database/caltech/ionic_conductivity_database .csv,,,,lowest_extrapolation_temperature_K=na,,,234591,,,duplicate DOI+formula; kept ish from v1
caltech_icsd_234592,Li6.2Si0.2P0.8S5Br1,,Li6.2 Si0.2 P0.8 S5 Br1,0.00169,,,,,,,,,,,argyrodites,10.1039/c7ta08581h,0,data/database/caltech/ionic_conductivity_database .csv,,,,lowest_extrapolation_temperature_K=na,,,234592,,,duplicate DOI+formula; kept iiy from v1
caltech_icsd_234593,Li6.225Si0.225P0.775S5Br1,,Li6.225 Si0.225 P0.775 S5 Br1,0.00108,,,,,,,,,,,argyrodites,10.1039/c7ta08581h,0,data/database/caltech/ionic_conductivity_database .csv,,,,lowest_extrapolation_temperature_K=na,,,234593,,,duplicate DOI+formula; kept 3zo from v1
caltech_icsd_234594,Li6.25Si0.25P0.75S5Br1,,Li6.25 Si0.25 P0.75 S5 Br1,0.00141,,,,,,,,,,,argyrodites,10.1039/c7ta08581h,0,data/database/caltech/ionic_conductivity_database .csv,,,,lowest_extrapolation_temperature_K=na,,,234594,,,duplicate DOI+formula; kept vj7 from v1
caltech_icsd_234595,Li6.3Si0.3P0.7S5Br1,,Li6.3 Si0.3 P0.7 S5 Br1,0.00165,,,,,,,,,,,argyrodites,10.1039/c7ta08581h,0,data/database/caltech/ionic_conductivity_database .csv,,,,lowest_extrapolation_temperature_K=na,,,234595,,,duplicate DOI+formula; kept wsd from v1
caltech_icsd_234596,Li6.35Si0.35P0.65S5Br1,,Li6.35 Si0.35 P0.65 S5 Br1,0.00234,,,,,,,,,,,argyrodites,10.1039/c7ta08581h,0,data/database/caltech/ionic_conductivity_database .csv,,,,lowest_extrapolation_temperature_K=na,,,234596,,,duplicate DOI+formula; kept 10s from v1
caltech_icsd_234597,Li6.5Si0.5P0.5S5Br1,,Li6.5 Si0.5 P0.5 S5 Br1,0.00219,,,,,,,,,,,argyrodites,10.1039/c7ta08581h,0,data/database/caltech/ionic_conductivity_database .csv,,,,lowest_extrapolation_temperature_K=na,,,234597,,,duplicate DOI+formula; kept fkj from v1
caltech_icsd_235186,Li8SiP4,,Li8 Si1 P4,4.5e-05,,,,,,,,,,,phosphates,10.1021/acs.chemmater.8b02759,0,data/database/caltech/ionic_conductivity_database .csv,,,,lowest_extrapolation_temperature_K=na,,,235186,,,duplicate DOI+formula; kept pql from v1
caltech_icsd_235201,Li4.4Al0.4Ge0.6S4,,Li4.4 Al0.4 Ge0.6 S4,4.33e-05,,,,,,,,,,,sulfides,10.1021/acs.chemmater.8b03175,0,data/database/caltech/ionic_conductivity_database .csv,,,,lowest_extrapolation_temperature_K=na,,,235201,,,duplicate DOI+formula; kept deu from v1
caltech_icsd_235207,Li4.4Al0.4Sn0.6S4,,Li4.4 Al0.4 Sn0.6 S4,4.39e-06,,,,,,,,,,,sulfides,10.1021/acs.chemmater.8b03175,0,data/database/caltech/ionic_conductivity_database .csv,,,,lowest_extrapolation_temperature_K=na,,,235207,,,duplicate DOI+formula; kept usu from v1
caltech_icsd_235750,KNa2Li3Fe2(Si2O5)6,,K1 Na2 Li3 Fe2 Si12 O30,1.91e-19,,,,,,,,,,,sugilites,10.1016/j.jssc.2018.05.008,0,data/database/caltech/ionic_conductivity_database .csv,,,,lowest_extrapolation_temperature_K=723,,,235750,,,duplicate DOI+formula; kept uex from v1
caltech_icsd_236009,SrLiNb2O6F,,Sr1 Li1 Nb2 O6 F1,2.62e-11,,,,,,,,,,,pyrochlore,10.2497/jjspm.65.26,0,data/database/caltech/ionic_conductivity_database .csv,,,,lowest_extrapolation_temperature_K=473,,,236009,,,duplicate DOI+formula; kept ek5 from v1
caltech_icsd_236010,SrLiTa2O6F,,Sr1 Li1 Ta2 O6 F1,2.72e-11,,,,,,,,,,,pyrochlore,10.2497/jjspm.65.26,0,data/database/caltech/ionic_conductivity_database .csv,,,,lowest_extrapolation_temperature_K=473,,,236010,,,duplicate DOI+formula; kept xut from v1
caltech_icsd_236011,Sr0.9Li1Nb2O6F0.8,,Sr0.9 Li1 Nb2 O6 F0.8,2.8e-11,,,,,,,,,,,pyrochlore,10.2497/jjspm.65.26,0,data/database/caltech/ionic_conductivity_database .csv,,,,lowest_extrapolation_temperature_K=473,,,236011,,,duplicate DOI+formula; kept ckw from v1
caltech_icsd_236012,Sr0.9Li1Ta2O6F0.8,,Sr0.9 Li1 Ta2 O6 F0.8,1.03e-11,,,,,,,,,,,pyrochlore,10.2497/jjspm.65.26,0,data/database/caltech/ionic_conductivity_database .csv,,,,lowest_extrapolation_temperature_K=473,,,236012,,,duplicate DOI+formula; kept yab from v1
caltech_icsd_236013,Sr1Li1.1Zr0.1Nb1.9O6F1,,Sr1 Li1.1 Zr0.1 Nb1.9 O6 F1,9.67e-11,,,,,,,,,,,pyrochlore,10.2497/jjspm.65.26,0,data/database/caltech/ionic_conductivity_database .csv,,,,lowest_extrapolation_temperature_K=473,,,236013,,,duplicate DOI+formula; kept ysm from v1
caltech_icsd_236014,Sr1Li1.1Zr0.1Ta1.9O6F1,,Sr1 Li1.1 Zr0.1 Ta1.9 O6 F1,1.65e-11,,,,,,,,,,,pyrochlore,10.2497/jjspm.65.26,0,data/database/caltech/ionic_conductivity_database .csv,,,,lowest_extrapolation_temperature_K=473,,,236014,,,duplicate DOI+formula; kept e81 from v1
caltech_icsd_237141,Li6La3Y0.5Nb1.5O12,,Li6 La3 Y0.5 Nb1.5 O12,0.000188,,,,,,,,,,,garnet,10.1021/jp304737x,0,data/database/caltech/ionic_conductivity_database .csv,,,,lowest_extrapolation_temperature_K=na,,,237141,,,duplicate DOI+formula; kept j5g from v1
caltech_icsd_237143,Li5.2La3Y0.1Nb1.9O12,,Li5.2 La3 Y0.1 Nb1.9 O12,1.81e-05,,,,,,,,,,,garnet,10.1021/jp304737x,0,data/database/caltech/ionic_conductivity_database .csv,,,,lowest_extrapolation_temperature_K=na,,,237143,,,duplicate DOI+formula; kept dvb from v1
caltech_icsd_237144,Li5.4La3Y0.2Nb1.8O12,,Li5.4 La3 Y0.2 Nb1.8 O12,2.92e-05,,,,,,,,,,,garnet,10.1021/jp304737x,0,data/database/caltech/ionic_conductivity_database .csv,,,,lowest_extrapolation_temperature_K=na,,,237144,,,duplicate DOI+formula; kept cti from v1
caltech_icsd_237145,Li5.5La3Y0.25Nb1.75O12,,Li5.5 La3 Y0.25 Nb1.75 O12,7.2e-05,,,,,,,,,,,garnet,10.1021/jp304737x,0,data/database/caltech/ionic_conductivity_database .csv,,,,lowest_extrapolation_temperature_K=na,,,237145,,,duplicate DOI+formula; kept 2d1 from v1
caltech_icsd_237146,Li6.5La3Y0.75Nb1.25O12,,Li6.5 La3 Y0.75 Nb1.25 O12,0.00027,,,,,,,,,,,garnet,10.1021/jp304737x,0,data/database/caltech/ionic_conductivity_database .csv,,,,lowest_extrapolation_temperature_K=na,,,237146,,,duplicate DOI+formula; kept 3rh from v1
caltech_icsd_237199,Ba0.5Sr0.5Li6La2Ta2O12,,Ba0.5 Sr0.5 Li6 La2 Ta2 O12,7.1e-06,,,,,,,,,,,garnet,10.1021/am4060194,0,data/database/caltech/ionic_conductivity_database .csv,,,,lowest_extrapolation_temperature_K=na,,,237199,,,duplicate DOI+formula; kept sqm from v1
caltech_icsd_237200,SrLi6La2Ta2O12,,Sr1 Li6 La2 Ta2 O12,5.4e-06,,,,,,,,,,,garnet,10.1021/am4060194,0,data/database/caltech/ionic_conductivity_database .csv,,,,lowest_extrapolation_temperature_K=na,,,237200,,,duplicate DOI+formula; kept zxr from v1
caltech_icsd_237201,BaLi6La2Ta2O12,,Ba1 Li6 La2 Ta2 O12,1.5e-05,,,,,,,,,,,garnet,10.1021/am4060194,0,data/database/caltech/ionic_conductivity_database .csv,,,,lowest_extrapolation_temperature_K=na,,,237201,,,duplicate DOI+formula; kept h89 from v1
caltech_icsd_237202,Li6CaLa2Ta2O12,,Li6 Ca1 La2 Ta2 O12,2.2e-06,,,,,,,,,,,garnet,10.1021/am4060194,0,data/database/caltech/ionic_conductivity_database .csv,,,,lowest_extrapolation_temperature_K=na,,,237202,,,duplicate DOI+formula; kept l9r from v1
caltech_icsd_238600,Li6.5Si0.5P1.5O8,,Li6.5 Si0.5 P1.5 O8,4.49e-07,,,,,,,,,,,lisicon,10.1021/jacs.5b04444,0,data/database/caltech/ionic_conductivity_database .csv,,,,lowest_extrapolation_temperature_K=323,,,238600,,,duplicate DOI+formula; kept fj5 from v1
caltech_icsd_238602,Li7.22Si1.5P0.5O8,,Li7.22 Si1.5 P0.5 O8,1.64e-07,,,,,,,,,,,lisicon,10.1021/jacs.5b04444,0,data/database/caltech/ionic_conductivity_database .csv,,,,lowest_extrapolation_temperature_K=323,,,238602,,,duplicate DOI+formula; kept pwr from v1
caltech_icsd_238683,LiH7C3NClO,,Li1 H7 C3 N1 Cl1 O1,0.00016,,,,,,,,,,,organic_salts,10.1021/acs.chemmater.5b00940,0,data/database/caltech/ionic_conductivity_database .csv,,,,lowest_extrapolation_temperature_K=na,,,238683,,,duplicate DOI+formula; kept goi from v1
caltech_icsd_239128,Li6.5La3Zr1.75Mo0.25O12,,Li6.5 La3 Zr1.75 Mo0.25 O12,0.000333,,,,,,,,,,,garnet,10.1021/acs.inorgchem.5b01895,0,data/database/caltech/ionic_conductivity_database .csv,,,,lowest_extrapolation_temperature_K=na,,,239128,,,duplicate DOI+formula; kept 9o6 from v1
caltech_icsd_239277,Ba3LiZrTa5(Si2O13)2,,Ba3 Li1 Zr1 Ta5 Si4 O26,5.83e-13,,,,,,,,,,,oxides,10.1016/j.ssi.2015.08.011,0,data/database/caltech/ionic_conductivity_database .csv,,,,lowest_extrapolation_temperature_K=500,,,239277,,,duplicate DOI+formula; kept u8r from v1
caltech_icsd_239278,LiLaO2,,Li1 La1 O2,6.61e-13,,,,,,,,,,,lanthanumlithiumoxide,10.1016/j.ssi.2015.09.001,0,data/database/caltech/ionic_conductivity_database .csv,,,,lowest_extrapolation_temperature_K=424,,,239278,,,duplicate DOI+formula; kept ecp from v1
caltech_icsd_239279,Sr0.1Li1La0.9O2,,Sr0.1 Li1 La0.9 O2,6.29e-10,,,,,,,,,,,lanthanumlithiumoxide,10.1016/j.ssi.2015.09.001,0,data/database/caltech/ionic_conductivity_database .csv,,,,lowest_extrapolation_temperature_K=424,,,239279,,,duplicate DOI+formula; kept me3 from v1
caltech_icsd_239280,Li0.76La1Mg0.08O2,,Li0.76 La1 Mg0.08 O2,7.27e-10,,,,,,,,,,,lanthanumlithiumoxide,10.1016/j.ssi.2015.09.001,0,data/database/caltech/ionic_conductivity_database .csv,,,,lowest_extrapolation_temperature_K=424,,,239280,,,duplicate DOI+formula; kept zs0 from v1
caltech_icsd_239663,Li5.74La3Zr1.5Ta0.5O12,,Li5.74 La3 Zr1.5 Ta0.5 O12,0.000903,,,,,,,,,,,garnet,10.1002/aenm.201500096,0,data/database/caltech/ionic_conductivity_database .csv,,,,lowest_extrapolation_temperature_K=na,,,239663,,,duplicate DOI+formula; kept ueu from v1
caltech_icsd_239664,Li5.08La3Zr0.39Ta1.51O12,,Li5.08 La3 Zr0.39 Ta1.51 O12,0.000103,,,,,,,,,,,garnet,10.1002/aenm.201500096,0,data/database/caltech/ionic_conductivity_database .csv,,,,lowest_extrapolation_temperature_K=na,,,239664,,,duplicate DOI+formula; kept uwh from v1
caltech_icsd_240269,Li2.5V2P3O12,,Li2.5 V2 P3 O12,1.9e-07,,,,,,,,,,,nasicon,10.1021/cm034802f,0,data/database/caltech/ionic_conductivity_database .csv,,,,lowest_extrapolation_temperature_K=na,,,240269,,,duplicate DOI+formula; kept lrh from v1
caltech_icsd_241475,Li51.2La24Zr16Al1.6O96,,Li51.2 La24 Zr16 Al1.6 O96,0.000254,,,,,,,,,,,garnet,10.1038/srep18053,0,data/database/caltech/ionic_conductivity_database .csv,,,,lowest_extrapolation_temperature_K=na,,,241475,,,duplicate DOI+formula; kept wa3 from v1
caltech_icsd_241476,Li49.6La24Zr14.4Ta1.6Al1.6O96,,Li49.6 La24 Zr14.4 Ta1.6 Al1.6 O96,0.000614,,,,,,,,,,,garnet,10.1038/srep18053,0,data/database/caltech/ionic_conductivity_database .csv,,,,lowest_extrapolation_temperature_K=na,,,241476,,,duplicate DOI+formula; kept l6h from v1
caltech_icsd_247057,Li3Cr(MoO4)3,,Li3 Cr1 Mo3 O12,9.59e-15,,,,,,,,,,,molybdates,10.1039/b301189e,0,data/database/caltech/ionic_conductivity_database .csv,,,,lowest_extrapolation_temperature_K=477,,,247057,,,duplicate DOI+formula; kept 2r7 from v1
caltech_icsd_248414,Li4P2O7,,Li4 P2 O7,1.8e-20,,,,,,,,,,,diphosphate,10.1016/j.jssc.2013.12.015,0,data/database/caltech/ionic_conductivity_database .csv,,,,lowest_extrapolation_temperature_K=769,,,248414,,,duplicate DOI+formula; kept 47i from v1
caltech_icsd_251656,Li2SnS3,,Li2 Sn1 S3,1.5e-05,,,,,,,,,,,sulfides,10.1021/cm5037524,0,data/database/caltech/ionic_conductivity_database .csv,,,,lowest_extrapolation_temperature_K=na,,,251656,,,duplicate DOI+formula; kept xas from v1
caltech_icsd_252037,Li10.35Si1.35P1.65S12,,Li10.35 Si1.35 P1.65 S12,0.0065,,,,,,,,,,,lgps,10.1107/s2052520615022283,0,data/database/caltech/ionic_conductivity_database .csv,,,,lowest_extrapolation_temperature_K=na,,,252037,,,duplicate DOI+formula; kept k4x from v1
caltech_icsd_252040,Li9.81Sn0.81P2.19S12,,Li9.81 Sn0.81 P2.19 S12,0.0055,,,,,,,,,,,lgps,10.1107/s2052520615022283,0,data/database/caltech/ionic_conductivity_database .csv,,,,lowest_extrapolation_temperature_K=na,,,252040,,,duplicate DOI+formula; kept nip from v1
caltech_icsd_253894,LiPS3,,Li2 P2 S6,7.8e-11,,,,,,,,,,,thio_lisicon,10.1021/acs.inorgchem.7b00751,0,data/database/caltech/ionic_conductivity_database .csv,,,,lowest_extrapolation_temperature_K=na,,,253894,,,duplicate DOI+formula; kept cfy from v1
caltech_icsd_254045,Li0.45La0.55Ti0.9Al0.1O3,,Li0.45 La0.55 Ti0.9 Al0.1 O3,0.001471176,,,,,,,,,,,perovskites,10.1016/j.jallcom.2017.05.278,0,data/database/caltech/ionic_conductivity_database .csv,,,,lowest_extrapolation_temperature_K=na,,,254045,,,duplicate DOI+formula; kept lk8 from v1
caltech_icsd_254046,Li0.4La0.6Ti0.8Al0.2O3,,Li0.4 La0.6 Ti0.8 Al0.2 O3,0.000552732,,,,,,,,,,,perovskites,10.1016/j.jallcom.2017.05.278,0,data/database/caltech/ionic_conductivity_database .csv,,,,lowest_extrapolation_temperature_K=na,,,254046,,,duplicate DOI+formula; kept lud from v1
caltech_icsd_254047,Li0.35La0.65Ti0.7Al0.3O3,,Li0.35 La0.65 Ti0.7 Al0.3 O3,0.000157618,,,,,,,,,,,perovskites,10.1016/j.jallcom.2017.05.278,0,data/database/caltech/ionic_conductivity_database .csv,,,,lowest_extrapolation_temperature_K=na,,,254047,,,duplicate DOI+formula; kept vlm from v1
caltech_icsd_254048,Li0.3La0.7Ti0.6Al0.4O3,,Li0.3 La0.7 Ti0.6 Al0.4 O3,1e-07,,,,,,,,,,,perovskites,10.1016/j.jallcom.2017.05.278,0,data/database/caltech/ionic_conductivity_database .csv,,,,lowest_extrapolation_temperature_K=na,,,254048,,,duplicate DOI+formula; kept gwu from v1
caltech_icsd_255465,Li4Zn(PO4)2,,Li4 Zn1 P2 O8,1.19e-14,,,,,,,,,,,unknown,10.1021/acs.chemmater.7b05139,0,data/database/caltech/ionic_conductivity_database .csv,,,,lowest_extrapolation_temperature_K=473,,,255465,,,duplicate DOI+formula; kept caltech_icsd_255464 from caltech
caltech_icsd_255466,Li3.7Zn0.7Ga0.3P2O8,,Li3.7 Zn0.7 Ga0.3 P2 O8,1.02e-11,,,,,,,,,,,phosphates,10.1021/acs.chemmater.7b05139,0,data/database/caltech/ionic_conductivity_database .csv,,,,lowest_extrapolation_temperature_K=398,,,255466,,,duplicate DOI+formula; kept uox from v1
caltech_icsd_255468,Li3.5Zn0.5Ga0.5P2O8,,Li3.5 Zn0.5 Ga0.5 P2 O8,3.02e-12,,,,,,,,,,,phosphates,10.1021/acs.chemmater.7b05139,0,data/database/caltech/ionic_conductivity_database .csv,,,,lowest_extrapolation_temperature_K=398,,,255468,,,duplicate DOI+formula; kept tbu from v1
caltech_icsd_255747,Li10Sn0.584Ge0.416P2S12,,Li10 Sn0.584 Ge0.416 P2 S12,0.0048,,,,,,,,,,,lgps,10.1021/acs.chemmater.8b00266,0,data/database/caltech/ionic_conductivity_database .csv,,,,lowest_extrapolation_temperature_K=na,,,255747,,,duplicate DOI+formula; kept ik8 from v1
caltech_icsd_255748,Li10Sn0.224Ge0.776P2S12,,Li10 Sn0.224 Ge0.776 P2 S12,0.0064,,,,,,,,,,,lgps,10.1021/acs.chemmater.8b00266,0,data/database/caltech/ionic_conductivity_database .csv,,,,lowest_extrapolation_temperature_K=na,,,255748,,,duplicate DOI+formula; kept 9rc from v1
caltech_icsd_255749,Li10Ge(PS6)2,,Li10 Ge1 P2 S12,0.0076,,,,,,,,,,,unknown,10.1021/acs.chemmater.8b00266,0,data/database/caltech/ionic_conductivity_database .csv,,,,lowest_extrapolation_temperature_K=na,,,255749,,,duplicate DOI+formula; kept caltech_icsd_30161 from caltech
caltech_icsd_255750,Li10Sn(PS6)2,,Li10 Sn1 P2 S12,0.0038,,,,,,,,,,,lgps,10.1021/acs.chemmater.8b00266,0,data/database/caltech/ionic_conductivity_database .csv,,,,lowest_extrapolation_temperature_K=na,,,255750,,,duplicate DOI+formula; kept 13q from v1
caltech_icsd_257464,Li3AlN2,,Li3 Al1 N2,5e-08,,,,,,,,,,,nitrides,10.1016/0167-2738(85)90106-7,0,data/database/caltech/ionic_conductivity_database .csv,,,,lowest_extrapolation_temperature_K=na,,,257464,,,duplicate DOI+formula; kept br1 from v1
caltech_icsd_257739,LiGaGeO4,,Li1 Ga1 Ge1 O4,9.62e-18,,,,,,,,,,,oxides,10.1149/2.1111610jes,0,data/database/caltech/ionic_conductivity_database .csv,,,,lowest_extrapolation_temperature_K=673,,,257739,,,duplicate DOI+formula; kept um1 from v1
caltech_icsd_257740,Li1Al0.5Ga0.5Ge1O4,,Li1 Al0.5 Ga0.5 Ge1 O4,1.3e-17,,,,,,,,,,,oxides,10.1149/2.1111610jes,0,data/database/caltech/ionic_conductivity_database .csv,,,,lowest_extrapolation_temperature_K=673,,,257740,,,duplicate DOI+formula; kept bnu from v1
caltech_icsd_257741,LiAlGeO4,,Li1 Al1 Ge1 O4,2.22e-16,,,,,,,,,,,oxides,10.1149/2.1111610jes,0,data/database/caltech/ionic_conductivity_database .csv,,,,lowest_extrapolation_temperature_K=673,,,257741,,,duplicate DOI+formula; kept kxw from v1
caltech_icsd_257819,LiScO2,,Li1 Sc1 O2,1.36e-17,,,,,,,,,,,oxides,10.2320/matertrans.y-m2016816,0,data/database/caltech/ionic_conductivity_database .csv,,,,lowest_extrapolation_temperature_K=573,,,257819,,,duplicate DOI+formula; kept sg0 from v1
caltech_icsd_257820,Li0.9Zr0.1Sc0.9O2,,Li0.9 Zr0.1 Sc0.9 O2,3.92e-14,,,,,,,,,,,oxides,10.2320/matertrans.y-m2016816,0,data/database/caltech/ionic_conductivity_database .csv,,,,lowest_extrapolation_temperature_K=573,,,257820,,,duplicate DOI+formula; kept 97b from v1
caltech_icsd_257946,Li10.35Si1.08Sn0.27P1.65S12,,Li10.35 Si1.08 Sn0.27 P1.65 S12,0.011,,,,,,,,,,,lgps,10.1021/acs.chemmater.7b00886,0,data/database/caltech/ionic_conductivity_database .csv,,,,lowest_extrapolation_temperature_K=na,,,257946,,,duplicate DOI+formula; kept ui6 from v1
caltech_icsd_257947,Li10.5Si1.2Sn0.3P1.5S12,,Li10.5 Si1.2 Sn0.3 P1.5 S12,0.00293,,,,,,,,,,,lgps,10.1021/acs.chemmater.7b00886,0,data/database/caltech/ionic_conductivity_database .csv,,,,lowest_extrapolation_temperature_K=na,,,257947,,,duplicate DOI+formula; kept 8ub from v1
caltech_icsd_257948,Li10.2Si0.96Sn0.24P1.8S12,,Li10.2 Si0.96 Sn0.24 P1.8 S12,0.00269,,,,,,,,,,,lgps,10.1021/acs.chemmater.7b00886,0,data/database/caltech/ionic_conductivity_database .csv,,,,lowest_extrapolation_temperature_K=na,,,257948,,,duplicate DOI+formula; kept 7tu from v1
caltech_icsd_258187,Li7Ge3PS12,,Li7 Ge3 P1 S12,0.00011,,,,,,,,,,,argyrodites,10.1016/j.jssc.2016.12.001,0,data/database/caltech/ionic_conductivity_database .csv,,,,lowest_extrapolation_temperature_K=na,,,258187,,,duplicate DOI+formula; kept 24k from v1
caltech_icsd_259165,Li5.3La3Sm0.15Ta1.85O12,,Li5.3 La3 Sm0.15 Ta1.85 O12,7.11e-06,,,,,,,,,,,garnet,10.1021/acs.inorgchem.7b00816,0,data/database/caltech/ionic_conductivity_database .csv,,,,lowest_extrapolation_temperature_K=na,,,259165,,,duplicate DOI+formula; kept 419 from v1
caltech_icsd_259166,Li5.5La3Sm0.25Ta1.75O12,,Li5.5 La3 Sm0.25 Ta1.75 O12,5.17e-06,,,,,,,,,,,garnet,10.1021/acs.inorgchem.7b00816,0,data/database/caltech/ionic_conductivity_database .csv,,,,lowest_extrapolation_temperature_K=na,,,259166,,,duplicate DOI+formula; kept c0g from v1
caltech_icsd_259167,Li5.7La3Sm0.35Ta1.65O12,,Li5.7 La3 Sm0.35 Ta1.65 O12,2.15e-05,,,,,,,,,,,garnet,10.1021/acs.inorgchem.7b00816,0,data/database/caltech/ionic_conductivity_database .csv,,,,lowest_extrapolation_temperature_K=na,,,259167,,,duplicate DOI+formula; kept kbu from v1
caltech_icsd_259168,Li5.9La3Sm0.45Ta1.55O12,,Li5.9 La3 Sm0.45 Ta1.55 O12,1.18e-05,,,,,,,,,,,garnet,10.1021/acs.inorgchem.7b00816,0,data/database/caltech/ionic_conductivity_database .csv,,,,lowest_extrapolation_temperature_K=na,,,259168,,,duplicate DOI+formula; kept fam from v1
caltech_icsd_259169,Li6.1La3Sm0.55Ta1.45O12,,Li6.1 La3 Sm0.55 Ta1.45 O12,1.4e-05,,,,,,,,,,,garnet,10.1021/acs.inorgchem.7b00816,0,data/database/caltech/ionic_conductivity_database .csv,,,,lowest_extrapolation_temperature_K=na,,,259169,,,duplicate DOI+formula; kept dae from v1
caltech_icsd_259201,Li6P1S5Br0.5Cl0.5,,Li6 P1 S5 Br0.5 Cl0.5,0.00333,,,,,,,,,,,argyrodites,10.1021/jacs.7b06327,0,data/database/caltech/ionic_conductivity_database .csv,,,,lowest_extrapolation_temperature_K=na,,,259201,,,duplicate DOI+formula; kept ij5 from v1
caltech_icsd_259203,Li6P1S5I0.5Br0.5,,Li6 P1 S5 I0.5 Br0.5,2.62e-05,,,,,,,,,,,argyrodites,10.1021/jacs.7b06327,0,data/database/caltech/ionic_conductivity_database .csv,,,,lowest_extrapolation_temperature_K=na,,,259203,,,duplicate DOI+formula; kept ymc from v1
caltech_icsd_259206,Li6P1S5Br0.25Cl0.75,,Li6 P1 S5 Br0.25 Cl0.75,0.00226,,,,,,,,,,,argyrodites,10.1021/jacs.7b06327,0,data/database/caltech/ionic_conductivity_database .csv,,,,lowest_extrapolation_temperature_K=na,,,259206,,,duplicate DOI+formula; kept kgl from v1
caltech_icsd_259209,Li6P1S5I0.25Br0.75,,Li6 P1 S5 I0.25 Br0.75,0.000112,,,,,,,,,,,argyrodites,10.1021/jacs.7b06327,0,data/database/caltech/ionic_conductivity_database .csv,,,,lowest_extrapolation_temperature_K=na,,,259209,,,duplicate DOI+formula; kept vqj from v1
caltech_icsd_259211,Li6P1S5I0.75Br0.25,,Li6 P1 S5 I0.75 Br0.25,4.72e-06,,,,,,,,,,,argyrodites,10.1021/jacs.7b06327,0,data/database/caltech/ionic_conductivity_database .csv,,,,lowest_extrapolation_temperature_K=na,,,259211,,,duplicate DOI+formula; kept h82 from v1
caltech_icsd_262075,LiSbO2,,Li1 Sb1 O2,5.66e-14,,,,,,,,,,,oxides,10.1021/ic201183e,0,data/database/caltech/ionic_conductivity_database .csv,,,,lowest_extrapolation_temperature_K=410,,,262075,,,duplicate DOI+formula; kept 1xt from v1
caltech_icsd_262923,Li14Nd5Si11N19O7F2,,Li14 Nd5 Si11 N19 O7 F2,1.7e-10,,,,,,,,,,,nitridosilicates,10.1021/ja302255d,0,data/database/caltech/ionic_conductivity_database .csv,,,,lowest_extrapolation_temperature_K=433,,,262923,,,duplicate DOI+formula; kept 472 from v1
caltech_icsd_263760,Li1.2Al0.2Ge1.8P3O12,,Li1.2 Al0.2 Ge1.8 P3 O12,4.83e-05,,,,,,,,,,,nasicon,10.1021/acsami.8b00842,0,data/database/caltech/ionic_conductivity_database .csv,,,,lowest_extrapolation_temperature_K=na,,,263760,,,duplicate DOI+formula; kept 0fh from v1
caltech_icsd_263762,Li1.4Al0.4Ge1.6P3O12,,Li1.4 Al0.4 Ge1.6 P3 O12,0.000188,,,,,,,,,,,nasicon,10.1021/acsami.8b00842,0,data/database/caltech/ionic_conductivity_database .csv,,,,lowest_extrapolation_temperature_K=na,,,263762,,,duplicate DOI+formula; kept gw2 from v1
caltech_icsd_263763,Li1.5Al0.5Ge1.5P3O12,,Li1.5 Al0.5 Ge1.5 P3 O12,0.000336,,,,,,,,,,,nasicon,10.1021/acsami.8b00842,0,data/database/caltech/ionic_conductivity_database .csv,,,,lowest_extrapolation_temperature_K=na,,,263763,,,duplicate DOI+formula; kept 1xf from v1
caltech_icsd_263765,Li1.7Al0.7Ge1.3P3O12,,Li1.7 Al0.7 Ge1.3 P3 O12,0.000264,,,,,,,,,,,nasicon,10.1021/acsami.8b00842,0,data/database/caltech/ionic_conductivity_database .csv,,,,lowest_extrapolation_temperature_K=na,,,263765,,,duplicate DOI+formula; kept tjh from v1
caltech_icsd_263766,Li1.8Al0.8Ge1.2P3O12,,Li1.8 Al0.8 Ge1.2 P3 O12,0.000137,,,,,,,,,,,nasicon,10.1021/acsami.8b00842,0,data/database/caltech/ionic_conductivity_database .csv,,,,lowest_extrapolation_temperature_K=na,,,263766,,,duplicate DOI+formula; kept 8fn from v1
caltech_icsd_267194,Li6P1Se0.1S4.9Br1,,Li6 P1 Se0.1 S4.9 Br1,0.0032,,,,,,,,,,,argyrodites,10.1021/acs.inorgchem.8b02443,0,data/database/caltech/ionic_conductivity_database .csv,,,,lowest_extrapolation_temperature_K=na,,,267194,,,duplicate DOI+formula; kept z16 from v1
caltech_icsd_267195,Li6P1Se0.2S4.8Br1,,Li6 P1 Se0.2 S4.8 Br1,0.00392,,,,,,,,,,,argyrodites,10.1021/acs.inorgchem.8b02443,0,data/database/caltech/ionic_conductivity_database .csv,,,,lowest_extrapolation_temperature_K=na,,,267195,,,duplicate DOI+formula; kept hbz from v1
caltech_icsd_267196,Li6P1Se0.3S4.7Br1,,Li6 P1 Se0.3 S4.7 Br1,0.00362,,,,,,,,,,,argyrodites,10.1021/acs.inorgchem.8b02443,0,data/database/caltech/ionic_conductivity_database .csv,,,,lowest_extrapolation_temperature_K=na,,,267196,,,duplicate DOI+formula; kept uut from v1
caltech_icsd_267197,Li6P1Se0.4S4.6Br1,,Li6 P1 Se0.4 S4.6 Br1,0.00364,,,,,,,,,,,argyrodites,10.1021/acs.inorgchem.8b02443,0,data/database/caltech/ionic_conductivity_database .csv,,,,lowest_extrapolation_temperature_K=na,,,267197,,,duplicate DOI+formula; kept cju from v1
caltech_icsd_267198,Li6P1Se0.5S4.5Br1,,Li6 P1 Se0.5 S4.5 Br1,0.00268,,,,,,,,,,,argyrodites,10.1021/acs.inorgchem.8b02443,0,data/database/caltech/ionic_conductivity_database .csv,,,,lowest_extrapolation_temperature_K=na,,,267198,,,duplicate DOI+formula; kept d9l from v1
caltech_icsd_267199,Li6P1Se0.6S4.4Br1,,Li6 P1 Se0.6 S4.4 Br1,0.00278,,,,,,,,,,,argyrodites,10.1021/acs.inorgchem.8b02443,0,data/database/caltech/ionic_conductivity_database .csv,,,,lowest_extrapolation_temperature_K=na,,,267199,,,duplicate DOI+formula; kept 96f from v1
caltech_icsd_267200,Li6P1Se0.7S4.3Br1,,Li6 P1 Se0.7 S4.3 Br1,0.00301,,,,,,,,,,,argyrodites,10.1021/acs.inorgchem.8b02443,0,data/database/caltech/ionic_conductivity_database .csv,,,,lowest_extrapolation_temperature_K=na,,,267200,,,duplicate DOI+formula; kept 1kq from v1
caltech_icsd_267201,Li6P1Se0.8S4.2Br1,,Li6 P1 Se0.8 S4.2 Br1,0.00348,,,,,,,,,,,argyrodites,10.1021/acs.inorgchem.8b02443,0,data/database/caltech/ionic_conductivity_database .csv,,,,lowest_extrapolation_temperature_K=na,,,267201,,,duplicate DOI+formula; kept c6e from v1
caltech_icsd_267202,Li6P1Se0.9S4.1Br1,,Li6 P1 Se0.9 S4.1 Br1,0.00382,,,,,,,,,,,argyrodites,10.1021/acs.inorgchem.8b02443,0,data/database/caltech/ionic_conductivity_database .csv,,,,lowest_extrapolation_temperature_K=na,,,267202,,,duplicate DOI+formula; kept t2c from v1
caltech_icsd_267203,Li6PSeS4Br,,Li6 P1 Se1 S4 Br1,0.00361,,,,,,,,,,,argyrodites,10.1021/acs.inorgchem.8b02443,0,data/database/caltech/ionic_conductivity_database .csv,,,,lowest_extrapolation_temperature_K=na,,,267203,,,duplicate DOI+formula; kept dlj from v1
caltech_icsd_267438,LiTa2PO8,,Li1 Ta2 P1 O8,0.0016,,,,,,,,,,,oxides,10.1039/c8ta09170f,0,data/database/caltech/ionic_conductivity_database .csv,,,,lowest_extrapolation_temperature_K=na,,,267438,,,duplicate DOI+formula; kept ard from v1
caltech_icsd_290832,Li4SnS4,,Li4 Sn1 S4,7e-05,,,,,,,,,,,chalcogenidotetrelates,10.1021/cm3011315,0,data/database/caltech/ionic_conductivity_database .csv,,,,lowest_extrapolation_temperature_K=na,,,290832,,,duplicate DOI+formula; kept kmv from v1
caltech_icsd_291512,NaLi2B(PO4)2,,Na1 Li2 B1 P2 O8,4.4e-18,,,,,,,,,,,borophosphates,10.1016/j.jssc.2014.11.024,0,data/database/caltech/ionic_conductivity_database .csv,,,,lowest_extrapolation_temperature_K=573,,,291512,,,duplicate DOI+formula; kept 7cr from v1
caltech_icsd_391258,Na5Li3(TiS4)2,,Na5 Li3 Ti2 S8,8.8e-06,,,,,,,,,,,sulfides,10.1016/j.jssc.2008.01.023,0,data/database/caltech/ionic_conductivity_database .csv,,,,lowest_extrapolation_temperature_K=na,,,391258,,,duplicate DOI+formula; kept qy4 from v1
caltech_icsd_413370,Li7SbO6,,Li7 Sb1 O6,6.7e-08,,,,,,,,,,,hexaoxometalates,10.1021/ic030208w,0,data/database/caltech/ionic_conductivity_database .csv,,,,lowest_extrapolation_temperature_K=na,,,413370,,,duplicate DOI+formula; kept oi6 from v1
caltech_icsd_416442,LiGd(PO3)4,,Li1 Gd1 P4 O12,3.99e-25,,,,,,,,,,,phosphates,10.1016/j.jssc.2006.06.003,0,data/database/caltech/ionic_conductivity_database .csv,,,,lowest_extrapolation_temperature_K=682,,,416442,,,duplicate DOI+formula; kept 00x from v1
caltech_icsd_420286,LiB6O9F,,Li1 B6 O9 F1,3.98e-23,,,,,,,,,,,fluorooxoborate,10.1002/zaac.200900056,0,data/database/caltech/ionic_conductivity_database .csv,,,,lowest_extrapolation_temperature_K=539,,,420286,,,duplicate DOI+formula; kept mde from v1
caltech_icsd_421479,Li6PClO5,,Li6 P1 Cl1 O5,5.54e-10,,,,,,,,,,,argyrodites,10.1002/zaac.201000121,0,data/database/caltech/ionic_conductivity_database .csv,,,,lowest_extrapolation_temperature_K=na,,,421479,,,duplicate DOI+formula; kept jy6 from v1
caltech_icsd_426103,Li9Mg3P4O16F3,,Li9 Mg3 P4 O16 F3,3.39e-11,,,,,,,,,,,fluorophosphates,10.1039/c3ta15264b,0,data/database/caltech/ionic_conductivity_database .csv,,,,lowest_extrapolation_temperature_K=373,,,426103,,,duplicate DOI+formula; kept dc8 from v1
caltech_icsd_431319,Sr2Li2Al(PO4)3,,Sr2 Li2 Al1 P3 O12,1.36e-13,,,,,,,,,,,nasicon,10.1016/j.jssc.2016.08.006,0,data/database/caltech/ionic_conductivity_database .csv,,,,lowest_extrapolation_temperature_K=500,,,431319,,,duplicate DOI+formula; kept kbo from v1
caltech_icsd_431391,Li5.68La2.95Zr2Fe0.16O12,,Li5.68 La2.95 Zr2 Fe0.16 O12,0.000935,,,,,,,,,,,garnet,10.1021/acs.chemmater.6b02516,0,data/database/caltech/ionic_conductivity_database .csv,,,,lowest_extrapolation_temperature_K=na,,,431391,,,duplicate DOI+formula; kept mtr from v1
caltech_icsd_431392,Li5.57La2.95Zr2Fe0.19O12,,Li5.57 La2.95 Zr2 Fe0.19 O12,0.00138,,,,,,,,,,,garnet,10.1021/acs.chemmater.6b02516,0,data/database/caltech/ionic_conductivity_database .csv,,,,lowest_extrapolation_temperature_K=na,,,431392,,,duplicate DOI+formula; kept s2v from v1
caltech_icsd_433369,Li5AlS4,,Li5 Al1 S4,1.23e-09,,,,,,,,,,,thio_lisicon,10.1016/j.jssc.2017.09.018,0,data/database/caltech/ionic_conductivity_database .csv,,,,lowest_extrapolation_temperature_K=323,,,433369,,,duplicate DOI+formula; kept y2l from v1
caltech_icsd_642223,Li3P,,Li3 P1,0.000703,,,,,,,,,,,phosphates,10.1016/0167-2738(89)90438-4,0,data/database/caltech/ionic_conductivity_database .csv,,,,lowest_extrapolation_temperature_K=na,,,642223,,,duplicate DOI+formula; kept 11b from v1
caltech_icsd_655673,Li3BN2,,Li3 B1 N2,1.6e-10,,,,,,,,,,,unknown,10.1016/0022-4596(87)90135-6,0,data/database/caltech/ionic_conductivity_database .csv,,,,lowest_extrapolation_temperature_K=400,,,655673,,,duplicate DOI+formula; kept caltech_icsd_155126 from caltech
liverpool_8_0007,Li6PClO5,,Li6 P1 Cl1 O5,1e-09,,,,,,,,,,,Argyrodite,10.1002/zaac.201000121,0,data/database/liverpool/LiIonDatabase.csv,,,,source_id=8; measured_temperature_C=25; chemical_family=Oxides and Other Anions,,,,,,duplicate DOI+formula; kept jy6 from v1
liverpool_20_0014,Li7.06La3Y0.06Zr1.94O12,,Li7.06 La3 Y0.06 Zr1.94 O12,0.000956,,,,,,,,,,,Garnet,10.1016/j.elecom.2011.08.014,0,data/database/liverpool/LiIonDatabase.csv,,,,source_id=20; measured_temperature_C=25; chemical_family=Oxides,,,,,,duplicate DOI+formula; kept dvs from v1
liverpool_21_0015,Li6.4La3Zr2Al0.19O11.8,,Li6.4 La3 Zr2 Al0.19 O11.8,0.00031,,,,,,,,,,,Garnet,10.1016/j.jpowsour.2012.02.100,0,data/database/liverpool/LiIonDatabase.csv,,,,source_id=21; measured_temperature_C=24.85; chemical_family=Oxides,,,,,,duplicate DOI+formula; kept 8ee from v1
liverpool_22_0016,Li0.29La0.57Ti1O3,,Li0.29 La0.57 Ti1 O3,0.0016,,,,,,,,,,,Perovskite,10.1016/j.jpowsour.2012.11.098,0,data/database/liverpool/LiIonDatabase.csv,,,,source_id=22; measured_temperature_C=26.85; chemical_family=Oxides,,,,,,duplicate DOI+formula; kept 85t from v1
liverpool_23_0017,Li6.5La3Zr1.75Te0.25O12,,Li6.5 La3 Zr1.75 Te0.25 O12,0.000107,,,,,,,,,,,Garnet,10.1016/j.jpowsour.2013.03.166,0,data/database/liverpool/LiIonDatabase.csv,,,,source_id=23; measured_temperature_C=29.85; chemical_family=Oxides,,,,,,duplicate DOI+formula; kept uht from v1
liverpool_24_0018,Li7La3Zr2O12,,Li7 La3 Zr2 O12,1.63e-06,,,,,,,,,,,Garnet,10.1016/j.jssc.2009.05.020,0,data/database/liverpool/LiIonDatabase.csv,,,,source_id=24; measured_temperature_C=24.85; chemical_family=Oxides,,,,,,duplicate DOI+formula; kept caltech_icsd_183684 from caltech
liverpool_25_0019,Li9.6P3S12,,Li9.6 P3 S12,0.00158,,,,,,,,,,,Thio-LISICON,10.1038/nenergy.2016.30,0,data/database/liverpool/LiIonDatabase.csv,,,,source_id=25; measured_temperature_C=24.85; chemical_family=Sulphides,,,,,,duplicate DOI+formula; kept ikh from v1
liverpool_36_0027,Li9.54Si1.74P1.44S11.7Cl0.3,,Li9.54 Si1.74 P1.44 S11.7 Cl0.3,0.025,,,,,,,,,,,Thio-LISICON,10.1038/nenergy.2016.30,0,data/database/liverpool/LiIonDatabase.csv,,,,source_id=36; measured_temperature_C=24.85; chemical_family=Sulphides and Other Anions,,,,,,duplicate DOI+formula; kept ete from v1
liverpool_39_0029,Li7P3S11,,Li7 P3 S11,0.0032,,,,,,,,,,,Thio-LISICON,10.1039/c3ee41655k,0,data/database/liverpool/LiIonDatabase.csv,,,,source_id=39; measured_temperature_C=24.85; chemical_family=Sulphides,,,,,,duplicate DOI+formula; kept mdp from v1
liverpool_45_0034,Ba0.1Li6.5La2.9Zr1.4Ta0.6O12,,Ba0.1 Li6.5 La2.9 Zr1.4 Ta0.6 O12,0.00083,,,,,,,,,,,Garnet,10.3389/fenrg.2016.00028,0,data/database/liverpool/LiIonDatabase.csv,,,,source_id=45; measured_temperature_C=26.85; chemical_family=Oxides,,,,,,duplicate DOI+formula; kept dti from v1
liverpool_83_0064,Li0.33La0.56Ti0.96Al0.04O2.96F0.04,,Li0.33 La0.56 Ti0.96 Al0.04 O2.96 F0.04,0.000622,,,,,,,,,,,Perovskite,10.1007/s11581-006-0011-9,0,data/database/liverpool/LiIonDatabase.csv,,,,source_id=83; measured_temperature_C=25; chemical_family=Oxides and Other Anions,,,,,,duplicate DOI+formula; kept yh8 from v1
liverpool_99_0080,Li1.3Ti1.7Al0.3P3O12,,Li1.3 Ti1.7 Al0.3 P3 O12,3.33e-07,,,,,,,,,,,NASICON,10.1007/s11581-007-0197-5,0,data/database/liverpool/LiIonDatabase.csv,,,,source_id=99; measured_temperature_C=21.42; chemical_family=Oxides,,,,,,duplicate DOI+formula; kept liverpool_98_0079 from liverpool
liverpool_160_0130,Li1.4P0.6S2.2,,Li1.4 P0.6 S2.2,4.33e-05,,,,,,,,,,,Glass,10.1016/j.jpowsour.2008.09.044,0,data/database/liverpool/LiIonDatabase.csv,,,,source_id=160; measured_temperature_C=25; chemical_family=Sulphides,,,,,,duplicate DOI+formula; kept liverpool_158_0128 from liverpool
liverpool_197_0162,SrLi6La2Nb2O12,,Sr1 Li6 La2 Nb2 O12,6.21e-07,,,,,,,,,,,Garnet,10.1016/j.ssi.2008.01.047,0,data/database/liverpool/LiIonDatabase.csv,,,,source_id=197; measured_temperature_C=25; chemical_family=Oxides,,,,,,duplicate DOI+formula; kept 20k from v1
liverpool_220_0180,BaLi6La2Ta2O12,,Ba1 Li6 La2 Ta2 O12,1.28e-05,,,,,,,,,,,Garnet,10.1016/j.ssi.2008.10.022,0,data/database/liverpool/LiIonDatabase.csv,,,,source_id=220; measured_temperature_C=25; chemical_family=Oxides,,,,,,duplicate DOI+formula; kept hud from v1
liverpool_221_0181,Li6CaLa2Ta2O12,,Li6 Ca1 La2 Ta2 O12,2.24e-06,,,,,,,,,,,Garnet,10.1016/j.ssi.2008.10.022,0,data/database/liverpool/LiIonDatabase.csv,,,,source_id=221; measured_temperature_C=27; chemical_family=Oxides,,,,,,duplicate DOI+formula; kept jej from v1
liverpool_228_0188,Li7La3Ta2O13,,Li7 La3 Ta2 O13,2.65e-06,,,,,,,,,,,Garnet,10.1016/j.ssi.2009.07.002,0,data/database/liverpool/LiIonDatabase.csv,,,,source_id=228; measured_temperature_C=30; chemical_family=Oxides,,,,,,duplicate DOI+formula; kept rgo from v1
liverpool_252_0211,Li4Nd3SbTeO12,,Li4 Nd3 Sb1 Te1 O12,8.7e-09,,,,,,,,,,,Garnet,10.1021/cm703677q,0,data/database/liverpool/LiIonDatabase.csv,,,,source_id=252; measured_temperature_C=25; chemical_family=Oxides,,,,,,duplicate DOI+formula; kept lpt from v1
liverpool_300_0237,Li3.2Ge0.2P0.8S4,,Li3.2 Ge0.2 P0.8 S4,0.00054,,,,,,,,,,,Thio-LISICON,10.1149/1.1379028,0,data/database/liverpool/LiIonDatabase.csv,,,,source_id=300; measured_temperature_C=27; chemical_family=Sulphides,,,,,,duplicate DOI+formula; kept j3x from v1
liverpool_301_0238,Li6.75La3Zr1.75Ta0.25O12,,Li6.75 La3 Zr1.75 Ta0.25 O12,0.000896,,,,,,,,,,,Garnet,10.1016/j.jpowsour.2012.01.131,0,data/database/liverpool/LiIonDatabase.csv,,,,source_id=301; measured_temperature_C=25; chemical_family=Oxides,,,,,,duplicate DOI+formula; kept 7w5 from v1
liverpool_310_0247,Li1.3Sc0.2Ti1.7Al0.1P3O12,,Li1.3 Sc0.2 Ti1.7 Al0.1 P3 O12,0.000426,,,,,,,,,,,NASICON,10.1007/s10008-012-1780-x,0,data/database/liverpool/LiIonDatabase.csv,,,,source_id=310; measured_temperature_C=25; chemical_family=Oxides,,,,,,duplicate DOI+formula; kept dq4 from v1
liverpool_312_0249,Li1.15Ti1.85Fe0.15P3O12,,Li1.15 Ti1.85 Fe0.15 P3 O12,0.000522,,,,,,,,,,,NASICON,10.1007/s11164-013-1348-0,0,data/database/liverpool/LiIonDatabase.csv,,,,source_id=312; measured_temperature_C=25; chemical_family=Oxides,,,,,,duplicate DOI+formula; kept 6j9 from v1
liverpool_335_0269,Li1.3Sc0.3Ti1.7P3O12,,Li1.3 Sc0.3 Ti1.7 P3 O12,0.000568,,,,,,,,,,,NASICON,10.1016/0167-2738(86)90179-7,0,data/database/liverpool/LiIonDatabase.csv,,,,source_id=335; measured_temperature_C=25; chemical_family=Oxides,,,,,,duplicate DOI+formula; kept iwe from v1
liverpool_336_0270,Li1.1Sc0.1Ti1.9P3O12,,Li1.1 Sc0.1 Ti1.9 P3 O12,0.000158,,,,,,,,,,,NASICON,10.1016/0167-2738(86)90179-7,0,data/database/liverpool/LiIonDatabase.csv,,,,source_id=336; measured_temperature_C=25; chemical_family=Oxides,,,,,,duplicate DOI+formula; kept ib2 from v1
liverpool_340_0274,Li1Zr1.8Ti0.2P3O12,,Li1 Zr1.8 Ti0.2 P3 O12,5.6e-08,,,,,,,,,,,NASICON,10.1016/0167-2738(86)90179-7,0,data/database/liverpool/LiIonDatabase.csv,,,,source_id=340; measured_temperature_C=25; chemical_family=Oxides,,,,,,duplicate DOI+formula; kept ci1 from v1
liverpool_342_0276,Li1Zr0.2Ti1.8P3O12,,Li1 Zr0.2 Ti1.8 P3 O12,8.5e-08,,,,,,,,,,,NASICON,10.1016/0167-2738(86)90179-7,0,data/database/liverpool/LiIonDatabase.csv,,,,source_id=342; measured_temperature_C=25; chemical_family=Oxides,,,,,,duplicate DOI+formula; kept 08e from v1
liverpool_348_0280,Li1Zr1.9Ti0.1P3O12,,Li1 Zr1.9 Ti0.1 P3 O12,3.2e-08,,,,,,,,,,,NASICON,10.1016/0167-2738(86)90179-7,0,data/database/liverpool/LiIonDatabase.csv,,,,source_id=348; measured_temperature_C=25; chemical_family=Oxides,,,,,,duplicate DOI+formula; kept xkh from v1
liverpool_350_0282,Li1.2Ta0.9Al1.1P3O12,,Li1.2 Ta0.9 Al1.1 P3 O12,6.5e-07,,,,,,,,,,,NASICON,10.1039/a807007e,0,data/database/liverpool/LiIonDatabase.csv,,,,source_id=350; measured_temperature_C=30; chemical_family=Oxides,,,,,,duplicate DOI+formula; kept lc1 from v1
liverpool_351_0283,LiTaAl(PO4)3,,Li1 Ta1 Al1 P3 O12,6.5e-07,,,,,,,,,,,NASICON,10.1039/a807007e,0,data/database/liverpool/LiIonDatabase.csv,,,,source_id=351; measured_temperature_C=30; chemical_family=Oxides,,,,,,duplicate DOI+formula; kept sxv from v1
liverpool_358_0288,Li1.5Ti1.5Cr0.5P3O12,,Li1.5 Ti1.5 Cr0.5 P3 O12,0.000391,,,,,,,,,,,NASICON,10.1149/1.2086597,0,data/database/liverpool/LiIonDatabase.csv,,,,source_id=358; measured_temperature_C=25; chemical_family=Oxides,,,,,,duplicate DOI+formula; kept d6b from v1
liverpool_366_0296,Li1.4Hf1.6In0.4P3O12,,Li1.4 Hf1.6 In0.4 P3 O12,0.000142,,,,,,,,,,,NASICON,10.1016/0167-2738(93)90387-i,0,data/database/liverpool/LiIonDatabase.csv,,,,source_id=366; measured_temperature_C=25; chemical_family=Oxides,,,,,,duplicate DOI+formula; kept ylt from v1
liverpool_367_0297,Li1.1Hf1.9Fe0.1P3O12,,Li1.1 Hf1.9 Fe0.1 P3 O12,0.000107,,,,,,,,,,,NASICON,10.1016/0167-2738(93)90387-i,0,data/database/liverpool/LiIonDatabase.csv,,,,source_id=367; measured_temperature_C=25; chemical_family=Oxides,,,,,,duplicate DOI+formula; kept dx2 from v1
liverpool_368_0298,Li1.2Lu0.2Hf1.8P3O12,,Li1.2 Lu0.2 Hf1.8 P3 O12,9.79e-05,,,,,,,,,,,NASICON,10.1016/0167-2738(93)90387-i,0,data/database/liverpool/LiIonDatabase.csv,,,,source_id=368; measured_temperature_C=25; chemical_family=Oxides,,,,,,duplicate DOI+formula; kept gzp from v1
liverpool_372_0302,Li1.3Hf1.7Sc0.3P3O12,,Li1.3 Hf1.7 Sc0.3 P3 O12,8.32e-05,,,,,,,,,,,NASICON,10.1016/0167-2738(93)90387-i,0,data/database/liverpool/LiIonDatabase.csv,,,,source_id=372; measured_temperature_C=25; chemical_family=Oxides,,,,,,duplicate DOI+formula; kept h8a from v1
liverpool_373_0303,Li1.1Lu0.1Hf1.9P3O12,,Li1.1 Lu0.1 Hf1.9 P3 O12,5.88e-05,,,,,,,,,,,NASICON,10.1016/0167-2738(93)90387-i,0,data/database/liverpool/LiIonDatabase.csv,,,,source_id=373; measured_temperature_C=25; chemical_family=Oxides,,,,,,duplicate DOI+formula; kept 21m from v1
liverpool_374_0304,Li1.4Y0.4Hf1.6P3O12,,Li1.4 Y0.4 Hf1.6 P3 O12,2.09e-05,,,,,,,,,,,NASICON,10.1016/0167-2738(93)90387-i,0,data/database/liverpool/LiIonDatabase.csv,,,,source_id=374; measured_temperature_C=25; chemical_family=Oxides,,,,,,duplicate DOI+formula; kept sso from v1
liverpool_376_0306,Li1.3Hf1.7Fe0.3P3O12,,Li1.3 Hf1.7 Fe0.3 P3 O12,5.4e-05,,,,,,,,,,,NASICON,10.1016/0167-2738(93)90387-i,0,data/database/liverpool/LiIonDatabase.csv,,,,source_id=376; measured_temperature_C=25; chemical_family=Oxides,,,,,,duplicate DOI+formula; kept ew5 from v1
liverpool_377_0307,Li1.3Lu0.3Hf1.7P3O12,,Li1.3 Lu0.3 Hf1.7 P3 O12,3.56e-05,,,,,,,,,,,NASICON,10.1016/0167-2738(93)90387-i,0,data/database/liverpool/LiIonDatabase.csv,,,,source_id=377; measured_temperature_C=25; chemical_family=Oxides,,,,,,duplicate DOI+formula; kept jdk from v1
liverpool_378_0308,Li1.3Y0.3Hf1.7P3O12,,Li1.3 Y0.3 Hf1.7 P3 O12,3.19e-05,,,,,,,,,,,NASICON,10.1016/0167-2738(93)90387-i,0,data/database/liverpool/LiIonDatabase.csv,,,,source_id=378; measured_temperature_C=25; chemical_family=Oxides,,,,,,duplicate DOI+formula; kept jq7 from v1
liverpool_379_0309,Li1.1Hf1.9Sc0.1P3O12,,Li1.1 Hf1.9 Sc0.1 P3 O12,2.45e-05,,,,,,,,,,,NASICON,10.1016/0167-2738(93)90387-i,0,data/database/liverpool/LiIonDatabase.csv,,,,source_id=379; measured_temperature_C=25; chemical_family=Oxides,,,,,,duplicate DOI+formula; kept 4k1 from v1
liverpool_380_0310,Li1.4Lu0.4Hf1.6P3O12,,Li1.4 Lu0.4 Hf1.6 P3 O12,2.06e-05,,,,,,,,,,,NASICON,10.1016/0167-2738(93)90387-i,0,data/database/liverpool/LiIonDatabase.csv,,,,source_id=380; measured_temperature_C=25; chemical_family=Oxides,,,,,,duplicate DOI+formula; kept gnq from v1
liverpool_381_0311,Li1.1Hf1.9In0.1P3O12,,Li1.1 Hf1.9 In0.1 P3 O12,1e-06,,,,,,,,,,,NASICON,10.1016/0167-2738(93)90387-i,0,data/database/liverpool/LiIonDatabase.csv,,,,source_id=381; measured_temperature_C=25; chemical_family=Oxides,,,,,,duplicate DOI+formula; kept 6xc from v1
liverpool_382_0312,Li1.3Hf1.7Cr0.3P3O12,,Li1.3 Hf1.7 Cr0.3 P3 O12,5.26e-07,,,,,,,,,,,NASICON,10.1016/0167-2738(93)90387-i,0,data/database/liverpool/LiIonDatabase.csv,,,,source_id=382; measured_temperature_C=25; chemical_family=Oxides,,,,,,duplicate DOI+formula; kept lh8 from v1
liverpool_390_0320,Li1.15Y0.15Zr1.85P3O12,,Li1.15 Y0.15 Zr1.85 P3 O12,7.1e-05,,,,,,,,,,,NASICON,10.1016/j.jpowsour.2013.03.175,0,data/database/liverpool/LiIonDatabase.csv,,,,source_id=390; measured_temperature_C=25; chemical_family=Oxides,,,,,,duplicate DOI+formula; kept lpx from v1
liverpool_401_0330,Li1.3Y0.1Ti1.7Al0.2P3O12,,Li1.3 Y0.1 Ti1.7 Al0.2 P3 O12,0.00012,,,,,,,,,,,NASICON,10.1016/j.ssi.2012.05.011,0,data/database/liverpool/LiIonDatabase.csv,,,,source_id=401; measured_temperature_C=25; chemical_family=Oxides,,,,,,duplicate DOI+formula; kept f7p from v1
liverpool_402_0331,Li1.3Y0.2Ti1.7Al0.1P3O12,,Li1.3 Y0.2 Ti1.7 Al0.1 P3 O12,7.3e-05,,,,,,,,,,,NASICON,10.1016/j.ssi.2012.05.011,0,data/database/liverpool/LiIonDatabase.csv,,,,source_id=402; measured_temperature_C=25; chemical_family=Oxides,,,,,,duplicate DOI+formula; kept l8t from v1
liverpool_403_0332,Li1.3Y0.15Ti1.7Al0.15P3O12,,Li1.3 Y0.15 Ti1.7 Al0.15 P3 O12,1.9e-05,,,,,,,,,,,NASICON,10.1016/j.ssi.2012.05.011,0,data/database/liverpool/LiIonDatabase.csv,,,,source_id=403; measured_temperature_C=25; chemical_family=Oxides,,,,,,duplicate DOI+formula; kept 3tt from v1
liverpool_407_0336,Li2TiIn(PO4)3,,Li2 Ti1 In1 P3 O12,8.3e-06,,,,,,,,,,,NASICON,10.1016/s0167-2738(96)00565-6,0,data/database/liverpool/LiIonDatabase.csv,,,,source_id=407; measured_temperature_C=25; chemical_family=Oxides,,,,,,duplicate DOI+formula; kept ubi from v1
liverpool_408_0337,Li2ZrCr(PO4)3,,Li2 Zr1 Cr1 P3 O12,5.91e-07,,,,,,,,,,,NASICON,10.1016/s0167-2738(96)00565-6,0,data/database/liverpool/LiIonDatabase.csv,,,,source_id=408; measured_temperature_C=25; chemical_family=Oxides,,,,,,duplicate DOI+formula; kept g5g from v1
liverpool_409_0338,Li2TiCr(PO4)3,,Li2 Ti1 Cr1 P3 O12,4.41e-07,,,,,,,,,,,NASICON,10.1016/s0167-2738(96)00565-6,0,data/database/liverpool/LiIonDatabase.csv,,,,source_id=409; measured_temperature_C=25; chemical_family=Oxides,,,,,,duplicate DOI+formula; kept dnt from v1
liverpool_410_0339,Li2TiFe(PO4)3,,Li2 Ti1 Fe1 P3 O12,3.34e-07,,,,,,,,,,,NASICON,10.1016/s0167-2738(96)00565-6,0,data/database/liverpool/LiIonDatabase.csv,,,,source_id=410; measured_temperature_C=25; chemical_family=Oxides,,,,,,duplicate DOI+formula; kept c6h from v1
liverpool_411_0340,Li2ZrFe(PO4)3,,Li2 Zr1 Fe1 P3 O12,1.44e-07,,,,,,,,,,,NASICON,10.1016/s0167-2738(96)00565-6,0,data/database/liverpool/LiIonDatabase.csv,,,,source_id=411; measured_temperature_C=25; chemical_family=Oxides,,,,,,duplicate DOI+formula; kept vzu from v1
liverpool_412_0341,Li2ZrIn(PO4)3,,Li2 Zr1 In1 P3 O12,8.22e-08,,,,,,,,,,,NASICON,10.1016/s0167-2738(96)00565-6,0,data/database/liverpool/LiIonDatabase.csv,,,,source_id=412; measured_temperature_C=25; chemical_family=Oxides,,,,,,duplicate DOI+formula; kept 9z8 from v1
liverpool_413_0342,Li2HfIn(PO4)3,,Li2 Hf1 In1 P3 O12,2.74e-08,,,,,,,,,,,NASICON,10.1016/s0167-2738(96)00565-6,0,data/database/liverpool/LiIonDatabase.csv,,,,source_id=413; measured_temperature_C=25; chemical_family=Oxides,,,,,,duplicate DOI+formula; kept a3e from v1
liverpool_422_0348,Li1.5Al0.5Ge1.5P3O12,,Li1.5 Al0.5 Ge1.5 P3 O12,0.00028,,,,,,,,,,,NASICON,10.1016/s0955-2219(99)00055-2,0,data/database/liverpool/LiIonDatabase.csv,,,,source_id=422; measured_temperature_C=25; chemical_family=Oxides,,,,,,duplicate DOI+formula; kept u5t from v1
liverpool_423_0349,Li1.6Al0.6Ge1.4P3O12,,Li1.6 Al0.6 Ge1.4 P3 O12,0.00014,,,,,,,,,,,NASICON,10.1016/s0955-2219(99)00055-2,0,data/database/liverpool/LiIonDatabase.csv,,,,source_id=423; measured_temperature_C=25; chemical_family=Oxides,,,,,,duplicate DOI+formula; kept 0y6 from v1
liverpool_424_0350,Li1.3Al0.3Ge1.7P3O12,,Li1.3 Al0.3 Ge1.7 P3 O12,3.9e-05,,,,,,,,,,,NASICON,10.1016/s0955-2219(99)00055-2,0,data/database/liverpool/LiIonDatabase.csv,,,,source_id=424; measured_temperature_C=25; chemical_family=Oxides,,,,,,duplicate DOI+formula; kept ag1 from v1
liverpool_427_0353,Li1.1Al0.1Ge1.9P3O12,,Li1.1 Al0.1 Ge1.9 P3 O12,2.9e-06,,,,,,,,,,,NASICON,10.1016/s0955-2219(99)00055-2,0,data/database/liverpool/LiIonDatabase.csv,,,,source_id=427; measured_temperature_C=25; chemical_family=Oxides,,,,,,duplicate DOI+formula; kept za6 from v1
liverpool_430_0354,Li1.5Ti1.5Al0.5P3O12,,Li1.5 Ti1.5 Al0.5 P3 O12,1.1e-05,,,,,,,,,,,NASICON,10.1021/cm010528i,0,data/database/liverpool/LiIonDatabase.csv,,,,source_id=430; measured_temperature_C=25; chemical_family=Oxides,,,,,,duplicate DOI+formula; kept caltech_icsd_19905 from caltech
liverpool_432_0356,Li1.6Ti0.6Al0.6Ge0.8P3O12,,Li1.6 Ti0.6 Al0.6 Ge0.8 P3 O12,0.00011,,,,,,,,,,,NASICON,10.1021/cm021717j,0,data/database/liverpool/LiIonDatabase.csv,,,,source_id=432; measured_temperature_C=25; chemical_family=Oxides,,,,,,duplicate DOI+formula; kept nng from v1
liverpool_446_0366,LiCrSb(PO4)3,,Li1 Cr1 Sb1 P3 O12,3.57e-10,,,,,,,,,,,NASICON,10.1063/1.2357843,0,data/database/liverpool/LiIonDatabase.csv,,,,source_id=446; measured_temperature_C=30; chemical_family=Oxides,,,,,,duplicate DOI+formula; kept 4t5 from v1
liverpool_448_0367,LiAlSb(PO4)3,,Li1 Al1 Sb1 P3 O12,3.17e-08,,,,,,,,,,,NASICON,10.1063/1.2357843,0,data/database/liverpool/LiIonDatabase.csv,,,,source_id=448; measured_temperature_C=30; chemical_family=Oxides,,,,,,duplicate DOI+formula; kept smk from v1
liverpool_449_0368,LiFeSb(PO4)3,,Li1 Fe1 Sb1 P3 O12,1.37e-06,,,,,,,,,,,NASICON,10.1063/1.2357843,0,data/database/liverpool/LiIonDatabase.csv,,,,source_id=449; measured_temperature_C=30; chemical_family=Oxides,,,,,,duplicate DOI+formula; kept vtr from v1
liverpool_452_0370,Li1.3Sc0.3Ti1.7P3O12,,Li1.3 Sc0.3 Ti1.7 P3 O12,0.000794,,,,,,,,,,,NASICON,10.1149/1.2086597,0,data/database/liverpool/LiIonDatabase.csv,,,,source_id=452; measured_temperature_C=25; chemical_family=Oxides,,,,,,duplicate DOI+formula; kept do2 from v1
liverpool_458_0376,Li1.4Sc0.4Ti1.6P3O12,,Li1.4 Sc0.4 Ti1.6 P3 O12,0.000515,,,,,,,,,,,NASICON,10.1149/1.2086597,0,data/database/liverpool/LiIonDatabase.csv,,,,source_id=458; measured_temperature_C=25; chemical_family=Oxides,,,,,,duplicate DOI+formula; kept uaj from v1
liverpool_460_0378,Li1.4Ti1.6Fe0.4P3O12,,Li1.4 Ti1.6 Fe0.4 P3 O12,0.000386,,,,,,,,,,,NASICON,10.1149/1.2086597,0,data/database/liverpool/LiIonDatabase.csv,,,,source_id=460; measured_temperature_C=25; chemical_family=Oxides,,,,,,duplicate DOI+formula; kept xr7 from v1
liverpool_461_0379,Li1.4Ti1.6In0.4P3O12,,Li1.4 Ti1.6 In0.4 P3 O12,0.0003,,,,,,,,,,,NASICON,10.1149/1.2086597,0,data/database/liverpool/LiIonDatabase.csv,,,,source_id=461; measured_temperature_C=25; chemical_family=Oxides,,,,,,duplicate DOI+formula; kept yn6 from v1
liverpool_462_0380,Li1.5Ti1.5In0.5P3O12,,Li1.5 Ti1.5 In0.5 P3 O12,0.000204,,,,,,,,,,,NASICON,10.1149/1.2086597,0,data/database/liverpool/LiIonDatabase.csv,,,,source_id=462; measured_temperature_C=25; chemical_family=Oxides,,,,,,duplicate DOI+formula; kept 8jy from v1
liverpool_463_0381,Li1.5Ti1.5Fe0.5P3O12,,Li1.5 Ti1.5 Fe0.5 P3 O12,0.000175,,,,,,,,,,,NASICON,10.1149/1.2086597,0,data/database/liverpool/LiIonDatabase.csv,,,,source_id=463; measured_temperature_C=25; chemical_family=Oxides,,,,,,duplicate DOI+formula; kept pg8 from v1
liverpool_464_0382,Li1.4Ti1.6Cr0.4P3O12,,Li1.4 Ti1.6 Cr0.4 P3 O12,0.00015,,,,,,,,,,,NASICON,10.1149/1.2086597,0,data/database/liverpool/LiIonDatabase.csv,,,,source_id=464; measured_temperature_C=25; chemical_family=Oxides,,,,,,duplicate DOI+formula; kept v1t from v1
liverpool_468_0386,Li1.3La0.3Ti1.7P3O12,,Li1.3 La0.3 Ti1.7 P3 O12,0.000528,,,,,,,,,,,NASICON,10.1149/1.2096693,0,data/database/liverpool/LiIonDatabase.csv,,,,source_id=468; measured_temperature_C=25; chemical_family=Oxides,,,,,,duplicate DOI+formula; kept ctg from v1
liverpool_471_0389,LiSn2(PO4)3,,Li1 Sn2 P3 O12,2e-09,,,,,,,,,,,NASICON,10.1149/1.2220723,0,data/database/liverpool/LiIonDatabase.csv,,,,source_id=471; measured_temperature_C=25; chemical_family=Oxides,,,,,,duplicate DOI+formula; kept caltech_icsd_83832 from caltech
liverpool_488_0406,Li7Ge3PS12,,Li7 Ge3 P1 S12,0.00011,,,,,,,,,,,Thio-LISICON,10.1016/j.jssc.2016.12.001,0,data/database/liverpool/LiIonDatabase.csv,,,,source_id=488; measured_temperature_C=25; chemical_family=Sulphides,,,,,,duplicate DOI+formula; kept 24k from v1
liverpool_502_0417,Li2PS3,,Li4 P2 S6,2.57e-07,,,,,,,,,,,Glass,10.1016/j.ssi.2015.10.015,0,data/database/liverpool/LiIonDatabase.csv,,,,source_id=502; measured_temperature_C=25; chemical_family=Sulphides,,,,,,duplicate DOI+formula; kept caltech_icsd_242170 from caltech
liverpool_504_0418,Li3BrO,,Li3 Br1 O1,1.06e-06,,,,,,,,,,,Anti-Perovskite,10.1016/j.ssi.2015.11.027,0,data/database/liverpool/LiIonDatabase.csv,,,,source_id=504; measured_temperature_C=25; chemical_family=Oxides and Other Anions,,,,,,duplicate DOI+formula; kept qbb from v1
liverpool_540_0445,Li3.8Ge0.8P0.2O4,,Li3.8 Ge0.8 P0.2 O4,1.03e-06,,,,,,,,,,,LISICON,10.1021/acs.chemmater.8b01504,0,data/database/liverpool/LiIonDatabase.csv,,,,source_id=540; measured_temperature_C=30; chemical_family=Oxides,,,,,,duplicate DOI+formula; kept mgs from v1
liverpool_542_0447,Li3VO4,,Li3 V1 O4,9.2e-14,,,,,,,,,,,LISICON,10.1021/acs.chemmater.8b01504,0,data/database/liverpool/LiIonDatabase.csv,,,,source_id=542; measured_temperature_C=30; chemical_family=Oxides,,,,,,duplicate DOI+formula; kept h6c from v1
liverpool_543_0448,Li3.2Ge0.2P0.8O4,,Li3.2 Ge0.2 P0.8 O4,1.14e-06,,,,,,,,,,,LISICON,10.1021/acs.chemmater.8b01504,0,data/database/liverpool/LiIonDatabase.csv,,,,source_id=543; measured_temperature_C=30; chemical_family=Oxides,,,,,,duplicate DOI+formula; kept e6e from v1
liverpool_544_0449,Li3V0.6P0.4O4,,Li3 V0.6 P0.4 O4,3.55e-13,,,,,,,,,,,LISICON,10.1021/acs.chemmater.8b01504,0,data/database/liverpool/LiIonDatabase.csv,,,,source_id=544; measured_temperature_C=30; chemical_family=Oxides,,,,,,duplicate DOI+formula; kept dku from v1
liverpool_546_0450,Li3V0.8P0.2O4,,Li3 V0.8 P0.2 O4,1.31e-13,,,,,,,,,,,LISICON,10.1021/acs.chemmater.8b01504,0,data/database/liverpool/LiIonDatabase.csv,,,,source_id=546; measured_temperature_C=30; chemical_family=Oxides,,,,,,duplicate DOI+formula; kept ssv from v1
liverpool_547_0451,Li3.6Ge0.6P0.4O4,,Li3.6 Ge0.6 P0.4 O4,1.1e-05,,,,,,,,,,,LISICON,10.1021/acs.chemmater.8b01504,0,data/database/liverpool/LiIonDatabase.csv,,,,source_id=547; measured_temperature_C=30; chemical_family=Oxides,,,,,,duplicate DOI+formula; kept efb from v1
liverpool_548_0452,Li3.4Ge0.4P0.6O4,,Li3.4 Ge0.4 P0.6 O4,4.5e-06,,,,,,,,,,,LISICON,10.1021/acs.chemmater.8b01504,0,data/database/liverpool/LiIonDatabase.csv,,,,source_id=548; measured_temperature_C=30; chemical_family=Oxides,,,,,,duplicate DOI+formula; kept eij from v1
liverpool_549_0453,Li3.2V0.8Ge0.2O4,,Li3.2 V0.8 Ge0.2 O4,1.9e-05,,,,,,,,,,,LISICON,10.1021/acs.chemmater.8b01504,0,data/database/liverpool/LiIonDatabase.csv,,,,source_id=549; measured_temperature_C=30; chemical_family=Oxides,,,,,,duplicate DOI+formula; kept ylh from v1
liverpool_550_0454,Li3.6V0.4Ge0.6O4,,Li3.6 V0.4 Ge0.6 O4,3.19e-05,,,,,,,,,,,LISICON,10.1021/acs.chemmater.8b01504,0,data/database/liverpool/LiIonDatabase.csv,,,,source_id=550; measured_temperature_C=30; chemical_family=Oxides,,,,,,duplicate DOI+formula; kept lcm from v1
liverpool_551_0455,Li3.8V0.2Ge0.8O4,,Li3.8 V0.2 Ge0.8 O4,2.71e-06,,,,,,,,,,,LISICON,10.1021/acs.chemmater.8b01504,0,data/database/liverpool/LiIonDatabase.csv,,,,source_id=551; measured_temperature_C=30; chemical_family=Oxides,,,,,,duplicate DOI+formula; kept 31s from v1
liverpool_553_0456,Li3.4V0.6Ge0.4O4,,Li3.4 V0.6 Ge0.4 O4,8.89e-07,,,,,,,,,,,LISICON,10.1021/acs.chemmater.8b01504,0,data/database/liverpool/LiIonDatabase.csv,,,,source_id=553; measured_temperature_C=30; chemical_family=Oxides,,,,,,duplicate DOI+formula; kept ldd from v1
liverpool_554_0457,Li3V0.4P0.6O4,,Li3 V0.4 P0.6 O4,3.2e-13,,,,,,,,,,,LISICON,10.1021/acs.chemmater.8b01504,0,data/database/liverpool/LiIonDatabase.csv,,,,source_id=554; measured_temperature_C=30; chemical_family=Oxides,,,,,,duplicate DOI+formula; kept ndx from v1
liverpool_555_0458,Li4GeO4,,Li4 Ge1 O4,1.3e-12,,,,,,,,,,,LISICON,10.1021/acs.chemmater.8b01504,0,data/database/liverpool/LiIonDatabase.csv,,,,source_id=555; measured_temperature_C=30; chemical_family=Oxides,,,,,,duplicate DOI+formula; kept dth from v1
liverpool_556_0459,Li3V0.2P0.8O4,,Li3 V0.2 P0.8 O4,2.05e-13,,,,,,,,,,,LISICON,10.1021/acs.chemmater.8b01504,0,data/database/liverpool/LiIonDatabase.csv,,,,source_id=556; measured_temperature_C=30; chemical_family=Oxides,,,,,,duplicate DOI+formula; kept m0j from v1
liverpool_584_0481,Li5B2P(H2S)4,,Li5 B2 P1 H8 S4,0.00796,,,,,,,,,,,Argyrodite,10.1021/acsomega.8b00377,0,data/database/liverpool/LiIonDatabase.csv,,,,source_id=584; measured_temperature_C=25; chemical_family=Sulphides and Other Anions,,,,,,duplicate DOI+formula; kept xnb from v1
liverpool_605_0501,Li0.38Sm0.52Ti1O2.97,,Li0.38 Sm0.52 Ti1 O2.97,0.0015,,,,,,,,,,,Perovskite,10.1016/0167-2738(94)90310-7,0,data/database/liverpool/LiIonDatabase.csv,,,,source_id=605; measured_temperature_C=25; chemical_family=Oxides,,,,,,duplicate DOI+formula; kept i6k from v1
liverpool_611_0507,Li0.34Nd0.55Ti1O3,,Li0.34 Nd0.55 Ti1 O3,8e-08,,,,,,,,,,,Perovskite,10.1016/0167-2738(94)90310-7,0,data/database/liverpool/LiIonDatabase.csv,,,,source_id=611; measured_temperature_C=25; chemical_family=Oxides,,,,,,duplicate DOI+formula; kept 3we from v1
liverpool_614_0510,Li0.34La0.56Ti1O3,,Li0.34 La0.56 Ti1 O3,0.000688,,,,,,,,,,,Perovskite,10.1016/s0167-2738(98)00070-8,0,data/database/liverpool/LiIonDatabase.csv,,,,source_id=614; measured_temperature_C=25; chemical_family=Oxides,,,,,,duplicate DOI+formula; kept liverpool_613_0509 from liverpool
liverpool_615_0511,Li0.25Nd0.25Ta1O3,,Li0.25 Nd0.25 Ta1 O3,1.91e-06,,,,,,,,,,,Perovskite,10.1016/s0167-2738(98)00414-7,0,data/database/liverpool/LiIonDatabase.csv,,,,source_id=615; measured_temperature_C=25; chemical_family=Oxides,,,,,,duplicate DOI+formula; kept il5 from v1
liverpool_617_0513,Li0.25La0.25Ta1O3,,Li0.25 La0.25 Ta1 O3,0.000366,,,,,,,,,,,Perovskite,10.1016/s0167-2738(98)00414-7,0,data/database/liverpool/LiIonDatabase.csv,,,,source_id=617; measured_temperature_C=25; chemical_family=Oxides,,,,,,duplicate DOI+formula; kept o23 from v1
liverpool_619_0515,Sr0.5Li0.5Ta0.75Cr0.25O3,,Sr0.5 Li0.5 Ta0.75 Cr0.25 O3,6.31e-05,,,,,,,,,,,Perovskite,10.1016/s0378-7753(97)02645-1,0,data/database/liverpool/LiIonDatabase.csv,,,,source_id=619; measured_temperature_C=25; chemical_family=Oxides,,,,,,duplicate DOI+formula; kept w1l from v1
liverpool_620_0516,Sr0.5Li0.5Ta0.75Fe0.25O3,,Sr0.5 Li0.5 Ta0.75 Fe0.25 O3,0.000126,,,,,,,,,,,Perovskite,10.1016/s0378-7753(97)02645-1,0,data/database/liverpool/LiIonDatabase.csv,,,,source_id=620; measured_temperature_C=25; chemical_family=Oxides,,,,,,duplicate DOI+formula; kept jce from v1
liverpool_644_0531,Sr0.25Li0.25La0.41Ti1O3,,Sr0.25 Li0.25 La0.41 Ti1 O3,7.64e-05,,,,,,,,,,,Perovskite,10.1021/cm020609u,0,data/database/liverpool/LiIonDatabase.csv,,,,source_id=644; measured_temperature_C=25; chemical_family=Oxides,,,,,,duplicate DOI+formula; kept lyq from v1
liverpool_645_0532,Sr0.15Li0.15La0.51Ti1O3,,Sr0.15 Li0.15 La0.51 Ti1 O3,5.3e-05,,,,,,,,,,,Perovskite,10.1021/cm020609u,0,data/database/liverpool/LiIonDatabase.csv,,,,source_id=645; measured_temperature_C=25; chemical_family=Oxides,,,,,,duplicate DOI+formula; kept 0jx from v1
liverpool_673_0560,Li10Sn(PS6)2,,Li10 Sn1 P2 S12,0.004,,,,,,,,,,,Thio-LISICON,10.1021/ja407393y,0,data/database/liverpool/LiIonDatabase.csv,,,,source_id=673; measured_temperature_C=25; chemical_family=Sulphides,,,,,,duplicate DOI+formula; kept 9lx from v1
liverpool_698_0582,Li7P3S11,,Li140 P60 S220,0.017,,,,,,,,,,,Glass-Ceramic,10.1039/c3ee41655k,0,data/database/liverpool/LiIonDatabase.csv,,,,source_id=698; measured_temperature_C=25; chemical_family=Sulphides,,,,,,duplicate DOI+formula; kept mdp from v1
liverpool_700_0584,BaLi6La2Ta2O12,,Ba1 Li6 La2 Ta2 O12,4e-05,,,,,,,,,,,Garnet,10.1002/adfm.200400044,0,data/database/liverpool/LiIonDatabase.csv,,,,source_id=700; measured_temperature_C=25; chemical_family=Oxides,,,,,,duplicate DOI+formula; kept 544 from v1
liverpool_706_0589,Li2Ge7O15,,Li2 Ge7 O15,5e-16,,,,,,,,,,,Other,10.1016/0025-5408(76)90235-x,0,data/database/liverpool/LiIonDatabase.csv,,,,source_id=706; measured_temperature_C=25; chemical_family=Oxides,,,,,,duplicate DOI+formula; kept caltech_icsd_68247 from caltech
liverpool_707_0590,Li3.5V0.5Ge0.5O4,,Li3.5 V0.5 Ge0.5 O4,7e-05,,,,,,,,,,,LISICON,10.1016/0025-5408(80)90249-4,0,data/database/liverpool/LiIonDatabase.csv,,,,source_id=707; measured_temperature_C=25; chemical_family=Oxides,,,,,,duplicate DOI+formula; kept caltech_icsd_66576 from caltech
liverpool_710_0593,Li3P,,Li3 P1,0.001,,,,,,,,,,,Other,10.1016/0167-2738(89)90438-4,0,data/database/liverpool/LiIonDatabase.csv,,,,source_id=710; measured_temperature_C=25; chemical_family=Other,,,,,,duplicate DOI+formula; kept 11b from v1
liverpool_713_0596,Li5La3(BiO6)2,,Li5 La3 Bi2 O12,2e-05,,,,,,,,,,,Garnet,10.1016/j.ssi.2017.03.030,0,data/database/liverpool/LiIonDatabase.csv,,,,source_id=713; measured_temperature_C=25; chemical_family=Oxides,,,,,,duplicate DOI+formula; kept b7v from v1
liverpool_718_0600,Li4BH10N3,,Li4 B1 H10 N3,0.0002,,,,,,,,,,,Other,10.1021/ja907249p,0,data/database/liverpool/LiIonDatabase.csv,,,,source_id=718; measured_temperature_C=25; chemical_family=Other,,,,,,duplicate DOI+formula; kept caltech_icsd_158180 from caltech
liverpool_723_0604,Li2Ca(HN)2,,Li2 Ca1 H2 N2,6.4e-06,,,,,,,,,,,Other,10.1039/c2cp23636b,0,data/database/liverpool/LiIonDatabase.csv,,,,source_id=723; measured_temperature_C=25; chemical_family=Other,,,,,,duplicate DOI+formula; kept caltech_icsd_240676 from caltech
liverpool_725_0605,Li3N,,Li3 N1,0.000575,,,,,,,,,,,Other,10.1039/c0ee00052c,0,data/database/liverpool/LiIonDatabase.csv,,,,source_id=725; measured_temperature_C=25; chemical_family=Other,,,,,,duplicate DOI+formula; kept gvd from v1
liverpool_727_0607,LiAlH4,,Li1 Al1 H4,2e-09,,,,,,,,,,,Other,10.1063/1.3356981,0,data/database/liverpool/LiIonDatabase.csv,,,,source_id=727; measured_temperature_C=25; chemical_family=Other,,,,,,duplicate DOI+formula; kept 883 from v1
liverpool_730_0608,Li4B7ClO12,,Li4 B7 Cl1 O12,1e-07,,,,,,,,,,,Other,10.1107/s0567740877009443,0,data/database/liverpool/LiIonDatabase.csv,,,,source_id=730; measured_temperature_C=25; chemical_family=Oxides and Other Anions,,,,,,duplicate DOI+formula; kept 6l9 from v1
liverpool_731_0609,Li10.35Si1.35P1.65S12,,Li10.35 Si1.35 P1.65 S12,0.0065,,,,,,,,,,,Thio-LISICON,10.1107/s2052520615022283,0,data/database/liverpool/LiIonDatabase.csv,,,,source_id=731; measured_temperature_C=25; chemical_family=Sulphides,,,,,,duplicate DOI+formula; kept k4x from v1
liverpool_732_0610,Li9.81Sn0.81P2.19S12,,Li9.81 Sn0.81 P2.19 S12,0.0055,,,,,,,,,,,Thio-LISICON,10.1107/s2052520615022283,0,data/database/liverpool/LiIonDatabase.csv,,,,source_id=732; measured_temperature_C=25; chemical_family=Sulphides,,,,,,duplicate DOI+formula; kept nip from v1
liverpool_738_0616,Li2.88P1N0.14O3.73,,Li2.88 P1 N0.14 O3.73,1.4e-13,,,,,,,,,,,LISICON,10.1006/jssc.1995.1140,0,data/database/liverpool/LiIonDatabase.csv,,,,source_id=738; measured_temperature_C=25; chemical_family=Oxides,,,,,,duplicate DOI+formula; kept uxo from v1
liverpool_743_0617,Li6.35Si0.35P0.65S5Br1,,Li6.35 Si0.35 P0.65 S5 Br1,0.0023,,,,,,,,,,,Argyrodite,10.1039/c7ta08581h,0,data/database/liverpool/LiIonDatabase.csv,,,,source_id=743; measured_temperature_C=25; chemical_family=Sulphides and Other Anions,,,,,,duplicate DOI+formula; kept 10s from v1
liverpool_744_0618,Li6.5Si0.5P0.5S5Br1,,Li6.5 Si0.5 P0.5 S5 Br1,0.0023,,,,,,,,,,,Argyrodite,10.1039/c7ta08581h,0,data/database/liverpool/LiIonDatabase.csv,,,,source_id=744; measured_temperature_C=25; chemical_family=Sulphides and Other Anions,,,,,,duplicate DOI+formula; kept fkj from v1
liverpool_745_0619,Li6.2Si0.2P0.8S5Br1,,Li6.2 Si0.2 P0.8 S5 Br1,0.00198,,,,,,,,,,,Argyrodite,10.1039/c7ta08581h,0,data/database/liverpool/LiIonDatabase.csv,,,,source_id=745; measured_temperature_C=25; chemical_family=Sulphides and Other Anions,,,,,,duplicate DOI+formula; kept iiy from v1
liverpool_746_0620,Li6.3Si0.3P0.7S5Br1,,Li6.3 Si0.3 P0.7 S5 Br1,0.00183,,,,,,,,,,,Argyrodite,10.1039/c7ta08581h,0,data/database/liverpool/LiIonDatabase.csv,,,,source_id=746; measured_temperature_C=25; chemical_family=Sulphides and Other Anions,,,,,,duplicate DOI+formula; kept wsd from v1
liverpool_747_0621,Li6.25Si0.25P0.75S5Br1,,Li6.25 Si0.25 P0.75 S5 Br1,0.0015,,,,,,,,,,,Argyrodite,10.1039/c7ta08581h,0,data/database/liverpool/LiIonDatabase.csv,,,,source_id=747; measured_temperature_C=25; chemical_family=Sulphides and Other Anions,,,,,,duplicate DOI+formula; kept vj7 from v1
liverpool_755_0629,Li6PS5Br,,Li6 P1 S5 Br1,0.000694,,,,,,,,,,,Argyrodite,10.1039/c7ta08581h,0,data/database/liverpool/LiIonDatabase.csv,,,,source_id=755; measured_temperature_C=25; chemical_family=Sulphides and Other Anions,,,,,,duplicate DOI+formula; kept caltech_icsd_234584 from caltech
liverpool_756_0630,Li6.05Si0.05P0.95S5Br1,,Li6.05 Si0.05 P0.95 S5 Br1,0.000441,,,,,,,,,,,Argyrodite,10.1039/c7ta08581h,0,data/database/liverpool/LiIonDatabase.csv,,,,source_id=756; measured_temperature_C=25; chemical_family=Sulphides and Other Anions,,,,,,duplicate DOI+formula; kept 09w from v1
liverpool_759_0631,BaLi6La2Ta2O12,,Ba1 Li6 La2 Ta2 O12,4e-05,,,,,,,,,,,Garnet,10.1002/adfm.200400044,0,data/database/liverpool/LiIonDatabase.csv,,,,source_id=759; measured_temperature_C=22; chemical_family=Oxides,,,,,,duplicate DOI+formula; kept 544 from v1
liverpool_760_0632,SrLi6La2Ta2O12,,Sr1 Li6 La2 Ta2 O12,7e-06,,,,,,,,,,,Garnet,10.1002/adfm.200400044,0,data/database/liverpool/LiIonDatabase.csv,,,,source_id=760; measured_temperature_C=22; chemical_family=Oxides,,,,,,duplicate DOI+formula; kept ps0 from v1
liverpool_762_0633,Li3.6Si0.6P0.4S4,,Li3.6 Si0.6 P0.4 S4,7.76e-05,,,,,,,,,,,Thio-LISICON,10.1006/jssc.2002.9701,0,data/database/liverpool/LiIonDatabase.csv,,,,source_id=762; measured_temperature_C=25; chemical_family=Sulphides,,,,,,duplicate DOI+formula; kept 5e2 from v1
liverpool_764_0635,Li4SiS4,,Li4 Si1 S4,4.93e-08,,,,,,,,,,,Thio-LISICON,10.1016/0025-5408(89)90053-6,0,data/database/liverpool/LiIonDatabase.csv,,,,source_id=764; measured_temperature_C=25; chemical_family=Sulphides,,,,,,duplicate DOI+formula; kept x94 from v1
liverpool_765_0636,Li2SiS3,,Li2 Si1 S3,2e-06,,,,,,,,,,,Thio-LISICON,10.1016/0025-5408(89)90053-6,0,data/database/liverpool/LiIonDatabase.csv,,,,source_id=765; measured_temperature_C=25; chemical_family=Sulphides,,,,,,duplicate DOI+formula; kept fwz from v1
liverpool_769_0639,Li6.75La3Zr1.75Nb0.25O12,,Li6.75 La3 Zr1.75 Nb0.25 O12,0.0008,,,,,,,,,,,Garnet,10.1016/j.jpowsour.2010.11.089,0,data/database/liverpool/LiIonDatabase.csv,,,,source_id=769; measured_temperature_C=25; chemical_family=Oxides,,,,,,duplicate DOI+formula; kept 66a from v1
liverpool_770_0640,Li7La3Zr1.89Al0.15O12,,Li7 La3 Zr1.89 Al0.15 O12,0.00034,,,,,,,,,,,Garnet,10.1016/j.jpowsour.2013.03.049,0,data/database/liverpool/LiIonDatabase.csv,,,,source_id=770; measured_temperature_C=25; chemical_family=Oxides,,,,,,duplicate DOI+formula; kept d6f from v1
liverpool_771_0641,Li6.75La3Zr1.875Te0.125O12,,Li6.75 La3 Zr1.875 Te0.125 O12,3.77e-05,,,,,,,,,,,Garnet,10.1016/j.jpowsour.2013.03.166,0,data/database/liverpool/LiIonDatabase.csv,,,,source_id=771; measured_temperature_C=30; chemical_family=Oxides,,,,,,duplicate DOI+formula; kept r07 from v1
liverpool_772_0642,Li10Si0.05Ge0.95P2S12,,Li10 Si0.05 Ge0.95 P2 S12,0.0086,,,,,,,,,,,Thio-LISICON,10.1016/j.jpowsour.2014.07.159,0,data/database/liverpool/LiIonDatabase.csv,,,,source_id=772; measured_temperature_C=25; chemical_family=Sulphides,,,,,,duplicate DOI+formula; kept kmr from v1
liverpool_773_0643,Li5.5La3Nb1.75In0.25O12,,Li5.5 La3 Nb1.75 In0.25 O12,2.4e-05,,,,,,,,,,,Garnet,10.1016/j.jssc.2005.12.025,0,data/database/liverpool/LiIonDatabase.csv,,,,source_id=773; measured_temperature_C=25; chemical_family=Oxides,,,,,,duplicate DOI+formula; kept 0v9 from v1
liverpool_774_0644,K0.25Li5.5La2.75Nb2O12,,K0.25 Li5.5 La2.75 Nb2 O12,1.06e-05,,,,,,,,,,,Garnet,10.1016/j.jssc.2005.12.025,0,data/database/liverpool/LiIonDatabase.csv,,,,source_id=774; measured_temperature_C=25; chemical_family=Oxides,,,,,,duplicate DOI+formula; kept qtc from v1
liverpool_775_0645,Li7La3Zr2O12,,Li7 La3 Zr2 O12,1.52e-06,,,,,,,,,,,Garnet,10.1016/j.jssc.2009.05.020,0,data/database/liverpool/LiIonDatabase.csv,,,,source_id=775; measured_temperature_C=27; chemical_family=Oxides,,,,,,duplicate DOI+formula; kept caltech_icsd_183684 from caltech
liverpool_776_0646,Li7La3Hf2O12,,Li7 La3 Hf2 O12,9.73e-07,,,,,,,,,,,Garnet,10.1016/j.jssc.2009.10.030,0,data/database/liverpool/LiIonDatabase.csv,,,,source_id=776; measured_temperature_C=27; chemical_family=Oxides,,,,,,duplicate DOI+formula; kept caltech_icsd_174202 from caltech
liverpool_777_0647,Li6.25La3Zr2Ga0.25O12,,Li6.25 La3 Zr2 Ga0.25 O12,0.00035,,,,,,,,,,,Garnet,10.1016/j.matchemphys.2012.03.054,0,data/database/liverpool/LiIonDatabase.csv,,,,source_id=777; measured_temperature_C=25; chemical_family=Oxides,,,,,,duplicate DOI+formula; kept 3o4 from v1
liverpool_778_0648,Li7P3S11,,Li7 P3 S11,0.0032,,,,,,,,,,,Thio-LISICON,10.1016/j.ssi.2006.04.017,0,data/database/liverpool/LiIonDatabase.csv,,,,source_id=778; measured_temperature_C=25; chemical_family=Sulphides,,,,,,duplicate DOI+formula; kept mdp from v1
liverpool_781_0651,Li4GeS4,,Li4 Ge1 S4,2.51e-07,,,,,,,,,,,Thio-LISICON,10.1016/s0167-2738(00)00277-0,0,data/database/liverpool/LiIonDatabase.csv,,,,source_id=781; measured_temperature_C=25; chemical_family=Sulphides,,,,,,duplicate DOI+formula; kept e6b from v1
liverpool_784_0654,Li4PS4I,,Li4 P1 S4 I1,6.26e-05,,,,,,,,,,,Argyrodite,10.1021/acs.chemmater.7b00013,0,data/database/liverpool/LiIonDatabase.csv,,,,source_id=784; measured_temperature_C=25; chemical_family=Sulphides and Other Anions,,,,,,duplicate DOI+formula; kept lol from v1
liverpool_785_0655,Li6.6La2.75Y0.25Zr1.6Ta0.4O12,,Li6.6 La2.75 Y0.25 Zr1.6 Ta0.4 O12,0.000436,,,,,,,,,,,Garnet,10.1021/am503731h,0,data/database/liverpool/LiIonDatabase.csv,,,,source_id=785; measured_temperature_C=27; chemical_family=Oxides,,,,,,duplicate DOI+formula; kept ucw from v1
liverpool_786_0656,Li6.6La2.875Y0.125Zr1.6Ta0.4O12,,Li6.6 La2.875 Y0.125 Zr1.6 Ta0.4 O12,0.000317,,,,,,,,,,,Garnet,10.1021/am503731h,0,data/database/liverpool/LiIonDatabase.csv,,,,source_id=786; measured_temperature_C=27; chemical_family=Oxides,,,,,,duplicate DOI+formula; kept 8y4 from v1
liverpool_787_0657,Li6.6La2.5Y0.5Zr1.6Ta0.4O12,,Li6.6 La2.5 Y0.5 Zr1.6 Ta0.4 O12,0.000226,,,,,,,,,,,Garnet,10.1021/am503731h,0,data/database/liverpool/LiIonDatabase.csv,,,,source_id=787; measured_temperature_C=27; chemical_family=Oxides,,,,,,duplicate DOI+formula; kept ff9 from v1
liverpool_789_0659,Li4SnS4,,Li4 Sn1 S4,7e-05,,,,,,,,,,,Thio-LISICON,10.1021/cm3011315,0,data/database/liverpool/LiIonDatabase.csv,,,,source_id=789; measured_temperature_C=25; chemical_family=Sulphides,,,,,,duplicate DOI+formula; kept kmv from v1
liverpool_791_0661,Li2SnS3,,Li2 Sn1 S3,1.36e-05,,,,,,,,,,,Rocksalt,10.1021/cm5037524,0,data/database/liverpool/LiIonDatabase.csv,,,,source_id=791; measured_temperature_C=25; chemical_family=Sulphides,,,,,,duplicate DOI+formula; kept xas from v1
liverpool_792_0662,Li3PS4,,Li3 P1 S4,0.00016,,,,,,,,,,,Thio-LISICON,10.1021/ja3110895,0,data/database/liverpool/LiIonDatabase.csv,,,,source_id=792; measured_temperature_C=25; chemical_family=Sulphides,,,,,,duplicate DOI+formula; kept caltech_icsd_180318 from caltech
liverpool_794_0664,Li6.5La3Y0.75Nb1.25O12,,Li6.5 La3 Y0.75 Nb1.25 O12,0.00027,,,,,,,,,,,Garnet,10.1021/jp304737x,0,data/database/liverpool/LiIonDatabase.csv,,,,source_id=794; measured_temperature_C=25; chemical_family=Oxides,,,,,,duplicate DOI+formula; kept 3rh from v1
liverpool_795_0665,Li6La3Y0.5Nb1.5O12,,Li6 La3 Y0.5 Nb1.5 O12,0.000188,,,,,,,,,,,Garnet,10.1021/jp304737x,0,data/database/liverpool/LiIonDatabase.csv,,,,source_id=795; measured_temperature_C=24; chemical_family=Oxides,,,,,,duplicate DOI+formula; kept j5g from v1
liverpool_801_0670,Li6.6La3Zr1.6Ta0.4O12,,Li6.6 La3 Zr1.6 Ta0.4 O12,0.00073,,,,,,,,,,,Garnet,10.1039/c2jm31413d,0,data/database/liverpool/LiIonDatabase.csv,,,,source_id=801; measured_temperature_C=25; chemical_family=Oxides,,,,,,duplicate DOI+formula; kept zqx from v1
liverpool_803_0672,Li6.2La3Zr1.2Ta0.8O12,,Li6.2 La3 Zr1.2 Ta0.8 O12,0.00032,,,,,,,,,,,Garnet,10.1039/c2jm31413d,0,data/database/liverpool/LiIonDatabase.csv,,,,source_id=803; measured_temperature_C=25; chemical_family=Oxides,,,,,,duplicate DOI+formula; kept gdr from v1
liverpool_804_0673,Li6.8La3Zr1.8Ta0.2O12,,Li6.8 La3 Zr1.8 Ta0.2 O12,0.00028,,,,,,,,,,,Garnet,10.1039/c2jm31413d,0,data/database/liverpool/LiIonDatabase.csv,,,,source_id=804; measured_temperature_C=25; chemical_family=Oxides,,,,,,duplicate DOI+formula; kept o5q from v1
liverpool_805_0674,Li6La3ZrTaO12,,Li6 La3 Zr1 Ta1 O12,0.00016,,,,,,,,,,,Garnet,10.1039/c2jm31413d,0,data/database/liverpool/LiIonDatabase.csv,,,,source_id=805; measured_temperature_C=25; chemical_family=Oxides,,,,,,duplicate DOI+formula; kept 0ew from v1
liverpool_806_0675,Li6.6La3Zr1.6Sb0.4O12,,Li6.6 La3 Zr1.6 Sb0.4 O12,0.00077,,,,,,,,,,,Garnet,10.1039/c3cp50991e,0,data/database/liverpool/LiIonDatabase.csv,,,,source_id=806; measured_temperature_C=30; chemical_family=Oxides,,,,,,duplicate DOI+formula; kept duf from v1
liverpool_807_0676,Li6.4La3Zr1.4Sb0.6O12,,Li6.4 La3 Zr1.4 Sb0.6 O12,0.00066,,,,,,,,,,,Garnet,10.1039/c3cp50991e,0,data/database/liverpool/LiIonDatabase.csv,,,,source_id=807; measured_temperature_C=30; chemical_family=Oxides,,,,,,duplicate DOI+formula; kept dll from v1
liverpool_808_0677,Li6.2La3Zr1.2Sb0.8O12,,Li6.2 La3 Zr1.2 Sb0.8 O12,0.00045,,,,,,,,,,,Garnet,10.1039/c3cp50991e,0,data/database/liverpool/LiIonDatabase.csv,,,,source_id=808; measured_temperature_C=25; chemical_family=Oxides,,,,,,duplicate DOI+formula; kept i90 from v1
liverpool_809_0678,Li6La3ZrSbO12,,Li6 La3 Zr1 Sb1 O12,0.00026,,,,,,,,,,,Garnet,10.1039/c3cp50991e,0,data/database/liverpool/LiIonDatabase.csv,,,,source_id=809; measured_temperature_C=30; chemical_family=Oxides,,,,,,duplicate DOI+formula; kept dm9 from v1
liverpool_810_0679,Li6.8La3Zr1.8Sb0.2O12,,Li6.8 La3 Zr1.8 Sb0.2 O12,5.9e-05,,,,,,,,,,,Garnet,10.1039/c3cp50991e,0,data/database/liverpool/LiIonDatabase.csv,,,,source_id=810; measured_temperature_C=30; chemical_family=Oxides,,,,,,duplicate DOI+formula; kept whw from v1
liverpool_812_0680,Li5La3Ta2O12,,Li5 La3 Ta2 O12,3.4e-06,,,,,,,,,,,Garnet,10.1111/j.1151-2916.2003.tb03318.x,0,data/database/liverpool/LiIonDatabase.csv,,,,source_id=812; measured_temperature_C=25; chemical_family=Oxides,,,,,,duplicate DOI+formula; kept caltech_icsd_154400 from caltech
liverpool_814_0682,BaLi6La2Nb2O12,,Ba1 Li6 La2 Nb2 O12,6e-06,,,,,,,,,,,Garnet,10.1111/j.1551-2916.2005.00060.x,0,data/database/liverpool/LiIonDatabase.csv,,,,source_id=814; measured_temperature_C=22; chemical_family=Oxides,,,,,,duplicate DOI+formula; kept lf5 from v1
liverpool_815_0683,SrLi6La2Nb2O12,,Sr1 Li6 La2 Nb2 O12,4.2e-06,,,,,,,,,,,Garnet,10.1111/j.1551-2916.2005.00060.x,0,data/database/liverpool/LiIonDatabase.csv,,,,source_id=815; measured_temperature_C=22; chemical_family=Oxides,,,,,,duplicate DOI+formula; kept cjq from v1
liverpool_816_0684,Li6CaLa2Nb2O12,,Li6 Ca1 La2 Nb2 O12,1.6e-06,,,,,,,,,,,Garnet,10.1111/j.1551-2916.2005.00060.x,0,data/database/liverpool/LiIonDatabase.csv,,,,source_id=816; measured_temperature_C=22; chemical_family=Oxides,,,,,,duplicate DOI+formula; kept uaz from v1
liverpool_817_0685,Li3.25Ge0.25P0.75S4,,Li3.25 Ge0.25 P0.75 S4,0.0022,,,,,,,,,,,Thio-LISICON,10.1149/1.1379028,0,data/database/liverpool/LiIonDatabase.csv,,,,source_id=817; measured_temperature_C=25; chemical_family=Sulphides,,,,,,duplicate DOI+formula; kept 3jh from v1
liverpool_818_0686,Li6.75La3Zr1.75Ta0.25O12,,Li6.75 La3 Zr1.75 Ta0.25 O12,0.00063,,,,,,,,,,,Garnet,10.1149/2.024205esl,0,data/database/liverpool/LiIonDatabase.csv,,,,source_id=818; measured_temperature_C=25; chemical_family=Oxides,,,,,,duplicate DOI+formula; kept 4vd from v1
liverpool_821_0687,Li10Si(PS6)2,,Li10 Si1 P2 S12,0.0023,,,,,,,,,,,Thio-LISICON,10.1149/2.0501412jes,0,data/database/liverpool/LiIonDatabase.csv,,,,source_id=821; measured_temperature_C=27; chemical_family=Sulphides,,,,,,duplicate DOI+formula; kept 02p from v1
liverpool_836_0696,Li5.4La3Y0.75Nb1.8O12,,Li5.4 La3 Y0.75 Nb1.8 O12,2.51e-05,,,,,,,,,,,Garnet,10.1021/jp304737x,0,data/database/liverpool/LiIonDatabase.csv,,,,source_id=836; measured_temperature_C=25; chemical_family=Oxides,,,,,,duplicate DOI+formula; kept a6v from v1
liverpool_840_0698,SrLi6La2Ta2O12,,Sr1 Li6 La2 Ta2 O12,7e-06,,,,,,,,,,,Garnet,10.1002/adfm.200400044,0,data/database/liverpool/LiIonDatabase.csv,,,,source_id=840; measured_temperature_C=30; chemical_family=Oxides,,,,,,duplicate DOI+formula; kept ps0 from v1
liverpool_870_0728,Li1.8Ti1.2Cr0.8P3O12,,Li1.8 Ti1.2 Cr0.8 P3 O12,0.00024,,,,,,,,,,,NASICON,10.1016/0167-2738(88)90291-3,0,data/database/liverpool/LiIonDatabase.csv,,,,source_id=870; measured_temperature_C=25; chemical_family=Oxides,,,,,,duplicate DOI+formula; kept cmn from v1
liverpool_890_0748,Li6CaLa2Nb2O12,,Li6 Ca1 La2 Nb2 O12,2.11e-06,,,,,,,,,,,Garnet,10.1016/j.ssi.2008.01.047,0,data/database/liverpool/LiIonDatabase.csv,,,,source_id=890; measured_temperature_C=25; chemical_family=Oxides,,,,,,duplicate DOI+formula; kept gcj from v1
liverpool_893_0751,Li4.4Al0.4Ge0.6S4,,Li4.4 Al0.4 Ge0.6 S4,4.33e-05,,,,,,,,,,,Thio-LISICON,10.1021/acs.chemmater.8b03175,0,data/database/liverpool/LiIonDatabase.csv,,,,source_id=893; measured_temperature_C=30; chemical_family=Sulphides,,,,,,duplicate DOI+formula; kept deu from v1
liverpool_894_0752,Li4.4Al0.4Sn0.6S4,,Li4.4 Al0.4 Sn0.6 S4,4.39e-06,,,,,,,,,,,Thio-LISICON,10.1021/acs.chemmater.8b03175,0,data/database/liverpool/LiIonDatabase.csv,,,,source_id=894; measured_temperature_C=30; chemical_family=Sulphides,,,,,,duplicate DOI+formula; kept usu from v1
liverpool_901_0759,Li5AlS4,,Li5 Al1 S4,1.26e-08,,,,,,,,,,,Thio-LISICON,10.1016/j.jssc.2017.09.018,0,data/database/liverpool/LiIonDatabase.csv,,,,source_id=901; measured_temperature_C=25; chemical_family=Sulphides,,,,,,duplicate DOI+formula; kept y2l from v1
liverpool_903_0761,LiMgPO4,,Li1 Mg1 P1 O4,6.31e-12,,,,,,,,,,,Olivine,10.1021/cm504518q,0,data/database/liverpool/LiIonDatabase.csv,,,,source_id=903; measured_temperature_C=25; chemical_family=Oxides,,,,,,duplicate DOI+formula; kept caltech_icsd_11770 from caltech
liverpool_913_0771,Li3AlS3,,Li3 Al1 S3,1.31e-08,,,,,,,,,,,Other,10.1021/acs.chemmater.9b03230,0,data/database/liverpool/LiIonDatabase.csv,,,,source_id=913; measured_temperature_C=25; chemical_family=Sulphides,,,,,,duplicate DOI+formula; kept dmq from v1
liverpool_915_0773,Li6Si(ClO2)2,,Li6 Si1 Cl2 O4,1e-10,,,,,,,,,,,Argyrodite,10.1021/acs.chemmater.1c00157,0,data/database/liverpool/LiIonDatabase.csv,,,,source_id=915; measured_temperature_C=25; chemical_family=Oxides and Other Anions,,,,,,duplicate DOI+formula; kept an2 from v1
liverpool_917_0775,LiTa2PO8,,Li1 Ta2 P1 O8,0.0016,,,,,,,,,,,Other,10.1039/c8ta09170f,0,data/database/liverpool/LiIonDatabase.csv,,,,source_id=917; measured_temperature_C=25; chemical_family=Oxides,,,,,,duplicate DOI+formula; kept ard from v1
liverpool_2005_0794,Li5La3(SbO6)2,,Li5 La3 Sb2 O12,2.06e-06,,,,,,,,,,,Garnet,10.1016/j.ssi.2008.01.002,0,data/database/liverpool/LiIonDatabase.csv,,,,source_id=2005; measured_temperature_C=25; chemical_family=Oxides,,,,,,duplicate DOI+formula; kept tbj from v1
liverpool_2008_0797,Li3Fe2(PO4)3,,Li3 Fe2 P3 O12,1.11e-08,,,,,,,,,,,Glass-Ceramic,10.1016/0167-2738(90)90442-t,0,data/database/liverpool/LiIonDatabase.csv,,,,source_id=2008; measured_temperature_C=25; chemical_family=Sulphides and Other Anions,,,,,,duplicate DOI+formula; kept caltech_icsd_69345 from caltech
liverpool_2017_0806,Li4Al0.33Si0.33P0.33O4,,Li4 Al0.33 Si0.33 P0.33 O4,3.25e-06,,,,,,,,,,,LISICON,10.1021/acsami.6b14402,0,data/database/liverpool/LiIonDatabase.csv,,,,source_id=2017; measured_temperature_C=25; chemical_family=Oxides,,,,,,duplicate DOI+formula; kept s3r from v1
liverpool_2019_0808,Li4.25Al0.25Si0.75O4,,Li4.25 Al0.25 Si0.75 O4,2.02e-08,,,,,,,,,,,LISICON,10.1021/acsami.6b14402,0,data/database/liverpool/LiIonDatabase.csv,,,,source_id=2019; measured_temperature_C=25; chemical_family=Oxides,,,,,,duplicate DOI+formula; kept max from v1
liverpool_2020_0809,Li3.75Si0.75P0.25O4,,Li3.75 Si0.75 P0.25 O4,5.54e-07,,,,,,,,,,,LISICON,10.1021/acsami.6b14402,0,data/database/liverpool/LiIonDatabase.csv,,,,source_id=2020; measured_temperature_C=25; chemical_family=Oxides,,,,,,duplicate DOI+formula; kept k5y from v1
liverpool_2022_0811,Li3Cr(MoO4)3,,Li3 Cr1 Mo3 O12,3.19e-09,,,,,,,,,,,LISICON,10.1039/b301189e,0,data/database/liverpool/LiIonDatabase.csv,,,,source_id=2022; measured_temperature_C=25; chemical_family=Oxides,,,,,,duplicate DOI+formula; kept 2r7 from v1
liverpool_2023_0812,Li2Mg2(MoO4)3,,Li2 Mg2 Mo3 O12,5.35e-12,,,,,,,,,,,Lysonite,10.1039/b301189e,0,data/database/liverpool/LiIonDatabase.csv,,,,source_id=2023; measured_temperature_C=25; chemical_family=Oxides,,,,,,duplicate DOI+formula; kept b56 from v1
liverpool_2024_0813,Li3Fe(MoO4)3,,Li3 Fe1 Mo3 O12,5.89e-10,,,,,,,,,,,Lysonite,10.1039/b301189e,0,data/database/liverpool/LiIonDatabase.csv,,,,source_id=2024; measured_temperature_C=25; chemical_family=Oxides,,,,,,duplicate DOI+formula; kept mfu from v1
liverpool_2025_0814,Li6FeCl8,,Li6 Fe1 Cl8,8.97e-08,,,,,,,,,,,Rocksalt,10.1002/zaac.19875531020,0,data/database/liverpool/LiIonDatabase.csv,,,,source_id=2025; measured_temperature_C=25; chemical_family=Halides,,,,,,duplicate DOI+formula; kept caltech_icsd_73217 from caltech
liverpool_2026_0815,Li4.8Al0.8Si0.2S4,,Li4.8 Al0.8 Si0.2 S4,1.07e-06,,,,,,,,,,,Thio-LISICON,10.1006/jssc.2002.9701,0,data/database/liverpool/LiIonDatabase.csv,,,,source_id=2026; measured_temperature_C=25; chemical_family=Sulphides,,,,,,duplicate DOI+formula; kept h8o from v1
liverpool_2028_0817,Li3.35Ge0.35P0.65S4,,Li3.35 Ge0.35 P0.65 S4,0.001830655,,,,,,,,,,,Thio-LISICON,10.1149/1.1379028,0,data/database/liverpool/LiIonDatabase.csv,,,,source_id=2028; measured_temperature_C=25; chemical_family=Sulphides,,,,,,duplicate DOI+formula; kept 2yl from v1
liverpool_2030_0819,Li6CoCl8,,Li6 Co1 Cl8,1.51e-06,,,,,,,,,,,Rocksalt,10.1002/zaac.19875531020,0,data/database/liverpool/LiIonDatabase.csv,,,,source_id=2030; measured_temperature_C=25; chemical_family=Halides,,,,,,duplicate DOI+formula; kept caltech_icsd_202401 from caltech
bsa,LiGaO2,,Li1 Ga1 O2,2.4e-14,,,,,,,,,,,oxides,10.1007/bf00549810,1,data/database/obelix/processed/all-v1.csv,,,,check cif file matching; synthesis_method=unknow; measured_temperature=RT; amorphous=unknow; source_year=1984,,,,,,conflicting formula: log10 conductivity span 6.319 > 1; kept highest conductivity row caltech_icsd_14987
ur9,LiZr2(PO4)3,,Li1 Zr2 P3 O12,1e-09,,,,,,,,,,,NASICON,10.1016/0025-5408(86)90194-7,1,data/database/obelix/processed/all-v1.csv,,,,synthesis_method=unknow; measured_temperature=RT; amorphous=unknow; source_year=1986,,,,,,conflicting formula: log10 conductivity span 3.519 > 1; kept highest conductivity row liverpool_387_0317
wng,Li1.2Hf1.8In0.2P3O12,,Li1.2 Hf1.8 In0.2 P3 O12,4e-06,,,,,,,,,,,NASICON,10.1016/0167-2738(86)90179-7,1,data/database/obelix/processed/all-v1.csv,,,,synthesis_method=unknow; measured_temperature=RT; amorphous=unknow; source_year=1986,,,,,,conflicting formula: log10 conductivity span 1.519 > 1; kept highest conductivity row liverpool_364_0294
a3l,LiHf2(PO4)3,,Li1 Hf2 P3 O12,2.83e-07,,,,,,,,,,,NASICON,10.1002/chin.199345017,1,data/database/obelix/processed/all-v1.csv,,,,synthesis_method=unknow; measured_temperature=RT; amorphous=unknow; source_year=1993,,,,,,conflicting formula: log10 conductivity span 1.128 > 1; kept highest conductivity row liverpool_388_0318
ncr,LiHf2(PO4)3,,Li1 Hf2 P3 O12,6.85e-07,,,,,,,,,,,NASICON,10.1016/0167-2738(93)90387-i,1,data/database/obelix/processed/all-v1.csv,,,,synthesis_method=unknow; measured_temperature=RT; amorphous=unknow; source_year=1993,,,,,,conflicting formula: log10 conductivity span 1.128 > 1; kept highest conductivity row liverpool_388_0318
u5t,Li1.5Al0.5Ge1.5P3O12,,Li1.5 Al0.5 Ge1.5 P3 O12,0.00028,,,,,,,,,,,NASICON,10.1016/s0955-2219(99)00055-2,1,data/database/obelix/processed/all-v1.csv,,,,synthesis_method=unknow; measured_temperature=RT; amorphous=unknow; source_year=1999,,,,,,conflicting formula: log10 conductivity span 1.521 > 1; kept highest conductivity row liverpool_892_0750
s3h,Li0.5La0.5Ti1O3,,Li0.5 La0.5 Ti1 O3,0.000925,,,,,,,,,,,perovskites,10.1016/s0167-2738(00)00761-x,1,data/database/obelix/processed/all-v1.csv,,,,synthesis_method=unknow; measured_temperature=RT; amorphous=unknow; source_year=2000,,,,,,conflicting formula: log10 conductivity span 2.237 > 1; kept highest conductivity row caltech_icsd_165472
7se,Li3.8Si0.8P0.2S4,,Li3.8 Si0.8 P0.2 S4,8.11e-07,,,,,,,,,,,thio-LISICON,10.1006/jssc.2002.9701,1,data/database/obelix/processed/all-v1.csv,,,,synthesis_method=unknow; measured_temperature=RT; amorphous=unknow; source_year=2002,,,,,,conflicting formula: log10 conductivity span 1.806 > 1; kept highest conductivity row caltech_icsd_14937
1e9,Li3SbS3,,Li3 Sb1 S3,1e-09,,,,,,,,,,,sulfides,10.1002/zaac.201200277,1,data/database/obelix/processed/all-v1.csv,,,,synthesis_method=unknow; measured_temperature=RT; amorphous=unknow; source_year=2012,,,,,,conflicting formula: log10 conductivity span 2.000 > 1; kept highest conductivity row caltech_icsd_424834
kkn,Li6Br3N,,Li6 Br3 N1,1e-08,,,,,,,,,,,halides,10.1016/j.jallcom.2015.01.082,1,data/database/obelix/processed/all-v1.csv,,,,close match: Yes；close match DOI: 10.1016/s0925-8388(97)00158-8; synthesis_method=unknow; measured_temperature=RT; amorphous=unknow; source_year=2015,,,,,,conflicting formula: log10 conductivity span 1.491 > 1; kept highest conductivity row liverpool_703_0586
vg0,Li1.5Al0.5Ge1.5P3O12,,Li1.5 Al0.5 Ge1.5 P3 O12,0.00019,,,,,,,,,,,NASICON,10.1016/j.jeurceramsoc.2014.11.023,1,data/database/obelix/processed/all-v1.csv,,,,close match: Yes；close match DOI: 10.1016/j.jallcom.2020.155878; synthesis_method=unknow; measured_temperature=RT; amorphous=unknow; source_year=2015,,,,,,conflicting formula: log10 conductivity span 1.521 > 1; kept highest conductivity row liverpool_892_0750
h6c,Li3VO4,,Li3 V1 O4,9.2e-14,,,,,,,,,,,LISICON,10.1021/acs.chemmater.8b01504,1,data/database/obelix/processed/all-v1.csv,,,,close match: Yes；close match DOI: 10.1016/s0022-4596(73)80012-x; synthesis_method=unknow; measured_temperature=RT; amorphous=unknow; source_year=2018,,,,,,conflicting formula: log10 conductivity span 11.582 > 1; kept highest conductivity row liverpool_716_0598
dth,Li4GeO4,,Li4 Ge1 O4,1.3e-12,,,,,,,,,,,LISICON,10.1021/acs.chemmater.8b01504,1,data/database/obelix/processed/all-v1.csv,,,,close match: Yes；close match DOI: 10.1002/zaac.19875551213; synthesis_method=unknow; measured_temperature=RT; amorphous=unknow; source_year=2018,,,,,,conflicting formula: log10 conductivity span 6.301 > 1; kept highest conductivity row caltech_icsd_112252
1xf,Li1.5Al0.5Ge1.5P3O12,,Li1.5 Al0.5 Ge1.5 P3 O12,0.000336,,,,,,,,,,,NASICON,10.1021/acsami.8b00842,1,data/database/obelix/processed/all-v1.csv,,,,synthesis_method=unknow; measured_temperature=RT; amorphous=unknow; source_year=2018,,,,,,conflicting formula: log10 conductivity span 1.521 > 1; kept highest conductivity row liverpool_892_0750
caltech_icsd_7930,LiTi2(PO4)3,,Li1 Ti2 P3 O12,3.13e-06,,,,,,,,,,,unknown,10.1016/j.solidstatesciences.2016.08.011,0,data/database/caltech/ionic_conductivity_database .csv,,,,lowest_extrapolation_temperature_K=na,,,7930,,,conflicting formula: log10 conductivity span 2.274 > 1; kept highest conductivity row liverpool_313_0250
caltech_icsd_12642,Li4SnS4,,Li4 Sn1 S4,2.7e-06,,,,,,,,,,,unknown,10.1016/j.jpowsour.2019.227338,0,data/database/caltech/ionic_conductivity_database .csv,,,,lowest_extrapolation_temperature_K=na,,,12642,,,conflicting formula: log10 conductivity span 1.690 > 1; kept highest conductivity row kmv
caltech_icsd_14761,Li6PS5Br,,Li6 P1 S5 Br1,0.00115,,,,,,,,,,,unknown,10.1039/c9ta02126d,0,data/database/caltech/ionic_conductivity_database .csv,,,,lowest_extrapolation_temperature_K=na,,,14761,,,conflicting formula: log10 conductivity span 2.060 > 1; kept highest conductivity row caltech_icsd_267193
caltech_icsd_14991,Li7La3Zr2O12,,Li7 La3 Zr2 O12,4.86e-06,,,,,,,,,,,unknown,10.1021/acs.chemmater.9b03526,0,data/database/caltech/ionic_conductivity_database .csv,,,,lowest_extrapolation_temperature_K=na,,,14991,,,conflicting formula: log10 conductivity span 2.543 > 1; kept highest conductivity row caltech_icsd_422259
caltech_icsd_18096,Li4GeO4,,Li4 Ge1 O4,2.8e-10,,,,,,,,,,,unknown,10.1111/j.1151-2916.1976.tb10985.x,0,data/database/caltech/ionic_conductivity_database .csv,,,,lowest_extrapolation_temperature_K=370,,,18096,,,conflicting formula: log10 conductivity span 6.301 > 1; kept highest conductivity row caltech_icsd_112252
caltech_icsd_18657,Li1.3Ti1.7Al0.3P3O12,,Li1.3 Ti1.7 Al0.3 P3 O12,0.00171,,,,,,,,,,,unknown,10.1021/acs.chemmater.9b04899,0,data/database/caltech/ionic_conductivity_database .csv,,,,lowest_extrapolation_temperature_K=na,,,18657,,,conflicting formula: log10 conductivity span 4.076 > 1; kept highest conductivity row liverpool_26_0020
caltech_icsd_19668,Li2HClO,,Li2 H1 Cl1 O1,1.4e-07,,,,,,,,,,,unknown,10.1021/acs.inorgchem.0c01631,0,data/database/caltech/ionic_conductivity_database .csv,,,,lowest_extrapolation_temperature_K=na,,,19668,,,conflicting formula: log10 conductivity span 2.455 > 1; kept highest conductivity row trv1_0014
caltech_icsd_19912,Li7La3Zr2O12,,Li7 La3 Zr2 O12,2.58e-05,,,,,,,,,,,unknown,10.1016/j.ssi.2020.115312,0,data/database/caltech/ionic_conductivity_database .csv,,,,lowest_extrapolation_temperature_K=na,,,19912,,,conflicting formula: log10 conductivity span 2.543 > 1; kept highest conductivity row caltech_icsd_422259
caltech_icsd_20208,Li3PO4,,Li3 P1 O4,9.8e-18,,,,,,,,,,,unknown,10.1006/jssc.1995.1140,0,data/database/caltech/ionic_conductivity_database .csv,,,,lowest_extrapolation_temperature_K=542,,,20208,,,conflicting formula: log10 conductivity span 4.252 > 1; kept highest conductivity row liverpool_541_0446
caltech_icsd_36124,LiScO2,,Li1 Sc1 O2,2.74e-17,,,,,,,,,,,unknown,10.1016/0167-2738(81)90021-7,0,data/database/caltech/ionic_conductivity_database .csv,,,,lowest_extrapolation_temperature_K=426,,,36124,,,conflicting formula: log10 conductivity span 6.562 > 1; kept highest conductivity row sg0
caltech_icsd_36778,Li1.3Ti1.7Al0.3P3O12,,Li1.3 Ti1.7 Al0.3 P3 O12,0.00045838,,,,,,,,,,,unknown,10.1016/j.ensm.2021.10.003,0,data/database/caltech/ionic_conductivity_database .csv,,,,lowest_extrapolation_temperature_K=na,,,36778,,,conflicting formula: log10 conductivity span 4.076 > 1; kept highest conductivity row liverpool_26_0020
caltech_icsd_36779,Li1.5Al0.5Ge1.5P3O12,,Li1.5 Al0.5 Ge1.5 P3 O12,0.0004,,,,,,,,,,,unknown,10.1111/j.1551-2916.2007.01827.x,0,data/database/caltech/ionic_conductivity_database .csv,,,,lowest_extrapolation_temperature_K=na,,,36779,,,conflicting formula: log10 conductivity span 1.521 > 1; kept highest conductivity row liverpool_892_0750
caltech_icsd_69763,LiGe2(PO4)3,,Li1 Ge2 P3 O12,4.83e-09,,,,,,,,,,,unknown,10.1021/acsami.8b00842,0,data/database/caltech/ionic_conductivity_database .csv,,,,lowest_extrapolation_temperature_K=na,,,69763,,,conflicting formula: log10 conductivity span 2.316 > 1; kept highest conductivity row liverpool_250_0209
caltech_icsd_91810,Li0.5La0.5Ti1O3,,Li0.5 La0.5 Ti1 O3,0.000309847,,,,,,,,,,,unknown,10.1557/proc-575-337,0,data/database/caltech/ionic_conductivity_database .csv,,,,lowest_extrapolation_temperature_K=na,,,91810,,,conflicting formula: log10 conductivity span 2.237 > 1; kept highest conductivity row caltech_icsd_165472
caltech_icsd_95979,LiTi2(PO4)3,,Li1 Ti2 P3 O12,7.61e-06,,,,,,,,,,,unknown,10.1021/acs.inorgchem.6b02274,0,data/database/caltech/ionic_conductivity_database .csv,,,,lowest_extrapolation_temperature_K=na,,,95979,,,conflicting formula: log10 conductivity span 2.274 > 1; kept highest conductivity row liverpool_313_0250
caltech_icsd_111758,Li4SnSe4,,Li4 Sn1 Se4,4.79e-08,,,,,,,,,,,unknown,10.1021/acs.chemmater.0c04150,0,data/database/caltech/ionic_conductivity_database .csv,,,,lowest_extrapolation_temperature_K=na,,,111758,,,conflicting formula: log10 conductivity span 2.621 > 1; kept highest conductivity row caltech_icsd_193768
caltech_icsd_120969,Li2HClO,,Li2 H1 Cl1 O1,6.77e-09,,,,,,,,,,,unknown,10.1016/j.jssc.2020.121263,0,data/database/caltech/ionic_conductivity_database .csv,,,,lowest_extrapolation_temperature_K=na,,,120969,,,conflicting formula: log10 conductivity span 2.455 > 1; kept highest conductivity row trv1_0014
caltech_icsd_122370,Li6PS5Br,,Li6 P1 S5 Br1,0.00023,,,,,,,,,,,unknown,10.1021/acs.chemmater.1c01170,0,data/database/caltech/ionic_conductivity_database .csv,,,,lowest_extrapolation_temperature_K=na,,,122370,,,conflicting formula: log10 conductivity span 2.060 > 1; kept highest conductivity row caltech_icsd_267193
caltech_icsd_130197,Li4SnS4,,Li4 Sn1 S4,1.43e-06,,,,,,,,,,,unknown,10.1021/acs.chemmater.9b01059,0,data/database/caltech/ionic_conductivity_database .csv,,,,lowest_extrapolation_temperature_K=na,,,130197,,,conflicting formula: log10 conductivity span 1.690 > 1; kept highest conductivity row kmv
caltech_icsd_133005,Li6PS5Br,,Li6 P1 S5 Br1,0.00153,,,,,,,,,,,unknown,10.1021/acs.chemmater.9b03852,0,data/database/caltech/ionic_conductivity_database .csv,,,,lowest_extrapolation_temperature_K=na,,,133005,,,conflicting formula: log10 conductivity span 2.060 > 1; kept highest conductivity row caltech_icsd_267193
caltech_icsd_154400,Li5La3Ta2O12,,Li5 La3 Ta2 O12,1.2e-06,,,,,,,,,,,garnet,10.1111/j.1151-2916.2003.tb03318.x,0,data/database/caltech/ionic_conductivity_database .csv,,,,lowest_extrapolation_temperature_K=313,,,154400,,,conflicting formula: log10 conductivity span 1.138 > 1; kept highest conductivity row caltech_icsd_259001
caltech_icsd_183684,Li7La3Zr2O12,,Li7 La3 Zr2 O12,1.63e-06,,,,,,,,,,,garnet,10.1016/j.jssc.2009.05.020,0,data/database/caltech/ionic_conductivity_database .csv,,,,lowest_extrapolation_temperature_K=na,,,183684,,,conflicting formula: log10 conductivity span 2.543 > 1; kept highest conductivity row caltech_icsd_422259
caltech_icsd_184230,Li7La3Zr2O12,,Li7 La3 Zr2 O12,2.85e-06,,,,,,,,,,,unknown,10.1016/j.materresbull.2012.01.027,0,data/database/caltech/ionic_conductivity_database .csv,,,,lowest_extrapolation_temperature_K=na,,,184230,,,conflicting formula: log10 conductivity span 2.543 > 1; kept highest conductivity row caltech_icsd_422259
caltech_icsd_192496,Li2B3PO8,,Li2 B3 P1 O8,5.17e-15,,,,,,,,,,,unknown,10.1039/c4dt01670j,0,data/database/caltech/ionic_conductivity_database .csv,,,,lowest_extrapolation_temperature_K=618,,,192496,,,conflicting formula: log10 conductivity span 11.003 > 1; kept highest conductivity row caltech_icsd_193168
caltech_icsd_234584,Li6PS5Br,,Li6 P1 S5 Br1,0.000701,,,,,,,,,,,argyrodites,10.1039/c7ta08581h,0,data/database/caltech/ionic_conductivity_database .csv,,,,lowest_extrapolation_temperature_K=na,,,234584,,,conflicting formula: log10 conductivity span 2.060 > 1; kept highest conductivity row caltech_icsd_267193
caltech_icsd_238687,Li7La3Zr2O12,,Li7 La3 Zr2 O12,9.9e-06,,,,,,,,,,,unknown,10.1016/j.ssi.2013.09.008,0,data/database/caltech/ionic_conductivity_database .csv,,,,lowest_extrapolation_temperature_K=na,,,238687,,,conflicting formula: log10 conductivity span 2.543 > 1; kept highest conductivity row caltech_icsd_422259
caltech_icsd_239303,Li3VO4,,Li3 V1 O4,4.37e-18,,,,,,,,,,,unknown,10.1039/c5ta07823g,0,data/database/caltech/ionic_conductivity_database .csv,,,,lowest_extrapolation_temperature_K=636,,,239303,,,conflicting formula: log10 conductivity span 11.582 > 1; kept highest conductivity row liverpool_716_0598
caltech_icsd_254044,Li0.5La0.5Ti1O3,,Li0.5 La0.5 Ti1 O3,0.000626,,,,,,,,,,,unknown,10.1016/j.jallcom.2017.05.278,0,data/database/caltech/ionic_conductivity_database .csv,,,,lowest_extrapolation_temperature_K=na,,,254044,,,conflicting formula: log10 conductivity span 2.237 > 1; kept highest conductivity row caltech_icsd_165472
caltech_icsd_257190,Li1.3Ti1.7Al0.3P3O12,,Li1.3 Ti1.7 Al0.3 P3 O12,0.0051,,,,,,,,,,,unknown,10.1016/j.ssi.2012.03.045,0,data/database/caltech/ionic_conductivity_database .csv,,,,lowest_extrapolation_temperature_K=na,,,257190,,,conflicting formula: log10 conductivity span 4.076 > 1; kept highest conductivity row liverpool_26_0020
caltech_icsd_259164,Li5La3Ta2O12,,Li5 La3 Ta2 O12,1.59e-05,,,,,,,,,,,unknown,10.1021/acs.inorgchem.7b00816,0,data/database/caltech/ionic_conductivity_database .csv,,,,lowest_extrapolation_temperature_K=na,,,259164,,,conflicting formula: log10 conductivity span 1.138 > 1; kept highest conductivity row caltech_icsd_259001
caltech_icsd_259202,Li6PS5Br,,Li6 P1 S5 Br1,0.00115,,,,,,,,,,,unknown,10.1021/jacs.7b06327,0,data/database/caltech/ionic_conductivity_database .csv,,,,lowest_extrapolation_temperature_K=na,,,259202,,,conflicting formula: log10 conductivity span 2.060 > 1; kept highest conductivity row caltech_icsd_267193
caltech_icsd_259204,Li6PS5I,,Li6 P1 S5 I1,1.3e-06,,,,,,,,,,,unknown,10.1021/jacs.7b06327,0,data/database/caltech/ionic_conductivity_database .csv,,,,lowest_extrapolation_temperature_K=na,,,259204,,,conflicting formula: log10 conductivity span 3.187 > 1; kept highest conductivity row liverpool_582_0479
caltech_icsd_259208,Li6PS5Br,,Li6 P1 S5 Br1,2.41e-05,,,,,,,,,,,unknown,10.1002/zaac.201100158,0,data/database/caltech/ionic_conductivity_database .csv,,,,lowest_extrapolation_temperature_K=na,,,259208,,,conflicting formula: log10 conductivity span 2.060 > 1; kept highest conductivity row caltech_icsd_267193
caltech_icsd_263764,Li1.5Al0.5Ge1.5P3O12,,Li1.5 Al0.5 Ge1.5 P3 O12,0.000286,,,,,,,,,,,unknown,10.1246/bcsj.65.2200,0,data/database/caltech/ionic_conductivity_database .csv,,,,lowest_extrapolation_temperature_K=na,,,263764,,,conflicting formula: log10 conductivity span 1.521 > 1; kept highest conductivity row liverpool_892_0750
caltech_icsd_263767,LiGe2(PO4)3,,Li1 Ge2 P3 O12,3.33e-07,,,,,,,,,,,unknown,10.1149/1.2220723,0,data/database/caltech/ionic_conductivity_database .csv,,,,lowest_extrapolation_temperature_K=na,,,263767,,,conflicting formula: log10 conductivity span 2.316 > 1; kept highest conductivity row liverpool_250_0209
caltech_icsd_403591,Li6PS5I,,Li6 P1 S5 I1,1.71e-06,,,,,,,,,,,unknown,10.1021/acs.chemmater.9b01857,0,data/database/caltech/ionic_conductivity_database .csv,,,,lowest_extrapolation_temperature_K=na,,,403591,,,conflicting formula: log10 conductivity span 3.187 > 1; kept highest conductivity row liverpool_582_0479
caltech_icsd_418489,Li6PS5I,,Li6 P1 S5 I1,4.1e-07,,,,,,,,,,,unknown,10.1002/zaac.201100158,0,data/database/caltech/ionic_conductivity_database .csv,,,,lowest_extrapolation_temperature_K=na,,,418489,,,conflicting formula: log10 conductivity span 3.187 > 1; kept highest conductivity row liverpool_582_0479
liverpool_5_0005,Li2HClO,,Li2 H1 Cl1 O1,7.11e-08,,,,,,,,,,,Anti-Perovskite,10.1002/aenm.201700971,0,data/database/liverpool/LiIonDatabase.csv,,,,source_id=5; measured_temperature_C=26; chemical_family=Oxides and Other Anions,,,,,,conflicting formula: log10 conductivity span 2.455 > 1; kept highest conductivity row trv1_0014
liverpool_17_0011,Li7La3Zr2O12,,Li7 La3 Zr2 O12,0.000511,,,,,,,,,,,Garnet,10.1002/anie.200701144,0,data/database/liverpool/LiIonDatabase.csv,,,,source_id=17; measured_temperature_C=24.85; chemical_family=Oxides,,,,,,conflicting formula: log10 conductivity span 2.543 > 1; kept highest conductivity row caltech_icsd_422259
liverpool_27_0021,Li1.3Ti1.7Al0.3P3O12,,Li1.3 Ti1.7 Al0.3 P3 O12,0.00121,,,,,,,,,,,NASICON,10.1016/j.ssi.2016.07.010,0,data/database/liverpool/LiIonDatabase.csv,,,,source_id=27; measured_temperature_C=24.85; chemical_family=Oxides,,,,,,conflicting formula: log10 conductivity span 4.076 > 1; kept highest conductivity row liverpool_26_0020
liverpool_35_0026,LiTi2(PO4)3,,Li1 Ti2 P3 O12,3.83e-07,,,,,,,,,,,NASICON,10.1021/jp973296c,0,data/database/liverpool/LiIonDatabase.csv,,,,source_id=35; measured_temperature_C=24.85; chemical_family=Oxides,,,,,,conflicting formula: log10 conductivity span 2.274 > 1; kept highest conductivity row liverpool_313_0250
liverpool_98_0079,Li1.3Ti1.7Al0.3P3O12,,Li1.3 Ti1.7 Al0.3 P3 O12,5.2e-07,,,,,,,,,,,NASICON,10.1007/s11581-007-0197-5,0,data/database/liverpool/LiIonDatabase.csv,,,,source_id=98; measured_temperature_C=25; chemical_family=Oxides,,,,,,conflicting formula: log10 conductivity span 4.076 > 1; kept highest conductivity row liverpool_26_0020
liverpool_115_0095,Li0.5La0.5Ti1O3,,Li0.5 La0.5 Ti1 O3,5.8e-06,,,,,,,,,,,Perovskite,10.1016/j.jallcom.2009.07.091,0,data/database/liverpool/LiIonDatabase.csv,,,,source_id=115; measured_temperature_C=30; chemical_family=Oxides,,,,,,conflicting formula: log10 conductivity span 2.237 > 1; kept highest conductivity row caltech_icsd_165472
liverpool_158_0128,Li1.4P0.6S2.2,,Li1.4 P0.6 S2.2,0.002,,,,,,,,,,,Glass,10.1016/j.jpowsour.2008.09.044,0,data/database/liverpool/LiIonDatabase.csv,,,,source_id=158; measured_temperature_C=25; chemical_family=Sulphides,,,,,,conflicting formula: log10 conductivity span 1.839 > 1; kept highest conductivity row liverpool_147_0119
liverpool_181_0150,Li1.4P0.6S2.2,,Li1.4 P0.6 S2.2,4.64e-05,,,,,,,,,,,Glass,10.1016/j.ssi.2006.07.017,0,data/database/liverpool/LiIonDatabase.csv,,,,source_id=181; measured_temperature_C=25; chemical_family=Sulphides,,,,,,conflicting formula: log10 conductivity span 1.839 > 1; kept highest conductivity row liverpool_147_0119
liverpool_239_0198,Li5La3Ta2O12,,Li5 La3 Ta2 O12,1.51e-06,,,,,,,,,,,Garnet,10.1016/j.ssi.2009.11.015,0,data/database/liverpool/LiIonDatabase.csv,,,,source_id=239; measured_temperature_C=25; chemical_family=Oxides,,,,,,conflicting formula: log10 conductivity span 1.138 > 1; kept highest conductivity row caltech_icsd_259001
liverpool_249_0208,Li1.5Al0.5Ge1.5P3O12,,Li1.5 Al0.5 Ge1.5 P3 O12,0.000218,,,,,,,,,,,NASICON,10.1016/s0167-2738(97)00434-7,0,data/database/liverpool/LiIonDatabase.csv,,,,source_id=249; measured_temperature_C=25; chemical_family=Oxides,,,,,,conflicting formula: log10 conductivity span 1.521 > 1; kept highest conductivity row liverpool_892_0750
liverpool_339_0273,Li1.3Hf1.7In0.3P3O12,,Li1.3 Hf1.7 In0.3 P3 O12,1e-05,,,,,,,,,,,NASICON,10.1016/0167-2738(86)90179-7,0,data/database/liverpool/LiIonDatabase.csv,,,,source_id=339; measured_temperature_C=25; chemical_family=Oxides,,,,,,conflicting formula: log10 conductivity span 1.152 > 1; kept highest conductivity row liverpool_365_0295
liverpool_391_0321,LiZr2(PO4)3,,Li1 Zr2 P3 O12,5e-08,,,,,,,,,,,NASICON,10.1016/j.jpowsour.2013.03.175,0,data/database/liverpool/LiIonDatabase.csv,,,,source_id=391; measured_temperature_C=25; chemical_family=Oxides,,,,,,conflicting formula: log10 conductivity span 3.519 > 1; kept highest conductivity row liverpool_387_0317
liverpool_441_0365,LiGe2(PO4)3,,Li1 Ge2 P3 O12,7.2e-07,,,,,,,,,,,NASICON,10.1021/jp9085602,0,data/database/liverpool/LiIonDatabase.csv,,,,source_id=441; measured_temperature_C=25; chemical_family=Oxides,,,,,,conflicting formula: log10 conductivity span 2.316 > 1; kept highest conductivity row liverpool_250_0209
liverpool_451_0369,Li1.3Ti1.7Al0.3P3O12,,Li1.3 Ti1.7 Al0.3 P3 O12,0.00216,,,,,,,,,,,NASICON,10.1149/1.2086597,0,data/database/liverpool/LiIonDatabase.csv,,,,source_id=451; measured_temperature_C=25; chemical_family=Oxides,,,,,,conflicting formula: log10 conductivity span 4.076 > 1; kept highest conductivity row liverpool_26_0020
liverpool_496_0412,Li1.3Ti1.7Al0.3P3O12,,Li1.3 Ti1.7 Al0.3 P3 O12,0.003,,,,,,,,,,,NASICON,10.1016/s0955-2219(99)00055-2,0,data/database/liverpool/LiIonDatabase.csv,,,,source_id=496; measured_temperature_C=25; chemical_family=Oxides,,,,,,conflicting formula: log10 conductivity span 4.076 > 1; kept highest conductivity row liverpool_26_0020
liverpool_534_0440,LiTi2(PO4)3,,Li1 Ti2 P3 O12,4e-07,,,,,,,,,,,NASICON,10.1016/0167-2738(94)90332-8,0,data/database/liverpool/LiIonDatabase.csv,,,,source_id=534; measured_temperature_C=30; chemical_family=Oxides,,,,,,conflicting formula: log10 conductivity span 2.274 > 1; kept highest conductivity row liverpool_313_0250
liverpool_535_0441,LiZr2(PO4)3,,Li1 Zr2 P3 O12,5e-08,,,,,,,,,,,NASICON,10.1016/0167-2738(94)90332-8,0,data/database/liverpool/LiIonDatabase.csv,,,,source_id=535; measured_temperature_C=30; chemical_family=Oxides,,,,,,conflicting formula: log10 conductivity span 3.519 > 1; kept highest conductivity row liverpool_387_0317
liverpool_561_0460,Li6PS5Br,,Li6 P1 S5 Br1,0.00019,,,,,,,,,,,Argyrodite,10.1021/acsaem.8b00280,0,data/database/liverpool/LiIonDatabase.csv,,,,source_id=561; measured_temperature_C=25; chemical_family=Sulphides and Other Anions,,,,,,conflicting formula: log10 conductivity span 2.060 > 1; kept highest conductivity row caltech_icsd_267193
liverpool_604_0500,Li0.5La0.5Ti1O3,,Li0.5 La0.5 Ti1 O3,0.001,,,,,,,,,,,Perovskite,10.1016/0167-2738(94)90309-3,0,data/database/liverpool/LiIonDatabase.csv,,,,source_id=604; measured_temperature_C=25; chemical_family=Oxides,,,,,,conflicting formula: log10 conductivity span 2.237 > 1; kept highest conductivity row caltech_icsd_165472
liverpool_683_0567,Li0.36La0.55Ti1O3,,Li0.36 La0.55 Ti1 O3,2e-05,,,,,,,,,,,Perovskite,10.1021/cm9810382,0,data/database/liverpool/LiIonDatabase.csv,,,,source_id=683; measured_temperature_C=30; chemical_family=Oxides,,,,,,conflicting formula: log10 conductivity span 1.537 > 1; kept highest conductivity row 2lu
liverpool_701_0585,Li5I2N,,Li5 I2 N1,1.5e-07,,,,,,,,,,,Other,10.1002/anie.198000741,0,data/database/liverpool/LiIonDatabase.csv,,,,source_id=701; measured_temperature_C=25; chemical_family=Halides,,,,,,conflicting formula: log10 conductivity span 1.057 > 1; kept highest conductivity row caltech_icsd_16800
liverpool_705_0588,Li4GeO4,,Li4 Ge1 O4,3.1e-12,,,,,,,,,,,LISICON,10.1016/0025-5408(76)90235-x,0,data/database/liverpool/LiIonDatabase.csv,,,,source_id=705; measured_temperature_C=25; chemical_family=Oxides,,,,,,conflicting formula: log10 conductivity span 6.301 > 1; kept highest conductivity row caltech_icsd_112252
liverpool_783_0653,Li2PS3,,Li4 P2 S6,1.6e-10,,,,,,,,,,,Thio-LISICON,10.1021/acs.chemmater.6b04175,0,data/database/liverpool/LiIonDatabase.csv,,,,source_id=783; measured_temperature_C=25; chemical_family=Sulphides,,,,,,conflicting formula: log10 conductivity span 3.172 > 1; kept highest conductivity row caltech_icsd_242170
liverpool_829_0692,Li1.5Al0.5Ge1.5P3O12,,Li1.5 Al0.5 Ge1.5 P3 O12,0.00443,,,,,,,,,,,NASICON,10.1016/j.jpowsour.2009.11.037,0,data/database/liverpool/LiIonDatabase.csv,,,,source_id=829; measured_temperature_C=26.58; chemical_family=Oxides,,,,,,conflicting formula: log10 conductivity span 1.521 > 1; kept highest conductivity row liverpool_892_0750
liverpool_832_0695,Li1.5Al0.5Ge1.5P3O12,,Li1.5 Al0.5 Ge1.5 P3 O12,0.00526,,,,,,,,,,,NASICON,10.1149/1.2988731,0,data/database/liverpool/LiIonDatabase.csv,,,,source_id=832; measured_temperature_C=27.94; chemical_family=Oxides,,,,,,conflicting formula: log10 conductivity span 1.521 > 1; kept highest conductivity row liverpool_892_0750
liverpool_867_0725,Li7La3Zr2O12,,Li7 La3 Zr2 O12,2.3e-05,,,,,,,,,,,Garnet,10.1016/j.jpowsour.2012.02.031,0,data/database/liverpool/LiIonDatabase.csv,,,,source_id=867; measured_temperature_C=29; chemical_family=Oxides,,,,,,conflicting formula: log10 conductivity span 2.543 > 1; kept highest conductivity row caltech_icsd_422259
