ID,Reduced Composition,Z,True Composition,Ionic conductivity (S cm-1),IC (Total),IC (Bulk),Space group,Space group #,a,b,c,alpha,beta,gamma,Family,DOI,Checked,Ref,Cif ID,Cif ref_1,Cif ref_2,note,close match,close match DOI,ICSD ID,Laskowski ID,Liion ID
6l9,Li4B7ClO12,,Li4 B7 Cl1 O12,2e-06,,,,,,,,,,,boracites,10.1107/s0567740877009443,1,data/database/obelix/processed/all-v1.csv,,,,synthesis_method=unknow; measured_temperature=RT; amorphous=unknow; source_year=1977,,,,,
yav,Li2VCl4,,Li2 V1 Cl4,6.95e-06,,,,,,,,,,,chlorides,10.1016/0167-2738(83)90223-0,1,data/database/obelix/processed/all-v1.csv,,,,close match: Yes；close match DOI: 10.1002/zaac.19946200505; synthesis_method=unknow; measured_temperature=RT; amorphous=unknow; source_year=1983,,,,,
bjw,Li2MnCl4,,Li2 Mn1 Cl4,4.79e-06,,,,,,,,,,,chlorides,10.1016/0167-2738(83)90223-0,1,data/database/obelix/processed/all-v1.csv,,,,close match: Yes；close match DOI: icsd-69678; synthesis_method=unknow; measured_temperature=RT; amorphous=unknow; source_year=1983,,,,,
ib2,Li1.1Sc0.1Ti1.9P3O12,,Li1.1 Sc0.1 Ti1.9 P3 O12,0.000158,,,,,,,,,,,nasicon,10.1016/0167-2738(86)90179-7,1,data/database/obelix/processed/all-v1.csv,,,,synthesis_method=unknow; measured_temperature=RT; amorphous=unknow; source_year=1986,,,,,
cmn,Li1.8Ti1.2Cr0.8P3O12,,Li1.8 Ti1.2 Cr0.8 P3 O12,0.00024,,,,,,,,,,,nasicon,10.1016/0167-2738(88)90291-3,1,data/database/obelix/processed/all-v1.csv,,,,synthesis_method=unknow; measured_temperature=RT; amorphous=unknow; source_year=1988,,,,,
fwz,Li2SiS3,,Li2 Si1 S3,2e-06,,,,,,,,,,,thio_lisicon,10.1016/0025-5408(89)90053-6,1,data/database/obelix/processed/all-v1.csv,,,,appendix: diffraction data available；close match: Yes；close match DOI: mp-1210789; synthesis_method=unknow; measured_temperature=RT; amorphous=unknow; source_year=1989,,,,,
11b,Li3P,,Li3 P1,0.000703,,,,,,,,,,,phosphates,10.1016/0167-2738(89)90438-4,1,data/database/obelix/processed/all-v1.csv,,,,synthesis_method=unknow; measured_temperature=RT; amorphous=unknow; source_year=1989,,,,,
ctg,Li1.3La0.3Ti1.7P3O12,,Li1.3 La0.3 Ti1.7 P3 O12,0.000528,,,,,,,,,,,nasicon,10.1149/1.2096693,1,data/database/obelix/processed/all-v1.csv,,,,duplicate with line 274; synthesis_method=unknow; measured_temperature=RT; amorphous=unknow; source_year=1989,,,,,
mdj,Li1.2Ti2Si0.2P2.8O12,,Li1.2 Ti2 Si0.2 P2.8 O12,8.6e-05,,,,,,,,,,,nasicon,10.1149/1.2086597,1,data/database/obelix/processed/all-v1.csv,,,,synthesis_method=unknow; measured_temperature=RT; amorphous=unknow; source_year=1990,,,,,
t1l,Li1.3Ti2Si0.3P2.7O12,,Li1.3 Ti2 Si0.3 P2.7 O12,0.00032,,,,,,,,,,,nasicon,10.1149/1.2086597,1,data/database/obelix/processed/all-v1.csv,,,,synthesis_method=unknow; measured_temperature=RT; amorphous=unknow; source_year=1990,,,,,
v1t,Li1.4Ti1.6Cr0.4P3O12,,Li1.4 Ti1.6 Cr0.4 P3 O12,0.000149,,,,,,,,,,,nasicon,10.1149/1.2086597,1,data/database/obelix/processed/all-v1.csv,,,,synthesis_method=unknow; measured_temperature=RT; amorphous=unknow; source_year=1990,,,,,
d6b,Li1.5Ti1.5Cr0.5P3O12,,Li1.5 Ti1.5 Cr0.5 P3 O12,0.000386,,,,,,,,,,,nasicon,10.1149/1.2086597,1,data/database/obelix/processed/all-v1.csv,,,,synthesis_method=unknow; measured_temperature=RT; amorphous=unknow; source_year=1990,,,,,
x9a,Li1.2Ti1.8Ga0.2P3O12,,Li1.2 Ti1.8 Ga0.2 P3 O12,0.000162,,,,,,,,,,,nasicon,10.1149/1.2086597,1,data/database/obelix/processed/all-v1.csv,,,,synthesis_method=unknow; measured_temperature=RT; amorphous=unknow; source_year=1990,,,,,
3ta,Li1.3Ti1.7Ga0.3P3O12,,Li1.3 Ti1.7 Ga0.3 P3 O12,0.000261,,,,,,,,,,,nasicon,10.1149/1.2086597,1,data/database/obelix/processed/all-v1.csv,,,,synthesis_method=unknow; measured_temperature=RT; amorphous=unknow; source_year=1990,,,,,
gjy,Li1.4Ti1.6Ga0.4P3O12,,Li1.4 Ti1.6 Ga0.4 P3 O12,0.000128,,,,,,,,,,,nasicon,10.1149/1.2086597,1,data/database/obelix/processed/all-v1.csv,,,,synthesis_method=unknow; measured_temperature=RT; amorphous=unknow; source_year=1990,,,,,
lz8,Li1.5Ti1.5Ga0.5P3O12,,Li1.5 Ti1.5 Ga0.5 P3 O12,0.000122,,,,,,,,,,,nasicon,10.1149/1.2086597,1,data/database/obelix/processed/all-v1.csv,,,,synthesis_method=unknow; measured_temperature=RT; amorphous=unknow; source_year=1990,,,,,
xr7,Li1.4Ti1.6Fe0.4P3O12,,Li1.4 Ti1.6 Fe0.4 P3 O12,0.000392,,,,,,,,,,,nasicon,10.1149/1.2086597,1,data/database/obelix/processed/all-v1.csv,,,,synthesis_method=unknow; measured_temperature=RT; amorphous=unknow; source_year=1990,,,,,
pg8,Li1.5Ti1.5Fe0.5P3O12,,Li1.5 Ti1.5 Fe0.5 P3 O12,0.000174,,,,,,,,,,,nasicon,10.1149/1.2086597,1,data/database/obelix/processed/all-v1.csv,,,,close match: Yes；close match DOI: 10.1039/b312865b; synthesis_method=unknow; measured_temperature=RT; amorphous=unknow; source_year=1990,,,,,
do2,Li1.3Sc0.3Ti1.7P3O12,,Li1.3 Sc0.3 Ti1.7 P3 O12,0.000703,,,,,,,,,,,nasicon,10.1149/1.2086597,1,data/database/obelix/processed/all-v1.csv,,,,synthesis_method=unknow; measured_temperature=RT; amorphous=unknow; source_year=1990,,,,,
uaj,Li1.4Sc0.4Ti1.6P3O12,,Li1.4 Sc0.4 Ti1.6 P3 O12,0.000515,,,,,,,,,,,nasicon,10.1149/1.2086597,1,data/database/obelix/processed/all-v1.csv,,,,synthesis_method=unknow; measured_temperature=RT; amorphous=unknow; source_year=1990,,,,,
2eq,Li1.3Ti1.7In0.3P3O12,,Li1.3 Ti1.7 In0.3 P3 O12,0.000393,,,,,,,,,,,nasicon,10.1149/1.2086597,1,data/database/obelix/processed/all-v1.csv,,,,synthesis_method=unknow; measured_temperature=RT; amorphous=unknow; source_year=1990,,,,,
yn6,Li1.4Ti1.6In0.4P3O12,,Li1.4 Ti1.6 In0.4 P3 O12,0.000302,,,,,,,,,,,nasicon,10.1149/1.2086597,1,data/database/obelix/processed/all-v1.csv,,,,synthesis_method=unknow; measured_temperature=RT; amorphous=unknow; source_year=1990,,,,,
8jy,Li1.5Ti1.5In0.5P3O12,,Li1.5 Ti1.5 In0.5 P3 O12,0.000204,,,,,,,,,,,nasicon,10.1149/1.2086597,1,data/database/obelix/processed/all-v1.csv,,,,synthesis_method=unknow; measured_temperature=RT; amorphous=unknow; source_year=1990,,,,,
e0z,Li1.4La0.4Ti1.6P3O12,,Li1.4 La0.4 Ti1.6 P3 O12,0.000498,,,,,,,,,,,nasicon,10.1149/1.2086597,1,data/database/obelix/processed/all-v1.csv,,,,synthesis_method=unknow; measured_temperature=RT; amorphous=unknow; source_year=1990,,,,,
dx2,Li1.1Hf1.9Fe0.1P3O12,,Li1.1 Hf1.9 Fe0.1 P3 O12,0.000107,,,,,,,,,,,nasicon,10.1016/0167-2738(93)90387-i,1,data/database/obelix/processed/all-v1.csv,,,,synthesis_method=unknow; measured_temperature=RT; amorphous=unknow; source_year=1993,,,,,
6xc,Li1.1Hf1.9In0.1P3O12,,Li1.1 Hf1.9 In0.1 P3 O12,5.13e-05,,,,,,,,,,,nasicon,10.1016/0167-2738(93)90387-i,1,data/database/obelix/processed/all-v1.csv,,,,synthesis_method=unknow; measured_temperature=RT; amorphous=unknow; source_year=1993,,,,,
21m,Li1.1Lu0.1Hf1.9P3O12,,Li1.1 Lu0.1 Hf1.9 P3 O12,5.88e-05,,,,,,,,,,,nasicon,10.1016/0167-2738(93)90387-i,1,data/database/obelix/processed/all-v1.csv,,,,synthesis_method=unknow; measured_temperature=RT; amorphous=unknow; source_year=1993,,,,,
4k1,Li1.1Hf1.9Sc0.1P3O12,,Li1.1 Hf1.9 Sc0.1 P3 O12,2.45e-05,,,,,,,,,,,nasicon,10.1016/0167-2738(93)90387-i,1,data/database/obelix/processed/all-v1.csv,,,,synthesis_method=unknow; measured_temperature=RT; amorphous=unknow; source_year=1993,,,,,
gzp,Li1.2Lu0.2Hf1.8P3O12,,Li1.2 Lu0.2 Hf1.8 P3 O12,9.79e-05,,,,,,,,,,,nasicon,10.1016/0167-2738(93)90387-i,1,data/database/obelix/processed/all-v1.csv,,,,synthesis_method=unknow; measured_temperature=RT; amorphous=unknow; source_year=1993,,,,,
ew5,Li1.3Hf1.7Fe0.3P3O12,,Li1.3 Hf1.7 Fe0.3 P3 O12,5.4e-05,,,,,,,,,,,nasicon,10.1016/0167-2738(93)90387-i,1,data/database/obelix/processed/all-v1.csv,,,,synthesis_method=unknow; measured_temperature=RT; amorphous=unknow; source_year=1993,,,,,
jdk,Li1.3Lu0.3Hf1.7P3O12,,Li1.3 Lu0.3 Hf1.7 P3 O12,3.56e-05,,,,,,,,,,,nasicon,10.1016/0167-2738(93)90387-i,1,data/database/obelix/processed/all-v1.csv,,,,synthesis_method=unknow; measured_temperature=RT; amorphous=unknow; source_year=1993,,,,,
h8a,Li1.3Hf1.7Sc0.3P3O12,,Li1.3 Hf1.7 Sc0.3 P3 O12,8.32e-05,,,,,,,,,,,nasicon,10.1016/0167-2738(93)90387-i,1,data/database/obelix/processed/all-v1.csv,,,,synthesis_method=unknow; measured_temperature=RT; amorphous=unknow; source_year=1993,,,,,
jq7,Li1.3Y0.3Hf1.7P3O12,,Li1.3 Y0.3 Hf1.7 P3 O12,3.19e-05,,,,,,,,,,,nasicon,10.1016/0167-2738(93)90387-i,1,data/database/obelix/processed/all-v1.csv,,,,synthesis_method=unknow; measured_temperature=RT; amorphous=unknow; source_year=1993,,,,,
ylt,Li1.4Hf1.6In0.4P3O12,,Li1.4 Hf1.6 In0.4 P3 O12,0.000142,,,,,,,,,,,nasicon,10.1016/0167-2738(93)90387-i,1,data/database/obelix/processed/all-v1.csv,,,,synthesis_method=unknow; measured_temperature=RT; amorphous=unknow; source_year=1993,,,,,
gnq,Li1.4Lu0.4Hf1.6P3O12,,Li1.4 Lu0.4 Hf1.6 P3 O12,2.06e-05,,,,,,,,,,,nasicon,10.1016/0167-2738(93)90387-i,1,data/database/obelix/processed/all-v1.csv,,,,synthesis_method=unknow; measured_temperature=RT; amorphous=unknow; source_year=1993,,,,,
sso,Li1.4Y0.4Hf1.6P3O12,,Li1.4 Y0.4 Hf1.6 P3 O12,2.09e-05,,,,,,,,,,,nasicon,10.1016/0167-2738(93)90387-i,1,data/database/obelix/processed/all-v1.csv,,,,synthesis_method=unknow; measured_temperature=RT; amorphous=unknow; source_year=1993,,,,,
kxh,Li0.34Pr0.56Ti1O3.01,,Li0.34 Pr0.56 Ti1 O3.01,1e-06,,,,,,,,,,,perovskites,10.1016/0167-2738(94)90310-7,1,data/database/obelix/processed/all-v1.csv,,,,synthesis_method=unknow; measured_temperature=RT; amorphous=unknow; source_year=1994,,,,,
ubi,Li2TiIn(PO4)3,,Li2 Ti1 In1 P3 O12,8.3e-06,,,,,,,,,,,nasicon,10.1016/s0167-2738(96)00565-6,1,data/database/obelix/processed/all-v1.csv,,,,synthesis_method=unknow; measured_temperature=RT; amorphous=unknow; source_year=1997,,,,,
w1l,Sr0.5Li0.5Ta0.75Cr0.25O3,,Sr0.5 Li0.5 Ta0.75 Cr0.25 O3,6e-05,,,,,,,,,,,perovskites,10.1016/s0378-7753(97)02645-1,1,data/database/obelix/processed/all-v1.csv,,,,synthesis_method=unknow; measured_temperature=RT; amorphous=unknow; source_year=1997,,,,,
jce,Sr0.5Li0.5Ta0.75Fe0.25O3,,Sr0.5 Li0.5 Ta0.75 Fe0.25 O3,0.0001,,,,,,,,,,,perovskites,10.1016/s0378-7753(97)02645-1,1,data/database/obelix/processed/all-v1.csv,,,,synthesis_method=unknow; measured_temperature=RT; amorphous=unknow; source_year=1997,,,,,
86o,Li0.18La0.61Ti1O3,,Li0.18 La0.61 Ti1 O3,0.000412,,,,,,,,,,,perovskites,10.1016/s0167-2738(98)00070-8,1,data/database/obelix/processed/all-v1.csv,,,,synthesis_method=unknow; measured_temperature=RT; amorphous=unknow; source_year=1998,,,,,
2lu,Li0.36La0.55Ti1O3,,Li0.36 La0.55 Ti1 O3,0.000688,,,,,,,,,,,perovskites,10.1016/s0167-2738(98)00070-8,1,data/database/obelix/processed/all-v1.csv,,,,synthesis_method=退火（有序相，P4/mmm）; measured_temperature=RT; amorphous=unknow; source_year=1998,,,,,
bd5,Li0.39La0.54Ti1O3,,Li0.39 La0.54 Ti1 O3,0.000651,,,,,,,,,,,perovskites,10.1016/s0167-2738(98)00070-8,1,data/database/obelix/processed/all-v1.csv,,,,synthesis_method=退火（有序相，P4/mmm）; measured_temperature=RT; amorphous=unknow; source_year=1998,,,,,
ukw,Li0.45La0.52Ti1O3,,Li0.45 La0.52 Ti1 O3,0.000501,,,,,,,,,,,perovskites,10.1016/s0167-2738(98)00070-8,1,data/database/obelix/processed/all-v1.csv,,,,synthesis_method=退火（有序相，P4/mmm）; measured_temperature=RT; amorphous=unknow; source_year=1998,,,,,
5h8,Li0.27La0.58Ti1O3,,Li0.27 La0.58 Ti1 O3,0.000599,,,,,,,,,,,perovskites,10.1016/s0167-2738(98)00070-8,1,data/database/obelix/processed/all-v1.csv,,,,synthesis_method=退火（有序相，P4/mmm）; measured_temperature=RT; amorphous=unknow; source_year=1998,,,,,
o23,Li0.25La0.25Ta1O3,,Li0.25 La0.25 Ta1 O3,2.61e-05,,,,,,,,,,,perovskites,10.1016/s0167-2738(98)00414-7,1,data/database/obelix/processed/all-v1.csv,,,,synthesis_method=unknow; measured_temperature=RT; amorphous=unknow; source_year=1999,,,,,
za6,Li1.1Al0.1Ge1.9P3O12,,Li1.1 Al0.1 Ge1.9 P3 O12,2.9e-06,,,,,,,,,,,nasicon,10.1016/s0955-2219(99)00055-2,1,data/database/obelix/processed/all-v1.csv,,,,synthesis_method=unknow; measured_temperature=RT; amorphous=unknow; source_year=1999,,,,,
tp2,Li1.6Ti1.4Al0.6P3O12,,Li1.6 Ti1.4 Al0.6 P3 O12,2.3e-05,,,,,,,,,,,nasicon,10.1016/s0955-2219(99)00055-2,1,data/database/obelix/processed/all-v1.csv,,,,synthesis_method=unknow; measured_temperature=RT; amorphous=unknow; source_year=1999,,,,,
be9,LiGaBr4,,Li1 Ga1 Br4,7e-06,,,,,,,,,,,halides,10.1016/s0167-2738(00)00491-4,1,data/database/obelix/processed/all-v1.csv,,,,synthesis_method=unknow; measured_temperature=RT; amorphous=unknow; source_year=2000,,,,,
7kf,Li1.7Ti1.6Al0.3P3O12,,Li1.7 Ti1.6 Al0.3 P3 O12,0.00122,,,,,,,,,,,nasicon,10.1016/s0167-2738(00)00493-8,1,data/database/obelix/processed/all-v1.csv,,,,ic # check; synthesis_method=unknow; measured_temperature=RT; amorphous=unknow; source_year=2000,,,,,
cy2,Li0.08La0.64Ti1O3,,Li0.08 La0.64 Ti1 O3,0.000335,,,,,,,,,,,perovskites,10.1016/s0167-2738(00)00761-x,1,data/database/obelix/processed/all-v1.csv,,,,synthesis_method=unknow; measured_temperature=RT; amorphous=unknow; source_year=2000,,,,,
5tl,Li0.14La0.62Ti1O3,,Li0.14 La0.62 Ti1 O3,0.000442,,,,,,,,,,,perovskites,10.1016/s0167-2738(00)00761-x,1,data/database/obelix/processed/all-v1.csv,,,,synthesis_method=unknow; measured_temperature=RT; amorphous=unknow; source_year=2000,,,,,
u2y,Li0.215La0.595Ti1O3,,Li0.215 La0.595 Ti1 O3,0.000853,,,,,,,,,,,perovskites,10.1016/s0167-2738(00)00761-x,1,data/database/obelix/processed/all-v1.csv,,,,synthesis_method=unknow; measured_temperature=RT; amorphous=unknow; source_year=2000,,,,,
hta,Li0.305La0.565Ti1O3,,Li0.305 La0.565 Ti1 O3,0.000957,,,,,,,,,,,perovskites,10.1016/s0167-2738(00)00761-x,1,data/database/obelix/processed/all-v1.csv,,,,synthesis_method=unknow; measured_temperature=RT; amorphous=unknow; source_year=2000,,,,,
81x,Li0.1809La0.57Ti1Ag0.0891O3,,Li0.1809 La0.57 Ti1 Ag0.0891 O3,0.0001,,,,,,,,,,,perovskites,10.1021/cm001207u,1,data/database/obelix/processed/all-v1.csv,,,,synthesis_method=unknow; measured_temperature=RT; amorphous=unknow; source_year=2001,,,,,
5fj,Li0.135La0.57Ti1Ag0.135O3,,Li0.135 La0.57 Ti1 Ag0.135 O3,2.3e-05,,,,,,,,,,,perovskites,10.1021/cm001207u,1,data/database/obelix/processed/all-v1.csv,,,,synthesis_method=unknow; measured_temperature=RT; amorphous=unknow; source_year=2001,,,,,
0lo,Li0.27La0.57Ti1O3,,Li0.27 La0.57 Ti1 O3,0.00034,,,,,,,,,,,perovskites,10.1021/cm001207u,1,data/database/obelix/processed/all-v1.csv,,,,synthesis_method=unknow; measured_temperature=RT; amorphous=unknow; source_year=2001,,,,,
o4u,Li3.8Ge0.8P0.2S4,,Li3.8 Ge0.8 P0.2 S4,1.78e-06,,,,,,,,,,,thio_lisicon,10.1149/1.1379028,1,data/database/obelix/processed/all-v1.csv,,,,synthesis_method=unknow; measured_temperature=RT; amorphous=unknow; source_year=2001,,,,,
yy9,Li3.6Ge0.6P0.4S4,,Li3.6 Ge0.6 P0.4 S4,0.000175,,,,,,,,,,,thio_lisicon,10.1149/1.1379028,1,data/database/obelix/processed/all-v1.csv,,,,synthesis_method=unknow; measured_temperature=RT; amorphous=unknow; source_year=2001,,,,,
mvq,Li3.4Ge0.4P0.6S4,,Li3.4 Ge0.4 P0.6 S4,0.000654,,,,,,,,,,,thio_lisicon,10.1149/1.1379028,1,data/database/obelix/processed/all-v1.csv,,,,synthesis_method=unknow; measured_temperature=RT; amorphous=unknow; source_year=2001,,,,,
2yl,Li3.35Ge0.35P0.65S4,,Li3.35 Ge0.35 P0.65 S4,0.00154,,,,,,,,,,,thio_lisicon,10.1149/1.1379028,1,data/database/obelix/processed/all-v1.csv,,,,synthesis_method=unknow; measured_temperature=RT; amorphous=unknow; source_year=2001,,,,,
5qm,Li3.3Ge0.3P0.7S4,,Li3.3 Ge0.3 P0.7 S4,0.00174,,,,,,,,,,,thio_lisicon,10.1149/1.1379028,1,data/database/obelix/processed/all-v1.csv,,,,synthesis_method=unknow; measured_temperature=RT; amorphous=unknow; source_year=2001,,,,,
3jh,Li3.25Ge0.25P0.75S4,,Li3.25 Ge0.25 P0.75 S4,0.0022,,,,,,,,,,,thio_lisicon,10.1149/1.1379028,1,data/database/obelix/processed/all-v1.csv,,,,synthesis_method=unknow; measured_temperature=RT; amorphous=unknow; source_year=2001,,,,,
j3x,Li3.2Ge0.2P0.8S4,,Li3.2 Ge0.2 P0.8 S4,0.000555,,,,,,,,,,,thio_lisicon,10.1149/1.1379028,1,data/database/obelix/processed/all-v1.csv,,,,synthesis_method=unknow; measured_temperature=RT; amorphous=unknow; source_year=2001,,,,,
5e2,Li3.6Si0.6P0.4S4,,Li3.6 Si0.6 P0.4 S4,7.19e-05,,,,,,,,,,,thio_lisicon,10.1006/jssc.2002.9701,1,data/database/obelix/processed/all-v1.csv,,,,synthesis_method=unknow; measured_temperature=RT; amorphous=unknow; source_year=2002,,,,,
10u,Li3.2Si0.2P0.8S4,,Li3.2 Si0.2 P0.8 S4,3.2e-06,,,,,,,,,,,thio_lisicon,10.1006/jssc.2002.9701,1,data/database/obelix/processed/all-v1.csv,,,,synthesis_method=unknow; measured_temperature=RT; amorphous=unknow; source_year=2002,,,,,
ob9,Li2.667Mg0.667P2S6,,Li2.667 Mg0.667 P2 S6,4e-06,,,,,,,,,,,thio_phosphate,10.1016/s0167-2738(02)00007-3,1,data/database/obelix/processed/all-v1.csv,,,,partial occupancy corrected; synthesis_method=unknow; measured_temperature=RT; amorphous=unknow; source_year=2002,,,,,
lcx,Sr0.06Li0.06La0.6Ti1O3,,Sr0.06 Li0.06 La0.6 Ti1 O3,1.13e-05,,,,,,,,,,,perovskites,10.1021/cm020609u,1,data/database/obelix/processed/all-v1.csv,,,,lattice parameter should be checked; synthesis_method=unknow; measured_temperature=RT; amorphous=unknow; source_year=2003,,,,,
mam,Sr0.1Li0.1La0.56Ti1O3,,Sr0.1 Li0.1 La0.56 Ti1 O3,1.37e-05,,,,,,,,,,,perovskites,10.1021/cm020609u,1,data/database/obelix/processed/all-v1.csv,,,,lattice parameter should be checked; synthesis_method=unknow; measured_temperature=RT; amorphous=unknow; source_year=2003,,,,,
0jx,Sr0.15Li0.15La0.51Ti1O3,,Sr0.15 Li0.15 La0.51 Ti1 O3,5.3e-05,,,,,,,,,,,perovskites,10.1021/cm020609u,1,data/database/obelix/processed/all-v1.csv,,,,lattice parameter should be checked; synthesis_method=unknow; measured_temperature=RT; amorphous=unknow; source_year=2003,,,,,
lyq,Sr0.25Li0.25La0.41Ti1O3,,Sr0.25 Li0.25 La0.41 Ti1 O3,7.64e-05,,,,,,,,,,,perovskites,10.1021/cm020609u,1,data/database/obelix/processed/all-v1.csv,,,,lattice parameter should be checked; synthesis_method=unknow; measured_temperature=RT; amorphous=unknow; source_year=2003,,,,,
2tt,Sr0.275Li0.275La0.385Ti1O3,,Sr0.275 Li0.275 La0.385 Ti1 O3,6.04e-05,,,,,,,,,,,perovskites,10.1021/cm020609u,1,data/database/obelix/processed/all-v1.csv,,,,lattice parameter should be checked; synthesis_method=unknow; measured_temperature=RT; amorphous=unknow; source_year=2003,,,,,
xy0,Sr0.3Li0.3La0.36Ti1O3,,Sr0.3 Li0.3 La0.36 Ti1 O3,1.92e-05,,,,,,,,,,,perovskites,10.1021/cm020609u,1,data/database/obelix/processed/all-v1.csv,,,,lattice parameter should be checked; synthesis_method=unknow; measured_temperature=RT; amorphous=unknow; source_year=2003,,,,,
nng,Li1.6Ti0.6Al0.6Ge0.8P3O12,,Li1.6 Ti0.6 Al0.6 Ge0.8 P3 O12,0.0007,,,,,,,,,,,nasicon,10.1021/cm021717j,1,data/database/obelix/processed/all-v1.csv,,,,bulk Ic; synthesis_method=unknow; measured_temperature=RT; amorphous=unknow; source_year=2003,,,,,
pbz,Li3.75V0.25Ge0.75O4,,Li3.75 V0.25 Ge0.75 O4,5.66e-06,,,,,,,,,,,lisicon,10.1023/a:1026135806929,1,data/database/obelix/processed/all-v1.csv,,,,partial occupancy corrected; synthesis_method=unknow; measured_temperature=RT; amorphous=unknow; source_year=2003,,,,,
7ek,Li3.7Ge0.85W0.15O4,,Li3.7 Ge0.85 W0.15 O4,3.8e-05,,,,,,,,,,,lisicon,10.1023/a:1026135806929,1,data/database/obelix/processed/all-v1.csv,,,,partial occupancy corrected; synthesis_method=unknow; measured_temperature=RT; amorphous=unknow; source_year=2003,,,,,
gas,Li0.31La0.63Ti0.9Co0.1O3,,Li0.31 La0.63 Ti0.9 Co0.1 O3,0.00026,,,,,,,,,,,perovskites,10.1016/j.mseb.2004.07.003,1,data/database/obelix/processed/all-v1.csv,,,,synthesis_method=unknow; measured_temperature=RT; amorphous=unknow; source_year=2004,,,,,
9ph,Li0.19La0.67Ti0.9Co0.1O3,,Li0.19 La0.67 Ti0.9 Co0.1 O3,0.000108,,,,,,,,,,,perovskites,10.1016/j.mseb.2004.07.003,1,data/database/obelix/processed/all-v1.csv,,,,synthesis_method=unknow; measured_temperature=RT; amorphous=unknow; source_year=2004,,,,,
sib,Li0.11La0.63Mg0.5W0.5O3,,Li0.11 La0.63 Mg0.5 W0.5 O3,6.8e-06,,,,,,,,,,,perovskites,10.1016/j.ssi.2004.05.010,1,data/database/obelix/processed/all-v1.csv,,,,partial occupancy corrected; synthesis_method=unknow; measured_temperature=RT; amorphous=unknow; source_year=2004,,,,,
r99,Li0.14La0.62Mg0.5W0.5O3,,Li0.14 La0.62 Mg0.5 W0.5 O3,1.2e-05,,,,,,,,,,,perovskites,10.1016/j.ssi.2004.05.010,1,data/database/obelix/processed/all-v1.csv,,,,partial occupancy corrected; synthesis_method=unknow; measured_temperature=RT; amorphous=unknow; source_year=2004,,,,,
544,BaLi6La2Ta2O12,,Ba1 Li6 La2 Ta2 O12,4e-05,,,,,,,,,,,garnet,10.1002/adfm.200400044,1,data/database/obelix/processed/all-v1.csv,,,,synthesis_method=unknow; measured_temperature=RT; amorphous=unknow; source_year=2005,,,,,
ps0,SrLi6La2Ta2O12,,Sr1 Li6 La2 Ta2 O12,7e-06,,,,,,,,,,,garnet,10.1002/adfm.200400044,1,data/database/obelix/processed/all-v1.csv,,,,synthesis_method=unknow; measured_temperature=RT; amorphous=unknow; source_year=2005,,,,,
jqc,Li7BiO6,,Li7 Bi1 O6,1.58489e-06,,,,,,,,,,,hexaoxometalates,10.1002/zaac.200500231,1,data/database/obelix/processed/all-v1.csv,,,,partial occupancy not correct; synthesis_method=unknow; measured_temperature=RT; amorphous=unknow; source_year=2005,,,,,
lf5,BaLi6La2Nb2O12,,Ba1 Li6 La2 Nb2 O12,6e-06,,,,,,,,,,,garnet,10.1111/j.1551-2916.2005.00060.x,1,data/database/obelix/processed/all-v1.csv,,,,synthesis_method=unknow; measured_temperature=RT; amorphous=unknow; source_year=2005,,,,,
cjq,SrLi6La2Nb2O12,,Sr1 Li6 La2 Nb2 O12,4.2e-06,,,,,,,,,,,garnet,10.1111/j.1551-2916.2005.00060.x,1,data/database/obelix/processed/all-v1.csv,,,,duplicate with line 491; 374; synthesis_method=unknow; measured_temperature=RT; amorphous=unknow; source_year=2005,,,,,
uaz,Li6CaLa2Nb2O12,,Li6 Ca1 La2 Nb2 O12,1.6e-06,,,,,,,,,,,garnet,10.1111/j.1551-2916.2005.00060.x,1,data/database/obelix/processed/all-v1.csv,,,,"ic # check, was wrong paper；close match: Yes；close match DOI: 10.1016/j.cej.2019.121937; synthesis_method=unknow; measured_temperature=RT; amorphous=unknow; source_year=2005",,,,,
ihb,Li0.33La0.56Ti0.99Al0.01O2.99F0.01,,Li0.33 La0.56 Ti0.99 Al0.01 O2.99 F0.01,0.00098,,,,,,,,,,,perovskites,10.1007/s11581-006-0011-9,1,data/database/obelix/processed/all-v1.csv,,,,synthesis_method=unknow; measured_temperature=RT; amorphous=unknow; source_year=2006,,,,,
3k7,Li0.33La0.56Ti0.98Al0.02O2.98F0.02,,Li0.33 La0.56 Ti0.98 Al0.02 O2.98 F0.02,0.00106,,,,,,,,,,,perovskites,10.1007/s11581-006-0011-9,1,data/database/obelix/processed/all-v1.csv,,,,synthesis_method=unknow; measured_temperature=RT; amorphous=unknow; source_year=2006,,,,,
1sz,Li0.33La0.56Ti0.97Al0.03O2.97F0.03,,Li0.33 La0.56 Ti0.97 Al0.03 O2.97 F0.03,0.000928,,,,,,,,,,,perovskites,10.1007/s11581-006-0011-9,1,data/database/obelix/processed/all-v1.csv,,,,synthesis_method=unknow; measured_temperature=RT; amorphous=unknow; source_year=2006,,,,,
yh8,Li0.33La0.56Ti0.96Al0.04O2.96F0.04,,Li0.33 La0.56 Ti0.96 Al0.04 O2.96 F0.04,0.000622,,,,,,,,,,,perovskites,10.1007/s11581-006-0011-9,1,data/database/obelix/processed/all-v1.csv,,,,synthesis_method=unknow; measured_temperature=RT; amorphous=unknow; source_year=2006,,,,,
coh,Li0.33La0.56Ti0.95Al0.05O2.95F0.05,,Li0.33 La0.56 Ti0.95 Al0.05 O2.95 F0.05,0.000176,,,,,,,,,,,perovskites,10.1007/s11581-006-0011-9,1,data/database/obelix/processed/all-v1.csv,,,,synthesis_method=unknow; measured_temperature=RT; amorphous=unknow; source_year=2006,,,,,
1pw,Li0.33La0.56Ti0.94Al0.06O2.94F0.06,,Li0.33 La0.56 Ti0.94 Al0.06 O2.94 F0.06,0.000106,,,,,,,,,,,perovskites,10.1007/s11581-006-0011-9,1,data/database/obelix/processed/all-v1.csv,,,,synthesis_method=unknow; measured_temperature=RT; amorphous=unknow; source_year=2006,,,,,
bw3,Li0.33La0.56Ti0.93Al0.07O2.93F0.07,,Li0.33 La0.56 Ti0.93 Al0.07 O2.93 F0.07,0.000645,,,,,,,,,,,perovskites,10.1007/s11581-006-0011-9,1,data/database/obelix/processed/all-v1.csv,,,,synthesis_method=unknow; measured_temperature=RT; amorphous=unknow; source_year=2006,,,,,
my5,Li0.33La0.56Ti0.92Al0.08O2.92F0.08,,Li0.33 La0.56 Ti0.92 Al0.08 O2.92 F0.08,0.000494,,,,,,,,,,,perovskites,10.1007/s11581-006-0011-9,1,data/database/obelix/processed/all-v1.csv,,,,synthesis_method=unknow; measured_temperature=RT; amorphous=unknow; source_year=2006,,,,,
0v9,Li5.5La3Nb1.75In0.25O12,,Li5.5 La3 Nb1.75 In0.25 O12,2.4e-05,,,,,,,,,,,garnet,10.1016/j.jssc.2005.12.025,1,data/database/obelix/processed/all-v1.csv,,,,synthesis_method=unknow; measured_temperature=RT; amorphous=unknow; source_year=2006,,,,,
qtc,K0.25Li5.5La2.75Nb2O12,,K0.25 Li5.5 La2.75 Nb2 O12,1.06e-05,,,,,,,,,,,garnet,10.1016/j.jssc.2005.12.025,1,data/database/obelix/processed/all-v1.csv,,,,synthesis_method=unknow; measured_temperature=RT; amorphous=unknow; source_year=2006,,,,,
vtr,LiFeSb(PO4)3,,Li1 Fe1 Sb1 P3 O12,1.37e-06,,,,,,,,,,,nasicon,10.1063/1.2357843,1,data/database/obelix/processed/all-v1.csv,,,,synthesis_method=unknow; measured_temperature=RT; amorphous=unknow; source_year=2006,,,,,
aax,Ba0.25Li5.25La2.75Ta2O12,,Ba0.25 Li5.25 La2.75 Ta2 O12,7.41e-06,,,,,,,,,,,garnet,10.1007/s11581-007-0097-8,1,data/database/obelix/processed/all-v1.csv,,,,lattice parameter double check; synthesis_method=unknow; measured_temperature=RT; amorphous=unknow; source_year=2007,,,,,
o86,Ba0.5Li5.5La2.5Ta2O12,,Ba0.5 Li5.5 La2.5 Ta2 O12,1.41e-05,,,,,,,,,,,garnet,10.1007/s11581-007-0097-8,1,data/database/obelix/processed/all-v1.csv,,,,lattice parameter double check; synthesis_method=unknow; measured_temperature=RT; amorphous=unknow; source_year=2007,,,,,
coi,Ba1.25Li6.25La1.75Ta2O12,,Ba1.25 Li6.25 La1.75 Ta2 O12,4.99e-05,,,,,,,,,,,garnet,10.1007/s11581-007-0097-8,1,data/database/obelix/processed/all-v1.csv,,,,lattice parameter double check; synthesis_method=unknow; measured_temperature=RT; amorphous=unknow; source_year=2007,,,,,
3vi,Ba1.5Li6.5La1.5Ta2O12,,Ba1.5 Li6.5 La1.5 Ta2 O12,3.08e-05,,,,,,,,,,,garnet,10.1007/s11581-007-0097-8,1,data/database/obelix/processed/all-v1.csv,,,,lattice parameter double check; synthesis_method=unknow; measured_temperature=RT; amorphous=unknow; source_year=2007,,,,,
vwn,Ba1.75Li6.75La1.25Ta2O12,,Ba1.75 Li6.75 La1.25 Ta2 O12,1.18e-05,,,,,,,,,,,garnet,10.1007/s11581-007-0097-8,1,data/database/obelix/processed/all-v1.csv,,,,lattice parameter double check; synthesis_method=unknow; measured_temperature=RT; amorphous=unknow; source_year=2007,,,,,
tlp,Ba2Li7LaTa2O12,,Ba2 Li7 La1 Ta2 O12,2.85e-06,,,,,,,,,,,garnet,10.1007/s11581-007-0097-8,1,data/database/obelix/processed/all-v1.csv,,,,lattice parameter double check; synthesis_method=unknow; measured_temperature=RT; amorphous=unknow; source_year=2007,,,,,
uw9,SrLi6La2(BiO6)2,,Sr1 Li6 La2 Bi2 O12,2e-05,,,,,,,,,,,garnet,10.1016/j.mseb.2007.07.009,1,data/database/obelix/processed/all-v1.csv,,,,synthesis_method=unknow; measured_temperature=RT; amorphous=unknow; source_year=2007,,,,,
qy4,Na5Li3(TiS4)2,,Na5 Li3 Ti2 S8,8.8e-06,,,,,,,,,,,sulfides,10.1016/j.jssc.2008.01.023,1,data/database/obelix/processed/all-v1.csv,,,,synthesis_method=unknow; measured_temperature=RT; amorphous=unknow; source_year=2008,,,,,
xog,Li5La3(SbO6)2,,Li5 La3 Sb2 O12,7.8e-06,,,,,,,,,,,garnet,10.1016/j.materresbull.2007.10.035,1,data/database/obelix/processed/all-v1.csv,,,,synthesis_method=unknow; measured_temperature=RT; amorphous=unknow; source_year=2008,,,,,
bi3,SrLi6La2(SbO6)2,,Sr1 Li6 La2 Sb2 O12,6.3e-06,,,,,,,,,,,garnet,10.1016/j.materresbull.2007.10.035,1,data/database/obelix/processed/all-v1.csv,,,,synthesis_method=unknow; measured_temperature=RT; amorphous=unknow; source_year=2008,,,,,
jej,Li6CaLa2Ta2O12,,Li6 Ca1 La2 Ta2 O12,2.2e-06,,,,,,,,,,,garnet,10.1016/j.ssi.2008.10.022,1,data/database/obelix/processed/all-v1.csv,,,,synthesis_method=unknow; measured_temperature=RT; amorphous=unknow; source_year=2009,,,,,
rgo,Li7La3Ta2O13,,Li7 La3 Ta2 O13,2.65e-06,,,,,,,,,,,garnet,10.1016/j.ssi.2009.07.002,1,data/database/obelix/processed/all-v1.csv,,,,synthesis_method=unknow; measured_temperature=RT; amorphous=unknow; source_year=2009,,,,,
tvf,Li3H4IN2,,Li3 H4 I1 N2,1e-05,,,,,,,,,,,hydrides,10.1021/cm1006857,1,data/database/obelix/processed/all-v1.csv,,,,synthesis_method=unknow; measured_temperature=RT; amorphous=unknow; source_year=2010,,,,,
gvd,Li3N,,Li3 N1,0.0005767,,,,,,,,,,,nitrides,10.1039/c0ee00052c,1,data/database/obelix/processed/all-v1.csv,,,,synthesis_method=unknow; measured_temperature=RT; amorphous=unknow; source_year=2010,,,,,
dvs,Li7.06La3Y0.06Zr1.94O12,,Li7.06 La3 Y0.06 Zr1.94 O12,0.00081,,,,,,,,,,,garnet,10.1016/j.elecom.2011.08.014,1,data/database/obelix/processed/all-v1.csv,,,,synthesis_method=unknow; measured_temperature=RT; amorphous=unknow; source_year=2011,,,,,
66a,Li6.75La3Zr1.75Nb0.25O12,,Li6.75 La3 Zr1.75 Nb0.25 O12,0.0008,,,,,,,,,,,garnet,10.1016/j.jpowsour.2010.11.089,1,data/database/obelix/processed/all-v1.csv,,,,synthesis_method=unknow; measured_temperature=RT; amorphous=unknow; source_year=2011,,,,,
ijh,Li5La3Y0.05Nb1.95O11.95,,Li5 La3 Y0.05 Nb1.95 O11.95,1.34e-05,,,,,,,,,,,garnet,10.1016/j.jpowsour.2011.05.031,1,data/database/obelix/processed/all-v1.csv,,,,synthesis_method=unknow; measured_temperature=RT; amorphous=unknow; source_year=2011,,,,,
q46,Li5La3Y0.1Nb1.9O11.9,,Li5 La3 Y0.1 Nb1.9 O11.9,1.44e-05,,,,,,,,,,,garnet,10.1016/j.jpowsour.2011.05.031,1,data/database/obelix/processed/all-v1.csv,,,,synthesis_method=unknow; measured_temperature=RT; amorphous=unknow; source_year=2011,,,,,
8m3,Li5La3Y0.15Nb1.85O11.85,,Li5 La3 Y0.15 Nb1.85 O11.85,5.71e-06,,,,,,,,,,,garnet,10.1016/j.jpowsour.2011.05.031,1,data/database/obelix/processed/all-v1.csv,,,,synthesis_method=unknow; measured_temperature=RT; amorphous=unknow; source_year=2011,,,,,
zyx,Li5La3Y0.2Nb1.8O11.8,,Li5 La3 Y0.2 Nb1.8 O11.8,9.13e-06,,,,,,,,,,,garnet,10.1016/j.jpowsour.2011.05.031,1,data/database/obelix/processed/all-v1.csv,,,,synthesis_method=unknow; measured_temperature=RT; amorphous=unknow; source_year=2011,,,,,
qvu,Li5La3Y0.25Nb1.75O11.75,,Li5 La3 Y0.25 Nb1.75 O11.75,9.68e-06,,,,,,,,,,,garnet,10.1016/j.jpowsour.2011.05.031,1,data/database/obelix/processed/all-v1.csv,,,,synthesis_method=unknow; measured_temperature=RT; amorphous=unknow; source_year=2011,,,,,
ku9,Na0.1Li0.4La0.5Nb2O6,,Na0.1 Li0.4 La0.5 Nb2 O6,9.92e-06,,,,,,,,,,,perovskites,10.1134/s002016851103006x,1,data/database/obelix/processed/all-v1.csv,,,,partial occupancy corrected; synthesis_method=unknow; measured_temperature=RT; amorphous=unknow; source_year=2011,,,,,
9n0,Na0.2Li0.3La0.5Nb2O6,,Na0.2 Li0.3 La0.5 Nb2 O6,1.11e-05,,,,,,,,,,,perovskites,10.1134/s002016851103006x,1,data/database/obelix/processed/all-v1.csv,,,,partial occupancy corrected; synthesis_method=unknow; measured_temperature=RT; amorphous=unknow; source_year=2011,,,,,
ozo,Na0.3Li0.2La0.5Nb2O6,,Na0.3 Li0.2 La0.5 Nb2 O6,1.18e-05,,,,,,,,,,,perovskites,10.1134/s002016851103006x,1,data/database/obelix/processed/all-v1.csv,,,,partial occupancy corrected; synthesis_method=unknow; measured_temperature=RT; amorphous=unknow; source_year=2011,,,,,
h5i,Na0.4Li0.1La0.5Nb2O6,,Na0.4 Li0.1 La0.5 Nb2 O6,1.21e-05,,,,,,,,,,,perovskites,10.1134/s002016851103006x,1,data/database/obelix/processed/all-v1.csv,,,,"partial occupancy corrected, changed symmetry to reflect actual higher symmetry; synthesis_method=unknow; measured_temperature=RT; amorphous=unknow; source_year=2011",,,,,
o9h,Na0.43Li0.07La0.5Nb2O6,,Na0.43 Li0.07 La0.5 Nb2 O6,1.23e-05,,,,,,,,,,,perovskites,10.1134/s002016851103006x,1,data/database/obelix/processed/all-v1.csv,,,,partial occupancy corrected; synthesis_method=unknow; measured_temperature=RT; amorphous=unknow; source_year=2011,,,,,
4xq,Na0.46Li0.04La0.5Nb2O6,,Na0.46 Li0.04 La0.5 Nb2 O6,5.91e-06,,,,,,,,,,,perovskites,10.1134/s002016851103006x,1,data/database/obelix/processed/all-v1.csv,,,,partial occupancy corrected; synthesis_method=unknow; measured_temperature=RT; amorphous=unknow; source_year=2011,,,,,
0ii,Na0.48Li0.02La0.5Nb2O6,,Na0.48 Li0.02 La0.5 Nb2 O6,3.99e-06,,,,,,,,,,,perovskites,10.1134/s002016851103006x,1,data/database/obelix/processed/all-v1.csv,,,,partial occupancy corrected; synthesis_method=unknow; measured_temperature=RT; amorphous=unknow; source_year=2011,,,,,
4uu,Li6.15La3Zr1.75Ta0.25Ga0.2O12,,Li6.15 La3 Zr1.75 Ta0.25 Ga0.2 O12,0.00041,,,,,,,,,,,garnet,10.1016/j.jpowsour.2012.01.131,1,data/database/obelix/processed/all-v1.csv,,,,synthesis_method=unknow; measured_temperature=RT; amorphous=unknow; source_year=2012,,,,,
sdz,Li6.15La3Zr1.75Ta0.25Al0.2O12,,Li6.15 La3 Zr1.75 Ta0.25 Al0.2 O12,0.00037,,,,,,,,,,,garnet,10.1016/j.jpowsour.2012.01.131,1,data/database/obelix/processed/all-v1.csv,,,,synthesis_method=unknow; measured_temperature=RT; amorphous=unknow; source_year=2012,,,,,
7w5,Li6.75La3Zr1.75Ta0.25O12,,Li6.75 La3 Zr1.75 Ta0.25 O12,0.00087,,,,,,,,,,,garnet,10.1016/j.jpowsour.2012.01.131,1,data/database/obelix/processed/all-v1.csv,,,,close match: Yes；close match DOI: 10.1039/c1jm14588f; synthesis_method=unknow; measured_temperature=RT; amorphous=unknow; source_year=2012,,,,,
8ee,Li6.4La3Zr2Al0.19O11.8,,Li6.4 La3 Zr2 Al0.19 O11.8,0.00031,,,,,,,,,,,garnet,10.1016/j.jpowsour.2012.02.100,1,data/database/obelix/processed/all-v1.csv,,,,synthesis_method=unknow; measured_temperature=RT; amorphous=unknow; source_year=2012,,,,,
3o4,Li6.25La3Zr2Ga0.25O12,,Li6.25 La3 Zr2 Ga0.25 O12,0.00035,,,,,,,,,,,garnet,10.1016/j.matchemphys.2012.03.054,1,data/database/obelix/processed/all-v1.csv,,,,synthesis_method=unknow; measured_temperature=RT; amorphous=unknow; source_year=2012,,,,,
h7r,Li1Ti1.4Sn0.6P3O12,,Li1 Ti1.4 Sn0.6 P3 O12,2.28e-05,,,,,,,,,,,nasicon,10.1016/j.physb.2011.11.006,1,data/database/obelix/processed/all-v1.csv,,,,partial occupancy corrected; synthesis_method=unknow; measured_temperature=RT; amorphous=unknow; source_year=2012,,,,,
9ky,Li1Ti0.6Sn1.4P3O12,,Li1 Ti0.6 Sn1.4 P3 O12,9.42e-06,,,,,,,,,,,nasicon,10.1016/j.physb.2011.11.006,1,data/database/obelix/processed/all-v1.csv,,,,partial occupancy corrected; synthesis_method=unknow; measured_temperature=RT; amorphous=unknow; source_year=2012,,,,,
4ea,Li1Ti0.4Sn1.6P3O12,,Li1 Ti0.4 Sn1.6 P3 O12,3.15e-06,,,,,,,,,,,nasicon,10.1016/j.physb.2011.11.006,1,data/database/obelix/processed/all-v1.csv,,,,partial occupancy corrected; synthesis_method=unknow; measured_temperature=RT; amorphous=unknow; source_year=2012,,,,,
x61,Li1.3Sc0.15Ti1.7Al0.15P3O12,,Li1.3 Sc0.15 Ti1.7 Al0.15 P3 O12,0.00124,,,,,,,,,,,nasicon,10.1016/j.ssi.2012.03.045,1,data/database/obelix/processed/all-v1.csv,,,,synthesis_method=unknow; measured_temperature=RT; amorphous=unknow; source_year=2012,,,,,
czo,Li1.3Sc0.2Ti1.7Al0.1P3O12,,Li1.3 Sc0.2 Ti1.7 Al0.1 P3 O12,0.000429,,,,,,,,,,,nasicon,10.1016/j.ssi.2012.03.045,1,data/database/obelix/processed/all-v1.csv,,,,synthesis_method=unknow; measured_temperature=RT; amorphous=unknow; source_year=2012,,,,,
f7p,Li1.3Y0.1Ti1.7Al0.2P3O12,,Li1.3 Y0.1 Ti1.7 Al0.2 P3 O12,0.00012,,,,,,,,,,,nasicon,10.1016/j.ssi.2012.05.011,1,data/database/obelix/processed/all-v1.csv,,,,synthesis_method=unknow; measured_temperature=RT; amorphous=unknow; source_year=2012,,,,,
l8t,Li1.3Y0.2Ti1.7Al0.1P3O12,,Li1.3 Y0.2 Ti1.7 Al0.1 P3 O12,7.3e-05,,,,,,,,,,,nasicon,10.1016/j.ssi.2012.05.011,1,data/database/obelix/processed/all-v1.csv,,,,synthesis_method=unknow; measured_temperature=RT; amorphous=unknow; source_year=2012,,,,,
3tt,Li1.3Y0.15Ti1.7Al0.15P3O12,,Li1.3 Y0.15 Ti1.7 Al0.15 P3 O12,1.9e-05,,,,,,,,,,,nasicon,10.1016/j.ssi.2012.05.011,1,data/database/obelix/processed/all-v1.csv,,,,synthesis_method=unknow; measured_temperature=RT; amorphous=unknow; source_year=2012,,,,,
ga9,LiCeB3H12Cl,,Li1 Ce1 B3 H12 Cl1,0.000103,,,,,,,,,,,argyrodites,10.1021/cm300792t,1,data/database/obelix/processed/all-v1.csv,,,,synthesis_method=unknow; measured_temperature=RT; amorphous=unknow; source_year=2012,,,,,
kmv,Li4SnS4,,Li4 Sn1 S4,7e-05,,,,,,,,,,,chalcogenidotetrelates,10.1021/cm3011315,1,data/database/obelix/processed/all-v1.csv,,,,synthesis_method=unknow; measured_temperature=RT; amorphous=unknow; source_year=2012,,,,,
trv1_0002,Li3Br0.5Cl0.5O1,,Li3 Br0.5 Cl0.5 O1,0.00194,,,,,,,,,,,antiperovskite,10.1021/ja308741y,1,data/database/obelix/processed/all-v1.csv,,,,混合卤素固溶体；系列最高值; synthesis_method=unknow; measured_temperature=RT; amorphous=否; source_year=2012,,,,,
j5g,Li6La3Y0.5Nb1.5O12,,Li6 La3 Y0.5 Nb1.5 O12,0.000188,,,,,,,,,,,garnet,10.1021/jp304737x,1,data/database/obelix/processed/all-v1.csv,,,,synthesis_method=unknow; measured_temperature=RT; amorphous=unknow; source_year=2012,,,,,
dvb,Li5.2La3Y0.1Nb1.9O12,,Li5.2 La3 Y0.1 Nb1.9 O12,6.39e-05,,,,,,,,,,,garnet,10.1021/jp304737x,1,data/database/obelix/processed/all-v1.csv,,,,synthesis_method=unknow; measured_temperature=RT; amorphous=unknow; source_year=2012,,,,,
cti,Li5.4La3Y0.2Nb1.8O12,,Li5.4 La3 Y0.2 Nb1.8 O12,6.74e-05,,,,,,,,,,,garnet,10.1021/jp304737x,1,data/database/obelix/processed/all-v1.csv,,,,synthesis_method=unknow; measured_temperature=RT; amorphous=unknow; source_year=2012,,,,,
2d1,Li5.5La3Y0.25Nb1.75O12,,Li5.5 La3 Y0.25 Nb1.75 O12,9.18e-05,,,,,,,,,,,garnet,10.1021/jp304737x,1,data/database/obelix/processed/all-v1.csv,,,,synthesis_method=unknow; measured_temperature=RT; amorphous=unknow; source_year=2012,,,,,
3rh,Li6.5La3Y0.75Nb1.25O12,,Li6.5 La3 Y0.75 Nb1.25 O12,0.00027,,,,,,,,,,,garnet,10.1021/jp304737x,1,data/database/obelix/processed/all-v1.csv,,,,duplicate with line 550; synthesis_method=unknow; measured_temperature=RT; amorphous=unknow; source_year=2012,,,,,
a6v,Li5.4La3Y0.75Nb1.8O12,,Li5.4 La3 Y0.75 Nb1.8 O12,2.51e-05,,,,,,,,,,,garnet,10.1021/jp304737x,1,data/database/obelix/processed/all-v1.csv,,,,wrong composition;  may duplicate with 548; synthesis_method=unknow; measured_temperature=RT; amorphous=unknow; source_year=2012,,,,,
v07,Li5.5La3Zr2Ga0.5O12,,Li5.5 La3 Zr2 Ga0.5 O12,0.0001,,,,,,,,,,,garnet,10.1039/c2dt31318a,1,data/database/obelix/processed/all-v1.csv,,,,appendix: diffraction data available; synthesis_method=unknow; measured_temperature=RT; amorphous=unknow; source_year=2012,,,,,
kji,Li6.4La3Zr1.4Ta0.6O12,,Li6.4 La3 Zr1.4 Ta0.6 O12,0.001,,,,,,,,,,,garnet,10.1039/c2jm31413d,1,data/database/obelix/processed/all-v1.csv,,,,close match: Yes；close match DOI: 10.2109/jcersj2.19022; synthesis_method=unknow; measured_temperature=RT; amorphous=unknow; source_year=2012,,,,,
v1q,Li6.8La3Zr1.8Ta0.2O12,,Li6.8 La3 Zr1.8 Ta0.2 O12,0.00073,,,,,,,,,,,garnet,10.1149/2.024205esl,1,data/database/obelix/processed/all-v1.csv,,,,synthesis_method=unknow; measured_temperature=RT; amorphous=unknow; source_year=2012,,,,,
5xk,Li6.65La3Zr1.65Ta0.35O12,,Li6.65 La3 Zr1.65 Ta0.35 O12,0.00046,,,,,,,,,,,garnet,10.1149/2.024205esl,1,data/database/obelix/processed/all-v1.csv,,,,synthesis_method=unknow; measured_temperature=RT; amorphous=unknow; source_year=2012,,,,,
zfg,Li6.55La3Zr1.55Ta0.45O12,,Li6.55 La3 Zr1.55 Ta0.45 O12,0.0004,,,,,,,,,,,garnet,10.1149/2.024205esl,1,data/database/obelix/processed/all-v1.csv,,,,synthesis_method=unknow; measured_temperature=RT; amorphous=unknow; source_year=2012,,,,,
6hq,Li6La3ZrTaO12,,Li6 La3 Zr1 Ta1 O12,0.00035,,,,,,,,,,,garnet,10.1149/2.024205esl,1,data/database/obelix/processed/all-v1.csv,,,,synthesis_method=unknow; measured_temperature=RT; amorphous=unknow; source_year=2012,,,,,
85t,Li0.29La0.57Ti1O3,,Li0.29 La0.57 Ti1 O3,0.0016,,,,,,,,,,,perovskites,10.1016/j.jpowsour.2012.11.098,1,data/database/obelix/processed/all-v1.csv,,,,synthesis_method=unknow; measured_temperature=RT; amorphous=unknow; source_year=2013,,,,,
d6f,Li7La3Zr1.89Al0.15O12,,Li7 La3 Zr1.89 Al0.15 O12,0.00034,,,,,,,,,,,garnet,10.1016/j.jpowsour.2013.03.049,1,data/database/obelix/processed/all-v1.csv,,,,synthesis_method=unknow; measured_temperature=RT; amorphous=unknow; source_year=2013,,,,,
r07,Li6.75La3Zr1.875Te0.125O12,,Li6.75 La3 Zr1.875 Te0.125 O12,0.00033,,,,,,,,,,,garnet,10.1016/j.jpowsour.2013.03.166,1,data/database/obelix/processed/all-v1.csv,,,,synthesis_method=unknow; measured_temperature=RT; amorphous=unknow; source_year=2013,,,,,
uht,Li6.5La3Zr1.75Te0.25O12,,Li6.5 La3 Zr1.75 Te0.25 O12,0.00102,,,,,,,,,,,garnet,10.1016/j.jpowsour.2013.03.166,1,data/database/obelix/processed/all-v1.csv,,,,synthesis_method=unknow; measured_temperature=RT; amorphous=unknow; source_year=2013,,,,,
lpx,Li1.15Y0.15Zr1.85P3O12,,Li1.15 Y0.15 Zr1.85 P3 O12,7.1e-05,,,,,,,,,,,nasicon,10.1016/j.jpowsour.2013.03.175,1,data/database/obelix/processed/all-v1.csv,,,,bulk ic (total ic 7.10E-05); synthesis_method=unknow; measured_temperature=RT; amorphous=unknow; source_year=2013,,,,,
9lx,Li10Sn(PS6)2,,Li10 Sn1 P2 S12,0.007,,,,,,,,,,,lgps,10.1021/ja407393y,1,data/database/obelix/processed/all-v1.csv,,,,synthesis_method=unknow; measured_temperature=RT; amorphous=unknow; source_year=2013,,,,,
whw,Li6.8La3Zr1.8Sb0.2O12,,Li6.8 La3 Zr1.8 Sb0.2 O12,5.9e-05,,,,,,,,,,,garnet,10.1039/c3cp50991e,1,data/database/obelix/processed/all-v1.csv,,,,synthesis_method=unknow; measured_temperature=RT; amorphous=unknow; source_year=2013,,,,,
duf,Li6.6La3Zr1.6Sb0.4O12,,Li6.6 La3 Zr1.6 Sb0.4 O12,0.00077,,,,,,,,,,,garnet,10.1039/c3cp50991e,1,data/database/obelix/processed/all-v1.csv,,,,close match: Yes；close match DOI: 10.1016/j.ssi.2019.115185; synthesis_method=unknow; measured_temperature=RT; amorphous=unknow; source_year=2013,,,,,
dll,Li6.4La3Zr1.4Sb0.6O12,,Li6.4 La3 Zr1.4 Sb0.6 O12,0.00066,,,,,,,,,,,garnet,10.1039/c3cp50991e,1,data/database/obelix/processed/all-v1.csv,,,,synthesis_method=unknow; measured_temperature=RT; amorphous=unknow; source_year=2013,,,,,
i90,Li6.2La3Zr1.2Sb0.8O12,,Li6.2 La3 Zr1.2 Sb0.8 O12,0.00045,,,,,,,,,,,garnet,10.1039/c3cp50991e,1,data/database/obelix/processed/all-v1.csv,,,,synthesis_method=unknow; measured_temperature=RT; amorphous=unknow; source_year=2013,,,,,
dm9,Li6La3ZrSbO12,,Li6 La3 Zr1 Sb1 O12,0.00026,,,,,,,,,,,garnet,10.1039/c3cp50991e,1,data/database/obelix/processed/all-v1.csv,,,,synthesis_method=unknow; measured_temperature=RT; amorphous=unknow; source_year=2013,,,,,
hd3,Li7GePS8,,Li7 Ge1 P1 S8,0.007,,,,,,,,,,,lgps,10.1039/c3ee41728j,1,data/database/obelix/processed/all-v1.csv,,,,synthesis_method=unknow; measured_temperature=RT; amorphous=unknow; source_year=2013,,,,,
z2s,Li5.5Nd3Zr2Al0.5O12,,Li5.5 Nd3 Zr2 Al0.5 O12,3.9e-05,,,,,,,,,,,garnet,10.1039/c3ta13252h,1,data/database/obelix/processed/all-v1.csv,,,,synthesis_method=unknow; measured_temperature=RT; amorphous=unknow; source_year=2013,,,,,
kmr,Li10Si0.05Ge0.95P2S12,,Li10 Si0.05 Ge0.95 P2 S12,0.0086,,,,,,,,,,,thio_lisicon,10.1016/j.jpowsour.2014.07.159,1,data/database/obelix/processed/all-v1.csv,,,,synthesis_method=unknow; measured_temperature=RT; amorphous=unknow; source_year=2014,,,,,
tzl,Li1.05Ti1.95Al0.05P3O12,,Li1.05 Ti1.95 Al0.05 P3 O12,0.0011,,,,,,,,,,,nasicon,10.1016/j.ssi.2014.07.018,1,data/database/obelix/processed/all-v1.csv,,,,composition should be corrected; synthesis_method=unknow; measured_temperature=RT; amorphous=unknow; source_year=2014,,,,,
d4q,Li1.05Ti1.95Cr0.05P3O12,,Li1.05 Ti1.95 Cr0.05 P3 O12,0.00018,,,,,,,,,,,nasicon,10.1016/j.ssi.2014.07.018,1,data/database/obelix/processed/all-v1.csv,,,,composition should be corrected; synthesis_method=unknow; measured_temperature=RT; amorphous=unknow; source_year=2014,,,,,
6he,Li1.1Ti1.9Cr0.1P3O12,,Li1.1 Ti1.9 Cr0.1 P3 O12,0.00026,,,,,,,,,,,nasicon,10.1016/j.ssi.2014.07.018,1,data/database/obelix/processed/all-v1.csv,,,,composition should be corrected; synthesis_method=unknow; measured_temperature=RT; amorphous=unknow; source_year=2014,,,,,
rc1,Li1.05Ti1.95Fe0.05P3O12,,Li1.05 Ti1.95 Fe0.05 P3 O12,0.00013,,,,,,,,,,,nasicon,10.1016/j.ssi.2014.07.018,1,data/database/obelix/processed/all-v1.csv,,,,composition should be corrected; synthesis_method=unknow; measured_temperature=RT; amorphous=unknow; source_year=2014,,,,,
lzt,Li1.1Ti1.9Fe0.1P3O12,,Li1.1 Ti1.9 Fe0.1 P3 O12,0.00063,,,,,,,,,,,nasicon,10.1016/j.ssi.2014.07.018,1,data/database/obelix/processed/all-v1.csv,,,,composition should be corrected; synthesis_method=unknow; measured_temperature=RT; amorphous=unknow; source_year=2014,,,,,
8y4,Li6.6La2.875Y0.125Zr1.6Ta0.4O12,,Li6.6 La2.875 Y0.125 Zr1.6 Ta0.4 O12,0.000317,,,,,,,,,,,garnet,10.1021/am503731h,1,data/database/obelix/processed/all-v1.csv,,,,synthesis_method=unknow; measured_temperature=RT; amorphous=unknow; source_year=2014,,,,,
ucw,Li6.6La2.75Y0.25Zr1.6Ta0.4O12,,Li6.6 La2.75 Y0.25 Zr1.6 Ta0.4 O12,0.000436,,,,,,,,,,,garnet,10.1021/am503731h,1,data/database/obelix/processed/all-v1.csv,,,,synthesis_method=unknow; measured_temperature=RT; amorphous=unknow; source_year=2014,,,,,
ff9,Li6.6La2.5Y0.5Zr1.6Ta0.4O12,,Li6.6 La2.5 Y0.5 Zr1.6 Ta0.4 O12,0.000226,,,,,,,,,,,garnet,10.1021/am503731h,1,data/database/obelix/processed/all-v1.csv,,,,synthesis_method=unknow; measured_temperature=RT; amorphous=unknow; source_year=2014,,,,,
mqo,Li3.45Si0.45P0.55S4,,Li3.45 Si0.45 P0.55 S4,0.00673,,,,,,,,,,,lgps,10.1039/c4fd00143e,1,data/database/obelix/processed/all-v1.csv,,,,refer D2 - 109; 252037-ICSD; synthesis_method=unknow; measured_temperature=RT; amorphous=unknow; source_year=2014,,,,,
izs,Li3.475Si0.475P0.525S4,,Li3.475 Si0.475 P0.525 S4,0.00527,,,,,,,,,,,lgps,10.1039/c4fd00143e,1,data/database/obelix/processed/all-v1.csv,,,,synthesis_method=unknow; measured_temperature=RT; amorphous=unknow; source_year=2014,,,,,
8nc,Li3.425Si0.425P0.575S4,,Li3.425 Si0.425 P0.575 S4,0.00565,,,,,,,,,,,lgps,10.1039/c4fd00143e,1,data/database/obelix/processed/all-v1.csv,,,,synthesis_method=unknow; measured_temperature=RT; amorphous=unknow; source_year=2014,,,,,
xga,Li3.335Sn0.33P0.67S4,,Li3.335 Sn0.33 P0.67 S4,0.00373,,,,,,,,,,,lgps,10.1039/c4fd00143e,1,data/database/obelix/processed/all-v1.csv,,,,synthesis_method=unknow; measured_temperature=RT; amorphous=unknow; source_year=2014,,,,,
xn9,Li3.3Sn0.3P0.7S4,,Li3.3 Sn0.3 P0.7 S4,0.00365,,,,,,,,,,,lgps,10.1039/c4fd00143e,1,data/database/obelix/processed/all-v1.csv,,,,synthesis_method=unknow; measured_temperature=RT; amorphous=unknow; source_year=2014,,,,,
sg4,Li3.285Sn0.28P0.72S4,,Li3.285 Sn0.28 P0.72 S4,0.00436,,,,,,,,,,,lgps,10.1039/c4fd00143e,1,data/database/obelix/processed/all-v1.csv,,,,synthesis_method=unknow; measured_temperature=RT; amorphous=unknow; source_year=2014,,,,,
ns3,Li3.27Sn0.27P0.73S4,,Li3.27 Sn0.27 P0.73 S4,0.00496,,,,,,,,,,,lgps,10.1039/c4fd00143e,1,data/database/obelix/processed/all-v1.csv,,,,synthesis_method=unknow; measured_temperature=RT; amorphous=unknow; source_year=2014,,,,,
g8j,Li3.26Sn0.26P0.74S4,,Li3.26 Sn0.26 P0.74 S4,0.00453,,,,,,,,,,,lgps,10.1039/c4fd00143e,1,data/database/obelix/processed/all-v1.csv,,,,synthesis_method=unknow; measured_temperature=RT; amorphous=unknow; source_year=2014,,,,,
bim,Li3.25Sn0.25P0.75S4,,Li3.25 Sn0.25 P0.75 S4,0.0036,,,,,,,,,,,lgps,10.1039/c4fd00143e,1,data/database/obelix/processed/all-v1.csv,,,,synthesis_method=unknow; measured_temperature=RT; amorphous=unknow; source_year=2014,,,,,
02p,Li10Si(PS6)2,,Li10 Si1 P2 S12,0.0023,,,,,,,,,,,lgps,10.1149/2.0501412jes,1,data/database/obelix/processed/all-v1.csv,,,,synthesis_method=unknow; measured_temperature=RT; amorphous=unknow; source_year=2014,,,,,
ueu,Li5.74La3Zr1.5Ta0.5O12,,Li5.74 La3 Zr1.5 Ta0.5 O12,0.000903,,,,,,,,,,,garnet,10.1002/aenm.201500096|10.1002/aenm.201570062,1,data/database/obelix/processed/all-v1.csv,,,,synthesis_method=unknow; measured_temperature=RT; amorphous=unknow; source_year=2015,,,,,
uwh,Li5.08La3Zr0.39Ta1.51O12,,Li5.08 La3 Zr0.39 Ta1.51 O12,0.000103,,,,,,,,,,,garnet,10.1002/aenm.201500096|10.1002/aenm.201570062,1,data/database/obelix/processed/all-v1.csv,,,,synthesis_method=unknow; measured_temperature=RT; amorphous=unknow; source_year=2015,,,,,
6j9,Li1.15Ti1.85Fe0.15P3O12,,Li1.15 Ti1.85 Fe0.15 P3 O12,0.000522,,,,,,,,,,,nasicon,10.1007/s11164-013-1348-0,1,data/database/obelix/processed/all-v1.csv,,,,synthesis_method=unknow; measured_temperature=RT; amorphous=unknow; source_year=2015,,,,,
ed4,Li1.2Al0.2Ge1.8P3O12,,Li1.2 Al0.2 Ge1.8 P3 O12,7.94e-05,,,,,,,,,,,nasicon,10.1016/j.jeurceramsoc.2014.11.023,1,data/database/obelix/processed/all-v1.csv,,,,synthesis_method=unknow; measured_temperature=RT; amorphous=unknow; source_year=2015,,,,,
72f,Li6.26La3Zr2Al0.24O12,,Li6.26 La3 Zr2 Al0.24 O12,0.00021,,,,,,,,,,,garnet,10.1016/j.ssi.2015.04.011,1,data/database/obelix/processed/all-v1.csv,,,,synthesis_method=unknow; measured_temperature=RT; amorphous=unknow; source_year=2015,,,,,
goi,LiH7C3NClO,,Li1 H7 C3 N1 Cl1 O1,0.00016,,,,,,,,,,,organic_salts,10.1021/acs.chemmater.5b00940,1,data/database/obelix/processed/all-v1.csv,,,,synthesis_method=unknow; measured_temperature=RT; amorphous=unknow; source_year=2015,,,,,
5z8,Li5.72La3Zr1.5Al0.26W0.25O12,,Li5.72 La3 Zr1.5 Al0.26 W0.25 O12,0.00049,,,,,,,,,,,garnet,10.1021/acs.chemmater.5b02429,1,data/database/obelix/processed/all-v1.csv,,,,composition check; synthesis_method=unknow; measured_temperature=RT; amorphous=unknow; source_year=2015,,,,,
5d6,Li6.8La3Zr1.9Mo0.1O12,,Li6.8 La3 Zr1.9 Mo0.1 O12,8e-05,,,,,,,,,,,garnet,10.1021/acs.inorgchem.5b01895,1,data/database/obelix/processed/all-v1.csv,,,,synthesis_method=unknow; measured_temperature=RT; amorphous=unknow; source_year=2015,,,,,
ciq,Li6.6La3Zr1.8Mo0.2O12,,Li6.6 La3 Zr1.8 Mo0.2 O12,0.000311,,,,,,,,,,,garnet,10.1021/acs.inorgchem.5b01895,1,data/database/obelix/processed/all-v1.csv,,,,synthesis_method=unknow; measured_temperature=RT; amorphous=unknow; source_year=2015,,,,,
suz,Li6.4La3Zr1.7Mo0.3O12,,Li6.4 La3 Zr1.7 Mo0.3 O12,0.000369,,,,,,,,,,,garnet,10.1021/acs.inorgchem.5b01895,1,data/database/obelix/processed/all-v1.csv,,,,synthesis_method=unknow; measured_temperature=RT; amorphous=unknow; source_year=2015,,,,,
1tk,Li6.2La3Zr1.6Mo0.4O12,,Li6.2 La3 Zr1.6 Mo0.4 O12,0.00034,,,,,,,,,,,garnet,10.1021/acs.inorgchem.5b01895,1,data/database/obelix/processed/all-v1.csv,,,,synthesis_method=unknow; measured_temperature=RT; amorphous=unknow; source_year=2015,,,,,
9o6,Li6.5La3Zr1.75Mo0.25O12,,Li6.5 La3 Zr1.75 Mo0.25 O12,0.000333,,,,,,,,,,,garnet,10.1021/acs.inorgchem.5b01895,1,data/database/obelix/processed/all-v1.csv,,,,synthesis_method=unknow; measured_temperature=RT; amorphous=unknow; source_year=2015,,,,,
xas,Li2SnS3,,Li2 Sn1 S3,1.5e-05,,,,,,,,,,,sulfides,10.1021/cm5037524,1,data/database/obelix/processed/all-v1.csv,,,,synthesis_method=unknow; measured_temperature=RT; amorphous=unknow; source_year=2015,,,,,
wa3,Li51.2La24Zr16Al1.6O96,,Li51.2 La24 Zr16 Al1.6 O96,0.000254,,,,,,,,,,,garnet,10.1038/srep18053,1,data/database/obelix/processed/all-v1.csv,,,,"Z, composition incorrect; synthesis_method=unknow; measured_temperature=RT; amorphous=unknow; source_year=2015",,,,,
l6h,Li49.6La24Zr14.4Ta1.6Al1.6O96,,Li49.6 La24 Zr14.4 Ta1.6 Al1.6 O96,0.000614,,,,,,,,,,,garnet,10.1038/srep18053,1,data/database/obelix/processed/all-v1.csv,,,,synthesis_method=unknow; measured_temperature=RT; amorphous=unknow; source_year=2015,,,,,
52b,Li10.05Ge1.05P1.95S12,,Li10.05 Ge1.05 P1.95 S12,0.0122,,,,,,,,,,,lgps,10.1039/c4ta05231e,1,data/database/obelix/processed/all-v1.csv,,,,synthesis_method=unknow; measured_temperature=RT; amorphous=unknow; source_year=2015,,,,,
8po,Li10.2Ge1.2P1.8S12,,Li10.2 Ge1.2 P1.8 S12,0.0132,,,,,,,,,,,lgps,10.1039/c4ta05231e,1,data/database/obelix/processed/all-v1.csv,,,,synthesis_method=unknow; measured_temperature=RT; amorphous=unknow; source_year=2015,,,,,
ya8,Li10.5Ge1.5P1.5S12,,Li10.5 Ge1.5 P1.5 S12,0.011,,,,,,,,,,,lgps,10.1039/c4ta05231e,1,data/database/obelix/processed/all-v1.csv,,,,synthesis_method=unknow; measured_temperature=RT; amorphous=unknow; source_year=2015,,,,,
824,Li10.35Ge1.35P1.65S12,,Li10.35 Ge1.35 P1.65 S12,0.0144,,,,,,,,,,,lgps,10.1039/c4ta05231e,1,data/database/obelix/processed/all-v1.csv,,,,synthesis_method=unknow; measured_temperature=RT; amorphous=unknow; source_year=2015,,,,,
nip,Li9.81Sn0.81P2.19S12,,Li9.81 Sn0.81 P2.19 S12,0.0055,,,,,,,,,,,lgps,10.1107/s2052520615022283,1,data/database/obelix/processed/all-v1.csv,,,,partial occupancy corrected; synthesis_method=unknow; measured_temperature=RT; amorphous=unknow; source_year=2015,,,,,
k4x,Li10.35Si1.35P1.65S12,,Li10.35 Si1.35 P1.65 S12,0.0065,,,,,,,,,,,lgps,10.1107/s2052520615022283,1,data/database/obelix/processed/all-v1.csv,,,,synthesis_method=unknow; measured_temperature=RT; amorphous=unknow; source_year=2015,,,,,
f5n,Li2H0.9Cl1O0.9F0.1,,Li2 H0.9 Cl1 O0.9 F0.1,3.86e-05,,,,,,,,,,,antiperovskite,10.1002/anie.201604554,1,data/database/obelix/processed/all-v1.csv,,,,synthesis_method=unknow; measured_temperature=RT; amorphous=unknow; source_year=2016,,,,,
qbb,Li3BrO,,Li3 Br1 O1,1.1e-06,,,,,,,,,,,antiperovskite,10.1016/j.ssi.2015.11.027,1,data/database/obelix/processed/all-v1.csv,,,,close match: Yes；close match DOI: 10.1515/znb-1989-1103; synthesis_method=unknow; measured_temperature=RT; amorphous=unknow; source_year=2016,,,,,
mtr,Li5.68La2.95Zr2Fe0.16O12,,Li5.68 La2.95 Zr2 Fe0.16 O12,0.000935,,,,,,,,,,,garnet,10.1021/acs.chemmater.6b02516,1,data/database/obelix/processed/all-v1.csv,,,,check the composition; synthesis_method=unknow; measured_temperature=RT; amorphous=unknow; source_year=2016,,,,,
s2v,Li5.57La2.95Zr2Fe0.19O12,,Li5.57 La2.95 Zr2 Fe0.19 O12,0.00138,,,,,,,,,,,garnet,10.1021/acs.chemmater.6b02516,1,data/database/obelix/processed/all-v1.csv,,,,check the composition; synthesis_method=unknow; measured_temperature=RT; amorphous=unknow; source_year=2016,,,,,
oi4,Sr0.4375Li0.375Hf0.25Ta0.75O3,,Sr0.4375 Li0.375 Hf0.25 Ta0.75 O3,0.00038,,,,,,,,,,,perovskites,10.1021/acsami.6b03070,1,data/database/obelix/processed/all-v1.csv,,,,synthesis_method=unknow; measured_temperature=RT; amorphous=unknow; source_year=2016,,,,,
ikh,Li9.6P3S12,,Li9.6 P3 S12,0.0012,,,,,,,,,,,lgps,10.1038/nenergy.2016.30,1,data/database/obelix/processed/all-v1.csv,,,,appendix: diffraction data available; synthesis_method=unknow; measured_temperature=RT; amorphous=unknow; source_year=2016,,,,,
ete,Li9.54Si1.74P1.44S11.7Cl0.3,,Li9.54 Si1.74 P1.44 S11.7 Cl0.3,0.025,,,,,,,,,,,lgps,10.1038/nenergy.2016.30,1,data/database/obelix/processed/all-v1.csv,,,,appendix: diffraction data available; synthesis_method=unknow; measured_temperature=RT; amorphous=unknow; source_year=2016,,,,,
opo,Li0.8Sn0.8S2,,Li0.8 Sn0.8 S2,0.00012,,,,,,,,,,,layered,10.1039/c6ee00633g,1,data/database/obelix/processed/all-v1.csv,,,,synthesis_method=unknow; measured_temperature=RT; amorphous=unknow; source_year=2016,,,,,
bt0,Ba0.05Li6.5La2.95Zr1.45Ta0.55O12,,Ba0.05 Li6.5 La2.95 Zr1.45 Ta0.55 O12,0.000832,,,,,,,,,,,garnet,10.3389/fenrg.2016.00028,1,data/database/obelix/processed/all-v1.csv,,,,synthesis_method=unknow; measured_temperature=RT; amorphous=unknow; source_year=2016,,,,,
dti,Ba0.1Li6.5La2.9Zr1.4Ta0.6O12,,Ba0.1 Li6.5 La2.9 Zr1.4 Ta0.6 O12,0.000834,,,,,,,,,,,garnet,10.3389/fenrg.2016.00028,1,data/database/obelix/processed/all-v1.csv,,,,synthesis_method=unknow; measured_temperature=RT; amorphous=unknow; source_year=2016,,,,,
7gm,Ba0.2Li6.5La2.8Zr1.3Ta0.7O12,,Ba0.2 Li6.5 La2.8 Zr1.3 Ta0.7 O12,0.000631,,,,,,,,,,,garnet,10.3389/fenrg.2016.00028,1,data/database/obelix/processed/all-v1.csv,,,,synthesis_method=unknow; measured_temperature=RT; amorphous=unknow; source_year=2016,,,,,
c71,Ba0.3Li6.5La2.7Zr1.2Ta0.8O12,,Ba0.3 Li6.5 La2.7 Zr1.2 Ta0.8 O12,0.000492,,,,,,,,,,,garnet,10.3389/fenrg.2016.00028,1,data/database/obelix/processed/all-v1.csv,,,,synthesis_method=unknow; measured_temperature=RT; amorphous=unknow; source_year=2016,,,,,
lk8,Li0.45La0.55Ti0.9Al0.1O3,,Li0.45 La0.55 Ti0.9 Al0.1 O3,0.00151,,,,,,,,,,,perovskites,10.1016/j.jallcom.2017.05.278,1,data/database/obelix/processed/all-v1.csv,,,,synthesis_method=unknow; measured_temperature=RT; amorphous=unknow; source_year=2017,,,,,
lud,Li0.4La0.6Ti0.8Al0.2O3,,Li0.4 La0.6 Ti0.8 Al0.2 O3,0.000568,,,,,,,,,,,perovskites,10.1016/j.jallcom.2017.05.278,1,data/database/obelix/processed/all-v1.csv,,,,synthesis_method=unknow; measured_temperature=RT; amorphous=unknow; source_year=2017,,,,,
vlm,Li0.35La0.65Ti0.7Al0.3O3,,Li0.35 La0.65 Ti0.7 Al0.3 O3,0.000161,,,,,,,,,,,perovskites,10.1016/j.jallcom.2017.05.278,1,data/database/obelix/processed/all-v1.csv,,,,synthesis_method=unknow; measured_temperature=RT; amorphous=unknow; source_year=2017,,,,,
24k,Li7Ge3PS12,,Li7 Ge3 P1 S12,0.00011,,,,,,,,,,,argyrodites,10.1016/j.jssc.2016.12.001,1,data/database/obelix/processed/all-v1.csv,,,,synthesis_method=unknow; measured_temperature=RT; amorphous=unknow; source_year=2017,,,,,
906,Ba0.1Li9.8Ge1P2S12,,Ba0.1 Li9.8 Ge1 P2 S12,0.000561,,,,,,,,,,,lgps,10.1016/j.ssi.2017.01.014,1,data/database/obelix/processed/all-v1.csv,,,,synthesis_method=unknow; measured_temperature=RT; amorphous=unknow; source_year=2017,,,,,
fnu,Ba0.2Li9.6Ge1P2S12,,Ba0.2 Li9.6 Ge1 P2 S12,0.000572,,,,,,,,,,,lgps,10.1016/j.ssi.2017.01.014,1,data/database/obelix/processed/all-v1.csv,,,,synthesis_method=unknow; measured_temperature=RT; amorphous=unknow; source_year=2017,,,,,
pfi,Ba0.3Li9.4Ge1P2S12,,Ba0.3 Li9.4 Ge1 P2 S12,0.000707,,,,,,,,,,,lgps,10.1016/j.ssi.2017.01.014,1,data/database/obelix/processed/all-v1.csv,,,,synthesis_method=unknow; measured_temperature=RT; amorphous=unknow; source_year=2017,,,,,
f0h,Ba0.4Li9.2Ge1P2S12,,Ba0.4 Li9.2 Ge1 P2 S12,0.000316,,,,,,,,,,,lgps,10.1016/j.ssi.2017.01.014,1,data/database/obelix/processed/all-v1.csv,,,,synthesis_method=unknow; measured_temperature=RT; amorphous=unknow; source_year=2017,,,,,
7iw,Ba0.5Li9Ge1P2S12,,Ba0.5 Li9 Ge1 P2 S12,9.98e-05,,,,,,,,,,,lgps,10.1016/j.ssi.2017.01.014,1,data/database/obelix/processed/all-v1.csv,,,,synthesis_method=unknow; measured_temperature=RT; amorphous=unknow; source_year=2017,,,,,
b7v,Li5La3(BiO6)2,,Li5 La3 Bi2 O12,2.2e-05,,,,,,,,,,,garnet,10.1016/j.ssi.2017.03.030,1,data/database/obelix/processed/all-v1.csv,,,,synthesis_method=unknow; measured_temperature=RT; amorphous=unknow; source_year=2017,,,,,
lol,Li4PS4I,,Li4 P1 S4 I1,0.00012,,,,,,,,,,,thio_lisicon,10.1021/acs.chemmater.7b00013,1,data/database/obelix/processed/all-v1.csv,,,,appendix: diffraction data available; synthesis_method=unknow; measured_temperature=RT; amorphous=unknow; source_year=2017,,,,,
8ub,Li10.5Si1.2Sn0.3P1.5S12,,Li10.5 Si1.2 Sn0.3 P1.5 S12,0.00879,,,,,,,,,,,lgps,10.1021/acs.chemmater.7b00886,1,data/database/obelix/processed/all-v1.csv,,,,appendix: diffraction data available; synthesis_method=unknow; measured_temperature=RT; amorphous=unknow; source_year=2017,,,,,
7tu,Li10.2Si0.96Sn0.24P1.8S12,,Li10.2 Si0.96 Sn0.24 P1.8 S12,0.00782,,,,,,,,,,,lgps,10.1021/acs.chemmater.7b00886,1,data/database/obelix/processed/all-v1.csv,,,,appendix: diffraction data available; synthesis_method=unknow; measured_temperature=RT; amorphous=unknow; source_year=2017,,,,,
ui6,Li10.35Si1.08Sn0.27P1.65S12,,Li10.35 Si1.08 Sn0.27 P1.65 S12,0.011,,,,,,,,,,,lgps,10.1021/acs.chemmater.7b00886,1,data/database/obelix/processed/all-v1.csv,,,,duplicated with line 204; deleted; synthesis_method=unknow; measured_temperature=RT; amorphous=unknow; source_year=2017,,,,,
419,Li5.3La3Sm0.15Ta1.85O12,,Li5.3 La3 Sm0.15 Ta1.85 O12,7.11e-06,,,,,,,,,,,garnet,10.1021/acs.inorgchem.7b00816,1,data/database/obelix/processed/all-v1.csv,,,,synthesis_method=unknow; measured_temperature=RT; amorphous=unknow; source_year=2017,,,,,
c0g,Li5.5La3Sm0.25Ta1.75O12,,Li5.5 La3 Sm0.25 Ta1.75 O12,5.17e-06,,,,,,,,,,,garnet,10.1021/acs.inorgchem.7b00816,1,data/database/obelix/processed/all-v1.csv,,,,synthesis_method=unknow; measured_temperature=RT; amorphous=unknow; source_year=2017,,,,,
kbu,Li5.7La3Sm0.35Ta1.65O12,,Li5.7 La3 Sm0.35 Ta1.65 O12,2.15e-05,,,,,,,,,,,garnet,10.1021/acs.inorgchem.7b00816,1,data/database/obelix/processed/all-v1.csv,,,,synthesis_method=unknow; measured_temperature=RT; amorphous=unknow; source_year=2017,,,,,
fam,Li5.9La3Sm0.45Ta1.55O12,,Li5.9 La3 Sm0.45 Ta1.55 O12,1.18e-05,,,,,,,,,,,garnet,10.1021/acs.inorgchem.7b00816,1,data/database/obelix/processed/all-v1.csv,,,,synthesis_method=unknow; measured_temperature=RT; amorphous=unknow; source_year=2017,,,,,
dae,Li6.1La3Sm0.55Ta1.45O12,,Li6.1 La3 Sm0.55 Ta1.45 O12,1.4e-05,,,,,,,,,,,garnet,10.1021/acs.inorgchem.7b00816,1,data/database/obelix/processed/all-v1.csv,,,,synthesis_method=unknow; measured_temperature=RT; amorphous=unknow; source_year=2017,,,,,
s3r,Li4Al0.33Si0.33P0.33O4,,Li4 Al0.33 Si0.33 P0.33 O4,3.25e-06,,,,,,,,,,,lisicon,10.1021/acsami.6b14402,1,data/database/obelix/processed/all-v1.csv,,,,appendix: diffraction data available; synthesis_method=unknow; measured_temperature=RT; amorphous=unknow; source_year=2017,,,,,
9yt,Li6P1S5Br0.75Cl0.25,,Li6 P1 S5 Br0.75 Cl0.25,0.00186,,,,,,,,,,,argyrodites,10.1021/jacs.7b06327,1,data/database/obelix/processed/all-v1.csv,,,,synthesis_method=unknow; measured_temperature=RT; amorphous=unknow; source_year=2017,,,,,
ij5,Li6P1S5Br0.5Cl0.5,,Li6 P1 S5 Br0.5 Cl0.5,0.00333,,,,,,,,,,,argyrodites,10.1021/jacs.7b06327,1,data/database/obelix/processed/all-v1.csv,,,,synthesis_method=unknow; measured_temperature=RT; amorphous=unknow; source_year=2017,,,,,
ymc,Li6P1S5I0.5Br0.5,,Li6 P1 S5 I0.5 Br0.5,2.62e-05,,,,,,,,,,,argyrodites,10.1021/jacs.7b06327,1,data/database/obelix/processed/all-v1.csv,,,,synthesis_method=unknow; measured_temperature=RT; amorphous=unknow; source_year=2017,,,,,
kgl,Li6P1S5Br0.25Cl0.75,,Li6 P1 S5 Br0.25 Cl0.75,0.00226,,,,,,,,,,,argyrodites,10.1021/jacs.7b06327,1,data/database/obelix/processed/all-v1.csv,,,,synthesis_method=unknow; measured_temperature=RT; amorphous=unknow; source_year=2017,,,,,
vqj,Li6P1S5I0.25Br0.75,,Li6 P1 S5 I0.25 Br0.75,0.000112,,,,,,,,,,,argyrodites,10.1021/jacs.7b06327,1,data/database/obelix/processed/all-v1.csv,,,,synthesis_method=unknow; measured_temperature=RT; amorphous=unknow; source_year=2017,,,,,
h82,Li6P1S5I0.75Br0.25,,Li6 P1 S5 I0.75 Br0.25,4.72e-06,,,,,,,,,,,argyrodites,10.1021/jacs.7b06327,1,data/database/obelix/processed/all-v1.csv,,,,synthesis_method=unknow; measured_temperature=RT; amorphous=unknow; source_year=2017,,,,,
i9a,Li2.5Zn0.25P1S4,,Li2.5 Zn0.25 P1 S4,0.00084,,,,,,,,,,,sulfides,10.1021/acs.chemmater.7b05108,1,data/database/obelix/processed/all-v1.csv,,,,synthesis_method=unknow; measured_temperature=RT; amorphous=unknow; source_year=2018,,,,,
dco,Li2Zn0.5P1S4,,Li2 Zn0.5 P1 S4,0.00013,,,,,,,,,,,sulfides,10.1021/acs.chemmater.7b05108,1,data/database/obelix/processed/all-v1.csv,,,,synthesis_method=unknow; measured_temperature=RT; amorphous=unknow; source_year=2018,,,,,
tqb,Li1.5Zn0.75P1S4,,Li1.5 Zn0.75 P1 S4,1.65e-05,,,,,,,,,,,sulfides,10.1021/acs.chemmater.7b05108,1,data/database/obelix/processed/all-v1.csv,,,,synthesis_method=unknow; measured_temperature=RT; amorphous=unknow; source_year=2018,,,,,
9rc,Li10Sn0.224Ge0.776P2S12,,Li10 Sn0.224 Ge0.776 P2 S12,0.0141,,,,,,,,,,,lgps,10.1021/acs.chemmater.8b00266,1,data/database/obelix/processed/all-v1.csv,,,,synthesis_method=unknow; measured_temperature=RT; amorphous=unknow; source_year=2018,,,,,
ik8,Li10Sn0.584Ge0.416P2S12,,Li10 Sn0.584 Ge0.416 P2 S12,0.00743,,,,,,,,,,,lgps,10.1021/acs.chemmater.8b00266,1,data/database/obelix/processed/all-v1.csv,,,,synthesis_method=unknow; measured_temperature=RT; amorphous=unknow; source_year=2018,,,,,
e6e,Li3.2Ge0.2P0.8O4,,Li3.2 Ge0.2 P0.8 O4,1.14e-06,,,,,,,,,,,lisicon,10.1021/acs.chemmater.8b01504,1,data/database/obelix/processed/all-v1.csv,,,,synthesis_method=unknow; measured_temperature=RT; amorphous=unknow; source_year=2018,,,,,
ylh,Li3.2V0.8Ge0.2O4,,Li3.2 V0.8 Ge0.2 O4,1.9e-05,,,,,,,,,,,lisicon,10.1021/acs.chemmater.8b01504,1,data/database/obelix/processed/all-v1.csv,,,,synthesis_method=unknow; measured_temperature=RT; amorphous=unknow; source_year=2018,,,,,
eij,Li3.4Ge0.4P0.6O4,,Li3.4 Ge0.4 P0.6 O4,4.5e-06,,,,,,,,,,,lisicon,10.1021/acs.chemmater.8b01504,1,data/database/obelix/processed/all-v1.csv,,,,synthesis_method=unknow; measured_temperature=RT; amorphous=unknow; source_year=2018,,,,,
efb,Li3.6Ge0.6P0.4O4,,Li3.6 Ge0.6 P0.4 O4,1.1e-05,,,,,,,,,,,lisicon,10.1021/acs.chemmater.8b01504,1,data/database/obelix/processed/all-v1.csv,,,,synthesis_method=unknow; measured_temperature=RT; amorphous=unknow; source_year=2018,,,,,
lcm,Li3.6V0.4Ge0.6O4,,Li3.6 V0.4 Ge0.6 O4,3.19e-05,,,,,,,,,,,lisicon,10.1021/acs.chemmater.8b01504,1,data/database/obelix/processed/all-v1.csv,,,,synthesis_method=unknow; measured_temperature=RT; amorphous=unknow; source_year=2018,,,,,
mgs,Li3.8Ge0.8P0.2O4,,Li3.8 Ge0.8 P0.2 O4,1.03e-06,,,,,,,,,,,lisicon,10.1021/acs.chemmater.8b01504,1,data/database/obelix/processed/all-v1.csv,,,,synthesis_method=unknow; measured_temperature=RT; amorphous=unknow; source_year=2018,,,,,
31s,Li3.8V0.2Ge0.8O4,,Li3.8 V0.2 Ge0.8 O4,2.71e-06,,,,,,,,,,,lisicon,10.1021/acs.chemmater.8b01504,1,data/database/obelix/processed/all-v1.csv,,,,synthesis_method=unknow; measured_temperature=RT; amorphous=unknow; source_year=2018,,,,,
pql,Li8SiP4,,Li8 Si1 P4,4.5e-05,,,,,,,,,,,phosphates,10.1021/acs.chemmater.8b02759,1,data/database/obelix/processed/all-v1.csv,,,,synthesis_method=unknow; measured_temperature=RT; amorphous=unknow; source_year=2018,,,,,
deu,Li4.4Al0.4Ge0.6S4,,Li4.4 Al0.4 Ge0.6 S4,4.3e-05,,,,,,,,,,,sulfides,10.1021/acs.chemmater.8b03175,1,data/database/obelix/processed/all-v1.csv,,,,synthesis_method=unknow; measured_temperature=RT; amorphous=unknow; source_year=2018,,,,,
usu,Li4.4Al0.4Sn0.6S4,,Li4.4 Al0.4 Sn0.6 S4,4.3e-06,,,,,,,,,,,sulfides,10.1021/acs.chemmater.8b03175,1,data/database/obelix/processed/all-v1.csv,,,,synthesis_method=unknow; measured_temperature=RT; amorphous=unknow; source_year=2018,,,,,
z16,Li6P1Se0.1S4.9Br1,,Li6 P1 Se0.1 S4.9 Br1,0.0032,,,,,,,,,,,argyrodites,10.1021/acs.inorgchem.8b02443,1,data/database/obelix/processed/all-v1.csv,,,,synthesis_method=unknow; measured_temperature=RT; amorphous=unknow; source_year=2018,,,,,
hbz,Li6P1Se0.2S4.8Br1,,Li6 P1 Se0.2 S4.8 Br1,0.00392,,,,,,,,,,,argyrodites,10.1021/acs.inorgchem.8b02443,1,data/database/obelix/processed/all-v1.csv,,,,synthesis_method=unknow; measured_temperature=RT; amorphous=unknow; source_year=2018,,,,,
uut,Li6P1Se0.3S4.7Br1,,Li6 P1 Se0.3 S4.7 Br1,0.00362,,,,,,,,,,,argyrodites,10.1021/acs.inorgchem.8b02443,1,data/database/obelix/processed/all-v1.csv,,,,synthesis_method=unknow; measured_temperature=RT; amorphous=unknow; source_year=2018,,,,,
cju,Li6P1Se0.4S4.6Br1,,Li6 P1 Se0.4 S4.6 Br1,0.00364,,,,,,,,,,,argyrodites,10.1021/acs.inorgchem.8b02443,1,data/database/obelix/processed/all-v1.csv,,,,synthesis_method=unknow; measured_temperature=RT; amorphous=unknow; source_year=2018,,,,,
d9l,Li6P1Se0.5S4.5Br1,,Li6 P1 Se0.5 S4.5 Br1,0.00268,,,,,,,,,,,argyrodites,10.1021/acs.inorgchem.8b02443,1,data/database/obelix/processed/all-v1.csv,,,,synthesis_method=unknow; measured_temperature=RT; amorphous=unknow; source_year=2018,,,,,
96f,Li6P1Se0.6S4.4Br1,,Li6 P1 Se0.6 S4.4 Br1,0.00278,,,,,,,,,,,argyrodites,10.1021/acs.inorgchem.8b02443,1,data/database/obelix/processed/all-v1.csv,,,,synthesis_method=unknow; measured_temperature=RT; amorphous=unknow; source_year=2018,,,,,
1kq,Li6P1Se0.7S4.3Br1,,Li6 P1 Se0.7 S4.3 Br1,0.00301,,,,,,,,,,,argyrodites,10.1021/acs.inorgchem.8b02443,1,data/database/obelix/processed/all-v1.csv,,,,synthesis_method=unknow; measured_temperature=RT; amorphous=unknow; source_year=2018,,,,,
c6e,Li6P1Se0.8S4.2Br1,,Li6 P1 Se0.8 S4.2 Br1,0.00348,,,,,,,,,,,argyrodites,10.1021/acs.inorgchem.8b02443,1,data/database/obelix/processed/all-v1.csv,,,,synthesis_method=unknow; measured_temperature=RT; amorphous=unknow; source_year=2018,,,,,
t2c,Li6P1Se0.9S4.1Br1,,Li6 P1 Se0.9 S4.1 Br1,0.00382,,,,,,,,,,,argyrodites,10.1021/acs.inorgchem.8b02443,1,data/database/obelix/processed/all-v1.csv,,,,synthesis_method=unknow; measured_temperature=RT; amorphous=unknow; source_year=2018,,,,,
dlj,Li6PSeS4Br,,Li6 P1 Se1 S4 Br1,0.00361,,,,,,,,,,,argyrodites,10.1021/acs.inorgchem.8b02443,1,data/database/obelix/processed/all-v1.csv,,,,synthesis_method=unknow; measured_temperature=RT; amorphous=unknow; source_year=2018,,,,,
gw2,Li1.4Al0.4Ge1.6P3O12,,Li1.4 Al0.4 Ge1.6 P3 O12,0.000188,,,,,,,,,,,nasicon,10.1021/acsami.8b00842,1,data/database/obelix/processed/all-v1.csv,,,,synthesis_method=unknow; measured_temperature=RT; amorphous=unknow; source_year=2018,,,,,
tjh,Li1.7Al0.7Ge1.3P3O12,,Li1.7 Al0.7 Ge1.3 P3 O12,0.000264,,,,,,,,,,,nasicon,10.1021/acsami.8b00842,1,data/database/obelix/processed/all-v1.csv,,,,synthesis_method=unknow; measured_temperature=RT; amorphous=unknow; source_year=2018,,,,,
8fn,Li1.8Al0.8Ge1.2P3O12,,Li1.8 Al0.8 Ge1.2 P3 O12,0.000137,,,,,,,,,,,nasicon,10.1021/acsami.8b00842,1,data/database/obelix/processed/all-v1.csv,,,,synthesis_method=unknow; measured_temperature=RT; amorphous=unknow; source_year=2018,,,,,
3uq,Li1.3Al0.3Ge1.7P3O12,,Li1.3 Al0.3 Ge1.7 P3 O12,8.24e-05,,,,,,,,,,,nasicon,10.1021/acsami.8b00842,1,data/database/obelix/processed/all-v1.csv,,,,"check ID 242-247; refer D2 - 140, D2- 146, D1-421; synthesis_method=unknow; measured_temperature=RT; amorphous=unknow; source_year=2018",,,,,
1dm,Li1.6Al0.6Ge1.4P3O12,,Li1.6 Al0.6 Ge1.4 P3 O12,0.000284,,,,,,,,,,,nasicon,10.1021/acsami.8b00842,1,data/database/obelix/processed/all-v1.csv,,,,synthesis_method=unknow; measured_temperature=RT; amorphous=unknow; source_year=2018,,,,,
xnb,Li5B2P(H2S)4,,Li5 B2 P1 H8 S4,0.0018,,,,,,,,,,,argyrodites,10.1021/acsomega.8b00377,1,data/database/obelix/processed/all-v1.csv,,,,synthesis_method=unknow; measured_temperature=RT; amorphous=unknow; source_year=2018,,,,,
5gj,Li6.1Ge0.1P0.9S5I1,,Li6.1 Ge0.1 P0.9 S5 I1,8.86e-06,,,,,,,,,,,argyrodites,10.1021/jacs.8b10282,1,data/database/obelix/processed/all-v1.csv,,,,appendix: diffraction data available; synthesis_method=unknow; measured_temperature=RT; amorphous=unknow; source_year=2018,,,,,
t17,Li6.15Ge0.15P0.85S5I1,,Li6.15 Ge0.15 P0.85 S5 I1,3.93e-05,,,,,,,,,,,argyrodites,10.1021/jacs.8b10282,1,data/database/obelix/processed/all-v1.csv,,,,appendix: diffraction data available; synthesis_method=unknow; measured_temperature=RT; amorphous=unknow; source_year=2018,,,,,
kf7,Li6.2Ge0.2P0.8S5I1,,Li6.2 Ge0.2 P0.8 S5 I1,3.19e-05,,,,,,,,,,,argyrodites,10.1021/jacs.8b10282,1,data/database/obelix/processed/all-v1.csv,,,,appendix: diffraction data available; synthesis_method=unknow; measured_temperature=RT; amorphous=unknow; source_year=2018,,,,,
utv,Li6.25Ge0.25P0.75S5I1,,Li6.25 Ge0.25 P0.75 S5 I1,0.00015,,,,,,,,,,,argyrodites,10.1021/jacs.8b10282,1,data/database/obelix/processed/all-v1.csv,,,,appendix: diffraction data available; synthesis_method=unknow; measured_temperature=RT; amorphous=unknow; source_year=2018,,,,,
q9f,Li6.3Ge0.3P0.7S5I1,,Li6.3 Ge0.3 P0.7 S5 I1,0.00065,,,,,,,,,,,argyrodites,10.1021/jacs.8b10282,1,data/database/obelix/processed/all-v1.csv,,,,appendix: diffraction data available; synthesis_method=unknow; measured_temperature=RT; amorphous=unknow; source_year=2018,,,,,
5qw,Li6.4Ge0.4P0.6S5I1,,Li6.4 Ge0.4 P0.6 S5 I1,0.0015,,,,,,,,,,,argyrodites,10.1021/jacs.8b10282,1,data/database/obelix/processed/all-v1.csv,,,,appendix: diffraction data available; synthesis_method=unknow; measured_temperature=RT; amorphous=unknow; source_year=2018,,,,,
znj,Li6.5Ge0.5P0.5S5I1,,Li6.5 Ge0.5 P0.5 S5 I1,0.00186,,,,,,,,,,,argyrodites,10.1021/jacs.8b10282,1,data/database/obelix/processed/all-v1.csv,,,,appendix: diffraction data available; synthesis_method=unknow; measured_temperature=RT; amorphous=unknow; source_year=2018,,,,,
pa1,Li6.6Ge0.6P0.4S5I1,,Li6.6 Ge0.6 P0.4 S5 I1,0.00521,,,,,,,,,,,argyrodites,10.1021/jacs.8b10282,1,data/database/obelix/processed/all-v1.csv,,,,appendix: diffraction data available；close match: Yes；close match DOI: 10.1021/jacs.1c11571; synthesis_method=unknow; measured_temperature=RT; amorphous=unknow; source_year=2018,,,,,
lxk,Li6.7Ge0.7P0.3S5I1,,Li6.7 Ge0.7 P0.3 S5 I1,0.00554,,,,,,,,,,,argyrodites,10.1021/jacs.8b10282,1,data/database/obelix/processed/all-v1.csv,,,,appendix: diffraction data available; synthesis_method=unknow; measured_temperature=RT; amorphous=unknow; source_year=2018,,,,,
1m8,Li6.8Ge0.8P0.2S5I1,,Li6.8 Ge0.8 P0.2 S5 I1,0.00258,,,,,,,,,,,argyrodites,10.1021/jacs.8b10282,1,data/database/obelix/processed/all-v1.csv,,,,appendix: diffraction data available; synthesis_method=unknow; measured_temperature=RT; amorphous=unknow; source_year=2018,,,,,
a8v,Li6.025Si0.025P0.975S5Br1,,Li6.025 Si0.025 P0.975 S5 Br1,0.000878,,,,,,,,,,,argyrodites,10.1039/c7ta08581h,1,data/database/obelix/processed/all-v1.csv,,,,synthesis_method=unknow; measured_temperature=RT; amorphous=unknow; source_year=2018,,,,,
09w,Li6.05Si0.05P0.95S5Br1,,Li6.05 Si0.05 P0.95 S5 Br1,0.000437,,,,,,,,,,,argyrodites,10.1039/c7ta08581h,1,data/database/obelix/processed/all-v1.csv,,,,synthesis_method=unknow; measured_temperature=RT; amorphous=unknow; source_year=2018,,,,,
x2v,Li6.075Si0.075P0.925S5Br1,,Li6.075 Si0.075 P0.925 S5 Br1,0.000873,,,,,,,,,,,argyrodites,10.1039/c7ta08581h,1,data/database/obelix/processed/all-v1.csv,,,,synthesis_method=unknow; measured_temperature=RT; amorphous=unknow; source_year=2018,,,,,
bnh,Li6.1Si0.1P0.95S5Br1,,Li6.1 Si0.1 P0.95 S5 Br1,0.000799,,,,,,,,,,,argyrodites,10.1039/c7ta08581h,1,data/database/obelix/processed/all-v1.csv,,,,synthesis_method=unknow; measured_temperature=RT; amorphous=unknow; source_year=2018,,,,,
x9d,Li6.125Si0.125P0.875S5Br1,,Li6.125 Si0.125 P0.875 S5 Br1,0.000902,,,,,,,,,,,argyrodites,10.1039/c7ta08581h,1,data/database/obelix/processed/all-v1.csv,,,,synthesis_method=unknow; measured_temperature=RT; amorphous=unknow; source_year=2018,,,,,
ish,Li6.175Si0.175P0.825S5Br1,,Li6.175 Si0.175 P0.825 S5 Br1,0.000931,,,,,,,,,,,argyrodites,10.1039/c7ta08581h,1,data/database/obelix/processed/all-v1.csv,,,,synthesis_method=unknow; measured_temperature=RT; amorphous=unknow; source_year=2018,,,,,
iiy,Li6.2Si0.2P0.8S5Br1,,Li6.2 Si0.2 P0.8 S5 Br1,0.00169,,,,,,,,,,,argyrodites,10.1039/c7ta08581h,1,data/database/obelix/processed/all-v1.csv,,,,synthesis_method=unknow; measured_temperature=RT; amorphous=unknow; source_year=2018,,,,,
3zo,Li6.225Si0.225P0.775S5Br1,,Li6.225 Si0.225 P0.775 S5 Br1,0.00108,,,,,,,,,,,argyrodites,10.1039/c7ta08581h,1,data/database/obelix/processed/all-v1.csv,,,,synthesis_method=unknow; measured_temperature=RT; amorphous=unknow; source_year=2018,,,,,
vj7,Li6.25Si0.25P0.75S5Br1,,Li6.25 Si0.25 P0.75 S5 Br1,0.00141,,,,,,,,,,,argyrodites,10.1039/c7ta08581h,1,data/database/obelix/processed/all-v1.csv,,,,synthesis_method=unknow; measured_temperature=RT; amorphous=unknow; source_year=2018,,,,,
wsd,Li6.3Si0.3P0.7S5Br1,,Li6.3 Si0.3 P0.7 S5 Br1,0.00165,,,,,,,,,,,argyrodites,10.1039/c7ta08581h,1,data/database/obelix/processed/all-v1.csv,,,,synthesis_method=unknow; measured_temperature=RT; amorphous=unknow; source_year=2018,,,,,
10s,Li6.35Si0.35P0.65S5Br1,,Li6.35 Si0.35 P0.65 S5 Br1,0.00234,,,,,,,,,,,argyrodites,10.1039/c7ta08581h,1,data/database/obelix/processed/all-v1.csv,,,,synthesis_method=unknow; measured_temperature=RT; amorphous=unknow; source_year=2018,,,,,
fkj,Li6.5Si0.5P0.5S5Br1,,Li6.5 Si0.5 P0.5 S5 Br1,0.00219,,,,,,,,,,,argyrodites,10.1039/c7ta08581h,1,data/database/obelix/processed/all-v1.csv,,,,synthesis_method=unknow; measured_temperature=RT; amorphous=unknow; source_year=2018,,,,,
ard,LiTa2PO8,,Li1 Ta2 P1 O8,0.0016,,,,,,,,,,,oxides,10.1039/c8ta09170f,1,data/database/obelix/processed/all-v1.csv,,,,synthesis_method=unknow; measured_temperature=RT; amorphous=unknow; source_year=2018,,,,,
de5,Li3InCl6,,Li3 In1 Cl6,0.00204,,,,,,,,,,,halides,10.1002/anie.201909805,1,data/database/obelix/processed/all-v1.csv,,,,partial occupancy corrected; synthesis_method=unknow; measured_temperature=RT; amorphous=unknow; source_year=2019,,,,,
4ie,Li6.05La3Zr2Ga0.25O11.8F0.2,,Li6.05 La3 Zr2 Ga0.25 O11.8 F0.2,0.00128,,,,,,,,,,,garnet,10.1021/acsami.8b17656,1,data/database/obelix/processed/all-v1.csv,,,,appendix: diffraction data available; synthesis_method=unknow; measured_temperature=RT; amorphous=unknow; source_year=2019,,,,,
v34,Li3Y0.5In0.5Cl6,,Li3 Y0.5 In0.5 Cl6,0.00122,,,,,,,,,,,halides,10.1021/acs.nanolett.0c01156,1,data/database/obelix/processed/all-v1.csv,,,,Curator row 34; ball-milled and annealed; monoclinic; original 1.22 mS/cm; synthesis_method=球磨 + 退火; measured_temperature=RT; amorphous=否; source_year=2020,,,,,
9wf,Li3ErI6,,Li3 Er1 I6,0.00065,,,,,,,,,,,halides,10.1021/acsaem.0c00147,1,data/database/obelix/processed/all-v1.csv,,,,"appendix: diffraction data available, D_0 calculation; synthesis_method=unknow; measured_temperature=RT; amorphous=unknow; source_year=2020",,,,,
er1,Li2.9Er0.9Zr0.1Cl6,,Li2.9 Er0.9 Zr0.1 Cl6,0.00038,,,,,,,,,,,halides,10.1021/acsenergylett.9b02599,1,data/database/obelix/processed/all-v1.csv,,,,Human-verified Figure 1c extraction; curator row 25-2; phase I; original 0.38 mS/cm at 25 C; synthesis_method=unknow; measured_temperature=25; amorphous=否; source_year=2020,,,,,
er2,Li2.8Er0.8Zr0.2Cl6,,Li2.8 Er0.8 Zr0.2 Cl6,0.00078,,,,,,,,,,,halides,10.1021/acsenergylett.9b02599,1,data/database/obelix/processed/all-v1.csv,,,,Human-verified Figure 1c extraction; curator row 25-3; phase II+III; original 0.78 mS/cm at 25 C; synthesis_method=unknow; measured_temperature=25; amorphous=否; source_year=2020,,,,,
er3,Li2.75Er0.75Zr0.25Cl6,,Li2.75 Er0.75 Zr0.25 Cl6,0.0008,,,,,,,,,,,halides,10.1021/acsenergylett.9b02599,1,data/database/obelix/processed/all-v1.csv,,,,Human-verified Figure 1c extraction; curator row 25-4; phase II+III; original 0.80 mS/cm at 25 C; synthesis_method=unknow; measured_temperature=25; amorphous=否; source_year=2020,,,,,
er4,Li2.7Er0.7Zr0.3Cl6,,Li2.7 Er0.7 Zr0.3 Cl6,0.0011,,,,,,,,,,,halides,10.1021/acsenergylett.9b02599,1,data/database/obelix/processed/all-v1.csv,,,,Human-verified Figure 1c extraction; curator row 25-5; phase II+III; original 1.1 mS/cm at 25 C; synthesis_method=unknow; measured_temperature=25; amorphous=否; source_year=2020,,,,,
er5,Li2.633Er0.633Zr0.367Cl6,,Li2.633 Er0.633 Zr0.367 Cl6,0.0011,,,,,,,,,,,halides,10.1021/acsenergylett.9b02599,1,data/database/obelix/processed/all-v1.csv,,,,Human-verified Figure 1c extraction with composition aligned to article text x=0.367; curator row 25-6; phase III (orthorhombic); original 1.1 mS/cm at 25 C; synthesis_method=unknow; measured_temperature=25; amorphous=否; source_year=2020,,,,,
er6,Li2.5Er0.5Zr0.5Cl6,,Li2.5 Er0.5 Zr0.5 Cl6,0.00095,,,,,,,,,,,halides,10.1021/acsenergylett.9b02599,1,data/database/obelix/processed/all-v1.csv,,,,Human-verified Figure 1c extraction; curator row 25-7; phase III; original 0.95 mS/cm at 25 C; synthesis_method=unknow; measured_temperature=25; amorphous=否; source_year=2020,,,,,
er8,Li2.2Er0.2Zr0.8Cl6,,Li2.2 Er0.2 Zr0.8 Cl6,0.00045,,,,,,,,,,,halides,10.1021/acsenergylett.9b02599,1,data/database/obelix/processed/all-v1.csv,,,,Human-verified Figure 1c extraction; curator row 25-9; phase III; original 0.45 mS/cm at 25 C; synthesis_method=unknow; measured_temperature=25; amorphous=否; source_year=2020,,,,,
yz1,Li2.9Y0.9Zr0.1Cl6,,Li2.9 Y0.9 Zr0.1 Cl6,0.00032,,,,,,,,,,,halides,10.1021/acsenergylett.9b02599,1,data/database/obelix/processed/all-v1.csv,,,,Human-verified Figure 1d extraction; curator row 26-2; phase I; original 0.32 mS/cm at 25 C; synthesis_method=unknow; measured_temperature=25; amorphous=否; source_year=2020,,,,,
yz2,Li2.8Y0.8Zr0.2Cl6,,Li2.8 Y0.8 Zr0.2 Cl6,0.00095,,,,,,,,,,,halides,10.1021/acsenergylett.9b02599,1,data/database/obelix/processed/all-v1.csv,,,,Human-verified Figure 1d extraction; curator row 26-3; phase I+II; original 0.95 mS/cm at 25 C; synthesis_method=unknow; measured_temperature=25; amorphous=否; source_year=2020,,,,,
yz3,Li2.75Y0.75Zr0.25Cl6,,Li2.75 Y0.75 Zr0.25 Cl6,0.001,,,,,,,,,,,halides,10.1021/acsenergylett.9b02599,1,data/database/obelix/processed/all-v1.csv,,,,Human-verified Figure 1d extraction; curator row 26-4; phase I+II; original 1.0 mS/cm at 25 C; synthesis_method=unknow; measured_temperature=25; amorphous=否; source_year=2020,,,,,
yz4,Li2.7Y0.7Zr0.3Cl6,,Li2.7 Y0.7 Zr0.3 Cl6,0.0012,,,,,,,,,,,halides,10.1021/acsenergylett.9b02599,1,data/database/obelix/processed/all-v1.csv,,,,Human-verified Figure 1d extraction; curator row 26-5; phase I+II; original 1.2 mS/cm at 25 C; synthesis_method=unknow; measured_temperature=25; amorphous=否; source_year=2020,,,,,
yz5,Li2.633Y0.633Zr0.367Cl6,,Li2.633 Y0.633 Zr0.367 Cl6,0.0013,,,,,,,,,,,halides,10.1021/acsenergylett.9b02599,1,data/database/obelix/processed/all-v1.csv,,,,Human-verified Figure 1d extraction with composition aligned to article text x=0.367; curator row 26-6; phase III; original 1.3 mS/cm at 25 C; synthesis_method=unknow; measured_temperature=25; amorphous=否; source_year=2020,,,,,
kop,Li10Sn0.33Ge0.66P2S12,,Li10 Sn0.33 Ge0.66 P2 S12,0.0064,,,,,,,,,,,lgps,10.1021/jacs.0c10735,1,data/database/obelix/processed/all-v1.csv,,,,synthesis_method=unknow; measured_temperature=RT; amorphous=unknow; source_year=2020,,,,,
rty,Li10Sn0.66Ge0.33P2S12,,Li10 Sn0.66 Ge0.33 P2 S12,0.0048,,,,,,,,,,,lgps,10.1021/jacs.0c10735,1,data/database/obelix/processed/all-v1.csv,,,,synthesis_method=unknow; measured_temperature=RT; amorphous=unknow; source_year=2020,,,,,
v20,Li2Sc0.666667Cl4,,Li2 Sc0.666667 Cl4,0.0015,,,,,,,,,,,halides,10.1039/d0ee01017k,1,data/database/obelix/processed/all-v1.csv,,,,Curator row 20; high-temperature solid-state synthesis for 48 h; disordered spinel; original 1.5 mS/cm; synthesis_method=高温固相合成（48 h）; measured_temperature=RT; amorphous=否; source_year=2020,,,,,
v35,Li2.08Sc0.64Cl4,,Li2.08 Sc0.64 Cl4,0.00122,,,,,,,,,,,halides,10.1039/d0ee01017k,1,data/database/obelix/processed/all-v1.csv,,,,Curator row 35; increased LiCl impurity; original 1.22 mS/cm; synthesis_method=unknow; measured_temperature=RT; amorphous=否; source_year=2020,,,,,
v42,Li1.9Sc0.7Cl4,,Li1.9 Sc0.7 Cl4,0.00109,,,,,,,,,,,halides,10.1039/d0ee01017k,1,data/database/obelix/processed/all-v1.csv,,,,Curator row 42; low Li+ concentration; original 1.09 mS/cm; synthesis_method=unknow; measured_temperature=RT; amorphous=否; source_year=2020,,,,,
trv1_0003,Li10.42Si1.5P1.5Cl0.08O11.92,,Li10.42 Si1.5 P1.5 Cl0.08 O11.92,1.03e-05,,,,,,,,,,,oxides,10.1039/c4ra11287c,1,data/database/obelix/processed/all-v1.csv,,,,LISICON型; synthesis_method=固相合成; measured_temperature=27; amorphous=否; source_year=2015,,,,,
trv1_0004,Li10.42Ge1.5P1.5Cl0.08O11.92,,Li10.42 Ge1.5 P1.5 Cl0.08 O11.92,3.7e-05,,,,,,,,,,,oxides,10.1039/c4ra11287c,1,data/database/obelix/processed/all-v1.csv,,,,LISICON型; synthesis_method=固相合成; measured_temperature=27; amorphous=否; source_year=2015,,,,,
trv1_0005,Li7P2S8I,,Li7 P2 S8 I1,0.00063,,,,,,,,,,,sulfides,10.1021/acs.chemmater.9b01926,1,data/database/obelix/processed/all-v1.csv,,,,非晶态; synthesis_method=热处理; measured_temperature=RT; amorphous=是; source_year=2020,,,,,
trv1_0007,Li10P3S12I,,Li10 P3 S12 I1,0.0065,,,,,,,,,,,sulfides,10.1088/1757-899x/924/1/012037,1,data/database/obelix/processed/all-v1.csv,,,,9Li2S-3P2S5-2LiI组成; synthesis_method=固相合成; measured_temperature=RT; amorphous=unknow; source_year=2020,,,,,
trv1_0008,Li11P3S12.5I1,,Li11 P3 S12.5 I1,0.0079,,,,,,,,,,,sulfides,10.1088/1757-899x/924/1/012037,1,data/database/obelix/processed/all-v1.csv,,,,Li2S-P2S5-LiI体系; synthesis_method=固相合成; measured_temperature=RT; amorphous=unknow; source_year=2020,,,,,
trv1_0009,Li7P2S8I0.5Cl0.5,,Li7 P2 S8 I0.5 Cl0.5,0.00308,,,,,,,,,,,sulfides,10.1088/1757-899x/924/1/012037,1,data/database/obelix/processed/all-v1.csv,,,,Cl掺杂样品; synthesis_method=热压+Cl掺杂; measured_temperature=RT; amorphous=unknow; source_year=2020,,,,,
v47,Li3In1Cl4.8F1.2,,Li3 In1 Cl4.8 F1.2,0.00098,,,,,,,,,,,halides,10.1002/aenm.202100836,1,data/database/obelix/processed/all-v1.csv,,,,Curator row 47; ball-milled and annealed; tabulated value; original 0.98 mS/cm; synthesis_method=球磨 + 退火; measured_temperature=RT; amorphous=否; source_year=2021,,,,,
v10,Li2.5Y0.5Zr0.5Cl6,,Li2.5 Y0.5 Zr0.5 Cl6,0.0021,,,,,,,,,,,halides,10.1016/j.cej.2021.130630,1,data/database/obelix/processed/all-v1.csv,,,,Curator row 10; ball-milled and annealed; trigonal; tabulated value 2.1 mS/cm; synthesis_method=球磨 + 退火; measured_temperature=RT; amorphous=否; source_year=2021,,,,,
v21,Li2.6Yb0.6Hf0.4Cl6,,Li2.6 Yb0.6 Hf0.4 Cl6,0.0015,,,,,,,,,,,halides,10.1016/j.cej.2021.130630,1,data/database/obelix/processed/all-v1.csv,,,,Curator row 21; ball-milled and annealed; monoclinic; original 1.5 mS/cm; synthesis_method=球磨 + 退火; measured_temperature=RT; amorphous=否; source_year=2021,,,,,
ar1,Li4SnSeS3,,Li4 Sn1 Se1 S3,7.5e-05,,,,,,,,,,,chalcogenidotetrelates,10.1021/acs.chemmater.0c04150,1,data/database/obelix/processed/all-v1.csv,,,,synthesis_method=unknow; measured_temperature=RT; amorphous=unknow; source_year=2021,,,,,
klr,Li4Sn(SeS)2,,Li4 Sn1 Se2 S2,3.6e-05,,,,,,,,,,,chalcogenidotetrelates,10.1021/acs.chemmater.0c04150,1,data/database/obelix/processed/all-v1.csv,,,,synthesis_method=unknow; measured_temperature=RT; amorphous=unknow; source_year=2021,,,,,
o0a,Li4Sn0.25Ge0.75Se4,,Li4 Sn0.25 Ge0.75 Se4,6e-06,,,,,,,,,,,chalcogenidotetrelates,10.1021/acs.chemmater.0c04150,1,data/database/obelix/processed/all-v1.csv,,,,synthesis_method=unknow; measured_temperature=RT; amorphous=unknow; source_year=2021,,,,,
qer,Li4Sn0.5Ge0.5Se4,,Li4 Sn0.5 Ge0.5 Se4,1.8e-06,,,,,,,,,,,chalcogenidotetrelates,10.1021/acs.chemmater.0c04150,1,data/database/obelix/processed/all-v1.csv,,,,synthesis_method=unknow; measured_temperature=RT; amorphous=unknow; source_year=2021,,,,,
1ty,Li4GeSeS3,,Li4 Ge1 Se1 S3,8.5e-06,,,,,,,,,,,chalcogenidotetrelates,10.1021/acs.chemmater.0c04150,1,data/database/obelix/processed/all-v1.csv,,,,synthesis_method=unknow; measured_temperature=RT; amorphous=unknow; source_year=2021,,,,,
zv5,Li4Ge(SeS)2,,Li4 Ge1 Se2 S2,2.8e-05,,,,,,,,,,,chalcogenidotetrelates,10.1021/acs.chemmater.0c04150,1,data/database/obelix/processed/all-v1.csv,,,,synthesis_method=unknow; measured_temperature=RT; amorphous=unknow; source_year=2021,,,,,
xk3,Li4GeSe4,,Li4 Ge1 Se4,5e-06,,,,,,,,,,,chalcogenidotetrelates,10.1021/acs.chemmater.0c04150,1,data/database/obelix/processed/all-v1.csv,,,,synthesis_method=unknow; measured_temperature=RT; amorphous=unknow; source_year=2021,,,,,
i4l,Li4GeSe3S,,Li4 Ge1 Se3 S1,1.5e-05,,,,,,,,,,,chalcogenidotetrelates,10.1021/acs.chemmater.0c04150,1,data/database/obelix/processed/all-v1.csv,,,,synthesis_method=unknow; measured_temperature=RT; amorphous=unknow; source_year=2021,,,,,
v40,Li2.8Yb0.8Zr0.2Cl6,,Li2.8 Yb0.8 Zr0.2 Cl6,0.0011,,,,,,,,,,,halides,10.1021/acsami.1c13295,1,data/database/obelix/processed/all-v1.csv,,,,Curator row 40; Zr4+ doped; corrected DOI; original 1.1 mS/cm; synthesis_method=unknow; measured_temperature=RT; amorphous=否; source_year=2021,,,,,
v39,Li2.7Yb0.7Zr0.3Cl6,,Li2.7 Yb0.7 Zr0.3 Cl6,0.0011,,,,,,,,,,,halides,10.1021/acsmaterialslett.1c00142,1,data/database/obelix/processed/all-v1.csv,,,,Curator row 39; orthorhombic; corrected DOI; original 1.1 mS/cm; synthesis_method=固相反应，350 °C 合成; measured_temperature=30; amorphous=否; source_year=2021,,,,,
v74,Li3YbCl6,,Li3 Yb1 Cl6,0.000106,,,,,,,,,,,halides,10.1021/acsmaterialslett.1c00142,1,data/database/obelix/processed/all-v1.csv,,,,Curator row 74; calcined at 350 C; trigonal; corrected DOI; original 0.106 mS/cm; synthesis_method=固相反应，350 °C 合成; measured_temperature=30; amorphous=否; source_year=2021,,,,,
v77,Li2.9Yb0.9Zr0.1Cl6,,Li2.9 Yb0.9 Zr0.1 Cl6,6.3e-05,,,,,,,,,,,halides,10.1021/acsmaterialslett.1c00142,1,data/database/obelix/processed/all-v1.csv,,,,Curator row 77; calcined at 650 C; orthorhombic; corrected DOI; original 0.063 mS/cm; synthesis_method=固相反应，350 °C 合成; measured_temperature=30; amorphous=否; source_year=2021,,,,,
trv1_0013,Li9.42Si1.02P2.1S9.96O2.04,,Li9.42 Si1.02 P2.1 S9.96 O2.04,0.00032,,,,,,,,,,,sulfides,10.1039/d1ta06338c,1,data/database/obelix/processed/all-v1.csv,,,,LGPS型氧硫化物; synthesis_method=固相合成; measured_temperature=RT; amorphous=否; source_year=2021,,,,,
v30,Li2.73Ho1.09Cl6,,Li2.73 Ho1.09 Cl6,0.0013,,,,,,,,,,,halides,10.1002/aenm.202103921,1,data/database/obelix/processed/all-v1.csv,,,,Curator row 30; eutectic synthesis; orthorhombic; original 1.3 mS/cm; synthesis_method=共晶合成; measured_temperature=RT; amorphous=否; source_year=2022,,,,,
v44,Li2.25Zr0.75In0.25Cl6,,Li2.25 Zr0.75 In0.25 Cl6,0.00108,,,,,,,,,,,halides,10.1016/j.cclet.2021.12.048,1,data/database/obelix/processed/all-v1.csv,,,,Curator row 44; ball-milled; tabulated value; corrected DOI; original 1.08 mS/cm; synthesis_method=球磨; measured_temperature=RT; amorphous=否; source_year=2022,,,,,
v15,Li2.5Zr0.5In0.5Cl6,,Li2.5 Zr0.5 In0.5 Cl6,0.0018,,,,,,,,,,,halides,10.1016/j.cej.2022.135413,1,data/database/obelix/processed/all-v1.csv,,,,Curator row 15; ball-milled and annealed; monoclinic; original 1.8 mS/cm; synthesis_method=球磨 + 退火; measured_temperature=RT; amorphous=否; source_year=2022,,,,,
v18,Li2.556Yb0.492Zr0.492Cl6,,Li2.556 Yb0.492 Zr0.492 Cl6,0.00158,,,,,,,,,,,halides,10.1016/j.nanoen.2021.106674,1,data/database/obelix/processed/all-v1.csv,,,,Curator row 18; orthorhombic and annealed; corrected DOI; original 1.58 mS/cm; synthesis_method=退火; measured_temperature=RT; amorphous=否; source_year=2022,,,,,
v27,Li2.4Er0.4Zr0.6Cl6,,Li2.4 Er0.4 Zr0.6 Cl6,0.00138,,,,,,,,,,,halides,10.1021/acsami.1c25087,1,data/database/obelix/processed/all-v1.csv,,,,Curator row 27; ball-milled Zr-doped x=0.6 sample; distinct 2022 source; original 1.38 mS/cm; synthesis_method=球磨; measured_temperature=RT; amorphous=否; source_year=2022,,,,,
v37,Li2.6Er0.6Zr0.4Cl6,,Li2.6 Er0.6 Zr0.4 Cl6,0.00113,,,,,,,,,,,halides,10.1021/acsami.1c25087,1,data/database/obelix/processed/all-v1.csv,,,,Curator row 37; Zr4+ substituted; 4.21 V oxidative stability; original 1.13 mS/cm; synthesis_method=unknow; measured_temperature=RT; amorphous=否; source_year=2022,,,,,
v13,Li2Sc0.333333In0.333333Cl4,,Li2 Sc0.333333 In0.333333 Cl4,0.002,,,,,,,,,,,halides,10.1038/s41560-021-00952-0,1,data/database/obelix/processed/all-v1.csv,,,,Curator row 13; high-temperature solid-state synthesis; spinel phase; original 2.0 mS/cm; synthesis_method=高温固相合成; measured_temperature=RT; amorphous=否; source_year=2022,,,,,
trv1_0014,Li2HClO,,Li2 H1 Cl1 O1,1.93e-06,,,,,,,,,,,antiperovskite,10.1039/d2ta01462a,1,data/database/obelix/processed/all-v1.csv,,,,室温为正交相与立方相混合相; synthesis_method=熔融-凝固法（350°C，6 min）; measured_temperature=25; amorphous=否; source_year=2022,,,,,
trv1_0015,Li2H1Br0.1Cl0.9O1,,Li2 H1 Br0.1 Cl0.9 O1,2.52e-06,,,,,,,,,,,antiperovskite,10.1039/d2ta01462a,1,data/database/obelix/processed/all-v1.csv,,,,系列最高电导率；室温稳定立方相; synthesis_method=熔融-凝固法（350°C，6 min）; measured_temperature=25; amorphous=否; source_year=2022,,,,,
trv1_0016,Li2H1Br0.3Cl0.7O1,,Li2 H1 Br0.3 Cl0.7 O1,1.79e-06,,,,,,,,,,,antiperovskite,10.1039/d2ta01462a,1,data/database/obelix/processed/all-v1.csv,,,,x=0.3；不确定度±1.2e-7 S/cm; synthesis_method=熔融-凝固法（350°C，快冷）; measured_temperature=25; amorphous=否; source_year=2022,,,,,
trv1_0017,Li2H1Br0.5Cl0.5O1,,Li2 H1 Br0.5 Cl0.5 O1,1.54e-06,,,,,,,,,,,antiperovskite,10.1039/d2ta01462a,1,data/database/obelix/processed/all-v1.csv,,,,x=0.5；不确定度±1.0e-7 S/cm; synthesis_method=熔融-凝固法（350°C，快冷）; measured_temperature=25; amorphous=否; source_year=2022,,,,,
trv1_0018,Li2H1Br0.7Cl0.3O1,,Li2 H1 Br0.7 Cl0.3 O1,1.45e-06,,,,,,,,,,,antiperovskite,10.1039/d2ta01462a,1,data/database/obelix/processed/all-v1.csv,,,,x=0.7；不确定度±9.0e-8 S/cm; synthesis_method=熔融-凝固法（350°C，快冷）; measured_temperature=25; amorphous=否; source_year=2022,,,,,
trv1_0019,Li2H1Br0.9Cl0.1O1,,Li2 H1 Br0.9 Cl0.1 O1,1.23e-06,,,,,,,,,,,antiperovskite,10.1039/d2ta01462a,1,data/database/obelix/processed/all-v1.csv,,,,x=0.9；不确定度±9.0e-8 S/cm; synthesis_method=熔融-凝固法（350°C，快冷）; measured_temperature=25; amorphous=否; source_year=2022,,,,,
trv1_0020,Li2HBrO,,Li2 H1 Br1 O1,1.29e-06,,,,,,,,,,,antiperovskite,10.1039/d2ta01462a,1,data/database/obelix/processed/all-v1.csv,,,,立方相; synthesis_method=熔融-凝固法（350°C，6 min）; measured_temperature=25; amorphous=否; source_year=2022,,,,,
v01,LiTaCl4O,,Li1 Ta1 Cl4 O1,0.0124,,,,,,,,,,,oxyhalides,10.1002/anie.202217581,1,data/database/obelix/processed/all-v1.csv,,,,Curator row 1; ball-milled and annealed oxychloride; original 12.4 mS/cm; synthesis_method=球磨 + 退火; measured_temperature=RT; amorphous=否; source_year=2023,,,,,
v02,LiNbCl4O,,Li1 Nb1 Cl4 O1,0.0104,,,,,,,,,,,oxyhalides,10.1002/anie.202217581,1,data/database/obelix/processed/all-v1.csv,,,,Curator row 2; ball-milled and annealed oxychloride; corrected from LLM value 10.7 to source value 10.4 mS/cm; synthesis_method=球磨 + 退火; measured_temperature=RT; amorphous=否; source_year=2023,,,,,
trv1_0023,Li3Y1Br1.6Cl4.4,,Li3 Y1 Br1.6 Cl4.4,0.00106,,,,,,,,,,,halides,10.1007/s10008-023-05612-9,1,data/database/obelix/processed/all-v1.csv,,,,阴离子单掺杂最优值; synthesis_method=unknow; measured_temperature=RT; amorphous=否; source_year=2023,,,,,
trv1_0024,Li3Y1Br1.8Cl4.2,,Li3 Y1 Br1.8 Cl4.2,0.000974,,,,,,,,,,,halides,10.1007/s10008-023-05612-9,1,data/database/obelix/processed/all-v1.csv,,,,过掺导致晶格应变增大; synthesis_method=unknow; measured_temperature=RT; amorphous=否; source_year=2023,,,,,
trv1_0025,Li3Y(BrCl2)2,,Li3 Y1 Br2 Cl4,0.000629,,,,,,,,,,,halides,10.1007/s10008-023-05612-9,1,data/database/obelix/processed/all-v1.csv,,,,出现LiCl杂相; synthesis_method=unknow; measured_temperature=RT; amorphous=否; source_year=2023,,,,,
trv1_0026,Li3Y0.85In0.15Cl6,,Li3 Y0.85 In0.15 Cl6,0.0003,,,,,,,,,,,halides,10.1007/s10008-023-05612-9,1,data/database/obelix/processed/all-v1.csv,,,,In掺杂最优值; synthesis_method=unknow; measured_temperature=RT; amorphous=否; source_year=2023,,,,,
trv1_0027,Li3Y0.82Sc0.18Cl6,,Li3 Y0.82 Sc0.18 Cl6,0.000275,,,,,,,,,,,halides,10.1007/s10008-023-05612-9,1,data/database/obelix/processed/all-v1.csv,,,,Sc掺杂最优值; synthesis_method=unknow; measured_temperature=RT; amorphous=否; source_year=2023,,,,,
trv1_0028,Li2.99Y0.99Zr0.01Cl6,,Li2.99 Y0.99 Zr0.01 Cl6,0.000276,,,,,,,,,,,halides,10.1007/s10008-023-05612-9,1,data/database/obelix/processed/all-v1.csv,,,,Zr掺杂最优值; synthesis_method=unknow; measured_temperature=RT; amorphous=否; source_year=2023,,,,,
trv1_0029,Li2.99Y0.99Zr0.01Br1.6Cl4.4,,Li2.99 Y0.99 Zr0.01 Br1.6 Cl4.4,0.000751,,,,,,,,,,,halides,10.1007/s10008-023-05612-9,1,data/database/obelix/processed/all-v1.csv,,,,1% Zr与Br双掺；全文最优; synthesis_method=unknow; measured_temperature=RT; amorphous=否; source_year=2023,,,,,
trv1_0030,Li2.99Y0.84Zr0.01Sc0.07In0.08Br1.6Cl4.4,,Li2.99 Y0.84 Zr0.01 Sc0.07 In0.08 Br1.6 Cl4.4,0.000556,,,,,,,,,,,halides,10.1007/s10008-023-05612-9,1,data/database/obelix/processed/all-v1.csv,,,,In、Sc、Zr三种阳离子与Br共掺; synthesis_method=unknow; measured_temperature=RT; amorphous=否; source_year=2023,,,,,
trv1_0031,Li2.99Y0.99Zr0.01Br1Cl5,,Li2.99 Y0.99 Zr0.01 Br1 Cl5,0.00054,,,,,,,,,,,halides,10.1007/s10008-023-05612-9,1,data/database/obelix/processed/all-v1.csv,,,,1% Zr与低Br含量双掺; synthesis_method=unknow; measured_temperature=RT; amorphous=否; source_year=2023,,,,,
trv1_0032,Li2.99Y0.99Zr0.01Br0.4Cl5.6,,Li2.99 Y0.99 Zr0.01 Br0.4 Cl5.6,0.00037,,,,,,,,,,,halides,10.1007/s10008-023-05612-9,1,data/database/obelix/processed/all-v1.csv,,,,1% Zr与极低Br含量双掺; synthesis_method=unknow; measured_temperature=RT; amorphous=否; source_year=2023,,,,,
v09,Li2.5Zr0.5Sc0.5Cl6,,Li2.5 Zr0.5 Sc0.5 Cl6,0.00223,,,,,,,,,,,halides,10.1016/j.cej.2022.140509,1,data/database/obelix/processed/all-v1.csv,,,,Curator row 9; Zr4+ doped; original 2.23 mS/cm at 25 C; synthesis_method=unknow; measured_temperature=25; amorphous=否; source_year=2023,,,,,
v32,Li2.7Hf0.3In0.7Cl6,,Li2.7 Hf0.3 In0.7 Cl6,0.00128,,,,,,,,,,,halides,10.1021/acsami.2c21022,1,data/database/obelix/processed/all-v1.csv,,,,Curator row 32; Hf4+ doped; corrected DOI; original 1.28 mS/cm; synthesis_method=unknow; measured_temperature=RT; amorphous=否; source_year=2023,,,,,
khx,Li3.2Ta1Cl5O1.6,,Li3.2 Ta1 Cl5 O1.6,0.0066,,,,,,,,,,,halides,10.1038/s41467-023-39197-8,1,data/database/obelix/processed/all-v1.csv,,,,Source data/add-data-LZACO.txt; original 6.6e-3 S/cm; synthesis_method=unknow; measured_temperature=RT; amorphous=是; source_year=2023,,,,,
arj,Li3Ta1Cl5O1.5,,Li3 Ta1 Cl5 O1.5,0.0058,,,,,,,,,,,halides,10.1038/s41467-023-39197-8,1,data/database/obelix/processed/all-v1.csv,,,,Source data/add-data-LZACO.txt; approximate original 5.8e-3 S/cm; synthesis_method=unknow; measured_temperature=RT; amorphous=是; source_year=2023,,,,,
vuo,Li2.8Ta1Cl5O1.4,,Li2.8 Ta1 Cl5 O1.4,0.0055,,,,,,,,,,,halides,10.1038/s41467-023-39197-8,1,data/database/obelix/processed/all-v1.csv,,,,Source data/add-data-LZACO.txt; approximate original 5.5e-3 S/cm; synthesis_method=unknow; measured_temperature=RT; amorphous=是; source_year=2023,,,,,
skp,Li2.4Ta1Cl5O1.2,,Li2.4 Ta1 Cl5 O1.2,0.0054,,,,,,,,,,,halides,10.1038/s41467-023-39197-8,1,data/database/obelix/processed/all-v1.csv,,,,Source data/add-data-LZACO.txt; approximate original 5.4e-3 S/cm; synthesis_method=unknow; measured_temperature=RT; amorphous=是; source_year=2023,,,,,
mvh,Li2.2Ta1Cl5O1.1,,Li2.2 Ta1 Cl5 O1.1,0.0053,,,,,,,,,,,halides,10.1038/s41467-023-39197-8,1,data/database/obelix/processed/all-v1.csv,,,,Source data/add-data-LZACO.txt; original 5.3e-3 S/cm; synthesis_method=unknow; measured_temperature=RT; amorphous=是; source_year=2023,,,,,
vbk,Li2TaCl5O,,Li2 Ta1 Cl5 O1,0.00041,,,,,,,,,,,halides,10.1038/s41467-023-39197-8,1,data/database/obelix/processed/all-v1.csv,,,,Source data/add-data-LZACO.txt; crystalline comparison; original 0.41e-3 S/cm; synthesis_method=unknow; measured_temperature=RT; amorphous=否; source_year=2023,,,,,
fmx,Li3Hf1Cl4O1.5,,Li3 Hf1 Cl4 O1.5,0.00197,,,,,,,,,,,halides,10.1038/s41467-023-39197-8,1,data/database/obelix/processed/all-v1.csv,,,,Source data/add-data-LZACO.txt; original 1.97e-3 S/cm; synthesis_method=unknow; measured_temperature=RT; amorphous=unknow; source_year=2023,,,,,
mhg,Li1.75Zr1Cl4.75O0.5,,Li1.75 Zr1 Cl4.75 O0.5,0.00242,,,,,,,,,,,halides,10.1038/s41467-023-39522-1,1,data/database/obelix/processed/all-v1.csv,,,,Source data/add-data-LZACO.txt; curator row 8; O2- substitution; original 2.42 mS/cm at 25 C; synthesis_method=unknow; measured_temperature=25; amorphous=unknow; source_year=2023,,,,,
jib,Li2.5Zr1Cl5.5O0.5,,Li2.5 Zr1 Cl5.5 O0.5,0.00117,,,,,,,,,,,halides,10.1038/s41467-023-39522-1,1,data/database/obelix/processed/all-v1.csv,,,,Source data/add-data-LZACO.txt; curator row 16; dual-phase room-temperature sample; corrected from review extraction 1.7 to source value 1.17 mS/cm; synthesis_method=unknow; measured_temperature=RT; amorphous=unknow; source_year=2023,,,,,
v06,Li0.388La0.475Ta0.238Cl3,,Li0.388 La0.475 Ta0.238 Cl3,0.00302,,,,,,,,,,,halides,10.1038/s41586-023-05899-8,1,data/database/obelix/processed/all-v1.csv,,,,Curator row 6; Ta5+ doped and ball-milled; original 3.02 mS/cm; synthesis_method=球磨; measured_temperature=RT; amorphous=否; source_year=2023,,,,,
trv1_0035,Li2.4Zr0.8Zn0.2Cl6,,Li2.4 Zr0.8 Zn0.2 Cl6,0.001,,,,,,,,,,,halides,10.1002/aenm.202405760,1,data/database/obelix/processed/all-v1.csv,,,,系列最优；由30°C按Ea=0.31 eV外推至27°C; synthesis_method=机械化学球磨; measured_temperature=27（外推）; amorphous=unknow; source_year=2024,,,,,
trv1_0046,Li2.3Zr1Cl6.1F0.2,,Li2.3 Zr1 Cl6.1 F0.2,0.00065,,,,,,,,,,,halides,10.1002/smll.202407418,1,data/database/obelix/processed/all-v1.csv,,,,本文最优样品；由30°C按Ea=0.34 eV外推至27°C; synthesis_method=机械化学球磨; measured_temperature=27（外推）; amorphous=unknow; source_year=2024,,,,,
lly,Li2.1Zr0.9Al0.1Cl6,,Li2.1 Zr0.9 Al0.1 Cl6,0.00036,,,,,,,,,,,halides,10.1016/j.ensm.2024.103444,1,data/database/obelix/processed/all-v1.csv,,,,Source data/add-data-LZACO.txt; crystalline; original 0.36 mS/cm; Ea=0.40 eV; synthesis_method=unknow; measured_temperature=RT; amorphous=否; source_year=2024,,,,,
qiv,Li2.15Zr0.85Al0.15Cl6,,Li2.15 Zr0.85 Al0.15 Cl6,0.00065,,,,,,,,,,,halides,10.1016/j.ensm.2024.103444,1,data/database/obelix/processed/all-v1.csv,,,,Source data/add-data-LZACO.txt; crystalline; original 0.65 mS/cm; Ea=0.345 eV; synthesis_method=unknow; measured_temperature=RT; amorphous=否; source_year=2024,,,,,
hav,Li2.2Zr0.8Al0.2Cl6,,Li2.2 Zr0.8 Al0.2 Cl6,0.00099,,,,,,,,,,,halides,10.1016/j.ensm.2024.103444,1,data/database/obelix/processed/all-v1.csv,,,,Source data/add-data-LZACO.txt; crystalline; original 0.99 mS/cm; Ea=0.335 eV; synthesis_method=unknow; measured_temperature=RT; amorphous=否; source_year=2024,,,,,
wys,Li2.25Zr0.75Al0.25Cl6,,Li2.25 Zr0.75 Al0.25 Cl6,0.00113,,,,,,,,,,,halides,10.1016/j.ensm.2024.103444,1,data/database/obelix/processed/all-v1.csv,,,,Source data/add-data-LZACO.txt; crystalline; original 1.13 mS/cm; Ea=0.29 eV; synthesis_method=unknow; measured_temperature=RT; amorphous=否; source_year=2024,,,,,
uby,Li2.3Zr0.7Al0.3Cl6,,Li2.3 Zr0.7 Al0.3 Cl6,0.00087,,,,,,,,,,,halides,10.1016/j.ensm.2024.103444,1,data/database/obelix/processed/all-v1.csv,,,,Source data/add-data-LZACO.txt; crystalline; original 0.87 mS/cm; Ea=0.36 eV; synthesis_method=unknow; measured_temperature=RT; amorphous=否; source_year=2024,,,,,
gsp,Li2.4Zr0.6Al0.4Cl6,,Li2.4 Zr0.6 Al0.4 Cl6,0.0005,,,,,,,,,,,halides,10.1016/j.ensm.2024.103444,1,data/database/obelix/processed/all-v1.csv,,,,Source data/add-data-LZACO.txt; crystalline; original 0.50 mS/cm; Ea=0.40 eV; synthesis_method=unknow; measured_temperature=RT; amorphous=否; source_year=2024,,,,,
ync,Li3.4Zr1Cl4.6O1.4,,Li3.4 Zr1 Cl4.6 O1.4,0.00146,,,,,,,,,,,halides,10.1016/j.est.2024.111700,1,data/database/obelix/processed/all-v1.csv,,,,Source data/add-data-LZACO.txt; original 1.46e-3 S/cm; synthesis_method=unknow; measured_temperature=RT; amorphous=unknow; source_year=2024,,,,,
trv1_0050,Li3Y0.8Fe0.2Cl6,,Li3 Y0.8 Fe0.2 Cl6,0.00075,,,,,,,,,,,halides,10.1021/acsami.4c01352,1,data/database/obelix/processed/all-v1.csv,,,,synthesis_method=unknow; measured_temperature=RT; amorphous=unknow; source_year=2024,,,,,
trv1_0051,Li2.4Y0.4Zr0.6Cl6,,Li2.4 Y0.4 Zr0.6 Cl6,0.00205,,,,,,,,,,,halides,10.1021/acsami.4c01352,1,data/database/obelix/processed/all-v1.csv,,,,系列最优; synthesis_method=unknow; measured_temperature=RT; amorphous=unknow; source_year=2024,,,,,
trv1_0052,Li2.4Y0.4Zr0.6Cl5.925F0.075,,Li2.4 Y0.4 Zr0.6 Cl5.925 F0.075,0.00165,,,,,,,,,,,halides,10.1021/acsami.4c01352,1,data/database/obelix/processed/all-v1.csv,,,,synthesis_method=unknow; measured_temperature=RT; amorphous=unknow; source_year=2024,,,,,
trv1_0053,Li2.4Y0.4Zr0.6Cl5.85F0.15,,Li2.4 Y0.4 Zr0.6 Cl5.85 F0.15,0.00145,,,,,,,,,,,halides,10.1021/acsami.4c01352,1,data/database/obelix/processed/all-v1.csv,,,,synthesis_method=unknow; measured_temperature=RT; amorphous=unknow; source_year=2024,,,,,
trv1_0054,Li2.4Y0.4Zr0.6Cl5.7F0.3,,Li2.4 Y0.4 Zr0.6 Cl5.7 F0.3,0.00108,,,,,,,,,,,halides,10.1021/acsami.4c01352,1,data/database/obelix/processed/all-v1.csv,,,,synthesis_method=unknow; measured_temperature=RT; amorphous=unknow; source_year=2024,,,,,
trv1_0060,Li6PI3,,Li6 P1 I3,0.00062,,,,,,,,,,,halides,10.1002/adma.202501838,1,data/database/obelix/processed/all-v1.csv,,,,PI3涂层与Li接触后的还原产物；界面层材料; synthesis_method=unknow; measured_temperature=RT; amorphous=unknow; source_year=2025,,,,,
trv1_0062,Li2Zr1I0.25Cl5.75,,Li2 Zr1 I0.25 Cl5.75,0.00056,,,,,,,,,,,halides,10.1002/smll.202505926,1,data/database/obelix/processed/all-v1.csv,,,,室温值由30°C数据外推至27°C；y=0.25; synthesis_method=机械化学球磨（600 rpm，10 h）; measured_temperature=30; amorphous=否; source_year=2025,,,,,
trv1_0063,Li2Zr1I0.5Cl5.5,,Li2 Zr1 I0.5 Cl5.5,0.00081,,,,,,,,,,,halides,10.1002/smll.202505926,1,data/database/obelix/processed/all-v1.csv,,,,室温值由30°C数据外推至27°C；I系列最高值; synthesis_method=机械化学球磨（600 rpm，10 h）; measured_temperature=30; amorphous=否; source_year=2025,,,,,
trv1_0064,Li2Zr1I0.75Cl5.25,,Li2 Zr1 I0.75 Cl5.25,0.00074,,,,,,,,,,,halides,10.1002/smll.202505926,1,data/database/obelix/processed/all-v1.csv,,,,室温值由30°C数据外推至27°C；y=0.75; synthesis_method=机械化学球磨（600 rpm，10 h）; measured_temperature=30; amorphous=否; source_year=2025,,,,,
trv1_0065,Li2ZrICl5,,Li2 Zr1 I1 Cl5,0.00067,,,,,,,,,,,halides,10.1002/smll.202505926,1,data/database/obelix/processed/all-v1.csv,,,,室温值由30°C数据外推至27°C；y=1.0; synthesis_method=机械化学球磨（600 rpm，10 h）; measured_temperature=30; amorphous=否; source_year=2025,,,,,
trv1_0066,Li2Zr1I1.5Cl4.5,,Li2 Zr1 I1.5 Cl4.5,0.00054,,,,,,,,,,,halides,10.1002/smll.202505926,1,data/database/obelix/processed/all-v1.csv,,,,室温值由30°C数据外推至27°C；y=1.5; synthesis_method=机械化学球磨（600 rpm，10 h）; measured_temperature=30; amorphous=否; source_year=2025,,,,,
trv1_0067,Li2Zr(ICl2)2,,Li2 Zr1 I2 Cl4,0.00019,,,,,,,,,,,halides,10.1002/smll.202505926,1,data/database/obelix/processed/all-v1.csv,,,,室温值由30°C数据外推至27°C；过量I导致结构畸变; synthesis_method=机械化学球磨（600 rpm，10 h；额外添加ZrI4）; measured_temperature=30; amorphous=否; source_year=2025,,,,,
trv1_0068,Li2Zr1Br0.5Cl5.5,,Li2 Zr1 Br0.5 Cl5.5,0.00047,,,,,,,,,,,halides,10.1002/smll.202505926,1,data/database/obelix/processed/all-v1.csv,,,,室温值由30°C数据外推至27°C；Br取代中唯一微升组; synthesis_method=机械化学球磨; measured_temperature=30; amorphous=否; source_year=2025,,,,,
trv1_0069,Li2ZrBrCl5,,Li2 Zr1 Br1 Cl5,0.00032,,,,,,,,,,,halides,10.1002/smll.202505926,1,data/database/obelix/processed/all-v1.csv,,,,室温值由30°C数据外推至27°C；y=1.0; synthesis_method=机械化学球磨; measured_temperature=30; amorphous=否; source_year=2025,,,,,
trv1_0070,Li2Zr1Br1.5Cl4.5,,Li2 Zr1 Br1.5 Cl4.5,0.00021,,,,,,,,,,,halides,10.1002/smll.202505926,1,data/database/obelix/processed/all-v1.csv,,,,室温值由30°C数据外推至27°C；y=1.5; synthesis_method=机械化学球磨; measured_temperature=30; amorphous=否; source_year=2025,,,,,
trv1_0071,Li2Zr(BrCl2)2,,Li2 Zr1 Br2 Cl4,0.00018,,,,,,,,,,,halides,10.1002/smll.202505926,1,data/database/obelix/processed/all-v1.csv,,,,室温值由30°C数据外推至27°C；Br系列最低值; synthesis_method=机械化学球磨; measured_temperature=30; amorphous=否; source_year=2025,,,,,
trv1_0073,Li5.55Si0.05P0.95S4.4Cl1.5O0.1,,Li5.55 Si0.05 P0.95 S4.4 Cl1.5 O0.1,0.0076,,,,,,,,,,,argyrodites,10.1007/s10854-025-14581-w,1,data/database/obelix/processed/all-v1.csv,,,,由图估算；纯相; synthesis_method=unknow; measured_temperature=25; amorphous=否; source_year=2025,,,,,
trv1_0074,Li5.7Si0.2P0.8S4.1Cl1.5O0.4,,Li5.7 Si0.2 P0.8 S4.1 Cl1.5 O0.4,0.00203,,,,,,,,,,,argyrodites,10.1007/s10854-025-14581-w,1,data/database/obelix/processed/all-v1.csv,,,,出现SiO2与LiCl杂相; synthesis_method=unknow; measured_temperature=25; amorphous=否; source_year=2025,,,,,
trv1_0075,Li3Y(BrCl)3,,Li3 Y1 Br3 Cl3,0.00208,,,,,,,,,,,halides,10.1016/s1003-6326(25)66819-1,1,data/database/obelix/processed/all-v1.csv,,,,本文最优；双卤素协同效应；单斜相; synthesis_method=湿化学法（450°C烧结6 h）; measured_temperature=25; amorphous=否; source_year=2025,,,,,
trv1_0077,Li1.1Nb1Cl3.9O1.1,,Li1.1 Nb1 Cl3.9 O1.1,0.0029,,,,,,,,,,,oxyhalides,10.1021/acs.chemmater.5c00627,1,data/database/obelix/processed/all-v1.csv,,,,富Li/O；含5.3 wt% LiCl杂质; synthesis_method=高能球磨（500 rpm，40 h）+真空安瓿100°C退火12 h; measured_temperature=25; amorphous=否; source_year=2025,,,,,
trv1_0079,Li0.95Nb1Cl4.05O0.95,,Li0.95 Nb1 Cl4.05 O0.95,0.0094,,,,,,,,,,,oxyhalides,10.1021/acs.chemmater.5c00627,1,data/database/obelix/processed/all-v1.csv,,,,系列最高电导率; synthesis_method=高能球磨（500 rpm，40 h）+真空安瓿100°C退火12 h; measured_temperature=25; amorphous=否; source_year=2025,,,,,
trv1_0080,Li0.9Nb1Cl4.1O0.9,,Li0.9 Nb1 Cl4.1 O0.9,0.0031,,,,,,,,,,,oxyhalides,10.1021/acs.chemmater.5c00627,1,data/database/obelix/processed/all-v1.csv,,,,synthesis_method=高能球磨（500 rpm，40 h）+真空安瓿100°C退火12 h; measured_temperature=25; amorphous=否; source_year=2025,,,,,
trv1_0081,Li0.85Nb1Cl4.15O0.85,,Li0.85 Nb1 Cl4.15 O0.85,0.0028,,,,,,,,,,,oxyhalides,10.1021/acs.chemmater.5c00627,1,data/database/obelix/processed/all-v1.csv,,,,synthesis_method=高能球磨（500 rpm，40 h）+真空安瓿100°C退火12 h; measured_temperature=25; amorphous=否; source_year=2025,,,,,
trv1_0082,Li0.8Nb1Cl4.2O0.8,,Li0.8 Nb1 Cl4.2 O0.8,0.0017,,,,,,,,,,,oxyhalides,10.1021/acs.chemmater.5c00627,1,data/database/obelix/processed/all-v1.csv,,,,系列最低电导率; synthesis_method=高能球磨（500 rpm，40 h）+真空安瓿100°C退火12 h; measured_temperature=25; amorphous=否; source_year=2025,,,,,
trv1_0084,Li1.9Zr0.9Sb0.1Cl5.5O0.25,,Li1.9 Zr0.9 Sb0.1 Cl5.5 O0.25,0.000263,,,,,,,,,,,oxyhalides,10.1021/acs.jpcc.5c05412,1,data/database/obelix/processed/all-v1.csv,,,,x=0.05；I相与II相共存; synthesis_method=机械化学球磨（1000 rpm，15 h）; measured_temperature=25; amorphous=否; source_year=2025,,,,,
trv1_0085,Li1.8Zr0.8Sb0.2Cl5O0.5,,Li1.8 Zr0.8 Sb0.2 Cl5 O0.5,0.000347,,,,,,,,,,,oxyhalides,10.1021/acs.jpcc.5c05412,1,data/database/obelix/processed/all-v1.csv,,,,x=0.10；I相与II相共存; synthesis_method=机械化学球磨（1000 rpm，15 h）; measured_temperature=25; amorphous=否; source_year=2025,,,,,
trv1_0086,Li1.75Zr0.75Sb0.25Cl4.75O0.625,,Li1.75 Zr0.75 Sb0.25 Cl4.75 O0.625,0.00042,,,,,,,,,,,oxyhalides,10.1021/acs.jpcc.5c05412,1,data/database/obelix/processed/all-v1.csv,,,,系列最高电导率；单斜相为主; synthesis_method=机械化学球磨（1000 rpm，15 h）; measured_temperature=25; amorphous=否; source_year=2025,,,,,
trv1_0087,Li1.7Zr0.7Sb0.3Cl4.5O0.75,,Li1.7 Zr0.7 Sb0.3 Cl4.5 O0.75,0.000363,,,,,,,,,,,oxyhalides,10.1021/acs.jpcc.5c05412,1,data/database/obelix/processed/all-v1.csv,,,,x=0.15；纯II相; synthesis_method=机械化学球磨（1000 rpm，15 h）; measured_temperature=25; amorphous=否; source_year=2025,,,,,
trv1_0088,Li1.6Zr0.6Sb0.4Cl4O1,,Li1.6 Zr0.6 Sb0.4 Cl4 O1,6.5e-05,,,,,,,,,,,oxyhalides,10.1021/acs.jpcc.5c05412,1,data/database/obelix/processed/all-v1.csv,,,,x=0.20；过量掺杂导致电导率下降; synthesis_method=机械化学球磨（1000 rpm，15 h）; measured_temperature=25; amorphous=否; source_year=2025,,,,,
trv1_0090,Li3In1Br0.2Cl5.8,,Li3 In1 Br0.2 Cl5.8,0.0009,,,,,,,,,,,halides,10.1021/acs.jpclett.5c00947,1,data/database/obelix/processed/all-v1.csv,,,,x=0.2; synthesis_method=球磨+退火; measured_temperature=RT; amorphous=否; source_year=2025,,,,,
trv1_0091,Li3In1Br0.4Cl5.6,,Li3 In1 Br0.4 Cl5.6,0.00075,,,,,,,,,,,halides,10.1021/acs.jpclett.5c00947,1,data/database/obelix/processed/all-v1.csv,,,,x=0.4; synthesis_method=球磨+退火; measured_temperature=RT; amorphous=否; source_year=2025,,,,,
trv1_0092,Li3In1Br0.6Cl5.4,,Li3 In1 Br0.6 Cl5.4,0.0004,,,,,,,,,,,halides,10.1021/acs.jpclett.5c00947,1,data/database/obelix/processed/all-v1.csv,,,,x=0.6；Br固溶极限; synthesis_method=球磨+退火; measured_temperature=RT; amorphous=否; source_year=2025,,,,,
trv1_0093,Li3In1Br0.8Cl5.2,,Li3 In1 Br0.8 Cl5.2,0.00028,,,,,,,,,,,halides,10.1021/acs.jpclett.5c00947,1,data/database/obelix/processed/all-v1.csv,,,,x=0.8；接近杂相区; synthesis_method=球磨+退火; measured_temperature=RT; amorphous=否; source_year=2025,,,,,
trv1_0094,Li3InBrCl5,,Li3 In1 Br1 Cl5,3e-05,,,,,,,,,,,halides,10.1021/acs.jpclett.5c00947,1,data/database/obelix/processed/all-v1.csv,,,,x=1.0；杂相主导; synthesis_method=球磨+退火; measured_temperature=RT; amorphous=否; source_year=2025,,,,,
trv1_0096,Li3In1Cl5.8F0.2,,Li3 In1 Cl5.8 F0.2,0.00095,,,,,,,,,,,halides,10.1021/acs.jpclett.5c00947,1,data/database/obelix/processed/all-v1.csv,,,,x=0.2; synthesis_method=球磨+退火; measured_temperature=RT; amorphous=否; source_year=2025,,,,,
trv1_0097,Li3In1Cl5.6F0.4,,Li3 In1 Cl5.6 F0.4,0.0008,,,,,,,,,,,halides,10.1021/acs.jpclett.5c00947,1,data/database/obelix/processed/all-v1.csv,,,,x=0.4; synthesis_method=球磨+退火; measured_temperature=RT; amorphous=否; source_year=2025,,,,,
trv1_0098,Li3In1Cl5.4F0.6,,Li3 In1 Cl5.4 F0.6,0.0006,,,,,,,,,,,halides,10.1021/acs.jpclett.5c00947,1,data/database/obelix/processed/all-v1.csv,,,,x=0.6; synthesis_method=球磨+退火; measured_temperature=RT; amorphous=否; source_year=2025,,,,,
trv1_0099,Li3In1Cl5.2F0.8,,Li3 In1 Cl5.2 F0.8,0.0005,,,,,,,,,,,halides,10.1021/acs.jpclett.5c00947,1,data/database/obelix/processed/all-v1.csv,,,,x=0.8；F单相固溶极限; synthesis_method=球磨+退火; measured_temperature=RT; amorphous=否; source_year=2025,,,,,
trv1_0100,Li3InCl5F,,Li3 In1 Cl5 F1,0.00045,,,,,,,,,,,halides,10.1021/acs.jpclett.5c00947,1,data/database/obelix/processed/all-v1.csv,,,,x=1.0；纯相或微量杂相; synthesis_method=球磨+退火; measured_temperature=RT; amorphous=否; source_year=2025,,,,,
trv1_0102,Li3In1I0.1Cl5.9,,Li3 In1 I0.1 Cl5.9,0.0003,,,,,,,,,,,halides,10.1021/acs.jpclett.5c00947,1,data/database/obelix/processed/all-v1.csv,,,,x=0.1；生成LiInI4杂相; synthesis_method=球磨+退火; measured_temperature=RT; amorphous=否; source_year=2025,,,,,
trv1_0103,Li3In1I0.2Cl5.8,,Li3 In1 I0.2 Cl5.8,0.0002,,,,,,,,,,,halides,10.1021/acs.jpclett.5c00947,1,data/database/obelix/processed/all-v1.csv,,,,x=0.2；生成LiInI4杂相; synthesis_method=球磨+退火; measured_temperature=RT; amorphous=否; source_year=2025,,,,,
trv1_0105,Li1.625Zr0.625Al0.375Cl5.25,,Li1.625 Zr0.625 Al0.375 Cl5.25,0.000981,,,,,,,,,,,halides,10.1021/acsnano.4c16514,1,data/database/obelix/processed/all-v1.csv,,,,由30°C按Ea=0.30 eV外推至27°C; synthesis_method=机械化学球磨; measured_temperature=27（外推）; amorphous=unknow; source_year=2025,,,,,
trv1_0115,Li0.488La0.475Ta0.238Cl2.9O0.1,,Li0.488 La0.475 Ta0.238 Cl2.9 O0.1,0.0017,,,,,,,,,,,oxyhalides,10.1021/jacs.5c11480,1,data/database/obelix/processed/all-v1.csv,,,,室温值由30°C数据外推至27°C；x=0.10; synthesis_method=高能震荡球磨（875 cycles/min，3 h）; measured_temperature=30; amorphous=否; source_year=2025,,,,,
trv1_0116,Li0.538La0.475Ta0.238Cl2.85O0.15,,Li0.538 La0.475 Ta0.238 Cl2.85 O0.15,0.00188,,,,,,,,,,,oxyhalides,10.1021/jacs.5c11480,1,data/database/obelix/processed/all-v1.csv,,,,室温值由30°C数据外推至27°C；最优掺杂; synthesis_method=高能震荡球磨（875 cycles/min，3 h）; measured_temperature=30; amorphous=否; source_year=2025,,,,,
trv1_0117,Li0.588La0.475Ta0.238Cl2.8O0.2,,Li0.588 La0.475 Ta0.238 Cl2.8 O0.2,0.00162,,,,,,,,,,,oxyhalides,10.1021/jacs.5c11480,1,data/database/obelix/processed/all-v1.csv,,,,室温值由30°C数据外推至27°C；x=0.20; synthesis_method=高能震荡球磨（875 cycles/min，3 h）; measured_temperature=30; amorphous=否; source_year=2025,,,,,
trv1_0118,Li0.688La0.475Ta0.238Cl2.7O0.3,,Li0.688 La0.475 Ta0.238 Cl2.7 O0.3,0.00079,,,,,,,,,,,oxyhalides,10.1021/jacs.5c11480,1,data/database/obelix/processed/all-v1.csv,,,,室温值由30°C数据外推至27°C；x=0.30; synthesis_method=高能震荡球磨（875 cycles/min，3 h）; measured_temperature=30; amorphous=否; source_year=2025,,,,,
trv1_0120,Li3.25In1Cl5.75O0.25,,Li3.25 In1 Cl5.75 O0.25,0.00091,,,,,,,,,,,oxyhalides,10.1039/d5ta05447h,1,data/database/obelix/processed/all-v1.csv,,,,仅掺O；另有外推27°C值1.00e-3 S/cm; synthesis_method=高能球磨+350°C热处理; measured_temperature=25; amorphous=否; source_year=2025,,,,,
trv1_0121,Li3Zr0.25In0.75Cl5.75O0.25,,Li3 Zr0.25 In0.75 Cl5.75 O0.25,0.00105,,,,,,,,,,,oxyhalides,10.1039/d5ta05447h,1,data/database/obelix/processed/all-v1.csv,,,,共掺杂最优；正文另记1.12e-3 S/cm；外推27°C值1.15e-3 S/cm; synthesis_method=高能球磨+350°C热处理; measured_temperature=25; amorphous=否; source_year=2025,,,,,
trv1_0122,Li2.75Zr0.5In0.5Cl5.75O0.25,,Li2.75 Zr0.5 In0.5 Cl5.75 O0.25,0.00066,,,,,,,,,,,oxyhalides,10.1039/d5ta05447h,1,data/database/obelix/processed/all-v1.csv,,,,另有外推27°C值7.2e-4 S/cm; synthesis_method=高能球磨+350°C热处理; measured_temperature=25; amorphous=否; source_year=2025,,,,,
trv1_0123,Li2.5Zr0.75In0.25Cl5.75O0.25,,Li2.5 Zr0.75 In0.25 Cl5.75 O0.25,0.00048,,,,,,,,,,,oxyhalides,10.1039/d5ta05447h,1,data/database/obelix/processed/all-v1.csv,,,,部分非晶化；出现ZrO2杂相；外推27°C值5.3e-4 S/cm; synthesis_method=高能球磨+350°C热处理; measured_temperature=25; amorphous=是; source_year=2025,,,,,
trv1_0125,Li1Ta1S0.17Cl4O0.83,,Li1 Ta1 S0.17 Cl4 O0.83,0.007,,,,,,,,,,,oxyhalides,10.1002/smll.74036,1,data/database/obelix/processed/all-v1.csv,,,,x=0.17；由Figure 2b估算; synthesis_method=unknow; measured_temperature=RT; amorphous=是; source_year=2026,,,,,
trv1_0126,Li1Ta1S0.2Cl4O0.8,,Li1 Ta1 S0.2 Cl4 O0.8,0.006,,,,,,,,,,,oxyhalides,10.1002/smll.74036,1,data/database/obelix/processed/all-v1.csv,,,,x=0.20；由Figure 2b估算; synthesis_method=unknow; measured_temperature=RT; amorphous=是; source_year=2026,,,,,
trv1_0127,Li1Ta1S0.25Cl4O0.75,,Li1 Ta1 S0.25 Cl4 O0.75,0.005,,,,,,,,,,,oxyhalides,10.1002/smll.74036,1,data/database/obelix/processed/all-v1.csv,,,,x=0.25；由Figure 2b估算; synthesis_method=unknow; measured_temperature=RT; amorphous=是; source_year=2026,,,,,
trv1_0128,Li1Ta1S0.33Cl4O0.67,,Li1 Ta1 S0.33 Cl4 O0.67,0.0035,,,,,,,,,,,oxyhalides,10.1002/smll.74036,1,data/database/obelix/processed/all-v1.csv,,,,x=0.33；由Figure 2b估算; synthesis_method=unknow; measured_temperature=RT; amorphous=是; source_year=2026,,,,,
trv1_0129,Li1Ta1S0.5Cl4O0.5,,Li1 Ta1 S0.5 Cl4 O0.5,0.00189,,,,,,,,,,,oxyhalides,10.1002/smll.74036,1,data/database/obelix/processed/all-v1.csv,,,,LTOSC-1；最低活化能; synthesis_method=unknow; measured_temperature=RT; amorphous=是; source_year=2026,,,,,
trv1_0130,Li1Ta1S0.66Cl4O0.34,,Li1 Ta1 S0.66 Cl4 O0.34,0.0012,,,,,,,,,,,oxyhalides,10.1002/smll.74036,1,data/database/obelix/processed/all-v1.csv,,,,x=0.66；由Figure 2b估算; synthesis_method=unknow; measured_temperature=RT; amorphous=是; source_year=2026,,,,,
trv1_0131,Li3Zr1Cl4O1.5,,Li3 Zr1 Cl4 O1.5,0.0008,,,,,,,,,,,oxyhalides,10.1021/acs.energyfuels.6c01704,1,data/database/obelix/processed/all-v1.csv,,,,x=0；由Figure 1d估算; synthesis_method=unknow; measured_temperature=25; amorphous=是; source_year=2026,,,,,
trv1_0132,Li2.975Zr1Br0.025Cl4O1.475,,Li2.975 Zr1 Br0.025 Cl4 O1.475,0.0034,,,,,,,,,,,oxyhalides,10.1021/acs.energyfuels.6c01704,1,data/database/obelix/processed/all-v1.csv,,,,x=0.025；最优组分; synthesis_method=unknow; measured_temperature=25; amorphous=是; source_year=2026,,,,,
trv1_0133,Li2.95Zr1Br0.05Cl4O1.45,,Li2.95 Zr1 Br0.05 Cl4 O1.45,0.0022,,,,,,,,,,,oxyhalides,10.1021/acs.energyfuels.6c01704,1,data/database/obelix/processed/all-v1.csv,,,,x=0.05；由Figure 1d估算; synthesis_method=unknow; measured_temperature=25; amorphous=是; source_year=2026,,,,,
trv1_0134,Li2.9Zr1Br0.1Cl4O1.4,,Li2.9 Zr1 Br0.1 Cl4 O1.4,0.0012,,,,,,,,,,,oxyhalides,10.1021/acs.energyfuels.6c01704,1,data/database/obelix/processed/all-v1.csv,,,,x=0.10；由Figure 1d估算; synthesis_method=unknow; measured_temperature=25; amorphous=是; source_year=2026,,,,,
trv1_0135,Li2.85Zr1Br0.15Cl4O1.35,,Li2.85 Zr1 Br0.15 Cl4 O1.35,0.0007,,,,,,,,,,,oxyhalides,10.1021/acs.energyfuels.6c01704,1,data/database/obelix/processed/all-v1.csv,,,,x=0.15；由Figure 1d估算; synthesis_method=unknow; measured_temperature=25; amorphous=是; source_year=2026,,,,,
trv1_0137,Li2.2Mg0.1Zr0.9Cl6,,Li2.2 Mg0.1 Zr0.9 Cl6,0.00109,,,,,,,,,,,halides,10.1021/acsaem.6c01288,1,data/database/obelix/processed/all-v1.csv,,,,主值为σbulk; synthesis_method=unknow; measured_temperature=RT; amorphous=否; source_year=2026,,,,,
trv1_0138,Li2.2Zr0.9Zn0.1Cl6,,Li2.2 Zr0.9 Zn0.1 Cl6,0.00048,,,,,,,,,,,halides,10.1021/acsaem.6c01288,1,data/database/obelix/processed/all-v1.csv,,,,主值为σbulk; synthesis_method=unknow; measured_temperature=RT; amorphous=否; source_year=2026,,,,,
trv1_0139,Li2.25Zr0.75Fe0.25Cl6,,Li2.25 Zr0.75 Fe0.25 Cl6,0.00124,,,,,,,,,,,halides,10.1021/acsaem.6c01288,1,data/database/obelix/processed/all-v1.csv,,,,主值为σbulk最高体相电导率; synthesis_method=unknow; measured_temperature=RT; amorphous=否; source_year=2026,,,,,
trv1_0140,Li2.25Zr0.75Ga0.25Cl6,,Li2.25 Zr0.75 Ga0.25 Cl6,0.00029,,,,,,,,,,,halides,10.1021/acsaem.6c01288,1,data/database/obelix/processed/all-v1.csv,,,,主值为σbulk; synthesis_method=unknow; measured_temperature=RT; amorphous=否; source_year=2026,,,,,
trv1_0141,Li2.1Mg0.05Zr0.95Cl6,,Li2.1 Mg0.05 Zr0.95 Cl6,0.0005,,,,,,,,,,,halides,10.1021/acsaem.6c01288,1,data/database/obelix/processed/all-v1.csv,,,,仅有σbulk；低掺杂量; synthesis_method=unknow; measured_temperature=RT; amorphous=否; source_year=2026,,,,,
trv1_0142,Li2.3Mg0.15Zr0.85Cl6,,Li2.3 Mg0.15 Zr0.85 Cl6,0.0006,,,,,,,,,,,halides,10.1021/acsaem.6c01288,1,data/database/obelix/processed/all-v1.csv,,,,仅有σbulk; synthesis_method=unknow; measured_temperature=RT; amorphous=否; source_year=2026,,,,,
trv1_0143,Li2.1Zr0.95Zn0.05Cl6,,Li2.1 Zr0.95 Zn0.05 Cl6,0.0002,,,,,,,,,,,halides,10.1021/acsaem.6c01288,1,data/database/obelix/processed/all-v1.csv,,,,仅有σbulk；低掺杂量; synthesis_method=unknow; measured_temperature=RT; amorphous=否; source_year=2026,,,,,
trv1_0144,Li2.3Zr0.85Zn0.15Cl6,,Li2.3 Zr0.85 Zn0.15 Cl6,0.0003,,,,,,,,,,,halides,10.1021/acsaem.6c01288,1,data/database/obelix/processed/all-v1.csv,,,,仅有σbulk；出现单斜相; synthesis_method=unknow; measured_temperature=RT; amorphous=否; source_year=2026,,,,,
trv1_0145,Li2.1Zr0.9Fe0.1Cl6,,Li2.1 Zr0.9 Fe0.1 Cl6,0.0005,,,,,,,,,,,halides,10.1021/acsaem.6c01288,1,data/database/obelix/processed/all-v1.csv,,,,仅有σbulk；低掺杂量; synthesis_method=unknow; measured_temperature=RT; amorphous=否; source_year=2026,,,,,
trv1_0146,Li2.2Zr0.8Fe0.2Cl6,,Li2.2 Zr0.8 Fe0.2 Cl6,0.0009,,,,,,,,,,,halides,10.1021/acsaem.6c01288,1,data/database/obelix/processed/all-v1.csv,,,,仅有σbulk；接近最优; synthesis_method=unknow; measured_temperature=RT; amorphous=否; source_year=2026,,,,,
trv1_0147,Li2.3Zr0.7Fe0.3Cl6,,Li2.3 Zr0.7 Fe0.3 Cl6,0.0008,,,,,,,,,,,halides,10.1021/acsaem.6c01288,1,data/database/obelix/processed/all-v1.csv,,,,仅有σbulk；开始出现二次相; synthesis_method=unknow; measured_temperature=RT; amorphous=否; source_year=2026,,,,,
trv1_0148,Li2.1Zr0.9Ga0.1Cl6,,Li2.1 Zr0.9 Ga0.1 Cl6,0.00015,,,,,,,,,,,halides,10.1021/acsaem.6c01288,1,data/database/obelix/processed/all-v1.csv,,,,仅有σbulk；低掺杂量; synthesis_method=unknow; measured_temperature=RT; amorphous=否; source_year=2026,,,,,
zec,Li2Zr0.8Al0.2Cl3.8O1,,Li2 Zr0.8 Al0.2 Cl3.8 O1,0.00198,,,,,,,,,,,halides,10.1038/s41467-025-68210-5,1,data/database/obelix/processed/all-v1.csv,,,,Source data/add-data-LZACO.txt; original 1.98 mS/cm; synthesis_method=unknow; measured_temperature=RT; amorphous=是; source_year=2026,,,,,
tsw,Li2Zr0.75Al0.25Cl3.75O1,,Li2 Zr0.75 Al0.25 Cl3.75 O1,0.00201,,,,,,,,,,,halides,10.1038/s41467-025-68210-5,1,data/database/obelix/processed/all-v1.csv,,,,Source data/add-data-LZACO.txt; original 2.01 mS/cm; synthesis_method=unknow; measured_temperature=RT; amorphous=是; source_year=2026,,,,,
wnt,Li2Zr0.7Al0.3Cl3.7O1,,Li2 Zr0.7 Al0.3 Cl3.7 O1,0.00174,,,,,,,,,,,halides,10.1038/s41467-025-68210-5,1,data/database/obelix/processed/all-v1.csv,,,,Source data/add-data-LZACO.txt; original 1.74 mS/cm; synthesis_method=unknow; measured_temperature=RT; amorphous=是; source_year=2026,,,,,
odf,Li2Zr0.6Al0.4Cl3.6O1,,Li2 Zr0.6 Al0.4 Cl3.6 O1,0.00122,,,,,,,,,,,halides,10.1038/s41467-025-68210-5,1,data/database/obelix/processed/all-v1.csv,,,,Source data/add-data-LZACO.txt; original 1.22 mS/cm; synthesis_method=unknow; measured_temperature=RT; amorphous=是; source_year=2026,,,,,
nsm,Li2Zr0.5Al0.5Cl3.5O1,,Li2 Zr0.5 Al0.5 Cl3.5 O1,0.000846,,,,,,,,,,,halides,10.1038/s41467-025-68210-5,1,data/database/obelix/processed/all-v1.csv,,,,Source data/add-data-LZACO.txt; original 0.846 mS/cm; synthesis_method=unknow; measured_temperature=RT; amorphous=是; source_year=2026,,,,,
tlx,Li2.4Zr0.8Al0.2Cl3.8O1.2,,Li2.4 Zr0.8 Al0.2 Cl3.8 O1.2,0.0021,,,,,,,,,,,halides,10.1038/s41467-025-68210-5,1,data/database/obelix/processed/all-v1.csv,,,,Source data/add-data-LZACO.txt; original 2.1 mS/cm; synthesis_method=unknow; measured_temperature=RT; amorphous=是; source_year=2026,,,,,
btq,Li2.4Zr0.75Al0.25Cl3.75O1.2,,Li2.4 Zr0.75 Al0.25 Cl3.75 O1.2,0.00254,,,,,,,,,,,halides,10.1038/s41467-025-68210-5,1,data/database/obelix/processed/all-v1.csv,,,,Source data/add-data-LZACO.txt; original 2.54 mS/cm; synthesis_method=unknow; measured_temperature=RT; amorphous=是; source_year=2026,,,,,
xhm,Li2.4Zr0.7Al0.3Cl3.7O1.2,,Li2.4 Zr0.7 Al0.3 Cl3.7 O1.2,0.00224,,,,,,,,,,,halides,10.1038/s41467-025-68210-5,1,data/database/obelix/processed/all-v1.csv,,,,Source data/add-data-LZACO.txt; original 2.24 mS/cm; synthesis_method=unknow; measured_temperature=RT; amorphous=是; source_year=2026,,,,,
gmh,Li2.4Zr0.6Al0.4Cl3.6O1.2,,Li2.4 Zr0.6 Al0.4 Cl3.6 O1.2,0.00134,,,,,,,,,,,halides,10.1038/s41467-025-68210-5,1,data/database/obelix/processed/all-v1.csv,,,,Source data/add-data-LZACO.txt; original 1.34 mS/cm; synthesis_method=unknow; measured_temperature=RT; amorphous=是; source_year=2026,,,,,
gno,Li2.4Zr0.5Al0.5Cl3.5O1.2,,Li2.4 Zr0.5 Al0.5 Cl3.5 O1.2,0.000907,,,,,,,,,,,halides,10.1038/s41467-025-68210-5,1,data/database/obelix/processed/all-v1.csv,,,,Source data/add-data-LZACO.txt; original 0.907 mS/cm; synthesis_method=unknow; measured_temperature=RT; amorphous=是; source_year=2026,,,,,
dbx,Li2.8Zr0.8Al0.2Cl3.8O1.4,,Li2.8 Zr0.8 Al0.2 Cl3.8 O1.4,0.00224,,,,,,,,,,,halides,10.1038/s41467-025-68210-5,1,data/database/obelix/processed/all-v1.csv,,,,Source data/add-data-LZACO.txt; original 2.24 mS/cm; synthesis_method=unknow; measured_temperature=RT; amorphous=是; source_year=2026,,,,,
pkj,Li2.8Zr0.75Al0.25Cl3.75O1.4,,Li2.8 Zr0.75 Al0.25 Cl3.75 O1.4,0.00255,,,,,,,,,,,halides,10.1038/s41467-025-68210-5,1,data/database/obelix/processed/all-v1.csv,,,,Source data/add-data-LZACO.txt; original 2.55 mS/cm; synthesis_method=unknow; measured_temperature=RT; amorphous=是; source_year=2026,,,,,
xfm,Li2.8Zr0.7Al0.3Cl3.7O1.4,,Li2.8 Zr0.7 Al0.3 Cl3.7 O1.4,0.00232,,,,,,,,,,,halides,10.1038/s41467-025-68210-5,1,data/database/obelix/processed/all-v1.csv,,,,Source data/add-data-LZACO.txt; original 2.32 mS/cm; synthesis_method=unknow; measured_temperature=RT; amorphous=是; source_year=2026,,,,,
wen,Li2.8Zr0.6Al0.4Cl3.6O1.4,,Li2.8 Zr0.6 Al0.4 Cl3.6 O1.4,0.00134,,,,,,,,,,,halides,10.1038/s41467-025-68210-5,1,data/database/obelix/processed/all-v1.csv,,,,Source data/add-data-LZACO.txt; original 1.34 mS/cm; synthesis_method=unknow; measured_temperature=RT; amorphous=是; source_year=2026,,,,,
vxk,Li2.8Zr0.5Al0.5Cl3.5O1.4,,Li2.8 Zr0.5 Al0.5 Cl3.5 O1.4,0.000969,,,,,,,,,,,halides,10.1038/s41467-025-68210-5,1,data/database/obelix/processed/all-v1.csv,,,,Source data/add-data-LZACO.txt; original 0.969 mS/cm; synthesis_method=unknow; measured_temperature=RT; amorphous=是; source_year=2026,,,,,
thq,Li3.2Zr0.8Al0.2Cl3.8O1.6,,Li3.2 Zr0.8 Al0.2 Cl3.8 O1.6,0.00138,,,,,,,,,,,halides,10.1038/s41467-025-68210-5,1,data/database/obelix/processed/all-v1.csv,,,,Source data/add-data-LZACO.txt; original 1.38 mS/cm; synthesis_method=unknow; measured_temperature=RT; amorphous=是; source_year=2026,,,,,
oyy,Li3.2Zr0.75Al0.25Cl3.75O1.6,,Li3.2 Zr0.75 Al0.25 Cl3.75 O1.6,0.00142,,,,,,,,,,,halides,10.1038/s41467-025-68210-5,1,data/database/obelix/processed/all-v1.csv,,,,Source data/add-data-LZACO.txt; original 1.42 mS/cm; synthesis_method=unknow; measured_temperature=RT; amorphous=是; source_year=2026,,,,,
okv,Li3.2Zr0.7Al0.3Cl3.7O1.6,,Li3.2 Zr0.7 Al0.3 Cl3.7 O1.6,0.00137,,,,,,,,,,,halides,10.1038/s41467-025-68210-5,1,data/database/obelix/processed/all-v1.csv,,,,Source data/add-data-LZACO.txt; original 1.37 mS/cm; synthesis_method=unknow; measured_temperature=RT; amorphous=是; source_year=2026,,,,,
nmx,Li3.2Zr0.6Al0.4Cl3.6O1.6,,Li3.2 Zr0.6 Al0.4 Cl3.6 O1.6,0.00112,,,,,,,,,,,halides,10.1038/s41467-025-68210-5,1,data/database/obelix/processed/all-v1.csv,,,,Source data/add-data-LZACO.txt; original 1.12 mS/cm; synthesis_method=unknow; measured_temperature=RT; amorphous=是; source_year=2026,,,,,
azb,Li3.2Zr0.5Al0.5Cl3.5O1.6,,Li3.2 Zr0.5 Al0.5 Cl3.5 O1.6,0.000921,,,,,,,,,,,halides,10.1038/s41467-025-68210-5,1,data/database/obelix/processed/all-v1.csv,,,,Source data/add-data-LZACO.txt; original 0.921 mS/cm; synthesis_method=unknow; measured_temperature=RT; amorphous=是; source_year=2026,,,,,
dax,Li3.6Zr0.8Al0.2Cl3.8O1.8,,Li3.6 Zr0.8 Al0.2 Cl3.8 O1.8,0.000624,,,,,,,,,,,halides,10.1038/s41467-025-68210-5,1,data/database/obelix/processed/all-v1.csv,,,,Source data/add-data-LZACO.txt; original 0.624 mS/cm; synthesis_method=unknow; measured_temperature=RT; amorphous=是; source_year=2026,,,,,
mny,Li3.6Zr0.75Al0.25Cl3.75O1.8,,Li3.6 Zr0.75 Al0.25 Cl3.75 O1.8,0.000733,,,,,,,,,,,halides,10.1038/s41467-025-68210-5,1,data/database/obelix/processed/all-v1.csv,,,,Source data/add-data-LZACO.txt; original 0.733 mS/cm; synthesis_method=unknow; measured_temperature=RT; amorphous=是; source_year=2026,,,,,
lim,Li3.6Zr0.7Al0.3Cl3.7O1.8,,Li3.6 Zr0.7 Al0.3 Cl3.7 O1.8,0.001,,,,,,,,,,,halides,10.1038/s41467-025-68210-5,1,data/database/obelix/processed/all-v1.csv,,,,Source data/add-data-LZACO.txt; original 1 mS/cm; synthesis_method=unknow; measured_temperature=RT; amorphous=是; source_year=2026,,,,,
edx,Li3.6Zr0.6Al0.4Cl3.6O1.8,,Li3.6 Zr0.6 Al0.4 Cl3.6 O1.8,0.000693,,,,,,,,,,,halides,10.1038/s41467-025-68210-5,1,data/database/obelix/processed/all-v1.csv,,,,Source data/add-data-LZACO.txt; original 0.693 mS/cm; synthesis_method=unknow; measured_temperature=RT; amorphous=是; source_year=2026,,,,,
wdm,Li3.6Zr0.5Al0.5Cl3.5O1.8,,Li3.6 Zr0.5 Al0.5 Cl3.5 O1.8,0.00036,,,,,,,,,,,halides,10.1038/s41467-025-68210-5,1,data/database/obelix/processed/all-v1.csv,,,,Source data/add-data-LZACO.txt; original 0.36 mS/cm; synthesis_method=unknow; measured_temperature=RT; amorphous=是; source_year=2026,,,,,
trv1_0149,ZnH12C4(Br2N)2,,Zn1 H12 C4 Br4 N2,0.00029,,,,,,,,,,,hybrid_halide,10.1038/s41467-026-68394-4,1,data/database/obelix/processed/all-v1.csv,,,,PipZnBr4；含过量ZnBr2; synthesis_method=水热/溶剂热法+冷压; measured_temperature=25; amorphous=unknow; source_year=2026,,,,,
a71299,Li2.5Y0.75W0.25Br2.5Cl3.5,,Li2.5 Y0.75 W0.25 Br2.5 Cl3.5,0.00638,,,,,,,,,,,halides,10.1002/aenm.71299,1,data/database/obelix/processed/all-v1.csv,,,,Manual literature addition; original 6.38 mS/cm; temperature not recorded; synthesis_method=高能球磨法; measured_temperature=RT; amorphous=unknow,,,,,
caltech_icsd_7931,Li1.114Ti1.9Al0.101P3O12,,Li1.114 Ti1.9 Al0.101 P3 O12,0.00173,,,,,,,,,,,nasicon,10.1016/j.solidstatesciences.2016.08.011,0,data/database/caltech/ionic_conductivity_database .csv,,,,lowest_extrapolation_temperature_K=na,,,7931,,
caltech_icsd_7932,Li1.222Ti1.795Al0.205P3O12,,Li1.222 Ti1.795 Al0.205 P3 O12,0.00173,,,,,,,,,,,nasicon,10.1016/j.solidstatesciences.2016.08.011,0,data/database/caltech/ionic_conductivity_database .csv,,,,lowest_extrapolation_temperature_K=na,,,7932,,
caltech_icsd_7933,Li1.252Ti1.718Al0.281P3O12,,Li1.252 Ti1.718 Al0.281 P3 O12,0.00317,,,,,,,,,,,nasicon,10.1016/j.solidstatesciences.2016.08.011,0,data/database/caltech/ionic_conductivity_database .csv,,,,lowest_extrapolation_temperature_K=na,,,7933,,
caltech_icsd_7934,Li1.312Ti1.592Al0.407P3O12,,Li1.312 Ti1.592 Al0.407 P3 O12,0.00563,,,,,,,,,,,nasicon,10.1016/j.solidstatesciences.2016.08.011,0,data/database/caltech/ionic_conductivity_database .csv,,,,lowest_extrapolation_temperature_K=na,,,7934,,
caltech_icsd_7935,Li1.421Ti1.579Al0.421P3O12,,Li1.421 Ti1.579 Al0.421 P3 O12,0.00563,,,,,,,,,,,nasicon,10.1016/j.solidstatesciences.2016.08.011,0,data/database/caltech/ionic_conductivity_database .csv,,,,lowest_extrapolation_temperature_K=na,,,7935,,
caltech_icsd_7936,Li1.414Ti1.489Al0.511P3O12,,Li1.414 Ti1.489 Al0.511 P3 O12,0.0047,,,,,,,,,,,nasicon,10.1016/j.solidstatesciences.2016.08.011,0,data/database/caltech/ionic_conductivity_database .csv,,,,lowest_extrapolation_temperature_K=na,,,7936,,
caltech_icsd_11042,Li6.2Si0.2P0.8S5I1,,Li6.2 Si0.2 P0.8 S5 I1,7.16e-05,,,,,,,,,,,argyrodites,10.1021/acs.chemmater.9b01857,0,data/database/caltech/ionic_conductivity_database .csv,,,,lowest_extrapolation_temperature_K=na,,,11042,,
caltech_icsd_11043,Li6.25Si0.25P0.75S5I1,,Li6.25 Si0.25 P0.75 S5 I1,0.000169031,,,,,,,,,,,argyrodites,10.1021/acs.chemmater.9b01857,0,data/database/caltech/ionic_conductivity_database .csv,,,,lowest_extrapolation_temperature_K=na,,,11043,,
caltech_icsd_11044,Li6.3Si0.3P0.7S5I1,,Li6.3 Si0.3 P0.7 S5 I1,0.000466257,,,,,,,,,,,argyrodites,10.1021/acs.chemmater.9b01857,0,data/database/caltech/ionic_conductivity_database .csv,,,,lowest_extrapolation_temperature_K=na,,,11044,,
caltech_icsd_11045,Li6.4Si0.4P0.6S5I1,,Li6.4 Si0.4 P0.6 S5 I1,0.000836458,,,,,,,,,,,argyrodites,10.1021/acs.chemmater.9b01857,0,data/database/caltech/ionic_conductivity_database .csv,,,,lowest_extrapolation_temperature_K=na,,,11045,,
caltech_icsd_11046,Li6.5Si0.5P0.5S5I1,,Li6.5 Si0.5 P0.5 S5 I1,0.001361319,,,,,,,,,,,argyrodites,10.1021/acs.chemmater.9b01857,0,data/database/caltech/ionic_conductivity_database .csv,,,,lowest_extrapolation_temperature_K=na,,,11046,,
caltech_icsd_11047,Li6.6Si0.6P0.4S5I1,,Li6.6 Si0.6 P0.4 S5 I1,0.00156275,,,,,,,,,,,argyrodites,10.1021/acs.chemmater.9b01857,0,data/database/caltech/ionic_conductivity_database .csv,,,,lowest_extrapolation_temperature_K=na,,,11047,,
caltech_icsd_11048,Li6.7Si0.7P0.3S5I1,,Li6.7 Si0.7 P0.3 S5 I1,0.002009892,,,,,,,,,,,argyrodites,10.1021/acs.chemmater.9b01857,0,data/database/caltech/ionic_conductivity_database .csv,,,,lowest_extrapolation_temperature_K=na,,,11048,,
caltech_icsd_11050,Li6.05Sn0.05P0.95S5I1,,Li6.05 Sn0.05 P0.95 S5 I1,7.27e-06,,,,,,,,,,,argyrodites,10.1021/acs.chemmater.9b01857,0,data/database/caltech/ionic_conductivity_database .csv,,,,lowest_extrapolation_temperature_K=na,,,11050,,
caltech_icsd_11051,Li6.1Sn0.1P0.9S5I1,,Li6.1 Sn0.1 P0.9 S5 I1,3.5e-05,,,,,,,,,,,argyrodites,10.1021/acs.chemmater.9b01857,0,data/database/caltech/ionic_conductivity_database .csv,,,,lowest_extrapolation_temperature_K=na,,,11051,,
caltech_icsd_11052,Li6.15Sn0.15P0.85S5I1,,Li6.15 Sn0.15 P0.85 S5 I1,4.42e-05,,,,,,,,,,,argyrodites,10.1021/acs.chemmater.9b01857,0,data/database/caltech/ionic_conductivity_database .csv,,,,lowest_extrapolation_temperature_K=na,,,11052,,
caltech_icsd_11053,Li6.2Sn0.2P0.8S5I1,,Li6.2 Sn0.2 P0.8 S5 I1,5.82e-05,,,,,,,,,,,argyrodites,10.1021/acs.chemmater.9b01857,0,data/database/caltech/ionic_conductivity_database .csv,,,,lowest_extrapolation_temperature_K=na,,,11053,,
caltech_icsd_11054,Li6.25Sn0.25P0.75S5I1,,Li6.25 Sn0.25 P0.75 S5 I1,7.67e-05,,,,,,,,,,,argyrodites,10.1021/acs.chemmater.9b01857,0,data/database/caltech/ionic_conductivity_database .csv,,,,lowest_extrapolation_temperature_K=na,,,11054,,
caltech_icsd_11055,Li6.3Sn0.3P0.7S5I1,,Li6.3 Sn0.3 P0.7 S5 I1,9.17e-05,,,,,,,,,,,argyrodites,10.1021/acs.chemmater.9b01857,0,data/database/caltech/ionic_conductivity_database .csv,,,,lowest_extrapolation_temperature_K=na,,,11055,,
caltech_icsd_12641,Li3.81Sn0.85Sb0.15S4,,Li3.81 Sn0.85 Sb0.15 S4,0.00085,,,,,,,,,,,chalcogenidotetrelates,10.1016/j.jpowsour.2019.227338,0,data/database/caltech/ionic_conductivity_database .csv,,,,lowest_extrapolation_temperature_K=na,,,12641,,
caltech_icsd_12643,Li3.83Sn0.9Sb0.1S4,,Li3.83 Sn0.9 Sb0.1 S4,0.00062,,,,,,,,,,,chalcogenidotetrelates,10.1016/j.jpowsour.2019.227338,0,data/database/caltech/ionic_conductivity_database .csv,,,,lowest_extrapolation_temperature_K=na,,,12643,,
caltech_icsd_12644,Li3.72Sn0.8Sb0.2S4,,Li3.72 Sn0.8 Sb0.2 S4,0.00079,,,,,,,,,,,chalcogenidotetrelates,10.1016/j.jpowsour.2019.227338,0,data/database/caltech/ionic_conductivity_database .csv,,,,lowest_extrapolation_temperature_K=na,,,12644,,
caltech_icsd_14937,Li3.8Si0.8P0.2S4,,Li3.8 Si0.8 P0.2 S4,5.19e-05,,,,,,,,,,,thio_lisicon,10.1021/acs.chemmater.9b00657,0,data/database/caltech/ionic_conductivity_database .csv,,,,lowest_extrapolation_temperature_K=na,,,14937,,
caltech_icsd_14938,Li3.5Si0.5P0.5S4,,Li3.5 Si0.5 P0.5 S4,0.000612,,,,,,,,,,,thio_lisicon,10.1021/acs.chemmater.9b00657,0,data/database/caltech/ionic_conductivity_database .csv,,,,lowest_extrapolation_temperature_K=na,,,14938,,
caltech_icsd_14939,Li3.67Si0.67P0.33S4,,Li3.67 Si0.67 P0.33 S4,0.000231,,,,,,,,,,,thio_lisicon,10.1021/acs.chemmater.9b00657,0,data/database/caltech/ionic_conductivity_database .csv,,,,lowest_extrapolation_temperature_K=na,,,14939,,
caltech_icsd_14940,Li3.15Si0.15P0.85S4,,Li3.15 Si0.15 P0.85 S4,0.00115,,,,,,,,,,,thio_lisicon,10.1021/acs.chemmater.9b00657,0,data/database/caltech/ionic_conductivity_database .csv,,,,lowest_extrapolation_temperature_K=na,,,14940,,
caltech_icsd_14942,Li3.25Si0.25P0.75S4,,Li3.25 Si0.25 P0.75 S4,0.00122,,,,,,,,,,,thio_lisicon,10.1021/acs.chemmater.9b00657,0,data/database/caltech/ionic_conductivity_database .csv,,,,lowest_extrapolation_temperature_K=na,,,14942,,
caltech_icsd_14943,Li3.33Si0.33P0.67S4,,Li3.33 Si0.33 P0.67 S4,0.00104,,,,,,,,,,,thio_lisicon,10.1021/acs.chemmater.9b00657,0,data/database/caltech/ionic_conductivity_database .csv,,,,lowest_extrapolation_temperature_K=na,,,14943,,
caltech_icsd_14992,Li7La3Ce0.158Zr1.842O12,,Li7 La3 Ce0.158 Zr1.842 O12,6.16e-05,,,,,,,,,,,garnet,10.1021/acs.chemmater.9b03526,0,data/database/caltech/ionic_conductivity_database .csv,,,,lowest_extrapolation_temperature_K=na,,,14992,,
caltech_icsd_16799,Li7IN2,,Li7 I1 N2,4.28e-06,,,,,,,,,,,halides,10.1016/0025-5408(81)90124-0,0,data/database/caltech/ionic_conductivity_database .csv,,,,lowest_extrapolation_temperature_K=na,,,16799,,
caltech_icsd_16800,Li5I2N,,Li5 I2 N1,1.71e-06,,,,,,,,,,,other,10.1016/0025-5408(81)90124-0,0,data/database/caltech/ionic_conductivity_database .csv,,,,lowest_extrapolation_temperature_K=na,,,16800,,
caltech_icsd_18229,Li3.01Sc1Cl6,,Li3.01 Sc1 Cl6,0.00305,,,,,,,,,,,halides,10.1021/jacs.0c00134,0,data/database/caltech/ionic_conductivity_database .csv,,,,lowest_extrapolation_temperature_K=na,,,18229,,
caltech_icsd_18587,Li5.75La3Ce0.75Nb1.25O12,,Li5.75 La3 Ce0.75 Nb1.25 O12,0.00014,,,,,,,,,,,garnet,10.1039/d0dt02112a,0,data/database/caltech/ionic_conductivity_database .csv,,,,lowest_extrapolation_temperature_K=na,,,18587,,
caltech_icsd_18842,Li10Ge1Sb0.15P1.85S12,,Li10 Ge1 Sb0.15 P1.85 S12,0.0172,,,,,,,,,,,lgps,10.1021/acs.chemmater.9b04764,0,data/database/caltech/ionic_conductivity_database .csv,,,,lowest_extrapolation_temperature_K=na,,,18842,,
caltech_icsd_19667,Li1.884H1.12Cl1O1,,Li1.884 H1.12 Cl1 O1,2.6e-06,,,,,,,,,,,antiperovskite,10.1021/acs.inorgchem.0c01631,0,data/database/caltech/ionic_conductivity_database .csv,,,,lowest_extrapolation_temperature_K=na,,,19667,,
caltech_icsd_19905,Li1.5Ti1.5Al0.5P3O12,,Li1.5 Ti1.5 Al0.5 P3 O12,0.0038,,,,,,,,,,,nasicon,10.1021/cm010528i,0,data/database/caltech/ionic_conductivity_database .csv,,,,lowest_extrapolation_temperature_K=na,,,19905,,
caltech_icsd_19965,Li6.533La2.976Zr1.5Ta0.5O11.964,,Li6.533 La2.976 Zr1.5 Ta0.5 O11.964,0.000861,,,,,,,,,,,garnet,10.1016/j.ssi.2019.115170,0,data/database/caltech/ionic_conductivity_database .csv,,,,lowest_extrapolation_temperature_K=na,,,19965,,
caltech_icsd_19966,Li6.399La2.852Zr1.5Ta0.5O11.792,,Li6.399 La2.852 Zr1.5 Ta0.5 O11.792,0.000732,,,,,,,,,,,garnet,10.1016/j.ssi.2019.115170,0,data/database/caltech/ionic_conductivity_database .csv,,,,lowest_extrapolation_temperature_K=na,,,19966,,
caltech_icsd_19992,Li6.4La3Zr2Al0.2O12,,Li6.4 La3 Zr2 Al0.2 O12,0.0001,,,,,,,,,,,garnet,10.1016/j.ssi.2020.115317,0,data/database/caltech/ionic_conductivity_database .csv,,,,lowest_extrapolation_temperature_K=na,,,19992,,
caltech_icsd_22269,Li5.5P1S4.5Cl1.5,,Li5.5 P1 S4.5 Cl1.5,0.00941,,,,,,,,,,,argyrodites,10.1002/anie.201814222,0,data/database/caltech/ionic_conductivity_database .csv,,,,lowest_extrapolation_temperature_K=na,,,22269,,
caltech_icsd_22436,Li6.96Si1.71Sn1.55P0.8S12,,Li6.96 Si1.71 Sn1.55 P0.8 S12,8.5e-05,,,,,,,,,,,lgps,10.1016/j.ssi.2020.115458,0,data/database/caltech/ionic_conductivity_database .csv,,,,lowest_extrapolation_temperature_K=na,,,22436,,
caltech_icsd_22956,Li6.6La3Zr1.6Ta0.4O12,,Li6.6 La3 Zr1.6 Ta0.4 O12,0.0011,,,,,,,,,,,garnet,10.2109/jcersj2.19022,0,data/database/caltech/ionic_conductivity_database .csv,,,,lowest_extrapolation_temperature_K=na,,,22956,,
caltech_icsd_22959,Li6.2La3Zr1.2Ta0.8O12,,Li6.2 La3 Zr1.2 Ta0.8 O12,0.000581,,,,,,,,,,,garnet,10.2109/jcersj2.19022,0,data/database/caltech/ionic_conductivity_database .csv,,,,lowest_extrapolation_temperature_K=na,,,22959,,
caltech_icsd_25445,Li6.5La3Zr1.5Nb0.5O12,,Li6.5 La3 Zr1.5 Nb0.5 O12,0.00139,,,,,,,,,,,garnet,10.2109/jcersj2.19094,0,data/database/caltech/ionic_conductivity_database .csv,,,,lowest_extrapolation_temperature_K=na,,,25445,,
caltech_icsd_25446,Li6.5La3Zr1.5Ta0.5O12,,Li6.5 La3 Zr1.5 Ta0.5 O12,0.00127,,,,,,,,,,,garnet,10.2109/jcersj2.19094,0,data/database/caltech/ionic_conductivity_database .csv,,,,lowest_extrapolation_temperature_K=na,,,25446,,
caltech_icsd_29957,Li3YBr6,,Li3 Y1 Br6,0.00409,,,,,,,,,,,halides,10.1021/acs.chemmater.0c04352,0,data/database/caltech/ionic_conductivity_database .csv,,,,lowest_extrapolation_temperature_K=na,,,29957,,
caltech_icsd_29965,Li3YCl6,,Li3 Y1 Cl6,4.75e-05,,,,,,,,,,,halides,10.1021/acs.chemmater.0c04352,0,data/database/caltech/ionic_conductivity_database .csv,,,,lowest_extrapolation_temperature_K=na,,,29965,,
caltech_icsd_30301,Li5.7Ca0.15P1S5Cl1,,Li5.7 Ca0.15 P1 S5 Cl1,0.0052,,,,,,,,,,,argyrodites,10.1021/acs.chemmater.0c03090,0,data/database/caltech/ionic_conductivity_database .csv,,,,lowest_extrapolation_temperature_K=na,,,30301,,
caltech_icsd_30302,Li5.55Ca0.1P1S4.75Cl1.25,,Li5.55 Ca0.1 P1 S4.75 Cl1.25,0.0068,,,,,,,,,,,argyrodites,10.1021/acs.chemmater.0c03090,0,data/database/caltech/ionic_conductivity_database .csv,,,,lowest_extrapolation_temperature_K=na,,,30302,,
caltech_icsd_30303,Li5.35Ca0.1P1S4.5Cl1.55,,Li5.35 Ca0.1 P1 S4.5 Cl1.55,0.0102,,,,,,,,,,,argyrodites,10.1021/acs.chemmater.0c03090,0,data/database/caltech/ionic_conductivity_database .csv,,,,lowest_extrapolation_temperature_K=na,,,30303,,
caltech_icsd_30304,Li5.3Ca0.1P1S4.5Cl1.5,,Li5.3 Ca0.1 P1 S4.5 Cl1.5,0.0077,,,,,,,,,,,argyrodites,10.1021/acs.chemmater.0c03090,0,data/database/caltech/ionic_conductivity_database .csv,,,,lowest_extrapolation_temperature_K=na,,,30304,,
caltech_icsd_30385,Li5VS2(O2F)4,,Li5 V1 S2 O8 F4,2.24e-05,,,,,,,,,,,oxyhalides,10.1021/acsami.0c14781,0,data/database/caltech/ionic_conductivity_database .csv,,,,lowest_extrapolation_temperature_K=na,,,30385,,
caltech_icsd_32326,Li3.53V0.3Ge0.525P0.175O4,,Li3.53 V0.3 Ge0.525 P0.175 O4,5.1e-05,,,,,,,,,,,lisicon,10.1021/acsaem.9b01152,0,data/database/caltech/ionic_conductivity_database .csv,,,,lowest_extrapolation_temperature_K=na,,,32326,,
caltech_icsd_33191,Li29Zr9Nb3O40,,Li29 Zr9 Nb3 O40,0.000175,,,,,,,,,,,oxides,10.1016/j.jallcom.2019.152517,0,data/database/caltech/ionic_conductivity_database .csv,,,,lowest_extrapolation_temperature_K=na,,,33191,,
caltech_icsd_33397,Li2.1Sn0.9O2.85,,Li2.1 Sn0.9 O2.85,1e-06,,,,,,,,,,,oxides,10.1016/j.ssi.2021.115610,0,data/database/caltech/ionic_conductivity_database .csv,,,,lowest_extrapolation_temperature_K=na,,,33397,,
caltech_icsd_34302,Li2.53Er0.53Zr0.47Cl6,,Li2.53 Er0.53 Zr0.47 Cl6,0.000934,,,,,,,,,,,halides,10.1021/acsenergylett.9b02599,0,data/database/caltech/ionic_conductivity_database .csv,,,,lowest_extrapolation_temperature_K=na,,,34302,,
caltech_icsd_35275,LiAlCl4,,Li1 Al1 Cl4,1e-06,,,,,,,,,,,halides,10.1149/1.2133238,0,data/database/caltech/ionic_conductivity_database .csv,,,,lowest_extrapolation_temperature_K=na,,,35275,,
caltech_icsd_36789,Li1.396Fe0.42Ge1.58P3O12,,Li1.396 Fe0.42 Ge1.58 P3 O12,1.07e-06,,,,,,,,,,,nasicon,10.1016/j.jallcom.2020.156338,0,data/database/caltech/ionic_conductivity_database .csv,,,,lowest_extrapolation_temperature_K=na,,,36789,,
caltech_icsd_36942,Li6.7La3Zr1.56Ta0.25Al0.012Si0.15O11.91,,Li6.7 La3 Zr1.56 Ta0.25 Al0.012 Si0.15 O11.91,0.00042,,,,,,,,,,,garnet,10.1016/j.ssi.2021.115713,0,data/database/caltech/ionic_conductivity_database .csv,,,,lowest_extrapolation_temperature_K=na,,,36942,,
caltech_icsd_36943,Li7.15La3Zr1.71Ta0.25Al0.012Si0.15O12.44,,Li7.15 La3 Zr1.71 Ta0.25 Al0.012 Si0.15 O12.44,0.00046,,,,,,,,,,,garnet,10.1016/j.ssi.2021.115713,0,data/database/caltech/ionic_conductivity_database .csv,,,,lowest_extrapolation_temperature_K=na,,,36943,,
caltech_icsd_36944,Li6.79La3Zr1.61Ta0.25Al0.012Si0.15O12.12,,Li6.79 La3 Zr1.61 Ta0.25 Al0.012 Si0.15 O12.12,0.00029,,,,,,,,,,,garnet,10.1016/j.ssi.2021.115713,0,data/database/caltech/ionic_conductivity_database .csv,,,,lowest_extrapolation_temperature_K=na,,,36944,,
caltech_icsd_38290,Li2.15Al0.5S1.65Cl0.35,,Li2.15 Al0.5 S1.65 Cl0.35,6.1e-06,,,,,,,,,,,halides,10.1021/acs.chemmater.1c02751,0,data/database/caltech/ionic_conductivity_database .csv,,,,lowest_extrapolation_temperature_K=na,,,38290,,
caltech_icsd_49646,Li7.2N1.6Cl2.4,,Li7.2 N1.6 Cl2.4,1.23e-06,,,,,,,,,,,halides,10.1016/0025-5408(79)90191-0,0,data/database/caltech/ionic_conductivity_database .csv,,,,lowest_extrapolation_temperature_K=na,,,49646,,
caltech_icsd_50151,Li3ErCl6,,Li3 Er1 Cl6,0.00033,,,,,,,,,,,halides,10.1016/j.isci.2019.05.036,0,data/database/caltech/ionic_conductivity_database .csv,,,,lowest_extrapolation_temperature_K=na,,,50151,,
caltech_icsd_66576,Li3.5V0.5Ge0.5O4,,Li3.5 V0.5 Ge0.5 O4,4.2e-05,,,,,,,,,,,lisicon,10.1016/0025-5408(80)90249-4,0,data/database/caltech/ionic_conductivity_database .csv,,,,lowest_extrapolation_temperature_K=na,,,66576,,
caltech_icsd_82671,Li0.33La0.5Ti1O3,,Li0.33 La0.5 Ti1 O3,0.001,,,,,,,,,,,perovskites,10.1016/0038-1098(93)90841-a,0,data/database/caltech/ionic_conductivity_database .csv,,,,lowest_extrapolation_temperature_K=na,,,82671,,
caltech_icsd_92229,Li0.125La0.625Ti1O3,,Li0.125 La0.625 Ti1 O3,0.00044098,,,,,,,,,,,perovskites,10.1016/s0167-2738(00)00761-x,0,data/database/caltech/ionic_conductivity_database .csv,,,,lowest_extrapolation_temperature_K=na,,,92229,,
caltech_icsd_101866,Li5.74Si0.08Sb0.92S4.99I1.01,,Li5.74 Si0.08 Sb0.92 S4.99 I1.01,6.7e-06,,,,,,,,,,,halides,10.1021/jacs.9b08357,0,data/database/caltech/ionic_conductivity_database .csv,,,,lowest_extrapolation_temperature_K=na,,,101866,,
caltech_icsd_101867,Li6.16Si0.62Sb0.38S5.07I0.93,,Li6.16 Si0.62 Sb0.38 S5.07 I0.93,0.019,,,,,,,,,,,halides,10.1021/jacs.9b08357,0,data/database/caltech/ionic_conductivity_database .csv,,,,lowest_extrapolation_temperature_K=na,,,101867,,
caltech_icsd_101868,Li6.47Sn0.2Sb0.8S4.97I1.03,,Li6.47 Sn0.2 Sb0.8 S4.97 I1.03,0.00012,,,,,,,,,,,halides,10.1021/jacs.9b08357,0,data/database/caltech/ionic_conductivity_database .csv,,,,lowest_extrapolation_temperature_K=na,,,101868,,
caltech_icsd_101869,Li6.07Si0.34Sb0.66S5.01I0.99,,Li6.07 Si0.34 Sb0.66 S5.01 I0.99,0.00414,,,,,,,,,,,halides,10.1021/jacs.9b08357,0,data/database/caltech/ionic_conductivity_database .csv,,,,lowest_extrapolation_temperature_K=na,,,101869,,
caltech_icsd_101870,Li6.22Ge0.43Sb0.57S5I1,,Li6.22 Ge0.43 Sb0.57 S5 I1,0.0063,,,,,,,,,,,halides,10.1021/jacs.9b08357,0,data/database/caltech/ionic_conductivity_database .csv,,,,lowest_extrapolation_temperature_K=na,,,101870,,
caltech_icsd_101871,Li5.96Ge0.22Sb0.78S5.01I0.99,,Li5.96 Ge0.22 Sb0.78 S5.01 I0.99,0.00087,,,,,,,,,,,halides,10.1021/jacs.9b08357,0,data/database/caltech/ionic_conductivity_database .csv,,,,lowest_extrapolation_temperature_K=na,,,101871,,
caltech_icsd_101872,Li6.28Si0.45Sb0.55S5.04I0.96,,Li6.28 Si0.45 Sb0.55 S5.04 I0.96,0.00998,,,,,,,,,,,halides,10.1021/jacs.9b08357,0,data/database/caltech/ionic_conductivity_database .csv,,,,lowest_extrapolation_temperature_K=na,,,101872,,
caltech_icsd_109212,Li2.33Si0.17P1,,Li2.33 Si0.17 P1,0.00109,,,,,,,,,,,other,10.1021/jacs.9b05301,0,data/database/caltech/ionic_conductivity_database .csv,,,,lowest_extrapolation_temperature_K=na,,,109212,,
caltech_icsd_111757,Li4Sn1Se3.1S0.9,,Li4 Sn1 Se3.1 S0.9,7.43e-05,,,,,,,,,,,chalcogenidotetrelates,10.1021/acs.chemmater.0c04150,0,data/database/caltech/ionic_conductivity_database .csv,,,,lowest_extrapolation_temperature_K=na,,,111757,,
caltech_icsd_112252,Li4GeO4,,Li4 Ge1 O4,2.6e-06,,,,,,,,,,,lisicon,10.1021/acs.chemmater.0c04150,0,data/database/caltech/ionic_conductivity_database .csv,,,,lowest_extrapolation_temperature_K=na,,,112252,,
caltech_icsd_121102,Li3.55V0.464Si0.12Ge0.416O4,,Li3.55 V0.464 Si0.12 Ge0.416 O4,5.8e-05,,,,,,,,,,,silicates,10.1016/j.jssc.2020.121651,0,data/database/caltech/ionic_conductivity_database .csv,,,,lowest_extrapolation_temperature_K=na,,,121102,,
caltech_icsd_121540,Li9.54Si1.74P1.44S11.4Cl0.3O0.3,,Li9.54 Si1.74 P1.44 S11.4 Cl0.3 O0.3,0.028,,,,,,,,,,,oxyhalides,10.1021/acs.chemmater.0c02351,0,data/database/caltech/ionic_conductivity_database .csv,,,,lowest_extrapolation_temperature_K=na,,,121540,,
caltech_icsd_121997,Li5.82P1S4.7Br1Cl1,,Li5.82 P1 S4.7 Br1 Cl1,0.00502,,,,,,,,,,,argyrodites,10.1021/acs.chemmater.0c04650,0,data/database/caltech/ionic_conductivity_database .csv,,,,lowest_extrapolation_temperature_K=na,,,121997,,
caltech_icsd_121998,Li5.58P1S4.7Br0.3Cl1,,Li5.58 P1 S4.7 Br0.3 Cl1,0.0124,,,,,,,,,,,argyrodites,10.1021/acs.chemmater.0c04650,0,data/database/caltech/ionic_conductivity_database .csv,,,,lowest_extrapolation_temperature_K=na,,,121998,,
caltech_icsd_121999,Li5.64P1S4.5Br0.5Cl1,,Li5.64 P1 S4.5 Br0.5 Cl1,0.017,,,,,,,,,,,argyrodites,10.1021/acs.chemmater.0c04650,0,data/database/caltech/ionic_conductivity_database .csv,,,,lowest_extrapolation_temperature_K=na,,,121999,,
caltech_icsd_122000,Li5.52P1S4.3Br0.7Cl1,,Li5.52 P1 S4.3 Br0.7 Cl1,0.024,,,,,,,,,,,argyrodites,10.1021/acs.chemmater.0c04650,0,data/database/caltech/ionic_conductivity_database .csv,,,,lowest_extrapolation_temperature_K=na,,,122000,,
caltech_icsd_122371,Li6PCS5N,,Li6 P1 C1 S5 N1,6e-05,,,,,,,,,,,nitrides,10.1021/acs.chemmater.1c01170,0,data/database/caltech/ionic_conductivity_database .csv,,,,lowest_extrapolation_temperature_K=na,,,122371,,
caltech_icsd_122396,Li2.9Zr0.1In0.9Cl6,,Li2.9 Zr0.1 In0.9 Cl6,0.000801,,,,,,,,,,,halides,10.1021/acs.chemmater.1c01348,0,data/database/caltech/ionic_conductivity_database .csv,,,,lowest_extrapolation_temperature_K=na,,,122396,,
caltech_icsd_122397,Li2.8Zr0.18In0.78Cl6,,Li2.8 Zr0.18 In0.78 Cl6,0.000763,,,,,,,,,,,halides,10.1021/acs.chemmater.1c01348,0,data/database/caltech/ionic_conductivity_database .csv,,,,lowest_extrapolation_temperature_K=na,,,122397,,
caltech_icsd_122398,Li2.66Zr0.29In0.69Cl6,,Li2.66 Zr0.29 In0.69 Cl6,0.000949,,,,,,,,,,,halides,10.1021/acs.chemmater.1c01348,0,data/database/caltech/ionic_conductivity_database .csv,,,,lowest_extrapolation_temperature_K=na,,,122398,,
caltech_icsd_122399,Li2.6Zr0.4In0.6Cl6,,Li2.6 Zr0.4 In0.6 Cl6,0.00125,,,,,,,,,,,halides,10.1021/acs.chemmater.1c01348,0,data/database/caltech/ionic_conductivity_database .csv,,,,lowest_extrapolation_temperature_K=na,,,122399,,
caltech_icsd_130092,Li2.925Sc0.358P2S6,,Li2.925 Sc0.358 P2 S6,1.9e-06,,,,,,,,,,,thio_phosphate,10.1002/zaac.201800363,0,data/database/caltech/ionic_conductivity_database .csv,,,,lowest_extrapolation_temperature_K=na,,,130092,,
caltech_icsd_130546,Li4Cu8Ge3H2S12O,,Li4 Cu8 Ge3 H2 S12 O1,9e-05,,,,,,,,,,,hydrides,10.1002/anie.201901739,0,data/database/caltech/ionic_conductivity_database .csv,,,,lowest_extrapolation_temperature_K=na,,,130546,,
caltech_icsd_133976,Li6PS5Cl,,Li6 P1 S5 Cl1,0.0034,,,,,,,,,,,argyrodites,10.1021/acs.chemmater.0c02418,0,data/database/caltech/ionic_conductivity_database .csv,,,,lowest_extrapolation_temperature_K=na,,,133976,,
caltech_icsd_134058,Li6.77La3Zr1.95Nb0.05O12,,Li6.77 La3 Zr1.95 Nb0.05 O12,0.000321,,,,,,,,,,,garnet,10.1021/acs.inorgchem.0c02161,0,data/database/caltech/ionic_conductivity_database .csv,,,,lowest_extrapolation_temperature_K=na,,,134058,,
caltech_icsd_140546,Li6.4La3Zr2Ge0.11O12,,Li6.4 La3 Zr2 Ge0.11 O12,0.00028,,,,,,,,,,,garnet,10.1016/j.ssi.2019.04.021,0,data/database/caltech/ionic_conductivity_database .csv,,,,lowest_extrapolation_temperature_K=na,,,140546,,
caltech_icsd_141510,Li5.77P1S5Br1,,Li5.77 P1 S5 Br1,0.00548,,,,,,,,,,,argyrodites,10.1021/acs.chemmater.9b05331,0,data/database/caltech/ionic_conductivity_database .csv,,,,lowest_extrapolation_temperature_K=na,,,141510,,
caltech_icsd_143928,Li6B7S13I,,Li6 B7 S13 I1,0.000476,,,,,,,,,,,halides,10.1021/jacs.1c00941,0,data/database/caltech/ionic_conductivity_database .csv,,,,lowest_extrapolation_temperature_K=na,,,143928,,
caltech_icsd_143975,Li4.4B10S18Cl1.8,,Li4.4 B10 S18 Cl1.8,0.00052,,,,,,,,,,,halides,10.1002/anie.202013339,0,data/database/caltech/ionic_conductivity_database .csv,,,,lowest_extrapolation_temperature_K=na,,,143975,,
caltech_icsd_143976,Li5.6B10S18Br1.7,,Li5.6 B10 S18 Br1.7,0.000942,,,,,,,,,,,halides,10.1002/anie.202013339,0,data/database/caltech/ionic_conductivity_database .csv,,,,lowest_extrapolation_temperature_K=na,,,143976,,
caltech_icsd_143977,Li6.8B10S18I1.6,,Li6.8 B10 S18 I1.6,0.00142,,,,,,,,,,,halides,10.1002/anie.202013339,0,data/database/caltech/ionic_conductivity_database .csv,,,,lowest_extrapolation_temperature_K=na,,,143977,,
caltech_icsd_158180,Li4BH10N3,,Li4 B1 H10 N3,0.0002,,,,,,,,,,,other,10.1021/ja907249p,0,data/database/caltech/ionic_conductivity_database .csv,,,,lowest_extrapolation_temperature_K=na,,,158180,,
caltech_icsd_163298,Li1.4Ti1.4Al0.4Ge0.2P3O12,,Li1.4 Ti1.4 Al0.4 Ge0.2 P3 O12,0.002,,,,,,,,,,,nasicon,10.3166/acsm.32.561-572,0,data/database/caltech/ionic_conductivity_database .csv,,,,lowest_extrapolation_temperature_K=na,,,163298,,
caltech_icsd_163299,Li1.6Ti1.2Al0.6Ge0.2P3O12,,Li1.6 Ti1.2 Al0.6 Ge0.2 P3 O12,2e-05,,,,,,,,,,,nasicon,10.3166/acsm.32.561-572,0,data/database/caltech/ionic_conductivity_database .csv,,,,lowest_extrapolation_temperature_K=na,,,163299,,
caltech_icsd_163300,Li1.2Ti1.4Al0.2Ge0.4P3O12,,Li1.2 Ti1.4 Al0.2 Ge0.4 P3 O12,0.0007,,,,,,,,,,,nasicon,10.3166/acsm.32.561-572,0,data/database/caltech/ionic_conductivity_database .csv,,,,lowest_extrapolation_temperature_K=na,,,163300,,
caltech_icsd_163301,Li1.4Ti1.2Al0.4Ge0.4P3O12,,Li1.4 Ti1.2 Al0.4 Ge0.4 P3 O12,0.001,,,,,,,,,,,nasicon,10.3166/acsm.32.561-572,0,data/database/caltech/ionic_conductivity_database .csv,,,,lowest_extrapolation_temperature_K=na,,,163301,,
caltech_icsd_163302,Li1.6Ti1Al0.6Ge0.4P3O12,,Li1.6 Ti1 Al0.6 Ge0.4 P3 O12,0.0001,,,,,,,,,,,nasicon,10.3166/acsm.32.561-572,0,data/database/caltech/ionic_conductivity_database .csv,,,,lowest_extrapolation_temperature_K=na,,,163302,,
caltech_icsd_163303,Li1.2Ti1.2Al0.2Ge0.6P3O12,,Li1.2 Ti1.2 Al0.2 Ge0.6 P3 O12,0.0007,,,,,,,,,,,nasicon,10.3166/acsm.32.561-572,0,data/database/caltech/ionic_conductivity_database .csv,,,,lowest_extrapolation_temperature_K=na,,,163303,,
caltech_icsd_163304,Li1.4Ti1Al0.4Ge0.6P3O12,,Li1.4 Ti1 Al0.4 Ge0.6 P3 O12,0.001,,,,,,,,,,,nasicon,10.3166/acsm.32.561-572,0,data/database/caltech/ionic_conductivity_database .csv,,,,lowest_extrapolation_temperature_K=na,,,163304,,
caltech_icsd_163305,Li1.6Ti0.8Al0.6Ge0.6P3O12,,Li1.6 Ti0.8 Al0.6 Ge0.6 P3 O12,0.0004,,,,,,,,,,,nasicon,10.3166/acsm.32.561-572,0,data/database/caltech/ionic_conductivity_database .csv,,,,lowest_extrapolation_temperature_K=na,,,163305,,
caltech_icsd_165472,Li0.5La0.5Ti1O3,,Li0.5 La0.5 Ti1 O3,0.001,,,,,,,,,,,perovskites,10.1016/j.ssi.2009.08.002,0,data/database/caltech/ionic_conductivity_database .csv,,,,lowest_extrapolation_temperature_K=na,,,165472,,
caltech_icsd_165481,Na0.2Li0.3La0.5Ti1O3,,Na0.2 Li0.3 La0.5 Ti1 O3,3.64e-05,,,,,,,,,,,perovskites,10.1016/j.ssi.2009.08.002,0,data/database/caltech/ionic_conductivity_database .csv,,,,lowest_extrapolation_temperature_K=na,,,165481,,
caltech_icsd_171171,Li5La3Nb2O12,,Li5 La3 Nb2 O12,1e-05,,,,,,,,,,,garnet,10.1111/j.1151-2916.2003.tb03318.x,0,data/database/caltech/ionic_conductivity_database .csv,,,,lowest_extrapolation_temperature_K=na,,,171171,,
caltech_icsd_185539,Li6.06La3Zr2Al0.2O12,,Li6.06 La3 Zr2 Al0.2 O12,0.0004,,,,,,,,,,,garnet,10.1039/c1cp22108f,0,data/database/caltech/ionic_conductivity_database .csv,,,,lowest_extrapolation_temperature_K=na,,,185539,,
caltech_icsd_188650,Li1.137Mn0.473Co0.137Ni0.252O2,,Li1.137 Mn0.473 Co0.137 Ni0.252 O2,3.31e-06,,,,,,,,,,,oxides,10.1039/c3ta11040k,0,data/database/caltech/ionic_conductivity_database .csv,,,,lowest_extrapolation_temperature_K=na,,,188650,,
caltech_icsd_188651,Li1.149Mn0.467Co0.137Ni0.246O2,,Li1.149 Mn0.467 Co0.137 Ni0.246 O2,4.88e-06,,,,,,,,,,,oxides,10.1039/c3ta11040k,0,data/database/caltech/ionic_conductivity_database .csv,,,,lowest_extrapolation_temperature_K=na,,,188651,,
caltech_icsd_188887,Li10GePS12,,Li10 Ge1 P1 S12,0.0121,,,,,,,,,,,lgps,10.1039/c4ta05231e,0,data/database/caltech/ionic_conductivity_database .csv,,,,lowest_extrapolation_temperature_K=na,,,188887,,
caltech_icsd_190825,Sr0.049Li0.461La0.49Ti1O3,,Sr0.049 Li0.461 La0.49 Ti1 O3,0.000709,,,,,,,,,,,perovskites,10.1016/j.ceramint.2013.05.083,0,data/database/caltech/ionic_conductivity_database .csv,,,,lowest_extrapolation_temperature_K=na,,,190825,,
caltech_icsd_190826,Sr0.111Li0.429La0.46Ti1O3,,Sr0.111 Li0.429 La0.46 Ti1 O3,0.000197,,,,,,,,,,,perovskites,10.1016/j.ceramint.2013.05.083,0,data/database/caltech/ionic_conductivity_database .csv,,,,lowest_extrapolation_temperature_K=na,,,190826,,
caltech_icsd_190827,Sr0.23Li0.368La0.402Ti1O3,,Sr0.23 Li0.368 La0.402 Ti1 O3,2.87e-05,,,,,,,,,,,perovskites,10.1016/j.ceramint.2013.05.083,0,data/database/caltech/ionic_conductivity_database .csv,,,,lowest_extrapolation_temperature_K=na,,,190827,,
caltech_icsd_191542,Li6.46La3Zr2Al0.081O12,,Li6.46 La3 Zr2 Al0.081 O12,0.00049,,,,,,,,,,,garnet,10.1016/j.ssi.2014.01.043,0,data/database/caltech/ionic_conductivity_database .csv,,,,lowest_extrapolation_temperature_K=na,,,191542,,
caltech_icsd_193168,Li2B3PO8,,Li2 B3 P1 O8,0.00052,,,,,,,,,,,borophosphates,10.1016/j.ssi.2014.10.009,0,data/database/caltech/ionic_conductivity_database .csv,,,,lowest_extrapolation_temperature_K=na,,,193168,,
caltech_icsd_193768,Li4SnSe4,,Li4 Sn1 Se4,2e-05,,,,,,,,,,,chalcogenidotetrelates,10.1021/cm400541n,0,data/database/caltech/ionic_conductivity_database .csv,,,,lowest_extrapolation_temperature_K=na,,,193768,,
caltech_icsd_235184,Li8GeP4,,Li8 Ge1 P4,1.8e-05,,,,,,,,,,,phosphates,10.1021/acs.chemmater.8b02759,0,data/database/caltech/ionic_conductivity_database .csv,,,,lowest_extrapolation_temperature_K=na,,,235184,,
caltech_icsd_239762,LiY(BH4)4,,Li1 Y1 B4 H16,1.26e-06,,,,,,,,,,,hydrides,10.1039/c6ta02761j,0,data/database/caltech/ionic_conductivity_database .csv,,,,lowest_extrapolation_temperature_K=na,,,239762,,
caltech_icsd_240676,Li2Ca(HN)2,,Li2 Ca1 H2 N2,6.4e-06,,,,,,,,,,,other,10.1039/c2cp23636b,0,data/database/caltech/ionic_conductivity_database .csv,,,,lowest_extrapolation_temperature_K=na,,,240676,,
caltech_icsd_248836,Li4CoTeO6,,Li8 Co2 Te2 O12,1.66e-06,,,,,,,,,,,oxides,10.1021/ic301125n,0,data/database/caltech/ionic_conductivity_database .csv,,,,lowest_extrapolation_temperature_K=na,,,248836,,
caltech_icsd_258921,Li6.5La3Hf1.5Ta0.5O12,,Li6.5 La3 Hf1.5 Ta0.5 O12,0.0004,,,,,,,,,,,garnet,10.2109/jcersj2.16273,0,data/database/caltech/ionic_conductivity_database .csv,,,,lowest_extrapolation_temperature_K=na,,,258921,,
caltech_icsd_258922,Li6.5La3Ta0.5Sn1.5O12,,Li6.5 La3 Ta0.5 Sn1.5 O12,0.00019,,,,,,,,,,,garnet,10.2109/jcersj2.16273,0,data/database/caltech/ionic_conductivity_database .csv,,,,lowest_extrapolation_temperature_K=na,,,258922,,
caltech_icsd_259001,Li5La3Ta2O12,,Li5 La3 Ta2 O12,1.65e-05,,,,,,,,,,,garnet,10.1039/c6dt04021g,0,data/database/caltech/ionic_conductivity_database .csv,,,,lowest_extrapolation_temperature_K=na,,,259001,,
caltech_icsd_259002,Li5.3La3Gd0.15Ta1.85O12,,Li5.3 La3 Gd0.15 Ta1.85 O12,4.86e-06,,,,,,,,,,,garnet,10.1039/c6dt04021g,0,data/database/caltech/ionic_conductivity_database .csv,,,,lowest_extrapolation_temperature_K=na,,,259002,,
caltech_icsd_259003,Li5.5La3Gd0.25Ta1.75O12,,Li5.5 La3 Gd0.25 Ta1.75 O12,6.5e-05,,,,,,,,,,,garnet,10.1039/c6dt04021g,0,data/database/caltech/ionic_conductivity_database .csv,,,,lowest_extrapolation_temperature_K=na,,,259003,,
caltech_icsd_259004,Li5.7La3Gd0.35Ta1.65O12,,Li5.7 La3 Gd0.35 Ta1.65 O12,8.18e-05,,,,,,,,,,,garnet,10.1039/c6dt04021g,0,data/database/caltech/ionic_conductivity_database .csv,,,,lowest_extrapolation_temperature_K=na,,,259004,,
caltech_icsd_259005,Li5.9La3Gd0.45Ta1.55O12,,Li5.9 La3 Gd0.45 Ta1.55 O12,4.32e-06,,,,,,,,,,,garnet,10.1039/c6dt04021g,0,data/database/caltech/ionic_conductivity_database .csv,,,,lowest_extrapolation_temperature_K=na,,,259005,,
caltech_icsd_261343,LiZnSO4F,,Li1 Zn1 S1 O4 F1,2.8e-05,,,,,,,,,,,oxyhalides,10.1002/anie.201006331,0,data/database/caltech/ionic_conductivity_database .csv,,,,lowest_extrapolation_temperature_K=na,,,261343,,
caltech_icsd_264462,Li1.69Zn0.66P1S4,,Li1.69 Zn0.66 P1 S4,0.00013,,,,,,,,,,,sulfides,10.1021/acs.chemmater.7b05108,0,data/database/caltech/ionic_conductivity_database .csv,,,,lowest_extrapolation_temperature_K=na,,,264462,,
caltech_icsd_264463,Li1.19Zn0.9P1S4,,Li1.19 Zn0.9 P1 S4,1.65e-05,,,,,,,,,,,sulfides,10.1021/acs.chemmater.7b05108,0,data/database/caltech/ionic_conductivity_database .csv,,,,lowest_extrapolation_temperature_K=na,,,264463,,
caltech_icsd_264522,Li6.74La3Hf2Al0.08O12,,Li6.74 La3 Hf2 Al0.08 O12,8e-05,,,,,,,,,,,garnet,10.1016/j.jpowsour.2018.04.066,0,data/database/caltech/ionic_conductivity_database .csv,,,,lowest_extrapolation_temperature_K=na,,,264522,,
caltech_icsd_264526,Li6B0.9P1H3.6S4.9,,Li6 B0.9 P1 H3.6 S4.9,0.0018,,,,,,,,,,,hydrides,10.1021/acsomega.8b00377,0,data/database/caltech/ionic_conductivity_database .csv,,,,lowest_extrapolation_temperature_K=na,,,264526,,
caltech_icsd_267193,Li6PS5Br,,Li6 P1 S5 Br1,0.00277,,,,,,,,,,,argyrodites,10.1021/acs.inorgchem.8b02443,0,data/database/caltech/ionic_conductivity_database .csv,,,,lowest_extrapolation_temperature_K=na,,,267193,,
caltech_icsd_291520,Sr0.69Li0.16Ta0.75Ga0.25O3,,Sr0.69 Li0.16 Ta0.75 Ga0.25 O3,3.69e-06,,,,,,,,,,,perovskites,10.1016/j.jssc.2015.01.007,0,data/database/caltech/ionic_conductivity_database .csv,,,,lowest_extrapolation_temperature_K=na,,,291520,,
caltech_icsd_403573,Li10.34Si1.35P1.65S9.68O2.3,,Li10.34 Si1.35 P1.65 S9.68 O2.3,0.00313,,,,,,,,,,,lisicon,10.1021/acs.chemmater.9b00505,0,data/database/caltech/ionic_conductivity_database .csv,,,,lowest_extrapolation_temperature_K=na,,,403573,,
caltech_icsd_403574,Li13.73Si1.35P1.65S10.46O1.54,,Li13.73 Si1.35 P1.65 S10.46 O1.54,0.00269,,,,,,,,,,,lisicon,10.1021/acs.chemmater.9b00505,0,data/database/caltech/ionic_conductivity_database .csv,,,,lowest_extrapolation_temperature_K=na,,,403574,,
caltech_icsd_403592,Li6.22Si0.2P0.8S5I1,,Li6.22 Si0.2 P0.8 S5 I1,7.79e-06,,,,,,,,,,,argyrodites,10.1021/acs.chemmater.9b01857,0,data/database/caltech/ionic_conductivity_database .csv,,,,lowest_extrapolation_temperature_K=na,,,403592,,
caltech_icsd_420126,Li2SiN2,,Li2 Si1 N2,6.99e-06,,,,,,,,,,,nitride,10.1016/0167-2738(87)90119-6,0,data/database/caltech/ionic_conductivity_database .csv,,,,lowest_extrapolation_temperature_K=na,,,420126,,
caltech_icsd_421130,Li7PS6,,Li7 P1 S6,0.00011,,,,,,,,,,,thio_phosphate,10.1021/acsami.8b19181,0,data/database/caltech/ionic_conductivity_database .csv,,,,lowest_extrapolation_temperature_K=na,,,421130,,
caltech_icsd_422259,Li7La3Zr2O12,,Li7 La3 Zr2 O12,0.000569,,,,,,,,,,,garnet,10.1016/j.ssi.2010.12.010,0,data/database/caltech/ionic_conductivity_database .csv,,,,lowest_extrapolation_temperature_K=na,,,422259,,
caltech_icsd_427619,Li1.2Ti1.8Al0.2P3O12,,Li1.2 Ti1.8 Al0.2 P3 O12,0.00338,,,,,,,,,,,nasicon,10.1016/j.jeurceramsoc.2014.11.023,0,data/database/caltech/ionic_conductivity_database .csv,,,,lowest_extrapolation_temperature_K=na,,,427619,,
caltech_icsd_430574,Li6.16La2.94Zr2Al0.07Ga0.15O12,,Li6.16 La2.94 Zr2 Al0.07 Ga0.15 O12,0.00106,,,,,,,,,,,garnet,10.1021/acs.chemmater.6b00579,0,data/database/caltech/ionic_conductivity_database .csv,,,,lowest_extrapolation_temperature_K=na,,,430574,,
caltech_icsd_430575,Li6.85La2.94Zr2Al0.11Ga0.08O12,,Li6.85 La2.94 Zr2 Al0.11 Ga0.08 O12,0.00063,,,,,,,,,,,garnet,10.1021/acs.chemmater.6b00579,0,data/database/caltech/ionic_conductivity_database .csv,,,,lowest_extrapolation_temperature_K=na,,,430575,,
caltech_icsd_430576,Li5.55La2.88Zr2Al0.19Ga0.05O12,,Li5.55 La2.88 Zr2 Al0.19 Ga0.05 O12,0.00038,,,,,,,,,,,garnet,10.1021/acs.chemmater.6b00579,0,data/database/caltech/ionic_conductivity_database .csv,,,,lowest_extrapolation_temperature_K=na,,,430576,,
caltech_icsd_432169,Li4.117P1S4I1,,Li4.117 P1 S4 I1,0.00012,,,,,,,,,,,argyrodites,10.1021/acs.chemmater.7b00013,0,data/database/caltech/ionic_conductivity_database .csv,,,,lowest_extrapolation_temperature_K=na,,,432169,,
liverpool_18_0012,Li3.4Si0.4P0.6S4,,Li3.4 Si0.4 P0.6 S4,0.00064,,,,,,,,,,,thio_lisicon,10.1006/jssc.2002.9701,0,data/database/liverpool/LiIonDatabase.csv,,,,source_id=18; measured_temperature_C=27; chemical_family=Sulphides,,,,,
liverpool_26_0020,Li1.3Ti1.7Al0.3P3O12,,Li1.3 Ti1.7 Al0.3 P3 O12,0.0062,,,,,,,,,,,nasicon,10.1016/j.ssi.2014.07.018,0,data/database/liverpool/LiIonDatabase.csv,,,,source_id=26; measured_temperature_C=24.85; chemical_family=Oxides,,,,,
liverpool_30_0023,Li1.6Al0.6Ge0.8P3O12,,Li1.6 Al0.6 Ge0.8 P3 O12,0.0007,,,,,,,,,,,nasicon,10.1021/cm021717j,0,data/database/liverpool/LiIonDatabase.csv,,,,source_id=30; measured_temperature_C=24.85; chemical_family=Oxides,,,,,
liverpool_31_0024,Li6.55La3Zr2Ga0.9O12,,Li6.55 La3 Zr2 Ga0.9 O12,0.0013,,,,,,,,,,,garnet,10.1021/cm5008069,0,data/database/liverpool/LiIonDatabase.csv,,,,source_id=31; measured_temperature_C=24.85; chemical_family=Oxides,,,,,
liverpool_40_0030,Li1.4Ti1.6Al0.4P3O12,,Li1.4 Ti1.6 Al0.4 P3 O12,0.00563,,,,,,,,,,,nasicon,10.1039/c5ta08545d,0,data/database/liverpool/LiIonDatabase.csv,,,,source_id=40; measured_temperature_C=24.85; chemical_family=Oxides,,,,,
liverpool_41_0031,Li6.46La3Zr1.95Al0.15O11.86,,Li6.46 La3 Zr1.95 Al0.15 O11.86,8.3e-05,,,,,,,,,,,garnet,10.1016/j.ensm.2019.08.017,0,data/database/liverpool/LiIonDatabase.csv,,,,source_id=41; measured_temperature_C=25; chemical_family=Oxides,,,,,
liverpool_60_0044,Li0.36La0.55Ti0.992Al0.008O3,,Li0.36 La0.55 Ti0.992 Al0.008 O3,0.000654,,,,,,,,,,,perovskites,10.1007/bf02375549,0,data/database/liverpool/LiIonDatabase.csv,,,,source_id=60; measured_temperature_C=25; chemical_family=Oxides,,,,,
liverpool_64_0048,Li0.022La0.117Ti0.208Al0.001O0.626,,Li0.022 La0.117 Ti0.208 Al0.001 O0.626,0.00126,,,,,,,,,,,perovskites,10.1007/bf02378009,0,data/database/liverpool/LiIonDatabase.csv,,,,source_id=64; measured_temperature_C=30; chemical_family=Oxides,,,,,
liverpool_79_0061,Li0.24La0.59Ti1O3,,Li0.24 La0.59 Ti1 O3,0.000166,,,,,,,,,,,perovskites,10.1007/s10717-007-0032-5,0,data/database/liverpool/LiIonDatabase.csv,,,,source_id=79; measured_temperature_C=23; chemical_family=Oxides,,,,,
liverpool_103_0083,Li1P0.9I0.1O2.7,,Li1 P0.9 I0.1 O2.7,0.000398,,,,,,,,,,,glass,10.1007/s11581-008-0252-x,0,data/database/liverpool/LiIonDatabase.csv,,,,source_id=103; measured_temperature_C=25; chemical_family=Oxides and Other Anions,,,,,
liverpool_134_0110,Li0.72Ga0.098Ge0.441S1.239I0.3,,Li0.72 Ga0.098 Ge0.441 S1.239 I0.3,0.000291,,,,,,,,,,,glass,10.1016/j.ssi.2007.10.011,0,data/database/liverpool/LiIonDatabase.csv,,,,source_id=134; measured_temperature_C=25; chemical_family=Sulphides and Other Anions,,,,,
liverpool_135_0111,Li0.6Ga0.14Ge0.63S1.77,,Li0.6 Ga0.14 Ge0.63 S1.77,1.89e-06,,,,,,,,,,,glass,10.1016/j.ssi.2007.10.011,0,data/database/liverpool/LiIonDatabase.csv,,,,source_id=135; measured_temperature_C=25; chemical_family=Sulphides and Other Anions,,,,,
liverpool_147_0119,Li1.4P0.6S2.2,,Li1.4 P0.6 S2.2,0.0032,,,,,,,,,,,glass,10.1016/j.jpowsour.2006.04.037,0,data/database/liverpool/LiIonDatabase.csv,,,,source_id=147; measured_temperature_C=25; chemical_family=Sulphides,,,,,
liverpool_149_0121,Li1.6P0.4S1.8,,Li1.6 P0.4 S1.8,0.00112,,,,,,,,,,,glass,10.1016/j.jpowsour.2006.04.037,0,data/database/liverpool/LiIonDatabase.csv,,,,source_id=149; measured_temperature_C=25; chemical_family=Sulphides,,,,,
liverpool_150_0122,Li1.75P0.25S1.5,,Li1.75 P0.25 S1.5,0.00021,,,,,,,,,,,glass,10.1016/j.jpowsour.2006.04.037,0,data/database/liverpool/LiIonDatabase.csv,,,,source_id=150; measured_temperature_C=25; chemical_family=Sulphides,,,,,
liverpool_153_0124,Li1.15P0.6Cl0.25O1.95,,Li1.15 P0.6 Cl0.25 O1.95,2.45e-06,,,,,,,,,,,glass,10.1016/j.jpowsour.2008.07.089,0,data/database/liverpool/LiIonDatabase.csv,,,,source_id=153; measured_temperature_C=23.66; chemical_family=Oxides and Other Anions,,,,,
liverpool_169_0138,Li1.4Ti0.528Al0.4Ge1.072P3O12,,Li1.4 Ti0.528 Al0.4 Ge1.072 P3 O12,0.000676,,,,,,,,,,,nasicon,10.1016/j.ssi.2004.05.009,0,data/database/liverpool/LiIonDatabase.csv,,,,source_id=169; measured_temperature_C=21; chemical_family=Oxides,,,,,
liverpool_185_0152,Li1Ga0.1Ge0.45S1.55,,Li1 Ga0.1 Ge0.45 S1.55,6.7e-05,,,,,,,,,,,glass,10.1016/j.ssi.2007.10.011,0,data/database/liverpool/LiIonDatabase.csv,,,,source_id=185; measured_temperature_C=28; chemical_family=Sulphides,,,,,
liverpool_189_0154,Li0.8Ga0.12Ge0.54S1.66,,Li0.8 Ga0.12 Ge0.54 S1.66,2.87e-06,,,,,,,,,,,glass,10.1016/j.ssi.2007.10.011,0,data/database/liverpool/LiIonDatabase.csv,,,,source_id=189; measured_temperature_C=21; chemical_family=Sulphides,,,,,
liverpool_246_0205,Li4.2Ga0.2Ge0.8S4,,Li4.2 Ga0.2 Ge0.8 S4,6.5e-05,,,,,,,,,,,thio_lisicon,10.1016/s0167-2738(00)00277-0,0,data/database/liverpool/LiIonDatabase.csv,,,,source_id=246; measured_temperature_C=25; chemical_family=Sulphides,,,,,
liverpool_248_0207,Li1.076Ti1.462Al0.6923P3O12,,Li1.076 Ti1.462 Al0.6923 P3 O12,0.000825,,,,,,,,,,,nasicon,10.1016/s0167-2738(97)00018-0,0,data/database/liverpool/LiIonDatabase.csv,,,,source_id=248; measured_temperature_C=21; chemical_family=Oxides,,,,,
liverpool_250_0209,LiGe2(PO4)3,,Li1 Ge2 P3 O12,1e-06,,,,,,,,,,,nasicon,10.1016/s0167-2738(97)00434-7,0,data/database/liverpool/LiIonDatabase.csv,,,,source_id=250; measured_temperature_C=21.23; chemical_family=Oxides,,,,,
liverpool_289_0233,Ba0.5Sr0.5Li6La2Ta2O12,,Ba0.5 Sr0.5 Li6 La2 Ta2 O12,8.08e-06,,,,,,,,,,,garnet,10.1149/1.2800764,0,data/database/liverpool/LiIonDatabase.csv,,,,source_id=289; measured_temperature_C=20; chemical_family=Oxides,,,,,
liverpool_302_0239,Li133B33P34(H44S45)3,,Li133 B33 P34 H132 S135,0.00143,,,,,,,,,,,glass,10.1016/j.jpowsour.2012.12.001,0,data/database/liverpool/LiIonDatabase.csv,,,,source_id=302; measured_temperature_C=25; chemical_family=Sulphides and Other Anions,,,,,
liverpool_311_0248,Li1.3Sc0.1Ti1.7Al0.2P3O12,,Li1.3 Sc0.1 Ti1.7 Al0.2 P3 O12,0.000269,,,,,,,,,,,nasicon,10.1007/s10008-012-1780-x,0,data/database/liverpool/LiIonDatabase.csv,,,,source_id=311; measured_temperature_C=25; chemical_family=Oxides,,,,,
liverpool_313_0250,LiTi2(PO4)3,,Li1 Ti2 P3 O12,7.2e-05,,,,,,,,,,,nasicon,10.1007/s11164-013-1348-0,0,data/database/liverpool/LiIonDatabase.csv,,,,source_id=313; measured_temperature_C=25; chemical_family=Oxides,,,,,
liverpool_332_0266,Li1.6Ti1.4Ga0.6P3O12,,Li1.6 Ti1.4 Ga0.6 P3 O12,1.3e-05,,,,,,,,,,,nasicon,10.1016/0167-2738(86)90176-1,0,data/database/liverpool/LiIonDatabase.csv,,,,source_id=332; measured_temperature_C=25; chemical_family=Oxides,,,,,
liverpool_333_0267,Li1.2Sc0.2Ti1.8P3O12,,Li1.2 Sc0.2 Ti1.8 P3 O12,0.000246,,,,,,,,,,,nasicon,10.1016/0167-2738(86)90179-7,0,data/database/liverpool/LiIonDatabase.csv,,,,source_id=333; measured_temperature_C=25; chemical_family=Oxides,,,,,
liverpool_334_0268,Li1.8Sc0.8Ti1.2P3O12,,Li1.8 Sc0.8 Ti1.2 P3 O12,0.00088,,,,,,,,,,,nasicon,10.1016/0167-2738(86)90179-7,0,data/database/liverpool/LiIonDatabase.csv,,,,source_id=334; measured_temperature_C=25; chemical_family=Oxides,,,,,
liverpool_337_0271,Li1.2Zr0.2Sc0.2Ti1.6P3O12,,Li1.2 Zr0.2 Sc0.2 Ti1.6 P3 O12,0.00012,,,,,,,,,,,nasicon,10.1016/0167-2738(86)90179-7,0,data/database/liverpool/LiIonDatabase.csv,,,,source_id=337; measured_temperature_C=25; chemical_family=Oxides,,,,,
liverpool_359_0289,Li1.6Ti1.4Cr0.6P3O12,,Li1.6 Ti1.4 Cr0.6 P3 O12,0.000147,,,,,,,,,,,nasicon,10.1149/1.2086597,0,data/database/liverpool/LiIonDatabase.csv,,,,source_id=359; measured_temperature_C=25; chemical_family=Oxides,,,,,
liverpool_360_0290,Li1.3Ti1.7Cr0.3P3O12,,Li1.3 Ti1.7 Cr0.3 P3 O12,3.53e-05,,,,,,,,,,,nasicon,10.1149/1.2086597,0,data/database/liverpool/LiIonDatabase.csv,,,,source_id=360; measured_temperature_C=25; chemical_family=Oxides,,,,,
liverpool_361_0291,Li1.3Cr0.3Ge1.7P3O12,,Li1.3 Cr0.3 Ge1.7 P3 O12,3.69e-05,,,,,,,,,,,nasicon,10.1016/0167-2738(88)90368-2,0,data/database/liverpool/LiIonDatabase.csv,,,,source_id=361; measured_temperature_C=25; chemical_family=Oxides,,,,,
liverpool_362_0292,Li3Sc1.6Al0.4P3O12,,Li3 Sc1.6 Al0.4 P3 O12,1.28e-05,,,,,,,,,,,nasicon,10.1016/0167-2738(93)90015-u,0,data/database/liverpool/LiIonDatabase.csv,,,,source_id=362; measured_temperature_C=25; chemical_family=Oxides,,,,,
liverpool_363_0293,Li1.2Hf1.8Fe0.2P3O12,,Li1.2 Hf1.8 Fe0.2 P3 O12,0.00017,,,,,,,,,,,nasicon,10.1016/0167-2738(93)90387-i,0,data/database/liverpool/LiIonDatabase.csv,,,,source_id=363; measured_temperature_C=25; chemical_family=Oxides,,,,,
liverpool_364_0294,Li1.2Hf1.8In0.2P3O12,,Li1.2 Hf1.8 In0.2 P3 O12,0.000132,,,,,,,,,,,nasicon,10.1016/0167-2738(93)90387-i,0,data/database/liverpool/LiIonDatabase.csv,,,,source_id=364; measured_temperature_C=25; chemical_family=Oxides,,,,,
liverpool_365_0295,Li1.3Hf1.7In0.3P3O12,,Li1.3 Hf1.7 In0.3 P3 O12,0.000142,,,,,,,,,,,nasicon,10.1016/0167-2738(93)90387-i,0,data/database/liverpool/LiIonDatabase.csv,,,,source_id=365; measured_temperature_C=25; chemical_family=Oxides,,,,,
liverpool_369_0299,Li1.2Y0.2Hf1.8P3O12,,Li1.2 Y0.2 Hf1.8 P3 O12,3.19e-05,,,,,,,,,,,nasicon,10.1016/0167-2738(93)90387-i,0,data/database/liverpool/LiIonDatabase.csv,,,,source_id=369; measured_temperature_C=25; chemical_family=Oxides,,,,,
liverpool_370_0300,Li1.1Y0.1Hf1.9P3O12,,Li1.1 Y0.1 Hf1.9 P3 O12,9.18e-05,,,,,,,,,,,nasicon,10.1016/0167-2738(93)90387-i,0,data/database/liverpool/LiIonDatabase.csv,,,,source_id=370; measured_temperature_C=25; chemical_family=Oxides,,,,,
liverpool_371_0301,Li1.2Hf1.8Sc0.2P3O12,,Li1.2 Hf1.8 Sc0.2 P3 O12,5.86e-05,,,,,,,,,,,nasicon,10.1016/0167-2738(93)90387-i,0,data/database/liverpool/LiIonDatabase.csv,,,,source_id=371; measured_temperature_C=25; chemical_family=Oxides,,,,,
liverpool_375_0305,Li1.4Hf1.6Sc0.4P3O12,,Li1.4 Hf1.6 Sc0.4 P3 O12,6.17e-05,,,,,,,,,,,nasicon,10.1016/0167-2738(93)90387-i,0,data/database/liverpool/LiIonDatabase.csv,,,,source_id=375; measured_temperature_C=25; chemical_family=Oxides,,,,,
liverpool_386_0316,Li1.3Eu0.3Ti1.7P3O12,,Li1.3 Eu0.3 Ti1.7 P3 O12,6e-05,,,,,,,,,,,nasicon,10.1016/0167-2738(94)90299-2,0,data/database/liverpool/LiIonDatabase.csv,,,,source_id=386; measured_temperature_C=25; chemical_family=Oxides,,,,,
liverpool_387_0317,LiZr2(PO4)3,,Li1 Zr2 P3 O12,3.3e-06,,,,,,,,,,,nasicon,10.1016/0167-2738(90)90188-w,0,data/database/liverpool/LiIonDatabase.csv,,,,source_id=387; measured_temperature_C=25; chemical_family=Oxides,,,,,
liverpool_388_0318,LiHf2(PO4)3,,Li1 Hf2 P3 O12,3.8e-06,,,,,,,,,,,nasicon,10.1016/b978-0-08-021592-1.50024-6,0,data/database/liverpool/LiIonDatabase.csv,,,,source_id=388; measured_temperature_C=25; chemical_family=Oxides,,,,,
liverpool_398_0328,Li0.9Zr1.9Nb0.1P3O12,,Li0.9 Zr1.9 Nb0.1 P3 O12,1.35e-06,,,,,,,,,,,nasicon,10.1016/j.ssi.2003.12.037,0,data/database/liverpool/LiIonDatabase.csv,,,,source_id=398; measured_temperature_C=25; chemical_family=Oxides,,,,,
liverpool_405_0334,Li1.4Ti0.4Al0.4Ge1.2P3O12,,Li1.4 Ti0.4 Al0.4 Ge1.2 P3 O12,0.000343,,,,,,,,,,,nasicon,10.1016/j.ssi.2013.09.022,0,data/database/liverpool/LiIonDatabase.csv,,,,source_id=405; measured_temperature_C=25; chemical_family=Oxides,,,,,
liverpool_425_0351,Li1.7Ti1.3Al0.7P3O12,,Li1.7 Ti1.3 Al0.7 P3 O12,3.7e-05,,,,,,,,,,,nasicon,10.1016/s0955-2219(99)00055-2,0,data/database/liverpool/LiIonDatabase.csv,,,,source_id=425; measured_temperature_C=25; chemical_family=Oxides,,,,,
liverpool_426_0352,Li1.1Ti1.9Al0.1P3O12,,Li1.1 Ti1.9 Al0.1 P3 O12,3e-05,,,,,,,,,,,nasicon,10.1016/s0955-2219(99)00055-2,0,data/database/liverpool/LiIonDatabase.csv,,,,source_id=426; measured_temperature_C=25; chemical_family=Oxides,,,,,
liverpool_431_0355,Li1.05Ti1.95Al0.05P1O4,,Li1.05 Ti1.95 Al0.05 P1 O4,1.4e-06,,,,,,,,,,,nasicon,10.1021/cm010528i,0,data/database/liverpool/LiIonDatabase.csv,,,,source_id=431; measured_temperature_C=25; chemical_family=Oxides,,,,,
liverpool_433_0357,Li1.4Ti0.6Al0.4Ge1P3O12,,Li1.4 Ti0.6 Al0.4 Ge1 P3 O12,8e-05,,,,,,,,,,,nasicon,10.1021/cm021717j,0,data/database/liverpool/LiIonDatabase.csv,,,,source_id=433; measured_temperature_C=25; chemical_family=Oxides,,,,,
liverpool_434_0358,Li1.8Ti0.4Al0.8Ge0.8P3O12,,Li1.8 Ti0.4 Al0.8 Ge0.8 P3 O12,7e-05,,,,,,,,,,,nasicon,10.1021/cm021717j,0,data/database/liverpool/LiIonDatabase.csv,,,,source_id=434; measured_temperature_C=25; chemical_family=Oxides,,,,,
liverpool_435_0359,Li1.4Ti0.8Al0.4Ge0.8P3O12,,Li1.4 Ti0.8 Al0.4 Ge0.8 P3 O12,6e-05,,,,,,,,,,,nasicon,10.1021/cm021717j,0,data/database/liverpool/LiIonDatabase.csv,,,,source_id=435; measured_temperature_C=25; chemical_family=Oxides,,,,,
liverpool_436_0360,Li1.6Ti0.4Al0.6Ge1P3O12,,Li1.6 Ti0.4 Al0.6 Ge1 P3 O12,5e-05,,,,,,,,,,,nasicon,10.1021/cm021717j,0,data/database/liverpool/LiIonDatabase.csv,,,,source_id=436; measured_temperature_C=25; chemical_family=Oxides,,,,,
liverpool_437_0361,Li1.2Ti1Al0.2Ge0.8P3O12,,Li1.2 Ti1 Al0.2 Ge0.8 P3 O12,3e-05,,,,,,,,,,,nasicon,10.1021/cm021717j,0,data/database/liverpool/LiIonDatabase.csv,,,,source_id=437; measured_temperature_C=25; chemical_family=Oxides,,,,,
liverpool_438_0362,Li1.2Ti0.8Al0.2Ge1P3O12,,Li1.2 Ti0.8 Al0.2 Ge1 P3 O12,3e-05,,,,,,,,,,,nasicon,10.1021/cm021717j,0,data/database/liverpool/LiIonDatabase.csv,,,,source_id=438; measured_temperature_C=25; chemical_family=Oxides,,,,,
liverpool_439_0363,Li1.8Ti0.2Al0.8Ge1P3O12,,Li1.8 Ti0.2 Al0.8 Ge1 P3 O12,3e-05,,,,,,,,,,,nasicon,10.1021/cm021717j,0,data/database/liverpool/LiIonDatabase.csv,,,,source_id=439; measured_temperature_C=25; chemical_family=Oxides,,,,,
liverpool_453_0371,Li1.2Y0.2Ti1.8P3O12,,Li1.2 Y0.2 Ti1.8 P3 O12,0.000504,,,,,,,,,,,nasicon,10.1149/1.2086597,0,data/database/liverpool/LiIonDatabase.csv,,,,source_id=453; measured_temperature_C=25; chemical_family=Oxides,,,,,
liverpool_454_0372,Li1.4Y0.4Ti1.6P3O12,,Li1.4 Y0.4 Ti1.6 P3 O12,0.00061,,,,,,,,,,,nasicon,10.1149/1.2096693,0,data/database/liverpool/LiIonDatabase.csv,,,,source_id=454; measured_temperature_C=25; chemical_family=Oxides,,,,,
liverpool_455_0373,Li0.7Ti1.7Al0.3P3O12,,Li0.7 Ti1.7 Al0.3 P3 O12,0.000588,,,,,,,,,,,nasicon,10.1149/1.2086597,0,data/database/liverpool/LiIonDatabase.csv,,,,source_id=455; measured_temperature_C=25; chemical_family=Oxides,,,,,
liverpool_456_0374,Li1.3Y0.3Ti1.7P3O12,,Li1.3 Y0.3 Ti1.7 P3 O12,0.000554,,,,,,,,,,,nasicon,10.1149/1.2086597,0,data/database/liverpool/LiIonDatabase.csv,,,,source_id=456; measured_temperature_C=25; chemical_family=Oxides,,,,,
liverpool_457_0375,Li1.2Ti1.8Fe0.2P3O12,,Li1.2 Ti1.8 Fe0.2 P3 O12,0.000351,,,,,,,,,,,nasicon,10.1149/1.2086597,0,data/database/liverpool/LiIonDatabase.csv,,,,source_id=457; measured_temperature_C=25; chemical_family=Oxides,,,,,
liverpool_459_0377,Li1.2Ti1.8In0.2P3O12,,Li1.2 Ti1.8 In0.2 P3 O12,0.000401,,,,,,,,,,,nasicon,10.1149/1.2086597,0,data/database/liverpool/LiIonDatabase.csv,,,,source_id=459; measured_temperature_C=25; chemical_family=Oxides,,,,,
liverpool_465_0383,Li1.5Y0.5Ti1.5P3O12,,Li1.5 Y0.5 Ti1.5 P3 O12,5.44e-05,,,,,,,,,,,nasicon,10.1149/1.2086597,0,data/database/liverpool/LiIonDatabase.csv,,,,source_id=465; measured_temperature_C=25; chemical_family=Oxides,,,,,
liverpool_466_0384,Li1.2Ti1.8Cr0.2P3O12,,Li1.2 Ti1.8 Cr0.2 P3 O12,1.83e-05,,,,,,,,,,,nasicon,10.1149/1.2086597,0,data/database/liverpool/LiIonDatabase.csv,,,,source_id=466; measured_temperature_C=25; chemical_family=Oxides,,,,,
liverpool_467_0385,Li1.2La0.2Ti1.8P3O12,,Li1.2 La0.2 Ti1.8 P3 O12,0.000528,,,,,,,,,,,nasicon,10.1149/1.2096693,0,data/database/liverpool/LiIonDatabase.csv,,,,source_id=467; measured_temperature_C=25; chemical_family=Oxides,,,,,
liverpool_470_0388,Li1.5La0.5Ti1.5P3O12,,Li1.5 La0.5 Ti1.5 P3 O12,0.000282,,,,,,,,,,,nasicon,10.1149/1.2096693,0,data/database/liverpool/LiIonDatabase.csv,,,,source_id=470; measured_temperature_C=25; chemical_family=Oxides,,,,,
liverpool_472_0390,Li1.3Sc0.3Ge1.7P3O12,,Li1.3 Sc0.3 Ge1.7 P3 O12,2.98e-05,,,,,,,,,,,nasicon,10.1246/bcsj.65.2200,0,data/database/liverpool/LiIonDatabase.csv,,,,source_id=472; measured_temperature_C=25; chemical_family=Oxides,,,,,
liverpool_473_0391,Li1.5Ga0.5Ge1.5P3O12,,Li1.5 Ga0.5 Ge1.5 P3 O12,0.000117,,,,,,,,,,,nasicon,10.1246/bcsj.65.2200,0,data/database/liverpool/LiIonDatabase.csv,,,,source_id=473; measured_temperature_C=25; chemical_family=Oxides,,,,,
liverpool_475_0393,Li1.3Fe0.3Ge1.7P3O12,,Li1.3 Fe0.3 Ge1.7 P3 O12,3.67e-05,,,,,,,,,,,nasicon,10.1246/bcsj.65.2200,0,data/database/liverpool/LiIonDatabase.csv,,,,source_id=475; measured_temperature_C=25; chemical_family=Oxides,,,,,
liverpool_476_0394,Li1.5Sc0.5Ge1.5P3O12,,Li1.5 Sc0.5 Ge1.5 P3 O12,2.51e-05,,,,,,,,,,,nasicon,10.1246/bcsj.65.2200,0,data/database/liverpool/LiIonDatabase.csv,,,,source_id=476; measured_temperature_C=25; chemical_family=Oxides,,,,,
liverpool_477_0395,Li1.7Fe0.7Ge1.3P3O12,,Li1.7 Fe0.7 Ge1.3 P3 O12,2.37e-05,,,,,,,,,,,nasicon,10.1246/bcsj.65.2200,0,data/database/liverpool/LiIonDatabase.csv,,,,source_id=477; measured_temperature_C=25; chemical_family=Oxides,,,,,
liverpool_478_0396,Li1.7Ga0.7Ge1.3P3O12,,Li1.7 Ga0.7 Ge1.3 P3 O12,2.43e-05,,,,,,,,,,,nasicon,10.1246/bcsj.65.2200,0,data/database/liverpool/LiIonDatabase.csv,,,,source_id=478; measured_temperature_C=25; chemical_family=Oxides,,,,,
liverpool_479_0397,Li1.3In0.3Ge1.7P3O12,,Li1.3 In0.3 Ge1.7 P3 O12,9.22e-06,,,,,,,,,,,nasicon,10.1246/bcsj.65.2200,0,data/database/liverpool/LiIonDatabase.csv,,,,source_id=479; measured_temperature_C=25; chemical_family=Oxides,,,,,
liverpool_480_0398,Li1.5In0.5Ge1.5P3O12,,Li1.5 In0.5 Ge1.5 P3 O12,5.75e-06,,,,,,,,,,,nasicon,10.1246/bcsj.65.2200,0,data/database/liverpool/LiIonDatabase.csv,,,,source_id=480; measured_temperature_C=25; chemical_family=Oxides,,,,,
liverpool_481_0399,Li1.45Ti1.35Al0.45Ge0.2P3O12,,Li1.45 Ti1.35 Al0.45 Ge0.2 P3 O12,0.00101,,,,,,,,,,,nasicon,10.3389/fenrg.2016.00012,0,data/database/liverpool/LiIonDatabase.csv,,,,source_id=481; measured_temperature_C=25; chemical_family=Oxides,,,,,
liverpool_483_0401,Li1.5Ti1.3Al0.5Ge0.2P3O12,,Li1.5 Ti1.3 Al0.5 Ge0.2 P3 O12,0.000737,,,,,,,,,,,nasicon,10.3389/fenrg.2016.00012,0,data/database/liverpool/LiIonDatabase.csv,,,,source_id=483; measured_temperature_C=25; chemical_family=Oxides,,,,,
liverpool_484_0402,Li1.35Ti1.45Al0.35Ge0.2P3O12,,Li1.35 Ti1.45 Al0.35 Ge0.2 P3 O12,0.000618,,,,,,,,,,,nasicon,10.3389/fenrg.2016.00012,0,data/database/liverpool/LiIonDatabase.csv,,,,source_id=484; measured_temperature_C=25; chemical_family=Oxides,,,,,
liverpool_485_0403,Li1.55Ti1.25Al0.55Ge0.2P3O12,,Li1.55 Ti1.25 Al0.55 Ge0.2 P3 O12,7.02e-05,,,,,,,,,,,nasicon,10.3389/fenrg.2016.00012,0,data/database/liverpool/LiIonDatabase.csv,,,,source_id=485; measured_temperature_C=25; chemical_family=Oxides,,,,,
liverpool_486_0404,Li1.45Ti1.55Al0.45P1O4,,Li1.45 Ti1.55 Al0.45 P1 O4,0.00029,,,,,,,,,,,nasicon,10.5796/electrochemistry.82.870,0,data/database/liverpool/LiIonDatabase.csv,,,,source_id=486; measured_temperature_C=25; chemical_family=Oxides,,,,,
liverpool_539_0444,Li6.25P1S5.25Cl0.75,,Li6.25 P1 S5.25 Cl0.75,0.014,,,,,,,,,,,argyrodites,10.1016/j.apsusc.2019.07.041,0,data/database/liverpool/LiIonDatabase.csv,,,,source_id=539; measured_temperature_C=25; chemical_family=Sulphides and Other Anions,,,,,
liverpool_582_0479,Li6PS5I,,Li6 P1 S5 I1,0.00063,,,,,,,,,,,argyrodites,10.1007/s10008-011-1572-8,0,data/database/liverpool/LiIonDatabase.csv,,,,source_id=582; measured_temperature_C=25; chemical_family=Sulphides and Other Anions,,,,,
liverpool_589_0486,Li1.5P0.5S2,,Li1.5 P0.5 S2,0.000181,,,,,,,,,,,glass,10.1021/acsomega.8b00377,0,data/database/liverpool/LiIonDatabase.csv,,,,source_id=589; measured_temperature_C=26.29; chemical_family=Sulphides,,,,,
liverpool_591_0487,Li0.245La0.592Ti0.98Mn0.02O3,,Li0.245 La0.592 Ti0.98 Mn0.02 O3,0.001,,,,,,,,,,,perovskites,10.1006/jssc.1998.7904,0,data/database/liverpool/LiIonDatabase.csv,,,,source_id=591; measured_temperature_C=25; chemical_family=Oxides,,,,,
liverpool_592_0488,Li0.36La0.55Ti0.995Al0.005O3,,Li0.36 La0.55 Ti0.995 Al0.005 O3,0.0011,,,,,,,,,,,perovskites,10.1007/bf02375549,0,data/database/liverpool/LiIonDatabase.csv,,,,source_id=592; measured_temperature_C=25; chemical_family=Oxides,,,,,
liverpool_593_0489,Li0.36La0.54Ti1O3,,Li0.36 La0.54 Ti1 O3,0.00089,,,,,,,,,,,perovskites,10.1007/bf02375549,0,data/database/liverpool/LiIonDatabase.csv,,,,source_id=593; measured_temperature_C=25; chemical_family=Oxides,,,,,
liverpool_594_0490,Li0.36La0.51Ti0.95W0.05O3,,Li0.36 La0.51 Ti0.95 W0.05 O3,0.00073,,,,,,,,,,,perovskites,10.1007/bf02375549,0,data/database/liverpool/LiIonDatabase.csv,,,,source_id=594; measured_temperature_C=25; chemical_family=Oxides,,,,,
liverpool_595_0491,Li0.36La0.56Ti0.95Al0.05O3,,Li0.36 La0.56 Ti0.95 Al0.05 O3,0.00064,,,,,,,,,,,perovskites,10.1007/bf02375549,0,data/database/liverpool/LiIonDatabase.csv,,,,source_id=595; measured_temperature_C=25; chemical_family=Oxides,,,,,
liverpool_596_0492,Li0.36La0.55Ti0.95Ge0.05O3,,Li0.36 La0.55 Ti0.95 Ge0.05 O3,0.00036,,,,,,,,,,,perovskites,10.1007/bf02375549,0,data/database/liverpool/LiIonDatabase.csv,,,,source_id=596; measured_temperature_C=25; chemical_family=Oxides,,,,,
liverpool_597_0493,Li0.36La0.58Mg0.05Ti0.95O3,,Li0.36 La0.58 Mg0.05 Ti0.95 O3,0.00021,,,,,,,,,,,perovskites,10.1007/bf02375549,0,data/database/liverpool/LiIonDatabase.csv,,,,source_id=597; measured_temperature_C=25; chemical_family=Oxides,,,,,
liverpool_598_0494,Li0.36La0.55Ti0.95Mn0.05O3,,Li0.36 La0.55 Ti0.95 Mn0.05 O3,0.00019,,,,,,,,,,,perovskites,10.1007/bf02375549,0,data/database/liverpool/LiIonDatabase.csv,,,,source_id=598; measured_temperature_C=25; chemical_family=Oxides,,,,,
liverpool_599_0495,Li0.36La0.55Ti0.95Ru0.05O3,,Li0.36 La0.55 Ti0.95 Ru0.05 O3,5.2e-05,,,,,,,,,,,perovskites,10.1007/bf02375549,0,data/database/liverpool/LiIonDatabase.csv,,,,source_id=599; measured_temperature_C=25; chemical_family=Oxides,,,,,
liverpool_603_0499,Li0.34La0.51Ti1O2.94,,Li0.34 La0.51 Ti1 O2.94,0.00102,,,,,,,,,,,perovskites,10.1016/0038-1098(93)90841-a,0,data/database/liverpool/LiIonDatabase.csv,,,,source_id=603; measured_temperature_C=27; chemical_family=Oxides,,,,,
liverpool_606_0502,Li0.1La0.63Ti1O3,,Li0.1 La0.63 Ti1 O3,7.9e-05,,,,,,,,,,,perovskites,10.1016/0167-2738(94)90309-3,0,data/database/liverpool/LiIonDatabase.csv,,,,source_id=606; measured_temperature_C=27; chemical_family=Oxides,,,,,
liverpool_608_0504,Na0.125Li0.375La0.5Ti1O3,,Na0.125 Li0.375 La0.5 Ti1 O3,0.000158,,,,,,,,,,,perovskites,10.1016/0167-2738(94)90309-3,0,data/database/liverpool/LiIonDatabase.csv,,,,source_id=608; measured_temperature_C=27; chemical_family=Oxides,,,,,
liverpool_610_0506,Li0.34Pr0.56Ti1O3,,Li0.34 Pr0.56 Ti1 O3,1e-06,,,,,,,,,,,perovskites,10.1016/0167-2738(94)90310-7,0,data/database/liverpool/LiIonDatabase.csv,,,,source_id=610; measured_temperature_C=25; chemical_family=Oxides,,,,,
liverpool_612_0508,Li0.5La0.4Nd0.1Ti1O3,,Li0.5 La0.4 Nd0.1 Ti1 O3,0.001,,,,,,,,,,,perovskites,10.1016/s0167-2738(97)00015-5,0,data/database/liverpool/LiIonDatabase.csv,,,,source_id=612; measured_temperature_C=25; chemical_family=Oxides,,,,,
liverpool_613_0509,Li0.34La0.56Ti1O3,,Li0.34 La0.56 Ti1 O3,0.00153,,,,,,,,,,,perovskites,10.1016/s0167-2738(98)00070-8,0,data/database/liverpool/LiIonDatabase.csv,,,,source_id=613; measured_temperature_C=25; chemical_family=Oxides,,,,,
liverpool_632_0519,Li0.12La0.29Nb1O3,,Li0.12 La0.29 Nb1 O3,4.25e-05,,,,,,,,,,,other,10.1016/s0167-2738(98)00266-5,0,data/database/liverpool/LiIonDatabase.csv,,,,source_id=632; measured_temperature_C=25; chemical_family=Oxides,,,,,
liverpool_633_0520,Li0.15La0.283Nb1O3,,Li0.15 La0.283 Nb1 O3,3.85e-05,,,,,,,,,,,other,10.1016/s0167-2738(98)00266-5,0,data/database/liverpool/LiIonDatabase.csv,,,,source_id=633; measured_temperature_C=25; chemical_family=Oxides,,,,,
liverpool_634_0521,Li0.18La0.273Nb1O3,,Li0.18 La0.273 Nb1 O3,3.82e-05,,,,,,,,,,,other,10.1016/s0167-2738(98)00266-5,0,data/database/liverpool/LiIonDatabase.csv,,,,source_id=634; measured_temperature_C=25; chemical_family=Oxides,,,,,
liverpool_635_0522,Li0.09La0.303Nb1O3,,Li0.09 La0.303 Nb1 O3,3.52e-05,,,,,,,,,,,other,10.1016/s0167-2738(98)00266-5,0,data/database/liverpool/LiIonDatabase.csv,,,,source_id=635; measured_temperature_C=25; chemical_family=Oxides,,,,,
liverpool_636_0523,Li0.06La0.313Nb1O3,,Li0.06 La0.313 Nb1 O3,2.33e-05,,,,,,,,,,,other,10.1016/s0167-2738(98)00266-5,0,data/database/liverpool/LiIonDatabase.csv,,,,source_id=636; measured_temperature_C=25; chemical_family=Oxides,,,,,
liverpool_639_0526,Sr0.6Li0.3Ta0.5Ti0.35Fe0.15O3,,Sr0.6 Li0.3 Ta0.5 Ti0.35 Fe0.15 O3,2.8e-05,,,,,,,,,,,perovskites,10.1149/1.1629102,0,data/database/liverpool/LiIonDatabase.csv,,,,source_id=639; measured_temperature_C=25; chemical_family=Oxides,,,,,
liverpool_640_0527,Sr0.6Li0.3Ta0.5Ti0.4Fe0.1O3,,Sr0.6 Li0.3 Ta0.5 Ti0.4 Fe0.1 O3,3.6e-05,,,,,,,,,,,perovskites,10.1149/1.1629102,0,data/database/liverpool/LiIonDatabase.csv,,,,source_id=640; measured_temperature_C=25; chemical_family=Oxides,,,,,
liverpool_641_0528,Sr0.6Li0.3Ta0.5Ti0.45Fe0.05O3,,Sr0.6 Li0.3 Ta0.5 Ti0.45 Fe0.05 O3,6e-05,,,,,,,,,,,perovskites,10.1149/1.1629102,0,data/database/liverpool/LiIonDatabase.csv,,,,source_id=641; measured_temperature_C=30; chemical_family=Oxides,,,,,
liverpool_642_0529,Sr0.6Li0.3Ta0.5Ti0.5O3,,Sr0.6 Li0.3 Ta0.5 Ti0.5 O3,0.00017,,,,,,,,,,,perovskites,10.1149/1.1629102,0,data/database/liverpool/LiIonDatabase.csv,,,,source_id=642; measured_temperature_C=30; chemical_family=Oxides,,,,,
liverpool_643_0530,Sr0.6Li0.3Ti0.5Nb0.5O3,,Sr0.6 Li0.3 Ti0.5 Nb0.5 O3,5.4e-06,,,,,,,,,,,perovskites,10.1149/1.1629102,0,data/database/liverpool/LiIonDatabase.csv,,,,source_id=643; measured_temperature_C=30; chemical_family=Oxides,,,,,
liverpool_647_0534,SrLiTaTiO6,,Sr1 Li1 Ta1 Ti1 O6,0.00055,,,,,,,,,,,perovskites,10.1021/cm9810382,0,data/database/liverpool/LiIonDatabase.csv,,,,source_id=647; measured_temperature_C=25; chemical_family=Oxides,,,,,
liverpool_648_0535,Sr1.65Li1Ta1.7Ti1.3O9,,Sr1.65 Li1 Ta1.7 Ti1.3 O9,4.9e-05,,,,,,,,,,,perovskites,10.1021/cm9810382,0,data/database/liverpool/LiIonDatabase.csv,,,,source_id=648; measured_temperature_C=25; chemical_family=Oxides,,,,,
liverpool_649_0536,Sr1.65Li1Ti1.3Nb1.7O9,,Sr1.65 Li1 Ti1.3 Nb1.7 O9,2e-05,,,,,,,,,,,perovskites,10.1021/cm9810382,0,data/database/liverpool/LiIonDatabase.csv,,,,source_id=649; measured_temperature_C=25; chemical_family=Oxides,,,,,
liverpool_650_0537,Sr1.65Li1Zr1.3Ta1.7O9,,Sr1.65 Li1 Zr1.3 Ta1.7 O9,1.3e-05,,,,,,,,,,,perovskites,10.1021/cm9810382,0,data/database/liverpool/LiIonDatabase.csv,,,,source_id=650; measured_temperature_C=25; chemical_family=Oxides,,,,,
liverpool_651_0538,Sr2LiTaTi2O9,,Sr2 Li1 Ta1 Ti2 O9,3.2e-05,,,,,,,,,,,perovskites,10.1021/cm9810382,0,data/database/liverpool/LiIonDatabase.csv,,,,source_id=651; measured_temperature_C=30; chemical_family=Oxides,,,,,
liverpool_652_0539,Sr2LiTi2NbO9,,Sr2 Li1 Ti2 Nb1 O9,1e-06,,,,,,,,,,,perovskites,10.1021/cm9810382,0,data/database/liverpool/LiIonDatabase.csv,,,,source_id=652; measured_temperature_C=25; chemical_family=Oxides,,,,,
liverpool_653_0540,SrLiTiNbO6,,Sr1 Li1 Ti1 Nb1 O6,1e-06,,,,,,,,,,,perovskites,10.1021/cm9810382,0,data/database/liverpool/LiIonDatabase.csv,,,,source_id=653; measured_temperature_C=25; chemical_family=Oxides,,,,,
liverpool_655_0542,Li0.067La0.64Ti1O2.99,,Li0.067 La0.64 Ti1 O2.99,7.9e-05,,,,,,,,,,,perovskites,10.1016/0167-2738(94)90309-3,0,data/database/liverpool/LiIonDatabase.csv,,,,source_id=655; measured_temperature_C=27; chemical_family=Oxides,,,,,
liverpool_656_0543,Li0.25La0.66Ti0.75Al0.25O3,,Li0.25 La0.66 Ti0.75 Al0.25 O3,7.66e-05,,,,,,,,,,,perovskites,10.1021/cm011149s,0,data/database/liverpool/LiIonDatabase.csv,,,,source_id=656; measured_temperature_C=25; chemical_family=Oxides,,,,,
liverpool_657_0544,Li0.2La0.66Ti0.8Al0.2O3,,Li0.2 La0.66 Ti0.8 Al0.2 O3,4.28e-05,,,,,,,,,,,perovskites,10.1021/cm011149s,0,data/database/liverpool/LiIonDatabase.csv,,,,source_id=657; measured_temperature_C=25; chemical_family=Oxides,,,,,
liverpool_658_0545,Li0.3La0.66Ti0.7Al0.3O3,,Li0.3 La0.66 Ti0.7 Al0.3 O3,1.72e-05,,,,,,,,,,,perovskites,10.1021/cm011149s,0,data/database/liverpool/LiIonDatabase.csv,,,,source_id=658; measured_temperature_C=25; chemical_family=Oxides,,,,,
liverpool_659_0546,Li0.15La0.66Ti0.85Al0.15O3,,Li0.15 La0.66 Ti0.85 Al0.15 O3,9.66e-06,,,,,,,,,,,perovskites,10.1021/cm011149s,0,data/database/liverpool/LiIonDatabase.csv,,,,source_id=659; measured_temperature_C=25; chemical_family=Oxides,,,,,
liverpool_660_0547,Li0.1La0.66Ti0.9Al0.1O3,,Li0.1 La0.66 Ti0.9 Al0.1 O3,7.34e-06,,,,,,,,,,,perovskites,10.1021/cm011149s,0,data/database/liverpool/LiIonDatabase.csv,,,,source_id=660; measured_temperature_C=27; chemical_family=Oxides,,,,,
liverpool_661_0548,Li0.06La0.66Ti0.93Al0.06O3,,Li0.06 La0.66 Ti0.93 Al0.06 O3,1.68e-06,,,,,,,,,,,perovskites,10.1021/cm011149s,0,data/database/liverpool/LiIonDatabase.csv,,,,source_id=661; measured_temperature_C=27; chemical_family=Oxides,,,,,
liverpool_663_0550,Li0.27La0.59Ti1O3,,Li0.27 La0.59 Ti1 O3,0.00058,,,,,,,,,,,perovskites,10.2109/jcersj.105.548,0,data/database/liverpool/LiIonDatabase.csv,,,,source_id=663; measured_temperature_C=25; chemical_family=Oxides,,,,,
liverpool_675_0561,Li10Ge(PS6)2,,Li10 Ge1 P2 S12,0.012,,,,,,,,,,,thio_lisicon,10.1038/nmat3066,0,data/database/liverpool/LiIonDatabase.csv,,,,source_id=675; measured_temperature_C=25; chemical_family=Sulphides,,,,,
liverpool_697_0581,Li1.5Hf1.5Al0.5P3O12,,Li1.5 Hf1.5 Al0.5 P3 O12,0.00011,,,,,,,,,,,nasicon,10.1016/j.ssi.2005.07.010,0,data/database/liverpool/LiIonDatabase.csv,,,,source_id=697; measured_temperature_C=25; chemical_family=Oxides,,,,,
liverpool_699_0583,Li11Al(PS6)2,,Li11 Al1 P2 S12,0.000802,,,,,,,,,,,thio_lisicon,10.1039/c6cc02131j,0,data/database/liverpool/LiIonDatabase.csv,,,,source_id=699; measured_temperature_C=25; chemical_family=Sulphides,,,,,
liverpool_714_0597,LiLaTi2O6,,Li1 La1 Ti2 O6,0.001,,,,,,,,,,,perovskites,10.1016/s0167-2738(00)00761-x,0,data/database/liverpool/LiIonDatabase.csv,,,,source_id=714; measured_temperature_C=25; chemical_family=Oxides,,,,,
liverpool_716_0598,Li3VO4,,Li3 V1 O4,1.67e-06,,,,,,,,,,,lisicon,10.1016/s0924-0136(01)01044-5,0,data/database/liverpool/LiIonDatabase.csv,,,,source_id=716; measured_temperature_C=25; chemical_family=Oxides,,,,,
liverpool_717_0599,Li7P3S11,,Li7 P3 S11,0.000863,,,,,,,,,,,thio_lisicon,10.1021/acs.chemmater.7b04842,0,data/database/liverpool/LiIonDatabase.csv,,,,source_id=717; measured_temperature_C=25; chemical_family=Sulphides,,,,,
liverpool_722_0603,Li2HN,,Li2 H1 N1,0.000254,,,,,,,,,,,other,10.1039/c2cp23636b,0,data/database/liverpool/LiIonDatabase.csv,,,,source_id=722; measured_temperature_C=25; chemical_family=Other,,,,,
liverpool_735_0613,Li14Zn(GeO4)4,,Li14 Zn1 Ge4 O16,1e-06,,,,,,,,,,,lisicon,10.1149/1.2119778,0,data/database/liverpool/LiIonDatabase.csv,,,,source_id=735; measured_temperature_C=25; chemical_family=Oxides,,,,,
liverpool_748_0622,Li6.12Si0.12P0.9S5Br1,,Li6.12 Si0.12 P0.9 S5 Br1,0.0009,,,,,,,,,,,argyrodites,10.1039/c7ta08581h,0,data/database/liverpool/LiIonDatabase.csv,,,,source_id=748; measured_temperature_C=25; chemical_family=Sulphides and Other Anions,,,,,
liverpool_749_0623,Li6.22Si0.22P0.78S5Br1,,Li6.22 Si0.22 P0.78 S5 Br1,0.00108,,,,,,,,,,,argyrodites,10.1039/c7ta08581h,0,data/database/liverpool/LiIonDatabase.csv,,,,source_id=749; measured_temperature_C=25; chemical_family=Sulphides and Other Anions,,,,,
liverpool_750_0624,Li6.17Si0.17P0.83S5Br1,,Li6.17 Si0.17 P0.83 S5 Br1,0.000929,,,,,,,,,,,argyrodites,10.1039/c7ta08581h,0,data/database/liverpool/LiIonDatabase.csv,,,,source_id=750; measured_temperature_C=25; chemical_family=Sulphides and Other Anions,,,,,
liverpool_751_0625,Li6.13Si0.13P0.87S5Br1,,Li6.13 Si0.13 P0.87 S5 Br1,0.000901,,,,,,,,,,,argyrodites,10.1039/c7ta08581h,0,data/database/liverpool/LiIonDatabase.csv,,,,source_id=751; measured_temperature_C=25; chemical_family=Sulphides and Other Anions,,,,,
liverpool_752_0626,Li6.08Si0.08P0.92S5Br1,,Li6.08 Si0.08 P0.92 S5 Br1,0.000864,,,,,,,,,,,argyrodites,10.1039/c7ta08581h,0,data/database/liverpool/LiIonDatabase.csv,,,,source_id=752; measured_temperature_C=25; chemical_family=Sulphides and Other Anions,,,,,
liverpool_753_0627,Li6.02Si0.02P0.98S5Br1,,Li6.02 Si0.02 P0.98 S5 Br1,0.000874,,,,,,,,,,,argyrodites,10.1039/c7ta08581h,0,data/database/liverpool/LiIonDatabase.csv,,,,source_id=753; measured_temperature_C=25; chemical_family=Sulphides and Other Anions,,,,,
liverpool_754_0628,Li6.1Si0.1P0.9S5Br1,,Li6.1 Si0.1 P0.9 S5 Br1,0.000805,,,,,,,,,,,argyrodites,10.1039/c7ta08581h,0,data/database/liverpool/LiIonDatabase.csv,,,,source_id=754; measured_temperature_C=25; chemical_family=Sulphides and Other Anions,,,,,
liverpool_779_0649,Li2.2Zr0.9Zn0.1S3,,Li2.2 Zr0.9 Zn0.1 S3,0.00012,,,,,,,,,,,thio_lisicon,10.1016/j.ssi.2008.01.055,0,data/database/liverpool/LiIonDatabase.csv,,,,source_id=779; measured_temperature_C=30; chemical_family=Sulphides,,,,,
liverpool_790_0660,Li6.4La3Zr2Ga0.2O12,,Li6.4 La3 Zr2 Ga0.2 O12,0.0009,,,,,,,,,,,garnet,10.1021/cm5008069,0,data/database/liverpool/LiIonDatabase.csv,,,,source_id=790; measured_temperature_C=24; chemical_family=Oxides,,,,,
liverpool_802_0671,Li6.7La3Zr1.7Ta0.3O12,,Li6.7 La3 Zr1.7 Ta0.3 O12,0.00103,,,,,,,,,,,garnet,10.1016/j.ceramint.2018.09.245,0,data/database/liverpool/LiIonDatabase.csv,,,,source_id=802; measured_temperature_C=30; chemical_family=Oxides,,,,,
liverpool_861_0719,Li1.6Mg0.3Ti1.7P3O12,,Li1.6 Mg0.3 Ti1.7 P3 O12,2.8e-06,,,,,,,,,,,nasicon,10.1016/0167-2738(86)90176-1,0,data/database/liverpool/LiIonDatabase.csv,,,,source_id=861; measured_temperature_C=25; chemical_family=Oxides,,,,,
liverpool_862_0720,Li14La3S7(IO)3,,Li14 La3 S7 I3 O3,2.88e-06,,,,,,,,,,,glass_ceramic,10.1016/j.ssi.2008.01.072,0,data/database/liverpool/LiIonDatabase.csv,,,,source_id=862; measured_temperature_C=30; chemical_family=Sulphides and Other Anions,,,,,
liverpool_868_0726,Li4.275Ga0.25Ge0.61S4,,Li4.275 Ga0.25 Ge0.61 S4,6.34e-05,,,,,,,,,,,thio_lisicon,10.1016/s0167-2738(00)00277-0,0,data/database/liverpool/LiIonDatabase.csv,,,,source_id=868; measured_temperature_C=25; chemical_family=Sulphides,,,,,
liverpool_889_0747,Li134Si43S133O20,,Li134 Si43 S133 O20,0.00588,,,,,,,,,,,glass,10.1149/1.1392498,0,data/database/liverpool/LiIonDatabase.csv,,,,source_id=889; measured_temperature_C=25; chemical_family=Sulphides and Other Anions,,,,,
liverpool_892_0750,Li1.5Al0.5Ge1.5P3O12,,Li1.5 Al0.5 Ge1.5 P3 O12,0.006309,,,,,,,,,,,nasicon,10.1149/1.3122903,0,data/database/liverpool/LiIonDatabase.csv,,,,source_id=892; measured_temperature_C=25; chemical_family=Oxides,,,,,
liverpool_895_0753,Li4.4Ga0.4Ge0.6S4,,Li4.4 Ga0.4 Ge0.6 S4,1.63e-05,,,,,,,,,,,thio_lisicon,10.1021/acs.chemmater.8b03175,0,data/database/liverpool/LiIonDatabase.csv,,,,source_id=895; measured_temperature_C=30; chemical_family=Sulphides,,,,,
liverpool_896_0754,Li4.4Ga0.4Sn0.6S4,,Li4.4 Ga0.4 Sn0.6 S4,3.2e-06,,,,,,,,,,,thio_lisicon,10.1021/acs.chemmater.8b03175,0,data/database/liverpool/LiIonDatabase.csv,,,,source_id=896; measured_temperature_C=30; chemical_family=Sulphides,,,,,
liverpool_927_0786,Li0.022La0.118Ti0.2Al0.004O0.631,,Li0.022 La0.118 Ti0.2 Al0.004 O0.631,0.000891,,,,,,,,,,,perovskites,10.1007/bf02378009,0,data/database/liverpool/LiIonDatabase.csv,,,,source_id=927; measured_temperature_C=30; chemical_family=Oxides,,,,,
liverpool_930_0788,Li2ZrS3,,Li2 Zr1 S3,7.3e-06,,,,,,,,,,,thio_lisicon,10.1016/j.ssi.2008.01.055,0,data/database/liverpool/LiIonDatabase.csv,,,,source_id=930; measured_temperature_C=30; chemical_family=Sulphides,,,,,
liverpool_931_0789,Li0.022La0.115Ti0.165Al0.055O0.618,,Li0.022 La0.115 Ti0.165 Al0.055 O0.618,0.000525,,,,,,,,,,,perovskites,10.1007/bf02378009,0,data/database/liverpool/LiIonDatabase.csv,,,,source_id=931; measured_temperature_C=30; chemical_family=Oxides,,,,,
liverpool_2000_0790,Li0.6Y0.8P1O4,,Li0.6 Y0.8 P1 O4,1.41e-05,,,,,,,,,,,zircon,10.1016/0167-2738(89)90457-8,0,data/database/liverpool/LiIonDatabase.csv,,,,source_id=2000; measured_temperature_C=25; chemical_family=Oxides,,,,,
liverpool_2001_0791,Li0.8La0.066Zr2P3O12,,Li0.8 La0.066 Zr2 P3 O12,8.2e-06,,,,,,,,,,,nasicon,10.1007/s11581-009-0332-6,0,data/database/liverpool/LiIonDatabase.csv,,,,source_id=2001; measured_temperature_C=25; chemical_family=Oxides,,,,,
liverpool_2009_0798,Li2.9Zr0.1Sc1.9P3O12,,Li2.9 Zr0.1 Sc1.9 P3 O12,7.48e-05,,,,,,,,,,,nasicon,10.1016/s0925-8388(96)02746-6,0,data/database/liverpool/LiIonDatabase.csv,,,,source_id=2009; measured_temperature_C=25; chemical_family=Sulphides,,,,,
liverpool_2018_0807,Li4Al0.33Si0.17Ge0.17P0.33O4,,Li4 Al0.33 Si0.17 Ge0.17 P0.33 O4,1.61e-06,,,,,,,,,,,lisicon,10.1021/acsami.6b14402,0,data/database/liverpool/LiIonDatabase.csv,,,,source_id=2018; measured_temperature_C=25; chemical_family=Oxides,,,,,
liverpool_2027_0816,Li3.6Ge0.4P0.6S4,,Li3.6 Ge0.4 P0.6 S4,0.000221356,,,,,,,,,,,thio_lisicon,10.1149/1.1379028,0,data/database/liverpool/LiIonDatabase.csv,,,,source_id=2027; measured_temperature_C=25; chemical_family=Sulphides,,,,,
