ID,Reduced Composition,Z,True Composition,Ionic conductivity (S cm-1),IC (Total),IC (Bulk),Space group,Space group #,a,b,c,alpha,beta,gamma,Family,DOI,Checked,Ref,Cif ID,Cif ref_1,Cif ref_2,note,close match,close match DOI,ICSD ID,Laskowski ID,Liion ID
5z0,Li5AlO4,,Li5 Al1 O4,5e-10,,,,,,,,,,,oxides,10.1016/0025-5408(76)90169-0,1,data/obelix/processed/all-v1.csv,,,,close match: Yes；close match DOI: 10.1002/zaac.19713800303; synthesis_method=unknow; measured_temperature=RT; amorphous=unknow; source_year=1976,,,,,
9zk,Li5GaO4,,Li5 Ga1 O4,5e-09,,,,,,,,,,,oxides,10.1016/0025-5408(76)90169-0,1,data/obelix/processed/all-v1.csv,,,,synthesis_method=unknow; measured_temperature=RT; amorphous=unknow; source_year=1976,,,,,
6l9,Li4B7ClO12,,Li4 B7 Cl1 O12,2e-06,,,,,,,,,,,boracites,10.1107/s0567740877009443,1,data/obelix/processed/all-v1.csv,,,,synthesis_method=unknow; measured_temperature=RT; amorphous=unknow; source_year=1977,,,,,
r5y,Li2CdCl4,,Li2 Cd1 Cl4,5.8e-07,,,,,,,,,,,chlorides,10.1016/0025-5408(81)90142-2,1,data/obelix/processed/all-v1.csv,,,,composition corrected; synthesis_method=unknow; measured_temperature=RT; amorphous=unknow; source_year=1981,,,,,
bv2,LiYO2,,Li1 Y1 O2,1.8e-08,,,,,,,,,,,oxides,10.1016/0167-2738(81)90021-7,1,data/obelix/processed/all-v1.csv,,,,check cif file matching; synthesis_method=unknow; measured_temperature=RT; amorphous=unknow; source_year=1981,,,,,
t0h,Li2ZrO3,,Li2 Zr1 O3,6.1e-10,,,,,,,,,,,oxides,10.1016/0167-2738(81)90021-7,1,data/obelix/processed/all-v1.csv,,,,check cif file matching; synthesis_method=unknow; measured_temperature=RT; amorphous=unknow; source_year=1981,,,,,
vy5,K0.1Li0.9Sb1O3,,K0.1 Li0.9 Sb1 O3,1.36e-08,,,,,,,,,,,oxides,10.1016/0167-2738(81)90178-8,1,data/obelix/processed/all-v1.csv,,,,synthesis_method=unknow; measured_temperature=RT; amorphous=unknow; source_year=1981,,,,,
fft,Li3N,,Li3 N1,0.0002085,,,,,,,,,,,nitrides,10.1016/0167-2738(83)90045-0,1,data/obelix/processed/all-v1.csv,,,,synthesis_method=unknow; measured_temperature=RT; amorphous=unknow; source_year=1983,,,,,
yav,Li2VCl4,,Li2 V1 Cl4,6.95e-06,,,,,,,,,,,cholorides,10.1016/0167-2738(83)90223-0,1,data/obelix/processed/all-v1.csv,,,,close match: Yes；close match DOI: 10.1002/zaac.19946200505; synthesis_method=unknow; measured_temperature=RT; amorphous=unknow; source_year=1983,,,,,
bjw,Li2MnCl4,,Li2 Mn1 Cl4,4.79e-06,,,,,,,,,,,chlorides,10.1016/0167-2738(83)90223-0,1,data/obelix/processed/all-v1.csv,,,,close match: Yes；close match DOI: icsd-69678; synthesis_method=unknow; measured_temperature=RT; amorphous=unknow; source_year=1983,,,,,
dvn,Li2MgCl4,,Li2 Mg1 Cl4,6.24e-07,,,,,,,,,,,chlorides,10.1016/0167-2738(83)90223-0,1,data/obelix/processed/all-v1.csv,,,,close match: Yes；close match DOI: 10.1002/zaac.19946200505; synthesis_method=unknow; measured_temperature=RT; amorphous=unknow; source_year=1983,,,,,
bsa,LiGaO2,,Li1 Ga1 O2,2.4e-14,,,,,,,,,,,oxides,10.1007/bf00549810,1,data/obelix/processed/all-v1.csv,,,,check cif file matching; synthesis_method=unknow; measured_temperature=RT; amorphous=unknow; source_year=1984,,,,,
br1,Li3AlN2,,Li3 Al1 N2,5e-08,,,,,,,,,,,nitrides,10.1016/0167-2738(85)90106-7,1,data/obelix/processed/all-v1.csv,,,,close match: Yes；close match DOI: 10.1002/zaac.19482570102; synthesis_method=unknow; measured_temperature=RT; amorphous=unknow; source_year=1985,,,,,
45e,Li2MgBr4,,Li2 Mg1 Br4,7.8e-10,,,,,,,,,,,halides,10.1002/chin.198639014|10.1149/1.2108704,1,data/obelix/processed/all-v1.csv,,,,synthesis_method=unknow; measured_temperature=RT; amorphous=unknow; source_year=1986,,,,,
ur9,LiZr2(PO4)3,,Li1 Zr2 P3 O12,1e-09,,,,,,,,,,,NASICON,10.1016/0025-5408(86)90194-7,1,data/obelix/processed/all-v1.csv,,,,synthesis_method=unknow; measured_temperature=RT; amorphous=unknow; source_year=1986,,,,,
iwe,Li1.3Sc0.3Ti1.7P3O12,,Li1.3 Sc0.3 Ti1.7 P3 O12,0.000407,,,,,,,,,,,NASICON,10.1016/0167-2738(86)90179-7,1,data/obelix/processed/all-v1.csv,,,,synthesis_method=unknow; measured_temperature=RT; amorphous=unknow; source_year=1986,,,,,
ib2,Li1.1Sc0.1Ti1.9P3O12,,Li1.1 Sc0.1 Ti1.9 P3 O12,0.000158,,,,,,,,,,,NASICON,10.1016/0167-2738(86)90179-7,1,data/obelix/processed/all-v1.csv,,,,synthesis_method=unknow; measured_temperature=RT; amorphous=unknow; source_year=1986,,,,,
ci1,Li1Zr1.8Ti0.2P3O12,,Li1 Zr1.8 Ti0.2 P3 O12,5.6e-08,,,,,,,,,,,NASICON,10.1016/0167-2738(86)90179-7,1,data/obelix/processed/all-v1.csv,,,,synthesis_method=unknow; measured_temperature=RT; amorphous=unknow; source_year=1986,,,,,
08e,Li1Zr0.2Ti1.8P3O12,,Li1 Zr0.2 Ti1.8 P3 O12,8.5e-08,,,,,,,,,,,NASICON,10.1016/0167-2738(86)90179-7,1,data/obelix/processed/all-v1.csv,,,,synthesis_method=unknow; measured_temperature=RT; amorphous=unknow; source_year=1986,,,,,
xkh,Li1Zr1.9Ti0.1P3O12,,Li1 Zr1.9 Ti0.1 P3 O12,3.2e-08,,,,,,,,,,,NASICON,10.1016/0167-2738(86)90179-7,1,data/obelix/processed/all-v1.csv,,,,synthesis_method=unknow; measured_temperature=RT; amorphous=unknow; source_year=1986,,,,,
wng,Li1.2Hf1.8In0.2P3O12,,Li1.2 Hf1.8 In0.2 P3 O12,4e-06,,,,,,,,,,,NASICON,10.1016/0167-2738(86)90179-7,1,data/obelix/processed/all-v1.csv,,,,synthesis_method=unknow; measured_temperature=RT; amorphous=unknow; source_year=1986,,,,,
tka,LiSi2N3,,Li1 Si2 N3,6.17e-08,,,,,,,,,,,nitride,10.1016/0167-2738(87)90119-6,1,data/obelix/processed/all-v1.csv,,,,synthesis_method=unknow; measured_temperature=RT; amorphous=unknow; source_year=1987,,,,,
4kt,Li2CrCl4,,Li2 Cr1 Cl4,<1E-10,,,,,,,,,,,halides,10.1016/0022-4596(88)90301-5,1,data/obelix/processed/all-v1.csv,,,,synthesis_method=unknow; measured_temperature=RT; amorphous=unknow; source_year=1988,,,,,
cmn,Li1.8Ti1.2Cr0.8P3O12,,Li1.8 Ti1.2 Cr0.8 P3 O12,0.00024,,,,,,,,,,,NASICON,10.1016/0167-2738(88)90291-3,1,data/obelix/processed/all-v1.csv,,,,synthesis_method=unknow; measured_temperature=RT; amorphous=unknow; source_year=1988,,,,,
fwz,Li2SiS3,,Li2 Si1 S3,2e-06,,,,,,,,,,,thio-LISICON,10.1016/0025-5408(89)90053-6,1,data/obelix/processed/all-v1.csv,,,,appendix: diffraction data available；close match: Yes；close match DOI: mp-1210789; synthesis_method=unknow; measured_temperature=RT; amorphous=unknow; source_year=1989,,,,,
x94,Li4SiS4,,Li4 Si1 S4,4.93e-08,,,,,,,,,,,thio-LISICON,10.1016/0025-5408(89)90053-6,1,data/obelix/processed/all-v1.csv,,,,appendix: diffraction data available; synthesis_method=unknow; measured_temperature=RT; amorphous=unknow; source_year=1989,,,,,
11b,Li3P,,Li3 P1,0.000703,,,,,,,,,,,phosphates,10.1016/0167-2738(89)90438-4,1,data/obelix/processed/all-v1.csv,,,,synthesis_method=unknow; measured_temperature=RT; amorphous=unknow; source_year=1989,,,,,
ctg,Li1.3La0.3Ti1.7P3O12,,Li1.3 La0.3 Ti1.7 P3 O12,0.000528,,,,,,,,,,,NASICON,10.1149/1.2096693,1,data/obelix/processed/all-v1.csv,,,,duplicate with line 274; synthesis_method=unknow; measured_temperature=RT; amorphous=unknow; source_year=1989,,,,,
mdj,Li1.2Ti2Si0.2P2.8O12,,Li1.2 Ti2 Si0.2 P2.8 O12,8.6e-05,,,,,,,,,,,NASICON,10.1149/1.2086597,1,data/obelix/processed/all-v1.csv,,,,synthesis_method=unknow; measured_temperature=RT; amorphous=unknow; source_year=1990,,,,,
t1l,Li1.3Ti2Si0.3P2.7O12,,Li1.3 Ti2 Si0.3 P2.7 O12,0.00032,,,,,,,,,,,NASICON,10.1149/1.2086597,1,data/obelix/processed/all-v1.csv,,,,synthesis_method=unknow; measured_temperature=RT; amorphous=unknow; source_year=1990,,,,,
v1t,Li1.4Ti1.6Cr0.4P3O12,,Li1.4 Ti1.6 Cr0.4 P3 O12,0.000149,,,,,,,,,,,NASICON,10.1149/1.2086597,1,data/obelix/processed/all-v1.csv,,,,synthesis_method=unknow; measured_temperature=RT; amorphous=unknow; source_year=1990,,,,,
d6b,Li1.5Ti1.5Cr0.5P3O12,,Li1.5 Ti1.5 Cr0.5 P3 O12,0.000386,,,,,,,,,,,NASICON,10.1149/1.2086597,1,data/obelix/processed/all-v1.csv,,,,synthesis_method=unknow; measured_temperature=RT; amorphous=unknow; source_year=1990,,,,,
x9a,Li1.2Ti1.8Ga0.2P3O12,,Li1.2 Ti1.8 Ga0.2 P3 O12,0.000162,,,,,,,,,,,NASICON,10.1149/1.2086597,1,data/obelix/processed/all-v1.csv,,,,synthesis_method=unknow; measured_temperature=RT; amorphous=unknow; source_year=1990,,,,,
3ta,Li1.3Ti1.7Ga0.3P3O12,,Li1.3 Ti1.7 Ga0.3 P3 O12,0.000261,,,,,,,,,,,NASICON,10.1149/1.2086597,1,data/obelix/processed/all-v1.csv,,,,synthesis_method=unknow; measured_temperature=RT; amorphous=unknow; source_year=1990,,,,,
gjy,Li1.4Ti1.6Ga0.4P3O12,,Li1.4 Ti1.6 Ga0.4 P3 O12,0.000128,,,,,,,,,,,NASICON,10.1149/1.2086597,1,data/obelix/processed/all-v1.csv,,,,synthesis_method=unknow; measured_temperature=RT; amorphous=unknow; source_year=1990,,,,,
lz8,Li1.5Ti1.5Ga0.5P3O12,,Li1.5 Ti1.5 Ga0.5 P3 O12,0.000122,,,,,,,,,,,NASICON,10.1149/1.2086597,1,data/obelix/processed/all-v1.csv,,,,synthesis_method=unknow; measured_temperature=RT; amorphous=unknow; source_year=1990,,,,,
xr7,Li1.4Ti1.6Fe0.4P3O12,,Li1.4 Ti1.6 Fe0.4 P3 O12,0.000392,,,,,,,,,,,NASICON,10.1149/1.2086597,1,data/obelix/processed/all-v1.csv,,,,synthesis_method=unknow; measured_temperature=RT; amorphous=unknow; source_year=1990,,,,,
pg8,Li1.5Ti1.5Fe0.5P3O12,,Li1.5 Ti1.5 Fe0.5 P3 O12,0.000174,,,,,,,,,,,NASICON,10.1149/1.2086597,1,data/obelix/processed/all-v1.csv,,,,close match: Yes；close match DOI: 10.1039/b312865b; synthesis_method=unknow; measured_temperature=RT; amorphous=unknow; source_year=1990,,,,,
do2,Li1.3Sc0.3Ti1.7P3O12,,Li1.3 Sc0.3 Ti1.7 P3 O12,0.000703,,,,,,,,,,,NASICON,10.1149/1.2086597,1,data/obelix/processed/all-v1.csv,,,,synthesis_method=unknow; measured_temperature=RT; amorphous=unknow; source_year=1990,,,,,
uaj,Li1.4Sc0.4Ti1.6P3O12,,Li1.4 Sc0.4 Ti1.6 P3 O12,0.000515,,,,,,,,,,,NASICON,10.1149/1.2086597,1,data/obelix/processed/all-v1.csv,,,,synthesis_method=unknow; measured_temperature=RT; amorphous=unknow; source_year=1990,,,,,
2eq,Li1.3Ti1.7In0.3P3O12,,Li1.3 Ti1.7 In0.3 P3 O12,0.000393,,,,,,,,,,,NASICON,10.1149/1.2086597,1,data/obelix/processed/all-v1.csv,,,,synthesis_method=unknow; measured_temperature=RT; amorphous=unknow; source_year=1990,,,,,
yn6,Li1.4Ti1.6In0.4P3O12,,Li1.4 Ti1.6 In0.4 P3 O12,0.000302,,,,,,,,,,,NASICON,10.1149/1.2086597,1,data/obelix/processed/all-v1.csv,,,,synthesis_method=unknow; measured_temperature=RT; amorphous=unknow; source_year=1990,,,,,
8jy,Li1.5Ti1.5In0.5P3O12,,Li1.5 Ti1.5 In0.5 P3 O12,0.000204,,,,,,,,,,,NASICON,10.1149/1.2086597,1,data/obelix/processed/all-v1.csv,,,,synthesis_method=unknow; measured_temperature=RT; amorphous=unknow; source_year=1990,,,,,
qkr,Li1.3La0.3Ti1.7P3O12,,Li1.3 La0.3 Ti1.7 P3 O12,0.000523,,,,,,,,,,,NASICON,10.1149/1.2086597,1,data/obelix/processed/all-v1.csv,,,,synthesis_method=unknow; measured_temperature=RT; amorphous=unknow; source_year=1990,,,,,
e0z,Li1.4La0.4Ti1.6P3O12,,Li1.4 La0.4 Ti1.6 P3 O12,0.000498,,,,,,,,,,,NASICON,10.1149/1.2086597,1,data/obelix/processed/all-v1.csv,,,,synthesis_method=unknow; measured_temperature=RT; amorphous=unknow; source_year=1990,,,,,
vus,Li1.5La0.5Ti1.5P3O12,,Li1.5 La0.5 Ti1.5 P3 O12,0.000281,,,,,,,,,,,NASICON,10.1149/1.2086597,1,data/obelix/processed/all-v1.csv,,,,synthesis_method=unknow; measured_temperature=RT; amorphous=unknow; source_year=1990,,,,,
lkm,Li6Ge2O7,,Li6 Ge2 O7,8.5e-07,,,,,,,,,,,germanates,10.4028/www.scientific.net/msf.76.107,1,data/obelix/processed/all-v1.csv,,,,synthesis_method=unknow; measured_temperature=RT; amorphous=unknow; source_year=1991,,,,,
a3l,LiHf2(PO4)3,,Li1 Hf2 P3 O12,2.83e-07,,,,,,,,,,,NASICON,10.1002/chin.199345017,1,data/obelix/processed/all-v1.csv,,,,synthesis_method=unknow; measured_temperature=RT; amorphous=unknow; source_year=1993,,,,,
ncr,LiHf2(PO4)3,,Li1 Hf2 P3 O12,6.85e-07,,,,,,,,,,,NASICON,10.1016/0167-2738(93)90387-i,1,data/obelix/processed/all-v1.csv,,,,synthesis_method=unknow; measured_temperature=RT; amorphous=unknow; source_year=1993,,,,,
dx2,Li1.1Hf1.9Fe0.1P3O12,,Li1.1 Hf1.9 Fe0.1 P3 O12,0.000107,,,,,,,,,,,NASICON,10.1016/0167-2738(93)90387-i,1,data/obelix/processed/all-v1.csv,,,,synthesis_method=unknow; measured_temperature=RT; amorphous=unknow; source_year=1993,,,,,
6xc,Li1.1Hf1.9In0.1P3O12,,Li1.1 Hf1.9 In0.1 P3 O12,5.13e-05,,,,,,,,,,,NASICON,10.1016/0167-2738(93)90387-i,1,data/obelix/processed/all-v1.csv,,,,synthesis_method=unknow; measured_temperature=RT; amorphous=unknow; source_year=1993,,,,,
21m,Li1.1Lu0.1Hf1.9P3O12,,Li1.1 Lu0.1 Hf1.9 P3 O12,5.88e-05,,,,,,,,,,,NASICON,10.1016/0167-2738(93)90387-i,1,data/obelix/processed/all-v1.csv,,,,synthesis_method=unknow; measured_temperature=RT; amorphous=unknow; source_year=1993,,,,,
4k1,Li1.1Hf1.9Sc0.1P3O12,,Li1.1 Hf1.9 Sc0.1 P3 O12,2.45e-05,,,,,,,,,,,NASICON,10.1016/0167-2738(93)90387-i,1,data/obelix/processed/all-v1.csv,,,,synthesis_method=unknow; measured_temperature=RT; amorphous=unknow; source_year=1993,,,,,
gzp,Li1.2Lu0.2Hf1.8P3O12,,Li1.2 Lu0.2 Hf1.8 P3 O12,9.79e-05,,,,,,,,,,,NASICON,10.1016/0167-2738(93)90387-i,1,data/obelix/processed/all-v1.csv,,,,synthesis_method=unknow; measured_temperature=RT; amorphous=unknow; source_year=1993,,,,,
lh8,Li1.3Hf1.7Cr0.3P3O12,,Li1.3 Hf1.7 Cr0.3 P3 O12,5.26e-07,,,,,,,,,,,NASICON,10.1016/0167-2738(93)90387-i,1,data/obelix/processed/all-v1.csv,,,,synthesis_method=unknow; measured_temperature=RT; amorphous=unknow; source_year=1993,,,,,
ew5,Li1.3Hf1.7Fe0.3P3O12,,Li1.3 Hf1.7 Fe0.3 P3 O12,5.4e-05,,,,,,,,,,,NASICON,10.1016/0167-2738(93)90387-i,1,data/obelix/processed/all-v1.csv,,,,synthesis_method=unknow; measured_temperature=RT; amorphous=unknow; source_year=1993,,,,,
jdk,Li1.3Lu0.3Hf1.7P3O12,,Li1.3 Lu0.3 Hf1.7 P3 O12,3.56e-05,,,,,,,,,,,NASICON,10.1016/0167-2738(93)90387-i,1,data/obelix/processed/all-v1.csv,,,,synthesis_method=unknow; measured_temperature=RT; amorphous=unknow; source_year=1993,,,,,
h8a,Li1.3Hf1.7Sc0.3P3O12,,Li1.3 Hf1.7 Sc0.3 P3 O12,8.32e-05,,,,,,,,,,,NASICON,10.1016/0167-2738(93)90387-i,1,data/obelix/processed/all-v1.csv,,,,synthesis_method=unknow; measured_temperature=RT; amorphous=unknow; source_year=1993,,,,,
jq7,Li1.3Y0.3Hf1.7P3O12,,Li1.3 Y0.3 Hf1.7 P3 O12,3.19e-05,,,,,,,,,,,NASICON,10.1016/0167-2738(93)90387-i,1,data/obelix/processed/all-v1.csv,,,,synthesis_method=unknow; measured_temperature=RT; amorphous=unknow; source_year=1993,,,,,
ylt,Li1.4Hf1.6In0.4P3O12,,Li1.4 Hf1.6 In0.4 P3 O12,0.000142,,,,,,,,,,,NASICON,10.1016/0167-2738(93)90387-i,1,data/obelix/processed/all-v1.csv,,,,synthesis_method=unknow; measured_temperature=RT; amorphous=unknow; source_year=1993,,,,,
gnq,Li1.4Lu0.4Hf1.6P3O12,,Li1.4 Lu0.4 Hf1.6 P3 O12,2.06e-05,,,,,,,,,,,NASICON,10.1016/0167-2738(93)90387-i,1,data/obelix/processed/all-v1.csv,,,,synthesis_method=unknow; measured_temperature=RT; amorphous=unknow; source_year=1993,,,,,
sso,Li1.4Y0.4Hf1.6P3O12,,Li1.4 Y0.4 Hf1.6 P3 O12,2.09e-05,,,,,,,,,,,NASICON,10.1016/0167-2738(93)90387-i,1,data/obelix/processed/all-v1.csv,,,,synthesis_method=unknow; measured_temperature=RT; amorphous=unknow; source_year=1993,,,,,
ia5,LiLaNb2O7,,Li1 La1 Nb2 O7,<1E-8,,,,,,,,,,,perovskites,10.1016/0925-8388(93)90192-p,1,data/obelix/processed/all-v1.csv,,,,synthesis_method=unknow; measured_temperature=RT; amorphous=unknow; source_year=1993,,,,,
sv7,Li0.34La0.51Ti1O2.94,,Li0.34 La0.51 Ti1 O2.94,0.001,,,,,,,,,,,perovskites,10.1016/0167-2738(94)90309-3,1,data/obelix/processed/all-v1.csv,,,,synthesis_method=unknow; measured_temperature=RT; amorphous=unknow; source_year=1994,,,,,
kxh,Li0.34Pr0.56Ti1O3.01,,Li0.34 Pr0.56 Ti1 O3.01,1e-06,,,,,,,,,,,perovskites,10.1016/0167-2738(94)90310-7,1,data/obelix/processed/all-v1.csv,,,,synthesis_method=unknow; measured_temperature=RT; amorphous=unknow; source_year=1994,,,,,
3we,Li0.34Nd0.55Ti1O3,,Li0.34 Nd0.55 Ti1 O3,8e-08,,,,,,,,,,,perovskites,10.1016/0167-2738(94)90310-7,1,data/obelix/processed/all-v1.csv,,,,synthesis_method=unknow; measured_temperature=RT; amorphous=unknow; source_year=1994,,,,,
i6k,Li0.38Sm0.52Ti1O2.97,,Li0.38 Sm0.52 Ti1 O2.97,2e-07,,,,,,,,,,,perovskites,10.1016/0167-2738(94)90310-7,1,data/obelix/processed/all-v1.csv,,,,IC number should be read from the graph; synthesis_method=unknow; measured_temperature=RT; amorphous=unknow; source_year=1994,,,,,
uxo,Li2.88P1N0.14O3.73,,Li2.88 P1 N0.14 O3.73,1.4e-13,,,,,,,,,,,LISICON,10.1006/jssc.1995.1140,1,data/obelix/processed/all-v1.csv,,,,refer 79426-ICSD; po information is missing; synthesis_method=unknow; measured_temperature=RT; amorphous=unknow; source_year=1995,,,,,
ux3,Li0.284Sm4.512Si3O12.91,,Li0.284 Sm4.512 Si3 O12.91,<1E-10,,,,,,,,,,,silicates,10.1016/0167-2738(95)00240-5,1,data/obelix/processed/all-v1.csv,,,,synthesis_method=unknow; measured_temperature=RT; amorphous=unknow; source_year=1996,,,,,
dnt,Li2TiCr(PO4)3,,Li2 Ti1 Cr1 P3 O12,4.41e-07,,,,,,,,,,,NASICON,10.1016/s0167-2738(96)00565-6,1,data/obelix/processed/all-v1.csv,,,,synthesis_method=unknow; measured_temperature=RT; amorphous=unknow; source_year=1997,,,,,
g5g,Li2ZrCr(PO4)3,,Li2 Zr1 Cr1 P3 O12,5.91e-07,,,,,,,,,,,NASICON,10.1016/s0167-2738(96)00565-6,1,data/obelix/processed/all-v1.csv,,,,synthesis_method=unknow; measured_temperature=RT; amorphous=unknow; source_year=1997,,,,,
hpu,Li2HfCr(PO4)3,,Li2 Hf1 Cr1 P3 O12,4.2e-08,,,,,,,,,,,NASICON,10.1016/s0167-2738(96)00565-6,1,data/obelix/processed/all-v1.csv,,,,synthesis_method=unknow; measured_temperature=RT; amorphous=unknow; source_year=1997,,,,,
c6h,Li2TiFe(PO4)3,,Li2 Ti1 Fe1 P3 O12,3.34e-07,,,,,,,,,,,NASICON,10.1016/s0167-2738(96)00565-6,1,data/obelix/processed/all-v1.csv,,,,synthesis_method=unknow; measured_temperature=RT; amorphous=unknow; source_year=1997,,,,,
vzu,Li2ZrFe(PO4)3,,Li2 Zr1 Fe1 P3 O12,1.44e-07,,,,,,,,,,,NASICON,10.1016/s0167-2738(96)00565-6,1,data/obelix/processed/all-v1.csv,,,,synthesis_method=unknow; measured_temperature=RT; amorphous=unknow; source_year=1997,,,,,
a3e,Li2HfIn(PO4)3,,Li2 Hf1 In1 P3 O12,2.74e-08,,,,,,,,,,,NASICON,10.1016/s0167-2738(96)00565-6,1,data/obelix/processed/all-v1.csv,,,,synthesis_method=unknow; measured_temperature=RT; amorphous=unknow; source_year=1997,,,,,
ubi,Li2TiIn(PO4)3,,Li2 Ti1 In1 P3 O12,8.3e-06,,,,,,,,,,,NASICON,10.1016/s0167-2738(96)00565-6,1,data/obelix/processed/all-v1.csv,,,,synthesis_method=unknow; measured_temperature=RT; amorphous=unknow; source_year=1997,,,,,
9z8,Li2ZrIn(PO4)3,,Li2 Zr1 In1 P3 O12,8.22e-08,,,,,,,,,,,NASICON,10.1016/s0167-2738(96)00565-6,1,data/obelix/processed/all-v1.csv,,,,synthesis_method=unknow; measured_temperature=RT; amorphous=unknow; source_year=1997,,,,,
t3k,Li1.9Mn0.9Ga0.1Cl4,,Li1.9 Mn0.9 Ga0.1 Cl4,2.37e-07,,,,,,,,,,,chlorides,10.1016/s0167-2738(96)00592-9,1,data/obelix/processed/all-v1.csv,,,,synthesis_method=unknow; measured_temperature=RT; amorphous=unknow; source_year=1997,,,,,
uxi,Li1.65Mn0.65In0.35Cl4,,Li1.65 Mn0.65 In0.35 Cl4,9.9e-08,,,,,,,,,,,chlorides,10.1016/s0167-2738(96)00592-9,1,data/obelix/processed/all-v1.csv,,,,synthesis_method=unknow; measured_temperature=RT; amorphous=unknow; source_year=1997,,,,,
w1l,Sr0.5Li0.5Ta0.75Cr0.25O3,,Sr0.5 Li0.5 Ta0.75 Cr0.25 O3,6e-05,,,,,,,,,,,perovskites,10.1016/s0378-7753(97)02645-1,1,data/obelix/processed/all-v1.csv,,,,synthesis_method=unknow; measured_temperature=RT; amorphous=unknow; source_year=1997,,,,,
jce,Sr0.5Li0.5Ta0.75Fe0.25O3,,Sr0.5 Li0.5 Ta0.75 Fe0.25 O3,0.0001,,,,,,,,,,,perovskites,10.1016/s0378-7753(97)02645-1,1,data/obelix/processed/all-v1.csv,,,,synthesis_method=unknow; measured_temperature=RT; amorphous=unknow; source_year=1997,,,,,
ix1,Li0.91Hf2.022P3O12,,Li0.91 Hf2.022 P3 O12,3.2e-07,,,,,,,,,,,NASICON,10.1021/cm970078n,1,data/obelix/processed/all-v1.csv,,,,true formula: Hf2.032 Li0.87 O12 P3;  partial occupancy corrected; synthesis_method=unknow; measured_temperature=RT; amorphous=unknow; source_year=1997,,,,,
z7n,Li0.86Hf2.035P3O12,,Li0.86 Hf2.035 P3 O12,9.2e-08,,,,,,,,,,,NASICON,10.1021/cm970078n,1,data/obelix/processed/all-v1.csv,,,,double check with ID 11; synthesis_method=unknow; measured_temperature=RT; amorphous=unknow; source_year=1997,,,,,
86o,Li0.18La0.61Ti1O3,,Li0.18 La0.61 Ti1 O3,0.000412,,,,,,,,,,,perovskites,10.1016/s0167-2738(98)00070-8,1,data/obelix/processed/all-v1.csv,,,,synthesis_method=unknow; measured_temperature=RT; amorphous=unknow; source_year=1998,,,,,
2lu,Li0.36La0.55Ti1O3,,Li0.36 La0.55 Ti1 O3,0.000688,,,,,,,,,,,perovskites,10.1016/s0167-2738(98)00070-8,1,data/obelix/processed/all-v1.csv,,,,synthesis_method=退火（有序相，P4/mmm）; measured_temperature=RT; amorphous=unknow; source_year=1998,,,,,
bd5,Li0.39La0.54Ti1O3,,Li0.39 La0.54 Ti1 O3,0.000651,,,,,,,,,,,perovskites,10.1016/s0167-2738(98)00070-8,1,data/obelix/processed/all-v1.csv,,,,synthesis_method=退火（有序相，P4/mmm）; measured_temperature=RT; amorphous=unknow; source_year=1998,,,,,
ukw,Li0.45La0.52Ti1O3,,Li0.45 La0.52 Ti1 O3,0.000501,,,,,,,,,,,perovskites,10.1016/s0167-2738(98)00070-8,1,data/obelix/processed/all-v1.csv,,,,synthesis_method=退火（有序相，P4/mmm）; measured_temperature=RT; amorphous=unknow; source_year=1998,,,,,
5h8,Li0.27La0.58Ti1O3,,Li0.27 La0.58 Ti1 O3,0.000599,,,,,,,,,,,perovskites,10.1016/s0167-2738(98)00070-8,1,data/obelix/processed/all-v1.csv,,,,synthesis_method=退火（有序相，P4/mmm）; measured_temperature=RT; amorphous=unknow; source_year=1998,,,,,
epv,Li0.27La0.58Ti1O3,,Li0.27 La0.58 Ti1 O3,0.000832,,,,,,,,,,,perovskites,10.1016/s0167-2738(98)00070-8,1,data/obelix/processed/all-v1.csv,,,,synthesis_method=淬火（无序相，Pm-3m）; measured_temperature=RT; amorphous=unknow; source_year=1998,,,,,
yhc,Li0.36La0.55Ti1O3,,Li0.36 La0.55 Ti1 O3,0.00154,,,,,,,,,,,perovskites,10.1016/s0167-2738(98)00070-8,1,data/obelix/processed/all-v1.csv,,,,synthesis_method=淬火（无序相，Pm-3m）; measured_temperature=RT; amorphous=unknow; source_year=1998,,,,,
q3c,Li0.39La0.54Ti1O3,,Li0.39 La0.54 Ti1 O3,0.00125,,,,,,,,,,,perovskites,10.1016/s0167-2738(98)00070-8,1,data/obelix/processed/all-v1.csv,,,,synthesis_method=淬火（无序相，Pm-3m）; measured_temperature=RT; amorphous=unknow; source_year=1998,,,,,
pdv,Li0.45La0.52Ti1O3,,Li0.45 La0.52 Ti1 O3,0.000785,,,,,,,,,,,perovskites,10.1016/s0167-2738(98)00070-8,1,data/obelix/processed/all-v1.csv,,,,synthesis_method=淬火（无序相，Pm-3m）; measured_temperature=RT; amorphous=unknow; source_year=1998,,,,,
dl7,Li2MgTi3O8,,Li2 Mg1 Ti3 O8,<1E-10,,,,,,,,,,,oxides,10.1039/a800234g,1,data/obelix/processed/all-v1.csv,,,,synthesis_method=unknow; measured_temperature=RT; amorphous=unknow; source_year=1998,,,,,
i12,Li2Ti3CoO8,,Li2 Ti3 Co1 O8,<1E-10,,,,,,,,,,,oxides,10.1039/a800234g,1,data/obelix/processed/all-v1.csv,,,,synthesis_method=unknow; measured_temperature=RT; amorphous=unknow; source_year=1998,,,,,
aui,Li2CoGe3O8,,Li2 Co1 Ge3 O8,<1E-10,,,,,,,,,,,oxides,10.1039/a800234g,1,data/obelix/processed/all-v1.csv,,,,synthesis_method=unknow; measured_temperature=RT; amorphous=unknow; source_year=1998,,,,,
mfs,Li2ZnGe3O8,,Li2 Zn1 Ge3 O8,<1E-10,,,,,,,,,,,oxides,10.1039/a800234g,1,data/obelix/processed/all-v1.csv,,,,synthesis_method=unknow; measured_temperature=RT; amorphous=unknow; source_year=1998,,,,,
il5,Li0.25Nd0.25Ta1O3,,Li0.25 Nd0.25 Ta1 O3,1.31e-08,,,,,,,,,,,perovskites,10.1016/s0167-2738(98)00414-7,1,data/obelix/processed/all-v1.csv,,,,synthesis_method=unknow; measured_temperature=RT; amorphous=unknow; source_year=1999,,,,,
r1m,Li0.25Sm0.25Ta1O3,,Li0.25 Sm0.25 Ta1 O3,4.32e-10,,,,,,,,,,,perovskites,10.1016/s0167-2738(98)00414-7,1,data/obelix/processed/all-v1.csv,,,,synthesis_method=unknow; measured_temperature=RT; amorphous=unknow; source_year=1999,,,,,
o23,Li0.25La0.25Ta1O3,,Li0.25 La0.25 Ta1 O3,2.61e-05,,,,,,,,,,,perovskites,10.1016/s0167-2738(98)00414-7,1,data/obelix/processed/all-v1.csv,,,,synthesis_method=unknow; measured_temperature=RT; amorphous=unknow; source_year=1999,,,,,
za6,Li1.1Al0.1Ge1.9P3O12,,Li1.1 Al0.1 Ge1.9 P3 O12,2.9e-06,,,,,,,,,,,NASICON,10.1016/s0955-2219(99)00055-2,1,data/obelix/processed/all-v1.csv,,,,synthesis_method=unknow; measured_temperature=RT; amorphous=unknow; source_year=1999,,,,,
ag1,Li1.3Al0.3Ge1.7P3O12,,Li1.3 Al0.3 Ge1.7 P3 O12,3.9e-05,,,,,,,,,,,NASICON,10.1016/s0955-2219(99)00055-2,1,data/obelix/processed/all-v1.csv,,,,synthesis_method=unknow; measured_temperature=RT; amorphous=unknow; source_year=1999,,,,,
u5t,Li1.5Al0.5Ge1.5P3O12,,Li1.5 Al0.5 Ge1.5 P3 O12,0.00028,,,,,,,,,,,NASICON,10.1016/s0955-2219(99)00055-2,1,data/obelix/processed/all-v1.csv,,,,synthesis_method=unknow; measured_temperature=RT; amorphous=unknow; source_year=1999,,,,,
0y6,Li1.6Al0.6Ge1.4P3O12,,Li1.6 Al0.6 Ge1.4 P3 O12,0.00014,,,,,,,,,,,NASICON,10.1016/s0955-2219(99)00055-2,1,data/obelix/processed/all-v1.csv,,,,synthesis_method=unknow; measured_temperature=RT; amorphous=unknow; source_year=1999,,,,,
tp2,Li1.6Ti1.4Al0.6P3O12,,Li1.6 Ti1.4 Al0.6 P3 O12,2.3e-05,,,,,,,,,,,NASICON,10.1016/s0955-2219(99)00055-2,1,data/obelix/processed/all-v1.csv,,,,synthesis_method=unknow; measured_temperature=RT; amorphous=unknow; source_year=1999,,,,,
xq3,Sr3Li4Nb5.77Fe0.23O19.77,,Sr3 Li4 Nb5.77 Fe0.23 O19.77,<1E-10,,,,,,,,,,,perovskites,10.1021/cm980736j,1,data/obelix/processed/all-v1.csv,,,,partial occupancy incorrect; synthesis_method=unknow; measured_temperature=RT; amorphous=unknow; source_year=1999,,,,,
wgw,Sr3Li4Nb6O20,,Sr3 Li4 Nb6 O20,<1E-10,,,,,,,,,,,perovskites,10.1021/cm980736j,1,data/obelix/processed/all-v1.csv,,,,partial occupancy incorrect; synthesis_method=unknow; measured_temperature=RT; amorphous=unknow; source_year=1999,,,,,
lc1,Li1.2Ta0.9Al1.1P3O12,,Li1.2 Ta0.9 Al1.1 P3 O12,6.5e-07,,,,,,,,,,,NASICON,10.1039/a807007e,1,data/obelix/processed/all-v1.csv,,,,synthesis_method=unknow; measured_temperature=RT; amorphous=unknow; source_year=1999,,,,,
sxv,LiTaAl(PO4)3,,Li1 Ta1 Al1 P3 O12,6.5e-07,,,,,,,,,,,NASICON,10.1039/a807007e,1,data/obelix/processed/all-v1.csv,,,,synthesis_method=unknow; measured_temperature=RT; amorphous=unknow; source_year=1999,,,,,
e6b,Li4GeS4,,Li4 Ge1 S4,2e-07,,,,,,,,,,,thio-LISICON,10.1016/s0167-2738(00)00277-0,1,data/obelix/processed/all-v1.csv,,,,partial occupancy corrected; synthesis_method=unknow; measured_temperature=RT; amorphous=unknow; source_year=2000,,,,,
be9,LiGaBr4,,Li1 Ga1 Br4,7e-06,,,,,,,,,,,halides,10.1016/s0167-2738(00)00491-4,1,data/obelix/processed/all-v1.csv,,,,synthesis_method=unknow; measured_temperature=RT; amorphous=unknow; source_year=2000,,,,,
7kf,Li1.7Ti1.6Al0.3P3O12,,Li1.7 Ti1.6 Al0.3 P3 O12,0.00122,,,,,,,,,,,NASICON,10.1016/s0167-2738(00)00493-8,1,data/obelix/processed/all-v1.csv,,,,ic # check; synthesis_method=unknow; measured_temperature=RT; amorphous=unknow; source_year=2000,,,,,
cy2,Li0.08La0.64Ti1O3,,Li0.08 La0.64 Ti1 O3,0.000335,,,,,,,,,,,perovskites,10.1016/s0167-2738(00)00761-x,1,data/obelix/processed/all-v1.csv,,,,synthesis_method=unknow; measured_temperature=RT; amorphous=unknow; source_year=2000,,,,,
5tl,Li0.14La0.62Ti1O3,,Li0.14 La0.62 Ti1 O3,0.000442,,,,,,,,,,,perovskites,10.1016/s0167-2738(00)00761-x,1,data/obelix/processed/all-v1.csv,,,,synthesis_method=unknow; measured_temperature=RT; amorphous=unknow; source_year=2000,,,,,
u2y,Li0.215La0.595Ti1O3,,Li0.215 La0.595 Ti1 O3,0.000853,,,,,,,,,,,perovskites,10.1016/s0167-2738(00)00761-x,1,data/obelix/processed/all-v1.csv,,,,synthesis_method=unknow; measured_temperature=RT; amorphous=unknow; source_year=2000,,,,,
hta,Li0.305La0.565Ti1O3,,Li0.305 La0.565 Ti1 O3,0.000957,,,,,,,,,,,perovskites,10.1016/s0167-2738(00)00761-x,1,data/obelix/processed/all-v1.csv,,,,synthesis_method=unknow; measured_temperature=RT; amorphous=unknow; source_year=2000,,,,,
s3h,Li0.5La0.5Ti1O3,,Li0.5 La0.5 Ti1 O3,0.000925,,,,,,,,,,,perovskites,10.1016/s0167-2738(00)00761-x,1,data/obelix/processed/all-v1.csv,,,,synthesis_method=unknow; measured_temperature=RT; amorphous=unknow; source_year=2000,,,,,
nua,LiLaTiO4,,Li1 La1 Ti1 O4,<1E-10,,,,,,,,,,,perovskites,10.4028/www.scientific.net/msf.321-324.965,1,data/obelix/processed/all-v1.csv,,,,synthesis_method=unknow; measured_temperature=RT; amorphous=unknow; source_year=2000,,,,,
3rx,LiNdTiO4,,Li1 Nd1 Ti1 O4,<1E-10,,,,,,,,,,,perovskites,10.4028/www.scientific.net/msf.321-324.965,1,data/obelix/processed/all-v1.csv,,,,synthesis_method=unknow; measured_temperature=RT; amorphous=unknow; source_year=2000,,,,,
uu4,LiVO3,,Li1 V1 O3,2.05e-09,,,,,,,,,,,oxides,10.1006/jssc.2000.9009,1,data/obelix/processed/all-v1.csv,,,,synthesis_method=unknow; measured_temperature=RT; amorphous=unknow; source_year=2001,,,,,
81x,Li0.1809La0.57Ti1Ag0.0891O3,,Li0.1809 La0.57 Ti1 Ag0.0891 O3,0.0001,,,,,,,,,,,perovskites,10.1021/cm001207u,1,data/obelix/processed/all-v1.csv,,,,synthesis_method=unknow; measured_temperature=RT; amorphous=unknow; source_year=2001,,,,,
5fj,Li0.135La0.57Ti1Ag0.135O3,,Li0.135 La0.57 Ti1 Ag0.135 O3,2.3e-05,,,,,,,,,,,perovskites,10.1021/cm001207u,1,data/obelix/processed/all-v1.csv,,,,synthesis_method=unknow; measured_temperature=RT; amorphous=unknow; source_year=2001,,,,,
0vd,Li0.0891La0.57Ti1Ag0.1809O3,,Li0.0891 La0.57 Ti1 Ag0.1809 O3,2e-07,,,,,,,,,,,perovskites,10.1021/cm001207u,1,data/obelix/processed/all-v1.csv,,,,synthesis_method=unknow; measured_temperature=RT; amorphous=unknow; source_year=2001,,,,,
0lo,Li0.27La0.57Ti1O3,,Li0.27 La0.57 Ti1 O3,0.00034,,,,,,,,,,,perovskites,10.1021/cm001207u,1,data/obelix/processed/all-v1.csv,,,,synthesis_method=unknow; measured_temperature=RT; amorphous=unknow; source_year=2001,,,,,
o4u,Li3.8Ge0.8P0.2S4,,Li3.8 Ge0.8 P0.2 S4,1.78e-06,,,,,,,,,,,thio-LISICON,10.1149/1.1379028,1,data/obelix/processed/all-v1.csv,,,,synthesis_method=unknow; measured_temperature=RT; amorphous=unknow; source_year=2001,,,,,
yy9,Li3.6Ge0.6P0.4S4,,Li3.6 Ge0.6 P0.4 S4,0.000175,,,,,,,,,,,thio-LISICON,10.1149/1.1379028,1,data/obelix/processed/all-v1.csv,,,,synthesis_method=unknow; measured_temperature=RT; amorphous=unknow; source_year=2001,,,,,
mvq,Li3.4Ge0.4P0.6S4,,Li3.4 Ge0.4 P0.6 S4,0.000654,,,,,,,,,,,thio-LISICON,10.1149/1.1379028,1,data/obelix/processed/all-v1.csv,,,,synthesis_method=unknow; measured_temperature=RT; amorphous=unknow; source_year=2001,,,,,
2yl,Li3.35Ge0.35P0.65S4,,Li3.35 Ge0.35 P0.65 S4,0.00154,,,,,,,,,,,thio-LISICON,10.1149/1.1379028,1,data/obelix/processed/all-v1.csv,,,,synthesis_method=unknow; measured_temperature=RT; amorphous=unknow; source_year=2001,,,,,
5qm,Li3.3Ge0.3P0.7S4,,Li3.3 Ge0.3 P0.7 S4,0.00174,,,,,,,,,,,thio-LISICON,10.1149/1.1379028,1,data/obelix/processed/all-v1.csv,,,,synthesis_method=unknow; measured_temperature=RT; amorphous=unknow; source_year=2001,,,,,
3jh,Li3.25Ge0.25P0.75S4,,Li3.25 Ge0.25 P0.75 S4,0.0022,,,,,,,,,,,thio-LISICON,10.1149/1.1379028,1,data/obelix/processed/all-v1.csv,,,,synthesis_method=unknow; measured_temperature=RT; amorphous=unknow; source_year=2001,,,,,
j3x,Li3.2Ge0.2P0.8S4,,Li3.2 Ge0.2 P0.8 S4,0.000555,,,,,,,,,,,thio-LISICON,10.1149/1.1379028,1,data/obelix/processed/all-v1.csv,,,,synthesis_method=unknow; measured_temperature=RT; amorphous=unknow; source_year=2001,,,,,
hai,Li1.96Ca1.9P6Pb6.12O24,,Li1.96 Ca1.9 P6 Pb6.12 O24,<1E-10,,,,,,,,,,,phosphates,10.1006/jssc.2002.9596,1,data/obelix/processed/all-v1.csv,,,,synthesis_method=unknow; measured_temperature=RT; amorphous=unknow; source_year=2002,,,,,
b4c,Li4SiS4,,Li4 Si1 S4,1.59e-08,,,,,,,,,,,thio-LISICON,10.1006/jssc.2002.9701,1,data/obelix/processed/all-v1.csv,,,,synthesis_method=unknow; measured_temperature=RT; amorphous=unknow; source_year=2002,,,,,
7se,Li3.8Si0.8P0.2S4,,Li3.8 Si0.8 P0.2 S4,8.11e-07,,,,,,,,,,,thio-LISICON,10.1006/jssc.2002.9701,1,data/obelix/processed/all-v1.csv,,,,synthesis_method=unknow; measured_temperature=RT; amorphous=unknow; source_year=2002,,,,,
5e2,Li3.6Si0.6P0.4S4,,Li3.6 Si0.6 P0.4 S4,7.19e-05,,,,,,,,,,,thio-LISICON,10.1006/jssc.2002.9701,1,data/obelix/processed/all-v1.csv,,,,synthesis_method=unknow; measured_temperature=RT; amorphous=unknow; source_year=2002,,,,,
10u,Li3.2Si0.2P0.8S4,,Li3.2 Si0.2 P0.8 S4,3.2e-06,,,,,,,,,,,thio-LISICON,10.1006/jssc.2002.9701,1,data/obelix/processed/all-v1.csv,,,,synthesis_method=unknow; measured_temperature=RT; amorphous=unknow; source_year=2002,,,,,
gl0,Li4.2Al0.2Si0.8S4,,Li4.2 Al0.2 Si0.8 S4,2.4e-08,,,,,,,,,,,thio-LISICON,10.1006/jssc.2002.9701,1,data/obelix/processed/all-v1.csv,,,,synthesis_method=unknow; measured_temperature=RT; amorphous=unknow; source_year=2002,,,,,
wmr,Li4.4Al0.4Si0.6S4,,Li4.4 Al0.4 Si0.6 S4,3.05e-08,,,,,,,,,,,thio-LISICON,10.1006/jssc.2002.9701,1,data/obelix/processed/all-v1.csv,,,,synthesis_method=unknow; measured_temperature=RT; amorphous=unknow; source_year=2002,,,,,
xxq,Li4.6Al0.6Si0.4S4,,Li4.6 Al0.6 Si0.4 S4,1.46e-08,,,,,,,,,,,thio-LISICON,10.1006/jssc.2002.9701,1,data/obelix/processed/all-v1.csv,,,,synthesis_method=unknow; measured_temperature=RT; amorphous=unknow; source_year=2002,,,,,
h8o,Li4.8Al0.8Si0.2S4,,Li4.8 Al0.8 Si0.2 S4,2.29e-07,,,,,,,,,,,thio-LISICON,10.1006/jssc.2002.9701,1,data/obelix/processed/all-v1.csv,,,,synthesis_method=unknow; measured_temperature=RT; amorphous=unknow; source_year=2002,,,,,
l2w,Li3.333Mg0.333P2S6,,Li3.333 Mg0.333 P2 S6,8.2e-08,,,,,,,,,,,thio-phosphate,10.1016/s0167-2738(02)00007-3,1,data/obelix/processed/all-v1.csv,,,,partial occupancy corrected; synthesis_method=unknow; measured_temperature=RT; amorphous=unknow; source_year=2002,,,,,
ob9,Li2.667Mg0.667P2S6,,Li2.667 Mg0.667 P2 S6,4e-06,,,,,,,,,,,thio-phosphate,10.1016/s0167-2738(02)00007-3,1,data/obelix/processed/all-v1.csv,,,,partial occupancy corrected; synthesis_method=unknow; measured_temperature=RT; amorphous=unknow; source_year=2002,,,,,
lcx,Sr0.06Li0.06La0.6Ti1O3,,Sr0.06 Li0.06 La0.6 Ti1 O3,1.13e-05,,,,,,,,,,,perovskites,10.1021/cm020609u,1,data/obelix/processed/all-v1.csv,,,,lattice parameter should be checked; synthesis_method=unknow; measured_temperature=RT; amorphous=unknow; source_year=2003,,,,,
mam,Sr0.1Li0.1La0.56Ti1O3,,Sr0.1 Li0.1 La0.56 Ti1 O3,1.37e-05,,,,,,,,,,,perovskites,10.1021/cm020609u,1,data/obelix/processed/all-v1.csv,,,,lattice parameter should be checked; synthesis_method=unknow; measured_temperature=RT; amorphous=unknow; source_year=2003,,,,,
0jx,Sr0.15Li0.15La0.51Ti1O3,,Sr0.15 Li0.15 La0.51 Ti1 O3,5.3e-05,,,,,,,,,,,perovskites,10.1021/cm020609u,1,data/obelix/processed/all-v1.csv,,,,lattice parameter should be checked; synthesis_method=unknow; measured_temperature=RT; amorphous=unknow; source_year=2003,,,,,
lyq,Sr0.25Li0.25La0.41Ti1O3,,Sr0.25 Li0.25 La0.41 Ti1 O3,7.64e-05,,,,,,,,,,,perovskites,10.1021/cm020609u,1,data/obelix/processed/all-v1.csv,,,,lattice parameter should be checked; synthesis_method=unknow; measured_temperature=RT; amorphous=unknow; source_year=2003,,,,,
2tt,Sr0.275Li0.275La0.385Ti1O3,,Sr0.275 Li0.275 La0.385 Ti1 O3,6.04e-05,,,,,,,,,,,perovskites,10.1021/cm020609u,1,data/obelix/processed/all-v1.csv,,,,lattice parameter should be checked; synthesis_method=unknow; measured_temperature=RT; amorphous=unknow; source_year=2003,,,,,
xy0,Sr0.3Li0.3La0.36Ti1O3,,Sr0.3 Li0.3 La0.36 Ti1 O3,1.92e-05,,,,,,,,,,,perovskites,10.1021/cm020609u,1,data/obelix/processed/all-v1.csv,,,,lattice parameter should be checked; synthesis_method=unknow; measured_temperature=RT; amorphous=unknow; source_year=2003,,,,,
nng,Li1.6Ti0.6Al0.6Ge0.8P3O12,,Li1.6 Ti0.6 Al0.6 Ge0.8 P3 O12,0.0007,,,,,,,,,,,NASICON,10.1021/cm021717j,1,data/obelix/processed/all-v1.csv,,,,bulk Ic; synthesis_method=unknow; measured_temperature=RT; amorphous=unknow; source_year=2003,,,,,
pbz,Li3.75V0.25Ge0.75O4,,Li3.75 V0.25 Ge0.75 O4,5.66e-06,,,,,,,,,,,LISICON,10.1023/a:1026135806929,1,data/obelix/processed/all-v1.csv,,,,partial occupancy corrected; synthesis_method=unknow; measured_temperature=RT; amorphous=unknow; source_year=2003,,,,,
7ek,Li3.7Ge0.85W0.15O4,,Li3.7 Ge0.85 W0.15 O4,3.8e-05,,,,,,,,,,,LISICON,10.1023/a:1026135806929,1,data/obelix/processed/all-v1.csv,,,,partial occupancy corrected; synthesis_method=unknow; measured_temperature=RT; amorphous=unknow; source_year=2003,,,,,
2r7,Li3Cr(MoO4)3,,Li3 Cr1 Mo3 O12,3.19e-09,,,,,,,,,,,molybdates,10.1039/b301189e,1,data/obelix/processed/all-v1.csv,,,,close match: Yes；close match DOI: 10.1016/j.jssc.2009.09.012; synthesis_method=unknow; measured_temperature=RT; amorphous=unknow; source_year=2003,,,,,
b56,Li2Mg2(MoO4)3,,Li2 Mg2 Mo3 O12,<1E-10,,,,,,,,,,,molybdates,10.1039/b301189e,1,data/obelix/processed/all-v1.csv,,,,synthesis_method=unknow; measured_temperature=RT; amorphous=unknow; source_year=2003,,,,,
mfu,Li3Fe(MoO4)3,,Li3 Fe1 Mo3 O12,5.89e-10,,,,,,,,,,,molybdates,10.1039/b301189e,1,data/obelix/processed/all-v1.csv,,,,close match: Yes；close match DOI: icsd-16176; synthesis_method=unknow; measured_temperature=RT; amorphous=unknow; source_year=2003,,,,,
gas,Li0.31La0.63Ti0.9Co0.1O3,,Li0.31 La0.63 Ti0.9 Co0.1 O3,0.00026,,,,,,,,,,,perovskites,10.1016/j.mseb.2004.07.003,1,data/obelix/processed/all-v1.csv,,,,synthesis_method=unknow; measured_temperature=RT; amorphous=unknow; source_year=2004,,,,,
9ph,Li0.19La0.67Ti0.9Co0.1O3,,Li0.19 La0.67 Ti0.9 Co0.1 O3,0.000108,,,,,,,,,,,perovskites,10.1016/j.mseb.2004.07.003,1,data/obelix/processed/all-v1.csv,,,,synthesis_method=unknow; measured_temperature=RT; amorphous=unknow; source_year=2004,,,,,
86k,Li0.2Ca0.4Ta1O3,,Li0.2 Ca0.4 Ta1 O3,3.53e-09,,,,,,,,,,,perovskites,10.1016/j.solidstatesciences.2004.05.006,1,data/obelix/processed/all-v1.csv,,,,"structure avialble for x=0.15, but no conductivity; synthesis_method=unknow; measured_temperature=RT; amorphous=unknow; source_year=2004",,,,,
7e5,Li0.05La0.65Mg0.5W0.5O3,,Li0.05 La0.65 Mg0.5 W0.5 O3,1.8e-07,,,,,,,,,,,perovskites,10.1016/j.ssi.2004.05.010,1,data/obelix/processed/all-v1.csv,,,,partial occupancy corrected; synthesis_method=unknow; measured_temperature=RT; amorphous=unknow; source_year=2004,,,,,
sib,Li0.11La0.63Mg0.5W0.5O3,,Li0.11 La0.63 Mg0.5 W0.5 O3,6.8e-06,,,,,,,,,,,perovskites,10.1016/j.ssi.2004.05.010,1,data/obelix/processed/all-v1.csv,,,,partial occupancy corrected; synthesis_method=unknow; measured_temperature=RT; amorphous=unknow; source_year=2004,,,,,
r99,Li0.14La0.62Mg0.5W0.5O3,,Li0.14 La0.62 Mg0.5 W0.5 O3,1.2e-05,,,,,,,,,,,perovskites,10.1016/j.ssi.2004.05.010,1,data/obelix/processed/all-v1.csv,,,,partial occupancy corrected; synthesis_method=unknow; measured_temperature=RT; amorphous=unknow; source_year=2004,,,,,
lrh,Li2.5V2P3O12,,Li2.5 V2 P3 O12,1.9e-07,,,,,,,,,,,NASICON,10.1021/cm034802f,1,data/obelix/processed/all-v1.csv,,,,synthesis_method=unknow; measured_temperature=RT; amorphous=unknow; source_year=2004,,,,,
oi6,Li7SbO6,,Li7 Sb1 O6,6.7e-08,,,,,,,,,,,hexaoxometalates,10.1021/ic030208w,1,data/obelix/processed/all-v1.csv,,,,partial occupancy not correct; synthesis_method=unknow; measured_temperature=RT; amorphous=unknow; source_year=2004,,,,,
7ta,Li7TaO6,,Li7 Ta1 O6,2.36e-08,,,,,,,,,,,hexaoxometalates,10.1021/ic030208w,1,data/obelix/processed/all-v1.csv,,,,Missing OBLiX row reconstructed from article Tables 1 and 7；由50°C按Ea=0.68 eV外推至27°C; synthesis_method=unknow; measured_temperature=27（外推）; amorphous=unknow; source_year=2004,,,,,
7bi,Li7BiO6,,Li7 Bi1 O6,8.81e-07,,,,,,,,,,,hexaoxometalates,10.1021/ic030208w,1,data/obelix/processed/all-v1.csv,,,,Missing conductivity row reconstructed from article Table 7; no matched structure in source；由50°C按Ea=0.58 eV外推至27°C; synthesis_method=unknow; measured_temperature=27（外推）; amorphous=unknow; source_year=2004,,,,,
544,BaLi6La2Ta2O12,,Ba1 Li6 La2 Ta2 O12,4e-05,,,,,,,,,,,garnet-like,10.1002/adfm.200400044,1,data/obelix/processed/all-v1.csv,,,,synthesis_method=unknow; measured_temperature=RT; amorphous=unknow; source_year=2005,,,,,
ps0,SrLi6La2Ta2O12,,Sr1 Li6 La2 Ta2 O12,7e-06,,,,,,,,,,,garnet-like,10.1002/adfm.200400044,1,data/obelix/processed/all-v1.csv,,,,synthesis_method=unknow; measured_temperature=RT; amorphous=unknow; source_year=2005,,,,,
jqc,Li7BiO6,,Li7 Bi1 O6,1.58489e-06,,,,,,,,,,,hexaoxometalates,10.1002/zaac.200500231,1,data/obelix/processed/all-v1.csv,,,,partial occupancy not correct; synthesis_method=unknow; measured_temperature=RT; amorphous=unknow; source_year=2005,,,,,
lf5,BaLi6La2Nb2O12,,Ba1 Li6 La2 Nb2 O12,6e-06,,,,,,,,,,,garnet,10.1111/j.1551-2916.2005.00060.x,1,data/obelix/processed/all-v1.csv,,,,synthesis_method=unknow; measured_temperature=RT; amorphous=unknow; source_year=2005,,,,,
68u,Li5La3Nb2O12,,Li5 La3 Nb2 O12,8e-06,,,,,,,,,,,garnet,10.1111/j.1551-2916.2005.00060.x,1,data/obelix/processed/all-v1.csv,,,,close match: Yes；close match DOI: 10.1016/0025-5408(88)90264-4; synthesis_method=unknow; measured_temperature=RT; amorphous=unknow; source_year=2005,,,,,
gyw,SrLi6La2Ta2O12,,Sr1 Li6 La2 Ta2 O12,4.2e-06,,,,,,,,,,,garnet,10.1111/j.1551-2916.2005.00060.x,1,data/obelix/processed/all-v1.csv,,,,synthesis_method=unknow; measured_temperature=RT; amorphous=unknow; source_year=2005,,,,,
cjq,SrLi6La2Nb2O12,,Sr1 Li6 La2 Nb2 O12,4.2e-06,,,,,,,,,,,garnet,10.1111/j.1551-2916.2005.00060.x,1,data/obelix/processed/all-v1.csv,,,,duplicate with line 491; 374; synthesis_method=unknow; measured_temperature=RT; amorphous=unknow; source_year=2005,,,,,
uaz,Li6CaLa2Nb2O12,,Li6 Ca1 La2 Nb2 O12,1.6e-06,,,,,,,,,,,garnet,10.1111/j.1551-2916.2005.00060.x,1,data/obelix/processed/all-v1.csv,,,,"ic # check, was wrong paper；close match: Yes；close match DOI: 10.1016/j.cej.2019.121937; synthesis_method=unknow; measured_temperature=RT; amorphous=unknow; source_year=2005",,,,,
ihb,Li0.33La0.56Ti0.99Al0.01O2.99F0.01,,Li0.33 La0.56 Ti0.99 Al0.01 O2.99 F0.01,0.00098,,,,,,,,,,,perovskites,10.1007/s11581-006-0011-9,1,data/obelix/processed/all-v1.csv,,,,synthesis_method=unknow; measured_temperature=RT; amorphous=unknow; source_year=2006,,,,,
3k7,Li0.33La0.56Ti0.98Al0.02O2.98F0.02,,Li0.33 La0.56 Ti0.98 Al0.02 O2.98 F0.02,0.00106,,,,,,,,,,,perovskites,10.1007/s11581-006-0011-9,1,data/obelix/processed/all-v1.csv,,,,synthesis_method=unknow; measured_temperature=RT; amorphous=unknow; source_year=2006,,,,,
1sz,Li0.33La0.56Ti0.97Al0.03O2.97F0.03,,Li0.33 La0.56 Ti0.97 Al0.03 O2.97 F0.03,0.000928,,,,,,,,,,,perovskites,10.1007/s11581-006-0011-9,1,data/obelix/processed/all-v1.csv,,,,synthesis_method=unknow; measured_temperature=RT; amorphous=unknow; source_year=2006,,,,,
yh8,Li0.33La0.56Ti0.96Al0.04O2.96F0.04,,Li0.33 La0.56 Ti0.96 Al0.04 O2.96 F0.04,0.000622,,,,,,,,,,,perovskites,10.1007/s11581-006-0011-9,1,data/obelix/processed/all-v1.csv,,,,synthesis_method=unknow; measured_temperature=RT; amorphous=unknow; source_year=2006,,,,,
coh,Li0.33La0.56Ti0.95Al0.05O2.95F0.05,,Li0.33 La0.56 Ti0.95 Al0.05 O2.95 F0.05,0.000176,,,,,,,,,,,perovskites,10.1007/s11581-006-0011-9,1,data/obelix/processed/all-v1.csv,,,,synthesis_method=unknow; measured_temperature=RT; amorphous=unknow; source_year=2006,,,,,
1pw,Li0.33La0.56Ti0.94Al0.06O2.94F0.06,,Li0.33 La0.56 Ti0.94 Al0.06 O2.94 F0.06,0.000106,,,,,,,,,,,perovskites,10.1007/s11581-006-0011-9,1,data/obelix/processed/all-v1.csv,,,,synthesis_method=unknow; measured_temperature=RT; amorphous=unknow; source_year=2006,,,,,
bw3,Li0.33La0.56Ti0.93Al0.07O2.93F0.07,,Li0.33 La0.56 Ti0.93 Al0.07 O2.93 F0.07,0.000645,,,,,,,,,,,perovskites,10.1007/s11581-006-0011-9,1,data/obelix/processed/all-v1.csv,,,,synthesis_method=unknow; measured_temperature=RT; amorphous=unknow; source_year=2006,,,,,
my5,Li0.33La0.56Ti0.92Al0.08O2.92F0.08,,Li0.33 La0.56 Ti0.92 Al0.08 O2.92 F0.08,0.000494,,,,,,,,,,,perovskites,10.1007/s11581-006-0011-9,1,data/obelix/processed/all-v1.csv,,,,synthesis_method=unknow; measured_temperature=RT; amorphous=unknow; source_year=2006,,,,,
0v9,Li5.5La3Nb1.75In0.25O12,,Li5.5 La3 Nb1.75 In0.25 O12,2.4e-05,,,,,,,,,,,garnet,10.1016/j.jssc.2005.12.025,1,data/obelix/processed/all-v1.csv,,,,synthesis_method=unknow; measured_temperature=RT; amorphous=unknow; source_year=2006,,,,,
qtc,K0.25Li5.5La2.75Nb2O12,,K0.25 Li5.5 La2.75 Nb2 O12,1.06e-05,,,,,,,,,,,garnet,10.1016/j.jssc.2005.12.025,1,data/obelix/processed/all-v1.csv,,,,synthesis_method=unknow; measured_temperature=RT; amorphous=unknow; source_year=2006,,,,,
00x,LiGd(PO3)4,,Li1 Gd1 P4 O12,<1E-10,,,,,,,,,,,phosphates,10.1016/j.jssc.2006.06.003,1,data/obelix/processed/all-v1.csv,,,,synthesis_method=unknow; measured_temperature=RT; amorphous=unknow; source_year=2006,,,,,
bqx,Li3Nd3(TeO6)2,,Li3 Nd3 Te2 O12,<1E-10,,,,,,,,,,,garnet,10.1021/cm060992t,1,data/obelix/processed/all-v1.csv,,,,synthesis_method=unknow; measured_temperature=RT; amorphous=unknow; source_year=2006,,,,,
mdp,Li7P3S11,,Li7 P3 S11,0.0032,,,,,,,,,,,thio-phosphate,10.1039/c3ee41655k|10.1016/j.ssi.2007.05.020|10.1016/j.ssi.2006.04.017,1,data/obelix/processed/all-v1.csv,,,,synthesis_method=unknow; measured_temperature=RT; amorphous=unknow; source_year=2006,,,,,
4t5,LiCrSb(PO4)3,,Li1 Cr1 Sb1 P3 O12,3.57e-10,,,,,,,,,,,NASICON,10.1063/1.2357843,1,data/obelix/processed/all-v1.csv,,,,synthesis_method=unknow; measured_temperature=RT; amorphous=unknow; source_year=2006,,,,,
smk,LiAlSb(PO4)3,,Li1 Al1 Sb1 P3 O12,3.17e-08,,,,,,,,,,,NASICON,10.1063/1.2357843,1,data/obelix/processed/all-v1.csv,,,,synthesis_method=unknow; measured_temperature=RT; amorphous=unknow; source_year=2006,,,,,
vtr,LiFeSb(PO4)3,,Li1 Fe1 Sb1 P3 O12,1.37e-06,,,,,,,,,,,NASICON,10.1063/1.2357843,1,data/obelix/processed/all-v1.csv,,,,synthesis_method=unknow; measured_temperature=RT; amorphous=unknow; source_year=2006,,,,,
aax,Ba0.25Li5.25La2.75Ta2O12,,Ba0.25 Li5.25 La2.75 Ta2 O12,7.41e-06,,,,,,,,,,,garnet,10.1007/s11581-007-0097-8,1,data/obelix/processed/all-v1.csv,,,,lattice parameter double check; synthesis_method=unknow; measured_temperature=RT; amorphous=unknow; source_year=2007,,,,,
o86,Ba0.5Li5.5La2.5Ta2O12,,Ba0.5 Li5.5 La2.5 Ta2 O12,1.41e-05,,,,,,,,,,,garnet,10.1007/s11581-007-0097-8,1,data/obelix/processed/all-v1.csv,,,,lattice parameter double check; synthesis_method=unknow; measured_temperature=RT; amorphous=unknow; source_year=2007,,,,,
coi,Ba1.25Li6.25La1.75Ta2O12,,Ba1.25 Li6.25 La1.75 Ta2 O12,4.99e-05,,,,,,,,,,,garnet,10.1007/s11581-007-0097-8,1,data/obelix/processed/all-v1.csv,,,,lattice parameter double check; synthesis_method=unknow; measured_temperature=RT; amorphous=unknow; source_year=2007,,,,,
3vi,Ba1.5Li6.5La1.5Ta2O12,,Ba1.5 Li6.5 La1.5 Ta2 O12,3.08e-05,,,,,,,,,,,garnet,10.1007/s11581-007-0097-8,1,data/obelix/processed/all-v1.csv,,,,lattice parameter double check; synthesis_method=unknow; measured_temperature=RT; amorphous=unknow; source_year=2007,,,,,
vwn,Ba1.75Li6.75La1.25Ta2O12,,Ba1.75 Li6.75 La1.25 Ta2 O12,1.18e-05,,,,,,,,,,,garnet,10.1007/s11581-007-0097-8,1,data/obelix/processed/all-v1.csv,,,,lattice parameter double check; synthesis_method=unknow; measured_temperature=RT; amorphous=unknow; source_year=2007,,,,,
tlp,Ba2Li7LaTa2O12,,Ba2 Li7 La1 Ta2 O12,2.85e-06,,,,,,,,,,,garnet,10.1007/s11581-007-0097-8,1,data/obelix/processed/all-v1.csv,,,,lattice parameter double check; synthesis_method=unknow; measured_temperature=RT; amorphous=unknow; source_year=2007,,,,,
7o7,BaLi6La2Ta2O12,,Ba1 Li6 La2 Ta2 O12,2.95e-05,,,,,,,,,,,garnet,10.1007/s11581-007-0097-8,1,data/obelix/processed/all-v1.csv,,,,lattice parameter double check；close match: Yes；close match DOI: 10.1021/am4060194; synthesis_method=unknow; measured_temperature=RT; amorphous=unknow; source_year=2007,,,,,
kbq,Li5La3(BiO6)2,,Li5 La3 Bi2 O12,1.9e-05,,,,,,,,,,,garnet,10.1016/j.mseb.2007.07.009,1,data/obelix/processed/all-v1.csv,,,,synthesis_method=unknow; measured_temperature=RT; amorphous=unknow; source_year=2007,,,,,
uw9,SrLi6La2(BiO6)2,,Sr1 Li6 La2 Bi2 O12,2e-05,,,,,,,,,,,garnet,10.1016/j.mseb.2007.07.009,1,data/obelix/processed/all-v1.csv,,,,synthesis_method=unknow; measured_temperature=RT; amorphous=unknow; source_year=2007,,,,,
qy4,Na5Li3(TiS4)2,,Na5 Li3 Ti2 S8,8.8e-06,,,,,,,,,,,sulfides,10.1016/j.jssc.2008.01.023,1,data/obelix/processed/all-v1.csv,,,,synthesis_method=unknow; measured_temperature=RT; amorphous=unknow; source_year=2008,,,,,
vqu,Li5Nd3(SbO6)2,,Li5 Nd3 Sb2 O12,1.3e-07,,,,,,,,,,,garnet,10.1016/j.materresbull.2007.04.002,1,data/obelix/processed/all-v1.csv,,,,synthesis_method=unknow; measured_temperature=RT; amorphous=unknow; source_year=2008,,,,,
xog,Li5La3(SbO6)2,,Li5 La3 Sb2 O12,7.8e-06,,,,,,,,,,,garnet,10.1016/j.materresbull.2007.10.035,1,data/obelix/processed/all-v1.csv,,,,synthesis_method=unknow; measured_temperature=RT; amorphous=unknow; source_year=2008,,,,,
bi3,SrLi6La2(SbO6)2,,Sr1 Li6 La2 Sb2 O12,6.3e-06,,,,,,,,,,,garnet,10.1016/j.materresbull.2007.10.035,1,data/obelix/processed/all-v1.csv,,,,synthesis_method=unknow; measured_temperature=RT; amorphous=unknow; source_year=2008,,,,,
tbj,Li5La3(SbO6)2,,Li5 La3 Sb2 O12,3.33e-06,,,,,,,,,,,garnet,10.1016/j.ssi.2008.01.002,1,data/obelix/processed/all-v1.csv,,,,duplicate with line 536; synthesis_method=unknow; measured_temperature=RT; amorphous=unknow; source_year=2008,,,,,
gcj,Li6CaLa2Nb2O12,,Li6 Ca1 La2 Nb2 O12,1.33e-06,,,,,,,,,,,garnet,10.1016/j.ssi.2008.01.047,1,data/obelix/processed/all-v1.csv,,,,synthesis_method=unknow; measured_temperature=RT; amorphous=unknow; source_year=2008,,,,,
20k,SrLi6La2Nb2O12,,Sr1 Li6 La2 Nb2 O12,3.69e-06,,,,,,,,,,,garnet,10.1016/j.ssi.2008.01.047,1,data/obelix/processed/all-v1.csv,,,,"Value for annealed, quenched also available: 6.2e-7; synthesis_method=unknow; measured_temperature=RT; amorphous=unknow; source_year=2008",,,,,
lpt,Li4Nd3SbTeO12,,Li4 Nd3 Sb1 Te1 O12,8.7e-09,,,,,,,,,,,garnet,10.1021/cm703677q,1,data/obelix/processed/all-v1.csv,,,,synthesis_method=unknow; measured_temperature=RT; amorphous=unknow; source_year=2008,,,,,
n27,LiBO2,,Li1 B1 O2,1e-08,,,,,,,,,,,borates,10.1140/epjst/e2008-00753-4,1,data/obelix/processed/all-v1.csv,,,,"Value for nanocrystalline ceramic (16h) other values for micro, single crystal and amorphous; synthesis_method=unknow; measured_temperature=RT; amorphous=unknow; source_year=2008",,,,,
mde,LiB6O9F,,Li1 B6 O9 F1,<1E-10,,,,,,,,,,,fluorooxoborate,10.1002/zaac.200900056,1,data/obelix/processed/all-v1.csv,,,,synthesis_method=unknow; measured_temperature=RT; amorphous=unknow; source_year=2009,,,,,
jej,Li6CaLa2Ta2O12,,Li6 Ca1 La2 Ta2 O12,2.2e-06,,,,,,,,,,,garnet,10.1016/j.ssi.2008.10.022,1,data/obelix/processed/all-v1.csv,,,,synthesis_method=unknow; measured_temperature=RT; amorphous=unknow; source_year=2009,,,,,
hud,BaLi6La2Ta2O12,,Ba1 Li6 La2 Ta2 O12,1.3e-05,,,,,,,,,,,garnet,10.1016/j.ssi.2008.10.022,1,data/obelix/processed/all-v1.csv,,,,synthesis_method=unknow; measured_temperature=RT; amorphous=unknow; source_year=2009,,,,,
rgo,Li7La3Ta2O13,,Li7 La3 Ta2 O13,2.65e-06,,,,,,,,,,,garnet,10.1016/j.ssi.2009.07.002,1,data/obelix/processed/all-v1.csv,,,,synthesis_method=unknow; measured_temperature=RT; amorphous=unknow; source_year=2009,,,,,
jy6,Li6PClO5,,Li6 P1 Cl1 O5,1e-09,,,,,,,,,,,argyrodites,10.1002/zaac.201000121,1,data/obelix/processed/all-v1.csv,,,,synthesis_method=unknow; measured_temperature=RT; amorphous=unknow; source_year=2010,,,,,
jl4,Li1.07Mg0.395Ti1.535O4,,Li1.07 Mg0.395 Ti1.535 O4,6.56e-10,,,,,,,,,,,oxides,10.1016/j.ssi.2010.06.003,1,data/obelix/processed/all-v1.csv,,,,synthesis_method=unknow; measured_temperature=RT; amorphous=unknow; source_year=2010,,,,,
jkq,Li0.995Mg0.505Ti1.5O4,,Li0.995 Mg0.505 Ti1.5 O4,1.53e-11,,,,,,,,,,,oxides,10.1016/j.ssi.2010.06.003,1,data/obelix/processed/all-v1.csv,,,,synthesis_method=unknow; measured_temperature=RT; amorphous=unknow; source_year=2010,,,,,
m0v,Li1.34Ti1.66O4,,Li1.34 Ti1.66 O4,6.03e-08,,,,,,,,,,,oxides,10.1016/j.ssi.2010.06.003,1,data/obelix/processed/all-v1.csv,,,,synthesis_method=unknow; measured_temperature=RT; amorphous=unknow; source_year=2010,,,,,
6du,Li1.268Mg0.1Ti1.634O4,,Li1.268 Mg0.1 Ti1.634 O4,1.73e-08,,,,,,,,,,,oxides,10.1016/j.ssi.2010.06.003,1,data/obelix/processed/all-v1.csv,,,,synthesis_method=unknow; measured_temperature=RT; amorphous=unknow; source_year=2010,,,,,
u0c,Li1.2Mg0.2Ti1.6O4,,Li1.2 Mg0.2 Ti1.6 O4,4.24e-09,,,,,,,,,,,oxides,10.1016/j.ssi.2010.06.003,1,data/obelix/processed/all-v1.csv,,,,synthesis_method=unknow; measured_temperature=RT; amorphous=unknow; source_year=2010,,,,,
xub,Li1.14Mg0.3Ti1.56O4,,Li1.14 Mg0.3 Ti1.56 O4,1.51e-09,,,,,,,,,,,oxides,10.1016/j.ssi.2010.06.003,1,data/obelix/processed/all-v1.csv,,,,synthesis_method=unknow; measured_temperature=RT; amorphous=unknow; source_year=2010,,,,,
tvf,Li3H4IN2,,Li3 H4 I1 N2,1e-05,,,,,,,,,,,hydrides,10.1021/cm1006857,1,data/obelix/processed/all-v1.csv,,,,synthesis_method=unknow; measured_temperature=RT; amorphous=unknow; source_year=2010,,,,,
gvd,Li3N,,Li3 N1,0.0005767,,,,,,,,,,,nitrides,10.1039/c0ee00052c,1,data/obelix/processed/all-v1.csv,,,,synthesis_method=unknow; measured_temperature=RT; amorphous=unknow; source_year=2010,,,,,
883,LiAlH4,,Li1 Al1 H4,8.7e-09,,,,,,,,,,,hydrides,10.1063/1.3356981,1,data/obelix/processed/all-v1.csv,,,,synthesis_method=unknow; measured_temperature=RT; amorphous=unknow; source_year=2010,,,,,
95j,Li3AlH6,,Li3 Al1 H6,1.4e-07,,,,,,,,,,,hydrides,10.1063/1.3356981,1,data/obelix/processed/all-v1.csv,,,,synthesis_method=unknow; measured_temperature=RT; amorphous=unknow; source_year=2010,,,,,
tws,Li6Zr2O7,,Li6 Zr2 O7,5.2e-10,,,,,,,,,,,zirconates,10.3103/s1062873810050199,1,data/obelix/processed/all-v1.csv,,,,synthesis_method=unknow; measured_temperature=RT; amorphous=unknow; source_year=2010,,,,,
xz4,Li0.5Ce0.5Mo1O4,,Li0.5 Ce0.5 Mo1 O4,1.3e-08,,,,,,,,,,,molybdates,10.1007/s12039-011-0068-5,1,data/obelix/processed/all-v1.csv,,,,partial occupancy corrected; synthesis_method=unknow; measured_temperature=RT; amorphous=unknow; source_year=2011,,,,,
hja,Li0.5Ce0.25Pr0.25Mo1O4,,Li0.5 Ce0.25 Pr0.25 Mo1 O4,1e-09,,,,,,,,,,,molybdates,10.1007/s12039-011-0068-5,1,data/obelix/processed/all-v1.csv,,,,partial occupancy corrected; synthesis_method=unknow; measured_temperature=RT; amorphous=unknow; source_year=2011,,,,,
3nb,Li0.5Ce0.25Sm0.25Mo1O4,,Li0.5 Ce0.25 Sm0.25 Mo1 O4,1.8e-10,,,,,,,,,,,molybdates,10.1007/s12039-011-0068-5,1,data/obelix/processed/all-v1.csv,,,,partial occupancy corrected; synthesis_method=unknow; measured_temperature=RT; amorphous=unknow; source_year=2011,,,,,
dvs,Li7.06La3Y0.06Zr1.94O12,,Li7.06 La3 Y0.06 Zr1.94 O12,0.00081,,,,,,,,,,,garnet,10.1016/j.elecom.2011.08.014,1,data/obelix/processed/all-v1.csv,,,,synthesis_method=unknow; measured_temperature=RT; amorphous=unknow; source_year=2011,,,,,
66a,Li6.75La3Zr1.75Nb0.25O12,,Li6.75 La3 Zr1.75 Nb0.25 O12,0.0008,,,,,,,,,,,garnet,10.1016/j.jpowsour.2010.11.089,1,data/obelix/processed/all-v1.csv,,,,synthesis_method=unknow; measured_temperature=RT; amorphous=unknow; source_year=2011,,,,,
gkl,Li5La3Nb2O12,,Li5 La3 Nb2 O12,5.08e-06,,,,,,,,,,,garnet,10.1016/j.jpowsour.2011.05.031,1,data/obelix/processed/all-v1.csv,,,,ic # incorrect；close match: Yes；close match DOI: 10.1039/b514640b; synthesis_method=unknow; measured_temperature=RT; amorphous=unknow; source_year=2011,,,,,
ijh,Li5La3Y0.05Nb1.95O11.95,,Li5 La3 Y0.05 Nb1.95 O11.95,1.34e-05,,,,,,,,,,,garnet,10.1016/j.jpowsour.2011.05.031,1,data/obelix/processed/all-v1.csv,,,,synthesis_method=unknow; measured_temperature=RT; amorphous=unknow; source_year=2011,,,,,
q46,Li5La3Y0.1Nb1.9O11.9,,Li5 La3 Y0.1 Nb1.9 O11.9,1.44e-05,,,,,,,,,,,garnet,10.1016/j.jpowsour.2011.05.031,1,data/obelix/processed/all-v1.csv,,,,synthesis_method=unknow; measured_temperature=RT; amorphous=unknow; source_year=2011,,,,,
8m3,Li5La3Y0.15Nb1.85O11.85,,Li5 La3 Y0.15 Nb1.85 O11.85,5.71e-06,,,,,,,,,,,garnet,10.1016/j.jpowsour.2011.05.031,1,data/obelix/processed/all-v1.csv,,,,synthesis_method=unknow; measured_temperature=RT; amorphous=unknow; source_year=2011,,,,,
zyx,Li5La3Y0.2Nb1.8O11.8,,Li5 La3 Y0.2 Nb1.8 O11.8,9.13e-06,,,,,,,,,,,garnet,10.1016/j.jpowsour.2011.05.031,1,data/obelix/processed/all-v1.csv,,,,synthesis_method=unknow; measured_temperature=RT; amorphous=unknow; source_year=2011,,,,,
qvu,Li5La3Y0.25Nb1.75O11.75,,Li5 La3 Y0.25 Nb1.75 O11.75,9.68e-06,,,,,,,,,,,garnet,10.1016/j.jpowsour.2011.05.031,1,data/obelix/processed/all-v1.csv,,,,synthesis_method=unknow; measured_temperature=RT; amorphous=unknow; source_year=2011,,,,,
1xt,LiSbO2,,Li1 Sb1 O2,<1E-10,,,,,,,,,,,oxides,10.1021/ic201183e,1,data/obelix/processed/all-v1.csv,,,,synthesis_method=unknow; measured_temperature=RT; amorphous=unknow; source_year=2011,,,,,
ku9,Na0.1Li0.4La0.5Nb2O6,,Na0.1 Li0.4 La0.5 Nb2 O6,9.92e-06,,,,,,,,,,,perovskites,10.1134/s002016851103006x,1,data/obelix/processed/all-v1.csv,,,,partial occupancy corrected; synthesis_method=unknow; measured_temperature=RT; amorphous=unknow; source_year=2011,,,,,
9n0,Na0.2Li0.3La0.5Nb2O6,,Na0.2 Li0.3 La0.5 Nb2 O6,1.11e-05,,,,,,,,,,,perovskites,10.1134/s002016851103006x,1,data/obelix/processed/all-v1.csv,,,,partial occupancy corrected; synthesis_method=unknow; measured_temperature=RT; amorphous=unknow; source_year=2011,,,,,
ozo,Na0.3Li0.2La0.5Nb2O6,,Na0.3 Li0.2 La0.5 Nb2 O6,1.18e-05,,,,,,,,,,,perovskites,10.1134/s002016851103006x,1,data/obelix/processed/all-v1.csv,,,,partial occupancy corrected; synthesis_method=unknow; measured_temperature=RT; amorphous=unknow; source_year=2011,,,,,
h5i,Na0.4Li0.1La0.5Nb2O6,,Na0.4 Li0.1 La0.5 Nb2 O6,1.21e-05,,,,,,,,,,,perovskites,10.1134/s002016851103006x,1,data/obelix/processed/all-v1.csv,,,,"partial occupancy corrected, changed symmetry to reflect actual higher symmetry; synthesis_method=unknow; measured_temperature=RT; amorphous=unknow; source_year=2011",,,,,
o9h,Na0.43Li0.07La0.5Nb2O6,,Na0.43 Li0.07 La0.5 Nb2 O6,1.23e-05,,,,,,,,,,,perovskites,10.1134/s002016851103006x,1,data/obelix/processed/all-v1.csv,,,,partial occupancy corrected; synthesis_method=unknow; measured_temperature=RT; amorphous=unknow; source_year=2011,,,,,
4xq,Na0.46Li0.04La0.5Nb2O6,,Na0.46 Li0.04 La0.5 Nb2 O6,5.91e-06,,,,,,,,,,,perovskites,10.1134/s002016851103006x,1,data/obelix/processed/all-v1.csv,,,,partial occupancy corrected; synthesis_method=unknow; measured_temperature=RT; amorphous=unknow; source_year=2011,,,,,
0ii,Na0.48Li0.02La0.5Nb2O6,,Na0.48 Li0.02 La0.5 Nb2 O6,3.99e-06,,,,,,,,,,,perovskites,10.1134/s002016851103006x,1,data/obelix/processed/all-v1.csv,,,,partial occupancy corrected; synthesis_method=unknow; measured_temperature=RT; amorphous=unknow; source_year=2011,,,,,
1e9,Li3SbS3,,Li3 Sb1 S3,1e-09,,,,,,,,,,,sulfides,10.1002/zaac.201200277,1,data/obelix/processed/all-v1.csv,,,,synthesis_method=unknow; measured_temperature=RT; amorphous=unknow; source_year=2012,,,,,
dq4,Li1.3Sc0.2Ti1.7Al0.1P3O12,,Li1.3 Sc0.2 Ti1.7 Al0.1 P3 O12,0.000426,,,,,,,,,,,NASICON,10.1007/s10008-012-1780-x,1,data/obelix/processed/all-v1.csv,,,,refer D2 - 144; synthesis_method=unknow; measured_temperature=RT; amorphous=unknow; source_year=2012,,,,,
4uu,Li6.15La3Zr1.75Ta0.25Ga0.2O12,,Li6.15 La3 Zr1.75 Ta0.25 Ga0.2 O12,0.00041,,,,,,,,,,,garnet,10.1016/j.jpowsour.2012.01.131,1,data/obelix/processed/all-v1.csv,,,,synthesis_method=unknow; measured_temperature=RT; amorphous=unknow; source_year=2012,,,,,
sdz,Li6.15La3Zr1.75Ta0.25Al0.2O12,,Li6.15 La3 Zr1.75 Ta0.25 Al0.2 O12,0.00037,,,,,,,,,,,garnet,10.1016/j.jpowsour.2012.01.131,1,data/obelix/processed/all-v1.csv,,,,synthesis_method=unknow; measured_temperature=RT; amorphous=unknow; source_year=2012,,,,,
7w5,Li6.75La3Zr1.75Ta0.25O12,,Li6.75 La3 Zr1.75 Ta0.25 O12,0.00087,,,,,,,,,,,garnet,10.1016/j.jpowsour.2012.01.131,1,data/obelix/processed/all-v1.csv,,,,close match: Yes；close match DOI: 10.1039/c1jm14588f; synthesis_method=unknow; measured_temperature=RT; amorphous=unknow; source_year=2012,,,,,
8ee,Li6.4La3Zr2Al0.19O11.8,,Li6.4 La3 Zr2 Al0.19 O11.8,0.00031,,,,,,,,,,,garnet,10.1016/j.jpowsour.2012.02.100,1,data/obelix/processed/all-v1.csv,,,,synthesis_method=unknow; measured_temperature=RT; amorphous=unknow; source_year=2012,,,,,
3o4,Li6.25La3Zr2Ga0.25O12,,Li6.25 La3 Zr2 Ga0.25 O12,0.00035,,,,,,,,,,,garnet,10.1016/j.matchemphys.2012.03.054,1,data/obelix/processed/all-v1.csv,,,,synthesis_method=unknow; measured_temperature=RT; amorphous=unknow; source_year=2012,,,,,
ner,BaLi6La2Ta2O12,,Ba1 Li6 La2 Ta2 O12,1.69e-05,,,,,,,,,,,garnet,10.1016/j.materresbull.2012.04.032,1,data/obelix/processed/all-v1.csv,,,,synthesis_method=unknow; measured_temperature=RT; amorphous=unknow; source_year=2012,,,,,
h7r,Li1Ti1.4Sn0.6P3O12,,Li1 Ti1.4 Sn0.6 P3 O12,2.28e-05,,,,,,,,,,,NASICON,10.1016/j.physb.2011.11.006,1,data/obelix/processed/all-v1.csv,,,,partial occupancy corrected; synthesis_method=unknow; measured_temperature=RT; amorphous=unknow; source_year=2012,,,,,
9ky,Li1Ti0.6Sn1.4P3O12,,Li1 Ti0.6 Sn1.4 P3 O12,9.42e-06,,,,,,,,,,,NASICON,10.1016/j.physb.2011.11.006,1,data/obelix/processed/all-v1.csv,,,,partial occupancy corrected; synthesis_method=unknow; measured_temperature=RT; amorphous=unknow; source_year=2012,,,,,
4ea,Li1Ti0.4Sn1.6P3O12,,Li1 Ti0.4 Sn1.6 P3 O12,3.15e-06,,,,,,,,,,,NASICON,10.1016/j.physb.2011.11.006,1,data/obelix/processed/all-v1.csv,,,,partial occupancy corrected; synthesis_method=unknow; measured_temperature=RT; amorphous=unknow; source_year=2012,,,,,
x61,Li1.3Sc0.15Ti1.7Al0.15P3O12,,Li1.3 Sc0.15 Ti1.7 Al0.15 P3 O12,0.00124,,,,,,,,,,,NASICON,10.1016/j.ssi.2012.03.045,1,data/obelix/processed/all-v1.csv,,,,synthesis_method=unknow; measured_temperature=RT; amorphous=unknow; source_year=2012,,,,,
czo,Li1.3Sc0.2Ti1.7Al0.1P3O12,,Li1.3 Sc0.2 Ti1.7 Al0.1 P3 O12,0.000429,,,,,,,,,,,NASICON,10.1016/j.ssi.2012.03.045,1,data/obelix/processed/all-v1.csv,,,,synthesis_method=unknow; measured_temperature=RT; amorphous=unknow; source_year=2012,,,,,
o8s,Li1.3Sc0.3Ti1.7P3O12,,Li1.3 Sc0.3 Ti1.7 P3 O12,0.000452,,,,,,,,,,,NASICON,10.1016/j.ssi.2012.03.045,1,data/obelix/processed/all-v1.csv,,,,synthesis_method=unknow; measured_temperature=RT; amorphous=unknow; source_year=2012,,,,,
f7p,Li1.3Y0.1Ti1.7Al0.2P3O12,,Li1.3 Y0.1 Ti1.7 Al0.2 P3 O12,0.00012,,,,,,,,,,,NASICON,10.1016/j.ssi.2012.05.011,1,data/obelix/processed/all-v1.csv,,,,synthesis_method=unknow; measured_temperature=RT; amorphous=unknow; source_year=2012,,,,,
l8t,Li1.3Y0.2Ti1.7Al0.1P3O12,,Li1.3 Y0.2 Ti1.7 Al0.1 P3 O12,7.3e-05,,,,,,,,,,,NASICON,10.1016/j.ssi.2012.05.011,1,data/obelix/processed/all-v1.csv,,,,synthesis_method=unknow; measured_temperature=RT; amorphous=unknow; source_year=2012,,,,,
3tt,Li1.3Y0.15Ti1.7Al0.15P3O12,,Li1.3 Y0.15 Ti1.7 Al0.15 P3 O12,1.9e-05,,,,,,,,,,,NASICON,10.1016/j.ssi.2012.05.011,1,data/obelix/processed/all-v1.csv,,,,synthesis_method=unknow; measured_temperature=RT; amorphous=unknow; source_year=2012,,,,,
ga9,LiCeB3H12Cl,,Li1 Ce1 B3 H12 Cl1,0.000103,,,,,,,,,,,argyrodites,10.1021/cm300792t,1,data/obelix/processed/all-v1.csv,,,,synthesis_method=unknow; measured_temperature=RT; amorphous=unknow; source_year=2012,,,,,
kmv,Li4SnS4,,Li4 Sn1 S4,7e-05,,,,,,,,,,,Chalcogenidotetrelates,10.1021/cm3011315,1,data/obelix/processed/all-v1.csv,,,,synthesis_method=unknow; measured_temperature=RT; amorphous=unknow; source_year=2012,,,,,
472,Li14Nd5Si11N19O7F2,,Li14 Nd5 Si11 N19 O7 F2,1.7e-10,,,,,,,,,,,nitridosilicates,10.1021/ja302255d,1,data/obelix/processed/all-v1.csv,,,,synthesis_method=unknow; measured_temperature=RT; amorphous=unknow; source_year=2012,,,,,
trv1_0002,Li3Br0.5Cl0.5O1,,Li3 Br0.5 Cl0.5 O1,1.94e-3,,,,,,,,,,,antiperovskite,10.1021/ja308741y,1,data/obelix/processed/all-v1.csv,,,,混合卤素固溶体；系列最高值; synthesis_method=unknow; measured_temperature=RT; amorphous=否; source_year=2012,,,,,
j5g,Li6La3Y0.5Nb1.5O12,,Li6 La3 Y0.5 Nb1.5 O12,0.000188,,,,,,,,,,,garnet,10.1021/jp304737x,1,data/obelix/processed/all-v1.csv,,,,synthesis_method=unknow; measured_temperature=RT; amorphous=unknow; source_year=2012,,,,,
dvb,Li5.2La3Y0.1Nb1.9O12,,Li5.2 La3 Y0.1 Nb1.9 O12,6.39e-05,,,,,,,,,,,garnet,10.1021/jp304737x,1,data/obelix/processed/all-v1.csv,,,,synthesis_method=unknow; measured_temperature=RT; amorphous=unknow; source_year=2012,,,,,
cti,Li5.4La3Y0.2Nb1.8O12,,Li5.4 La3 Y0.2 Nb1.8 O12,6.74e-05,,,,,,,,,,,garnet,10.1021/jp304737x,1,data/obelix/processed/all-v1.csv,,,,synthesis_method=unknow; measured_temperature=RT; amorphous=unknow; source_year=2012,,,,,
2d1,Li5.5La3Y0.25Nb1.75O12,,Li5.5 La3 Y0.25 Nb1.75 O12,9.18e-05,,,,,,,,,,,garnet,10.1021/jp304737x,1,data/obelix/processed/all-v1.csv,,,,synthesis_method=unknow; measured_temperature=RT; amorphous=unknow; source_year=2012,,,,,
3rh,Li6.5La3Y0.75Nb1.25O12,,Li6.5 La3 Y0.75 Nb1.25 O12,0.00027,,,,,,,,,,,garnet,10.1021/jp304737x,1,data/obelix/processed/all-v1.csv,,,,duplicate with line 550; synthesis_method=unknow; measured_temperature=RT; amorphous=unknow; source_year=2012,,,,,
a6v,Li5.4La3Y0.75Nb1.8O12,,Li5.4 La3 Y0.75 Nb1.8 O12,2.51e-05,,,,,,,,,,,garnet,10.1021/jp304737x,1,data/obelix/processed/all-v1.csv,,,,wrong composition;  may duplicate with 548; synthesis_method=unknow; measured_temperature=RT; amorphous=unknow; source_year=2012,,,,,
v07,Li5.5La3Zr2Ga0.5O12,,Li5.5 La3 Zr2 Ga0.5 O12,0.0001,,,,,,,,,,,garnet,10.1039/c2dt31318a,1,data/obelix/processed/all-v1.csv,,,,appendix: diffraction data available; synthesis_method=unknow; measured_temperature=RT; amorphous=unknow; source_year=2012,,,,,
kji,Li6.4La3Zr1.4Ta0.6O12,,Li6.4 La3 Zr1.4 Ta0.6 O12,0.001,,,,,,,,,,,garnet,10.1039/c2jm31413d,1,data/obelix/processed/all-v1.csv,,,,close match: Yes；close match DOI: 10.2109/jcersj2.19022; synthesis_method=unknow; measured_temperature=RT; amorphous=unknow; source_year=2012,,,,,
gdr,Li6.2La3Zr1.2Ta0.8O12,,Li6.2 La3 Zr1.2 Ta0.8 O12,0.00032,,,,,,,,,,,garnet,10.1039/c2jm31413d,1,data/obelix/processed/all-v1.csv,,,,close match: Yes；close match DOI: 10.2109/jcersj2.19022; synthesis_method=unknow; measured_temperature=RT; amorphous=unknow; source_year=2012,,,,,
zqx,Li6.6La3Zr1.6Ta0.4O12,,Li6.6 La3 Zr1.6 Ta0.4 O12,0.00073,,,,,,,,,,,garnet,10.1039/c2jm31413d,1,data/obelix/processed/all-v1.csv,,,,synthesis_method=unknow; measured_temperature=RT; amorphous=unknow; source_year=2012,,,,,
o5q,Li6.8La3Zr1.8Ta0.2O12,,Li6.8 La3 Zr1.8 Ta0.2 O12,0.00028,,,,,,,,,,,garnet,10.1039/c2jm31413d,1,data/obelix/processed/all-v1.csv,,,,close match: Yes；close match DOI: 10.2109/jcersj2.19022; synthesis_method=unknow; measured_temperature=RT; amorphous=unknow; source_year=2012,,,,,
0ew,Li6La3ZrTaO12,,Li6 La3 Zr1 Ta1 O12,0.00016,,,,,,,,,,,garnet,10.1039/c2jm31413d,1,data/obelix/processed/all-v1.csv,,,,duplicate with line 510; synthesis_method=unknow; measured_temperature=RT; amorphous=unknow; source_year=2012,,,,,
l9v,Li3AlF6,,Li3 Al1 F6,5e-07,,,,,,,,,,,fluorides,10.1149/2.012206eel,1,data/obelix/processed/all-v1.csv,,,,Ball milled conducvitity; structure may be different; synthesis_method=unknow; measured_temperature=RT; amorphous=unknow; source_year=2012,,,,,
v1q,Li6.8La3Zr1.8Ta0.2O12,,Li6.8 La3 Zr1.8 Ta0.2 O12,0.00073,,,,,,,,,,,garnet,10.1149/2.024205esl,1,data/obelix/processed/all-v1.csv,,,,synthesis_method=unknow; measured_temperature=RT; amorphous=unknow; source_year=2012,,,,,
4vd,Li6.75La3Zr1.75Ta0.25O12,,Li6.75 La3 Zr1.75 Ta0.25 O12,0.00063,,,,,,,,,,,garnet,10.1149/2.024205esl,1,data/obelix/processed/all-v1.csv,,,,duplicate with line 512; synthesis_method=unknow; measured_temperature=RT; amorphous=unknow; source_year=2012,,,,,
5xk,Li6.65La3Zr1.65Ta0.35O12,,Li6.65 La3 Zr1.65 Ta0.35 O12,0.00046,,,,,,,,,,,garnet,10.1149/2.024205esl,1,data/obelix/processed/all-v1.csv,,,,synthesis_method=unknow; measured_temperature=RT; amorphous=unknow; source_year=2012,,,,,
2wb,Li6.6La3Zr1.6Ta0.4O12,,Li6.6 La3 Zr1.6 Ta0.4 O12,0.00047,,,,,,,,,,,garnet,10.1149/2.024205esl,1,data/obelix/processed/all-v1.csv,,,,close match: Yes；close match DOI: 10.2109/jcersj2.19022; synthesis_method=unknow; measured_temperature=RT; amorphous=unknow; source_year=2012,,,,,
zfg,Li6.55La3Zr1.55Ta0.45O12,,Li6.55 La3 Zr1.55 Ta0.45 O12,0.0004,,,,,,,,,,,garnet,10.1149/2.024205esl,1,data/obelix/processed/all-v1.csv,,,,synthesis_method=unknow; measured_temperature=RT; amorphous=unknow; source_year=2012,,,,,
6hq,Li6La3ZrTaO12,,Li6 La3 Zr1 Ta1 O12,0.00035,,,,,,,,,,,garnet,10.1149/2.024205esl,1,data/obelix/processed/all-v1.csv,,,,synthesis_method=unknow; measured_temperature=RT; amorphous=unknow; source_year=2012,,,,,
e6a,Li6.7La3Zr1.7Ta0.3O12,,Li6.7 La3 Zr1.7 Ta0.3 O12,0.00069,,,,,,,,,,,garnet,10.1149/2.024205esl,1,data/obelix/processed/all-v1.csv,,,,close match: Yes；close match DOI: 10.1021/acsaem.1c03632; synthesis_method=unknow; measured_temperature=RT; amorphous=unknow; source_year=2012,,,,,
85t,Li0.29La0.57Ti1O3,,Li0.29 La0.57 Ti1 O3,0.0016,,,,,,,,,,,perovskites,10.1016/j.jpowsour.2012.11.098,1,data/obelix/processed/all-v1.csv,,,,synthesis_method=unknow; measured_temperature=RT; amorphous=unknow; source_year=2013,,,,,
d6f,Li7La3Zr1.89Al0.15O12,,Li7 La3 Zr1.89 Al0.15 O12,0.00034,,,,,,,,,,,garnet,10.1016/j.jpowsour.2013.03.049,1,data/obelix/processed/all-v1.csv,,,,synthesis_method=unknow; measured_temperature=RT; amorphous=unknow; source_year=2013,,,,,
r07,Li6.75La3Zr1.875Te0.125O12,,Li6.75 La3 Zr1.875 Te0.125 O12,0.00033,,,,,,,,,,,garnet,10.1016/j.jpowsour.2013.03.166,1,data/obelix/processed/all-v1.csv,,,,synthesis_method=unknow; measured_temperature=RT; amorphous=unknow; source_year=2013,,,,,
uht,Li6.5La3Zr1.75Te0.25O12,,Li6.5 La3 Zr1.75 Te0.25 O12,0.00102,,,,,,,,,,,garnet,10.1016/j.jpowsour.2013.03.166,1,data/obelix/processed/all-v1.csv,,,,synthesis_method=unknow; measured_temperature=RT; amorphous=unknow; source_year=2013,,,,,
lpx,Li1.15Y0.15Zr1.85P3O12,,Li1.15 Y0.15 Zr1.85 P3 O12,7.1e-05,,,,,,,,,,,NASICON,10.1016/j.jpowsour.2013.03.175,1,data/obelix/processed/all-v1.csv,,,,bulk ic (total ic 7.10E-05); synthesis_method=unknow; measured_temperature=RT; amorphous=unknow; source_year=2013,,,,,
cdk,Li2PNO2,,Li2 P1 N1 O2,<1E-10,,,,,,,,,,,LIPON,10.1016/j.ssi.2012.12.013,1,data/obelix/processed/all-v1.csv,,,,synthesis_method=unknow; measured_temperature=RT; amorphous=unknow; source_year=2013,,,,,
2t8,LiVPO4F,,Li1 V1 P1 O4 F1,8.1e-07,,,,,,,,,,,Tavorite,10.1016/j.ssi.2013.04.002,1,data/obelix/processed/all-v1.csv,,,,appendix: diffraction data available; synthesis_method=unknow; measured_temperature=RT; amorphous=unknow; source_year=2013,,,,,
9lx,Li10Sn(PS6)2,,Li10 Sn1 P2 S12,0.007,,,,,,,,,,,LGPS,10.1021/ja407393y,1,data/obelix/processed/all-v1.csv,,,,synthesis_method=unknow; measured_temperature=RT; amorphous=unknow; source_year=2013,,,,,
whw,Li6.8La3Zr1.8Sb0.2O12,,Li6.8 La3 Zr1.8 Sb0.2 O12,5.9e-05,,,,,,,,,,,garnet,10.1039/c3cp50991e,1,data/obelix/processed/all-v1.csv,,,,synthesis_method=unknow; measured_temperature=RT; amorphous=unknow; source_year=2013,,,,,
duf,Li6.6La3Zr1.6Sb0.4O12,,Li6.6 La3 Zr1.6 Sb0.4 O12,0.00077,,,,,,,,,,,garnet,10.1039/c3cp50991e,1,data/obelix/processed/all-v1.csv,,,,close match: Yes；close match DOI: 10.1016/j.ssi.2019.115185; synthesis_method=unknow; measured_temperature=RT; amorphous=unknow; source_year=2013,,,,,
dll,Li6.4La3Zr1.4Sb0.6O12,,Li6.4 La3 Zr1.4 Sb0.6 O12,0.00066,,,,,,,,,,,garnet,10.1039/c3cp50991e,1,data/obelix/processed/all-v1.csv,,,,synthesis_method=unknow; measured_temperature=RT; amorphous=unknow; source_year=2013,,,,,
i90,Li6.2La3Zr1.2Sb0.8O12,,Li6.2 La3 Zr1.2 Sb0.8 O12,0.00045,,,,,,,,,,,garnet,10.1039/c3cp50991e,1,data/obelix/processed/all-v1.csv,,,,synthesis_method=unknow; measured_temperature=RT; amorphous=unknow; source_year=2013,,,,,
dm9,Li6La3ZrSbO12,,Li6 La3 Zr1 Sb1 O12,0.00026,,,,,,,,,,,garnet,10.1039/c3cp50991e,1,data/obelix/processed/all-v1.csv,,,,synthesis_method=unknow; measured_temperature=RT; amorphous=unknow; source_year=2013,,,,,
hd3,Li7GePS8,,Li7 Ge1 P1 S8,0.007,,,,,,,,,,,LGPS,10.1039/c3ee41728j,1,data/obelix/processed/all-v1.csv,,,,synthesis_method=unknow; measured_temperature=RT; amorphous=unknow; source_year=2013,,,,,
z2s,Li5.5Nd3Zr2Al0.5O12,,Li5.5 Nd3 Zr2 Al0.5 O12,3.9e-05,,,,,,,,,,,garnet,10.1039/c3ta13252h,1,data/obelix/processed/all-v1.csv,,,,synthesis_method=unknow; measured_temperature=RT; amorphous=unknow; source_year=2013,,,,,
kmr,Li10Si0.05Ge0.95P2S12,,Li10 Si0.05 Ge0.95 P2 S12,0.0086,,,,,,,,,,,thio-LISICON,10.1016/j.jpowsour.2014.07.159,1,data/obelix/processed/all-v1.csv,,,,synthesis_method=unknow; measured_temperature=RT; amorphous=unknow; source_year=2014,,,,,
47i,Li4P2O7,,Li4 P2 O7,<1E-10,,,,,,,,,,,diphosphate,10.1016/j.jssc.2013.12.015,1,data/obelix/processed/all-v1.csv,,,,synthesis_method=unknow; measured_temperature=RT; amorphous=unknow; source_year=2014,,,,,
hln,Li2Ga2GeS6,,Li2 Ga2 Ge1 S6,3.8e-08,,,,,,,,,,,sulfides,10.1016/j.ssi.2014.04.015,1,data/obelix/processed/all-v1.csv,,,,synthesis_method=unknow; measured_temperature=RT; amorphous=unknow; source_year=2014,,,,,
tzl,Li1.05Ti1.95Al0.05P3O12,,Li1.05 Ti1.95 Al0.05 P3 O12,0.0011,,,,,,,,,,,NASICON,10.1016/j.ssi.2014.07.018,1,data/obelix/processed/all-v1.csv,,,,composition should be corrected; synthesis_method=unknow; measured_temperature=RT; amorphous=unknow; source_year=2014,,,,,
d4q,Li1.05Ti1.95Cr0.05P3O12,,Li1.05 Ti1.95 Cr0.05 P3 O12,0.00018,,,,,,,,,,,NASICON,10.1016/j.ssi.2014.07.018,1,data/obelix/processed/all-v1.csv,,,,composition should be corrected; synthesis_method=unknow; measured_temperature=RT; amorphous=unknow; source_year=2014,,,,,
6he,Li1.1Ti1.9Cr0.1P3O12,,Li1.1 Ti1.9 Cr0.1 P3 O12,0.00026,,,,,,,,,,,NASICON,10.1016/j.ssi.2014.07.018,1,data/obelix/processed/all-v1.csv,,,,composition should be corrected; synthesis_method=unknow; measured_temperature=RT; amorphous=unknow; source_year=2014,,,,,
rc1,Li1.05Ti1.95Fe0.05P3O12,,Li1.05 Ti1.95 Fe0.05 P3 O12,0.00013,,,,,,,,,,,NASICON,10.1016/j.ssi.2014.07.018,1,data/obelix/processed/all-v1.csv,,,,composition should be corrected; synthesis_method=unknow; measured_temperature=RT; amorphous=unknow; source_year=2014,,,,,
lzt,Li1.1Ti1.9Fe0.1P3O12,,Li1.1 Ti1.9 Fe0.1 P3 O12,0.00063,,,,,,,,,,,NASICON,10.1016/j.ssi.2014.07.018,1,data/obelix/processed/all-v1.csv,,,,composition should be corrected; synthesis_method=unknow; measured_temperature=RT; amorphous=unknow; source_year=2014,,,,,
sqm,Ba0.5Sr0.5Li6La2Ta2O12,,Ba0.5 Sr0.5 Li6 La2 Ta2 O12,7.1e-06,,,,,,,,,,,garnet,10.1021/am4060194,1,data/obelix/processed/all-v1.csv,,,,synthesis_method=unknow; measured_temperature=RT; amorphous=unknow; source_year=2014,,,,,
zxr,SrLi6La2Ta2O12,,Sr1 Li6 La2 Ta2 O12,5.4e-06,,,,,,,,,,,garnet,10.1021/am4060194,1,data/obelix/processed/all-v1.csv,,,,synthesis_method=unknow; measured_temperature=RT; amorphous=unknow; source_year=2014,,,,,
h89,BaLi6La2Ta2O12,,Ba1 Li6 La2 Ta2 O12,1.5e-05,,,,,,,,,,,garnet,10.1021/am4060194,1,data/obelix/processed/all-v1.csv,,,,synthesis_method=unknow; measured_temperature=RT; amorphous=unknow; source_year=2014,,,,,
l9r,Li6CaLa2Ta2O12,,Li6 Ca1 La2 Ta2 O12,2.2e-06,,,,,,,,,,,garnet,10.1021/am4060194,1,data/obelix/processed/all-v1.csv,,,,synthesis_method=unknow; measured_temperature=RT; amorphous=unknow; source_year=2014,,,,,
z53,Li6.6La3Zr1.6Ta0.4O12,,Li6.6 La3 Zr1.6 Ta0.4 O12,0.000313,,,,,,,,,,,garnet,10.1021/am503731h,1,data/obelix/processed/all-v1.csv,,,,synthesis_method=unknow; measured_temperature=RT; amorphous=unknow; source_year=2014,,,,,
8y4,Li6.6La2.875Y0.125Zr1.6Ta0.4O12,,Li6.6 La2.875 Y0.125 Zr1.6 Ta0.4 O12,0.000317,,,,,,,,,,,garnet,10.1021/am503731h,1,data/obelix/processed/all-v1.csv,,,,synthesis_method=unknow; measured_temperature=RT; amorphous=unknow; source_year=2014,,,,,
ucw,Li6.6La2.75Y0.25Zr1.6Ta0.4O12,,Li6.6 La2.75 Y0.25 Zr1.6 Ta0.4 O12,0.000436,,,,,,,,,,,garnet,10.1021/am503731h,1,data/obelix/processed/all-v1.csv,,,,synthesis_method=unknow; measured_temperature=RT; amorphous=unknow; source_year=2014,,,,,
ff9,Li6.6La2.5Y0.5Zr1.6Ta0.4O12,,Li6.6 La2.5 Y0.5 Zr1.6 Ta0.4 O12,0.000226,,,,,,,,,,,garnet,10.1021/am503731h,1,data/obelix/processed/all-v1.csv,,,,synthesis_method=unknow; measured_temperature=RT; amorphous=unknow; source_year=2014,,,,,
ro9,Li3B(PO4)2,,Li3 B1 P2 O8,9.6e-12,,,,,,,,,,,Borophosphates,10.1039/c3dt52917g,1,data/obelix/processed/all-v1.csv,,,,synthesis_method=unknow; measured_temperature=RT; amorphous=unknow; source_year=2014,,,,,
dc8,Li9Mg3P4O16F3,,Li9 Mg3 P4 O16 F3,<1E-10,,,,,,,,,,,fluorophosphates,10.1039/c3ta15264b,1,data/obelix/processed/all-v1.csv,,,,synthesis_method=unknow; measured_temperature=RT; amorphous=unknow; source_year=2014,,,,,
mqo,Li3.45Si0.45P0.55S4,,Li3.45 Si0.45 P0.55 S4,0.00673,,,,,,,,,,,LGPS,10.1039/c4fd00143e,1,data/obelix/processed/all-v1.csv,,,,refer D2 - 109; 252037-ICSD; synthesis_method=unknow; measured_temperature=RT; amorphous=unknow; source_year=2014,,,,,
izs,Li3.475Si0.475P0.525S4,,Li3.475 Si0.475 P0.525 S4,0.00527,,,,,,,,,,,LGPS,10.1039/c4fd00143e,1,data/obelix/processed/all-v1.csv,,,,synthesis_method=unknow; measured_temperature=RT; amorphous=unknow; source_year=2014,,,,,
8nc,Li3.425Si0.425P0.575S4,,Li3.425 Si0.425 P0.575 S4,0.00565,,,,,,,,,,,LGPS,10.1039/c4fd00143e,1,data/obelix/processed/all-v1.csv,,,,synthesis_method=unknow; measured_temperature=RT; amorphous=unknow; source_year=2014,,,,,
xga,Li3.335Sn0.33P0.67S4,,Li3.335 Sn0.33 P0.67 S4,0.00373,,,,,,,,,,,LGPS,10.1039/c4fd00143e,1,data/obelix/processed/all-v1.csv,,,,synthesis_method=unknow; measured_temperature=RT; amorphous=unknow; source_year=2014,,,,,
xn9,Li3.3Sn0.3P0.7S4,,Li3.3 Sn0.3 P0.7 S4,0.00365,,,,,,,,,,,LGPS,10.1039/c4fd00143e,1,data/obelix/processed/all-v1.csv,,,,synthesis_method=unknow; measured_temperature=RT; amorphous=unknow; source_year=2014,,,,,
sg4,Li3.285Sn0.28P0.72S4,,Li3.285 Sn0.28 P0.72 S4,0.00436,,,,,,,,,,,LGPS,10.1039/c4fd00143e,1,data/obelix/processed/all-v1.csv,,,,synthesis_method=unknow; measured_temperature=RT; amorphous=unknow; source_year=2014,,,,,
ns3,Li3.27Sn0.27P0.73S4,,Li3.27 Sn0.27 P0.73 S4,0.00496,,,,,,,,,,,LGPS,10.1039/c4fd00143e,1,data/obelix/processed/all-v1.csv,,,,synthesis_method=unknow; measured_temperature=RT; amorphous=unknow; source_year=2014,,,,,
g8j,Li3.26Sn0.26P0.74S4,,Li3.26 Sn0.26 P0.74 S4,0.00453,,,,,,,,,,,LGPS,10.1039/c4fd00143e,1,data/obelix/processed/all-v1.csv,,,,synthesis_method=unknow; measured_temperature=RT; amorphous=unknow; source_year=2014,,,,,
bim,Li3.25Sn0.25P0.75S4,,Li3.25 Sn0.25 P0.75 S4,0.0036,,,,,,,,,,,LGPS,10.1039/c4fd00143e,1,data/obelix/processed/all-v1.csv,,,,synthesis_method=unknow; measured_temperature=RT; amorphous=unknow; source_year=2014,,,,,
02p,Li10Si(PS6)2,,Li10 Si1 P2 S12,0.0023,,,,,,,,,,,LGPS,10.1149/2.0501412jes,1,data/obelix/processed/all-v1.csv,,,,synthesis_method=unknow; measured_temperature=RT; amorphous=unknow; source_year=2014,,,,,
ueu,Li5.74La3Zr1.5Ta0.5O12,,Li5.74 La3 Zr1.5 Ta0.5 O12,0.000903,,,,,,,,,,,garnet,10.1002/aenm.201570062|10.1002/aenm.201500096,1,data/obelix/processed/all-v1.csv,,,,synthesis_method=unknow; measured_temperature=RT; amorphous=unknow; source_year=2015,,,,,
uwh,Li5.08La3Zr0.39Ta1.51O12,,Li5.08 La3 Zr0.39 Ta1.51 O12,0.000103,,,,,,,,,,,garnet,10.1002/aenm.201570062|10.1002/aenm.201500096,1,data/obelix/processed/all-v1.csv,,,,synthesis_method=unknow; measured_temperature=RT; amorphous=unknow; source_year=2015,,,,,
pe2,Li17Sb13S28,,Li17 Sb13 S28,1.05e-09,,,,,,,,,,,sulfides,10.1002/chem.201502052,1,data/obelix/processed/all-v1.csv,,,,partial occupancy corrected; synthesis_method=unknow; measured_temperature=RT; amorphous=unknow; source_year=2015,,,,,
6j9,Li1.15Ti1.85Fe0.15P3O12,,Li1.15 Ti1.85 Fe0.15 P3 O12,0.000522,,,,,,,,,,,NASICON,10.1007/s11164-013-1348-0,1,data/obelix/processed/all-v1.csv,,,,synthesis_method=unknow; measured_temperature=RT; amorphous=unknow; source_year=2015,,,,,
kfp,BaLi2P2O7,,Ba1 Li2 P2 O7,1.59881e-17,,,,,,,,,,,pyrophosphate,10.1007/s11581-014-1261-6,1,data/obelix/processed/all-v1.csv,,,,synthesis_method=unknow; measured_temperature=RT; amorphous=unknow; source_year=2015,,,,,
kkn,Li6Br3N,,Li6 Br3 N1,1e-08,,,,,,,,,,,halides,10.1016/j.jallcom.2015.01.082,1,data/obelix/processed/all-v1.csv,,,,close match: Yes；close match DOI: 10.1016/s0925-8388(97)00158-8; synthesis_method=unknow; measured_temperature=RT; amorphous=unknow; source_year=2015,,,,,
ed4,Li1.2Al0.2Ge1.8P3O12,,Li1.2 Al0.2 Ge1.8 P3 O12,7.94e-05,,,,,,,,,,,NASICON,10.1016/j.jeurceramsoc.2014.11.023,1,data/obelix/processed/all-v1.csv,,,,synthesis_method=unknow; measured_temperature=RT; amorphous=unknow; source_year=2015,,,,,
vg0,Li1.5Al0.5Ge1.5P3O12,,Li1.5 Al0.5 Ge1.5 P3 O12,0.00019,,,,,,,,,,,NASICON,10.1016/j.jeurceramsoc.2014.11.023,1,data/obelix/processed/all-v1.csv,,,,close match: Yes；close match DOI: 10.1016/j.jallcom.2020.155878; synthesis_method=unknow; measured_temperature=RT; amorphous=unknow; source_year=2015,,,,,
7cr,NaLi2B(PO4)2,,Na1 Li2 B1 P2 O8,4.4e-18,,,,,,,,,,,Borophosphates,10.1016/j.jssc.2014.11.024,1,data/obelix/processed/all-v1.csv,,,,synthesis_method=unknow; measured_temperature=RT; amorphous=unknow; source_year=2015,,,,,
72f,Li6.26La3Zr2Al0.24O12,,Li6.26 La3 Zr2 Al0.24 O12,0.00021,,,,,,,,,,,garnet,10.1016/j.ssi.2015.04.011,1,data/obelix/processed/all-v1.csv,,,,synthesis_method=unknow; measured_temperature=RT; amorphous=unknow; source_year=2015,,,,,
bq9,Li3BiO3,,Li3 Bi1 O3,2.4e-10,,,,,,,,,,,oxides,10.1016/j.ssi.2015.10.016,1,data/obelix/processed/all-v1.csv,,,,D - Rhi - 1_si_1_ Li3BiO3；close match: Yes；close match DOI: 10.1002/zaac.19895760119; synthesis_method=unknow; measured_temperature=RT; amorphous=unknow; source_year=2015,,,,,
skm,Li5BiO5,,Li5 Bi1 O5,3.9e-09,,,,,,,,,,,oxides,10.1016/j.ssi.2015.10.016,1,data/obelix/processed/all-v1.csv,,,,D - Rhi - 1_si_2_ Li5BiO5; synthesis_method=unknow; measured_temperature=RT; amorphous=unknow; source_year=2015,,,,,
x2i,LiBiO2,,Li1 Bi1 O2,3.8e-08,,,,,,,,,,,oxides,10.1016/j.ssi.2015.10.016,1,data/obelix/processed/all-v1.csv,,,,close match: Yes；close match DOI: icsd-46022; synthesis_method=unknow; measured_temperature=RT; amorphous=unknow; source_year=2015,,,,,
d7f,Li3BiO4,,Li3 Bi1 O4,4.1e-10,,,,,,,,,,,oxides,10.1016/j.ssi.2015.10.016,1,data/obelix/processed/all-v1.csv,,,,close match: Yes；close match DOI: icsd-109087; synthesis_method=unknow; measured_temperature=RT; amorphous=unknow; source_year=2015,,,,,
goi,LiH7C3NClO,,Li1 H7 C3 N1 Cl1 O1,0.00016,,,,,,,,,,,organic_salts,10.1021/acs.chemmater.5b00940,1,data/obelix/processed/all-v1.csv,,,,synthesis_method=unknow; measured_temperature=RT; amorphous=unknow; source_year=2015,,,,,
5z8,Li5.72La3Zr1.5Al0.26W0.25O12,,Li5.72 La3 Zr1.5 Al0.26 W0.25 O12,0.00049,,,,,,,,,,,garnet,10.1021/acs.chemmater.5b02429,1,data/obelix/processed/all-v1.csv,,,,composition check; synthesis_method=unknow; measured_temperature=RT; amorphous=unknow; source_year=2015,,,,,
5d6,Li6.8La3Zr1.9Mo0.1O12,,Li6.8 La3 Zr1.9 Mo0.1 O12,8e-05,,,,,,,,,,,garnet,10.1021/acs.inorgchem.5b01895,1,data/obelix/processed/all-v1.csv,,,,synthesis_method=unknow; measured_temperature=RT; amorphous=unknow; source_year=2015,,,,,
ciq,Li6.6La3Zr1.8Mo0.2O12,,Li6.6 La3 Zr1.8 Mo0.2 O12,0.000311,,,,,,,,,,,garnet,10.1021/acs.inorgchem.5b01895,1,data/obelix/processed/all-v1.csv,,,,synthesis_method=unknow; measured_temperature=RT; amorphous=unknow; source_year=2015,,,,,
suz,Li6.4La3Zr1.7Mo0.3O12,,Li6.4 La3 Zr1.7 Mo0.3 O12,0.000369,,,,,,,,,,,garnet,10.1021/acs.inorgchem.5b01895,1,data/obelix/processed/all-v1.csv,,,,synthesis_method=unknow; measured_temperature=RT; amorphous=unknow; source_year=2015,,,,,
1tk,Li6.2La3Zr1.6Mo0.4O12,,Li6.2 La3 Zr1.6 Mo0.4 O12,0.00034,,,,,,,,,,,garnet,10.1021/acs.inorgchem.5b01895,1,data/obelix/processed/all-v1.csv,,,,synthesis_method=unknow; measured_temperature=RT; amorphous=unknow; source_year=2015,,,,,
9o6,Li6.5La3Zr1.75Mo0.25O12,,Li6.5 La3 Zr1.75 Mo0.25 O12,0.000333,,,,,,,,,,,garnet,10.1021/acs.inorgchem.5b01895,1,data/obelix/processed/all-v1.csv,,,,synthesis_method=unknow; measured_temperature=RT; amorphous=unknow; source_year=2015,,,,,
xas,Li2SnS3,,Li2 Sn1 S3,1.5e-05,,,,,,,,,,,sulfides,10.1021/cm5037524,1,data/obelix/processed/all-v1.csv,,,,synthesis_method=unknow; measured_temperature=RT; amorphous=unknow; source_year=2015,,,,,
pwr,Li7.22Si1.5P0.5O8,,Li7.22 Si1.5 P0.5 O8,1.64e-07,,,,,,,,,,,LISICON,10.1021/jacs.5b04444,1,data/obelix/processed/all-v1.csv,,,,partial occupancy corrected; synthesis_method=unknow; measured_temperature=RT; amorphous=unknow; source_year=2015,,,,,
fj5,Li6.5Si0.5P1.5O8,,Li6.5 Si0.5 P1.5 O8,4.49e-07,,,,,,,,,,,LISICON,10.1021/jacs.5b04444,1,data/obelix/processed/all-v1.csv,,,,partial occupancy corrected; synthesis_method=unknow; measured_temperature=RT; amorphous=unknow; source_year=2015,,,,,
wa3,Li51.2La24Zr16Al1.6O96,,Li51.2 La24 Zr16 Al1.6 O96,0.000254,,,,,,,,,,,garnet,10.1038/srep18053,1,data/obelix/processed/all-v1.csv,,,,"Z, composition incorrect; synthesis_method=unknow; measured_temperature=RT; amorphous=unknow; source_year=2015",,,,,
l6h,Li49.6La24Zr14.4Ta1.6Al1.6O96,,Li49.6 La24 Zr14.4 Ta1.6 Al1.6 O96,0.000614,,,,,,,,,,,garnet,10.1038/srep18053,1,data/obelix/processed/all-v1.csv,,,,synthesis_method=unknow; measured_temperature=RT; amorphous=unknow; source_year=2015,,,,,
52b,Li10.05Ge1.05P1.95S12,,Li10.05 Ge1.05 P1.95 S12,0.0122,,,,,,,,,,,LGPS,10.1039/c4ta05231e,1,data/obelix/processed/all-v1.csv,,,,synthesis_method=unknow; measured_temperature=RT; amorphous=unknow; source_year=2015,,,,,
8po,Li10.2Ge1.2P1.8S12,,Li10.2 Ge1.2 P1.8 S12,0.0132,,,,,,,,,,,LGPS,10.1039/c4ta05231e,1,data/obelix/processed/all-v1.csv,,,,synthesis_method=unknow; measured_temperature=RT; amorphous=unknow; source_year=2015,,,,,
ya8,Li10.5Ge1.5P1.5S12,,Li10.5 Ge1.5 P1.5 S12,0.011,,,,,,,,,,,LGPS,10.1039/c4ta05231e,1,data/obelix/processed/all-v1.csv,,,,synthesis_method=unknow; measured_temperature=RT; amorphous=unknow; source_year=2015,,,,,
824,Li10.35Ge1.35P1.65S12,,Li10.35 Ge1.35 P1.65 S12,0.0144,,,,,,,,,,,LGPS,10.1039/c4ta05231e,1,data/obelix/processed/all-v1.csv,,,,synthesis_method=unknow; measured_temperature=RT; amorphous=unknow; source_year=2015,,,,,
nip,Li9.81Sn0.81P2.19S12,,Li9.81 Sn0.81 P2.19 S12,0.0055,,,,,,,,,,,LGPS,10.1107/s2052520615022283,1,data/obelix/processed/all-v1.csv,,,,partial occupancy corrected; synthesis_method=unknow; measured_temperature=RT; amorphous=unknow; source_year=2015,,,,,
k4x,Li10.35Si1.35P1.65S12,,Li10.35 Si1.35 P1.65 S12,0.0065,,,,,,,,,,,LGPS,10.1107/s2052520615022283,1,data/obelix/processed/all-v1.csv,,,,synthesis_method=unknow; measured_temperature=RT; amorphous=unknow; source_year=2015,,,,,
hx7,Li2HBrO,,Li2 H1 Br1 O1,1.2e-06,,,,,,,,,,,antiperovskite,10.1002/ange.201604554,1,data/obelix/processed/all-v1.csv,,,,close match: Yes；close match DOI: 10.1016/0022-5088(81)90132-6; synthesis_method=unknow; measured_temperature=RT; amorphous=unknow; source_year=2016,,,,,
f5n,Li2H0.9Cl1O0.9F0.1,,Li2 H0.9 Cl1 O0.9 F0.1,3.86e-05,,,,,,,,,,,antiperovskite,10.1002/anie.201604554,1,data/obelix/processed/all-v1.csv,,,,synthesis_method=unknow; measured_temperature=RT; amorphous=unknow; source_year=2016,,,,,
kbo,Sr2Li2Al(PO4)3,,Sr2 Li2 Al1 P3 O12,<1E-10,,,,,,,,,,,NASICON,10.1016/j.jssc.2016.08.006,1,data/obelix/processed/all-v1.csv,,,,synthesis_method=unknow; measured_temperature=RT; amorphous=unknow; source_year=2016,,,,,
u8r,Ba3LiZrTa5(Si2O13)2,,Ba3 Li1 Zr1 Ta5 Si4 O26,<1E-10,,,,,,,,,,,oxides,10.1016/j.ssi.2015.08.011,1,data/obelix/processed/all-v1.csv,,,,synthesis_method=unknow; measured_temperature=RT; amorphous=unknow; source_year=2016,,,,,
ecp,LiLaO2,,Li1 La1 O2,<1E-10,,,,,,,,,,,Lanthanumlithiumoxide,10.1016/j.ssi.2015.09.001,1,data/obelix/processed/all-v1.csv,,,,synthesis_method=unknow; measured_temperature=RT; amorphous=unknow; source_year=2016,,,,,
me3,Sr0.1Li1La0.9O2,,Sr0.1 Li1 La0.9 O2,6.29e-10,,,,,,,,,,,Lanthanumlithiumoxide,10.1016/j.ssi.2015.09.001,1,data/obelix/processed/all-v1.csv,,,,synthesis_method=unknow; measured_temperature=RT; amorphous=unknow; source_year=2016,,,,,
zs0,Li0.76La1Mg0.08O2,,Li0.76 La1 Mg0.08 O2,7.27e-10,,,,,,,,,,,Lanthanumlithiumoxide,10.1016/j.ssi.2015.09.001,1,data/obelix/processed/all-v1.csv,,,,synthesis_method=unknow; measured_temperature=RT; amorphous=unknow; source_year=2016,,,,,
qbb,Li3BrO,,Li3 Br1 O1,1.1e-06,,,,,,,,,,,antiperovskite,10.1016/j.ssi.2015.11.027,1,data/obelix/processed/all-v1.csv,,,,close match: Yes；close match DOI: 10.1515/znb-1989-1103; synthesis_method=unknow; measured_temperature=RT; amorphous=unknow; source_year=2016,,,,,
ptg,Li7P3S11,,Li7 P3 S11,0.0086,,,,,,,,,,,thio-phosphate,10.1021/acs.chemmater.6b02163,1,data/obelix/processed/all-v1.csv,,,,synthesis_method=unknow; measured_temperature=RT; amorphous=unknow; source_year=2016,,,,,
mtr,Li5.68La2.95Zr2Fe0.16O12,,Li5.68 La2.95 Zr2 Fe0.16 O12,0.000935,,,,,,,,,,,garnet,10.1021/acs.chemmater.6b02516,1,data/obelix/processed/all-v1.csv,,,,check the composition; synthesis_method=unknow; measured_temperature=RT; amorphous=unknow; source_year=2016,,,,,
s2v,Li5.57La2.95Zr2Fe0.19O12,,Li5.57 La2.95 Zr2 Fe0.19 O12,0.00138,,,,,,,,,,,garnet,10.1021/acs.chemmater.6b02516,1,data/obelix/processed/all-v1.csv,,,,check the composition; synthesis_method=unknow; measured_temperature=RT; amorphous=unknow; source_year=2016,,,,,
oi4,Sr0.4375Li0.375Hf0.25Ta0.75O3,,Sr0.4375 Li0.375 Hf0.25 Ta0.75 O3,0.00038,,,,,,,,,,,perovskites,10.1021/acsami.6b03070,1,data/obelix/processed/all-v1.csv,,,,synthesis_method=unknow; measured_temperature=RT; amorphous=unknow; source_year=2016,,,,,
ikh,Li9.6P3S12,,Li9.6 P3 S12,0.0012,,,,,,,,,,,LGPS,10.1038/nenergy.2016.30,1,data/obelix/processed/all-v1.csv,,,,appendix: diffraction data available; synthesis_method=unknow; measured_temperature=RT; amorphous=unknow; source_year=2016,,,,,
ete,Li9.54Si1.74P1.44S11.7Cl0.3,,Li9.54 Si1.74 P1.44 S11.7 Cl0.3,0.025,,,,,,,,,,,LGPS,10.1038/nenergy.2016.30,1,data/obelix/processed/all-v1.csv,,,,appendix: diffraction data available; synthesis_method=unknow; measured_temperature=RT; amorphous=unknow; source_year=2016,,,,,
opo,Li0.8Sn0.8S2,,Li0.8 Sn0.8 S2,0.00012,,,,,,,,,,,layered,10.1039/c6ee00633g,1,data/obelix/processed/all-v1.csv,,,,synthesis_method=unknow; measured_temperature=RT; amorphous=unknow; source_year=2016,,,,,
bnu,Li1Al0.5Ga0.5Ge1O4,,Li1 Al0.5 Ga0.5 Ge1 O4,<1E-10,,,,,,,,,,,oxides,10.1149/2.1111610jes,1,data/obelix/processed/all-v1.csv,,,,synthesis_method=unknow; measured_temperature=RT; amorphous=unknow; source_year=2016,,,,,
kxw,LiAlGeO4,,Li1 Al1 Ge1 O4,<1E-10,,,,,,,,,,,oxides,10.1149/2.1111610jes,1,data/obelix/processed/all-v1.csv,,,,synthesis_method=unknow; measured_temperature=RT; amorphous=unknow; source_year=2016,,,,,
um1,LiGaGeO4,,Li1 Ga1 Ge1 O4,<1E-10,,,,,,,,,,,oxides,10.1149/2.1111610jes,1,data/obelix/processed/all-v1.csv,,,,synthesis_method=unknow; measured_temperature=RT; amorphous=unknow; source_year=2016,,,,,
sg0,LiScO2,,Li1 Sc1 O2,<1E-10,,,,,,,,,,,oxides,10.2320/matertrans.y-m2016816,1,data/obelix/processed/all-v1.csv,,,,ICSD request; synthesis_method=unknow; measured_temperature=RT; amorphous=unknow; source_year=2016,,,,,
97b,Li0.9Zr0.1Sc0.9O2,,Li0.9 Zr0.1 Sc0.9 O2,<1E-10,,,,,,,,,,,oxides,10.2320/matertrans.y-m2016816,1,data/obelix/processed/all-v1.csv,,,,ICSD request; synthesis_method=unknow; measured_temperature=RT; amorphous=unknow; source_year=2016,,,,,
bt0,Ba0.05Li6.5La2.95Zr1.45Ta0.55O12,,Ba0.05 Li6.5 La2.95 Zr1.45 Ta0.55 O12,0.000832,,,,,,,,,,,garnet,10.3389/fenrg.2016.00028,1,data/obelix/processed/all-v1.csv,,,,synthesis_method=unknow; measured_temperature=RT; amorphous=unknow; source_year=2016,,,,,
dti,Ba0.1Li6.5La2.9Zr1.4Ta0.6O12,,Ba0.1 Li6.5 La2.9 Zr1.4 Ta0.6 O12,0.000834,,,,,,,,,,,garnet,10.3389/fenrg.2016.00028,1,data/obelix/processed/all-v1.csv,,,,synthesis_method=unknow; measured_temperature=RT; amorphous=unknow; source_year=2016,,,,,
7gm,Ba0.2Li6.5La2.8Zr1.3Ta0.7O12,,Ba0.2 Li6.5 La2.8 Zr1.3 Ta0.7 O12,0.000631,,,,,,,,,,,garnet,10.3389/fenrg.2016.00028,1,data/obelix/processed/all-v1.csv,,,,synthesis_method=unknow; measured_temperature=RT; amorphous=unknow; source_year=2016,,,,,
c71,Ba0.3Li6.5La2.7Zr1.2Ta0.8O12,,Ba0.3 Li6.5 La2.7 Zr1.2 Ta0.8 O12,0.000492,,,,,,,,,,,garnet,10.3389/fenrg.2016.00028,1,data/obelix/processed/all-v1.csv,,,,synthesis_method=unknow; measured_temperature=RT; amorphous=unknow; source_year=2016,,,,,
lk8,Li0.45La0.55Ti0.9Al0.1O3,,Li0.45 La0.55 Ti0.9 Al0.1 O3,0.00151,,,,,,,,,,,perovskites,10.1016/j.jallcom.2017.05.278,1,data/obelix/processed/all-v1.csv,,,,synthesis_method=unknow; measured_temperature=RT; amorphous=unknow; source_year=2017,,,,,
lud,Li0.4La0.6Ti0.8Al0.2O3,,Li0.4 La0.6 Ti0.8 Al0.2 O3,0.000568,,,,,,,,,,,perovskites,10.1016/j.jallcom.2017.05.278,1,data/obelix/processed/all-v1.csv,,,,synthesis_method=unknow; measured_temperature=RT; amorphous=unknow; source_year=2017,,,,,
vlm,Li0.35La0.65Ti0.7Al0.3O3,,Li0.35 La0.65 Ti0.7 Al0.3 O3,0.000161,,,,,,,,,,,perovskites,10.1016/j.jallcom.2017.05.278,1,data/obelix/processed/all-v1.csv,,,,synthesis_method=unknow; measured_temperature=RT; amorphous=unknow; source_year=2017,,,,,
gwu,Li0.3La0.7Ti0.6Al0.4O3,,Li0.3 La0.7 Ti0.6 Al0.4 O3,1.04e-07,,,,,,,,,,,perovskites,10.1016/j.jallcom.2017.05.278,1,data/obelix/processed/all-v1.csv,,,,synthesis_method=unknow; measured_temperature=RT; amorphous=unknow; source_year=2017,,,,,
24k,Li7Ge3PS12,,Li7 Ge3 P1 S12,0.00011,,,,,,,,,,,argyrodites,10.1016/j.jssc.2016.12.001,1,data/obelix/processed/all-v1.csv,,,,synthesis_method=unknow; measured_temperature=RT; amorphous=unknow; source_year=2017,,,,,
906,Ba0.1Li9.8Ge1P2S12,,Ba0.1 Li9.8 Ge1 P2 S12,0.000561,,,,,,,,,,,LGPS,10.1016/j.ssi.2017.01.014,1,data/obelix/processed/all-v1.csv,,,,synthesis_method=unknow; measured_temperature=RT; amorphous=unknow; source_year=2017,,,,,
fnu,Ba0.2Li9.6Ge1P2S12,,Ba0.2 Li9.6 Ge1 P2 S12,0.000572,,,,,,,,,,,LGPS,10.1016/j.ssi.2017.01.014,1,data/obelix/processed/all-v1.csv,,,,synthesis_method=unknow; measured_temperature=RT; amorphous=unknow; source_year=2017,,,,,
pfi,Ba0.3Li9.4Ge1P2S12,,Ba0.3 Li9.4 Ge1 P2 S12,0.000707,,,,,,,,,,,LGPS,10.1016/j.ssi.2017.01.014,1,data/obelix/processed/all-v1.csv,,,,synthesis_method=unknow; measured_temperature=RT; amorphous=unknow; source_year=2017,,,,,
f0h,Ba0.4Li9.2Ge1P2S12,,Ba0.4 Li9.2 Ge1 P2 S12,0.000316,,,,,,,,,,,LGPS,10.1016/j.ssi.2017.01.014,1,data/obelix/processed/all-v1.csv,,,,synthesis_method=unknow; measured_temperature=RT; amorphous=unknow; source_year=2017,,,,,
7iw,Ba0.5Li9Ge1P2S12,,Ba0.5 Li9 Ge1 P2 S12,9.98e-05,,,,,,,,,,,LGPS,10.1016/j.ssi.2017.01.014,1,data/obelix/processed/all-v1.csv,,,,synthesis_method=unknow; measured_temperature=RT; amorphous=unknow; source_year=2017,,,,,
b7v,Li5La3(BiO6)2,,Li5 La3 Bi2 O12,2.2e-05,,,,,,,,,,,garnet,10.1016/j.ssi.2017.03.030,1,data/obelix/processed/all-v1.csv,,,,synthesis_method=unknow; measured_temperature=RT; amorphous=unknow; source_year=2017,,,,,
lol,Li4PS4I,,Li4 P1 S4 I1,0.00012,,,,,,,,,,,thio-LISICON,10.1021/acs.chemmater.7b00013,1,data/obelix/processed/all-v1.csv,,,,appendix: diffraction data available; synthesis_method=unknow; measured_temperature=RT; amorphous=unknow; source_year=2017,,,,,
8ub,Li10.5Si1.2Sn0.3P1.5S12,,Li10.5 Si1.2 Sn0.3 P1.5 S12,0.00879,,,,,,,,,,,LGPS,10.1021/acs.chemmater.7b00886,1,data/obelix/processed/all-v1.csv,,,,appendix: diffraction data available; synthesis_method=unknow; measured_temperature=RT; amorphous=unknow; source_year=2017,,,,,
7tu,Li10.2Si0.96Sn0.24P1.8S12,,Li10.2 Si0.96 Sn0.24 P1.8 S12,0.00782,,,,,,,,,,,LGPS,10.1021/acs.chemmater.7b00886,1,data/obelix/processed/all-v1.csv,,,,appendix: diffraction data available; synthesis_method=unknow; measured_temperature=RT; amorphous=unknow; source_year=2017,,,,,
ui6,Li10.35Si1.08Sn0.27P1.65S12,,Li10.35 Si1.08 Sn0.27 P1.65 S12,0.011,,,,,,,,,,,LGPS,10.1021/acs.chemmater.7b00886,1,data/obelix/processed/all-v1.csv,,,,duplicated with line 204; deleted; synthesis_method=unknow; measured_temperature=RT; amorphous=unknow; source_year=2017,,,,,
cfy,LiPS3,,Li2 P2 S6,7.8e-11,,,,,,,,,,,thio-LISICON,10.1021/acs.inorgchem.7b00751,1,data/obelix/processed/all-v1.csv,,,,synthesis_method=unknow; measured_temperature=RT; amorphous=unknow; source_year=2017,,,,,
419,Li5.3La3Sm0.15Ta1.85O12,,Li5.3 La3 Sm0.15 Ta1.85 O12,7.11e-06,,,,,,,,,,,garnet,10.1021/acs.inorgchem.7b00816,1,data/obelix/processed/all-v1.csv,,,,synthesis_method=unknow; measured_temperature=RT; amorphous=unknow; source_year=2017,,,,,
c0g,Li5.5La3Sm0.25Ta1.75O12,,Li5.5 La3 Sm0.25 Ta1.75 O12,5.17e-06,,,,,,,,,,,garnet,10.1021/acs.inorgchem.7b00816,1,data/obelix/processed/all-v1.csv,,,,synthesis_method=unknow; measured_temperature=RT; amorphous=unknow; source_year=2017,,,,,
kbu,Li5.7La3Sm0.35Ta1.65O12,,Li5.7 La3 Sm0.35 Ta1.65 O12,2.15e-05,,,,,,,,,,,garnet,10.1021/acs.inorgchem.7b00816,1,data/obelix/processed/all-v1.csv,,,,synthesis_method=unknow; measured_temperature=RT; amorphous=unknow; source_year=2017,,,,,
fam,Li5.9La3Sm0.45Ta1.55O12,,Li5.9 La3 Sm0.45 Ta1.55 O12,1.18e-05,,,,,,,,,,,garnet,10.1021/acs.inorgchem.7b00816,1,data/obelix/processed/all-v1.csv,,,,synthesis_method=unknow; measured_temperature=RT; amorphous=unknow; source_year=2017,,,,,
dae,Li6.1La3Sm0.55Ta1.45O12,,Li6.1 La3 Sm0.55 Ta1.45 O12,1.4e-05,,,,,,,,,,,garnet,10.1021/acs.inorgchem.7b00816,1,data/obelix/processed/all-v1.csv,,,,synthesis_method=unknow; measured_temperature=RT; amorphous=unknow; source_year=2017,,,,,
s3r,Li4Al0.33Si0.33P0.33O4,,Li4 Al0.33 Si0.33 P0.33 O4,3.25e-06,,,,,,,,,,,LISICON,10.1021/acsami.6b14402,1,data/obelix/processed/all-v1.csv,,,,appendix: diffraction data available; synthesis_method=unknow; measured_temperature=RT; amorphous=unknow; source_year=2017,,,,,
max,Li4.25Al0.25Si0.75O4,,Li4.25 Al0.25 Si0.75 O4,2.02e-08,,,,,,,,,,,LISICON,10.1021/acsami.6b14402,1,data/obelix/processed/all-v1.csv,,,,appendix: diffraction data available; synthesis_method=unknow; measured_temperature=RT; amorphous=unknow; source_year=2017,,,,,
k5y,Li3.75Si0.75P0.25O4,,Li3.75 Si0.75 P0.25 O4,5.54e-07,,,,,,,,,,,LISICON,10.1021/acsami.6b14402,1,data/obelix/processed/all-v1.csv,,,,appendix: diffraction data available; synthesis_method=unknow; measured_temperature=RT; amorphous=unknow; source_year=2017,,,,,
9yt,Li6P1S5Br0.75Cl0.25,,Li6 P1 S5 Br0.75 Cl0.25,0.00186,,,,,,,,,,,argyrodites,10.1021/jacs.7b06327,1,data/obelix/processed/all-v1.csv,,,,synthesis_method=unknow; measured_temperature=RT; amorphous=unknow; source_year=2017,,,,,
ij5,Li6P1S5Br0.5Cl0.5,,Li6 P1 S5 Br0.5 Cl0.5,0.00333,,,,,,,,,,,argyrodites,10.1021/jacs.7b06327,1,data/obelix/processed/all-v1.csv,,,,synthesis_method=unknow; measured_temperature=RT; amorphous=unknow; source_year=2017,,,,,
ymc,Li6P1S5I0.5Br0.5,,Li6 P1 S5 I0.5 Br0.5,2.62e-05,,,,,,,,,,,argyrodites,10.1021/jacs.7b06327,1,data/obelix/processed/all-v1.csv,,,,synthesis_method=unknow; measured_temperature=RT; amorphous=unknow; source_year=2017,,,,,
kgl,Li6P1S5Br0.25Cl0.75,,Li6 P1 S5 Br0.25 Cl0.75,0.00226,,,,,,,,,,,argyrodites,10.1021/jacs.7b06327,1,data/obelix/processed/all-v1.csv,,,,synthesis_method=unknow; measured_temperature=RT; amorphous=unknow; source_year=2017,,,,,
vqj,Li6P1S5I0.25Br0.75,,Li6 P1 S5 I0.25 Br0.75,0.000112,,,,,,,,,,,argyrodites,10.1021/jacs.7b06327,1,data/obelix/processed/all-v1.csv,,,,synthesis_method=unknow; measured_temperature=RT; amorphous=unknow; source_year=2017,,,,,
h82,Li6P1S5I0.75Br0.25,,Li6 P1 S5 I0.75 Br0.25,4.72e-06,,,,,,,,,,,argyrodites,10.1021/jacs.7b06327,1,data/obelix/processed/all-v1.csv,,,,synthesis_method=unknow; measured_temperature=RT; amorphous=unknow; source_year=2017,,,,,
elz,Li3YBr6,,Li3 Y1 Br6,0.00192,,,,,,,,,,,halides,10.1002/adma.201803075,1,data/obelix/processed/all-v1.csv,,,,appendix: diffraction data available；close match: Yes；close match DOI: 10.1021/acs.chemmater.0c04352; synthesis_method=unknow; measured_temperature=RT; amorphous=unknow; source_year=2018,,,,,
y2l,Li5AlS4,,Li5 Al1 S4,1.4e-09,,,,,,,,,,,thio-LISICON,10.1016/j.jssc.2017.09.018,1,data/obelix/processed/all-v1.csv,,,,synthesis_method=unknow; measured_temperature=RT; amorphous=unknow; source_year=2018,,,,,
uex,KNa2Li3Fe2(Si2O5)6,,K1 Na2 Li3 Fe2 Si12 O30,<1E-10,,,,,,,,,,,sugilites,10.1016/j.jssc.2018.05.008,1,data/obelix/processed/all-v1.csv,,,,synthesis_method=unknow; measured_temperature=RT; amorphous=unknow; source_year=2018,,,,,
i9a,Li2.5Zn0.25P1S4,,Li2.5 Zn0.25 P1 S4,0.00084,,,,,,,,,,,sulfides,10.1021/acs.chemmater.7b05108,1,data/obelix/processed/all-v1.csv,,,,synthesis_method=unknow; measured_temperature=RT; amorphous=unknow; source_year=2018,,,,,
i47,LiZnPS4,,Li1 Zn1 P1 S4,5.4e-08,,,,,,,,,,,sulfides,10.1021/acs.chemmater.7b05108,1,data/obelix/processed/all-v1.csv,,,,close match: Yes；close match DOI: 10.1002/1521-3749(200208)628:8<1765::aid-zaac1765>3.0.co;2-e; synthesis_method=unknow; measured_temperature=RT; amorphous=unknow; source_year=2018,,,,,
dco,Li2Zn0.5P1S4,,Li2 Zn0.5 P1 S4,0.00013,,,,,,,,,,,sulfides,10.1021/acs.chemmater.7b05108,1,data/obelix/processed/all-v1.csv,,,,synthesis_method=unknow; measured_temperature=RT; amorphous=unknow; source_year=2018,,,,,
tqb,Li1.5Zn0.75P1S4,,Li1.5 Zn0.75 P1 S4,1.65e-05,,,,,,,,,,,sulfides,10.1021/acs.chemmater.7b05108,1,data/obelix/processed/all-v1.csv,,,,synthesis_method=unknow; measured_temperature=RT; amorphous=unknow; source_year=2018,,,,,
uox,Li3.7Zn0.7Ga0.3P2O8,,Li3.7 Zn0.7 Ga0.3 P2 O8,5.65e-12,,,,,,,,,,,phosphates,10.1021/acs.chemmater.7b05139,1,data/obelix/processed/all-v1.csv,,,,synthesis_method=unknow; measured_temperature=RT; amorphous=unknow; source_year=2018,,,,,
tbu,Li3.5Zn0.5Ga0.5P2O8,,Li3.5 Zn0.5 Ga0.5 P2 O8,<1E-10,,,,,,,,,,,phosphates,10.1021/acs.chemmater.7b05139,1,data/obelix/processed/all-v1.csv,,,,synthesis_method=unknow; measured_temperature=RT; amorphous=unknow; source_year=2018,,,,,
9rc,Li10Sn0.224Ge0.776P2S12,,Li10 Sn0.224 Ge0.776 P2 S12,0.0141,,,,,,,,,,,LGPS,10.1021/acs.chemmater.8b00266,1,data/obelix/processed/all-v1.csv,,,,synthesis_method=unknow; measured_temperature=RT; amorphous=unknow; source_year=2018,,,,,
13q,Li10Sn(PS6)2,,Li10 Sn1 P2 S12,0.00398,,,,,,,,,,,LGPS,10.1021/acs.chemmater.8b00266,1,data/obelix/processed/all-v1.csv,,,,lattice parameters not matching cif; synthesis_method=unknow; measured_temperature=RT; amorphous=unknow; source_year=2018,,,,,
ik8,Li10Sn0.584Ge0.416P2S12,,Li10 Sn0.584 Ge0.416 P2 S12,0.00743,,,,,,,,,,,LGPS,10.1021/acs.chemmater.8b00266,1,data/obelix/processed/all-v1.csv,,,,synthesis_method=unknow; measured_temperature=RT; amorphous=unknow; source_year=2018,,,,,
ssv,Li3V0.8P0.2O4,,Li3 V0.8 P0.2 O4,1.31e-13,,,,,,,,,,,LISICON,10.1021/acs.chemmater.8b01504,1,data/obelix/processed/all-v1.csv,,,,D_0 calculation; synthesis_method=unknow; measured_temperature=RT; amorphous=unknow; source_year=2018,,,,,
h6c,Li3VO4,,Li3 V1 O4,9.2e-14,,,,,,,,,,,LISICON,10.1021/acs.chemmater.8b01504,1,data/obelix/processed/all-v1.csv,,,,close match: Yes；close match DOI: 10.1016/s0022-4596(73)80012-x; synthesis_method=unknow; measured_temperature=RT; amorphous=unknow; source_year=2018,,,,,
e6e,Li3.2Ge0.2P0.8O4,,Li3.2 Ge0.2 P0.8 O4,1.14e-06,,,,,,,,,,,LISICON,10.1021/acs.chemmater.8b01504,1,data/obelix/processed/all-v1.csv,,,,synthesis_method=unknow; measured_temperature=RT; amorphous=unknow; source_year=2018,,,,,
ylh,Li3.2V0.8Ge0.2O4,,Li3.2 V0.8 Ge0.2 O4,1.9e-05,,,,,,,,,,,LISICON,10.1021/acs.chemmater.8b01504,1,data/obelix/processed/all-v1.csv,,,,synthesis_method=unknow; measured_temperature=RT; amorphous=unknow; source_year=2018,,,,,
eij,Li3.4Ge0.4P0.6O4,,Li3.4 Ge0.4 P0.6 O4,4.5e-06,,,,,,,,,,,LISICON,10.1021/acs.chemmater.8b01504,1,data/obelix/processed/all-v1.csv,,,,synthesis_method=unknow; measured_temperature=RT; amorphous=unknow; source_year=2018,,,,,
ldd,Li3.4V0.6Ge0.4O4,,Li3.4 V0.6 Ge0.4 O4,8.89e-07,,,,,,,,,,,LISICON,10.1021/acs.chemmater.8b01504,1,data/obelix/processed/all-v1.csv,,,,synthesis_method=unknow; measured_temperature=RT; amorphous=unknow; source_year=2018,,,,,
efb,Li3.6Ge0.6P0.4O4,,Li3.6 Ge0.6 P0.4 O4,1.1e-05,,,,,,,,,,,LISICON,10.1021/acs.chemmater.8b01504,1,data/obelix/processed/all-v1.csv,,,,synthesis_method=unknow; measured_temperature=RT; amorphous=unknow; source_year=2018,,,,,
lcm,Li3.6V0.4Ge0.6O4,,Li3.6 V0.4 Ge0.6 O4,3.19e-05,,,,,,,,,,,LISICON,10.1021/acs.chemmater.8b01504,1,data/obelix/processed/all-v1.csv,,,,synthesis_method=unknow; measured_temperature=RT; amorphous=unknow; source_year=2018,,,,,
mgs,Li3.8Ge0.8P0.2O4,,Li3.8 Ge0.8 P0.2 O4,1.03e-06,,,,,,,,,,,LISICON,10.1021/acs.chemmater.8b01504,1,data/obelix/processed/all-v1.csv,,,,synthesis_method=unknow; measured_temperature=RT; amorphous=unknow; source_year=2018,,,,,
31s,Li3.8V0.2Ge0.8O4,,Li3.8 V0.2 Ge0.8 O4,2.71e-06,,,,,,,,,,,LISICON,10.1021/acs.chemmater.8b01504,1,data/obelix/processed/all-v1.csv,,,,synthesis_method=unknow; measured_temperature=RT; amorphous=unknow; source_year=2018,,,,,
dku,Li3V0.6P0.4O4,,Li3 V0.6 P0.4 O4,3.55e-13,,,,,,,,,,,LISICON,10.1021/acs.chemmater.8b01504,1,data/obelix/processed/all-v1.csv,,,,synthesis_method=unknow; measured_temperature=RT; amorphous=unknow; source_year=2018,,,,,
ndx,Li3V0.4P0.6O4,,Li3 V0.4 P0.6 O4,3.2e-13,,,,,,,,,,,LISICON,10.1021/acs.chemmater.8b01504,1,data/obelix/processed/all-v1.csv,,,,synthesis_method=unknow; measured_temperature=RT; amorphous=unknow; source_year=2018,,,,,
m0j,Li3V0.2P0.8O4,,Li3 V0.2 P0.8 O4,2.05e-13,,,,,,,,,,,LISICON,10.1021/acs.chemmater.8b01504,1,data/obelix/processed/all-v1.csv,,,,synthesis_method=unknow; measured_temperature=RT; amorphous=unknow; source_year=2018,,,,,
dth,Li4GeO4,,Li4 Ge1 O4,1.3e-12,,,,,,,,,,,LISICON,10.1021/acs.chemmater.8b01504,1,data/obelix/processed/all-v1.csv,,,,close match: Yes；close match DOI: 10.1002/zaac.19875551213; synthesis_method=unknow; measured_temperature=RT; amorphous=unknow; source_year=2018,,,,,
pql,Li8SiP4,,Li8 Si1 P4,4.5e-05,,,,,,,,,,,phosphates,10.1021/acs.chemmater.8b02759,1,data/obelix/processed/all-v1.csv,,,,synthesis_method=unknow; measured_temperature=RT; amorphous=unknow; source_year=2018,,,,,
deu,Li4.4Al0.4Ge0.6S4,,Li4.4 Al0.4 Ge0.6 S4,4.3e-05,,,,,,,,,,,sulfides,10.1021/acs.chemmater.8b03175,1,data/obelix/processed/all-v1.csv,,,,synthesis_method=unknow; measured_temperature=RT; amorphous=unknow; source_year=2018,,,,,
usu,Li4.4Al0.4Sn0.6S4,,Li4.4 Al0.4 Sn0.6 S4,4.3e-06,,,,,,,,,,,sulfides,10.1021/acs.chemmater.8b03175,1,data/obelix/processed/all-v1.csv,,,,synthesis_method=unknow; measured_temperature=RT; amorphous=unknow; source_year=2018,,,,,
clt,Li6Cu(B2O5)2,,Li6 Cu1 B4 O10,1e-13,,,,,,,,,,,copper pyroborate,10.1021/acs.inorgchem.8b01785,1,data/obelix/processed/all-v1.csv,,,,synthesis_method=unknow; measured_temperature=RT; amorphous=unknow; source_year=2018,,,,,
z16,Li6P1Se0.1S4.9Br1,,Li6 P1 Se0.1 S4.9 Br1,0.0032,,,,,,,,,,,argyrodites,10.1021/acs.inorgchem.8b02443,1,data/obelix/processed/all-v1.csv,,,,synthesis_method=unknow; measured_temperature=RT; amorphous=unknow; source_year=2018,,,,,
hbz,Li6P1Se0.2S4.8Br1,,Li6 P1 Se0.2 S4.8 Br1,0.00392,,,,,,,,,,,argyrodites,10.1021/acs.inorgchem.8b02443,1,data/obelix/processed/all-v1.csv,,,,synthesis_method=unknow; measured_temperature=RT; amorphous=unknow; source_year=2018,,,,,
uut,Li6P1Se0.3S4.7Br1,,Li6 P1 Se0.3 S4.7 Br1,0.00362,,,,,,,,,,,argyrodites,10.1021/acs.inorgchem.8b02443,1,data/obelix/processed/all-v1.csv,,,,synthesis_method=unknow; measured_temperature=RT; amorphous=unknow; source_year=2018,,,,,
cju,Li6P1Se0.4S4.6Br1,,Li6 P1 Se0.4 S4.6 Br1,0.00364,,,,,,,,,,,argyrodites,10.1021/acs.inorgchem.8b02443,1,data/obelix/processed/all-v1.csv,,,,synthesis_method=unknow; measured_temperature=RT; amorphous=unknow; source_year=2018,,,,,
d9l,Li6P1Se0.5S4.5Br1,,Li6 P1 Se0.5 S4.5 Br1,0.00268,,,,,,,,,,,argyrodites,10.1021/acs.inorgchem.8b02443,1,data/obelix/processed/all-v1.csv,,,,synthesis_method=unknow; measured_temperature=RT; amorphous=unknow; source_year=2018,,,,,
96f,Li6P1Se0.6S4.4Br1,,Li6 P1 Se0.6 S4.4 Br1,0.00278,,,,,,,,,,,argyrodites,10.1021/acs.inorgchem.8b02443,1,data/obelix/processed/all-v1.csv,,,,synthesis_method=unknow; measured_temperature=RT; amorphous=unknow; source_year=2018,,,,,
1kq,Li6P1Se0.7S4.3Br1,,Li6 P1 Se0.7 S4.3 Br1,0.00301,,,,,,,,,,,argyrodites,10.1021/acs.inorgchem.8b02443,1,data/obelix/processed/all-v1.csv,,,,synthesis_method=unknow; measured_temperature=RT; amorphous=unknow; source_year=2018,,,,,
c6e,Li6P1Se0.8S4.2Br1,,Li6 P1 Se0.8 S4.2 Br1,0.00348,,,,,,,,,,,argyrodites,10.1021/acs.inorgchem.8b02443,1,data/obelix/processed/all-v1.csv,,,,synthesis_method=unknow; measured_temperature=RT; amorphous=unknow; source_year=2018,,,,,
t2c,Li6P1Se0.9S4.1Br1,,Li6 P1 Se0.9 S4.1 Br1,0.00382,,,,,,,,,,,argyrodites,10.1021/acs.inorgchem.8b02443,1,data/obelix/processed/all-v1.csv,,,,synthesis_method=unknow; measured_temperature=RT; amorphous=unknow; source_year=2018,,,,,
dlj,Li6PSeS4Br,,Li6 P1 Se1 S4 Br1,0.00361,,,,,,,,,,,argyrodites,10.1021/acs.inorgchem.8b02443,1,data/obelix/processed/all-v1.csv,,,,synthesis_method=unknow; measured_temperature=RT; amorphous=unknow; source_year=2018,,,,,
0fh,Li1.2Al0.2Ge1.8P3O12,,Li1.2 Al0.2 Ge1.8 P3 O12,4.83e-05,,,,,,,,,,,NASICON,10.1021/acsami.8b00842,1,data/obelix/processed/all-v1.csv,,,,synthesis_method=unknow; measured_temperature=RT; amorphous=unknow; source_year=2018,,,,,
gw2,Li1.4Al0.4Ge1.6P3O12,,Li1.4 Al0.4 Ge1.6 P3 O12,0.000188,,,,,,,,,,,NASICON,10.1021/acsami.8b00842,1,data/obelix/processed/all-v1.csv,,,,synthesis_method=unknow; measured_temperature=RT; amorphous=unknow; source_year=2018,,,,,
1xf,Li1.5Al0.5Ge1.5P3O12,,Li1.5 Al0.5 Ge1.5 P3 O12,0.000336,,,,,,,,,,,NASICON,10.1021/acsami.8b00842,1,data/obelix/processed/all-v1.csv,,,,synthesis_method=unknow; measured_temperature=RT; amorphous=unknow; source_year=2018,,,,,
tjh,Li1.7Al0.7Ge1.3P3O12,,Li1.7 Al0.7 Ge1.3 P3 O12,0.000264,,,,,,,,,,,NASICON,10.1021/acsami.8b00842,1,data/obelix/processed/all-v1.csv,,,,synthesis_method=unknow; measured_temperature=RT; amorphous=unknow; source_year=2018,,,,,
8fn,Li1.8Al0.8Ge1.2P3O12,,Li1.8 Al0.8 Ge1.2 P3 O12,0.000137,,,,,,,,,,,NASICON,10.1021/acsami.8b00842,1,data/obelix/processed/all-v1.csv,,,,synthesis_method=unknow; measured_temperature=RT; amorphous=unknow; source_year=2018,,,,,
3uq,Li1.3Al0.3Ge1.7P3O12,,Li1.3 Al0.3 Ge1.7 P3 O12,8.24e-05,,,,,,,,,,,NASICON,10.1021/acsami.8b00842,1,data/obelix/processed/all-v1.csv,,,,"check ID 242-247; refer D2 - 140, D2- 146, D1-421; synthesis_method=unknow; measured_temperature=RT; amorphous=unknow; source_year=2018",,,,,
1dm,Li1.6Al0.6Ge1.4P3O12,,Li1.6 Al0.6 Ge1.4 P3 O12,0.000284,,,,,,,,,,,NASICON,10.1021/acsami.8b00842,1,data/obelix/processed/all-v1.csv,,,,synthesis_method=unknow; measured_temperature=RT; amorphous=unknow; source_year=2018,,,,,
xnb,Li5B2P(H2S)4,,Li5 B2 P1 H8 S4,0.0018,,,,,,,,,,,argyrodites,10.1021/acsomega.8b00377,1,data/obelix/processed/all-v1.csv,,,,synthesis_method=unknow; measured_temperature=RT; amorphous=unknow; source_year=2018,,,,,
5gj,Li6.1Ge0.1P0.9S5I1,,Li6.1 Ge0.1 P0.9 S5 I1,8.86e-06,,,,,,,,,,,argyrodites,10.1021/jacs.8b10282,1,data/obelix/processed/all-v1.csv,,,,appendix: diffraction data available; synthesis_method=unknow; measured_temperature=RT; amorphous=unknow; source_year=2018,,,,,
t17,Li6.15Ge0.15P0.85S5I1,,Li6.15 Ge0.15 P0.85 S5 I1,3.93e-05,,,,,,,,,,,argyrodites,10.1021/jacs.8b10282,1,data/obelix/processed/all-v1.csv,,,,appendix: diffraction data available; synthesis_method=unknow; measured_temperature=RT; amorphous=unknow; source_year=2018,,,,,
kf7,Li6.2Ge0.2P0.8S5I1,,Li6.2 Ge0.2 P0.8 S5 I1,3.19e-05,,,,,,,,,,,argyrodites,10.1021/jacs.8b10282,1,data/obelix/processed/all-v1.csv,,,,appendix: diffraction data available; synthesis_method=unknow; measured_temperature=RT; amorphous=unknow; source_year=2018,,,,,
utv,Li6.25Ge0.25P0.75S5I1,,Li6.25 Ge0.25 P0.75 S5 I1,0.00015,,,,,,,,,,,argyrodites,10.1021/jacs.8b10282,1,data/obelix/processed/all-v1.csv,,,,appendix: diffraction data available; synthesis_method=unknow; measured_temperature=RT; amorphous=unknow; source_year=2018,,,,,
q9f,Li6.3Ge0.3P0.7S5I1,,Li6.3 Ge0.3 P0.7 S5 I1,0.00065,,,,,,,,,,,argyrodites,10.1021/jacs.8b10282,1,data/obelix/processed/all-v1.csv,,,,appendix: diffraction data available; synthesis_method=unknow; measured_temperature=RT; amorphous=unknow; source_year=2018,,,,,
5qw,Li6.4Ge0.4P0.6S5I1,,Li6.4 Ge0.4 P0.6 S5 I1,0.0015,,,,,,,,,,,argyrodites,10.1021/jacs.8b10282,1,data/obelix/processed/all-v1.csv,,,,appendix: diffraction data available; synthesis_method=unknow; measured_temperature=RT; amorphous=unknow; source_year=2018,,,,,
znj,Li6.5Ge0.5P0.5S5I1,,Li6.5 Ge0.5 P0.5 S5 I1,0.00186,,,,,,,,,,,argyrodites,10.1021/jacs.8b10282,1,data/obelix/processed/all-v1.csv,,,,appendix: diffraction data available; synthesis_method=unknow; measured_temperature=RT; amorphous=unknow; source_year=2018,,,,,
pa1,Li6.6Ge0.6P0.4S5I1,,Li6.6 Ge0.6 P0.4 S5 I1,0.00521,,,,,,,,,,,argyrodites,10.1021/jacs.8b10282,1,data/obelix/processed/all-v1.csv,,,,appendix: diffraction data available；close match: Yes；close match DOI: 10.1021/jacs.1c11571; synthesis_method=unknow; measured_temperature=RT; amorphous=unknow; source_year=2018,,,,,
lxk,Li6.7Ge0.7P0.3S5I1,,Li6.7 Ge0.7 P0.3 S5 I1,0.00554,,,,,,,,,,,argyrodites,10.1021/jacs.8b10282,1,data/obelix/processed/all-v1.csv,,,,appendix: diffraction data available; synthesis_method=unknow; measured_temperature=RT; amorphous=unknow; source_year=2018,,,,,
1m8,Li6.8Ge0.8P0.2S5I1,,Li6.8 Ge0.8 P0.2 S5 I1,0.00258,,,,,,,,,,,argyrodites,10.1021/jacs.8b10282,1,data/obelix/processed/all-v1.csv,,,,appendix: diffraction data available; synthesis_method=unknow; measured_temperature=RT; amorphous=unknow; source_year=2018,,,,,
a8v,Li6.025Si0.025P0.975S5Br1,,Li6.025 Si0.025 P0.975 S5 Br1,0.000878,,,,,,,,,,,argyrodites,10.1039/c7ta08581h,1,data/obelix/processed/all-v1.csv,,,,synthesis_method=unknow; measured_temperature=RT; amorphous=unknow; source_year=2018,,,,,
09w,Li6.05Si0.05P0.95S5Br1,,Li6.05 Si0.05 P0.95 S5 Br1,0.000437,,,,,,,,,,,argyrodites,10.1039/c7ta08581h,1,data/obelix/processed/all-v1.csv,,,,synthesis_method=unknow; measured_temperature=RT; amorphous=unknow; source_year=2018,,,,,
x2v,Li6.075Si0.075P0.925S5Br1,,Li6.075 Si0.075 P0.925 S5 Br1,0.000873,,,,,,,,,,,argyrodites,10.1039/c7ta08581h,1,data/obelix/processed/all-v1.csv,,,,synthesis_method=unknow; measured_temperature=RT; amorphous=unknow; source_year=2018,,,,,
bnh,Li6.1Si0.1P0.95S5Br1,,Li6.1 Si0.1 P0.95 S5 Br1,0.000799,,,,,,,,,,,argyrodites,10.1039/c7ta08581h,1,data/obelix/processed/all-v1.csv,,,,synthesis_method=unknow; measured_temperature=RT; amorphous=unknow; source_year=2018,,,,,
x9d,Li6.125Si0.125P0.875S5Br1,,Li6.125 Si0.125 P0.875 S5 Br1,0.000902,,,,,,,,,,,argyrodites,10.1039/c7ta08581h,1,data/obelix/processed/all-v1.csv,,,,synthesis_method=unknow; measured_temperature=RT; amorphous=unknow; source_year=2018,,,,,
ish,Li6.175Si0.175P0.825S5Br1,,Li6.175 Si0.175 P0.825 S5 Br1,0.000931,,,,,,,,,,,argyrodites,10.1039/c7ta08581h,1,data/obelix/processed/all-v1.csv,,,,synthesis_method=unknow; measured_temperature=RT; amorphous=unknow; source_year=2018,,,,,
iiy,Li6.2Si0.2P0.8S5Br1,,Li6.2 Si0.2 P0.8 S5 Br1,0.00169,,,,,,,,,,,argyrodites,10.1039/c7ta08581h,1,data/obelix/processed/all-v1.csv,,,,synthesis_method=unknow; measured_temperature=RT; amorphous=unknow; source_year=2018,,,,,
3zo,Li6.225Si0.225P0.775S5Br1,,Li6.225 Si0.225 P0.775 S5 Br1,0.00108,,,,,,,,,,,argyrodites,10.1039/c7ta08581h,1,data/obelix/processed/all-v1.csv,,,,synthesis_method=unknow; measured_temperature=RT; amorphous=unknow; source_year=2018,,,,,
vj7,Li6.25Si0.25P0.75S5Br1,,Li6.25 Si0.25 P0.75 S5 Br1,0.00141,,,,,,,,,,,argyrodites,10.1039/c7ta08581h,1,data/obelix/processed/all-v1.csv,,,,synthesis_method=unknow; measured_temperature=RT; amorphous=unknow; source_year=2018,,,,,
wsd,Li6.3Si0.3P0.7S5Br1,,Li6.3 Si0.3 P0.7 S5 Br1,0.00165,,,,,,,,,,,argyrodites,10.1039/c7ta08581h,1,data/obelix/processed/all-v1.csv,,,,synthesis_method=unknow; measured_temperature=RT; amorphous=unknow; source_year=2018,,,,,
10s,Li6.35Si0.35P0.65S5Br1,,Li6.35 Si0.35 P0.65 S5 Br1,0.00234,,,,,,,,,,,argyrodites,10.1039/c7ta08581h,1,data/obelix/processed/all-v1.csv,,,,synthesis_method=unknow; measured_temperature=RT; amorphous=unknow; source_year=2018,,,,,
fkj,Li6.5Si0.5P0.5S5Br1,,Li6.5 Si0.5 P0.5 S5 Br1,0.00219,,,,,,,,,,,argyrodites,10.1039/c7ta08581h,1,data/obelix/processed/all-v1.csv,,,,synthesis_method=unknow; measured_temperature=RT; amorphous=unknow; source_year=2018,,,,,
ard,LiTa2PO8,,Li1 Ta2 P1 O8,0.0016,,,,,,,,,,,oxides,10.1039/c8ta09170f,1,data/obelix/processed/all-v1.csv,,,,synthesis_method=unknow; measured_temperature=RT; amorphous=unknow; source_year=2018,,,,,
ek5,SrLiNb2O6F,,Sr1 Li1 Nb2 O6 F1,<1E-10,,,,,,,,,,,pyrochlore,10.2497/jjspm.65.26,1,data/obelix/processed/all-v1.csv,,,,synthesis_method=unknow; measured_temperature=RT; amorphous=unknow; source_year=2018,,,,,
xut,SrLiTa2O6F,,Sr1 Li1 Ta2 O6 F1,<1E-10,,,,,,,,,,,pyrochlore,10.2497/jjspm.65.26,1,data/obelix/processed/all-v1.csv,,,,synthesis_method=unknow; measured_temperature=RT; amorphous=unknow; source_year=2018,,,,,
ckw,Sr0.9Li1Nb2O6F0.8,,Sr0.9 Li1 Nb2 O6 F0.8,<1E-10,,,,,,,,,,,pyrochlore,10.2497/jjspm.65.26,1,data/obelix/processed/all-v1.csv,,,,synthesis_method=unknow; measured_temperature=RT; amorphous=unknow; source_year=2018,,,,,
yab,Sr0.9Li1Ta2O6F0.8,,Sr0.9 Li1 Ta2 O6 F0.8,<1E-10,,,,,,,,,,,pyrochlore,10.2497/jjspm.65.26,1,data/obelix/processed/all-v1.csv,,,,synthesis_method=unknow; measured_temperature=RT; amorphous=unknow; source_year=2018,,,,,
ysm,Sr1Li1.1Zr0.1Nb1.9O6F1,,Sr1 Li1.1 Zr0.1 Nb1.9 O6 F1,<1E-10,,,,,,,,,,,pyrochlore,10.2497/jjspm.65.26,1,data/obelix/processed/all-v1.csv,,,,synthesis_method=unknow; measured_temperature=RT; amorphous=unknow; source_year=2018,,,,,
e81,Sr1Li1.1Zr0.1Ta1.9O6F1,,Sr1 Li1.1 Zr0.1 Ta1.9 O6 F1,<1E-10,,,,,,,,,,,pyrochlore,10.2497/jjspm.65.26,1,data/obelix/processed/all-v1.csv,,,,synthesis_method=unknow; measured_temperature=RT; amorphous=unknow; source_year=2018,,,,,
de5,Li3InCl6,,Li3 In1 Cl6,0.00204,,,,,,,,,,,Halide,10.1002/anie.201909805,1,data/obelix/processed/all-v1.csv,,,,partial occupancy corrected; synthesis_method=unknow; measured_temperature=RT; amorphous=unknow; source_year=2019,,,,,
v12,Li3InCl6,,Li3 In1 Cl6,0.00204,,,,,,,,,,,halides,10.1002/anie.201909805,1,data/obelix/processed/all-v1.csv,,,,Curator row 12; water-mediated synthesis and vacuum dehydration at 200 C; original 2.04 mS/cm at 25 C; synthesis_method=水介导合成 + 200°C真空脱水; measured_temperature=25; amorphous=否; source_year=2019,,,,,
mq1,Li3SbS4,,Li3 Sb1 S4,4.8e-09,,,,,,,,,,,thio-LISICON,10.1016/j.ssi.2019.01.017,1,data/obelix/processed/all-v1.csv,,,,diffraction data available; synthesis_method=unknow; measured_temperature=RT; amorphous=unknow; source_year=2019,,,,,
dmq,Li3AlS3,,Li3 Al1 S3,1.31e-08,,,,,,,,,,,sulfides,10.1021/acs.chemmater.9b03230,1,data/obelix/processed/all-v1.csv,,,,synthesis_method=unknow; measured_temperature=RT; amorphous=unknow; source_year=2019,,,,,
4ie,Li6.05La3Zr2Ga0.25O11.8F0.2,,Li6.05 La3 Zr2 Ga0.25 O11.8 F0.2,0.00128,,,,,,,,,,,garnet,10.1021/acsami.8b17656,1,data/obelix/processed/all-v1.csv,,,,appendix: diffraction data available; synthesis_method=unknow; measured_temperature=RT; amorphous=unknow; source_year=2019,,,,,
v23,Li3InCl6,,Li3 In1 Cl6,0.00149,,,,,,,,,,,halides,10.1039/c9ee02311a,1,data/obelix/processed/all-v1.csv,,,,Curator row 23; ball-milled and annealed at 260 C; monoclinic; original 1.49 mS/cm; synthesis_method=球磨 + 260°C退火; measured_temperature=RT; amorphous=否; source_year=2019,,,,,
v49,Li3InCl6,,Li3 In1 Cl6,0.00083,,,,,,,,,,,halides,10.1039/c9ee02311a,1,data/obelix/processed/all-v1.csv,,,,Curator row 49; ball-milled without annealing; corrected DOI; original 0.83 mS/cm; synthesis_method=球磨（未退火）; measured_temperature=RT; amorphous=否; source_year=2019,,,,,
v22,Li3InCl6,,Li3 In1 Cl6,0.0015,,,,,,,,,,,halides,10.1016/j.nanoen.2020.105015,1,data/obelix/processed/all-v1.csv,,,,Curator row 22; aqueous in situ growth on LiCoO2 surface; original 1.5 mS/cm; synthesis_method=水相原位生长; measured_temperature=RT; amorphous=否; source_year=2020,,,,,
v24,Li3InCl6,,Li3 In1 Cl6,0.00142,,,,,,,,,,,halides,10.1021/acs.nanolett.0c01156,1,data/obelix/processed/all-v1.csv,,,,Curator row 24; ball-milled and annealed; independent group; original 1.42 mS/cm; synthesis_method=球磨 + 退火; measured_temperature=RT; amorphous=否; source_year=2020,,,,,
v34,Li3Y0.5In0.5Cl6,,Li3 Y0.5 In0.5 Cl6,0.00122,,,,,,,,,,,halides,10.1021/acs.nanolett.0c01156,1,data/obelix/processed/all-v1.csv,,,,Curator row 34; ball-milled and annealed; monoclinic; original 1.22 mS/cm; synthesis_method=球磨 + 退火; measured_temperature=RT; amorphous=否; source_year=2020,,,,,
9wf,Li3ErI6,,Li3 Er1 I6,0.00065,,,,,,,,,,,halides,10.1021/acsaem.0c00147,1,data/obelix/processed/all-v1.csv,,,,"appendix: diffraction data available, D_0 calculation; synthesis_method=unknow; measured_temperature=RT; amorphous=unknow; source_year=2020",,,,,
v17,Li3Y(BrCl)3,,Li3 Y1 Br3 Cl3,0.0016,,,,,,,,,,,halides,10.1021/acsenergylett.0c01690,1,data/obelix/processed/all-v1.csv,,,,Curator row 17; ball-milled and annealed; original 1.6 mS/cm; synthesis_method=球磨 + 退火; measured_temperature=RT; amorphous=否; source_year=2020,,,,,
n7a,Li2.5Y0.5Zr0.5Cl6,,Li2.5 Y0.5 Zr0.5 Cl6,0.0014,,,,,,,,,,,halides,10.1021/acsenergylett.9b02599,1,data/obelix/processed/all-v1.csv,,,,Li2.5Er0.5Zr0.5Cl6 is available; synthesis_method=unknow; measured_temperature=RT; amorphous=unknow; source_year=2020,,,,,
er1,Li2.9Er0.9Zr0.1Cl6,,Li2.9 Er0.9 Zr0.1 Cl6,0.00038,,,,,,,,,,,halides,10.1021/acsenergylett.9b02599,1,data/obelix/processed/all-v1.csv,,,,Human-verified Figure 1c extraction; curator row 25-2; phase I; original 0.38 mS/cm at 25 C; synthesis_method=unknow; measured_temperature=25; amorphous=否; source_year=2020,,,,,
er2,Li2.8Er0.8Zr0.2Cl6,,Li2.8 Er0.8 Zr0.2 Cl6,0.00078,,,,,,,,,,,halides,10.1021/acsenergylett.9b02599,1,data/obelix/processed/all-v1.csv,,,,Human-verified Figure 1c extraction; curator row 25-3; phase II+III; original 0.78 mS/cm at 25 C; synthesis_method=unknow; measured_temperature=25; amorphous=否; source_year=2020,,,,,
er3,Li2.75Er0.75Zr0.25Cl6,,Li2.75 Er0.75 Zr0.25 Cl6,0.0008,,,,,,,,,,,halides,10.1021/acsenergylett.9b02599,1,data/obelix/processed/all-v1.csv,,,,Human-verified Figure 1c extraction; curator row 25-4; phase II+III; original 0.80 mS/cm at 25 C; synthesis_method=unknow; measured_temperature=25; amorphous=否; source_year=2020,,,,,
er4,Li2.7Er0.7Zr0.3Cl6,,Li2.7 Er0.7 Zr0.3 Cl6,0.0011,,,,,,,,,,,halides,10.1021/acsenergylett.9b02599,1,data/obelix/processed/all-v1.csv,,,,Human-verified Figure 1c extraction; curator row 25-5; phase II+III; original 1.1 mS/cm at 25 C; synthesis_method=unknow; measured_temperature=25; amorphous=否; source_year=2020,,,,,
er5,Li2.633Er0.633Zr0.367Cl6,,Li2.633 Er0.633 Zr0.367 Cl6,0.0011,,,,,,,,,,,halides,10.1021/acsenergylett.9b02599,1,data/obelix/processed/all-v1.csv,,,,Human-verified Figure 1c extraction with composition aligned to article text x=0.367; curator row 25-6; phase III (orthorhombic); original 1.1 mS/cm at 25 C; synthesis_method=unknow; measured_temperature=25; amorphous=否; source_year=2020,,,,,
er6,Li2.5Er0.5Zr0.5Cl6,,Li2.5 Er0.5 Zr0.5 Cl6,0.00095,,,,,,,,,,,halides,10.1021/acsenergylett.9b02599,1,data/obelix/processed/all-v1.csv,,,,Human-verified Figure 1c extraction; curator row 25-7; phase III; original 0.95 mS/cm at 25 C; synthesis_method=unknow; measured_temperature=25; amorphous=否; source_year=2020,,,,,
er7,Li2.4Er0.4Zr0.6Cl6,,Li2.4 Er0.4 Zr0.6 Cl6,0.00085,,,,,,,,,,,halides,10.1021/acsenergylett.9b02599,1,data/obelix/processed/all-v1.csv,,,,Human-verified Figure 1c extraction; curator row 25-8; phase III; original 0.85 mS/cm at 25 C; synthesis_method=unknow; measured_temperature=25; amorphous=否; source_year=2020,,,,,
er8,Li2.2Er0.2Zr0.8Cl6,,Li2.2 Er0.2 Zr0.8 Cl6,0.00045,,,,,,,,,,,halides,10.1021/acsenergylett.9b02599,1,data/obelix/processed/all-v1.csv,,,,Human-verified Figure 1c extraction; curator row 25-9; phase III; original 0.45 mS/cm at 25 C; synthesis_method=unknow; measured_temperature=25; amorphous=否; source_year=2020,,,,,
yz1,Li2.9Y0.9Zr0.1Cl6,,Li2.9 Y0.9 Zr0.1 Cl6,0.00032,,,,,,,,,,,halides,10.1021/acsenergylett.9b02599,1,data/obelix/processed/all-v1.csv,,,,Human-verified Figure 1d extraction; curator row 26-2; phase I; original 0.32 mS/cm at 25 C; synthesis_method=unknow; measured_temperature=25; amorphous=否; source_year=2020,,,,,
yz2,Li2.8Y0.8Zr0.2Cl6,,Li2.8 Y0.8 Zr0.2 Cl6,0.00095,,,,,,,,,,,halides,10.1021/acsenergylett.9b02599,1,data/obelix/processed/all-v1.csv,,,,Human-verified Figure 1d extraction; curator row 26-3; phase I+II; original 0.95 mS/cm at 25 C; synthesis_method=unknow; measured_temperature=25; amorphous=否; source_year=2020,,,,,
yz3,Li2.75Y0.75Zr0.25Cl6,,Li2.75 Y0.75 Zr0.25 Cl6,0.001,,,,,,,,,,,halides,10.1021/acsenergylett.9b02599,1,data/obelix/processed/all-v1.csv,,,,Human-verified Figure 1d extraction; curator row 26-4; phase I+II; original 1.0 mS/cm at 25 C; synthesis_method=unknow; measured_temperature=25; amorphous=否; source_year=2020,,,,,
yz4,Li2.7Y0.7Zr0.3Cl6,,Li2.7 Y0.7 Zr0.3 Cl6,0.0012,,,,,,,,,,,halides,10.1021/acsenergylett.9b02599,1,data/obelix/processed/all-v1.csv,,,,Human-verified Figure 1d extraction; curator row 26-5; phase I+II; original 1.2 mS/cm at 25 C; synthesis_method=unknow; measured_temperature=25; amorphous=否; source_year=2020,,,,,
yz5,Li2.633Y0.633Zr0.367Cl6,,Li2.633 Y0.633 Zr0.367 Cl6,0.0013,,,,,,,,,,,halides,10.1021/acsenergylett.9b02599,1,data/obelix/processed/all-v1.csv,,,,Human-verified Figure 1d extraction with composition aligned to article text x=0.367; curator row 26-6; phase III; original 1.3 mS/cm at 25 C; synthesis_method=unknow; measured_temperature=25; amorphous=否; source_year=2020,,,,,
yz6,Li2.4Y0.4Zr0.6Cl6,,Li2.4 Y0.4 Zr0.6 Cl6,0.00095,,,,,,,,,,,halides,10.1021/acsenergylett.9b02599,1,data/obelix/processed/all-v1.csv,,,,Human-verified Figure 1d extraction; curator row 26-8; phase III; original 0.95 mS/cm at 25 C; synthesis_method=unknow; measured_temperature=25; amorphous=否; source_year=2020,,,,,
yz7,Li2.5Y0.5Zr0.5Cl6,,Li2.5 Y0.5 Zr0.5 Cl6,0.0014,,,,,,,,,,,halides,10.1021/acsenergylett.9b02599,1,data/obelix/processed/all-v1.csv,,,,Human-verified Figure 1d extraction; curator row 26-7; phase III (orthorhombic); original 1.4 mS/cm at 25 C; existing OBLiX record retained; synthesis_method=unknow; measured_temperature=25; amorphous=否; source_year=2020,,,,,
kop,Li10Sn0.33Ge0.66P2S12,,Li10 Sn0.33 Ge0.66 P2 S12,0.0064,,,,,,,,,,,LGPS,10.1021/jacs.0c10735,1,data/obelix/processed/all-v1.csv,,,,synthesis_method=unknow; measured_temperature=RT; amorphous=unknow; source_year=2020,,,,,
rty,Li10Sn0.66Ge0.33P2S12,,Li10 Sn0.66 Ge0.33 P2 S12,0.0048,,,,,,,,,,,LGPS,10.1021/jacs.0c10735,1,data/obelix/processed/all-v1.csv,,,,synthesis_method=unknow; measured_temperature=RT; amorphous=unknow; source_year=2020,,,,,
kko,Li10Sn(PS6)2,,Li10 Sn1 P2 S12,0.0038,,,,,,,,,,,LGPS,10.1021/jacs.0c10735,1,data/obelix/processed/all-v1.csv,,,,synthesis_method=unknow; measured_temperature=RT; amorphous=unknow; source_year=2020,,,,,
v20,Li2Sc0.666667Cl4,,Li2 Sc0.666667 Cl4,0.0015,,,,,,,,,,,halides,10.1039/d0ee01017k,1,data/obelix/processed/all-v1.csv,,,,Curator row 20; high-temperature solid-state synthesis for 48 h; disordered spinel; original 1.5 mS/cm; synthesis_method=高温固相合成（48 h）; measured_temperature=RT; amorphous=否; source_year=2020,,,,,
v35,Li2.08Sc0.64Cl4,,Li2.08 Sc0.64 Cl4,0.00122,,,,,,,,,,,halides,10.1039/d0ee01017k,1,data/obelix/processed/all-v1.csv,,,,Curator row 35; increased LiCl impurity; original 1.22 mS/cm; synthesis_method=unknow; measured_temperature=RT; amorphous=否; source_year=2020,,,,,
v42,Li1.9Sc0.7Cl4,,Li1.9 Sc0.7 Cl4,0.00109,,,,,,,,,,,halides,10.1039/d0ee01017k,1,data/obelix/processed/all-v1.csv,,,,Curator row 42; low Li+ concentration; original 1.09 mS/cm; synthesis_method=unknow; measured_temperature=RT; amorphous=否; source_year=2020,,,,,
trv1_0003,Li10.42Si1.5P1.5Cl0.08O11.92,,Li10.42 Si1.5 P1.5 Cl0.08 O11.92,1.03e-5,,,,,,,,,,,oxide,10.1039/c4ra11287c,1,data/obelix/processed/all-v1.csv,,,,LISICON型; synthesis_method=固相合成; measured_temperature=27; amorphous=否; source_year=2015,,,,,
trv1_0004,Li10.42Ge1.5P1.5Cl0.08O11.92,,Li10.42 Ge1.5 P1.5 Cl0.08 O11.92,3.7e-5,,,,,,,,,,,oxide,10.1039/c4ra11287c,1,data/obelix/processed/all-v1.csv,,,,LISICON型; synthesis_method=固相合成; measured_temperature=27; amorphous=否; source_year=2015,,,,,
trv1_0005,Li7P2S8I,,Li7 P2 S8 I1,6.3e-4,,,,,,,,,,,sulfide,10.1021/acs.chemmater.9b01926,1,data/obelix/processed/all-v1.csv,,,,非晶态; synthesis_method=热处理; measured_temperature=RT; amorphous=是; source_year=2020,,,,,
trv1_0006,Li14.8Mg0.1P4S16Cl3,,Li14.8 Mg0.1 P4 S16 Cl3,2e-7,,,,,,,,,,,sulfide,10.1021/acs.chemmater.9b01926,1,data/obelix/processed/all-v1.csv,,,,立方晶系I-43d; synthesis_method=高能球磨; measured_temperature=RT; amorphous=否; source_year=2020,,,,,
trv1_0007,Li10P3S12I,,Li10 P3 S12 I1,6.5e-3,,,,,,,,,,,sulfide,10.1088/1757-899x/924/1/012037,1,data/obelix/processed/all-v1.csv,,,,9Li2S-3P2S5-2LiI组成; synthesis_method=固相合成; measured_temperature=RT; amorphous=unknow; source_year=2020,,,,,
trv1_0008,Li11P3S12.5I1,,Li11 P3 S12.5 I1,7.9e-3,,,,,,,,,,,sulfide,10.1088/1757-899x/924/1/012037,1,data/obelix/processed/all-v1.csv,,,,Li2S-P2S5-LiI体系; synthesis_method=固相合成; measured_temperature=RT; amorphous=unknow; source_year=2020,,,,,
trv1_0009,Li7P2S8I0.5Cl0.5,,Li7 P2 S8 I0.5 Cl0.5,3.08e-3,,,,,,,,,,,sulfide,10.1088/1757-899x/924/1/012037,1,data/obelix/processed/all-v1.csv,,,,Cl掺杂样品; synthesis_method=热压+Cl掺杂; measured_temperature=RT; amorphous=unknow; source_year=2020,,,,,
trv1_0010,Li15P4S16Cl3,,Li15 P4 S16 Cl3,4e-8,,,,,,,,,,,sulfide,10.1021/acs.chemmater.9b01926,1,data/obelix/processed/all-v1.csv,,,,立方晶系I-43d; synthesis_method=高能球磨; measured_temperature=RT; amorphous=否; source_year=2020,,,,,
v46,Li2.25Zr0.75Fe0.25Cl6,,Li2.25 Zr0.75 Fe0.25 Cl6,0.001,,,,,,,,,,,halides,10.1002/aenm.202003190,1,data/obelix/processed/all-v1.csv,,,,Curator row 46; Fe3+ doped and annealed; trigonal; original 1.0 mS/cm; synthesis_method=退火; measured_temperature=RT; amorphous=否; source_year=2021,,,,,
v31,Li3InCl6,,Li3 In1 Cl6,0.0013,,,,,,,,,,,halides,10.1002/aenm.202100836,1,data/obelix/processed/all-v1.csv,,,,Curator row 31; undoped baseline; original 1.3 mS/cm; synthesis_method=unknow; measured_temperature=RT; amorphous=否; source_year=2021,,,,,
v47,Li3In1Cl4.8F1.2,,Li3 In1 Cl4.8 F1.2,0.00098,,,,,,,,,,,halides,10.1002/aenm.202100836,1,data/obelix/processed/all-v1.csv,,,,Curator row 47; ball-milled and annealed; tabulated value; original 0.98 mS/cm; synthesis_method=球磨 + 退火; measured_temperature=RT; amorphous=否; source_year=2021,,,,,
v10,Li2.5Y0.5Zr0.5Cl6,,Li2.5 Y0.5 Zr0.5 Cl6,0.0021,,,,,,,,,,,halides,10.1016/j.cej.2021.130630,1,data/obelix/processed/all-v1.csv,,,,Curator row 10; ball-milled and annealed; trigonal; tabulated value 2.1 mS/cm; synthesis_method=球磨 + 退火; measured_temperature=RT; amorphous=否; source_year=2021,,,,,
v21,Li2.6Yb0.6Hf0.4Cl6,,Li2.6 Yb0.6 Hf0.4 Cl6,0.0015,,,,,,,,,,,halides,10.1016/j.cej.2021.130630,1,data/obelix/processed/all-v1.csv,,,,Curator row 21; ball-milled and annealed; monoclinic; original 1.5 mS/cm; synthesis_method=球磨 + 退火; measured_temperature=RT; amorphous=否; source_year=2021,,,,,
ar1,Li4SnSeS3,,Li4 Sn1 Se1 S3,7.5e-05,,,,,,,,,,,Chalcogenidotetrelates,10.1021/acs.chemmater.0c04150,1,data/obelix/processed/all-v1.csv,,,,synthesis_method=unknow; measured_temperature=RT; amorphous=unknow; source_year=2021,,,,,
cz2,Li4SnSe3S,,Li4 Sn1 Se3 S1,9.5e-07,,,,,,,,,,,Chalcogenidotetrelates,10.1021/acs.chemmater.0c04150,1,data/obelix/processed/all-v1.csv,,,,synthesis_method=unknow; measured_temperature=RT; amorphous=unknow; source_year=2021,,,,,
klr,Li4Sn(SeS)2,,Li4 Sn1 Se2 S2,3.6e-05,,,,,,,,,,,Chalcogenidotetrelates,10.1021/acs.chemmater.0c04150,1,data/obelix/processed/all-v1.csv,,,,synthesis_method=unknow; measured_temperature=RT; amorphous=unknow; source_year=2021,,,,,
o0a,Li4Sn0.25Ge0.75Se4,,Li4 Sn0.25 Ge0.75 Se4,6e-06,,,,,,,,,,,Chalcogenidotetrelates,10.1021/acs.chemmater.0c04150,1,data/obelix/processed/all-v1.csv,,,,synthesis_method=unknow; measured_temperature=RT; amorphous=unknow; source_year=2021,,,,,
qer,Li4Sn0.5Ge0.5Se4,,Li4 Sn0.5 Ge0.5 Se4,1.8e-06,,,,,,,,,,,Chalcogenidotetrelates,10.1021/acs.chemmater.0c04150,1,data/obelix/processed/all-v1.csv,,,,synthesis_method=unknow; measured_temperature=RT; amorphous=unknow; source_year=2021,,,,,
aab,Li4Sn0.75Ge0.25Se4,,Li4 Sn0.75 Ge0.25 Se4,8.3e-07,,,,,,,,,,,Chalcogenidotetrelates,10.1021/acs.chemmater.0c04150,1,data/obelix/processed/all-v1.csv,,,,synthesis_method=unknow; measured_temperature=RT; amorphous=unknow; source_year=2021,,,,,
1ty,Li4GeSeS3,,Li4 Ge1 Se1 S3,8.5e-06,,,,,,,,,,,Chalcogenidotetrelates,10.1021/acs.chemmater.0c04150,1,data/obelix/processed/all-v1.csv,,,,synthesis_method=unknow; measured_temperature=RT; amorphous=unknow; source_year=2021,,,,,
zv5,Li4Ge(SeS)2,,Li4 Ge1 Se2 S2,2.8e-05,,,,,,,,,,,Chalcogenidotetrelates,10.1021/acs.chemmater.0c04150,1,data/obelix/processed/all-v1.csv,,,,synthesis_method=unknow; measured_temperature=RT; amorphous=unknow; source_year=2021,,,,,
xk3,Li4GeSe4,,Li4 Ge1 Se4,5e-06,,,,,,,,,,,Chalcogenidotetrelates,10.1021/acs.chemmater.0c04150,1,data/obelix/processed/all-v1.csv,,,,synthesis_method=unknow; measured_temperature=RT; amorphous=unknow; source_year=2021,,,,,
i4l,Li4GeSe3S,,Li4 Ge1 Se3 S1,1.5e-05,,,,,,,,,,,Chalcogenidotetrelates,10.1021/acs.chemmater.0c04150,1,data/obelix/processed/all-v1.csv,,,,synthesis_method=unknow; measured_temperature=RT; amorphous=unknow; source_year=2021,,,,,
an2,Li6Si(ClO2)2,,Li6 Si1 Cl2 O4,1e-10,,,,,,,,,,,argyrodite,10.1021/acs.chemmater.1c00157,1,data/obelix/processed/all-v1.csv,,,,synthesis_method=unknow; measured_temperature=RT; amorphous=unknow; source_year=2021,,,,,
v40,Li2.8Yb0.8Zr0.2Cl6,,Li2.8 Yb0.8 Zr0.2 Cl6,0.0011,,,,,,,,,,,halides,10.1021/acsami.1c13295,1,data/obelix/processed/all-v1.csv,,,,Curator row 40; Zr4+ doped; corrected DOI; original 1.1 mS/cm; synthesis_method=unknow; measured_temperature=RT; amorphous=否; source_year=2021,,,,,
v39,Li2.7Yb0.7Zr0.3Cl6,,Li2.7 Yb0.7 Zr0.3 Cl6,0.0011,,,,,,,,,,,halides,10.1021/acsmaterialslett.1c00142,1,data/obelix/processed/all-v1.csv,,,,Curator row 39; orthorhombic; corrected DOI; original 1.1 mS/cm; synthesis_method=固相反应，350 °C 合成; measured_temperature=30; amorphous=否; source_year=2021,,,,,
v74,Li3YbCl6,,Li3 Yb1 Cl6,0.000106,,,,,,,,,,,halides,10.1021/acsmaterialslett.1c00142,1,data/obelix/processed/all-v1.csv,,,,Curator row 74; calcined at 350 C; trigonal; corrected DOI; original 0.106 mS/cm; synthesis_method=固相反应，350 °C 合成; measured_temperature=30; amorphous=否; source_year=2021,,,,,
v77,Li2.9Yb0.9Zr0.1Cl6,,Li2.9 Yb0.9 Zr0.1 Cl6,0.000063,,,,,,,,,,,halides,10.1021/acsmaterialslett.1c00142,1,data/obelix/processed/all-v1.csv,,,,Curator row 77; calcined at 650 C; orthorhombic; corrected DOI; original 0.063 mS/cm; synthesis_method=固相反应，350 °C 合成; measured_temperature=30; amorphous=否; source_year=2021,,,,,
trv1_0012,Li10Sn(PS6)2,,Li10 Sn1 P2 S12,7e-3,,,,,,,,,,,sulfide,10.1039/d1ta06338c,1,data/obelix/processed/all-v1.csv,,,,LSnPS；实验值; synthesis_method=固相合成; measured_temperature=RT; amorphous=否; source_year=2021,,,,,
trv1_0013,Li9.42Si1.02P2.1S9.96O2.04,,Li9.42 Si1.02 P2.1 S9.96 O2.04,3.2e-4,,,,,,,,,,,sulfide,10.1039/d1ta06338c,1,data/obelix/processed/all-v1.csv,,,,LGPS型氧硫化物; synthesis_method=固相合成; measured_temperature=RT; amorphous=否; source_year=2021,,,,,
v43,Li3YBr6,,Li3 Y1 Br6,0.00109,,,,,,,,,,,halides,10.1126/sciadv.abh1896,1,data/obelix/processed/all-v1.csv,,,,Curator row 43; NH4Cl-assisted wet-chemical synthesis; monoclinic; original 1.09 mS/cm; synthesis_method=NH4Cl辅助湿化学合成; measured_temperature=RT; amorphous=否; source_year=2021,,,,,
v54,Li3InCl6,,Li3 In1 Cl6,0.0007,,,,,,,,,,,halides,10.1002/adfm.202108805,1,data/obelix/processed/all-v1.csv,,,,Curator row 54; mechanically milled and unannealed; original 0.7 mS/cm; synthesis_method=机械球磨（未退火）; measured_temperature=RT; amorphous=否; source_year=2022,,,,,
v30,Li2.73Ho1.09Cl6,,Li2.73 Ho1.09 Cl6,0.0013,,,,,,,,,,,halides,10.1002/aenm.202103921,1,data/obelix/processed/all-v1.csv,,,,Curator row 30; eutectic synthesis; orthorhombic; original 1.3 mS/cm; synthesis_method=共晶合成; measured_temperature=RT; amorphous=否; source_year=2022,,,,,
v44,Li2.25Zr0.75In0.25Cl6,,Li2.25 Zr0.75 In0.25 Cl6,0.00108,,,,,,,,,,,halides,10.1016/j.cclet.2021.12.048,1,data/obelix/processed/all-v1.csv,,,,Curator row 44; ball-milled; tabulated value; corrected DOI; original 1.08 mS/cm; synthesis_method=球磨; measured_temperature=RT; amorphous=否; source_year=2022,,,,,
v15,Li2.5Zr0.5In0.5Cl6,,Li2.5 Zr0.5 In0.5 Cl6,0.0018,,,,,,,,,,,halides,10.1016/j.cej.2022.135413,1,data/obelix/processed/all-v1.csv,,,,Curator row 15; ball-milled and annealed; monoclinic; original 1.8 mS/cm; synthesis_method=球磨 + 退火; measured_temperature=RT; amorphous=否; source_year=2022,,,,,
v18,Li2.556Yb0.492Zr0.492Cl6,,Li2.556 Yb0.492 Zr0.492 Cl6,0.00158,,,,,,,,,,,halides,10.1016/j.nanoen.2021.106674,1,data/obelix/processed/all-v1.csv,,,,Curator row 18; orthorhombic and annealed; corrected DOI; original 1.58 mS/cm; synthesis_method=退火; measured_temperature=RT; amorphous=否; source_year=2022,,,,,
v27,Li2.4Er0.4Zr0.6Cl6,,Li2.4 Er0.4 Zr0.6 Cl6,0.00138,,,,,,,,,,,halides,10.1021/acsami.1c25087,1,data/obelix/processed/all-v1.csv,,,,Curator row 27; ball-milled Zr-doped x=0.6 sample; distinct 2022 source; original 1.38 mS/cm; synthesis_method=球磨; measured_temperature=RT; amorphous=否; source_year=2022,,,,,
v37,Li2.6Er0.6Zr0.4Cl6,,Li2.6 Er0.6 Zr0.4 Cl6,0.00113,,,,,,,,,,,halides,10.1021/acsami.1c25087,1,data/obelix/processed/all-v1.csv,,,,Curator row 37; Zr4+ substituted; 4.21 V oxidative stability; original 1.13 mS/cm; synthesis_method=unknow; measured_temperature=RT; amorphous=否; source_year=2022,,,,,
v13,Li2Sc0.333333In0.333333Cl4,,Li2 Sc0.333333 In0.333333 Cl4,0.002,,,,,,,,,,,halides,10.1038/s41560-021-00952-0,1,data/obelix/processed/all-v1.csv,,,,Curator row 13; high-temperature solid-state synthesis; spinel phase; original 2.0 mS/cm; synthesis_method=高温固相合成; measured_temperature=RT; amorphous=否; source_year=2022,,,,,
trv1_0014,Li2HClO,,Li2 H1 Cl1 O1,1.93e-6,,,,,,,,,,,antiperovskite,10.1039/d2ta01462a,1,data/obelix/processed/all-v1.csv,,,,室温为正交相与立方相混合相; synthesis_method=熔融-凝固法（350°C，6 min）; measured_temperature=25; amorphous=否; source_year=2022,,,,,
trv1_0015,Li2H1Br0.1Cl0.9O1,,Li2 H1 Br0.1 Cl0.9 O1,2.52e-6,,,,,,,,,,,antiperovskite,10.1039/d2ta01462a,1,data/obelix/processed/all-v1.csv,,,,系列最高电导率；室温稳定立方相; synthesis_method=熔融-凝固法（350°C，6 min）; measured_temperature=25; amorphous=否; source_year=2022,,,,,
trv1_0016,Li2H1Br0.3Cl0.7O1,,Li2 H1 Br0.3 Cl0.7 O1,1.79e-6,,,,,,,,,,,antiperovskite,10.1039/d2ta01462a,1,data/obelix/processed/all-v1.csv,,,,x=0.3；不确定度±1.2e-7 S/cm; synthesis_method=熔融-凝固法（350°C，快冷）; measured_temperature=25; amorphous=否; source_year=2022,,,,,
trv1_0017,Li2H1Br0.5Cl0.5O1,,Li2 H1 Br0.5 Cl0.5 O1,1.54e-6,,,,,,,,,,,antiperovskite,10.1039/d2ta01462a,1,data/obelix/processed/all-v1.csv,,,,x=0.5；不确定度±1.0e-7 S/cm; synthesis_method=熔融-凝固法（350°C，快冷）; measured_temperature=25; amorphous=否; source_year=2022,,,,,
trv1_0018,Li2H1Br0.7Cl0.3O1,,Li2 H1 Br0.7 Cl0.3 O1,1.45e-6,,,,,,,,,,,antiperovskite,10.1039/d2ta01462a,1,data/obelix/processed/all-v1.csv,,,,x=0.7；不确定度±9.0e-8 S/cm; synthesis_method=熔融-凝固法（350°C，快冷）; measured_temperature=25; amorphous=否; source_year=2022,,,,,
trv1_0019,Li2H1Br0.9Cl0.1O1,,Li2 H1 Br0.9 Cl0.1 O1,1.23e-6,,,,,,,,,,,antiperovskite,10.1039/d2ta01462a,1,data/obelix/processed/all-v1.csv,,,,x=0.9；不确定度±9.0e-8 S/cm; synthesis_method=熔融-凝固法（350°C，快冷）; measured_temperature=25; amorphous=否; source_year=2022,,,,,
trv1_0020,Li2HBrO,,Li2 H1 Br1 O1,1.29e-6,,,,,,,,,,,antiperovskite,10.1039/d2ta01462a,1,data/obelix/processed/all-v1.csv,,,,立方相; synthesis_method=熔融-凝固法（350°C，6 min）; measured_temperature=25; amorphous=否; source_year=2022,,,,,
trv1_0021,Li2HBrO,,Li2 H1 Br1 O1,1.99e-6,,,,,,,,,,,antiperovskite,10.1039/d2ta01462a,1,data/obelix/processed/all-v1.csv,,,,慢冷样品；电导率提高约1.5倍; synthesis_method=熔融-凝固法+慢冷（1°C/min）; measured_temperature=25; amorphous=否; source_year=2022,,,,,
v01,LiTaCl4O,,Li1 Ta1 Cl4 O1,0.0124,,,,,,,,,,,halides,10.1002/anie.202217581,1,data/obelix/processed/all-v1.csv,,,,Curator row 1; ball-milled and annealed oxychloride; original 12.4 mS/cm; synthesis_method=球磨 + 退火; measured_temperature=RT; amorphous=否; source_year=2023,,,,,
v02,LiNbCl4O,,Li1 Nb1 Cl4 O1,0.0104,,,,,,,,,,,halides,10.1002/anie.202217581,1,data/obelix/processed/all-v1.csv,,,,Curator row 2; ball-milled and annealed oxychloride; corrected from LLM value 10.7 to source value 10.4 mS/cm; synthesis_method=球磨 + 退火; measured_temperature=RT; amorphous=否; source_year=2023,,,,,
trv1_0023,Li3Y1Br1.6Cl4.4,,Li3 Y1 Br1.6 Cl4.4,1.06e-3,,,,,,,,,,,halide,10.1007/s10008-023-05612-9,1,data/obelix/processed/all-v1.csv,,,,阴离子单掺杂最优值; synthesis_method=unknow; measured_temperature=RT; amorphous=否; source_year=2023,,,,,
trv1_0024,Li3Y1Br1.8Cl4.2,,Li3 Y1 Br1.8 Cl4.2,9.74e-4,,,,,,,,,,,halide,10.1007/s10008-023-05612-9,1,data/obelix/processed/all-v1.csv,,,,过掺导致晶格应变增大; synthesis_method=unknow; measured_temperature=RT; amorphous=否; source_year=2023,,,,,
trv1_0025,Li3Y(BrCl2)2,,Li3 Y1 Br2 Cl4,6.29e-4,,,,,,,,,,,halide,10.1007/s10008-023-05612-9,1,data/obelix/processed/all-v1.csv,,,,出现LiCl杂相; synthesis_method=unknow; measured_temperature=RT; amorphous=否; source_year=2023,,,,,
trv1_0026,Li3Y0.85In0.15Cl6,,Li3 Y0.85 In0.15 Cl6,3.00e-4,,,,,,,,,,,halide,10.1007/s10008-023-05612-9,1,data/obelix/processed/all-v1.csv,,,,In掺杂最优值; synthesis_method=unknow; measured_temperature=RT; amorphous=否; source_year=2023,,,,,
trv1_0027,Li3Y0.82Sc0.18Cl6,,Li3 Y0.82 Sc0.18 Cl6,2.75e-4,,,,,,,,,,,halide,10.1007/s10008-023-05612-9,1,data/obelix/processed/all-v1.csv,,,,Sc掺杂最优值; synthesis_method=unknow; measured_temperature=RT; amorphous=否; source_year=2023,,,,,
trv1_0028,Li2.99Y0.99Zr0.01Cl6,,Li2.99 Y0.99 Zr0.01 Cl6,2.76e-4,,,,,,,,,,,halide,10.1007/s10008-023-05612-9,1,data/obelix/processed/all-v1.csv,,,,Zr掺杂最优值; synthesis_method=unknow; measured_temperature=RT; amorphous=否; source_year=2023,,,,,
trv1_0029,Li2.99Y0.99Zr0.01Br1.6Cl4.4,,Li2.99 Y0.99 Zr0.01 Br1.6 Cl4.4,7.51e-4,,,,,,,,,,,halide,10.1007/s10008-023-05612-9,1,data/obelix/processed/all-v1.csv,,,,1% Zr与Br双掺；全文最优; synthesis_method=unknow; measured_temperature=RT; amorphous=否; source_year=2023,,,,,
trv1_0030,Li2.99Y0.84Zr0.01Sc0.07In0.08Br1.6Cl4.4,,Li2.99 Y0.84 Zr0.01 Sc0.07 In0.08 Br1.6 Cl4.4,5.56e-4,,,,,,,,,,,halide,10.1007/s10008-023-05612-9,1,data/obelix/processed/all-v1.csv,,,,In、Sc、Zr三种阳离子与Br共掺; synthesis_method=unknow; measured_temperature=RT; amorphous=否; source_year=2023,,,,,
trv1_0031,Li2.99Y0.99Zr0.01Br1Cl5,,Li2.99 Y0.99 Zr0.01 Br1 Cl5,5.40e-4,,,,,,,,,,,halide,10.1007/s10008-023-05612-9,1,data/obelix/processed/all-v1.csv,,,,1% Zr与低Br含量双掺; synthesis_method=unknow; measured_temperature=RT; amorphous=否; source_year=2023,,,,,
trv1_0032,Li2.99Y0.99Zr0.01Br0.4Cl5.6,,Li2.99 Y0.99 Zr0.01 Br0.4 Cl5.6,3.70e-4,,,,,,,,,,,halide,10.1007/s10008-023-05612-9,1,data/obelix/processed/all-v1.csv,,,,1% Zr与极低Br含量双掺; synthesis_method=unknow; measured_temperature=RT; amorphous=否; source_year=2023,,,,,
v09,Li2.5Zr0.5Sc0.5Cl6,,Li2.5 Zr0.5 Sc0.5 Cl6,0.00223,,,,,,,,,,,halides,10.1016/j.cej.2022.140509,1,data/obelix/processed/all-v1.csv,,,,Curator row 9; Zr4+ doped; original 2.23 mS/cm at 25 C; synthesis_method=unknow; measured_temperature=25; amorphous=否; source_year=2023,,,,,
v32,Li2.7Hf0.3In0.7Cl6,,Li2.7 Hf0.3 In0.7 Cl6,0.00128,,,,,,,,,,,halides,10.1021/acsami.2c21022,1,data/obelix/processed/all-v1.csv,,,,Curator row 32; Hf4+ doped; corrected DOI; original 1.28 mS/cm; synthesis_method=unknow; measured_temperature=RT; amorphous=否; source_year=2023,,,,,
v56,Li3InCl6,,Li3 In1 Cl6,0.00067,,,,,,,,,,,halides,10.1021/acsami.2c21022,1,data/obelix/processed/all-v1.csv,,,,Curator row 56; undoped Hf-doping reference; corrected DOI; original 0.67 mS/cm; synthesis_method=unknow; measured_temperature=RT; amorphous=否; source_year=2023,,,,,
khx,Li3.2Ta1Cl5O1.6,,Li3.2 Ta1 Cl5 O1.6,0.0066,,,,,,,,,,,halides,10.1038/s41467-023-39197-8,1,data/obelix/processed/all-v1.csv,,,,Source data/add-data-LZACO.txt; original 6.6e-3 S/cm; synthesis_method=unknow; measured_temperature=RT; amorphous=是; source_year=2023,,,,,
arj,Li3Ta1Cl5O1.5,,Li3 Ta1 Cl5 O1.5,0.0058,,,,,,,,,,,halides,10.1038/s41467-023-39197-8,1,data/obelix/processed/all-v1.csv,,,,Source data/add-data-LZACO.txt; approximate original 5.8e-3 S/cm; synthesis_method=unknow; measured_temperature=RT; amorphous=是; source_year=2023,,,,,
vuo,Li2.8Ta1Cl5O1.4,,Li2.8 Ta1 Cl5 O1.4,0.0055,,,,,,,,,,,halides,10.1038/s41467-023-39197-8,1,data/obelix/processed/all-v1.csv,,,,Source data/add-data-LZACO.txt; approximate original 5.5e-3 S/cm; synthesis_method=unknow; measured_temperature=RT; amorphous=是; source_year=2023,,,,,
skp,Li2.4Ta1Cl5O1.2,,Li2.4 Ta1 Cl5 O1.2,0.0054,,,,,,,,,,,halides,10.1038/s41467-023-39197-8,1,data/obelix/processed/all-v1.csv,,,,Source data/add-data-LZACO.txt; approximate original 5.4e-3 S/cm; synthesis_method=unknow; measured_temperature=RT; amorphous=是; source_year=2023,,,,,
mvh,Li2.2Ta1Cl5O1.1,,Li2.2 Ta1 Cl5 O1.1,0.0053,,,,,,,,,,,halides,10.1038/s41467-023-39197-8,1,data/obelix/processed/all-v1.csv,,,,Source data/add-data-LZACO.txt; original 5.3e-3 S/cm; synthesis_method=unknow; measured_temperature=RT; amorphous=是; source_year=2023,,,,,
vbk,Li2TaCl5O,,Li2 Ta1 Cl5 O1,0.00041,,,,,,,,,,,halides,10.1038/s41467-023-39197-8,1,data/obelix/processed/all-v1.csv,,,,Source data/add-data-LZACO.txt; crystalline comparison; original 0.41e-3 S/cm; synthesis_method=unknow; measured_temperature=RT; amorphous=否; source_year=2023,,,,,
fmx,Li3Hf1Cl4O1.5,,Li3 Hf1 Cl4 O1.5,0.00197,,,,,,,,,,,halides,10.1038/s41467-023-39197-8,1,data/obelix/processed/all-v1.csv,,,,Source data/add-data-LZACO.txt; original 1.97e-3 S/cm; synthesis_method=unknow; measured_temperature=RT; amorphous=unknow; source_year=2023,,,,,
mhg,Li1.75Zr1Cl4.75O0.5,,Li1.75 Zr1 Cl4.75 O0.5,0.00242,,,,,,,,,,,halides,10.1038/s41467-023-39522-1,1,data/obelix/processed/all-v1.csv,,,,Source data/add-data-LZACO.txt; curator row 8; O2- substitution; original 2.42 mS/cm at 25 C; synthesis_method=unknow; measured_temperature=25; amorphous=unknow; source_year=2023,,,,,
jib,Li2.5Zr1Cl5.5O0.5,,Li2.5 Zr1 Cl5.5 O0.5,0.00117,,,,,,,,,,,halides,10.1038/s41467-023-39522-1,1,data/obelix/processed/all-v1.csv,,,,Source data/add-data-LZACO.txt; curator row 16; dual-phase room-temperature sample; corrected from review extraction 1.7 to source value 1.17 mS/cm; synthesis_method=unknow; measured_temperature=RT; amorphous=unknow; source_year=2023,,,,,
v06,Li0.388La0.475Ta0.238Cl3,,Li0.388 La0.475 Ta0.238 Cl3,0.00302,,,,,,,,,,,halides,10.1038/s41586-023-05899-8,1,data/obelix/processed/all-v1.csv,,,,Curator row 6; Ta5+ doped and ball-milled; original 3.02 mS/cm; synthesis_method=球磨; measured_temperature=RT; amorphous=否; source_year=2023,,,,,
trv1_0035,Li2.4Zr0.8Zn0.2Cl6,,Li2.4 Zr0.8 Zn0.2 Cl6,1.00e-3,,,,,,,,,,,halide,10.1002/aenm.202405760,1,data/obelix/processed/all-v1.csv,,,,系列最优；由30°C按Ea=0.31 eV外推至27°C; synthesis_method=机械化学球磨; measured_temperature=27（外推）; amorphous=unknow; source_year=2024,,,,,
trv1_0046,Li2.3Zr1Cl6.1F0.2,,Li2.3 Zr1 Cl6.1 F0.2,6.50e-4,,,,,,,,,,,halide,10.1002/smll.202407418,1,data/obelix/processed/all-v1.csv,,,,本文最优样品；由30°C按Ea=0.34 eV外推至27°C; synthesis_method=机械化学球磨; measured_temperature=27（外推）; amorphous=unknow; source_year=2024,,,,,
lly,Li2.1Zr0.9Al0.1Cl6,,Li2.1 Zr0.9 Al0.1 Cl6,0.00036,,,,,,,,,,,halides,10.1016/j.ensm.2024.103444,1,data/obelix/processed/all-v1.csv,,,,Source data/add-data-LZACO.txt; crystalline; original 0.36 mS/cm; Ea=0.40 eV; synthesis_method=unknow; measured_temperature=RT; amorphous=否; source_year=2024,,,,,
qiv,Li2.15Zr0.85Al0.15Cl6,,Li2.15 Zr0.85 Al0.15 Cl6,0.00065,,,,,,,,,,,halides,10.1016/j.ensm.2024.103444,1,data/obelix/processed/all-v1.csv,,,,Source data/add-data-LZACO.txt; crystalline; original 0.65 mS/cm; Ea=0.345 eV; synthesis_method=unknow; measured_temperature=RT; amorphous=否; source_year=2024,,,,,
hav,Li2.2Zr0.8Al0.2Cl6,,Li2.2 Zr0.8 Al0.2 Cl6,0.00099,,,,,,,,,,,halides,10.1016/j.ensm.2024.103444,1,data/obelix/processed/all-v1.csv,,,,Source data/add-data-LZACO.txt; crystalline; original 0.99 mS/cm; Ea=0.335 eV; synthesis_method=unknow; measured_temperature=RT; amorphous=否; source_year=2024,,,,,
wys,Li2.25Zr0.75Al0.25Cl6,,Li2.25 Zr0.75 Al0.25 Cl6,0.00113,,,,,,,,,,,halides,10.1016/j.ensm.2024.103444,1,data/obelix/processed/all-v1.csv,,,,Source data/add-data-LZACO.txt; crystalline; original 1.13 mS/cm; Ea=0.29 eV; synthesis_method=unknow; measured_temperature=RT; amorphous=否; source_year=2024,,,,,
uby,Li2.3Zr0.7Al0.3Cl6,,Li2.3 Zr0.7 Al0.3 Cl6,0.00087,,,,,,,,,,,halides,10.1016/j.ensm.2024.103444,1,data/obelix/processed/all-v1.csv,,,,Source data/add-data-LZACO.txt; crystalline; original 0.87 mS/cm; Ea=0.36 eV; synthesis_method=unknow; measured_temperature=RT; amorphous=否; source_year=2024,,,,,
gsp,Li2.4Zr0.6Al0.4Cl6,,Li2.4 Zr0.6 Al0.4 Cl6,0.0005,,,,,,,,,,,halides,10.1016/j.ensm.2024.103444,1,data/obelix/processed/all-v1.csv,,,,Source data/add-data-LZACO.txt; crystalline; original 0.50 mS/cm; Ea=0.40 eV; synthesis_method=unknow; measured_temperature=RT; amorphous=否; source_year=2024,,,,,
ync,Li3.4Zr1Cl4.6O1.4,,Li3.4 Zr1 Cl4.6 O1.4,0.00146,,,,,,,,,,,halides,10.1016/j.est.2024.111700,1,data/obelix/processed/all-v1.csv,,,,Source data/add-data-LZACO.txt; original 1.46e-3 S/cm; synthesis_method=unknow; measured_temperature=RT; amorphous=unknow; source_year=2024,,,,,
trv1_0050,Li3Y0.8Fe0.2Cl6,,Li3 Y0.8 Fe0.2 Cl6,7.5e-4,,,,,,,,,,,halide,10.1021/acsami.4c01352,1,data/obelix/processed/all-v1.csv,,,,synthesis_method=unknow; measured_temperature=RT; amorphous=unknow; source_year=2024,,,,,
trv1_0051,Li2.4Y0.4Zr0.6Cl6,,Li2.4 Y0.4 Zr0.6 Cl6,2.05e-3,,,,,,,,,,,halide,10.1021/acsami.4c01352,1,data/obelix/processed/all-v1.csv,,,,系列最优; synthesis_method=unknow; measured_temperature=RT; amorphous=unknow; source_year=2024,,,,,
trv1_0052,Li2.4Y0.4Zr0.6Cl5.925F0.075,,Li2.4 Y0.4 Zr0.6 Cl5.925 F0.075,1.65e-3,,,,,,,,,,,halide,10.1021/acsami.4c01352,1,data/obelix/processed/all-v1.csv,,,,synthesis_method=unknow; measured_temperature=RT; amorphous=unknow; source_year=2024,,,,,
trv1_0053,Li2.4Y0.4Zr0.6Cl5.85F0.15,,Li2.4 Y0.4 Zr0.6 Cl5.85 F0.15,1.45e-3,,,,,,,,,,,halide,10.1021/acsami.4c01352,1,data/obelix/processed/all-v1.csv,,,,synthesis_method=unknow; measured_temperature=RT; amorphous=unknow; source_year=2024,,,,,
trv1_0054,Li2.4Y0.4Zr0.6Cl5.7F0.3,,Li2.4 Y0.4 Zr0.6 Cl5.7 F0.3,1.08e-3,,,,,,,,,,,halide,10.1021/acsami.4c01352,1,data/obelix/processed/all-v1.csv,,,,synthesis_method=unknow; measured_temperature=RT; amorphous=unknow; source_year=2024,,,,,
trv1_0060,Li6PI3,,Li6 P1 I3,6.2e-4,,,,,,,,,,,halide,10.1002/adma.202501838,1,data/obelix/processed/all-v1.csv,,,,PI3涂层与Li接触后的还原产物；界面层材料; synthesis_method=unknow; measured_temperature=RT; amorphous=unknow; source_year=2025,,,,,
trv1_0062,Li2Zr1I0.25Cl5.75,,Li2 Zr1 I0.25 Cl5.75,5.6e-4,,,,,,,,,,,halide,10.1002/smll.202505926,1,data/obelix/processed/all-v1.csv,,,,室温值由30°C数据外推至27°C；y=0.25; synthesis_method=机械化学球磨（600 rpm，10 h）; measured_temperature=30; amorphous=否; source_year=2025,,,,,
trv1_0063,Li2Zr1I0.5Cl5.5,,Li2 Zr1 I0.5 Cl5.5,8.1e-4,,,,,,,,,,,halide,10.1002/smll.202505926,1,data/obelix/processed/all-v1.csv,,,,室温值由30°C数据外推至27°C；I系列最高值; synthesis_method=机械化学球磨（600 rpm，10 h）; measured_temperature=30; amorphous=否; source_year=2025,,,,,
trv1_0064,Li2Zr1I0.75Cl5.25,,Li2 Zr1 I0.75 Cl5.25,7.4e-4,,,,,,,,,,,halide,10.1002/smll.202505926,1,data/obelix/processed/all-v1.csv,,,,室温值由30°C数据外推至27°C；y=0.75; synthesis_method=机械化学球磨（600 rpm，10 h）; measured_temperature=30; amorphous=否; source_year=2025,,,,,
trv1_0065,Li2ZrICl5,,Li2 Zr1 I1 Cl5,6.7e-4,,,,,,,,,,,halide,10.1002/smll.202505926,1,data/obelix/processed/all-v1.csv,,,,室温值由30°C数据外推至27°C；y=1.0; synthesis_method=机械化学球磨（600 rpm，10 h）; measured_temperature=30; amorphous=否; source_year=2025,,,,,
trv1_0066,Li2Zr1I1.5Cl4.5,,Li2 Zr1 I1.5 Cl4.5,5.4e-4,,,,,,,,,,,halide,10.1002/smll.202505926,1,data/obelix/processed/all-v1.csv,,,,室温值由30°C数据外推至27°C；y=1.5; synthesis_method=机械化学球磨（600 rpm，10 h）; measured_temperature=30; amorphous=否; source_year=2025,,,,,
trv1_0067,Li2Zr(ICl2)2,,Li2 Zr1 I2 Cl4,1.9e-4,,,,,,,,,,,halide,10.1002/smll.202505926,1,data/obelix/processed/all-v1.csv,,,,室温值由30°C数据外推至27°C；过量I导致结构畸变; synthesis_method=机械化学球磨（600 rpm，10 h；额外添加ZrI4）; measured_temperature=30; amorphous=否; source_year=2025,,,,,
trv1_0068,Li2Zr1Br0.5Cl5.5,,Li2 Zr1 Br0.5 Cl5.5,4.7e-4,,,,,,,,,,,halide,10.1002/smll.202505926,1,data/obelix/processed/all-v1.csv,,,,室温值由30°C数据外推至27°C；Br取代中唯一微升组; synthesis_method=机械化学球磨; measured_temperature=30; amorphous=否; source_year=2025,,,,,
trv1_0069,Li2ZrBrCl5,,Li2 Zr1 Br1 Cl5,3.2e-4,,,,,,,,,,,halide,10.1002/smll.202505926,1,data/obelix/processed/all-v1.csv,,,,室温值由30°C数据外推至27°C；y=1.0; synthesis_method=机械化学球磨; measured_temperature=30; amorphous=否; source_year=2025,,,,,
trv1_0070,Li2Zr1Br1.5Cl4.5,,Li2 Zr1 Br1.5 Cl4.5,2.1e-4,,,,,,,,,,,halide,10.1002/smll.202505926,1,data/obelix/processed/all-v1.csv,,,,室温值由30°C数据外推至27°C；y=1.5; synthesis_method=机械化学球磨; measured_temperature=30; amorphous=否; source_year=2025,,,,,
trv1_0071,Li2Zr(BrCl2)2,,Li2 Zr1 Br2 Cl4,1.8e-4,,,,,,,,,,,halide,10.1002/smll.202505926,1,data/obelix/processed/all-v1.csv,,,,室温值由30°C数据外推至27°C；Br系列最低值; synthesis_method=机械化学球磨; measured_temperature=30; amorphous=否; source_year=2025,,,,,
trv1_0072,Li5.5P1S4.5Cl1.5,,Li5.5 P1 S4.5 Cl1.5,7.8e-3,,,,,,,,,,,argyrodite,10.1007/s10854-025-14581-w,1,data/obelix/processed/all-v1.csv,,,,纯相Argyrodite基准; synthesis_method=unknow; measured_temperature=25; amorphous=否; source_year=2025,,,,,
trv1_0073,Li5.55Si0.05P0.95S4.4Cl1.5O0.1,,Li5.55 Si0.05 P0.95 S4.4 Cl1.5 O0.1,~7.6e-3,,,,,,,,,,,argyrodite,10.1007/s10854-025-14581-w,1,data/obelix/processed/all-v1.csv,,,,由图估算；纯相; synthesis_method=unknow; measured_temperature=25; amorphous=否; source_year=2025,,,,,
trv1_0074,Li5.7Si0.2P0.8S4.1Cl1.5O0.4,,Li5.7 Si0.2 P0.8 S4.1 Cl1.5 O0.4,2.03e-3,,,,,,,,,,,argyrodite,10.1007/s10854-025-14581-w,1,data/obelix/processed/all-v1.csv,,,,出现SiO2与LiCl杂相; synthesis_method=unknow; measured_temperature=25; amorphous=否; source_year=2025,,,,,
trv1_0075,Li3Y(BrCl)3,,Li3 Y1 Br3 Cl3,2.08e-3,,,,,,,,,,,halide,10.1016/s1003-6326(25)66819-1,1,data/obelix/processed/all-v1.csv,,,,本文最优；双卤素协同效应；单斜相; synthesis_method=湿化学法（450°C烧结6 h）; measured_temperature=25; amorphous=否; source_year=2025,,,,,
trv1_0076,Li3YBr6,,Li3 Y1 Br6,1.1e-3,,,,,,,,,,,halide,10.1016/s1003-6326(25)66819-1,1,data/obelix/processed/all-v1.csv,,,,估算范围; synthesis_method=湿化学法（450°C烧结6 h）; measured_temperature=25; amorphous=否; source_year=2025,,,,,
trv1_0077,Li1.1Nb1Cl3.9O1.1,,Li1.1 Nb1 Cl3.9 O1.1,2.9e-3,,,,,,,,,,,oxyhalide,10.1021/acs.chemmater.5c00627,1,data/obelix/processed/all-v1.csv,,,,富Li/O；含5.3 wt% LiCl杂质; synthesis_method=高能球磨（500 rpm，40 h）+真空安瓿100°C退火12 h; measured_temperature=25; amorphous=否; source_year=2025,,,,,
trv1_0078,LiNbCl4O,,Li1 Nb1 Cl4 O1,5.0e-3,,,,,,,,,,,oxyhalide,10.1021/acs.chemmater.5c00627,1,data/obelix/processed/all-v1.csv,,,,正文另记为5.1e-3 S/cm；含少于1 wt% LiCl; synthesis_method=高能球磨（500 rpm，40 h）+真空安瓿100°C退火12 h; measured_temperature=25; amorphous=否; source_year=2025,,,,,
trv1_0079,Li0.95Nb1Cl4.05O0.95,,Li0.95 Nb1 Cl4.05 O0.95,9.4e-3,,,,,,,,,,,oxyhalide,10.1021/acs.chemmater.5c00627,1,data/obelix/processed/all-v1.csv,,,,系列最高电导率; synthesis_method=高能球磨（500 rpm，40 h）+真空安瓿100°C退火12 h; measured_temperature=25; amorphous=否; source_year=2025,,,,,
trv1_0080,Li0.9Nb1Cl4.1O0.9,,Li0.9 Nb1 Cl4.1 O0.9,3.1e-3,,,,,,,,,,,oxyhalide,10.1021/acs.chemmater.5c00627,1,data/obelix/processed/all-v1.csv,,,,synthesis_method=高能球磨（500 rpm，40 h）+真空安瓿100°C退火12 h; measured_temperature=25; amorphous=否; source_year=2025,,,,,
trv1_0081,Li0.85Nb1Cl4.15O0.85,,Li0.85 Nb1 Cl4.15 O0.85,2.8e-3,,,,,,,,,,,oxyhalide,10.1021/acs.chemmater.5c00627,1,data/obelix/processed/all-v1.csv,,,,synthesis_method=高能球磨（500 rpm，40 h）+真空安瓿100°C退火12 h; measured_temperature=25; amorphous=否; source_year=2025,,,,,
trv1_0082,Li0.8Nb1Cl4.2O0.8,,Li0.8 Nb1 Cl4.2 O0.8,1.7e-3,,,,,,,,,,,oxyhalide,10.1021/acs.chemmater.5c00627,1,data/obelix/processed/all-v1.csv,,,,系列最低电导率; synthesis_method=高能球磨（500 rpm，40 h）+真空安瓿100°C退火12 h; measured_temperature=25; amorphous=否; source_year=2025,,,,,
trv1_0084,Li1.9Zr0.9Sb0.1Cl5.5O0.25,,Li1.9 Zr0.9 Sb0.1 Cl5.5 O0.25,2.63e-4,,,,,,,,,,,oxyhalide,10.1021/acs.jpcc.5c05412,1,data/obelix/processed/all-v1.csv,,,,x=0.05；I相与II相共存; synthesis_method=机械化学球磨（1000 rpm，15 h）; measured_temperature=25; amorphous=否; source_year=2025,,,,,
trv1_0085,Li1.8Zr0.8Sb0.2Cl5O0.5,,Li1.8 Zr0.8 Sb0.2 Cl5 O0.5,3.47e-4,,,,,,,,,,,oxyhalide,10.1021/acs.jpcc.5c05412,1,data/obelix/processed/all-v1.csv,,,,x=0.10；I相与II相共存; synthesis_method=机械化学球磨（1000 rpm，15 h）; measured_temperature=25; amorphous=否; source_year=2025,,,,,
trv1_0086,Li1.75Zr0.75Sb0.25Cl4.75O0.625,,Li1.75 Zr0.75 Sb0.25 Cl4.75 O0.625,4.20e-4,,,,,,,,,,,oxyhalide,10.1021/acs.jpcc.5c05412,1,data/obelix/processed/all-v1.csv,,,,系列最高电导率；单斜相为主; synthesis_method=机械化学球磨（1000 rpm，15 h）; measured_temperature=25; amorphous=否; source_year=2025,,,,,
trv1_0087,Li1.7Zr0.7Sb0.3Cl4.5O0.75,,Li1.7 Zr0.7 Sb0.3 Cl4.5 O0.75,3.63e-4,,,,,,,,,,,oxyhalide,10.1021/acs.jpcc.5c05412,1,data/obelix/processed/all-v1.csv,,,,x=0.15；纯II相; synthesis_method=机械化学球磨（1000 rpm，15 h）; measured_temperature=25; amorphous=否; source_year=2025,,,,,
trv1_0088,Li1.6Zr0.6Sb0.4Cl4O1,,Li1.6 Zr0.6 Sb0.4 Cl4 O1,6.5e-5,,,,,,,,,,,oxyhalide,10.1021/acs.jpcc.5c05412,1,data/obelix/processed/all-v1.csv,,,,x=0.20；过量掺杂导致电导率下降; synthesis_method=机械化学球磨（1000 rpm，15 h）; measured_temperature=25; amorphous=否; source_year=2025,,,,,
trv1_0089,Li3InCl6,,Li3 In1 Cl6,1.30e-3,,,,,,,,,,,halide,10.1021/acs.jpclett.5c00947,1,data/obelix/processed/all-v1.csv,,,,未取代基准；三个取代系列共用基准，已合并; synthesis_method=球磨+退火; measured_temperature=RT; amorphous=否; source_year=2025,,,,,
trv1_0090,Li3In1Br0.2Cl5.8,,Li3 In1 Br0.2 Cl5.8,9.0e-4,,,,,,,,,,,halide,10.1021/acs.jpclett.5c00947,1,data/obelix/processed/all-v1.csv,,,,x=0.2; synthesis_method=球磨+退火; measured_temperature=RT; amorphous=否; source_year=2025,,,,,
trv1_0091,Li3In1Br0.4Cl5.6,,Li3 In1 Br0.4 Cl5.6,7.5e-4,,,,,,,,,,,halide,10.1021/acs.jpclett.5c00947,1,data/obelix/processed/all-v1.csv,,,,x=0.4; synthesis_method=球磨+退火; measured_temperature=RT; amorphous=否; source_year=2025,,,,,
trv1_0092,Li3In1Br0.6Cl5.4,,Li3 In1 Br0.6 Cl5.4,4.0e-4,,,,,,,,,,,halide,10.1021/acs.jpclett.5c00947,1,data/obelix/processed/all-v1.csv,,,,x=0.6；Br固溶极限; synthesis_method=球磨+退火; measured_temperature=RT; amorphous=否; source_year=2025,,,,,
trv1_0093,Li3In1Br0.8Cl5.2,,Li3 In1 Br0.8 Cl5.2,2.8e-4,,,,,,,,,,,halide,10.1021/acs.jpclett.5c00947,1,data/obelix/processed/all-v1.csv,,,,x=0.8；接近杂相区; synthesis_method=球磨+退火; measured_temperature=RT; amorphous=否; source_year=2025,,,,,
trv1_0094,Li3InBrCl5,,Li3 In1 Br1 Cl5,3.0e-5,,,,,,,,,,,halide,10.1021/acs.jpclett.5c00947,1,data/obelix/processed/all-v1.csv,,,,x=1.0；杂相主导; synthesis_method=球磨+退火; measured_temperature=RT; amorphous=否; source_year=2025,,,,,
trv1_0095,Li3In1Br1.2Cl4.8,,Li3 In1 Br1.2 Cl4.8,1.5e-7,,,,,,,,,,,halide,10.1021/acs.jpclett.5c00947,1,data/obelix/processed/all-v1.csv,,,,x=1.2；原值为1.5e-4 mS/cm；杂相; synthesis_method=球磨+退火; measured_temperature=RT; amorphous=否; source_year=2025,,,,,
trv1_0096,Li3In1Cl5.8F0.2,,Li3 In1 Cl5.8 F0.2,9.5e-4,,,,,,,,,,,halide,10.1021/acs.jpclett.5c00947,1,data/obelix/processed/all-v1.csv,,,,x=0.2; synthesis_method=球磨+退火; measured_temperature=RT; amorphous=否; source_year=2025,,,,,
trv1_0097,Li3In1Cl5.6F0.4,,Li3 In1 Cl5.6 F0.4,8.0e-4,,,,,,,,,,,halide,10.1021/acs.jpclett.5c00947,1,data/obelix/processed/all-v1.csv,,,,x=0.4; synthesis_method=球磨+退火; measured_temperature=RT; amorphous=否; source_year=2025,,,,,
trv1_0098,Li3In1Cl5.4F0.6,,Li3 In1 Cl5.4 F0.6,6.0e-4,,,,,,,,,,,halide,10.1021/acs.jpclett.5c00947,1,data/obelix/processed/all-v1.csv,,,,x=0.6; synthesis_method=球磨+退火; measured_temperature=RT; amorphous=否; source_year=2025,,,,,
trv1_0099,Li3In1Cl5.2F0.8,,Li3 In1 Cl5.2 F0.8,5.0e-4,,,,,,,,,,,halide,10.1021/acs.jpclett.5c00947,1,data/obelix/processed/all-v1.csv,,,,x=0.8；F单相固溶极限; synthesis_method=球磨+退火; measured_temperature=RT; amorphous=否; source_year=2025,,,,,
trv1_0100,Li3InCl5F,,Li3 In1 Cl5 F1,4.5e-4,,,,,,,,,,,halide,10.1021/acs.jpclett.5c00947,1,data/obelix/processed/all-v1.csv,,,,x=1.0；纯相或微量杂相; synthesis_method=球磨+退火; measured_temperature=RT; amorphous=否; source_year=2025,,,,,
trv1_0101,Li3In1Cl4.8F1.2,,Li3 In1 Cl4.8 F1.2,3.5e-4,,,,,,,,,,,halide,10.1021/acs.jpclett.5c00947,1,data/obelix/processed/all-v1.csv,,,,x=1.2；出现InF3杂相; synthesis_method=球磨+退火; measured_temperature=RT; amorphous=否; source_year=2025,,,,,
trv1_0102,Li3In1I0.1Cl5.9,,Li3 In1 I0.1 Cl5.9,3.0e-4,,,,,,,,,,,halide,10.1021/acs.jpclett.5c00947,1,data/obelix/processed/all-v1.csv,,,,x=0.1；生成LiInI4杂相; synthesis_method=球磨+退火; measured_temperature=RT; amorphous=否; source_year=2025,,,,,
trv1_0103,Li3In1I0.2Cl5.8,,Li3 In1 I0.2 Cl5.8,2.0e-4,,,,,,,,,,,halide,10.1021/acs.jpclett.5c00947,1,data/obelix/processed/all-v1.csv,,,,x=0.2；生成LiInI4杂相; synthesis_method=球磨+退火; measured_temperature=RT; amorphous=否; source_year=2025,,,,,
trv1_0105,Li1.625Zr0.625Al0.375Cl5.25,,Li1.625 Zr0.625 Al0.375 Cl5.25,9.81e-4,,,,,,,,,,,halide,10.1021/acsnano.4c16514,1,data/obelix/processed/all-v1.csv,,,,由30°C按Ea=0.30 eV外推至27°C; synthesis_method=机械化学球磨; measured_temperature=27（外推）; amorphous=unknow; source_year=2025,,,,,
trv1_0114,Li0.388La0.475Ta0.238Cl3,,Li0.388 La0.475 Ta0.238 Cl3,1.56e-3,,,,,,,,,,,halide,10.1021/jacs.5c11480,1,data/obelix/processed/all-v1.csv,,,,室温值由30°C数据外推至27°C；未掺杂基准; synthesis_method=高能震荡球磨（875 cycles/min，3 h）; measured_temperature=30; amorphous=否; source_year=2025,,,,,
trv1_0115,Li0.488La0.475Ta0.238Cl2.9O0.1,,Li0.488 La0.475 Ta0.238 Cl2.9 O0.1,1.70e-3,,,,,,,,,,,oxyhalide,10.1021/jacs.5c11480,1,data/obelix/processed/all-v1.csv,,,,室温值由30°C数据外推至27°C；x=0.10; synthesis_method=高能震荡球磨（875 cycles/min，3 h）; measured_temperature=30; amorphous=否; source_year=2025,,,,,
trv1_0116,Li0.538La0.475Ta0.238Cl2.85O0.15,,Li0.538 La0.475 Ta0.238 Cl2.85 O0.15,1.88e-3,,,,,,,,,,,oxyhalide,10.1021/jacs.5c11480,1,data/obelix/processed/all-v1.csv,,,,室温值由30°C数据外推至27°C；最优掺杂; synthesis_method=高能震荡球磨（875 cycles/min，3 h）; measured_temperature=30; amorphous=否; source_year=2025,,,,,
trv1_0117,Li0.588La0.475Ta0.238Cl2.8O0.2,,Li0.588 La0.475 Ta0.238 Cl2.8 O0.2,1.62e-3,,,,,,,,,,,oxyhalide,10.1021/jacs.5c11480,1,data/obelix/processed/all-v1.csv,,,,室温值由30°C数据外推至27°C；x=0.20; synthesis_method=高能震荡球磨（875 cycles/min，3 h）; measured_temperature=30; amorphous=否; source_year=2025,,,,,
trv1_0118,Li0.688La0.475Ta0.238Cl2.7O0.3,,Li0.688 La0.475 Ta0.238 Cl2.7 O0.3,7.9e-4,,,,,,,,,,,oxyhalide,10.1021/jacs.5c11480,1,data/obelix/processed/all-v1.csv,,,,室温值由30°C数据外推至27°C；x=0.30; synthesis_method=高能震荡球磨（875 cycles/min，3 h）; measured_temperature=30; amorphous=否; source_year=2025,,,,,
trv1_0119,Li3InCl6,,Li3 In1 Cl6,1.86e-3,,,,,,,,,,,halide,10.1039/d5ta05447h,1,data/obelix/processed/all-v1.csv,,,,纯相基准；另有外推27°C值2.03e-3 S/cm; synthesis_method=高能球磨+350°C热处理; measured_temperature=25; amorphous=否; source_year=2025,,,,,
trv1_0120,Li3.25In1Cl5.75O0.25,,Li3.25 In1 Cl5.75 O0.25,9.1e-4,,,,,,,,,,,oxyhalide,10.1039/d5ta05447h,1,data/obelix/processed/all-v1.csv,,,,仅掺O；另有外推27°C值1.00e-3 S/cm; synthesis_method=高能球磨+350°C热处理; measured_temperature=25; amorphous=否; source_year=2025,,,,,
trv1_0121,Li3Zr0.25In0.75Cl5.75O0.25,,Li3 Zr0.25 In0.75 Cl5.75 O0.25,1.05e-3,,,,,,,,,,,oxyhalide,10.1039/d5ta05447h,1,data/obelix/processed/all-v1.csv,,,,共掺杂最优；正文另记1.12e-3 S/cm；外推27°C值1.15e-3 S/cm; synthesis_method=高能球磨+350°C热处理; measured_temperature=25; amorphous=否; source_year=2025,,,,,
trv1_0122,Li2.75Zr0.5In0.5Cl5.75O0.25,,Li2.75 Zr0.5 In0.5 Cl5.75 O0.25,6.6e-4,,,,,,,,,,,oxyhalide,10.1039/d5ta05447h,1,data/obelix/processed/all-v1.csv,,,,另有外推27°C值7.2e-4 S/cm; synthesis_method=高能球磨+350°C热处理; measured_temperature=25; amorphous=否; source_year=2025,,,,,
trv1_0123,Li2.5Zr0.75In0.25Cl5.75O0.25,,Li2.5 Zr0.75 In0.25 Cl5.75 O0.25,4.8e-4,,,,,,,,,,,oxyhalide,10.1039/d5ta05447h,1,data/obelix/processed/all-v1.csv,,,,部分非晶化；出现ZrO2杂相；外推27°C值5.3e-4 S/cm; synthesis_method=高能球磨+350°C热处理; measured_temperature=25; amorphous=是; source_year=2025,,,,,
trv1_0124,LiTaCl4O,,Li1 Ta1 Cl4 O1,~1.0e-2,,,,,,,,,,,oxyhalide,10.1002/smll.74036,1,data/obelix/processed/all-v1.csv,,,,LTOC基准；由图估算; synthesis_method=unknow; measured_temperature=RT; amorphous=是; source_year=2026,,,,,
trv1_0125,Li1Ta1S0.17Cl4O0.83,,Li1 Ta1 S0.17 Cl4 O0.83,~7.0e-3,,,,,,,,,,,oxyhalide,10.1002/smll.74036,1,data/obelix/processed/all-v1.csv,,,,x=0.17；由Figure 2b估算; synthesis_method=unknow; measured_temperature=RT; amorphous=是; source_year=2026,,,,,
trv1_0126,Li1Ta1S0.2Cl4O0.8,,Li1 Ta1 S0.2 Cl4 O0.8,~6.0e-3,,,,,,,,,,,oxyhalide,10.1002/smll.74036,1,data/obelix/processed/all-v1.csv,,,,x=0.20；由Figure 2b估算; synthesis_method=unknow; measured_temperature=RT; amorphous=是; source_year=2026,,,,,
trv1_0127,Li1Ta1S0.25Cl4O0.75,,Li1 Ta1 S0.25 Cl4 O0.75,~5.0e-3,,,,,,,,,,,oxyhalide,10.1002/smll.74036,1,data/obelix/processed/all-v1.csv,,,,x=0.25；由Figure 2b估算; synthesis_method=unknow; measured_temperature=RT; amorphous=是; source_year=2026,,,,,
trv1_0128,Li1Ta1S0.33Cl4O0.67,,Li1 Ta1 S0.33 Cl4 O0.67,~3.5e-3,,,,,,,,,,,oxyhalide,10.1002/smll.74036,1,data/obelix/processed/all-v1.csv,,,,x=0.33；由Figure 2b估算; synthesis_method=unknow; measured_temperature=RT; amorphous=是; source_year=2026,,,,,
trv1_0129,Li1Ta1S0.5Cl4O0.5,,Li1 Ta1 S0.5 Cl4 O0.5,1.89e-3,,,,,,,,,,,oxyhalide,10.1002/smll.74036,1,data/obelix/processed/all-v1.csv,,,,LTOSC-1；最低活化能; synthesis_method=unknow; measured_temperature=RT; amorphous=是; source_year=2026,,,,,
trv1_0130,Li1Ta1S0.66Cl4O0.34,,Li1 Ta1 S0.66 Cl4 O0.34,~1.2e-3,,,,,,,,,,,oxyhalide,10.1002/smll.74036,1,data/obelix/processed/all-v1.csv,,,,x=0.66；由Figure 2b估算; synthesis_method=unknow; measured_temperature=RT; amorphous=是; source_year=2026,,,,,
trv1_0131,Li3Zr1Cl4O1.5,,Li3 Zr1 Cl4 O1.5,~8.0e-4,,,,,,,,,,,oxyhalide,10.1021/acs.energyfuels.6c01704,1,data/obelix/processed/all-v1.csv,,,,x=0；由Figure 1d估算; synthesis_method=unknow; measured_temperature=25; amorphous=是; source_year=2026,,,,,
trv1_0132,Li2.975Zr1Br0.025Cl4O1.475,,Li2.975 Zr1 Br0.025 Cl4 O1.475,3.4e-3,,,,,,,,,,,oxyhalide,10.1021/acs.energyfuels.6c01704,1,data/obelix/processed/all-v1.csv,,,,x=0.025；最优组分; synthesis_method=unknow; measured_temperature=25; amorphous=是; source_year=2026,,,,,
trv1_0133,Li2.95Zr1Br0.05Cl4O1.45,,Li2.95 Zr1 Br0.05 Cl4 O1.45,~2.2e-3,,,,,,,,,,,oxyhalide,10.1021/acs.energyfuels.6c01704,1,data/obelix/processed/all-v1.csv,,,,x=0.05；由Figure 1d估算; synthesis_method=unknow; measured_temperature=25; amorphous=是; source_year=2026,,,,,
trv1_0134,Li2.9Zr1Br0.1Cl4O1.4,,Li2.9 Zr1 Br0.1 Cl4 O1.4,~1.2e-3,,,,,,,,,,,oxyhalide,10.1021/acs.energyfuels.6c01704,1,data/obelix/processed/all-v1.csv,,,,x=0.10；由Figure 1d估算; synthesis_method=unknow; measured_temperature=25; amorphous=是; source_year=2026,,,,,
trv1_0135,Li2.85Zr1Br0.15Cl4O1.35,,Li2.85 Zr1 Br0.15 Cl4 O1.35,~7.0e-4,,,,,,,,,,,oxyhalide,10.1021/acs.energyfuels.6c01704,1,data/obelix/processed/all-v1.csv,,,,x=0.15；由Figure 1d估算; synthesis_method=unknow; measured_temperature=25; amorphous=是; source_year=2026,,,,,
trv1_0137,Li2.2Mg0.1Zr0.9Cl6,,Li2.2 Mg0.1 Zr0.9 Cl6,1.09e-3,,,,,,,,,,,halide,10.1021/acsaem.6c01288,1,data/obelix/processed/all-v1.csv,,,,主值为σbulk; synthesis_method=unknow; measured_temperature=RT; amorphous=否; source_year=2026,,,,,
trv1_0138,Li2.2Zr0.9Zn0.1Cl6,,Li2.2 Zr0.9 Zn0.1 Cl6,4.8e-4,,,,,,,,,,,halide,10.1021/acsaem.6c01288,1,data/obelix/processed/all-v1.csv,,,,主值为σbulk; synthesis_method=unknow; measured_temperature=RT; amorphous=否; source_year=2026,,,,,
trv1_0139,Li2.25Zr0.75Fe0.25Cl6,,Li2.25 Zr0.75 Fe0.25 Cl6,1.24e-3,,,,,,,,,,,halide,10.1021/acsaem.6c01288,1,data/obelix/processed/all-v1.csv,,,,主值为σbulk最高体相电导率; synthesis_method=unknow; measured_temperature=RT; amorphous=否; source_year=2026,,,,,
trv1_0140,Li2.25Zr0.75Ga0.25Cl6,,Li2.25 Zr0.75 Ga0.25 Cl6,2.9e-4,,,,,,,,,,,halide,10.1021/acsaem.6c01288,1,data/obelix/processed/all-v1.csv,,,,主值为σbulk; synthesis_method=unknow; measured_temperature=RT; amorphous=否; source_year=2026,,,,,
trv1_0141,Li2.1Mg0.05Zr0.95Cl6,,Li2.1 Mg0.05 Zr0.95 Cl6,5.0e-4,,,,,,,,,,,halide,10.1021/acsaem.6c01288,1,data/obelix/processed/all-v1.csv,,,,仅有σbulk；低掺杂量; synthesis_method=unknow; measured_temperature=RT; amorphous=否; source_year=2026,,,,,
trv1_0142,Li2.3Mg0.15Zr0.85Cl6,,Li2.3 Mg0.15 Zr0.85 Cl6,6.0e-4,,,,,,,,,,,halide,10.1021/acsaem.6c01288,1,data/obelix/processed/all-v1.csv,,,,仅有σbulk; synthesis_method=unknow; measured_temperature=RT; amorphous=否; source_year=2026,,,,,
trv1_0143,Li2.1Zr0.95Zn0.05Cl6,,Li2.1 Zr0.95 Zn0.05 Cl6,2.0e-4,,,,,,,,,,,halide,10.1021/acsaem.6c01288,1,data/obelix/processed/all-v1.csv,,,,仅有σbulk；低掺杂量; synthesis_method=unknow; measured_temperature=RT; amorphous=否; source_year=2026,,,,,
trv1_0144,Li2.3Zr0.85Zn0.15Cl6,,Li2.3 Zr0.85 Zn0.15 Cl6,3.0e-4,,,,,,,,,,,halide,10.1021/acsaem.6c01288,1,data/obelix/processed/all-v1.csv,,,,仅有σbulk；出现单斜相; synthesis_method=unknow; measured_temperature=RT; amorphous=否; source_year=2026,,,,,
trv1_0145,Li2.1Zr0.9Fe0.1Cl6,,Li2.1 Zr0.9 Fe0.1 Cl6,5.0e-4,,,,,,,,,,,halide,10.1021/acsaem.6c01288,1,data/obelix/processed/all-v1.csv,,,,仅有σbulk；低掺杂量; synthesis_method=unknow; measured_temperature=RT; amorphous=否; source_year=2026,,,,,
trv1_0146,Li2.2Zr0.8Fe0.2Cl6,,Li2.2 Zr0.8 Fe0.2 Cl6,9.0e-4,,,,,,,,,,,halide,10.1021/acsaem.6c01288,1,data/obelix/processed/all-v1.csv,,,,仅有σbulk；接近最优; synthesis_method=unknow; measured_temperature=RT; amorphous=否; source_year=2026,,,,,
trv1_0147,Li2.3Zr0.7Fe0.3Cl6,,Li2.3 Zr0.7 Fe0.3 Cl6,8.0e-4,,,,,,,,,,,halide,10.1021/acsaem.6c01288,1,data/obelix/processed/all-v1.csv,,,,仅有σbulk；开始出现二次相; synthesis_method=unknow; measured_temperature=RT; amorphous=否; source_year=2026,,,,,
trv1_0148,Li2.1Zr0.9Ga0.1Cl6,,Li2.1 Zr0.9 Ga0.1 Cl6,1.5e-4,,,,,,,,,,,halide,10.1021/acsaem.6c01288,1,data/obelix/processed/all-v1.csv,,,,仅有σbulk；低掺杂量; synthesis_method=unknow; measured_temperature=RT; amorphous=否; source_year=2026,,,,,
zec,Li2Zr0.8Al0.2Cl3.8O1,,Li2 Zr0.8 Al0.2 Cl3.8 O1,0.00198,,,,,,,,,,,halides,10.1038/s41467-025-68210-5,1,data/obelix/processed/all-v1.csv,,,,Source data/add-data-LZACO.txt; original 1.98 mS/cm; synthesis_method=unknow; measured_temperature=RT; amorphous=是; source_year=2026,,,,,
tsw,Li2Zr0.75Al0.25Cl3.75O1,,Li2 Zr0.75 Al0.25 Cl3.75 O1,0.00201,,,,,,,,,,,halides,10.1038/s41467-025-68210-5,1,data/obelix/processed/all-v1.csv,,,,Source data/add-data-LZACO.txt; original 2.01 mS/cm; synthesis_method=unknow; measured_temperature=RT; amorphous=是; source_year=2026,,,,,
wnt,Li2Zr0.7Al0.3Cl3.7O1,,Li2 Zr0.7 Al0.3 Cl3.7 O1,0.00174,,,,,,,,,,,halides,10.1038/s41467-025-68210-5,1,data/obelix/processed/all-v1.csv,,,,Source data/add-data-LZACO.txt; original 1.74 mS/cm; synthesis_method=unknow; measured_temperature=RT; amorphous=是; source_year=2026,,,,,
odf,Li2Zr0.6Al0.4Cl3.6O1,,Li2 Zr0.6 Al0.4 Cl3.6 O1,0.00122,,,,,,,,,,,halides,10.1038/s41467-025-68210-5,1,data/obelix/processed/all-v1.csv,,,,Source data/add-data-LZACO.txt; original 1.22 mS/cm; synthesis_method=unknow; measured_temperature=RT; amorphous=是; source_year=2026,,,,,
nsm,Li2Zr0.5Al0.5Cl3.5O1,,Li2 Zr0.5 Al0.5 Cl3.5 O1,0.000846,,,,,,,,,,,halides,10.1038/s41467-025-68210-5,1,data/obelix/processed/all-v1.csv,,,,Source data/add-data-LZACO.txt; original 0.846 mS/cm; synthesis_method=unknow; measured_temperature=RT; amorphous=是; source_year=2026,,,,,
tlx,Li2.4Zr0.8Al0.2Cl3.8O1.2,,Li2.4 Zr0.8 Al0.2 Cl3.8 O1.2,0.0021,,,,,,,,,,,halides,10.1038/s41467-025-68210-5,1,data/obelix/processed/all-v1.csv,,,,Source data/add-data-LZACO.txt; original 2.1 mS/cm; synthesis_method=unknow; measured_temperature=RT; amorphous=是; source_year=2026,,,,,
btq,Li2.4Zr0.75Al0.25Cl3.75O1.2,,Li2.4 Zr0.75 Al0.25 Cl3.75 O1.2,0.00254,,,,,,,,,,,halides,10.1038/s41467-025-68210-5,1,data/obelix/processed/all-v1.csv,,,,Source data/add-data-LZACO.txt; original 2.54 mS/cm; synthesis_method=unknow; measured_temperature=RT; amorphous=是; source_year=2026,,,,,
xhm,Li2.4Zr0.7Al0.3Cl3.7O1.2,,Li2.4 Zr0.7 Al0.3 Cl3.7 O1.2,0.00224,,,,,,,,,,,halides,10.1038/s41467-025-68210-5,1,data/obelix/processed/all-v1.csv,,,,Source data/add-data-LZACO.txt; original 2.24 mS/cm; synthesis_method=unknow; measured_temperature=RT; amorphous=是; source_year=2026,,,,,
gmh,Li2.4Zr0.6Al0.4Cl3.6O1.2,,Li2.4 Zr0.6 Al0.4 Cl3.6 O1.2,0.00134,,,,,,,,,,,halides,10.1038/s41467-025-68210-5,1,data/obelix/processed/all-v1.csv,,,,Source data/add-data-LZACO.txt; original 1.34 mS/cm; synthesis_method=unknow; measured_temperature=RT; amorphous=是; source_year=2026,,,,,
gno,Li2.4Zr0.5Al0.5Cl3.5O1.2,,Li2.4 Zr0.5 Al0.5 Cl3.5 O1.2,0.000907,,,,,,,,,,,halides,10.1038/s41467-025-68210-5,1,data/obelix/processed/all-v1.csv,,,,Source data/add-data-LZACO.txt; original 0.907 mS/cm; synthesis_method=unknow; measured_temperature=RT; amorphous=是; source_year=2026,,,,,
dbx,Li2.8Zr0.8Al0.2Cl3.8O1.4,,Li2.8 Zr0.8 Al0.2 Cl3.8 O1.4,0.00224,,,,,,,,,,,halides,10.1038/s41467-025-68210-5,1,data/obelix/processed/all-v1.csv,,,,Source data/add-data-LZACO.txt; original 2.24 mS/cm; synthesis_method=unknow; measured_temperature=RT; amorphous=是; source_year=2026,,,,,
pkj,Li2.8Zr0.75Al0.25Cl3.75O1.4,,Li2.8 Zr0.75 Al0.25 Cl3.75 O1.4,0.00255,,,,,,,,,,,halides,10.1038/s41467-025-68210-5,1,data/obelix/processed/all-v1.csv,,,,Source data/add-data-LZACO.txt; original 2.55 mS/cm; synthesis_method=unknow; measured_temperature=RT; amorphous=是; source_year=2026,,,,,
xfm,Li2.8Zr0.7Al0.3Cl3.7O1.4,,Li2.8 Zr0.7 Al0.3 Cl3.7 O1.4,0.00232,,,,,,,,,,,halides,10.1038/s41467-025-68210-5,1,data/obelix/processed/all-v1.csv,,,,Source data/add-data-LZACO.txt; original 2.32 mS/cm; synthesis_method=unknow; measured_temperature=RT; amorphous=是; source_year=2026,,,,,
wen,Li2.8Zr0.6Al0.4Cl3.6O1.4,,Li2.8 Zr0.6 Al0.4 Cl3.6 O1.4,0.00134,,,,,,,,,,,halides,10.1038/s41467-025-68210-5,1,data/obelix/processed/all-v1.csv,,,,Source data/add-data-LZACO.txt; original 1.34 mS/cm; synthesis_method=unknow; measured_temperature=RT; amorphous=是; source_year=2026,,,,,
vxk,Li2.8Zr0.5Al0.5Cl3.5O1.4,,Li2.8 Zr0.5 Al0.5 Cl3.5 O1.4,0.000969,,,,,,,,,,,halides,10.1038/s41467-025-68210-5,1,data/obelix/processed/all-v1.csv,,,,Source data/add-data-LZACO.txt; original 0.969 mS/cm; synthesis_method=unknow; measured_temperature=RT; amorphous=是; source_year=2026,,,,,
thq,Li3.2Zr0.8Al0.2Cl3.8O1.6,,Li3.2 Zr0.8 Al0.2 Cl3.8 O1.6,0.00138,,,,,,,,,,,halides,10.1038/s41467-025-68210-5,1,data/obelix/processed/all-v1.csv,,,,Source data/add-data-LZACO.txt; original 1.38 mS/cm; synthesis_method=unknow; measured_temperature=RT; amorphous=是; source_year=2026,,,,,
oyy,Li3.2Zr0.75Al0.25Cl3.75O1.6,,Li3.2 Zr0.75 Al0.25 Cl3.75 O1.6,0.00142,,,,,,,,,,,halides,10.1038/s41467-025-68210-5,1,data/obelix/processed/all-v1.csv,,,,Source data/add-data-LZACO.txt; original 1.42 mS/cm; synthesis_method=unknow; measured_temperature=RT; amorphous=是; source_year=2026,,,,,
okv,Li3.2Zr0.7Al0.3Cl3.7O1.6,,Li3.2 Zr0.7 Al0.3 Cl3.7 O1.6,0.00137,,,,,,,,,,,halides,10.1038/s41467-025-68210-5,1,data/obelix/processed/all-v1.csv,,,,Source data/add-data-LZACO.txt; original 1.37 mS/cm; synthesis_method=unknow; measured_temperature=RT; amorphous=是; source_year=2026,,,,,
nmx,Li3.2Zr0.6Al0.4Cl3.6O1.6,,Li3.2 Zr0.6 Al0.4 Cl3.6 O1.6,0.00112,,,,,,,,,,,halides,10.1038/s41467-025-68210-5,1,data/obelix/processed/all-v1.csv,,,,Source data/add-data-LZACO.txt; original 1.12 mS/cm; synthesis_method=unknow; measured_temperature=RT; amorphous=是; source_year=2026,,,,,
azb,Li3.2Zr0.5Al0.5Cl3.5O1.6,,Li3.2 Zr0.5 Al0.5 Cl3.5 O1.6,0.000921,,,,,,,,,,,halides,10.1038/s41467-025-68210-5,1,data/obelix/processed/all-v1.csv,,,,Source data/add-data-LZACO.txt; original 0.921 mS/cm; synthesis_method=unknow; measured_temperature=RT; amorphous=是; source_year=2026,,,,,
dax,Li3.6Zr0.8Al0.2Cl3.8O1.8,,Li3.6 Zr0.8 Al0.2 Cl3.8 O1.8,0.000624,,,,,,,,,,,halides,10.1038/s41467-025-68210-5,1,data/obelix/processed/all-v1.csv,,,,Source data/add-data-LZACO.txt; original 0.624 mS/cm; synthesis_method=unknow; measured_temperature=RT; amorphous=是; source_year=2026,,,,,
mny,Li3.6Zr0.75Al0.25Cl3.75O1.8,,Li3.6 Zr0.75 Al0.25 Cl3.75 O1.8,0.000733,,,,,,,,,,,halides,10.1038/s41467-025-68210-5,1,data/obelix/processed/all-v1.csv,,,,Source data/add-data-LZACO.txt; original 0.733 mS/cm; synthesis_method=unknow; measured_temperature=RT; amorphous=是; source_year=2026,,,,,
lim,Li3.6Zr0.7Al0.3Cl3.7O1.8,,Li3.6 Zr0.7 Al0.3 Cl3.7 O1.8,0.001,,,,,,,,,,,halides,10.1038/s41467-025-68210-5,1,data/obelix/processed/all-v1.csv,,,,Source data/add-data-LZACO.txt; original 1 mS/cm; synthesis_method=unknow; measured_temperature=RT; amorphous=是; source_year=2026,,,,,
edx,Li3.6Zr0.6Al0.4Cl3.6O1.8,,Li3.6 Zr0.6 Al0.4 Cl3.6 O1.8,0.000693,,,,,,,,,,,halides,10.1038/s41467-025-68210-5,1,data/obelix/processed/all-v1.csv,,,,Source data/add-data-LZACO.txt; original 0.693 mS/cm; synthesis_method=unknow; measured_temperature=RT; amorphous=是; source_year=2026,,,,,
wdm,Li3.6Zr0.5Al0.5Cl3.5O1.8,,Li3.6 Zr0.5 Al0.5 Cl3.5 O1.8,0.00036,,,,,,,,,,,halides,10.1038/s41467-025-68210-5,1,data/obelix/processed/all-v1.csv,,,,Source data/add-data-LZACO.txt; original 0.36 mS/cm; synthesis_method=unknow; measured_temperature=RT; amorphous=是; source_year=2026,,,,,
trv1_0149,ZnH12C4(Br2N)2,,Zn1 H12 C4 Br4 N2,2.9e-4,,,,,,,,,,,hybrid halide,10.1038/s41467-026-68394-4,1,data/obelix/processed/all-v1.csv,,,,PipZnBr4；含过量ZnBr2; synthesis_method=水热/溶剂热法+冷压; measured_temperature=25; amorphous=unknow; source_year=2026,,,,,
trv1_0150,ZnH12C4(Br2N)2,,Zn1 H12 C4 Br4 N2,2.3e-4,,,,,,,,,,,hybrid halide,10.1038/s41467-026-68394-4,1,data/obelix/processed/all-v1.csv,,,,PipZnBr4；1:1化学计量比; synthesis_method=水热/溶剂热法+冷压; measured_temperature=25; amorphous=unknow; source_year=2026,,,,,
