χₐₗₗ,χ⁻,χ⁺(excl Li⁺),χ⁺(incl Li⁺) - χ⁻,χ⁺(excl Li⁺) - χ⁻,χₘₐₓ - χₘᵢₙ,rₐₗₗ (pm),r⁻ (pm),r⁺(incl Li⁺) (pm),r⁺(excl Li⁺) (pm),r⁺(excl Li⁺) - r⁻,r⁺(incl Li⁺) - r⁻,r⁺(incl Li⁺) / r⁻,ρ⁻ (C m⁻³),ρ⁺(incl Li⁺) (C m⁻³),ρ⁺(excl Li⁺) (C m⁻³),ρ⁺(incl Li⁺) / ρ⁻,Φ⁺(incl Li⁺) (|Z| pm⁻¹),Φ⁺(excl Li⁺) (|Z| pm⁻¹),nₕₒₛₜ cₐₜᵢₒₙ,n_Li,family,r_ratio_x_chi_diff,log_rho_ratio,n_Li × r⁻ (pm),chi_range_x_r_avg,field_x_r_diff,ir_mean_square_all,d_mean_c,r_mean_l,s_mean_square_c,entropy_c_l,Vs_variance_c_l,mp_variance_c_l,atwt_geometric_mean_all
2.6529018789144048,3.44,1.373291925465839,-2.1062569832402236,-2.0667080745341613,2.46,116.87258176757132,138.2,81.12830540037244,82.651966873706,-55.54803312629399,-57.07169459962755,0.587035494937572,28978758058.690765,421662272621.6047,454901616407.51166,14.55073650042596,0.047019457664164835,0.05061997674048969,0.33611691022964507,0.037578288100208766,18.0,-1.236447610622142,1.1628849761381326,5.193319415448851,287.5065511482254,-2.6834801280493323,14699.679821387148,8.273743016759775,91.99349240780913,85.73184357541899,0.6635141518578722,22769542453817.184,131668.31526561477,25.666448349309885
2.864285714285714,3.44,1.9348,-1.6900000000000002,-1.5051999999999999,2.46,105.03296703296704,138.2,40.83870967741935,34.440000000000005,-103.75999999999999,-97.36129032258063,0.2955044115587508,28978758058.690765,19073854322974.16,23621734206385.855,658.2012343090696,0.16595081951258608,0.2022234606400512,0.2747252747252747,0.06593406593406594,15.0,-0.49940245553428886,2.8183586923811976,9.112087912087912,258.3810989010989,-16.157185917835072,13344.520879120877,0.7419354838709677,79.43529411764706,39.322580645161295,0.8030448563658357,53427160090789.266,653556.9384000001,19.062303734569632
2.2848936170212766,3.44,1.209,-2.3604347826086958,-2.231,2.46,110.87446808510637,138.2,82.36086956521739,101.67999999999999,-36.519999999999996,-55.839130434782604,0.5959541936701692,28978758058.690765,155420316036.23718,195805475496.9441,5.363249719724495,0.02479153915291926,0.03776128079245503,0.2127659574468085,0.2765957446808511,0.0,-1.4067110075805864,0.7294280187369824,38.225531914893615,272.75119148936164,-1.3843379884388782,13309.455673758863,8.043478260869566,91.02941176470588,61.95652173913044,0.8979457248567797,323201429960.7137,461712.36000000004,19.691566200277112
2.7620555555555555,3.44,1.4163481228668946,-2.033833333333333,-2.0236518771331053,2.51,118.85362433862434,138.2,80.16087301587301,80.46335121079149,-57.7366487892085,-58.03912698412698,0.5800352606068959,28978758058.690765,510068193138.59503,519283188669.8537,17.60145110793059,0.058099762651735075,0.05913387403350451,0.32555555555555554,0.007777777777777778,18.0,-1.1796950475309915,1.2455484736202984,1.0748888888888888,298.32259708994707,-3.37205950229169,15072.381548878808,12.833333333333332,89.36282194848825,81.79333333333334,0.8440080064374161,26740469232881.062,866333.9389355148,26.95967833591151
1.872142857142857,2.58,2.074,-1.3513636363636365,-0.5060000000000002,1.6,117.72619047619047,184.0,57.477272727272734,23.400000000000002,-160.6,-126.52272727272727,0.3123764822134388,12278644599.949677,5790651864444.596,25056061853776.402,471.60350780641767,0.06257404706602568,0.2249554367201426,0.11904761904761905,0.40476190476190477,13.0,-0.42213421891843345,2.6735770267354035,74.47619047619048,188.36190476190475,-7.917039091285567,18038.60119047619,0.0,105.0,15.136363636363637,0.6730116670092565,234820391416.1032,450258.74159999995,17.108354240948575
2.112,3.2,1.9137999999999997,-2.22,-1.5165,2.46,93.84,167.1,67.5,39.480000000000004,-102.20999999999998,-99.6,0.40394973070017953,17029039695.353384,124354808758.77036,21569626083373.28,7.302514468429029,0.014814814814814815,0.19369623478000114,0.0,0.4,1.0,-0.8967684021543987,0.8634724261115462,66.84,230.84640000000002,-1.4755555555555555,13325.548,0.0,69.66666666666666,9.0,0.0,0.0,0.0,9.090550782458326
2.853825136612022,3.44,1.9342,-1.7026984126984124,-1.5058,2.46,104.58333333333334,138.2,40.551587301587304,33.544999999999995,-104.655,-97.64841269841268,0.2934268256265362,28978758058.690765,18801669945570.926,23657771881142.082,648.8086862622562,0.16404259589048656,0.2028418189701612,0.273224043715847,0.07103825136612021,15.0,-0.49961739023743706,2.812116655584286,9.817486338797814,257.27500000000003,-16.018499103633168,13270.226707650274,0.5396825396825397,79.46470588235294,37.98412698412699,0.8420953021316528,50315704950021.03,572202.28233876,18.763058445135815
1.2825,2.19,1.9137999999999997,-1.21,-1.5165,1.21,103.625,212.0,67.5,39.480000000000004,-102.20999999999998,-144.5,0.31839622641509435,12041693654.298868,124354808758.77034,21569626083373.28,10.327019797117647,0.014814814814814815,0.19369623478000114,0.0,0.75,19.0,-0.38525943396226414,1.013975009573517,159.0,125.38624999999999,-2.140740740740741,14653.1875,0.0,111.00000000000001,9.0,0.0,0.0,0.0,10.088231102138472
2.2843829787234045,3.44,1.2066000000000001,-2.361478260869565,-2.2333999999999996,2.55,111.12291793313071,138.2,82.86857142857143,102.84771428571428,-35.35228571428571,-55.33142857142856,0.5996278685135416,28978758058.690765,161041004884.81683,208733059848.67725,5.5572086477501905,0.025040159865432735,0.03833310843123603,0.2127659574468085,0.2765957446808511,7.0,-1.4160081761062824,0.7448567028615833,38.225531914893615,283.3634407294833,-1.3855078170113435,13389.359280937904,8.304347826086959,91.34705882352941,63.10434782608697,1.137266117847828,31094158694758.0,614957.6244,19.861592144835427
1.9545000000000001,2.3266666666666667,2.09,-0.9304166666666667,-0.2366666666666668,1.6,111.125,154.66666666666666,45.8125,9.666666666666666,-145.0,-108.85416666666666,0.29620150862068967,13384653356.6845,137737899739645.75,367093807957790.75,10290.733429480812,0.1710239651416122,0.43137254901960786,0.15,0.25,2.0,-0.27559082031250004,4.0124463284092124,38.666666666666664,177.8,-18.616671205519243,15768.3125,0.0,63.266666666666666,14.125,0.6365141682948128,4819300881.795722,917289.9755555555,4.907631176525847
2.2663025210084036,3.44,1.1988,-2.3672881355932205,-2.2412,2.46,110.44117647058823,138.2,82.21186440677965,102.22,-35.97999999999999,-55.988135593220335,0.5948760087321249,28978758058.690765,148027157238.16068,180221551170.1315,5.108126336482773,0.02399937539430921,0.03649037778242159,0.21008403361344538,0.2857142857142857,7.0,-1.4082429176206082,0.7082616298910693,39.48571428571428,271.68529411764706,-1.3436802837291797,13215.797619047618,7.559322033898306,91.22352941176472,59.49152542372883,0.8030448563658358,149353437844.6761,313813.9296,19.267380051495987
2.266421052631579,3.44,1.1865,-2.372127659574468,-2.2535,2.55,111.94666666666666,138.2,85.13475177304964,108.94166666666665,-29.25833333333334,-53.065248226950345,0.6160257002391436,28978758058.690765,181322881886.82993,258229780609.7103,6.257096371058972,0.025548023905099134,0.04003785617698295,0.21052631578947367,0.28421052631578947,7.0,-1.4612916025460023,0.7963728439813273,39.2778947368421,285.46399999999994,-1.355712230232147,13692.44099582289,9.127659574468085,93.04411764705884,66.4468085106383,1.080527626604172,133244639268311.11,1177174.1875,20.32046150899056
1.8773809523809526,2.58,2.118,-1.3413636363636365,-0.4620000000000002,1.6,118.3452380952381,184.0,58.65909090909092,28.599999999999998,-155.4,-125.34090909090908,0.31879940711462457,12278644599.949677,5546540953245.412,23981973844499.99,451.72257475944406,0.059459901659390156,0.21125319693094627,0.11904761904761905,0.40476190476190477,21.0,-0.4276259319978442,2.6548717948971787,74.47619047619048,189.35238095238097,-7.452758128444016,18087.505952380954,0.9090909090909092,105.4,17.681818181818183,0.6730116670092565,755470153276.0444,191859.55440000002,17.900300175339083
2.2685365853658537,3.44,1.706,-2.287142857142857,-1.734,2.46,98.85365853658536,138.2,61.38095238095238,41.800000000000004,-96.39999999999998,-76.81904761904761,0.4441458204121012,28978758058.690765,707859752309.2832,2575075571670.925,24.426849172613014,0.03879957641849702,0.11555081355028007,0.12195121951219513,0.39024390243902446,14.0,-1.0158249406853914,1.3878674507966808,53.931707317073176,243.17999999999998,-2.980546508491399,11308.36707317073,1.0476190476190474,74.76,22.095238095238095,0.5004024235381879,22142690222198.117,151041.0496,13.41731434923518
2.8737569060773485,3.44,1.9314000000000002,-1.6801639344262296,-1.5085999999999997,2.46,105.15055248618785,138.2,40.135245901639344,34.115,-104.08499999999998,-98.06475409836065,0.2904142250480416,28978758058.690765,19398666717436.84,23639015337346.016,669.4098718153712,0.16897632109344216,0.20289185247474018,0.27624309392265195,0.06077348066298342,15.0,-0.48794350697006206,2.8256921126278676,8.398895027624308,258.6703591160221,-16.570621376474037,13383.32244475138,0.6229508196721312,79.54705882352943,39.85245901639344,0.7524177643476055,53723438392584.516,613370.45787364,19.090919561385583
2.2755391120507404,3.44,1.2039000000000002,-2.363905579399142,-2.2360999999999995,2.46,110.65644820295982,138.2,82.28540772532187,101.94999999999999,-36.25,-55.914592274678114,0.5954081600963956,28978758058.690765,151676141194.29285,188013513333.53778,5.234045602889631,0.024390357506927904,0.03712582928743831,0.21141649048625794,0.28118393234672306,7.0,-1.4074886716716473,0.7188375022161753,38.859619450317126,272.21486257928115,-1.3637768954335083,13262.329633544747,7.798283261802575,91.12647058823529,60.708154506437765,0.8585022429370206,239987579248.57584,388978.3644,19.476973327683552
2.3152173913043477,3.44,1.218,-2.3518181818181816,-2.222,2.55,112.4679089026915,138.2,84.3965367965368,104.67238095238095,-33.52761904761904,-53.803463203463195,0.6106840578620608,28978758058.690765,188225636844.51514,264870630547.40887,6.495296881367421,0.027074237446769026,0.04178554460511409,0.21739130434782608,0.2608695652173913,7.0,-1.436217870626501,0.8125990062162839,36.052173913043475,286.7931677018633,-1.4566877382290626,13743.11735778369,9.818181818181818,91.76470588235296,70.36363636363637,1.0549201679861442,92429088954383.39,1126093.36,21.052697487248132
2.4354545454545455,3.44,1.48,-2.21,-1.96,2.46,112.39999999999999,138.2,81.44,95.38,-42.81999999999999,-56.75999999999999,0.5892908827785818,28978758058.690765,259680085742.50677,395005362726.2432,8.961049511389547,0.0316392183721968,0.04846362192957878,0.22727272727272727,0.22727272727272727,7.0,-1.3023328509406658,0.9523588768845394,31.409090909090907,276.50399999999996,-1.7958420348058899,13710.51515151515,10.3,90.76470588235296,67.69999999999999,0.6730116670092565,118834483689803.34,20075.570016000005,21.369602805983842
2.1919999999999997,2.9599999999999995,1.22,-1.9199999999999995,-1.7399999999999995,1.98,147.445,196.0,74.6125,95.94999999999999,-100.05000000000001,-121.3875,0.38067602040816323,5079321332.016004,125737447879.54507,129885365241.86926,24.754773258190255,0.018927682241908404,0.031266284523189164,0.1,0.3,9.0,-0.7308979591836732,1.3936589527572718,58.8,291.9411,-2.2975840281396565,25337.11525,2.75,120.85714285714283,31.75,0.0,0.0,0.0,38.80259399084234
2.279279661016949,3.44,1.2086,-2.3614655172413794,-2.2314,2.46,110.60690324858756,138.2,82.06232040229887,101.28458333333333,-36.91541666666666,-56.13767959770112,0.5937939247633782,28978758058.690765,153578770897.77924,192154400921.27094,5.2997016154638406,0.024588116565906155,0.03748887487734672,0.211864406779661,0.2796610169491525,7.0,-1.4022238776761398,0.7242514185808878,38.649152542372875,272.0929819915254,-1.380319809687767,13251.771193797078,7.77155172413793,91.04264705882355,60.646551724137915,0.977095760474038,468886196544.94916,408295.5679000001,19.50179498983396
2.8343243243243244,3.44,1.937,-1.7238461538461536,-1.503,2.46,104.02837837837838,138.2,40.94230769230769,32.975,-105.225,-97.2576923076923,0.2962540354002004,28978758058.690765,18241411436589.062,23676528424938.152,629.4752659739481,0.15941248454617438,0.20279178546558227,0.2702702702702703,0.08108108108108109,15.0,-0.5106963794860376,2.7989786700085086,11.205405405405406,255.9098108108108,-15.50409037199658,13159.576283783785,0.46153846153846156,79.38235294117649,36.23076923076923,0.8979457248567797,46431713096351.805,527785.7333609998,18.44773617613037
2.610549898167006,3.44,1.3838709677419354,-2.1322513089005235,-2.0561290322580645,2.46,115.03699932111338,138.2,78.65532286212915,81.24623655913979,-56.9537634408602,-59.544677137870835,0.5691412652831342,28978758058.690765,404749095358.4154,469872929665.42975,13.967095985917542,0.044669354463820504,0.0516033120597186,0.31568228105906315,0.07331975560081466,18.0,-1.213552207849263,1.1451061177537483,10.132790224032586,282.9910183299389,-2.659822289505301,14334.502500565737,7.0942408376963355,90.97802197802199,76.67015706806284,0.650390640876698,22150090955116.246,128086.24349635796,23.96533354482229
1.8284090909090909,2.58,2.046,-1.377916666666667,-0.5340000000000003,1.6,117.35227272727273,184.0,61.8125,40.199999999999996,-143.8,-122.1875,0.3359375,12278644599.949677,1982149422356.7422,9041768954029.035,161.43063725167727,0.038476050645701115,0.12838874680306905,0.11363636363636365,0.4318181818181819,21.0,-0.4628938802083334,2.2079859611584056,79.45454545454547,187.76363636363638,-4.701292438271605,17555.49431818182,1.6666666666666667,106.2,19.291666666666668,0.500402423538188,503646768850.69635,127906.36960000005,17.823173031848675
2.438333333333333,2.96,1.81,-1.565,-1.15,1.98,151.0,196.0,61.0,54.5,-141.5,-135.0,0.3112244897959184,5079321332.016004,416562668261.3441,708770527763.9178,82.01148165910753,0.03493034318722392,0.05504587155963303,0.16666666666666666,0.16666666666666666,9.0,-0.48706632653061227,1.9138746581413526,32.666666666666664,298.98,-4.715596330275229,26865.083333333332,5.0,116.19999999999999,36.5,0.0,0.0,0.0,51.98108800868945
2.3106709956709954,3.44,1.2236999999999998,-2.350225225225225,-2.2163000000000004,2.46,111.98350649350648,138.2,83.64135135135135,103.3338,-34.86619999999999,-54.55864864864864,0.605219619040169,28978758058.690765,167237040579.03012,219553363399.74704,5.771021664914847,0.025791932057949135,0.039184015094573005,0.21645021645021645,0.26406926406926406,7.0,-1.4224024154694062,0.7612527046907989,36.49437229437229,275.47942597402596,-1.4071729591194642,13542.46525339105,9.67117117117117,91.28823529411764,69.8108108108108,0.9082791779509328,25393094333343.47,887352.5275000001,20.869965979347505
2.624948875255624,3.4507999999999996,1.3847435897435898,-2.1367259259259255,-2.06605641025641,3.0,115.06888207225632,138.04849999999996,78.59329805996472,80.93995726495726,-57.108542735042704,-59.45520194003524,0.569316566713617,28742365282.22699,422304957921.5304,485332874090.57587,14.692769846003772,0.045000605185813954,0.05138606084121762,0.3190184049079755,0.06748466257668713,18.0,-1.2164734681561222,1.167103675670542,9.31615644171779,345.20664621676895,-2.6755200687463656,14350.469988354918,7.216931216931217,91.0701754385965,77.21164021164022,0.7983177955192995,31082337721938.777,145479.3898393327,24.116059580748825
2.3658928571428572,3.44,1.2848000000000002,-2.3134615384615382,-2.1552,2.46,112.22053571428572,138.2,82.24423076923075,98.16799999999999,-40.032,-55.955769230769235,0.5951102081709896,28978758058.690765,214467770471.14963,311789769120.51917,7.40086134943352,0.029142420237894266,0.044616234094820066,0.22321428571428573,0.2410714285714286,7.0,-1.376764577749424,0.8692822680467207,33.31607142857143,276.06251785714284,-1.6306865416577105,13634.394032738093,8.692307692307692,90.38823529411766,62.15384615384614,0.8030448563658358,14922422591207.016,545474.8224000001,20.43701140935167
2.254166666666667,3.44,1.1920000000000002,-2.3716666666666666,-2.2479999999999998,2.46,110.15833333333332,138.2,82.11666666666666,102.58,-35.61999999999999,-56.08333333333333,0.594187168355041,28978758058.690765,143303750228.27844,169832268285.58978,4.945130841633894,0.023493270770752795,0.035643109109065964,0.20833333333333334,0.2916666666666667,7.0,-1.4092139009487057,0.6941777869438869,40.30833333333333,270.98949999999996,-1.317580935726386,13154.65972222222,7.25,91.3529411764706,57.916666666666664,0.6730116670092565,16965241563.40223,209814.0,18.995422409020712
2.6346280991735536,3.44,1.3802547770700637,-2.118478260869565,-2.0597452229299362,2.46,115.93719008264462,138.2,79.63913043478261,81.72675159235668,-56.47324840764331,-58.560869565217374,0.5762599886742592,28978758058.690765,414805268020.5671,464755347001.89514,14.31411474503016,0.04591819382922393,0.05126718257692486,0.3243801652892562,0.05578512396694216,18.0,-1.22079425861536,1.1557644942900855,7.709504132231405,285.20548760330576,-2.689009359503552,14515.579779614323,7.592391304347826,91.31947483588621,80.71195652173914,0.6551570100274259,22374419250797.61,129383.45571828473,24.70267962253982
1.8989805825242718,2.5945,2.0313207547169814,-1.3516698113207546,-0.5631792452830187,2.18,118.64684466019418,183.92499999999998,57.06367924528302,25.75471698113208,-158.1702830188679,-126.86132075471696,0.3102551542491941,12132920488.712069,5081860441790.094,19954377340884.066,418.848903404422,0.06098835188735301,0.19950896310496755,0.12864077669902912,0.3859223300970874,13.0,-0.41936252580529976,2.6220573827459916,70.98076456310679,258.6501213592233,-7.737062871083037,18273.50910194175,0.0,105.16996047430831,15.75,0.6886905739680003,242427602387.57544,464845.26544677827,17.585161445103285
1.8384615384615386,2.6383333333333336,2.19,-1.4854761904761908,-0.4483333333333337,1.98,119.38461538461539,188.33333333333334,60.285714285714285,17.0,-171.33333333333334,-128.04761904761907,0.32010113780025284,10674633956.839712,5666901083931.938,38922178734970.945,530.8754479867578,0.05471521942110178,0.29411764705882354,0.07692307692307693,0.46153846153846156,2.0,-0.4755026187466138,2.724992640484434,86.92307692307693,236.38153846153847,-7.006153572540129,18513.115384615387,0.0,107.57142857142858,12.857142857142856,0.0,0.0,0.0,18.14431294298805
2.845193370165746,3.44,1.828,-1.7649180327868852,-1.6119999999999999,2.46,106.63075506445674,138.2,44.52732240437158,39.473333333333336,-98.72666666666666,-93.67267759562841,0.3221948075569579,28978758058.690765,19294289563007.914,23511675208942.73,665.8080213075775,0.16513781664427285,0.19820887704675366,0.27624309392265195,0.06077348066298342,15.0,-0.5686474259275752,2.82334902300544,8.398895027624308,262.31165745856356,-15.46890145736497,13582.020227133211,7.19672131147541,81.1058823529412,66.54098360655738,0.7524177643476055,168912342017904.38,1125794.8084,22.14686670173419
2.762777777777778,3.44,1.4389285714285716,-2.0316666666666663,-2.0010714285714286,2.51,118.19021164021163,138.2,78.17063492063492,78.9328231292517,-59.26717687074829,-60.029365079365064,0.5656341166471414,28978758058.690765,514321293075.02594,542176041954.7585,17.748217229784984,0.05835970605441567,0.061470055428672885,0.3111111111111111,0.022222222222222223,18.0,-1.149179980321442,1.2491547356361092,3.071111111111111,296.6574312169312,-3.50329610066495,14952.351237087425,12.833333333333332,88.36363636363636,81.1,0.787287656630395,22985821660249.883,755330.2799330358,26.497321127660726
2.2986021505376346,3.44,1.2075,-2.358888888888889,-2.2325,2.55,112.29042498719917,138.2,84.65354497354497,106.09547619047619,-32.1045238095238,-53.54645502645502,0.6125437407637119,28978758058.690765,185822455488.87656,262657013901.50937,6.41236781481559,0.026542889028558028,0.041202981795737045,0.21505376344086022,0.26881720430107525,7.0,-1.444922624045956,0.8070184256227383,37.1505376344086,286.34058371735784,-1.4212776136398688,13725.861965718184,9.57777777777778,92.19117647058823,69.0,1.080527626604172,108695781767605.33,1143306.5474999999,20.800453953839096
2.834316939890711,3.44,1.8628,-1.759365079365079,-1.5772,2.46,106.20491803278688,138.2,45.261904761904766,39.480000000000004,-98.71999999999998,-92.93809523809523,0.32751016470263944,28978758058.690765,18681299725568.707,23506105403939.29,644.6549464864372,0.1598899436317737,0.197609477124183,0.273224043715847,0.07103825136612021,15.0,-0.5762099469149293,2.809327319387398,9.817486338797814,261.26409836065574,-14.859866808863462,13481.62868852459,6.888888888888888,80.96470588235294,62.61904761904762,0.8420953021316528,150943761653815.53,1065638.995725,21.712586259475277
2.814673913043478,3.44,1.8276000000000001,-1.7978124999999998,-1.6123999999999998,2.46,106.38478260869564,138.2,46.73125,40.916000000000004,-97.28399999999999,-91.46874999999999,0.3381421852387844,28978758058.690765,18382556936732.14,23494853532564.684,634.3459198459055,0.1569514194711525,0.19674966877492703,0.2717391304347826,0.07608695652173914,15.0,-0.607916247399602,2.802326150801293,10.515217391304347,261.7065652173913,-14.356150149751977,13500.738641304346,6.1875,81.42352941176472,61.09375,0.8731726364245316,170306953531048.66,1037935.2856000001,21.407387264312014
2.6455717255717257,3.44,1.3758620689655174,-2.111160220994475,-2.0641379310344825,2.46,116.50679140679138,138.2,80.551197053407,82.31044932079415,-55.88955067920584,-57.648802946592994,0.5828596024124963,28978758058.690765,418842953558.3204,458538847684.9055,14.453447339255757,0.046577398078711287,0.050858874819612696,0.33160083160083154,0.044698544698544694,18.0,-1.2305100070379176,1.1599714444528089,6.177338877338876,286.60670686070677,-2.685131243604646,14627.57569184569,8.00828729281768,91.74211099020675,83.76519337016575,0.6605542093996428,22629336042618.03,130857.55053507732,25.289844807726084
1.8903614457831326,2.58,2.136,-1.3311627906976746,-0.44399999999999995,1.6,118.60843373493977,184.0,57.77906976744186,25.7,-158.3,-126.22093023255815,0.31401668351870576,12278644599.949677,6541254868842.249,27717025067117.73,532.7342782499835,0.065315860081815,0.2319693094629156,0.12048192771084339,0.3975903614457832,21.0,-0.41800732475838887,2.726510641924434,73.15662650602411,189.77349397590365,-8.244228618466302,18228.521084337346,0.6976744186046512,105.20000000000002,17.232558139534884,0.6108643020548934,661036384116.5388,167877.11010000002,17.920799412476807
2.292127659574468,3.44,1.243,-2.3456521739130434,-2.197,2.46,110.88085106382978,138.2,82.37391304347825,101.71,-36.489999999999995,-55.826086956521735,0.5960485748442711,28978758058.690765,176760708246.4033,244888377580.3261,6.099664722981203,0.025516232030973036,0.03942807441197872,0.2127659574468085,0.2765957446808511,7.0,-1.398122635341236,0.7853059640335696,38.225531914893615,272.76689361702125,-1.424471388163886,13329.812269503544,7.717391304347826,91.29411764705884,57.978260869565226,0.9376369622724492,11724015536281.12,430603.6275,19.40962017752769
2.2709243697478994,3.44,1.2208,-2.357966101694915,-2.2192,2.46,110.36554621848738,138.2,82.0593220338983,101.85999999999999,-36.34,-56.14067796610169,0.5937722288994088,28978758058.690765,153166151543.04355,192349577729.65512,5.285462932291152,0.024183605313248046,0.03692516039111724,0.21008403361344538,0.2857142857142857,7.0,-1.4000947878726397,0.7230830314040418,39.48571428571428,271.49924369747896,-1.3576839979503643,13206.041316526609,7.508474576271188,91.29411764705884,58.74576271186442,0.8030448563658358,19200189474684.742,212421.64736256,19.203344596997113
1.9080487804878048,2.58,2.19,-1.311904761904762,-0.3900000000000001,1.6,118.17073170731706,184.0,55.476190476190474,17.0,-167.0,-128.52380952380952,0.30150103519668736,12278644599.949677,9361931934047.383,38922178734970.945,762.4564631576479,0.08131548915862642,0.29411764705882354,0.12195121951219512,0.39024390243902435,13.0,-0.39554064379374937,2.8822150501824852,71.80487804878048,189.0731707317073,-10.4509764399587,18328.414634146342,0.0,104.60000000000001,15.428571428571427,0.0,0.0,0.0,17.57266949656064
1.8657869822485205,2.58,2.0648999999999997,-1.3562022471910113,-0.5151000000000003,1.6,117.90710059171596,184.0,58.497752808988764,27.439999999999998,-156.56,-125.50224719101124,0.3179225696140694,12278644599.949677,5260811832105.03,22981588562649.63,428.45216255600326,0.058815634142511355,0.21061846082306443,0.11834319526627218,0.40828402366863903,13.0,-0.43116730334334163,2.631902339216683,75.12426035502958,188.65136094674554,-7.381494254849541,18002.66775147929,0.404494382022472,105.518,16.361797752808993,0.913319904305773,1381390876494.159,418469.58789516,17.27054067580625
2.279915254237288,3.44,1.2116,-2.3601724137931033,-2.2283999999999997,2.46,110.4849929378531,138.2,81.81429597701148,100.70916666666668,-37.49083333333331,-56.385704022988506,0.5919992473010962,28978758058.690765,154244101443.72653,193697967787.86868,5.322660865290897,0.02465330123037577,0.037640103298916226,0.211864406779661,0.2796610169491525,7.0,-1.3972202924663286,0.7261287958693892,38.649152542372875,271.7930826271186,-1.3900937463655465,13225.570636181732,7.663793103448274,90.99117647058824,60.17241379310344,1.045274226258228,659352788822.5404,402639.0123999999,19.455758275764566
2.2714792646430095,3.4399999999999995,1.207302504816956,-2.3582139775668676,-2.232697495183044,2.46,110.49369388627619,138.2,82.28537532355479,100.51782273603084,-37.68217726396915,-55.9146246764452,0.5954079256407727,28978758058.69076,160947572660.61057,206071597510.664,5.553984485278596,0.024620766581921395,0.03671288436794878,0.22188969645147497,0.2736212056434374,0.0,-1.4040992926001643,0.7446046622404352,37.81445061992304,271.81448696023944,-1.3766609226744995,13234.91480155337,7.506471095772218,92.0629782224838,60.08973252804142,0.8053864336271024,17308089137455.434,216288.38428187452,19.57673290698788
1.750212765957447,2.58,1.82,-1.4444444444444444,-0.76,1.6,116.26595744680851,184.0,66.09259259259258,59.9,-124.1,-117.90740740740742,0.35919887278582924,12278644599.949677,238974777834.40112,743302641767.1765,19.46263497482292,0.023317359227182092,0.060728554641598126,0.10638297872340426,0.46808510638297873,20.0,-0.5188428162461978,1.289201637451194,86.12765957446808,186.02553191489363,-2.7492893740642295,16934.438829787236,2.2222222222222223,109.44,21.11111111111111,0.6730116670092565,343139530687.1499,44044.318104000005,16.9056559187132
2.8637362637362638,3.44,1.9328,-1.6916129032258063,-1.5071999999999999,2.46,104.8653846153846,138.2,40.346774193548384,33.830000000000005,-104.36999999999998,-97.8532258064516,0.2919448205032445,28978758058.690765,19095353841408.188,23648393609244.05,658.9431404456433,0.1664696703854889,0.20286683572245068,0.2747252747252747,0.06593406593406594,15.0,-0.4938576253932303,2.8188479413678014,9.112087912087912,257.96884615384613,-16.289594246156817,13326.463873626371,0.5806451612903226,79.5058823529412,38.903225806451616,0.8030448563658357,52079103972691.0,593192.4167865601,18.92537838708905
2.8571038251366123,3.44,1.9462,-1.6931746031746029,-1.4938,2.46,104.71857923497267,138.2,40.94444444444444,34.04,-104.16,-97.25555555555555,0.2962694967036501,28978758058.690765,18780195296604.195,23630713823444.004,648.0676383221327,0.16357502478071362,0.2022526793718473,0.273224043715847,0.07103825136612021,15.0,-0.5016359875139421,2.81162033521796,9.817486338797814,257.60770491803277,-15.908579910062068,13283.852732240437,1.0158730158730158,79.46470588235294,39.317460317460316,0.8420953021316528,50178851821399.05,592573.51185684,19.057362767748653
2.326521739130435,3.44,1.27,-2.328181818181818,-2.17,2.49,111.22463768115941,138.2,81.7969696969697,98.95333333333333,-39.246666666666655,-56.40303030303029,0.5918738762443538,28978758058.690765,217630060301.40588,329560362152.5685,7.509985757865781,0.028331804257592682,0.044552191588926114,0.21739130434782608,0.2608695652173913,0.0,-1.3779899973289,0.8756391133974883,36.052173913043475,276.9493478260869,-1.5979996140805226,13464.7718115942,7.272727272727273,91.3529411764706,54.909090909090914,1.0549201679861442,13644702540294.99,620715.76,19.48265972550451
1.758695652173913,2.5933333333333333,2.046,-1.4766666666666668,-0.5473333333333334,1.6800000000000002,118.78260869565217,190.0,64.0,40.2,-149.8,-126.0,0.3368421052631579,10830828501.851728,1267613032511.3687,9041768954029.037,117.037494619608,0.02937557532612946,0.12838874680306905,0.07246376811594203,0.49275362318840576,2.0,-0.49740350877192985,2.0683250164278726,93.6231884057971,199.55478260869566,-3.701322491092312,18145.876811594208,1.0256410256410258,109.57142857142857,15.333333333333336,0.5004024235381879,503646768850.6963,127906.36960000005,17.4665036293372
2.9212222222222226,3.44,2.0644,-1.5563333333333333,-1.3756,2.46,106.19444444444444,138.2,42.18333333333333,37.12,-101.07999999999998,-96.01666666666665,0.30523396044380124,28978758058.690765,19652051197174.426,23557590474857.56,678.15367233382,0.16939461002857112,0.2003105690713224,0.2777777777777778,0.05555555555555555,15.0,-0.475045787104036,2.8313281178852945,7.677777777777777,261.23833333333334,-16.264705806243303,13538.65722222222,5.466666666666667,80.52941176470588,50.43333333333334,0.8731726364245316,17485870331941.021,186101.23208064,20.87918147448822
2.254166666666667,3.44,1.1920000000000002,-2.3716666666666666,-2.2479999999999998,2.46,110.15833333333332,138.2,82.11666666666666,102.58,-35.61999999999999,-56.08333333333333,0.594187168355041,28978758058.690765,143303750228.27844,169832268285.58978,4.945130841633894,0.023493270770752795,0.035643109109065964,0.20833333333333334,0.2916666666666667,0.0,-1.4092139009487057,0.6941777869438869,40.30833333333333,270.98949999999996,-1.317580935726386,13154.65972222222,7.25,91.3529411764706,57.916666666666664,0.6730116670092565,16965241563.40223,209814.0,18.995422409020712
2.3643273542600896,3.44,1.2501000000000002,-2.3288834951456314,-2.1898999999999997,2.46,112.86937219730942,138.2,83.35796116504854,100.16739999999999,-38.0326,-54.84203883495145,0.6031690388209012,28978758058.690765,189692759813.52863,258950987931.57242,6.545924412265816,0.028385664287971655,0.04277076472951792,0.22421524663677128,0.23766816143497757,7.0,-1.4047104192928515,0.8159709860735149,32.845739910313895,277.65865560538117,-1.556727703236836,13738.766851718981,10.538834951456312,90.39411764705883,74.53398058252428,0.7795654523164246,8170654898241.007,1018632.2474999998,21.782906741765526
2.4354545454545455,3.44,1.48,-2.21,-1.96,2.46,112.39999999999999,138.2,81.44,95.38,-42.81999999999999,-56.75999999999999,0.5892908827785818,28978758058.690765,259680085742.50677,395005362726.2432,8.961049511389547,0.0316392183721968,0.04846362192957878,0.22727272727272727,0.22727272727272727,7.0,-1.3023328509406658,0.9523588768845394,31.409090909090907,276.50399999999996,-1.7958420348058899,13710.51515151515,10.3,90.76470588235296,67.69999999999999,0.6730116670092565,118834483689803.34,20075.570016000005,21.369602805983842
2.8329347826086955,3.44,1.8948,-1.7453125,-1.5452,2.46,105.88514492753622,138.2,45.29479166666667,39.07733333333333,-99.12266666666666,-92.90520833333332,0.32774813072841297,28978758058.690765,18448938954885.62,23579822515801.137,636.6366328577964,0.15921338514817457,0.19964498484151527,0.2717391304347826,0.07608695652173914,15.0,-0.5720229094119332,2.8038916248446197,10.515217391304347,260.4774565217391,-14.791752716646396,13475.774842995168,1.8125,80.45882352941177,43.84375,0.8731726364245316,76697236427305.78,557321.2503999998,19.27853655271549
2.8440217391304348,3.44,1.9356,-1.7134375,-1.5044,2.46,104.30434782608694,138.2,40.75,33.26,-104.94,-97.44999999999999,0.2948625180897251,28978758058.690765,18517163671478.574,23667150153040.117,638.9909337720998,0.16169136747345303,0.2028168022178717,0.2717391304347826,0.07608695652173914,15.0,-0.5052284958393632,2.8054946962794,10.515217391304347,256.58869565217384,-15.756823760287995,13214.60081521739,0.5,79.42352941176472,37.09375,0.8731726364245316,48433241324574.64,550400.05453024,18.603872468654586
1.8647058823529412,2.58,2.0999999999999996,-1.3511111111111114,-0.4800000000000004,1.6,118.08823529411765,184.0,59.5,31.5,-152.5,-124.5,0.3233695652173913,12278644599.949677,4596036545008.434,20246922621882.25,374.3113914240396,0.05386420805573974,0.19053708439897699,0.11764705882352941,0.4117647058823529,13.0,-0.43690821256038653,2.573233044205849,75.76470588235294,188.94117647058826,-6.706093902939598,17949.808823529413,1.1111111111111112,105.60000000000001,18.11111111111111,0.6931471805599453,786948076329.2129,199853.70250000004,17.880305900946606
2.3178260869565217,3.44,1.23,-2.346363636363636,-2.21,2.49,111.68115942028984,138.2,82.75151515151515,101.05333333333333,-37.14666666666666,-55.44848484848484,0.5987808621672588,28978758058.690765,189269855423.49655,267167911421.1679,6.531330812734201,0.02724678526976039,0.04216514981569508,0.21739130434782608,0.2608695652173913,8.0,-1.4049576411397227,0.815001681388454,36.052173913043475,278.08608695652174,-1.5107929602002288,13525.375072463765,8.90909090909091,91.3529411764706,66.36363636363637,1.0549201679861442,7382102695578.573,1106629.36,20.645378562630448
2.834316939890711,3.44,1.8628,-1.759365079365079,-1.5772,2.46,106.20491803278688,138.2,45.261904761904766,39.480000000000004,-98.71999999999998,-92.93809523809523,0.32751016470263944,28978758058.690765,18681299725568.707,23506105403939.29,644.6549464864372,0.1598899436317737,0.197609477124183,0.273224043715847,0.07103825136612021,15.0,-0.5762099469149293,2.809327319387398,9.817486338797814,261.26409836065574,-14.859866808863462,13481.62868852459,6.888888888888888,80.96470588235294,62.61904761904762,0.8420953021316528,150943761653815.53,1065638.995725,21.712586259475277
2.326521739130435,3.44,1.27,-2.328181818181818,-2.17,2.49,111.22463768115941,138.2,81.7969696969697,98.95333333333333,-39.246666666666655,-56.40303030303029,0.5918738762443538,28978758058.690765,217630060301.40588,329560362152.5685,7.509985757865781,0.028331804257592682,0.044552191588926114,0.21739130434782608,0.2608695652173913,7.0,-1.3779899973289,0.8756391133974883,36.052173913043475,276.9493478260869,-1.5979996140805226,13464.7718115942,7.272727272727273,91.3529411764706,54.909090909090914,1.0549201679861442,13644702540294.99,620715.76,19.48265972550451
2.270421052631579,3.44,1.2055000000000002,-2.3640425531914895,-2.2344999999999997,2.46,110.45736842105262,138.2,82.12446808510639,101.86749999999999,-36.332499999999996,-56.0755319148936,0.5942436185608277,28978758058.690765,152551880875.33276,190617928232.692,5.264265658534054,0.024255563903155055,0.037000575172414375,0.21052631578947367,0.28421052631578947,7.0,-1.4048172012402889,0.7213377976127787,39.2778947368421,271.72512631578945,-1.3601436477651125,13223.906798245613,7.446808510638298,91.19117647058823,58.553191489361694,0.8237197315118312,3090112055705.1577,263085.19,19.201488010599803
1.8686350148367952,2.58,2.0667500000000003,-1.354406779661017,-0.5132499999999998,1.6,117.62462908011871,184.0,57.62429378531074,23.8,-160.2,-126.37570621468926,0.31317550970277575,12278644599.949677,5562789778237.407,24189429548701.74,453.04591504018333,0.061327353517449903,0.22063279857397508,0.11869436201780416,0.4065281899109793,13.0,-0.4241670335652341,2.6561422188739514,74.80118694362018,188.19940652818994,-7.750287611045639,18000.968100890208,0.0,105.025,15.101694915254237,0.6818546087307833,239100971467.95923,458466.5832437499,17.057662449641803
1.8407692307692307,2.643333333333333,2.19,-1.4904761904761903,-0.45333333333333314,1.98,118.3076923076923,186.0,60.285714285714285,17.0,-169.0,-125.71428571428572,0.3241167434715822,11078757388.627398,5666901083931.938,38922178734970.945,511.5105318353793,0.05471521942110178,0.29411764705882354,0.07692307692307693,0.46153846153846156,2.0,-0.4830882890790725,2.708854580122278,85.84615384615385,234.24923076923076,-6.878484727224224,18101.73076923077,0.0,105.71428571428571,12.857142857142856,0.0,0.0,0.0,16.92913193567327
2.8441046831955923,3.44,1.8427000000000002,-1.7586178861788615,-1.5972999999999997,2.46,107.20206611570248,138.2,46.71829268292683,41.9385,-96.26149999999998,-91.48170731707316,0.3380484275175603,28978758058.690765,19109822002315.24,23476479456833.227,659.4424082499346,0.16243117329492374,0.19638293574534876,0.27548209366391185,0.06336088154269973,15.0,-0.59449801102702,2.8191768728597695,8.756473829201102,263.7170826446281,-14.859481054535003,13660.27150826446,3.8780487804878057,81.26764705882354,51.76422764227643,0.7795654523164246,155818357215446.97,768576.1599000001,20.500183107137996
2.6563445378151265,3.44,1.35,-2.119431818181818,-2.09,2.46,117.50196078431374,138.2,82.22121212121213,83.49341563786008,-54.70658436213991,-55.978787878787855,0.594943647765645,28978758058.690765,583557188396.0513,623241344661.0015,20.137411935120586,0.05137563859328483,0.0545352159568563,0.3403361344537815,0.029411764705882356,18.0,-1.260942497099664,1.3040036541758873,4.064705882352941,289.0548235294118,-2.8759459749507585,14832.562399626517,14.215909090909088,92.37662337662337,102.57954545454544,1.093246752419975,55234713466385.9,1480032.098765432,27.93494990859533
2.821530054644809,3.44,1.816,-1.7965079365079362,-1.6239999999999999,2.46,106.46174863387978,138.2,46.007936507936506,40.419999999999995,-97.78,-92.19206349206348,0.33290836836422943,28978758058.690765,18676868840661.45,23500522488956.145,644.5020453545708,0.15959750958498425,0.1972410102252283,0.273224043715847,0.07103825136612021,15.0,-0.5980725258962457,2.8092242999435633,9.817486338797814,261.89590163934423,-14.713623736834078,13526.745264116576,6.936507936507936,81.31764705882354,64.71428571428571,0.8420953021316528,173946723006869.88,1077178.5876,21.863046291112322
2.820540540540541,3.44,1.886,-1.763076923076923,-1.554,2.46,105.99369369369369,138.2,46.53589743589744,40.24666666666667,-97.95333333333332,-91.66410256410255,0.3367286355708932,28978758058.690765,18157442554628.504,23567368878389.426,626.5776648486516,0.15636266014583164,0.19882701374513667,0.2702702702702703,0.08108108108108109,15.0,-0.593678486714221,2.7969749098468895,11.205405405405406,260.74448648648644,-14.332842916803422,13484.279129129129,2.076923076923077,80.6764705882353,44.53846153846154,0.8979457248567797,81865857232544.4,537348.4535999999,19.283103582109216
2.860989010989011,3.44,1.9228,-1.6996774193548385,-1.5171999999999999,2.46,105.2445054945055,138.2,41.45967741935484,35.21000000000001,-102.98999999999998,-96.74032258064514,0.2999976658419308,28978758058.690765,19064972132661.832,23610720290398.57,657.8947273740816,0.16557569741521513,0.2017583092393112,0.2747252747252747,0.06593406593406594,0.0,-0.5098992584906882,2.8181564058051234,9.112087912087912,258.90148351648355,-16.017846379463204,13374.612225274723,0.6129032258064516,79.7294117647059,39.80645161290323,0.8030448563658357,56965026487513.52,623457.6839999999,19.031852185485647
1.495,3.04,1.9137999999999997,-2.06,-1.5165,2.06,87.125,146.0,67.5,39.480000000000004,-102.20999999999998,-78.5,0.4623287671232877,36866897357.61785,124354808758.77034,21569626083373.28,3.3730749716337267,0.014814814814814815,0.19369623478000114,0.0,0.75,16.0,-0.9523972602739726,0.5280259941405739,109.5,179.4775,-1.162962962962963,8746.1875,0.0,71.0,9.0,0.0,0.0,0.0,8.272761233921429
1.8211909262759927,2.643333333333333,2.1247499999999997,-1.5048904267589387,-0.5185833333333334,1.98,117.71550094517958,186.0,61.00865051903115,20.6,-165.4,-124.99134948096885,0.328003497414146,11078757388.627398,4414753864888.908,31122487989299.016,398.4881796780527,0.04808804511633741,0.25521390374331554,0.07561436672967864,0.4706994328922495,2.0,-0.4936093232019986,2.6004154434818614,87.55009451795841,233.07669187145558,-6.010589652992726,17884.888941398865,0.0,105.875,12.737024221453288,0.5331638407372986,170611690638.2625,327141.11694375,16.646528849997196
2.305987124463519,3.449,1.2214285714285715,-2.3568318584070793,-2.2275714285714283,3.0,111.23540772532188,138.07375,82.73451327433628,100.29047619047618,-37.783273809523806,-55.33923672566371,0.5992052310764087,28781764078.30429,157407129766.32642,195495994927.41492,5.468988257220134,0.024920941864147582,0.03656705017814058,0.22532188841201717,0.259656652360515,7.0,-1.4122259783250557,0.7379069908769292,35.851767703862656,333.70622317596565,-1.379105901246566,13378.484483190272,7.920353982300884,91.85217391304349,62.16371681415929,0.8324075743474854,21179186414268.51,272291.04435827665,20.09905164161093
1.8446153846153843,2.651666666666667,2.19,-1.498809523809524,-0.4616666666666669,2.18,118.01923076923077,185.375,60.285714285714285,17.0,-168.375,-125.08928571428572,0.3252095173875349,11135855672.728624,5666901083931.938,38922178734970.945,508.8877990588553,0.05471521942110178,0.29411764705882354,0.07692307692307693,0.46153846153846156,2.0,-0.48742712189393633,2.706622038483957,85.5576923076923,257.2819230769231,-6.844287715086035,17992.98076923077,0.0,105.17857142857143,12.857142857142856,0.0,0.0,0.0,16.66663223945845
2.2693684210526315,3.44,1.2005000000000001,-2.366170212765957,-2.2394999999999996,2.46,110.51263157894736,138.2,82.23617021276596,102.13,-36.06999999999999,-55.96382978723403,0.5950518828709549,28978758058.690765,149233133496.00293,182818871891.2669,5.149742207508018,0.024128593596068303,0.0367021949507605,0.21052631578947367,0.28421052631578947,7.0,-1.4079940402995508,0.7117854891074118,39.2778947368421,271.8610736842105,-1.3503285050157117,13231.24298245614,7.638297872340425,91.19117647058823,59.89361702127659,0.8237197315118312,180389295056.17178,339138.79000000004,19.33669903280714
1.7922222222222222,2.55,2.01,-1.3639999999999999,-0.54,1.5699999999999998,123.11111111111111,198.0,63.2,46.0,-152.0,-134.8,0.3191919191919192,9853904009.223562,413817148765.728,1571666508793.5586,41.995248622107766,0.02924315619967794,0.08695652173913043,0.1111111111111111,0.4444444444444444,0.0,-0.43537777777777775,1.6232001567329353,88.0,193.28444444444443,-3.9419774557165868,19684.11111111111,2.0,117.0,20.0,0.0,0.0,0.0,26.5494011892979
2.8546448087431693,3.44,1.9372,-1.7003174603174604,-1.5028,2.46,104.83333333333333,138.2,41.27777777777778,34.46,-103.73999999999998,-96.92222222222222,0.2986814600418074,28978758058.690765,18769932561215.93,23617782776854.793,647.7134914892188,0.16327667317334435,0.20187675634656202,0.273224043715847,0.07103825136612021,15.0,-0.507853301582197,2.81138294324549,9.817486338797814,257.89,-15.82513800101203,13297.164207650274,0.7777777777777778,79.35882352941178,38.6031746031746,0.8420953021316528,52505839554526.11,663898.6595999999,18.965932025457256
1.7933333333333334,2.565,1.96,-1.389,-0.605,1.6,122.55555555555556,191.0,67.8,69.0,-122.0,-123.2,0.35497382198952876,11066274304.58662,192619640120.70865,465678965568.46185,17.406006287127177,0.023446054750402578,0.057971014492753624,0.1111111111111111,0.4444444444444444,0.0,-0.49305863874345546,1.2406991360554418,84.88888888888889,196.0888888888889,-2.8885539452495976,18789.555555555555,4.0,116.0,27.2,0.0,0.0,0.0,22.95004721683885
2.289468085106383,3.44,1.2305000000000001,-2.3510869565217387,-2.2095,2.46,110.83191489361701,138.2,82.27391304347826,101.47999999999999,-36.72,-55.92608695652173,0.5953249858428239,28978758058.690765,165525199375.08493,219046707176.29388,5.711949388577876,0.025084960287550227,0.038436149402106254,0.2127659574468085,0.2765957446808511,7.0,-1.399660809106552,0.7567843506660996,38.225531914893615,272.64651063829785,-1.4029036703424282,13306.242907801416,7.739130434782609,91.22058823529412,60.04347826086957,0.8237197315118312,25816540596175.71,224786.000491,19.47610458398468
2.6192260692464355,3.4399999999999995,1.392820512820513,-2.121052631578947,-2.047179487179487,2.46,114.24412763068565,138.2,76.29298245614035,78.2094017094017,-59.990598290598285,-61.90701754385964,0.5520476299286567,28978758058.690765,411367567982.6402,473921630890.40674,14.195486471487019,0.045499285473437984,0.05218692651441996,0.31771894093686354,0.06924643584521385,18.0,-1.1709220782170982,1.1521502801491101,9.569857433808554,281.0405539714867,-2.816725064037203,14145.329861959717,6.947368421052632,91.945295404814,77.73684210526315,0.652825793916348,202437667015855.25,123636.52202498357,24.192530741912687
2.83972972972973,3.44,1.957,-1.7084615384615385,-1.4829999999999999,2.46,104.25135135135135,138.2,41.57692307692308,33.8,-104.39999999999999,-96.62307692307691,0.30084604252476904,28978758058.690765,18206721619027.42,23631431662108.02,628.2781885322102,0.15865717736884885,0.20180988613505907,0.2702702702702703,0.08108108108108109,15.0,-0.5139838926519323,2.7981519828982915,11.205405405405406,256.4583243243243,-15.329944653308539,13182.040810810811,1.2307692307692308,79.38235294117649,38.38461538461539,0.8979457248567797,46255202608855.92,555064.893969,18.927208885647996
2.5735,3.44,1.3716666666666668,-2.16625,-2.0683333333333334,2.49,115.79083333333332,138.2,82.17708333333334,87.06944444444446,-51.13055555555553,-56.022916666666646,0.5946243367100821,28978758058.690765,336685616085.359,407462551860.8885,11.618359054707197,0.04135152564404377,0.050197095920453426,0.3,0.1,18.0,-1.2881049693982152,1.0651447938193708,13.82,288.31917500000003,-2.316633075195793,14463.05823611111,11.875,92.05555555555556,89.25,1.0114042647073518,47363343549569.01,1050726.8055555555,26.720648048743215
2.3124137931034485,3.44,1.2584000000000002,-2.3357142857142854,-2.1815999999999995,2.46,111.14655172413794,138.2,82.16071428571429,100.34,-37.859999999999985,-56.0392857142857,0.594505892081869,28978758058.690765,198706893931.53348,290903479545.75964,6.856984468730227,0.026567372936103673,0.04114054500650186,0.21551724137931036,0.26724137931034486,7.0,-1.3885959050769368,0.8361331657768232,36.932758620689654,273.42051724137934,-1.488816602644295,13389.363505747126,7.875,91.0,60.73214285714287,0.8731726364245317,1826264958550.2815,322160.72640000004,19.68353830927874
1.8393846153846158,2.640333333333334,2.19,-1.487476190476191,-0.4503333333333339,1.98,118.95384615384614,187.4,60.285714285714285,17.0,-170.4,-127.11428571428573,0.3216953803933526,10836283329.554787,5666901083931.938,38922178734970.945,522.9561567918846,0.05471521942110178,0.29411764705882354,0.07692307692307693,0.46153846153846156,2.0,-0.4785142189212933,2.7184652803366856,86.4923076923077,235.52861538461536,-6.9550860344137675,18348.561538461538,0.0,106.8285714285714,12.857142857142856,0.0,0.0,0.0,17.648109612226527
2.394545454545455,3.44,1.3,-2.3,-2.1399999999999997,2.46,112.74090909090908,138.2,82.19,96.88,-41.31999999999999,-56.00999999999999,0.5947178002894357,28978758058.690765,230236178310.58896,336117547862.4076,7.944998120495397,0.03065882621533405,0.04650283761585329,0.22727272727272727,0.22727272727272727,7.0,-1.367850940665702,0.9000937988047484,31.409090909090907,277.34263636363636,-1.7172008563208598,13752.70265151515,9.1,90.05882352941177,63.89999999999999,0.6730116670092565,15914816650756.09,581819.76,20.85059007022923
2.623701431492843,3.449,1.3842948717948715,-2.1352962962962962,-2.0647051282051283,3.0,115.1135139740968,138.07375,78.66869488536155,81.03130341880342,-57.04244658119657,-59.405055114638444,0.5697585159044464,28781764078.30429,419823933609.8812,482327017713.00085,14.586455940216142,0.045007223374250324,0.05139407903105399,0.3190184049079755,0.06748466257668713,18.0,-1.2166032487940388,1.1639497845200826,9.317860429447855,345.3405419222904,-2.673656585104184,14357.745114888661,7.227513227513226,91.08333333333334,77.35978835978834,0.7800791550354971,29643294394206.223,142899.46346069613,24.13586703217521
1.8651479289940824,2.58,2.0595,-1.3574157303370789,-0.5205000000000002,1.6,117.52366863905324,184.0,57.769662921348306,24.2,-159.8,-126.2303370786517,0.31396555935515386,12278644599.949677,5337487940189.852,23322797243627.08,434.69683455222145,0.06009466776155474,0.21631016042780749,0.11834319526627218,0.40828402366863903,13.0,-0.42618178905276566,2.6381864776844917,75.12426035502958,188.0378698224852,-7.585770168170638,17963.55769230769,0.0,105.05000000000001,15.067415730337078,0.6881388137135884,242158528647.85645,464329.32727500005,17.00741947913618
2.307142857142857,3.16,1.55,-1.9900000000000002,-1.61,2.18,134.57142857142858,181.0,72.66666666666667,83.0,-98.0,-108.33333333333333,0.40147329650092084,6449680150.445433,127494324355.90349,133773355550.16972,19.767542169838975,0.01790867172393277,0.024096385542168676,0.14285714285714285,0.2857142857142857,5.0,-0.7989318600368326,1.2959526739452614,51.71428571428571,293.3657142857143,-1.9401061034260498,21006.5,1.6666666666666665,102.80000000000001,27.333333333333332,0.0,0.0,0.0,23.685120984547055
2.254166666666667,3.44,1.1920000000000002,-2.3716666666666666,-2.2479999999999998,2.46,110.15833333333332,138.2,82.11666666666666,102.58,-35.61999999999999,-56.08333333333333,0.594187168355041,28978758058.690765,143303750228.27844,169832268285.58978,4.945130841633894,0.023493270770752795,0.035643109109065964,0.20833333333333334,0.2916666666666667,0.0,-1.4092139009487057,0.6941777869438869,40.30833333333333,270.98949999999996,-1.317580935726386,13154.65972222222,7.25,91.3529411764706,57.916666666666664,0.6730116670092565,16965241563.40223,209814.0,18.995422409020712
1.8838323353293411,2.58,2.1270000000000002,-1.3363218390804599,-0.45299999999999985,1.6,118.4760479041916,184.0,58.22413793103448,27.150000000000002,-156.85,-125.77586206896552,0.31643553223388304,12278644599.949677,6038181164402.469,25849499455808.86,491.76284200189457,0.06235422593714036,0.22161125319693095,0.11976047904191617,0.40119760479041916,21.0,-0.4228597123851867,2.6917557100000913,73.82035928143712,189.5616766467066,-7.842656520886878,18157.59131736527,0.8045977011494253,105.30000000000001,17.45977011494253,0.6474466390346325,716122749459.5837,181866.86927500003,17.910485486294924
2.6195824634655533,3.44,1.3913907284768212,-2.124216216216216,-2.048609271523179,2.46,114.91252609603339,138.2,77.90432432432432,80.24701986754967,-57.95298013245032,-60.29567567567567,0.5637071224625494,28978758058.69076,415058361262.8539,480514790303.5084,14.322848495516439,0.045412694499018656,0.05230228330208442,0.31524008350730687,0.0709812108559499,18.0,-1.197435810731528,1.1560293980599616,9.809603340292275,282.68481419624214,-2.7381890990713695,14317.161830201807,6.87027027027027,90.65393258426965,75.94594594594594,0.6395306588828067,21641756298591.418,125146.72163501603,23.85919753821735
2.5852,3.44,1.3837500000000005,-2.1369999999999996,-2.0562499999999995,2.46,114.126,138.2,78.015,80.64375000000001,-57.55624999999998,-60.18499999999999,0.564507959479016,28978758058.690765,437617408997.08215,515933059056.6602,15.101316906362044,0.043460874739307716,0.05062238972043094,0.31999999999999995,0.08,18.0,-1.2063535094066569,1.1790148214804677,11.056,280.74996,-2.615692746185234,14193.61463333333,7.1,91.52173913043478,74.19999999999999,0.9743147528693494,50205546183058.94,171509.09791093747,23.60210646754083
2.8205913978494626,3.44,1.942244897959184,-1.7456060606060606,-1.497755102040816,2.46,104.02284946236558,138.2,41.88257575757576,32.994897959183675,-105.20510204081631,-96.31742424242424,0.3030577117046003,28978758058.690765,17944118200679.39,24126485091753.89,619.2162605566848,0.15648222875576626,0.2056321478781372,0.26344086021505375,0.0913978494623656,15.0,-0.5290193782649545,2.7918423523539673,12.631182795698924,255.89620967741934,-15.071965213469216,13134.495900537633,0.4848484848484848,79.15384615384616,35.83333333333333,0.8368574844023513,49328063968524.89,561586.1328797168,18.27381067039194
2.838918918918919,3.44,1.9540000000000002,-1.7107692307692308,-1.4859999999999998,2.46,104.94054054054054,138.2,43.53846153846154,36.35,-101.85,-94.66153846153844,0.31503951909161754,28978758058.690765,18169438609451.074,23582963749658.766,626.9916251294295,0.1573074949411848,0.20005529897909574,0.2702702702702703,0.08108108108108109,15.0,-0.538959915738275,2.7972617398987123,11.205405405405406,258.1537297297297,-14.890969482663227,13274.736756756756,2.0,79.88235294117649,41.15384615384616,0.8979457248567797,46244704647214.58,543827.301225,19.184105130969286
1.8446511627906976,2.58,2.016,-1.3747826086956525,-0.5640000000000001,1.6,116.93023255813954,184.0,58.60869565217391,26.599999999999998,-157.4,-125.3913043478261,0.31852551984877125,12278644599.949677,4037104505371.8906,18123003413179.125,328.7907286923539,0.052979927148725105,0.19037433155080216,0.11627906976744186,0.4186046511627907,21.0,-0.4379033451138326,2.5169195627167964,77.0232558139535,187.08837209302328,-6.643222169431444,17743.662790697672,0.0,105.2,14.869565217391305,0.6730116670092565,234820391416.1032,450258.7416,16.715073125067914
2.9283333333333332,3.44,2.0900000000000003,-1.535,-1.3499999999999996,2.46,105.20277777777777,138.2,39.208333333333336,33.55,-104.64999999999999,-98.99166666666665,0.28370718765074776,28978758058.690765,19733992675141.055,23655920248417.51,680.9813117309493,0.17222742090799448,0.20370994212663038,0.2777777777777778,0.05555555555555555,15.0,-0.4354905330438978,2.833135193669773,7.677777777777777,258.79883333333333,-17.04907944138388,13413.038472222219,4.333333333333333,79.1764705882353,46.83333333333333,0.9502705392332347,14992464942452.387,341933.742784,20.459570449630803
1.8892771084337352,2.58,2.09,-1.3332558139534882,-0.4900000000000002,1.69,119.04589787722318,184.0,58.6234772978959,30.562211981566815,-153.4377880184332,-125.3765227021041,0.31860585487986903,12278644599.949677,6250937065142.434,25618842262742.402,509.09015357998493,0.06370027830924414,0.218241420969053,0.1244979919678715,0.3935742971887551,13.0,-0.42478310837820676,2.7067946973374117,72.41767068273093,201.18756741250718,-7.986519389569297,18304.850135234818,0.930232558139535,105.88079470198676,18.496124031007753,0.7584873205812663,71079219484787.67,176536.36566077007,18.19911264917187
1.8651479289940824,2.58,2.0595,-1.3574157303370789,-0.5205000000000002,1.6,117.52366863905324,184.0,57.769662921348306,24.2,-159.8,-126.2303370786517,0.31396555935515386,12278644599.949677,5337487940189.852,23322797243627.08,434.69683455222145,0.06009466776155474,0.21631016042780749,0.11834319526627218,0.40828402366863903,13.0,-0.42618178905276566,2.6381864776844917,75.12426035502958,188.0378698224852,-7.585770168170638,17963.55769230769,0.0,105.05000000000001,15.067415730337078,0.6881388137135884,242158528647.85645,464329.32727500005,17.00741947913618
1.8523076923076922,2.668333333333333,2.19,-1.5154761904761902,-0.47833333333333306,2.18,117.4423076923077,184.125,60.285714285714285,17.0,-167.125,-123.83928571428572,0.3274173213073417,11250052240.931076,5666901083931.938,38922178734970.945,503.72220169023274,0.05471521942110178,0.29411764705882354,0.07692307692307693,0.46153846153846156,2.0,-0.4961931547907689,2.7021910929245476,84.98076923076924,256.02423076923077,-6.775893690809658,17775.48076923077,0.0,104.10714285714286,12.857142857142856,0.0,0.0,0.0,16.153780535901188
2.365652173913044,3.44,1.45,-2.246363636363636,-1.99,2.49,110.89855072463767,138.2,81.11515151515151,97.45333333333333,-40.746666666666655,-57.08484848484848,0.5869403148708503,28978758058.690765,244397248875.87665,388448177016.4042,8.433668840496829,0.029223069854740626,0.0465129759026516,0.21739130434782608,0.2608695652173913,7.0,-1.3184813800417008,0.9260165438488139,36.052173913043475,276.13739130434783,-1.6681945149200117,13424.418550724635,8.363636363636363,92.05882352941177,58.363636363636374,1.0549201679861442,143883288204992.12,16730.056416000007,19.94628776330669
2.8737569060773485,3.44,1.9314000000000002,-1.6801639344262296,-1.5085999999999997,2.46,105.15055248618785,138.2,40.135245901639344,34.115,-104.08499999999998,-98.06475409836065,0.2904142250480416,28978758058.690765,19398666717436.84,23639015337346.016,669.4098718153712,0.16897632109344216,0.20289185247474018,0.27624309392265195,0.06077348066298342,15.0,-0.48794350697006206,2.8256921126278676,8.398895027624308,258.6703591160221,-16.570621376474037,13383.32244475138,0.6229508196721312,79.54705882352943,39.85245901639344,0.7524177643476055,53723438392584.516,613370.45787364,19.090919561385583
2.421818181818182,3.44,1.42,-2.24,-2.02,2.46,113.85454545454544,138.2,84.64,101.78,-36.41999999999999,-53.55999999999999,0.6124457308248915,28978758058.690765,169743272551.5122,215131736344.2541,5.8575068057689235,0.028130446442372236,0.04144607806992966,0.22727272727272727,0.22727272727272727,7.0,-1.371878437047757,0.7677128018709929,31.409090909090907,280.08218181818177,-1.5066667114534567,13908.333333333332,12.3,92.05882352941177,76.5,0.6730116670092565,103458999443646.92,100963.6704,22.445216876788955
2.2724472573839662,3.44,1.2022,-2.365042735042735,-2.2378,2.46,110.584388185654,138.2,82.26068376068378,102.03999999999999,-36.16,-55.93931623931621,0.5952292602075527,28978758058.690765,150449417243.22845,185416192612.40237,5.191713769738606,0.024258916226902245,0.03691401211909941,0.2109704641350211,0.28270042194092826,7.0,-1.4077426375387343,0.7153107408705672,39.06919831223628,272.03759493670884,-1.3570271864397643,13246.753516174402,7.717948717948716,91.15882352941176,60.299145299145295,0.8420953021316527,210600675524.13837,364193.60159999994,19.406561472706226
1.8341682600382412,2.643333333333333,2.16825,-1.4953828032979974,-0.4750833333333331,1.98,118.10803059273424,186.0,60.53180212014135,18.200000000000003,-167.8,-125.46819787985865,0.325439796344846,11078757388.627398,5240669580629.894,36322281819746.97,473.0376699113894,0.05245932616541638,0.2811497326203209,0.07648183556405354,0.4646271510516253,2.0,-0.4866570749628852,2.6748957267488747,86.4206500956023,233.8539005736138,-6.5819771159665095,18028.620936902487,0.0,105.76785714285714,12.81625441696113,0.2663844632679204,67877769393.71733,130152.91749375,16.83331812691814
2.849726775956284,3.44,1.9192,-1.7146031746031745,-1.5208,2.46,105.14890710382512,138.2,42.19444444444444,35.614999999999995,-102.585,-96.00555555555555,0.30531435922173983,28978758058.690765,18756820756469.164,23601261902873.867,647.2610288709033,0.1627229215057967,0.20117902924545197,0.273224043715847,0.07103825136612021,15.0,-0.5234929695735291,2.8110794592412742,9.817486338797814,258.6663114754098,-15.62230448078707,13342.054576502733,0.5873015873015873,79.80000000000001,39.317460317460316,0.8420953021316528,57817793569570.34,618798.9683999999,18.920751729438315
2.2985653104925055,3.44,1.2239423076923077,-2.348237885462555,-2.2160576923076922,2.46,111.13811563169163,138.2,82.52643171806167,100.2980769230769,-37.90192307692308,-55.673568281938316,0.5971521831987097,28978758058.690765,160407976993.44104,203047781732.5227,5.535364099060639,0.025165749795316324,0.037407720974178674,0.22269807280513917,0.2633832976445396,7.0,-1.4022553799738862,0.7431461926966318,36.39957173447537,273.39976445396144,-1.4010670895957187,13366.266416845108,8.083700440528634,91.5843023255814,62.65638766519824,0.9550618328711267,17269202300545.566,390746.8541457101,20.071823579338453
1.8940677966101696,2.58,2.1302000000000003,-1.33,-0.44979999999999976,1.6,119.43946731234867,184.0,58.81924882629109,30.52,-153.48,-125.18075117370891,0.31966983057766896,12278644599.949677,6884714899408.426,28923488794926.3,560.7064235279391,0.06596615466853091,0.2327195225916454,0.12106537530266344,0.39467312348668276,13.0,-0.4251608746682997,2.7487355314627866,72.61985472154963,191.10314769975787,-8.257692793447765,18369.139830508477,1.2206572769953052,106.21200000000002,19.244131455399064,0.5730569171314204,3343282333402.87,6784.279584159998,18.208491985548513
2.858131868131868,3.44,1.9124,-1.7080645161290324,-1.5275999999999998,2.46,105.66446886446886,138.2,42.692473118279565,36.73866666666667,-101.46133333333333,-95.50752688172042,0.30891803992966405,28978758058.690765,19060141084456.984,23604729790624.56,657.7280173930995,0.16519071176599032,0.20128092703427247,0.2747252747252747,0.06593406593406594,15.0,-0.5276519423959908,2.818046341996187,9.112087912087912,259.93459340659336,-15.776956344600851,13458.485909645908,1.2580645161290323,80.02352941176471,42.38709677419355,0.8030448563658357,66127781317833.64,595924.0344,19.26925526696242
2.849726775956284,3.44,1.9192,-1.7146031746031745,-1.5208,2.46,105.14890710382512,138.2,42.19444444444444,35.614999999999995,-102.585,-96.00555555555555,0.30531435922173983,28978758058.690765,18756820756469.164,23601261902873.867,647.2610288709033,0.1627229215057967,0.20117902924545197,0.273224043715847,0.07103825136612021,15.0,-0.5234929695735291,2.8110794592412742,9.817486338797814,258.6663114754098,-15.62230448078707,13342.054576502733,0.5873015873015873,79.80000000000001,39.317460317460316,0.8420953021316528,57817793569570.34,618798.9683999999,18.920751729438315
2.851693989071038,3.44,1.9264000000000001,-1.7088888888888885,-1.5135999999999998,2.46,104.85491803278688,138.2,41.34047619047619,34.538999999999994,-103.661,-96.85952380952381,0.29913513886017506,28978758058.690765,18785323075875.316,23637174825325.617,648.2445879091625,0.16350928509141235,0.2021698473633277,0.273224043715847,0.07103825136612021,15.0,-0.5111887150743879,2.811738899601053,9.817486338797814,257.9430983606557,-15.837431492389872,13308.846051912567,0.7142857142857142,79.68235294117648,39.0,0.8802861522293415,60065624616559.81,587825.15077056,18.885717421323932
2.8656043956043953,3.44,1.9396,-1.6861290322580647,-1.5004,2.46,105.23626373626372,138.2,41.435483870967744,35.18,-103.01999999999998,-96.76451612903224,0.29982260398674204,28978758058.690765,19065171688092.258,23610967739132.297,657.9016136398775,0.16558693280920295,0.2017722411278561,0.2747252747252747,0.06593406593406594,15.0,-0.5055395971092583,2.818160951595597,9.112087912087912,258.88120879120873,-16.022939430573096,13373.28736263736,1.2258064516129032,79.70588235294119,40.96774193548387,0.8030448563658357,51824982196617.49,602654.0676000001,19.22897061883584
1.990952380952381,2.58,2.19,-1.237,-0.3900000000000001,1.6,121.30952380952381,184.0,52.35,17.0,-167.0,-131.65,0.2845108695652174,12278644599.949677,11763701986622.424,38922178734970.945,958.061933535452,0.09860566448801743,0.29411764705882354,0.14285714285714285,0.3333333333333333,0.0,-0.3519399456521739,2.9813935847813493,61.33333333333333,194.0952380952381,-12.981435729847496,19294.130952380954,0.0,104.71428571428572,17.099999999999998,0.0,0.0,0.0,19.157845229472827
1.8840000000000001,2.58,2.1133333333333333,-1.3384615384615386,-0.4666666666666668,1.6,119.44,184.0,59.84615384615385,34.333333333333336,-149.66666666666666,-124.15384615384616,0.32525083612040134,12278644599.949677,6119506501776.774,26103345478503.453,498.3861575244107,0.06110418898142684,0.2154021028701336,0.12,0.4,13.0,-0.43533573449961416,2.697565971463613,73.60000000000001,191.104,-7.58632007815561,18286.94,1.5384615384615385,106.66666666666667,20.153846153846153,0.6365141682948128,3861494956575.2715,7835.8507555555525,18.269338548160913
2.590140845070423,3.44,1.3894736842105264,-2.1440609137055837,-2.0505263157894733,2.46,114.15244802146209,138.2,77.53181049069373,80.5017543859649,-57.69824561403509,-60.66818950930626,0.5610116533335292,28978758058.690765,397065189952.04266,477801815963.2088,13.701939508513972,0.04360166798447626,0.052124091620231294,0.3058350100603622,0.09054325955734407,18.0,-1.2028431580457668,1.1367820458591364,12.51307847082495,280.81502213279674,-2.6452342562040574,14158.526709143753,6.558375634517766,90.46017699115045,72.55329949238578,0.6424220210762541,21776716058790.863,125927.14681440443,23.18631041177257
1.8385604606525914,2.643333333333333,2.18275,-1.4921233689205216,-0.4605833333333331,1.98,118.24088291746641,186.0,60.36832740213522,17.4,-168.6,-125.63167259786478,0.3245609000114797,11078757388.627398,5523812690771.229,38055546429896.29,498.59496846113365,0.053957902942621386,0.28979500891265597,0.07677543186180422,0.46257197696737046,2.0,-0.48428490354500564,2.697747891535202,86.03838771593091,234.1169481765835,-6.778821596554774,18077.267274472168,0.0,105.73214285714285,12.84341637010676,0.11690684913753106,23848946003.197987,45729.40344375,16.897010838340737
2.872432432432433,3.44,2.078,-1.6153846153846154,-1.362,2.46,102.8527027027027,138.2,37.59615384615385,28.625,-109.57499999999999,-100.60384615384615,0.2720416341979294,28978758058.690765,18444682655272.918,23940781009227.16,636.4897563214009,0.16422190437535705,0.20904403124351972,0.2702702702702703,0.08108108108108109,15.0,-0.43945187062742447,2.8037914185020245,11.205405405405406,253.01764864864865,-16.521355202870055,13034.366824324325,2.307692307692308,78.41176470588236,36.23076923076923,0.8979457248567797,1139962473618.6294,168991.94648100002,19.082271726117167
1.88483,2.58,2.12025,-1.3368653846153846,-0.4597500000000001,1.6,119.0582,184.0,59.11192307692308,31.151666666666667,-152.84833333333333,-124.88807692307692,0.3212604515050167,12278644599.949677,6154813027195.113,26256340421982.92,501.26159911985224,0.06202949555890732,0.21941176470588233,0.12,0.4,13.0,-0.42948197706296626,2.700064435255099,73.60000000000001,190.49312,-7.746744412860476,18243.033,1.2192307692307691,106.08566666666667,19.004615384615384,0.8627230891133999,2703914740177.5215,91765.28519379557,18.12098719030218
2.84027027027027,3.44,1.959,-1.7069230769230768,-1.4809999999999999,2.46,104.31216216216215,138.2,41.75,34.025,-104.17499999999998,-96.44999999999999,0.30209840810419686,28978758058.690765,18200490475832.207,23623331175954.234,628.0631640241689,0.15848929771990386,0.20159164259143056,0.2702702702702703,0.08108108108108109,15.0,-0.5156587442947791,2.7980033227303553,11.205405405405406,256.60791891891887,-15.286292765084726,13188.806013513513,0.9230769230769231,79.14705882352942,38.38461538461539,0.8979457248567797,48233749978570.734,608927.6856,18.81401093741378
2.2911965811965813,3.44,1.2124,-2.3580701754385966,-2.2276,2.46,111.02136752136751,138.2,82.41228070175437,101.49999999999999,-36.7,-55.78771929824562,0.5963261989996699,28978758058.690765,157971171995.80746,201000116939.21494,5.451274746690937,0.025064858812322725,0.03818491512913285,0.2136752136752137,0.27350427350427353,7.0,-1.406179024693783,0.7364980712158878,37.7982905982906,273.1125641025641,-1.3983113076720184,13341.20868945869,8.210526315789476,90.96470588235294,62.807017543859665,0.9173573878312139,374554946717.8266,508851.4464000001,19.837488189550402
1.8363601532567049,2.643333333333333,2.1755,-1.4937588652482268,-0.4678333333333331,1.98,118.1743295019157,186.0,60.45035460992907,17.799999999999997,-168.2,-125.54964539007094,0.325001906504995,11078757388.627398,5381739108909.53,37188914124821.625,485.77100482713075,0.05320595750299546,0.2854723707664884,0.07662835249042145,0.4636015325670498,2.0,-0.4854744790644116,2.686431588650696,86.22988505747126,233.98517241379307,-6.679989097140265,18052.897509578543,0.0,105.74999999999999,12.829787234042554,0.1985152433458726,46474869134.4371,89113.709275,16.865073406795094
1.8926844014510276,2.58,2.1279,-1.3311709601873538,-0.45210000000000017,1.6,119.43954050785973,184.0,58.961358313817335,31.040000000000003,-152.96,-125.03864168618267,0.3204421647490073,12278644599.949677,6778820614021.886,28538923797232.277,552.0821584859349,0.06529332569330892,0.23035805626598468,0.12091898428053204,0.39540507859733975,13.0,-0.4265633041334502,2.7420037123705154,72.75453446191051,191.1032648125756,-8.16418875586488,18357.84492140266,1.2646370023419207,106.274,19.37002341920375,0.583258840128597,3424952951734.437,6950.007827639998,18.216840761157627
2.2811016949152543,3.44,1.208076923076923,-2.3577586206896552,-2.231923076923077,2.46,110.70127118644066,138.2,82.25431034482757,100.41346153846153,-37.786538461538456,-55.945689655172416,0.5951831428714007,28978758058.690765,161808599025.61453,207905571661.73047,5.583696813296936,0.02465545977009634,0.036767022791981296,0.22033898305084745,0.2711864406779661,7.0,-1.4032981859942077,0.7469218286898054,37.47796610169491,272.32512711864405,-1.3793667006033985,13279.910840395478,7.499999999999999,91.74418604651163,60.068965517241374,0.8101502323878818,18148209796926.934,216587.4356841716,19.545940387626874
2.6036916835699797,3.44,1.385714285714286,-2.1362694300518132,-2.0542857142857143,2.46,114.73975659229208,138.2,78.27305699481865,81.00129870129871,-57.19870129870128,-59.92694300518134,0.5663752315109888,28978758058.690765,402134709581.1176,472481567581.5822,13.876878669771596,0.0443060828983096,0.05177465078958426,0.31237322515212984,0.07910750507099393,18.0,-1.2099300930154437,1.1422917911232982,10.93265720081136,282.2598012170385,-2.655128104629839,14275.367971602433,6.9119170984455955,90.80616740088107,75.26943005181347,0.6478476860936295,22030712292905.49,127395.91836734694,23.700675209996216
1.9333333333333333,2.58,1.9,-1.2933333333333334,-0.6800000000000002,1.6,120.0,184.0,56.0,33.0,-151.0,-128.0,0.30434782608695654,12278644599.949677,1501865383167.3728,4256886531984.5776,122.31524179578649,0.05028058361391694,0.12121212121212122,0.16666666666666666,0.3333333333333333,21.0,-0.3936231884057972,2.087480578175789,61.33333333333333,192.0,-6.4359147025813686,18628.25,0.0,106.25,18.0,0.0,0.0,0.0,18.832298540831772
2.7963157894736845,3.44,1.9780000000000002,-1.7471428571428569,-1.4619999999999997,2.46,104.46842105263157,138.2,46.642857142857146,38.3,-99.89999999999999,-91.55714285714285,0.3375025842464338,28978758058.690765,16847165969552.186,23536290433869.555,581.3625944711491,0.14508546761220556,0.19719372873116187,0.2631578947368421,0.10526315789473684,15.0,-0.5896652293334121,2.7644470853336647,14.54736842105263,256.99231578947365,-13.283610884666077,13117.401578947367,3.1428571428571423,80.1764705882353,41.42857142857142,0.9502705392332347,35758405985471.84,409240.6656,19.112694638705122
2.860989010989011,3.44,1.9228,-1.6996774193548385,-1.5171999999999999,2.46,105.2445054945055,138.2,41.45967741935484,35.21000000000001,-102.98999999999998,-96.74032258064514,0.2999976658419308,28978758058.690765,19064972132661.832,23610720290398.57,657.8947273740816,0.16557569741521513,0.2017583092393112,0.2747252747252747,0.06593406593406594,15.0,-0.5098992584906882,2.8181564058051234,9.112087912087912,258.90148351648355,-16.017846379463204,13374.612225274723,0.6129032258064516,79.7294117647059,39.80645161290323,0.8030448563658357,56965026487513.52,623457.6839999999,19.031852185485647
2.884891304347826,3.44,2.086,-1.5959375,-1.354,2.46,103.04347826086956,138.2,37.125,28.619999999999997,-109.57999999999998,-101.07499999999999,0.26863241678726485,28978758058.690765,18737374158386.08,23949019576281.727,646.5899649818401,0.16690157228840094,0.20948586438100503,0.2717391304347826,0.07608695652173914,15.0,-0.4287205476664255,2.810628960116503,10.515217391304347,253.48695652173913,-16.869576419050123,13080.318206521739,2.5,78.38823529411766,37.09375,0.8731726364245316,1065362704147.5713,173689.06020064003,19.290994870248436
2.36,3.44,1.286,-2.314285714285714,-2.154,2.62,112.08037037037037,138.2,82.22936507936508,98.43166666666666,-39.76833333333333,-55.97063492063491,0.5950026416741323,28978758058.690765,223841568840.74478,333277004930.9167,7.724332712512999,0.02946267136307737,0.04557531356616617,0.2222222222222222,0.24444444444444444,7.0,-1.377006113588706,0.8878609720074695,33.78222222222222,293.6505703703704,-1.6490444226494483,13641.08072839506,8.166666666666666,90.55882352941177,59.02380952380952,0.8451132568429528,25110919831129.37,670003.90249275,20.062522038696105
2.835136612021858,3.44,1.8658000000000001,-1.7569841269841266,-1.5741999999999998,2.46,105.82377049180327,138.2,44.154761904761905,38.085,-100.11499999999998,-94.04523809523809,0.31949900075804566,28978758058.690765,18700522309518.93,23530325859716.57,645.3182800879425,0.1606215358281236,0.19853128329158387,0.273224043715847,0.07103825136612021,15.0,-0.5613546729191756,2.809773967646838,9.817486338797814,260.32647540983606,-15.1056905801787,13429.506762295083,6.222222222222221,80.52352941176471,60.9047619047619,0.8420953021316528,150462080920432.5,1067417.9076,21.457542839351692
2.872432432432433,3.44,2.078,-1.6153846153846154,-1.362,2.46,102.8527027027027,138.2,37.59615384615385,28.625,-109.57499999999999,-100.60384615384615,0.2720416341979294,28978758058.690765,18444682655272.918,23940781009227.16,636.4897563214009,0.16422190437535705,0.20904403124351972,0.2702702702702703,0.08108108108108109,15.0,-0.43945187062742447,2.8037914185020245,11.205405405405406,253.01764864864865,-16.521355202870055,13034.366824324325,2.307692307692308,78.41176470588236,36.23076923076923,0.8979457248567797,1139962473618.6294,168991.94648100002,19.082271726117167
2.610549898167006,3.44,1.3838709677419354,-2.1322513089005235,-2.0561290322580645,2.46,115.03699932111338,138.2,78.65532286212915,81.24623655913979,-56.9537634408602,-59.544677137870835,0.5691412652831342,28978758058.690765,404749095358.4154,469872929665.42975,13.967095985917542,0.044669354463820504,0.0516033120597186,0.31568228105906315,0.07331975560081466,18.0,-1.213552207849263,1.1451061177537483,10.132790224032586,282.9910183299389,-2.659822289505301,14334.502500565737,7.0942408376963355,90.97802197802199,76.67015706806284,0.650390640876698,22150090955116.246,128086.24349635796,23.96533354482229
2.3152,3.44,1.2600000000000002,-2.3433333333333333,-2.1799999999999997,2.46,110.56,138.2,80.61666666666666,98.97999999999999,-39.22,-57.58333333333333,0.5833333333333334,28978758058.69077,186592428913.86893,273725097131.007,6.438938084784817,0.027023556909734587,0.04411579584262226,0.2,0.28,7.0,-1.3669444444444445,0.8088142490452876,38.696,271.9776,-1.5561064853855497,13286.602933333332,9.083333333333332,88.55555555555554,65.25,0.6730116670092565,747223949035.1819,1055378.1600000001,19.92795327525556
1.856153846153846,2.676666666666667,2.19,-1.5238095238095244,-0.48666666666666725,2.18,117.15384615384616,183.5,60.285714285714285,17.0,-166.5,-123.21428571428572,0.3285325029194239,11307150525.032303,5666901083931.938,38922178734970.945,501.17853046939507,0.05471521942110178,0.29411764705882354,0.07692307692307693,0.46153846153846156,2.0,-0.5006209568295985,2.6999924583748234,84.6923076923077,255.39538461538464,-6.74169667867147,17666.73076923077,0.0,103.57142857142857,12.857142857142856,0.0,0.0,0.0,15.903303281691851
2.3169565217391304,3.44,1.2260000000000002,-2.348181818181818,-2.2139999999999995,2.46,111.62173913043478,138.2,82.62727272727273,100.78,-37.41999999999999,-55.57272727272726,0.5978818576503092,28978758058.690765,168638387826.7376,221778682708.2984,5.81937940491424,0.02620783193346449,0.03987945247584411,0.21739130434782608,0.2608695652173913,7.0,-1.403935307555226,0.7648766727268691,36.052173913043475,274.58947826086956,-1.4564406964478946,13470.98188405797,8.909090909090908,90.70588235294119,66.36363636363636,0.9502705392332347,546989944005.114,686605.8400000001,20.445191652913408
2.642515592515592,3.44,1.3515060240963854,-2.119281767955801,-2.0884939759036145,2.49,117.52557172557171,138.2,83.25856353591159,84.68253012048191,-53.517469879518075,-54.9414364640884,0.602449808508767,28978758058.690765,414107220428.9657,440289667266.634,14.29002649424358,0.04614268377747827,0.048973515310249065,0.34511434511434513,0.03118503118503118,18.0,-1.2767608952810934,1.155033033989929,4.309771309771309,292.6386735966736,-2.535145329042845,14837.53404019404,7.850828729281767,93.52789699570815,84.96685082872928,0.8851150239933931,31783616820177.348,147333.9884235738,25.959160057098273
2.3526086956521737,3.44,1.3900000000000001,-2.2736363636363635,-2.05,2.49,112.28985507246377,138.2,84.02424242424242,103.85333333333332,-34.346666666666664,-54.17575757575757,0.6079901767311319,28978758058.690765,162636509611.33612,208574550634.41504,5.6122663808417155,0.026033277191263752,0.039495432043002474,0.21739130434782608,0.2608695652173913,7.0,-1.3823485745496007,0.7491382762166385,36.052173913043475,279.6017391304348,-1.410372514016404,13613.635942028983,10.181818181818183,93.3529411764706,66.36363636363637,1.0549201679861442,127169157215328.83,89395.54240000002,20.90557706173926
2.2848936170212766,3.44,1.209,-2.3604347826086958,-2.231,2.46,110.87446808510637,138.2,82.36086956521739,101.67999999999999,-36.519999999999996,-55.839130434782604,0.5959541936701692,28978758058.690765,155420316036.23718,195805475496.9441,5.363249719724495,0.02479153915291926,0.03776128079245503,0.2127659574468085,0.2765957446808511,7.0,-1.4067110075805864,0.7294280187369824,38.225531914893615,272.75119148936164,-1.3843379884388782,13309.455673758863,8.043478260869566,91.02941176470588,61.95652173913044,0.8979457248567797,323201429960.7137,461712.36000000004,19.691566200277112
1.495,3.04,1.9137999999999997,-2.06,-1.5165,2.06,87.125,146.0,67.5,39.480000000000004,-102.20999999999998,-78.5,0.4623287671232877,36866897357.61785,124354808758.77034,21569626083373.28,3.3730749716337267,0.014814814814814815,0.19369623478000114,0.0,0.75,16.0,-0.9523972602739726,0.5280259941405739,109.5,179.4775,-1.162962962962963,8746.1875,0.0,71.0,9.0,0.0,0.0,0.0,8.272761233921429
2.8358510638297876,3.44,2.0540000000000003,-1.6702941176470585,-1.3859999999999997,2.46,102.29255319148936,138.2,38.9264705882353,28.64,-109.55999999999999,-99.27352941176468,0.28166765982804126,28978758058.690765,17618259587659.277,23916065308063.46,607.9715201036898,0.15665578320911552,0.2077185318310638,0.26595744680851063,0.09574468085106384,15.0,-0.47046783534219,2.783883235602492,13.231914893617022,251.63968085106382,-15.551772501933161,12899.445744680852,1.764705882352941,78.48235294117649,33.79411764705882,0.942216333812959,1356865698239.4272,154529.82891456003,18.482384186322253
2.838586956521739,3.44,1.9156000000000002,-1.7290624999999997,-1.5243999999999998,2.46,105.05434782608695,138.2,42.90625,36.019999999999996,-102.17999999999999,-95.29374999999999,0.31046490593342985,28978758058.690765,18458299110782.516,23591803515349.16,636.9596334459492,0.1599592948435476,0.20059974925159277,0.2717391304347826,0.07608695652173914,15.0,-0.536813226415521,2.804111910314678,10.515217391304347,258.4336956521739,-15.243121052997312,13309.85081521739,0.5625,79.87058823529412,38.84375,0.8731726364245316,58666965947061.11,614127.3496,18.811496925209802
2.250714879467997,3.44,1.19068,-2.372653399668325,-2.24932,2.46,110.09671654197838,138.2,82.13325041459369,102.7954,-35.40459999999999,-56.0667495854063,0.5943071665310687,28978758058.690765,142251858630.89203,167522493050.3278,4.908832129478735,0.02335051344381349,0.035402919907959615,0.20781379883624274,0.29343308395677475,7.0,-1.4100849191171896,0.6909781805032836,40.55245220282627,270.8379226932668,-1.3091873899449542,13141.003843862565,7.208955223880597,91.41294117647058,57.67330016583749,0.7269085342811632,103439732168.60779,206667.64929600002,18.946576028156688
1.8407692307692307,2.643333333333333,2.19,-1.4904761904761903,-0.45333333333333314,1.98,118.3076923076923,186.0,60.285714285714285,17.0,-169.0,-125.71428571428572,0.3241167434715822,11078757388.627398,5666901083931.938,38922178734970.945,511.5105318353793,0.05471521942110178,0.29411764705882354,0.07692307692307693,0.46153846153846156,2.0,-0.4830882890790725,2.708854580122278,85.84615384615385,234.24923076923076,-6.878484727224224,18101.73076923077,0.0,105.71428571428571,12.857142857142856,0.0,0.0,0.0,16.92913193567327
2.845464480874317,3.44,1.9036000000000002,-1.7269841269841266,-1.5363999999999998,2.46,105.77540983606558,138.2,44.01428571428571,37.907999999999994,-100.292,-94.18571428571428,0.3184825304941079,28978758058.690765,18749689209119.152,23592276153212.848,647.0149331846917,0.16215460935694107,0.20046295593789384,0.273224043715847,0.07103825136612021,15.0,-0.5500142748850624,2.810914304354738,9.817486338797814,260.20750819672134,-15.272647707004463,13467.17761384335,1.5396825396825395,80.24117647058824,43.12698412698413,0.8420953021316528,71451211122402.19,576846.4439999999,19.27392070988778
1.8885542168674698,2.58,2.121,-1.334651162790698,-0.4590000000000001,1.6,119.4397590361446,184.0,59.38372093023256,32.6,-151.4,-124.61627906976744,0.3227376137512639,12278644599.949677,6464092947221.893,27385228804150.2,526.4500405238853,0.06329361539020731,0.2232736572890026,0.12048192771084339,0.3975903614457832,13.0,-0.4307421314694196,2.7213571634526006,73.15662650602411,191.10361445783136,-7.887414838800602,18324.1234939759,1.3953488372093024,106.46000000000001,19.74418604651163,0.6108643020548934,3649112733963.632,7404.878963999998,18.241789164384187
2.3152173913043477,3.44,1.218,-2.3518181818181816,-2.222,2.55,112.4679089026915,138.2,84.3965367965368,104.67238095238095,-33.52761904761904,-53.803463203463195,0.6106840578620608,28978758058.690765,188225636844.51514,264870630547.40887,6.495296881367421,0.027074237446769026,0.04178554460511409,0.21739130434782608,0.2608695652173913,7.0,-1.436217870626501,0.8125990062162839,36.052173913043475,286.7931677018633,-1.4566877382290626,13743.11735778369,9.818181818181818,91.76470588235296,70.36363636363637,1.0549201679861442,92429088954383.39,1126093.36,21.052697487248132
2.853825136612022,3.44,1.9342,-1.7026984126984124,-1.5058,2.46,104.58333333333334,138.2,40.551587301587304,33.544999999999995,-104.655,-97.64841269841268,0.2934268256265362,28978758058.690765,18801669945570.926,23657771881142.082,648.8086862622562,0.16404259589048656,0.2028418189701612,0.273224043715847,0.07103825136612021,15.0,-0.49961739023743706,2.812116655584286,9.817486338797814,257.27500000000003,-16.018499103633168,13270.226707650274,0.5396825396825397,79.46470588235294,37.98412698412699,0.8420953021316528,50315704950021.03,572202.28233876,18.763058445135815
1.856153846153846,2.676666666666667,2.19,-1.5238095238095244,-0.48666666666666725,2.18,117.15384615384616,183.5,60.285714285714285,17.0,-166.5,-123.21428571428572,0.3285325029194239,11307150525.032303,5666901083931.938,38922178734970.945,501.17853046939507,0.05471521942110178,0.29411764705882354,0.07692307692307693,0.46153846153846156,2.0,-0.5006209568295985,2.6999924583748234,84.6923076923077,255.39538461538464,-6.74169667867147,17666.73076923077,0.0,103.57142857142857,12.857142857142856,0.0,0.0,0.0,15.903303281691851
2.327608695652174,3.44,1.2481818181818183,-2.3259090909090907,-2.1918181818181814,2.46,111.73043478260868,138.2,82.85454545454546,98.2090909090909,-39.990909090909085,-55.34545454545453,0.5995263781081438,28978758058.690765,171590732134.83133,218826655510.8923,5.921259005900395,0.026110905709693436,0.03740699660457206,0.2391304347826087,0.2391304347826087,7.0,-1.3944438530815326,0.7724140582738845,33.04782608695652,274.8568695652174,-1.4451199450964871,13494.025362318838,8.363636363636363,92.31428571428572,64.86363636363636,0.9164648855394713,38581108100742.695,322799.79571074375,20.866058971081827
2.281186440677966,3.44,1.2175999999999998,-2.357586206896552,-2.2224000000000004,2.46,110.24117231638417,138.2,81.31824712643679,99.55833333333334,-38.64166666666665,-56.8817528735632,0.5884098923765325,28978758058.690765,155574762535.62112,196785101521.06415,5.368579364945009,0.024783670559314994,0.03794256014205523,0.211864406779661,0.2796610169491525,7.0,-1.3872270462683975,0.729859377768476,38.649152542372875,271.193283898305,-1.4097386240547594,13173.169520951033,7.448275862068964,90.88823529411766,59.22413793103447,1.1435093617443144,1010677179264.1039,389948.7664000001,19.364010619383667
1.798490566037736,2.5933333333333333,2.145,-1.4526436781609195,-0.44833333333333325,1.6800000000000002,119.70754716981132,190.0,61.53448275862069,24.25,-165.75,-128.4655172413793,0.3238656987295826,10830828501.851728,4187830101126.747,29584550678426.6,386.6583337009501,0.04619585632020591,0.24232736572890023,0.07547169811320754,0.4716981132075472,2.0,-0.4704614598326971,2.587327375024433,89.62264150943396,201.10867924528304,-5.934574576583693,18634.13679245283,0.34482758620689663,108.78571428571428,13.689655172413795,0.5623351446188083,590211057246.9097,149890.27687500004,17.517666436897326
2.250833333333333,3.44,1.176,-2.3783333333333334,-2.2640000000000002,2.55,111.78015873015873,138.2,85.36031746031746,110.36476190476189,-27.835238095238097,-52.83968253968253,0.6176578687432523,28978758058.690765,179213706760.8705,256016163963.8108,6.184312881798055,0.025081680878477775,0.03945529336760591,0.20833333333333334,0.2916666666666667,7.0,-1.4689962978277018,0.7912914536465198,40.30833333333333,285.03940476190473,-1.3253080551803913,13676.252713529855,8.916666666666666,93.47058823529412,65.25,1.0549201679861442,141526803955794.97,1193828.64,20.09196301040283
2.8637362637362638,3.44,1.9328,-1.6916129032258063,-1.5071999999999999,2.46,104.8653846153846,138.2,40.346774193548384,33.830000000000005,-104.36999999999998,-97.8532258064516,0.2919448205032445,28978758058.690765,19095353841408.188,23648393609244.05,658.9431404456433,0.1664696703854889,0.20286683572245068,0.2747252747252747,0.06593406593406594,15.0,-0.4938576253932303,2.8188479413678014,9.112087912087912,257.96884615384613,-16.289594246156817,13326.463873626371,0.5806451612903226,79.5058823529412,38.903225806451616,0.8030448563658357,52079103972691.0,593192.4167865601,18.92537838708905
2.3185714285714285,3.16,1.63,-1.9633333333333336,-1.5300000000000002,2.18,134.0,181.0,71.33333333333333,79.0,-102.0,-109.66666666666667,0.39410681399631675,6449680150.445433,134616400704.74187,155139584596.68484,20.871794812250478,0.018315361775277386,0.02531645569620253,0.14285714285714285,0.2857142857142857,6.0,-0.7737630448127687,1.319559796623719,51.71428571428571,292.12,-2.0085846746887532,20913.92857142857,1.0,103.60000000000001,27.333333333333332,0.0,0.0,0.0,23.430938434237408
2.6314639175257737,3.44,1.3784810126582276,-2.1196756756756754,-2.0615189873417723,2.46,115.94343642611683,138.2,79.8517117117117,81.96244725738396,-56.23755274261603,-58.34828828828829,0.577798203413254,28978758058.690765,412931416250.607,462245140315.6677,14.24945180239594,0.04580629628236546,0.05110230893821272,0.3257731958762887,0.055670103092783516,18.0,-1.2247447972241805,1.1537981567112654,7.693608247422681,285.2208536082474,-2.672718980902208,14514.832332187856,7.664864864864865,91.4890829694323,81.05405405405405,0.6573879873908817,22479675635756.75,129992.11664797309,24.79079229345515
1.8234615384615382,2.6058333333333334,2.19,-1.4529761904761906,-0.4158333333333335,1.98,119.6923076923077,189.0,60.285714285714285,17.0,-172.0,-128.71428571428572,0.31897203325774753,10892810723.545645,5666901083931.938,38922178734970.945,520.2423164925191,0.05471521942110178,0.29411764705882354,0.07692307692307693,0.46153846153846156,2.0,-0.4634587697512868,2.7162056747951646,87.23076923076924,236.99076923076922,-7.04263038548753,18677.730769230773,0.0,107.75,12.857142857142856,0.0,0.0,0.0,17.387036219291893
2.587701612903226,3.44,1.3379518072289158,-2.1568367346938775,-2.1020481927710843,2.49,116.32620967741934,138.2,82.84591836734694,85.61927710843374,-52.58072289156625,-55.35408163265305,0.59946395345403,28978758058.690765,389423163779.5226,437327083361.58624,13.438228201181799,0.04299872211186863,0.04809219933422775,0.3346774193548387,0.06048387096774193,18.0,-1.2929458759344727,1.1283420117851588,8.358870967741934,289.65226209677417,-2.3801547738801396,14604.452163978494,6.408163265306123,94.23605150214593,75.78571428571428,0.945965970084894,39877753161943.305,160325.96603280594,24.598809149318242
2.853825136612022,3.44,1.9342,-1.7026984126984124,-1.5058,2.46,104.58333333333334,138.2,40.551587301587304,33.544999999999995,-104.655,-97.64841269841268,0.2934268256265362,28978758058.690765,18801669945570.926,23657771881142.082,648.8086862622562,0.16404259589048656,0.2028418189701612,0.273224043715847,0.07103825136612021,15.0,-0.49961739023743706,2.812116655584286,9.817486338797814,257.27500000000003,-16.018499103633168,13270.226707650274,0.5396825396825397,79.46470588235294,37.98412698412699,0.8420953021316528,50315704950021.03,572202.28233876,18.763058445135815
2.2114285714285713,3.44,1.9149999999999998,-2.2631578947368425,-1.5250000000000001,2.46,97.21285714285713,138.2,62.69736842105263,44.6875,-93.51249999999999,-75.50263157894736,0.45367126209155306,28978758058.690765,495065762902.76306,1885231840942.7354,17.083746718893366,0.03188374599698321,0.0958922379301147,0.11428571428571428,0.42857142857142855,14.0,-1.0267296984177254,1.232583124016646,59.22857142857142,239.14362857142854,-2.407306727366961,10912.575785714283,1.736842105263158,74.65,20.57894736842105,0.5623351446188083,25948465104138.41,177001.22999999998,13.163145654228998
1.872142857142857,2.58,2.074,-1.3513636363636365,-0.5060000000000002,1.6,117.72619047619047,184.0,57.477272727272734,23.400000000000002,-160.6,-126.52272727272727,0.3123764822134388,12278644599.949677,5790651864444.596,25056061853776.402,471.60350780641767,0.06257404706602568,0.2249554367201426,0.11904761904761905,0.40476190476190477,21.0,-0.42213421891843345,2.6735770267354035,74.47619047619048,188.36190476190475,-7.917039091285567,18038.60119047619,0.0,105.0,15.136363636363637,0.6730116670092565,234820391416.1032,450258.74159999995,17.108354240948575
1.908,3.3,1.9137999999999997,-2.32,-1.5165,2.46,104.34,159.6,67.5,39.480000000000004,-102.20999999999998,-92.1,0.42293233082706766,17714219104.5681,124354808758.77034,21569626083373.28,7.020055923701543,0.014814814814814815,0.19369623478000114,0.0,0.6,1.0,-0.9812030075187969,0.8463405718532024,95.75999999999999,256.6764,-1.3644444444444443,13105.798,0.0,81.0,9.0,0.0,0.0,0.0,11.365919192269052
2.853825136612022,3.44,1.9342,-1.7026984126984124,-1.5058,2.46,104.58333333333334,138.2,40.551587301587304,33.544999999999995,-104.655,-97.64841269841268,0.2934268256265362,28978758058.690765,18801669945570.926,23657771881142.082,648.8086862622562,0.16404259589048656,0.2028418189701612,0.273224043715847,0.07103825136612021,15.0,-0.49961739023743706,2.812116655584286,9.817486338797814,257.27500000000003,-16.018499103633168,13270.226707650274,0.5396825396825397,79.46470588235294,37.98412698412699,0.8420953021316528,50315704950021.03,572202.28233876,18.763058445135815
1.8679999999999999,3.2,1.9137999999999997,-2.22,-1.5165,2.46,107.34,167.1,67.5,39.480000000000004,-102.20999999999998,-99.6,0.40394973070017953,17029039695.353384,124354808758.77034,21569626083373.28,7.302514468429028,0.014814814814814815,0.19369623478000114,0.0,0.6,1.0,-0.8967684021543987,0.8634724261115462,100.25999999999999,264.0564,-1.4755555555555555,14236.798,0.0,88.5,9.0,0.0,0.0,0.0,13.371732193392813
1.856153846153846,2.676666666666667,2.19,-1.5238095238095244,-0.48666666666666725,2.18,117.15384615384616,183.5,60.285714285714285,17.0,-166.5,-123.21428571428572,0.3285325029194239,11307150525.032303,5666901083931.938,38922178734970.945,501.17853046939507,0.05471521942110178,0.29411764705882354,0.07692307692307693,0.46153846153846156,2.0,-0.5006209568295985,2.6999924583748234,84.6923076923077,255.39538461538464,-6.74169667867147,17666.73076923077,0.0,103.57142857142857,12.857142857142856,0.0,0.0,0.0,15.903303281691851
2.254166666666667,3.44,1.1920000000000002,-2.3716666666666666,-2.2479999999999998,2.46,110.15833333333332,138.2,82.11666666666666,102.58,-35.61999999999999,-56.08333333333333,0.594187168355041,28978758058.690765,143303750228.27844,169832268285.58978,4.945130841633894,0.023493270770752795,0.035643109109065964,0.20833333333333334,0.2916666666666667,7.0,-1.4092139009487057,0.6941777869438869,40.30833333333333,270.98949999999996,-1.317580935726386,13154.65972222222,7.25,91.3529411764706,57.916666666666664,0.6730116670092565,16965241563.40223,209814.0,18.995422409020712
2.8601075268817207,3.44,2.07,-1.634242424242424,-1.37,2.46,102.66397849462365,138.2,38.053030303030305,28.630000000000003,-109.57,-100.14696969696968,0.27534754199008904,28978758058.690765,18160860591648.03,23932542442172.59,626.6956145900658,0.1616234385202842,0.2086021981060344,0.2688172043010753,0.08602150537634409,15.0,-0.4499846345310758,2.7970566556605596,11.888172043010753,252.55338709677417,-16.186097599810946,12988.909543010752,2.121212121212121,78.43529411764706,35.39393939393939,0.9173573878312138,1213412895790.958,164233.03669344005,18.87801503499444
2.316521739130435,3.44,1.224,-2.349090909090909,-2.216,2.55,112.07453416149066,138.2,83.57402597402597,102.86285714285714,-35.33714285714285,-54.62597402597402,0.6047324600146597,28978758058.690765,188747746134.00583,266019270984.28842,6.513313847050811,0.027160511358264715,0.04197534721040459,0.21739130434782608,0.2608695652173913,7.0,-1.420571524252619,0.8138020053594637,36.052173913043475,285.79006211180115,-1.4836693879887406,13634.246215123729,9.363636363636363,91.55882352941177,68.36363636363637,1.1935496040981333,52952085101392.625,1116386.36,20.848043298803283
2.7422222222222223,3.44,1.42,-2.0933333333333333,-2.02,2.46,117.8259259259259,138.2,77.07777777777777,78.99333333333333,-59.20666666666666,-61.12222222222222,0.5577263225598971,28978758058.690765,420148721196.5066,479307503684.05383,14.49850681473575,0.054981172489832,0.06301444402483544,0.2777777777777778,0.05555555555555555,18.0,-1.167507101892051,1.161323277027195,7.677777777777777,289.8517777777777,-3.3605714429618425,14830.23320987654,18.833333333333332,85.94117647058823,121.5,0.5004024235381879,498149299356.78796,703585.4400000001,29.52568525551385
2.61,3.418461538461538,2.04,-1.7639160839160835,-1.3784615384615382,2.46,89.64166666666665,141.4923076923077,28.363636363636363,6.0,-135.4923076923077,-113.12867132867133,0.2004606245119456,27245752065.748817,338068616110858.1,531179622569200.6,12408.122018252196,0.32356902356902356,0.5,0.2916666666666667,0.16666666666666666,3.0,-0.35359571976848353,4.093706055565789,23.58205128205128,220.51849999999996,-36.60493371947917,11684.536666666665,0.0,72.5,13.454545454545455,0.0,0.0,0.0,12.83517934680498
1.7947368421052632,2.5933333333333333,2.1359999999999997,-1.4549771689497717,-0.4573333333333336,1.6800000000000002,119.6203007518797,190.0,61.773972602739725,25.699999999999996,-164.3,-128.22602739726028,0.325126171593367,10830828501.851728,3904172652369.5864,27717025067117.727,360.4685137154648,0.04456200586249986,0.23196930946291558,0.07518796992481203,0.47368421052631576,2.0,-0.4730511566963948,2.5568673358603697,90.0,200.96210526315792,-5.71400898460178,18588.080827067668,0.410958904109589,108.85714285714286,13.849315068493151,0.6108643020548935,661036384116.5388,167877.11010000002,17.512834022140947
1.753404255319149,2.58,1.8499999999999999,-1.438888888888889,-0.7300000000000002,1.6,114.79787234042551,184.0,63.53703703703704,46.099999999999994,-137.9,-120.46296296296296,0.3453099838969404,12278644599.949677,361862282637.18964,1406895167702.2346,29.470865427497813,0.026537971143446182,0.07811985898942421,0.10638297872340426,0.46808510638297873,20.0,-0.49686269905170877,1.4693928893235664,86.12765957446808,183.67659574468084,-3.1968426349651375,16765.60904255319,1.1111111111111112,106.92,17.11111111111111,0.6730116670092565,344804189618.8247,18538.82037600001,16.38386647151532
2.27864406779661,3.44,1.2056,-2.362758620689655,-2.2344,2.46,110.72881355932202,138.2,82.31034482758622,101.86,-36.33999999999999,-55.88965517241377,0.5955886022256601,28978758058.690765,152913440351.83194,190610834054.67325,5.2767423656367844,0.02452293190143654,0.03733764645577722,0.211864406779661,0.2796610169491525,7.0,-1.4072321042931804,0.722365890479243,38.649152542372875,272.39288135593216,-1.3705782077878734,13277.971751412428,7.8793103448275845,91.09411764705882,61.120689655172406,0.8731726364245317,268550006229.48425,413493.07840000006,19.547940637156557
2.6058921161825728,3.44,1.2972222222222223,-2.209010989010989,-2.142777777777778,2.49,117.61549100968186,138.2,83.68498168498168,87.95601851851852,-50.24398148148147,-54.51501831501831,0.6055353233356128,28978758058.690765,330687383413.3697,385136257280.55566,11.411371831174668,0.04432443314110728,0.05211169353276779,0.2987551867219917,0.07883817427385892,18.0,-1.3376341834826908,1.0573378567667435,10.895435684647301,292.8625726141079,-2.416347284490268,14783.355578607652,14.917582417582416,92.23873873873876,105.17582417582418,1.0060087993723077,10512336854618.13,966555.2469135805,28.918476754977405
2.284723404255319,3.44,1.2082000000000002,-2.360782608695652,-2.2318,2.55,110.95728470111449,138.2,82.53010351966873,102.06923809523808,-36.13076190476191,-55.66989648033126,0.5971787519512933,28978758058.690765,157293878985.76373,200114670280.85513,5.42790269573306,0.024874412723757084,0.03795189000538203,0.2127659574468085,0.2765957446808511,7.0,-1.409809211889188,0.7346320535999001,38.225531914893615,282.94107598784194,-1.3847559813405916,13336.09020948521,8.130434782608697,91.13529411764706,62.33913043478261,1.005044235436352,10934376324319.436,513545.2836,19.748079172974165
2.2877106382978725,3.44,1.2111450381679392,-2.354678260869565,-2.2288549618320608,2.46,110.84893617021275,138.2,82.30869565217391,100.0,-38.19999999999999,-55.89130434782608,0.595576668973762,28978758058.690765,165735617540.30527,215171469252.59702,5.719210506007208,0.024915117726403313,0.03698151013604911,0.22297872340425534,0.2663829787234043,7.0,-1.4023914351136266,0.7573360818439004,36.81412765957447,272.6883829787234,-1.3925384277083241,13312.91843971631,7.565217391304349,91.82134570765662,60.606956521739136,0.8281491124988698,21443545148988.555,217745.14571848963,19.677664823215224
2.365111111111111,3.44,1.3090000000000002,-2.3033333333333332,-2.131,2.46,111.91611111111109,138.2,81.87738095238095,97.6925,-40.50749999999999,-56.32261904761904,0.5924557232444353,28978758058.690765,212956388557.7,310418126336.5227,7.348706529327406,0.028929792992713626,0.04445626898840231,0.2222222222222222,0.24444444444444444,7.0,-1.364623015873016,0.8662109041712398,33.78222222222222,275.31363333333326,-1.6294017098550884,13574.291898148147,8.809523809523808,90.1764705882353,61.738095238095234,0.8237197315118312,36504212690823.875,620781.1079687501,20.39504667845249
1.8398461538461537,2.6413333333333333,2.19,-1.4884761904761905,-0.45133333333333336,1.98,118.73846153846155,186.9333333333333,60.285714285714285,17.0,-169.9333333333333,-126.64761904761903,0.3224984715712248,10917108015.912323,5666901083931.938,38922178734970.945,519.0844567693293,0.05471521942110178,0.29411764705882354,0.07692307692307693,0.46153846153846156,2.0,-0.4800312963987307,2.7152380247556076,86.27692307692307,235.10215384615387,-6.929552265350584,18266.284615384615,0.0,106.45714285714286,12.857142857142856,0.0,0.0,0.0,17.40512012012803
2.853825136612022,3.44,1.9342,-1.7026984126984124,-1.5058,2.46,104.58333333333334,138.2,40.551587301587304,33.544999999999995,-104.655,-97.64841269841268,0.2934268256265362,28978758058.690765,18801669945570.926,23657771881142.082,648.8086862622562,0.16404259589048656,0.2028418189701612,0.273224043715847,0.07103825136612021,15.0,-0.49961739023743706,2.812116655584286,9.817486338797814,257.27500000000003,-16.018499103633168,13270.226707650274,0.5396825396825397,79.46470588235294,37.98412698412699,0.8420953021316528,50315704950021.03,572202.28233876,18.763058445135815
2.8659340659340664,3.44,1.9408,-1.6851612903225808,-1.4991999999999999,2.46,104.95604395604396,138.2,40.612903225806456,34.160000000000004,-104.03999999999999,-97.58709677419353,0.2938705009103217,28978758058.690765,19080806498559.758,23630354904111.996,658.4411402281403,0.1661529286659653,0.20247407599024142,0.2747252747252747,0.06593406593406594,15.0,-0.4952191925017808,2.818516958315815,9.112087912087912,258.19186813186815,-16.214381929041227,13335.5978021978,0.903225806451613,79.5058823529412,39.80645161290323,0.8030448563658357,51977552941568.2,608107.8141830398,19.123855055385707
2.8497790055248617,3.44,1.8446,-1.7513114754098362,-1.5954,2.46,106.4157458563536,138.2,43.88934426229508,38.695,-99.505,-94.3106557377049,0.3175784678892553,28978758058.690765,19302432560483.44,23521609665862.87,666.0890201502137,0.1654903502689602,0.19863896806887218,0.27624309392265195,0.06077348066298342,15.0,-0.556178815157527,2.8235322747806,8.398895027624308,261.78273480662983,-15.607503452128105,13549.249240331492,6.950819672131147,80.84117647058824,65.22950819672131,0.7524177643476055,161287214669877.8,1122657.6196,22.007571208366
1.8105992509363298,2.643333333333333,2.0885,-1.512517006802721,-0.5548333333333333,1.98,117.39513108614231,186.0,61.39115646258504,22.6,-163.4,-124.60884353741497,0.33005998098163997,11078757388.627398,3752242108781.4844,26789326463925.72,338.6879933514248,0.04458160368524514,0.23360071301247773,0.0749063670411985,0.4756554307116105,2.0,-0.49922133449971307,2.5297998009739833,88.47191011235955,232.44235955056178,-5.555262078261754,17767.579588014985,0.0,105.96428571428571,12.6734693877551,0.6474466390346325,222590162696.51453,426807.765475,16.495614769553697
2.3178260869565217,3.44,1.23,-2.346363636363636,-2.21,2.49,111.68115942028984,138.2,82.75151515151515,101.05333333333333,-37.14666666666666,-55.44848484848484,0.5987808621672588,28978758058.690765,189269855423.49655,267167911421.1679,6.531330812734201,0.02724678526976039,0.04216514981569508,0.21739130434782608,0.2608695652173913,7.0,-1.4049576411397227,0.815001681388454,36.052173913043475,278.08608695652174,-1.5107929602002288,13525.375072463765,8.90909090909091,91.3529411764706,66.36363636363637,1.0549201679861442,7382102695578.573,1106629.36,20.645378562630448
2.059462081128748,2.58,1.9691760299625467,-1.1054119850187267,-0.6108239700374534,1.6,120.49955908289243,184.0,49.15074906367042,30.801498127340828,-153.19850187265916,-134.84925093632958,0.2671236362156001,12278644599.949677,11749965672284.729,23375576535810.688,956.9432176848644,0.0990177719027686,0.1832207289907224,0.23544973544973544,0.23544973544973544,22.0,-0.29528166895450675,2.980886168730079,43.32275132275132,192.7992945326279,-13.352472370472688,19343.25110229277,0.0,107.39561707035756,22.5,0.5633614718504291,10544087673368.123,68960.0270167908,21.866905527823203
2.8838888888888894,3.44,1.9300000000000002,-1.6683333333333332,-1.5099999999999998,2.46,105.43888888888888,138.2,39.916666666666664,34.4,-103.79999999999998,-98.28333333333333,0.2888326097443319,28978758058.690765,19712090022666.45,23629637065447.984,680.2254942307567,0.17156652682499385,0.20291686922702964,0.2777777777777778,0.05555555555555555,15.0,-0.481869070590127,2.8326529048625826,7.677777777777777,259.37966666666665,-16.862130144783144,13440.812777777775,0.6666666666666666,79.58823529411765,40.83333333333333,0.6730116670092565,55248708209701.625,632736.4055999999,19.259772348743912
2.8079787234042555,3.44,1.9492,-1.7473529411764703,-1.4908,2.46,103.86702127659575,138.2,43.27941176470589,34.559999999999995,-103.63999999999999,-94.9205882352941,0.31316506342044786,28978758058.690765,17384406882612.225,23598025629199.473,599.9017227516629,0.15108571192091858,0.20014323487911592,0.26595744680851063,0.09574468085106384,15.0,-0.5472098946414354,2.778080109112762,13.231914893617022,255.51287234042553,-14.341144649481778,13067.937765957447,0.9411764705882351,78.97647058823532,35.3235294117647,0.942216333812959,47793772105140.44,714921.8136,18.50629440091561
2.2901063829787236,3.44,1.2335,-2.349782608695652,-2.2065,2.46,110.76808510638297,138.2,82.14347826086956,101.17999999999999,-37.019999999999996,-56.05652173913043,0.5943811741018058,28978758058.690765,177027402917.21628,245501775323.19595,6.108867832040357,0.025364463393140285,0.03907900654496339,0.2127659574468085,0.2765957446808511,7.0,-1.3966665458405256,0.7859607290874052,38.225531914893615,272.4894893617021,-1.4218435935989464,13299.476950354607,7.630434782608696,91.13235294117648,59.6304347826087,0.8237197315118312,1182161357786.228,280915.44,19.41710747968583
2.282340425531915,3.44,1.197,-2.3656521739130434,-2.243,2.55,112.11671732522797,138.2,84.89937888198757,107.51857142857143,-30.681428571428555,-53.300621118012415,0.6143225678870302,28978758058.690765,183523760279.13535,260443397255.60986,6.33304435985297,0.026034642715486635,0.04062041898636,0.2127659574468085,0.2765957446808511,7.0,-1.4532735182057963,0.8016125300566715,38.225531914893615,285.8976291793313,-1.3876626273209751,13708.973709654072,9.347826086956522,92.61764705882354,67.69565217391303,1.0888999753452238,122300965205581.25,1160333.49,20.556504045969263
2.8479234972677596,3.44,1.9125999999999999,-1.71984126984127,-1.5274,2.46,105.07923497267761,138.2,41.9920634920635,35.36,-102.83999999999999,-96.2079365079365,0.3038499529092873,28978758058.690765,17128612526623.873,21549719533268.8,591.0747621389862,0.1558685631175233,0.19254253767622753,0.273224043715847,0.07103825136612021,15.0,-0.5225736888527187,2.771642416128162,9.817486338797814,258.4949180327869,-14.995792823993975,13308.278961748634,0.634920634920635,79.6764705882353,39.31746031746032,0.8680614510441254,54583515452764.64,631796.0791559999,18.909854352470855
2.32,3.44,1.24,-2.341818181818182,-2.2,2.46,110.79710144927535,138.2,80.90303030303029,96.98666666666665,-41.21333333333334,-57.2969696969697,0.5854054291102048,28978758058.690765,191425078025.15363,271909401144.81357,6.605703309902372,0.027509031299527465,0.04274209108118265,0.21739130434782608,0.2608695652173913,7.0,-1.3709130776253522,0.8199190637898776,36.052173913043475,272.56086956521733,-1.576184132762016,13314.674589371978,8.0,90.3529411764706,63.09090909090909,1.0549201679861442,2697479748415.537,1082522.1600000001,19.95507695188962
1.9026530612244898,2.58,1.9528571428571426,-1.3276,-0.6271428571428574,1.69,121.19241982507289,184.0,60.89714285714285,43.91836734693878,-140.0816326530612,-123.10285714285715,0.33096273291925465,12278644599.949677,6443772194911.55,22693702616447.27,524.7950734674705,0.0652246475941236,0.19484993188377472,0.14285714285714285,0.3673469387755102,13.0,-0.43938612422360246,2.7199897494317518,67.59183673469389,204.81518950437317,-8.029340474972598,18809.789462723864,1.6,108.25806451612902,23.119999999999997,0.9556998911125343,276748910840939.84,170388.07265306124,19.41107527354653
2.3847597254004573,3.44,1.2886000000000002,-2.3057,-2.1513999999999998,2.46,112.78718535469105,138.2,82.673,97.84599999999999,-40.354,-55.52699999999999,0.5982127351664255,28978758058.69076,221113261282.3808,317871713805.9913,7.630184179548325,0.029951349894946595,0.04508788497507839,0.22883295194508008,0.22883295194508008,7.0,-1.3792991034732272,0.8825350212046997,31.624713958810062,277.45647597254,-1.6631086056166993,13751.300839054156,9.055,90.54896142433233,64.185,0.7795654523164246,15179054258660.94,554832.3770999999,20.882221527825443
2.8546448087431693,3.44,1.9372,-1.7003174603174604,-1.5028,2.46,104.83333333333333,138.2,41.27777777777778,34.46,-103.73999999999998,-96.92222222222222,0.2986814600418074,28978758058.690765,18769932561215.93,23617782776854.793,647.7134914892188,0.16327667317334435,0.20187675634656202,0.273224043715847,0.07103825136612021,15.0,-0.507853301582197,2.81138294324549,9.817486338797814,257.89,-15.82513800101203,13297.164207650274,0.7777777777777778,79.35882352941178,38.6031746031746,0.8420953021316528,52505839554526.11,663898.6595999999,18.965932025457256
2.3854545454545457,3.44,1.2600000000000002,-2.32,-2.1799999999999997,2.46,113.2181818181818,138.2,83.24,98.97999999999999,-39.22,-54.959999999999994,0.6023154848046309,28978758058.690765,199039952944.88867,273725097131.007,6.868477680850658,0.02946530532871854,0.04411579584262226,0.22727272727272727,0.22727272727272727,7.0,-1.3973719247467438,0.8368604913437849,31.409090909090907,278.5167272727272,-1.6194131808663708,13816.060606060604,10.9,90.05882352941177,76.5,0.6730116670092565,747223949035.1819,1055378.1600000001,22.15324015262341
2.3231707317073176,3.44,2.154,-2.1804761904761905,-1.286,2.46,96.53658536585365,138.2,56.857142857142854,22.800000000000004,-115.39999999999998,-81.34285714285713,0.4114120322513955,28978758058.690765,7583336113753.223,31452076289735.47,261.6860287247186,0.07145067366721246,0.2526854219948849,0.12195121951219513,0.39024390243902446,14.0,-0.8970741407995905,2.4177805365117524,53.931707317073176,237.48,-5.812001940872967,11174.556097560973,0.47619047619047616,73.0,16.761904761904763,0.5004024235381879,503646768850.69635,127906.36960000002,12.781588651430347
2.2516666666666665,3.44,1.1800000000000002,-2.376666666666667,-2.26,2.46,109.65833333333332,138.2,81.11666666666666,100.17999999999999,-38.019999999999996,-57.08333333333333,0.5869512783405693,28978758058.690765,157886114401.0465,204829942300.2331,5.44833957622612,0.024205521483003506,0.03735251081846767,0.20833333333333334,0.2916666666666667,7.0,-1.3949875381894197,0.7362641678263984,40.30833333333333,269.75949999999995,-1.38173185132145,13079.65972222222,8.916666666666666,91.23529411764707,65.25,0.6730116670092565,418633431500.4536,413752.56,20.08819985349386
2.58,3.44,1.3933333333333333,-2.15,-2.046666666666667,2.46,113.66666666666666,138.2,76.86666666666666,79.98888888888888,-58.21111111111111,-61.33333333333333,0.5561987457790641,28978758058.690765,393536655415.95166,483263937635.01215,13.580176714920656,0.043065841858475395,0.052482850873028924,0.3,0.1,18.0,-1.1958273034249878,1.1329054213300183,13.82,279.61999999999995,-2.6413716339864908,14062.525777777775,6.25,90.11111111111111,70.25,0.6365141682948128,21501249906936.07,124334.22222222222,22.74487733338916
1.8839112177564485,2.58,2.1141,-1.3383852364475204,-0.4659,1.6,119.40881823635272,184.0,59.80911188004613,34.16,-149.84,-124.19088811995387,0.32504952108720725,12278644599.949677,6146772110329.556,26231533811068.125,500.60672904847723,0.06126797363769962,0.2161892583120205,0.11997600479904018,0.40011997600479904,13.0,-0.43504148013745514,2.699496683004887,73.62207558488302,191.05410917816437,-7.608924059375837,18282.405968806237,1.5224913494809689,106.64600000000002,20.100346020761243,0.6341786357122057,3841994407044.5664,7796.279709239998,18.25599170491026
1.8292307692307692,2.6183333333333336,2.19,-1.4654761904761908,-0.4283333333333337,1.98,119.23076923076923,188.0,60.285714285714285,17.0,-171.0,-127.71428571428572,0.32066869300911854,10954792945.239563,5666901083931.938,38922178734970.945,517.2987853133734,0.05471521942110178,0.29411764705882354,0.07692307692307693,0.46153846153846156,2.0,-0.46993233463598216,2.7137414586288418,86.76923076923077,236.07692307692307,-6.987915166066428,18485.73076923077,0.0,107.07142857142857,12.857142857142856,0.0,0.0,0.0,17.233041574859474
2.8449462365591396,3.44,2.0136,-1.6769696969696972,-1.4264000000000001,2.46,103.13172043010753,138.2,39.37121212121212,30.369999999999997,-107.82999999999998,-98.82878787878786,0.2848857606455291,28978758058.690765,18080784050954.39,23826841408456.992,623.9323305137965,0.15972881858757587,0.20610129979485942,0.2688172043010753,0.08602150537634409,15.0,-0.47774478770071466,2.795137490198323,11.888172043010753,253.70403225806453,-15.785805530320925,13038.724059139782,1.3939393939393938,78.82352941176472,35.39393939393939,1.108571657147346,23130504638519.645,320221.91359584004,18.62572188562661
2.8656043956043953,3.44,1.9396,-1.6861290322580647,-1.5004,2.46,105.23626373626372,138.2,41.435483870967744,35.18,-103.01999999999998,-96.76451612903224,0.29982260398674204,28978758058.690765,19065171688092.258,23610967739132.297,657.9016136398775,0.16558693280920295,0.2017722411278561,0.2747252747252747,0.06593406593406594,15.0,-0.5055395971092583,2.818160951595597,9.112087912087912,258.88120879120873,-16.022939430573096,13373.28736263736,1.2258064516129032,79.70588235294119,40.96774193548387,0.8030448563658357,51824982196617.49,602654.0676000001,19.22897061883584
1.9009756097560973,2.58,2.1319999999999997,-1.3257142857142858,-0.4480000000000004,1.6,118.56097560975608,184.0,56.238095238095234,20.2,-163.8,-127.76190476190476,0.30564182194616973,12278644599.949677,7711203733905.175,31989120294373.67,628.0175039789635,0.07308189268973583,0.2595365418894831,0.12195121951219512,0.39024390243902435,21.0,-0.4051937296657793,2.7979717484753093,71.80487804878048,189.69756097560975,-9.337081813645772,18347.926829268294,0.0,104.80000000000001,15.428571428571427,0.500402423538188,156546927610.7355,300172.49439999997,17.53076499271374
2.6611260330578514,3.44,1.423782991202346,-2.0487771739130434,-2.016217008797654,2.46,117.01503837072019,138.2,82.4743400621118,83.65999162128193,-54.540008378718056,-55.72565993788818,0.5967752537055847,28978758058.690765,408027893388.134,430488812112.45306,14.080240863385306,0.04552247143470114,0.04795386946618773,0.3522727272727273,0.02789256198347108,18.0,-1.2226595177481674,1.148610084120327,3.8547520661157026,287.8569943919717,-2.5367697627023844,14702.740435922302,9.059782608695652,92.54410201912859,85.99456521739131,0.880041738841591,21241846431352.99,132903.83528609318,26.667190012396123
2.7633333333333336,3.44,1.4577777777777778,-2.03,-1.982222222222222,2.51,117.67989417989416,138.2,76.63968253968254,77.65520282186948,-60.54479717813051,-61.56031746031745,0.5545563136011762,28978758058.690765,517592908410.742,561286030594.2944,17.86111424659606,0.058559662518016135,0.06342020115170516,0.30000000000000004,0.03333333333333333,18.0,-1.1257493166103876,1.2519085483965193,4.6066666666666665,295.37653439153434,-3.604951414978126,14860.020228017129,12.833333333333332,87.57471264367817,80.56666666666666,0.7273876291758028,19512090520234.805,652392.6744101509,26.14706464122391
2.878947368421053,3.44,1.9312000000000002,-1.673884297520661,-1.5087999999999997,2.46,105.3365650969529,138.2,40.15289256198347,34.41,-103.78999999999999,-98.04710743801652,0.2905419143414144,28978758058.690765,19548575091340.324,23627661350682.45,674.5829152425558,0.17012779189371585,0.20274351708028504,0.2770083102493075,0.05817174515235457,15.0,-0.4863335481876865,2.8290353378762476,8.039335180055401,259.1279501385041,-16.680537889995676,13416.539750692518,0.6859504132231404,79.55000000000001,40.446280991735534,0.7197744066642688,54795957799175.27,637958.6751,19.209802937649513
2.848804347826087,3.44,1.9532,-1.6996874999999998,-1.4868,2.46,104.53260869565217,138.2,41.40625,34.1,-104.1,-96.79374999999999,0.2996110709117222,28978758058.690765,18483915390863.63,23624592353852.984,637.8436009379043,0.16094127817710824,0.20185668791855038,0.2717391304347826,0.07608695652173914,15.0,-0.5092451920902678,2.8047142028961733,10.515217391304347,257.15021739130435,-15.578109844555469,13238.111684782609,0.875,79.23529411764707,38.84375,0.8731726364245316,49679648937385.78,613716.4696,18.90040573544991
2.2663025210084036,3.44,1.1988,-2.3672881355932205,-2.2412,2.46,110.44117647058823,138.2,82.21186440677965,102.22,-35.97999999999999,-55.988135593220335,0.5948760087321249,28978758058.690765,148027157238.16068,180221551170.1315,5.108126336482773,0.02399937539430921,0.03649037778242159,0.21008403361344538,0.2857142857142857,0.0,-1.4082429176206082,0.7082616298910693,39.48571428571428,271.68529411764706,-1.3436802837291797,13215.797619047618,7.559322033898306,91.22352941176472,59.49152542372883,0.8030448563658358,149353437844.6761,313813.9296,19.267380051495987
2.27864406779661,3.44,1.2056,-2.362758620689655,-2.2344,2.46,110.72881355932202,138.2,82.31034482758622,101.86,-36.33999999999999,-55.88965517241377,0.5955886022256601,28978758058.690765,152913440351.83194,190610834054.67325,5.2767423656367844,0.02452293190143654,0.03733764645577722,0.211864406779661,0.2796610169491525,0.0,-1.4072321042931804,0.722365890479243,38.649152542372875,272.39288135593216,-1.3705782077878734,13277.971751412428,7.8793103448275845,91.09411764705882,61.120689655172406,0.8731726364245317,268550006229.48425,413493.07840000006,19.547940637156557
2.8343243243243244,3.44,1.937,-1.7238461538461536,-1.503,2.46,104.02837837837838,138.2,40.94230769230769,32.975,-105.225,-97.2576923076923,0.2962540354002004,28978758058.690765,18241411436589.062,23676528424938.152,629.4752659739481,0.15941248454617438,0.20279178546558227,0.2702702702702703,0.08108108108108109,15.0,-0.5106963794860376,2.7989786700085086,11.205405405405406,255.9098108108108,-15.50409037199658,13159.576283783785,0.46153846153846156,79.38235294117649,36.23076923076923,0.8979457248567797,46431713096351.805,527785.7333609998,18.44773617613037
1.8840000000000001,2.58,2.1133333333333333,-1.3384615384615386,-0.4666666666666668,1.6,119.44,184.0,59.84615384615385,34.333333333333336,-149.66666666666666,-124.15384615384616,0.32525083612040134,12278644599.949677,6119506501776.774,26103345478503.453,498.3861575244107,0.06110418898142684,0.2154021028701336,0.12,0.4,13.0,-0.43533573449961416,2.697565971463613,73.60000000000001,191.104,-7.58632007815561,18286.94,1.5384615384615385,106.66666666666667,20.153846153846153,0.6365141682948128,3861494956575.2715,7835.8507555555525,18.269338548160913
2.6278189300411525,3.44,1.3802547770700637,-2.1221505376344085,-2.0597452229299362,2.46,115.73786008230454,138.2,79.50860215053764,81.72675159235668,-56.47324840764331,-58.69139784946235,0.5753155003656849,28978758058.690765,411682144802.6983,464755347001.89514,14.206341899432585,0.04558374889358512,0.05126718257692486,0.32304526748971196,0.05967078189300412,18.0,-1.220906098410447,1.1524822624865467,8.246502057613169,284.71513580246915,-2.6753739417833935,14474.59488340192,7.510752688172043,91.31947483588621,79.94086021505377,0.6551570100274259,22374419250797.61,129383.45571828473,24.573965883245357
1.8484615384615384,2.66,2.19,-1.5071428571428573,-0.4700000000000002,2.18,117.73076923076923,184.75,60.285714285714285,17.0,-167.75,-124.46428571428572,0.3263096849023777,11192953956.829851,5666901083931.938,38922178734970.945,506.2918248202067,0.05471521942110178,0.29411764705882354,0.07692307692307693,0.46153846153846156,2.0,-0.49179531081715505,2.7044009148169468,85.26923076923077,256.6530769230769,-6.810090702947847,17884.23076923077,0.0,104.64285714285714,12.857142857142856,0.0,0.0,0.0,16.408202810447797
2.349555555555556,3.44,1.239,-2.3366666666666664,-2.2009999999999996,2.55,112.83470899470898,138.2,83.84580498866212,101.82619047619048,-36.37380952380951,-54.354195011337865,0.6066990230728084,28978758058.690765,193375311178.02634,269297863839.20792,6.673002023978486,0.028212841200078324,0.04295067022386817,0.2222222222222222,0.24444444444444444,7.0,-1.4176533839134622,0.8243212565760155,33.78222222222222,287.72850793650787,-1.5334862724129645,13778.778501385737,10.333333333333332,90.91176470588236,73.28571428571428,0.9433483923290392,51911175202201.37,1091108.25,21.58373595214119
2.3152173913043477,3.44,1.218,-2.3518181818181816,-2.222,2.55,112.4679089026915,138.2,84.3965367965368,104.67238095238095,-33.52761904761904,-53.803463203463195,0.6106840578620608,28978758058.690765,188225636844.51514,264870630547.40887,6.495296881367421,0.027074237446769026,0.04178554460511409,0.21739130434782608,0.2608695652173913,7.0,-1.436217870626501,0.8125990062162839,36.052173913043475,286.7931677018633,-1.4566877382290626,13743.11735778369,9.818181818181818,91.76470588235296,70.36363636363637,1.0549201679861442,92429088954383.39,1126093.36,21.052697487248132
2.8974863387978145,3.44,2.094,-1.5758730158730156,-1.346,2.46,103.23633879781421,138.2,36.63888888888889,28.615000000000002,-109.58499999999998,-101.5611111111111,0.26511497025245223,28978758058.690765,19039357455248.867,23957258143336.293,657.0108151870553,0.16966630902408114,0.20992769751849036,0.273224043715847,0.07103825136612021,15.0,-0.4177875277248167,2.8175725186273604,9.817486338797814,253.96139344262295,-17.231498862606816,13126.771789617487,2.698412698412698,78.36470588235295,37.98412698412699,0.8420953021316528,989613587377.7837,178324.37785236002,19.504319824371745
1.7999999999999998,2.58,1.96,-1.4040000000000001,-0.6200000000000001,1.6,119.44444444444444,184.0,67.8,69.0,-115.0,-116.2,0.3684782608695652,12278644599.949677,192619640120.70865,465678965568.46185,15.687369933445105,0.023446054750402578,0.057971014492753624,0.1111111111111111,0.4444444444444444,4.0,-0.5173434782608696,1.195550138033321,81.77777777777777,191.11111111111111,-2.7244315619967794,17601.11111111111,4.0,110.80000000000001,27.2,0.0,0.0,0.0,18.78499839005281
2.2693684210526315,3.44,1.2005000000000001,-2.366170212765957,-2.2394999999999996,2.46,110.51263157894736,138.2,82.23617021276596,102.13,-36.06999999999999,-55.96382978723403,0.5950518828709549,28978758058.690765,149233133496.00293,182818871891.2669,5.149742207508018,0.024128593596068303,0.0367021949507605,0.21052631578947367,0.28421052631578947,7.0,-1.4079940402995508,0.7117854891074118,39.2778947368421,271.8610736842105,-1.3503285050157117,13231.24298245614,7.638297872340425,91.19117647058823,59.89361702127659,0.8237197315118312,180389295056.17178,339138.79000000004,19.33669903280714
2.8251366120218577,3.44,1.8292000000000002,-1.7860317460317459,-1.6107999999999998,2.46,106.46639344262296,138.2,46.02142857142858,40.437,-97.76299999999999,-92.17857142857142,0.3330059954517264,28978758058.690765,18676813723757.777,23500453041657.516,644.5001433785247,0.15959310003763985,0.19723545419557437,0.273224043715847,0.07103825136612021,15.0,-0.5947592794956865,2.80922301830462,9.817486338797814,261.90732786885246,-14.711063971326729,13527.635286885246,6.46031746031746,81.31764705882354,62.61904761904762,0.8420953021316528,169327765419231.97,1066475.7444,21.621736935438527
1.787313432835821,2.5933333333333333,2.118,-1.4595495495495494,-0.4753333333333334,1.6800000000000002,119.44776119402984,190.0,62.243243243243235,28.6,-161.4,-127.75675675675677,0.32759601706970126,10830828501.851728,3348357381156.232,23981973844499.99,309.15062320336517,0.04136054212780556,0.2112531969309463,0.07462686567164178,0.47761194029850745,2.0,-0.47814261914830897,2.4901701263112317,90.74626865671641,200.67223880597015,-5.284088719949646,18497.000000000004,0.5405405405405406,109.0,14.162162162162161,0.6730116670092565,755470153276.0444,191859.55440000002,17.503281305590132
1.8233333333333335,2.643333333333333,2.132,-1.5033333333333332,-0.511333333333333,1.98,117.78030303030305,186.0,60.93055555555556,20.200000000000003,-165.8,-125.06944444444444,0.3275836320191159,11078757388.627398,4550016681760.84,31989120294373.67,410.6973843864058,0.04880394357518541,0.2595365418894831,0.07575757575757576,0.4696969696969697,2.0,-0.4924673934687375,2.6135219369657343,87.36363636363637,233.20500000000004,-6.103882109646452,17908.617424242424,0.0,105.85714285714285,12.75,0.5004024235381879,156546927610.73547,300172.49439999997,16.677222126816478
2.3152173913043477,3.44,1.218,-2.3518181818181816,-2.222,2.55,112.4679089026915,138.2,84.3965367965368,104.67238095238095,-33.52761904761904,-53.803463203463195,0.6106840578620608,28978758058.690765,188225636844.51514,264870630547.40887,6.495296881367421,0.027074237446769026,0.04178554460511409,0.21739130434782608,0.2608695652173913,7.0,-1.436217870626501,0.8125990062162839,36.052173913043475,286.7931677018633,-1.4566877382290626,13743.11735778369,9.818181818181818,91.76470588235296,70.36363636363637,1.0549201679861442,92429088954383.39,1126093.36,21.052697487248132
1.8523255813953488,2.58,2.082,-1.360434782608696,-0.4980000000000002,1.6,117.83720930232558,184.0,60.304347826086946,34.4,-149.6,-123.69565217391306,0.3277410207939508,12278644599.949677,3686858415390.453,16511871399264.514,300.26591171191353,0.048511805478334995,0.1698209718670077,0.11627906976744186,0.4186046511627907,21.0,-0.44587028437577053,2.4775060308479033,77.0232558139535,188.53953488372093,-6.000699416776656,17815.31395348837,1.3043478260869565,105.80000000000001,18.52173913043478,0.6730116670092565,755470153276.0443,191859.55440000005,17.86079817004176
1.819056603773585,2.643333333333333,2.1175,-1.5064367816091953,-0.5258333333333329,1.98,117.65094339622641,186.0,61.08620689655172,21.0,-165.0,-124.91379310344828,0.32842046718576196,11078757388.627398,4280423895029.8857,30255855684224.355,386.36317638148125,0.04737708388824008,0.2508912655971479,0.07547169811320754,0.4716981132075472,2.0,-0.49474467160190755,2.5869957278459363,87.73584905660377,232.9488679245283,-5.918051254660335,17861.25,0.0,105.89285714285714,12.724137931034484,0.5623351446188083,183453430793.83066,351764.64187500003,16.616007566506614
2.3880365296803654,3.44,1.2924,-2.3038,-2.1475999999999997,2.46,112.77168949771689,138.2,82.512,97.524,-40.67599999999999,-55.68799999999999,0.5970477568740956,28978758058.690765,224154233625.11685,323953658491.4634,7.735122159864015,0.030187175335075745,0.04555953585533669,0.22831050228310504,0.22831050228310504,7.0,-1.3754786222865414,0.8884671768506309,31.552511415525114,277.41835616438357,-1.6810634200596977,13751.770243531202,9.07,90.38461538461539,64.09,0.7524177643476055,15429997157737.092,564009.0516,20.87162422297464
1.8727142857142858,2.58,2.0787999999999998,-1.3502727272727273,-0.5012000000000003,1.6,118.06904761904762,184.0,58.131818181818176,26.28,-157.72,-125.86818181818182,0.31593379446640313,12278644599.949677,5721720817782.483,24752765248463.11,465.9896107593124,0.06142420876203718,0.21989614818259318,0.11904761904761905,0.40476190476190477,13.0,-0.42659678629177145,2.668376234200303,74.47619047619048,188.9104761904762,-7.731353476498053,18073.57261904762,0.36363636363636365,105.41600000000001,16.3,0.8731726364245316,1280717338912.633,397661.07013504,17.344835600444874
2.048,2.9133333333333336,1.9137999999999997,-1.9333333333333336,-1.5165,2.06,71.45,170.66666666666666,67.5,39.480000000000004,-102.20999999999998,-103.16666666666666,0.3955078125,25775180908.865894,124354808758.77034,21569626083373.28,4.8245949930848395,0.014814814814814815,0.19369623478000114,0.0,0.3,11.0,-0.7646484375000001,0.6834608617936077,51.199999999999996,147.187,-1.528395061728395,10470.075,0.0,57.57142857142857,9.0,0.0,0.0,0.0,4.936456823815843
2.358888888888889,3.44,1.2810000000000001,-2.3166666666666664,-2.159,2.46,112.09333333333333,138.2,82.25714285714285,98.49,-39.709999999999994,-55.942857142857136,0.5952036386189787,28978758058.690765,210713387652.23544,305707824435.04706,7.271304975371167,0.0287813711956467,0.044144583214561765,0.2222222222222222,0.24444444444444444,7.0,-1.3788884294673005,0.8616123603422787,33.78222222222222,275.7496,-1.6101121371736067,13605.474148148147,8.595238095238095,90.47058823529412,61.738095238095234,0.8237197315118312,14660102155375.322,535936.3875,20.337168429910673
2.850628415300547,3.44,1.9224999999999999,-1.7119841269841267,-1.5175,2.46,104.99071038251365,138.2,41.734920634920634,35.035999999999994,-103.16399999999999,-96.46507936507936,0.3019892954769945,28978758058.690765,18777149641027.51,23626876297417.383,647.9625387326156,0.16324262969187525,0.20183386155991095,0.273224043715847,0.07103825136612021,15.0,-0.5170008803757339,2.811549898321218,9.817486338797814,258.2771475409836,-15.747213228991006,13328.155724043716,0.8015873015873016,79.79117647058825,39.507936507936506,0.8836841329652496,64755387488273.11,595411.84233219,18.947347277667845
2.8740331491712707,3.44,1.9324000000000001,-1.679344262295082,-1.5075999999999998,2.46,105.23480662983425,138.2,40.38524590163934,34.419999999999995,-103.78,-97.81475409836065,0.2922231975516595,28978758058.690765,19387740732658.89,23625685635916.918,669.0328375492435,0.16871264278098333,0.20257016493354044,0.27624309392265195,0.06077348066298342,15.0,-0.4907433501179016,2.825447434384334,8.398895027624308,258.8776243093923,-16.502585666906445,13392.400828729282,0.7049180327868853,79.51176470588237,40.0655737704918,0.7524177643476055,54341449642514.445,643169.5203999999,19.160238174293045
1.8860000000000001,2.58,2.13,-1.3346153846153845,-0.4500000000000002,1.6,118.52,184.0,58.07692307692308,26.666666666666668,-157.33333333333334,-125.92307692307692,0.31563545150501676,12278644599.949677,6204582466640.243,26472007992911.816,505.31493245318563,0.06333384338499429,0.22506393861892585,0.12,0.4,13.0,-0.4212519295086185,2.7035621321709424,73.60000000000001,189.632,-7.975192432402742,18181.14,0.7692307692307693,105.26666666666668,17.384615384615387,0.6365141682948128,699509401181.5226,177647.73555555558,17.913909051392793
2.609473684210527,3.44,1.3907975460122701,-2.114845360824742,-2.04920245398773,2.46,115.86518218623483,138.2,81.32680412371134,83.95644171779139,-54.243558282208596,-56.87319587628865,0.5884718098676653,28978758058.690765,372020840074.43353,419122968729.5596,12.837708204091376,0.04261241835486832,0.047899079150829416,0.32995951417004055,0.06275303643724697,18.0,-1.2445268770747717,1.1084875001227448,8.67246963562753,285.02834817813766,-2.4235044158587837,14468.793562753033,8.108247422680414,91.98056155507558,81.19072164948454,0.8665955442280453,27891012268113.363,128255.39275095037,25.073637802761123
2.8974863387978145,3.44,2.094,-1.5758730158730156,-1.346,2.46,103.23633879781421,138.2,36.63888888888889,28.615000000000002,-109.58499999999998,-101.5611111111111,0.26511497025245223,28978758058.690765,19039357455248.867,23957258143336.293,657.0108151870553,0.16966630902408114,0.20992769751849036,0.273224043715847,0.07103825136612021,15.0,-0.4177875277248167,2.8175725186273604,9.817486338797814,253.96139344262295,-17.231498862606816,13126.771789617487,2.698412698412698,78.36470588235295,37.98412698412699,0.8420953021316528,989613587377.7837,178324.37785236002,19.504319824371745
2.6261963190184052,3.4526000000000003,1.3851923076923078,-2.138155555555556,-2.0674076923076923,3.0,115.0242501704158,138.02325,78.5179012345679,80.8486111111111,-57.17463888888889,-59.50534876543209,0.5688744558222467,28702966486.1497,424785982233.1797,488338730468.1509,14.799375612905916,0.044993986997377576,0.051378042651381246,0.3190184049079755,0.06748466257668712,18.0,-1.2163420781299805,1.1702433928551093,9.314452453987728,345.07275051124736,-2.677382888626269,14343.194861821175,7.206349206349207,91.05701754385966,77.06349206349206,0.8154148624558937,32509149725421.617,147975.8911110577,24.09626838459647
2.2523255813953487,3.44,2.082,-2.2204347826086956,-1.358,2.46,96.53488372093022,138.2,60.30434782608695,34.4,-103.79999999999998,-77.89565217391304,0.43635562826401564,28978758058.690765,3686858415390.4536,16511871399264.514,127.226239576018,0.048511805478335,0.16982097186700768,0.11627906976744184,0.41860465116279066,14.0,-0.9688992145844904,2.1045766909338326,57.851162790697664,237.47581395348834,-3.778858725868912,10951.70465116279,1.3043478260869563,73.80000000000001,18.521739130434785,0.6730116670092565,755470153276.0444,191859.55440000008,12.926157557446247
2.7618888888888886,3.44,1.411418918918919,-2.034333333333333,-2.028581081081081,2.51,119.00671957671956,138.2,80.62015873015874,80.79745817245816,-57.402541827541825,-57.57984126984125,0.5833586015206855,28978758058.690765,509086708537.8802,514285788264.62494,17.567582002887264,0.05803977571265493,0.05862389680586899,0.3288888888888889,0.0044444444444444444,18.0,-1.1867458483602478,1.2447119894367116,0.6142222222222222,298.70686613756607,-3.3419210728718585,15100.080851599896,12.833333333333332,89.58928571428572,81.95333333333333,0.8546090225013814,27501137337303.094,888781.0755837974,27.06751678452026
1.8396153846153847,2.640833333333333,2.19,-1.4879761904761903,-0.4508333333333332,1.98,118.84615384615384,187.16666666666666,60.285714285714285,17.0,-170.16666666666666,-126.88095238095238,0.3220964253911716,10876695672.733555,5666901083931.938,38922178734970.945,521.0131141333773,0.05471521942110178,0.29411764705882354,0.07692307692307693,0.46153846153846156,2.0,-0.479271812019554,2.7168486548236745,86.38461538461539,235.3153846153846,-6.9423191498821755,18307.423076923078,0.0,106.64285714285714,12.857142857142856,0.0,0.0,0.0,17.52619375945584
2.847182320441989,3.44,1.8352000000000002,-1.7590163934426228,-1.6047999999999998,2.46,106.54834254143647,138.2,44.2827868852459,39.175,-99.02499999999999,-93.91721311475409,0.3204253754359327,28978758058.690765,19295713536199.87,23513412456236.918,665.857159824455,0.16523278086999346,0.19832473340213277,0.27624309392265195,0.06077348066298342,15.0,-0.5636334882668127,2.8233810739849816,8.398895027624308,262.1089226519337,-15.518202294510639,13567.481284530386,6.868852459016393,81.0,65.22950819672131,0.7524177643476055,162269548162769.88,1122733.6504000002,21.981214671866528
2.394545454545455,3.44,1.3,-2.3,-2.1399999999999997,2.46,112.74090909090908,138.2,82.19,96.88,-41.31999999999999,-56.00999999999999,0.5947178002894357,28978758058.690765,230236178310.58896,336117547862.4076,7.944998120495397,0.03065882621533405,0.04650283761585329,0.22727272727272727,0.22727272727272727,7.0,-1.367850940665702,0.9000937988047484,31.409090909090907,277.34263636363636,-1.7172008563208598,13752.70265151515,9.1,90.05882352941177,63.89999999999999,0.6730116670092565,15914816650756.09,581819.76,20.85059007022923
2.763888888888889,3.44,1.478076923076923,-2.0283333333333333,-1.9619230769230769,2.51,117.1695767195767,138.2,75.10873015873015,76.27930402930403,-61.92069597069596,-63.091269841269835,0.543478510555211,28978758058.690765,520864523746.4582,581866018359.9485,17.97401126340714,0.0587596189816166,0.06552035808420148,0.2888888888888889,0.044444444444444446,18.0,-1.1023555789094863,1.2546450095051744,6.142222222222222,294.0956375661375,-3.707218976939374,14767.689218946834,12.833333333333332,86.76744186046511,80.03333333333333,0.6441798059733927,15425656504240.295,531079.2600924557,25.801438041925504
2.27864406779661,3.44,1.2056,-2.362758620689655,-2.2344,2.46,110.72881355932202,138.2,82.31034482758622,101.86,-36.33999999999999,-55.88965517241377,0.5955886022256601,28978758058.690765,152913440351.83194,190610834054.67325,5.2767423656367844,0.02452293190143654,0.03733764645577722,0.211864406779661,0.2796610169491525,7.0,-1.4072321042931804,0.722365890479243,38.649152542372875,272.39288135593216,-1.3705782077878734,13277.971751412428,7.8793103448275845,91.09411764705882,61.120689655172406,0.8731726364245317,268550006229.48425,413493.07840000006,19.547940637156557
2.323913043478261,3.44,1.2580000000000002,-2.333636363636364,-2.1819999999999995,2.55,112.01138716356107,138.2,83.44199134199134,102.57238095238094,-35.62761904761905,-54.75800865800865,0.6037770719391559,28978758058.690765,216585841722.4245,327263081278.80945,7.473951826499001,0.028159256434601317,0.04417258637834512,0.21739130434782608,0.2608695652173913,7.0,-1.408996130607103,0.8735502942691603,36.052173913043475,285.6290372670807,-1.5419448076489848,13682.514096914125,8.181818181818182,91.76470588235296,58.909090909090914,1.0549201679861442,71022756502415.97,635859.76,19.867039018139476
2.0017391304347827,2.58,2.0549999999999997,-1.2090909090909092,-0.5250000000000004,1.6,123.28260869565217,184.0,57.04545454545455,38.75,-145.25,-126.95454545454545,0.3100296442687747,12278644599.949677,4046151083878.456,10909294565337.906,329.5275020742142,0.05988099236181078,0.1387468030690537,0.17391304347826086,0.30434782608695654,2.0,-0.374854024434064,2.5178916662764337,56.0,197.2521739130435,-7.6021641666607955,19339.25,2.727272727272727,106.875,26.454545454545453,0.5623351446188083,590211057246.9097,149890.276875,22.357760084476126
2.098888888888889,2.273846153846154,1.81,-0.6298461538461537,-0.4638461538461538,2.18,114.6287037037037,143.15384615384616,40.46333333333333,33.704166666666666,-109.4496794871795,-102.69051282051282,0.2826562779867455,13361659459.31295,318747039471943.4,398402710637739.5,23855.3482404298,0.3080992163514634,0.3814203167356256,0.2222222222222222,0.05555555555555555,2.0,-0.17802996955042089,4.37758576077309,7.952991452991453,249.8905740740741,-31.63886652672991,15903.965756172838,4.2,53.0,40.2,0.5623351446188083,45144231649816.734,307680.1875,2.6710842417598313
2.8510928961748636,3.44,1.9242,-1.7106349206349203,-1.5158,2.46,104.9603825136612,138.2,41.6468253968254,34.925,-103.27499999999999,-96.5531746031746,0.30135184802333864,28978758058.690765,18771770486169.75,23620098562296.605,647.7769146680208,0.16316281296736,0.2017332924870217,0.273224043715847,0.07103825136612021,15.0,-0.5155029946265904,2.8114254666581986,9.817486338797814,258.2025409836065,-15.753887569182629,13318.111953551912,0.5714285714285714,79.68823529411765,38.87301587301587,0.8802861522293415,55481133092245.52,603887.0061776398,18.86804059025176
2.3178260869565217,3.44,1.23,-2.346363636363636,-2.21,2.49,111.68115942028984,138.2,82.75151515151515,101.05333333333333,-37.14666666666666,-55.44848484848484,0.5987808621672588,28978758058.690765,189269855423.49655,267167911421.1679,6.531330812734201,0.02724678526976039,0.04216514981569508,0.21739130434782608,0.2608695652173913,7.0,-1.4049576411397227,0.815001681388454,36.052173913043475,278.08608695652174,-1.5107929602002288,13525.375072463765,8.90909090909091,91.3529411764706,66.36363636363637,1.0549201679861442,7382102695578.573,1106629.36,20.645378562630448
2.8483695652173915,3.44,1.9516,-1.7009374999999998,-1.4884,2.46,104.4836956521739,138.2,41.265625,33.919999999999995,-104.28,-96.93437499999999,0.2985935238784371,28978758058.690765,18488978194709.742,23631072742776.01,638.0183083506878,0.16107768039187603,0.2020312827534532,0.2717391304347826,0.07608695652173914,15.0,-0.507888922021979,2.8048331412628436,10.515217391304347,257.0298913043478,-15.613964275236256,13232.670108695651,1.125,79.42352941176472,38.84375,0.8731726364245316,48271401710494.97,574892.53845216,18.991820658476026
2.627443762781186,3.4544,1.3856410256410256,-2.1395851851851853,-2.0687589743589747,3.0,114.97961826857532,137.998,78.44250440917108,80.75726495726497,-57.240735042735025,-59.55549559082891,0.5684321831415752,28663567690.072403,427267006544.829,491344586845.726,14.906274444433953,0.04498736880894122,0.05137002446154488,0.31901840490797545,0.06748466257668712,18.0,-1.2162090778321863,1.1733691129096637,9.312748466257668,344.93885480572595,-2.679245044743893,14335.919735287433,7.1957671957671945,91.0438596491228,76.9153439153439,0.831524109152622,33923730404654.734,150388.96727587114,24.076493430377983
2.8356756756756756,3.44,1.9420000000000002,-1.72,-1.4979999999999998,2.46,104.44054054054054,138.2,42.11538461538461,34.5,-103.69999999999999,-96.08461538461538,0.3047422909941,28978758058.690765,18190143354169.457,23609879917792.664,627.7061051867339,0.15817522477232926,0.20118334775958358,0.2702702702702703,0.08108108108108109,15.0,-0.524156740509852,2.79775635270044,11.205405405405406,256.9237297297297,-15.198205635624342,13203.986756756756,0.8461538461538463,79.20588235294119,37.23076923076923,0.8979457248567797,50642105528385.81,684445.0115999999,18.777734264205822
2.8637362637362638,3.44,1.9328,-1.6916129032258063,-1.5071999999999999,2.46,104.8653846153846,138.2,40.346774193548384,33.830000000000005,-104.36999999999998,-97.8532258064516,0.2919448205032445,28978758058.690765,19095353841408.188,23648393609244.05,658.9431404456433,0.1664696703854889,0.20286683572245068,0.2747252747252747,0.06593406593406594,15.0,-0.4938576253932303,2.8188479413678014,9.112087912087912,257.96884615384613,-16.289594246156817,13326.463873626371,0.5806451612903226,79.5058823529412,38.903225806451616,0.8030448563658357,52079103972691.0,593192.4167865601,18.92537838708905
1.8969696969696972,2.58,2.145,-1.3258823529411765,-0.43500000000000005,1.6,118.74242424242425,184.0,57.3235294117647,24.25,-159.75,-126.6764705882353,0.3115409207161125,12278644599.949677,7056165601621.789,29584550678426.598,574.6697482921453,0.06834717973577609,0.24232736572890023,0.12121212121212122,0.3939393939393939,21.0,-0.41306660899653974,2.759418335648415,72.48484848484848,189.9878787878788,-8.657979503587871,18300.310606060608,0.5882352941176471,105.10000000000001,17.0,0.5623351446188083,590211057246.9097,149890.27687500004,17.931244403758832
2.3854545454545457,3.44,1.2600000000000002,-2.32,-2.1799999999999997,2.46,113.2181818181818,138.2,83.24,98.97999999999999,-39.22,-54.959999999999994,0.6023154848046309,28978758058.690765,199039952944.88867,273725097131.007,6.868477680850658,0.02946530532871854,0.04411579584262226,0.22727272727272727,0.22727272727272727,7.0,-1.3973719247467438,0.8368604913437849,31.409090909090907,278.5167272727272,-1.6194131808663708,13816.060606060604,10.9,90.05882352941177,76.5,0.6730116670092565,747223949035.1819,1055378.1600000001,22.15324015262341
2.624312114989733,3.44,1.3811501597444091,-2.12427807486631,-2.058849840255591,2.46,115.58596851471593,138.2,79.30677361853833,81.60777422790201,-56.592225772097976,-58.89322638146166,0.5738550913063556,28978758058.690765,410295934765.5137,466022480089.51154,14.158506514825104,0.04539139541496712,0.05135040952553992,0.32135523613963035,0.06262833675564682,18.0,-1.2190277886124956,1.151017444979603,8.65523613963039,284.3414825462012,-2.673245725944099,14444.375676477297,7.4144385026737964,91.23439211391019,79.20053475935829,0.6540041591532465,22320092228515.13,129069.30151374414,24.434969286923916
2.66155462184874,3.44,1.3560240963855423,-2.105340909090909,-2.0839759036144576,2.49,117.94215686274508,138.2,83.41174242424242,84.37028112449798,-53.82971887550201,-54.78825757575757,0.603558194097268,28978758058.690765,423270241457.9257,441277195234.9833,14.60622434545591,0.04730976045637883,0.04926728730225617,0.34873949579831937,0.02100840336134454,18.0,-1.2706957570500095,1.1645379669370404,2.903361344537815,293.67597058823526,-2.5920193417314734,14918.492450980391,8.386363636363637,93.29184549356225,88.375,0.8411289678148688,28971055463282.645,142929.12033676877,26.449058871138256
2.368,3.16,1.78,-1.9800000000000002,-1.3800000000000001,2.18,136.85,181.0,70.625,80.0,-101.0,-110.375,0.39019337016574585,6449680150.445432,149288957386.92316,224091403271.38156,23.146722613308643,0.02048611111111111,0.0375,0.1,0.3,9.0,-0.7725828729281768,1.3644895071588188,54.3,298.333,-2.261154513888889,21663.475,5.0,105.14285714285714,31.75,0.0,0.0,0.0,24.446652852180122
2.9165555555555556,3.44,2.0476,-1.5703333333333336,-1.3923999999999999,2.46,106.1,138.2,41.900000000000006,36.78,-101.41999999999999,-96.29999999999998,0.30318379160636766,28978758058.690765,19659556050360.93,23566596298681.363,678.4126500709372,0.16966609962812396,0.20063635659078577,0.2777777777777778,0.05555555555555555,15.0,-0.4760996140858661,2.831493937427877,7.677777777777777,261.006,-16.338845394188333,13526.426666666664,4.866666666666667,80.41176470588236,49.233333333333334,0.9173573878312138,23562386274950.95,265023.53073024,20.669533696984647
1.7866666666666664,2.55,1.96,-1.3739999999999999,-0.5899999999999999,1.5699999999999998,125.66666666666667,198.0,67.8,69.0,-129.0,-130.2,0.3424242424242424,9853904009.223562,192619640120.70865,465678965568.46185,19.547545819444824,0.023446054750402578,0.057971014492753624,0.1111111111111111,0.4444444444444444,4.0,-0.470490909090909,1.291092239789305,88.0,197.29666666666665,-3.0526763285024154,19978.0,4.0,121.2,27.2,0.0,0.0,0.0,28.03857931305641
2.3408695652173916,3.44,1.336,-2.2981818181818183,-2.104,2.46,111.23043478260868,138.2,81.80909090909091,98.97999999999999,-39.22,-56.390909090909076,0.5919615840021051,28978758058.690765,196202084552.9277,282418815505.9165,6.7705484187955545,0.02719597422595461,0.04205336551932237,0.21739130434782608,0.2608695652173913,7.0,-1.360435349415747,0.8306238482435263,36.052173913043475,273.62686956521736,-1.5336057102145129,13420.503623188406,8.636363636363637,91.05882352941177,62.36363636363636,0.9502705392332347,79707592210953.75,174893.369344,20.096054542350583
1.8846298519407763,2.58,2.1193645484949832,-1.3377444187836798,-0.46063545150501684,1.6,119.15646258503399,184.0,59.25481139337951,31.678929765886284,-152.3210702341137,-124.74518860662049,0.32203701844227994,12278644599.949677,6151955629153.707,26311155697364.195,501.02888629734593,0.061842953349108984,0.21912769761096237,0.11964785914365746,0.4001600640256102,0.0,-0.43080322406289695,2.699862765384,73.62945178071229,190.6503401360544,-7.714610879525033,18257.424569827926,1.2702078521939955,106.18078719146098,19.17782909930716,0.845709674354749,2937711992950.814,76376.83269121376,18.137638833411703
2.872432432432433,3.44,2.078,-1.6153846153846154,-1.362,2.46,102.8527027027027,138.2,37.59615384615385,28.625,-109.57499999999999,-100.60384615384615,0.2720416341979294,28978758058.690765,18444682655272.918,23940781009227.16,636.4897563214009,0.16422190437535705,0.20904403124351972,0.2702702702702703,0.08108108108108109,15.0,-0.43945187062742447,2.8037914185020245,11.205405405405406,253.01764864864865,-16.521355202870055,13034.366824324325,2.307692307692308,78.41176470588236,36.23076923076923,0.8979457248567797,1139962473618.6294,168991.94648100002,19.082271726117167
1.8022727272727272,2.5933333333333333,2.154,-1.450277777777778,-0.43933333333333335,1.6800000000000002,119.79545454545455,190.0,61.291666666666664,22.800000000000004,-167.2,-128.70833333333334,0.3225877192982456,10830828501.851728,4475427236672.2,31452076289735.47,413.2119011862337,0.047852399145380115,0.2526854219948849,0.07575757575757576,0.4696969696969697,2.0,-0.4678418006822612,2.6161728214271482,89.24242424242425,201.25636363636366,-6.159002540003299,18680.541666666668,0.2777777777777778,108.71428571428572,13.527777777777779,0.5004024235381879,503646768850.69635,127906.36960000002,17.52253680948367
2.3152173913043477,3.44,1.218,-2.3518181818181816,-2.222,2.55,112.4679089026915,138.2,84.3965367965368,104.67238095238095,-33.52761904761904,-53.803463203463195,0.6106840578620608,28978758058.690765,188225636844.51514,264870630547.40887,6.495296881367421,0.027074237446769026,0.04178554460511409,0.21739130434782608,0.2608695652173913,8.0,-1.436217870626501,0.8125990062162839,36.052173913043475,286.7931677018633,-1.4566877382290626,13743.11735778369,9.818181818181818,91.76470588235296,70.36363636363637,1.0549201679861442,92429088954383.39,1126093.36,21.052697487248132
2.2817622080679407,3.44,1.2073,-2.3616017316017315,-2.2327,2.46,110.80148619957536,138.2,82.33549783549782,101.77,-36.42999999999999,-55.86450216450217,0.5957706066244416,28978758058.690765,154161452056.1895,193208154775.80865,5.319808797325471,0.024656654126200658,0.037549463624116125,0.21231422505307854,0.2781316348195329,7.0,-1.4069728962416952,0.725896023317845,38.43779193205945,272.57165605095537,-1.377431707802518,13293.680290162773,7.961038961038961,91.06176470588235,61.53679653679654,0.8862772033041759,296287956466.8635,437737.7436000001,19.619469524862293
1.4230769230769231,2.19,1.9,-1.1077777777777778,-0.29000000000000004,1.21,109.3076923076923,212.0,63.666666666666664,33.0,-179.0,-148.33333333333334,0.300314465408805,12041693654.298868,583525000228.3044,4256886531984.5776,48.45871494330756,0.02663673774784886,0.12121212121212122,0.07692307692307693,0.6153846153846154,19.0,-0.33268169112508733,1.6853718930777912,130.46153846153848,132.2623076923077,-3.951116099264248,16716.53846153846,0.0,112.00000000000001,12.0,0.0,0.0,0.0,12.245802677138878
2.8268478260869565,3.44,1.8724,-1.7628125,-1.5675999999999999,2.46,106.03804347826085,138.2,45.734375,39.63999999999999,-98.56,-92.46562499999999,0.3309289073806078,28978758058.690765,18388444814108.984,23502390015607.043,634.5490989250407,0.15734102668845315,0.19724836601307189,0.2717391304347826,0.07608695652173914,15.0,-0.5833656145418776,2.802465231737628,10.515217391304347,260.85358695652167,-14.548636370889499,13439.729891304347,6.75,80.9529411764706,61.09375,0.8731726364245316,145173375260649.1,1030722.0766,21.526748671436675
2.8495628415300547,3.44,1.9186,-1.715079365079365,-1.5213999999999999,2.46,105.12650273224044,138.2,42.12936507936508,35.532999999999994,-102.667,-96.07063492063492,0.3048434520938139,28978758058.690765,18768976206179.707,23616577769509.15,647.6804895560688,0.16297597429233812,0.2014978757564942,0.273224043715847,0.07103825136612021,15.0,-0.5228307142656602,2.8113608147538156,9.817486338797814,258.6111967213115,-15.657205327073997,13347.465396174863,0.8888888888888888,79.9,40.01587301587301,0.8802861522293415,69321685718949.016,602848.70545764,19.00917825103095
2.5826000000000002,3.44,1.3883870967741934,-2.1434999999999995,-2.0516129032258066,2.46,113.89633333333332,138.2,77.44083333333333,80.3268817204301,-57.873118279569894,-60.75916666666666,0.5603533526290401,28978758058.690765,415577032206.51697,500125419659.0885,14.340746810641352,0.04326335829889156,0.05152261285878479,0.31000000000000005,0.09,18.0,-1.201117411360347,1.156571768297984,12.437999999999999,280.18497999999994,-2.6286455974420684,14128.070205555554,6.675000000000001,90.82417582417582,72.225,0.860121591451826,36626909541088.44,154846.84837898024,23.169527755519894
2.3052991452991454,3.44,1.2784,-2.329122807017544,-2.1616,2.46,110.7905982905983,138.2,81.93859649122805,100.41999999999999,-37.78,-56.261403508771934,0.5928986721507096,28978758058.690765,173929101679.39117,237384196617.7858,6.001951544201171,0.025636941192185427,0.0394892629552198,0.2136752136752137,0.27350427350427353,7.0,-1.3809338195566352,0.7782924848957323,37.7982905982906,272.5448717948718,-1.4423702931442008,13311.43945868946,8.05263157894737,91.1764705882353,60.49122807017545,0.9173573878312139,52698989682062.53,203249.28184704002,19.637001440233302
1.833346007604563,2.643333333333333,2.162380952380952,-1.4896969696969695,-0.480952380952381,1.98,117.6577946768061,186.0,60.307692307692314,18.523809523809522,-167.47619047619048,-125.69230769230768,0.3242349048800662,11078757388.627398,5337108081797.113,35620722334686.53,481.7424819931321,0.053413055552093,0.2776504541210424,0.07984790874524716,0.46387832699619774,2.0,-0.48301175526981976,2.6828149458404655,86.28136882129279,232.96243346007608,-6.713610213239996,17937.077946768062,0.0,105.822695035461,12.965034965034965,0.31449220128141075,84308152624.82921,161657.52249433106,16.84086470679191
1.7908333333333333,2.55,1.9974999999999998,-1.3664999999999998,-0.5525,1.5699999999999998,123.75,198.0,64.35,51.75,-146.25,-133.65,0.32499999999999996,9853904009.223562,358517771604.4732,1295169622987.2844,36.38332292144204,0.0277938808373591,0.07971014492753623,0.1111111111111111,0.4444444444444444,0.0,-0.4441124999999999,1.560902361042557,88.0,194.2875,-3.7146521739130436,19757.583333333332,2.5,118.05,21.8,0.5623351446188083,1074910489508.7253,93541.48920000004,26.914111594026714
2.322931034482759,3.44,1.3072000000000001,-2.3139285714285713,-2.1327999999999996,2.46,111.00862068965516,138.2,81.875,99.7,-38.499999999999986,-56.32499999999999,0.592438494934877,28978758058.690765,184866727197.64572,259901506061.85117,6.37938750940377,0.026402537771268508,0.04077131423727108,0.21551724137931036,0.26724137931034486,7.0,-1.3708603602439529,0.8047789837281749,36.932758620689654,273.0812068965517,-1.4871229399666983,13365.501436781607,8.339285714285715,91.11764705882354,61.41071428571429,0.9422163338129591,67014565656318.945,191469.26896896,19.863223502905438
2.5917979797979798,3.44,1.3383233532934133,-2.153128205128205,-2.1016766467065864,2.49,116.48693602693602,138.2,83.08222222222221,85.69481037924152,-52.50518962075847,-55.117777777777775,0.6011738221579032,28978758058.690765,390830487338.18066,435509044225.7465,13.486792171929194,0.04329663339603232,0.048072028128212506,0.3373737373737373,0.05656565656565657,18.0,-1.2944043126729086,1.1299086651873937,7.817373737373737,290.0524707070707,-2.3864142180484214,14633.738897867563,6.661538461538461,94.30192719486081,77.27179487179487,0.9461516023402817,38743304409267.31,158745.83914805122,24.85773771585298
2.421818181818182,3.44,1.42,-2.24,-2.02,2.46,113.85454545454544,138.2,84.64,101.78,-36.41999999999999,-53.55999999999999,0.6124457308248915,28978758058.690765,169743272551.5122,215131736344.2541,5.8575068057689235,0.028130446442372236,0.04144607806992966,0.22727272727272727,0.22727272727272727,7.0,-1.371878437047757,0.7677128018709929,31.409090909090907,280.08218181818177,-1.5066667114534567,13908.333333333332,12.3,92.05882352941177,76.5,0.6730116670092565,103458999443646.92,100963.6704,22.445216876788955
1.8391538461538464,2.6398333333333333,2.19,-1.4869761904761905,-0.4498333333333333,1.98,119.06153846153845,187.63333333333333,60.285714285714285,17.0,-170.63333333333333,-127.34761904761905,0.321295332842677,10795870986.376017,5666901083931.938,38922178734970.945,524.9137462909065,0.05471521942110178,0.29411764705882354,0.07692307692307693,0.46153846153846156,2.0,-0.4777585100481834,2.7200879460966165,86.6,235.74184615384613,-6.967852918945357,18389.7,0.0,107.01428571428569,12.857142857142856,0.0,0.0,0.0,17.770873537052164
2.8332967032967034,3.44,1.822,-1.780967741935484,-1.6179999999999999,2.46,106.54578754578753,138.2,45.27956989247312,39.94666666666667,-98.25333333333332,-92.92043010752687,0.32763798764452334,28978758058.690765,18980600002460.918,23506098848949.438,654.9832109443563,0.16232298321898914,0.197724943635991,0.2747252747252747,0.06593406593406594,15.0,-0.5835126870275528,2.816230167949537,9.112087912087912,262.1026373626373,-15.083121417045337,13554.23089133089,7.064516129032259,81.21176470588236,65.61290322580646,0.8030448563658357,171434731020938.8,1101621.7224000003,22.003719194248166
2.851775956284153,3.44,1.9267,-1.7086507936507938,-1.5132999999999999,2.46,104.86612021857923,138.2,41.37301587301587,34.58,-103.61999999999999,-96.82698412698412,0.29937059242413805,28978758058.690765,18779245351020.043,23629516892007.977,648.0348575665797,0.16338275869814164,0.2020104241078066,0.273224043715847,0.07103825136612021,15.0,-0.5115198003412118,2.811598367046002,9.817486338797814,257.9706557377049,-15.819859783087837,13306.140642076503,0.5634920634920635,79.63235294117648,38.650793650793645,0.8836841329652496,54251289455136.266,596198.42514219,18.8417401140488
1.88578,2.58,2.1281666666666665,-1.3350384615384616,-0.45183333333333353,1.6,118.494,184.0,58.026923076923076,26.45,-157.55,-125.97307692307692,0.31536371237458194,12278644599.949677,6214910235960.208,26516761659965.0,506.1560488513268,0.06346559569065963,0.225634865276809,0.12,0.4,21.0,-0.42102268539361976,2.7042844312804677,73.60000000000001,189.59040000000002,-7.994956367908364,18179.086,0.7307692307692306,105.25,17.276923076923076,0.7026859160767704,678657971626.5306,190804.46973333336,17.879895558344444
2.8601075268817207,3.44,2.07,-1.634242424242424,-1.37,2.46,102.66397849462365,138.2,38.053030303030305,28.630000000000003,-109.57,-100.14696969696968,0.27534754199008904,28978758058.690765,18160860591648.03,23932542442172.59,626.6956145900658,0.1616234385202842,0.2086021981060344,0.2688172043010753,0.08602150537634409,15.0,-0.4499846345310758,2.7970566556605596,11.888172043010753,252.55338709677417,-16.186097599810946,12988.909543010752,2.121212121212121,78.43529411764706,35.39393939393939,0.9173573878312138,1213412895790.958,164233.03669344005,18.87801503499444
2.8838888888888894,3.44,1.9300000000000002,-1.6683333333333332,-1.5099999999999998,2.46,105.43888888888888,138.2,39.916666666666664,34.4,-103.79999999999998,-98.28333333333333,0.2888326097443319,28978758058.690765,19712090022666.45,23629637065447.984,680.2254942307567,0.17156652682499385,0.20291686922702964,0.2777777777777778,0.05555555555555555,15.0,-0.481869070590127,2.8326529048625826,7.677777777777777,259.37966666666665,-16.862130144783144,13440.812777777775,0.6666666666666666,79.58823529411765,40.83333333333333,0.6730116670092565,55248708209701.625,632736.4055999999,19.259772348743912
2.590140845070423,3.44,1.3894736842105264,-2.1440609137055837,-2.0505263157894733,2.46,114.15244802146209,138.2,77.53181049069373,80.5017543859649,-57.69824561403509,-60.66818950930626,0.5610116533335292,28978758058.690765,397065189952.04266,477801815963.2088,13.701939508513972,0.04360166798447626,0.052124091620231294,0.3058350100603622,0.09054325955734407,18.0,-1.2028431580457668,1.1367820458591364,12.51307847082495,280.81502213279674,-2.6452342562040574,14158.526709143753,6.558375634517766,90.46017699115045,72.55329949238578,0.6424220210762541,21776716058790.863,125927.14681440443,23.18631041177257
1.798148148148148,2.643333333333333,2.045,-1.5213333333333332,-0.5983333333333332,1.98,117.01851851851852,186.0,61.833333333333336,25.0,-161.0,-124.16666666666666,0.3324372759856631,11078757388.627398,2986378518721.3027,21589532633477.76,269.55897795784296,0.04052815739090249,0.20766488413547238,0.07407407407407407,0.48148148148148145,2.0,-0.5057479091995221,2.4306538010602874,89.55555555555556,231.69666666666666,-5.032246209370393,17629.675925925927,0.0,106.07142857142856,12.600000000000001,0.6931471805599453,244604574391.77417,469019.52249999996,16.31995547505282
1.895910931174089,2.58,2.0172727272727276,-1.330472440944882,-0.5627272727272725,1.69,120.11046847888952,184.0,59.74240719910011,37.64502164502165,-146.35497835497836,-124.25759280089989,0.3246869956472832,12278644599.949677,6345836243178.415,24067631844252.56,516.8189527372119,0.06445046004392892,0.20583684342382969,0.13360323886639675,0.3805668016194332,13.0,-0.4319870996419012,2.7133384316864504,70.02429149797571,202.98669172932327,-8.008459019969187,18555.275510204083,1.2598425196850394,107.08496732026144,20.771653543307085,0.8832853412536135,187017697752540.1,173726.7384756658,18.790422516988027
2.0393333333333334,2.58,2.01,-1.1585714285714288,-0.5700000000000003,1.6,122.88888888888889,184.0,53.047619047619044,33.77777777777778,-150.22222222222223,-130.95238095238096,0.2883022774327122,12278644599.949677,11227476821611.646,26031639505415.484,914.3905689442026,0.09674250338199086,0.20597942147155893,0.2,0.26666666666666666,20.0,-0.33401878142561375,2.9611317380820923,49.06666666666666,196.62222222222223,-12.668661157165472,19612.318518518518,1.4285714285714286,106.0909090909091,24.571428571428573,0.6365141682948128,11181706554189.4,31313.36542222221,22.255510996829912
1.990952380952381,2.58,2.19,-1.237,-0.3900000000000001,1.6,121.30952380952381,184.0,52.35,17.0,-167.0,-131.65,0.2845108695652174,12278644599.949677,11763701986622.424,38922178734970.945,958.061933535452,0.09860566448801743,0.29411764705882354,0.14285714285714285,0.3333333333333333,0.0,-0.3519399456521739,2.9813935847813493,61.33333333333333,194.0952380952381,-12.981435729847496,19294.130952380954,0.0,104.71428571428572,17.099999999999998,0.0,0.0,0.0,19.157845229472827
2.2845531914893615,3.44,1.2074,-2.3611304347826083,-2.2325999999999997,2.55,111.04010131712258,138.2,82.69933747412007,102.45847619047618,-35.74152380952381,-55.50066252587992,0.5984033102324173,28978758058.690765,159167441935.29028,204423865064.76617,5.492555671741625,0.024957286294594913,0.038142499218309034,0.2127659574468085,0.2765957446808511,7.0,-1.4129082680644196,0.7397744675602591,38.225531914893615,283.15225835866255,-1.3851459241980804,13362.724745211557,8.217391304347826,91.24117647058824,62.721739130434784,1.0789483386998906,21191362079251.86,564627.0384,19.80475433267304
2.2193181818181817,3.44,2.046,-2.2379166666666666,-1.3940000000000001,2.46,96.5340909090909,138.2,61.8125,40.2,-97.99999999999999,-76.38749999999999,0.4472684515195369,28978758058.690765,1982149422356.7424,9041768954029.037,68.40008182346149,0.03847605064570112,0.12838874680306905,0.11363636363636363,0.43181818181818177,14.0,-1.0009495221297637,1.8350566212443349,59.677272727272715,237.47386363636363,-2.939089318698494,10847.876136363637,1.6666666666666672,74.2,19.29166666666667,0.5004024235381879,503646768850.6963,127906.36960000005,12.994070802588205
1.8710059171597633,2.58,2.109,-1.3462921348314607,-0.4710000000000001,1.6,118.21597633136095,184.0,59.08426966292135,30.05,-153.95,-124.91573033707866,0.3211101612115291,12278644599.949677,5065948836721.097,22114448233191.12,412.58208880334064,0.05663061837664556,0.20089514066496164,0.11834319526627218,0.40828402366863903,13.0,-0.43230808445354396,2.6155103702616653,75.12426035502958,189.14556213017752,-7.074055053959068,18018.25,1.0112359550561798,105.5,17.898876404494384,0.6881388137135884,779078595565.9208,197855.16547500002,17.890241090375387
2.827431693989071,3.44,1.8376,-1.779365079365079,-1.6024,2.46,106.2172131147541,138.2,45.29761904761905,39.525,-98.67499999999998,-92.90238095238094,0.32776858934601344,28978758058.690765,18681005143742.844,23505734230838.7,644.644781046453,0.15987335805017264,0.19758857929136567,0.273224043715847,0.07103825136612021,15.0,-0.5832199819950492,2.809320471027165,9.817486338797814,261.2943442622951,-14.852615613713535,13483.60512295082,5.984126984126983,81.0,60.9047619047619,0.8420953021316528,153853513201220.34,1067655.9864,21.381381730591674
2.652293388429752,3.44,1.4100602409638554,-2.072010869565217,-2.0299397590361448,2.46,116.65575560802833,138.2,81.52927018633541,83.05051635111876,-55.14948364888123,-56.67072981366458,0.5899368320284762,28978758058.690765,410287018265.6117,441291715682.0162,14.158198823933592,0.04565437889954207,0.048998428017163094,0.3429752066115702,0.0371900826446281,18.0,-1.2223555283198724,1.1510080068437234,5.139669421487603,286.97315879574967,-2.587266971426618,14640.353550486308,8.570652173913043,92.14377682403435,84.23369565217392,0.8303856072637452,21610763929875.992,132049.50204977865,25.99558083479382
1.8405384615384617,2.642833333333334,2.19,-1.489976190476191,-0.45283333333333387,1.98,118.41538461538461,186.23333333333335,60.285714285714285,17.0,-169.23333333333335,-125.94761904761907,0.3237106548364826,11038345045.44863,5666901083931.938,38922178734970.945,513.3832164694413,0.05471521942110178,0.29411764705882354,0.07692307692307693,0.46153846153846156,2.0,-0.48232116830981553,2.7104416666068443,85.95384615384617,234.46246153846153,-6.891251611755815,18142.869230769233,0.0,105.9,12.857142857142856,0.0,0.0,0.0,17.046894502088556
2.38009009009009,3.44,1.2924,-2.306862745098039,-2.1475999999999997,2.46,112.47837837837838,138.2,82.21764705882353,97.524,-40.67599999999999,-55.98235294117646,0.5949178513663064,28978758058.690765,222197382157.14932,323953658491.4634,7.667595060738362,0.02988575650134515,0.04555953585533669,0.22522522522522523,0.23423423423423426,7.0,-1.3723938277107046,0.8846591689516472,32.37117117117117,276.6968108108108,-1.6730749683723631,13693.01542042042,8.892156862745098,90.2235294117647,63.009803921568626,0.7524177643476055,15429997157737.092,564009.0516,20.640902155826602
1.8816000000000002,2.58,2.0933333333333333,-1.343076923076923,-0.4866666666666668,1.6,118.0,184.0,57.07692307692308,22.333333333333332,-161.66666666666666,-126.92307692307692,0.3102006688963211,12278644599.949677,6411137853039.552,27367081333975.49,522.1372604160094,0.06596888949830126,0.23648247177658943,0.12,0.4,13.0,-0.4166233599176743,2.7177846861539607,73.60000000000001,188.8,-8.372974436322853,18140.059999999998,0.0,104.93333333333334,15.230769230769232,0.6365141682948128,217426288348.2437,416906.2422222222,17.24577111844002
2.3854545454545457,3.44,1.2600000000000002,-2.32,-2.1799999999999997,2.46,113.2181818181818,138.2,83.24,98.97999999999999,-39.22,-54.959999999999994,0.6023154848046309,28978758058.690765,199039952944.88867,273725097131.007,6.868477680850658,0.02946530532871854,0.04411579584262226,0.22727272727272727,0.22727272727272727,7.0,-1.3973719247467438,0.8368604913437849,31.409090909090907,278.5167272727272,-1.6194131808663708,13816.060606060604,10.9,90.05882352941177,76.5,0.6730116670092565,747223949035.1819,1055378.1600000001,22.15324015262341
1.9835483870967743,2.58,2.082,-1.2326666666666666,-0.4980000000000002,1.6,121.10752688172043,184.0,54.022222222222226,27.066666666666663,-156.93333333333334,-129.97777777777776,0.29359903381642516,12278644599.949677,10478854938251.736,31187855197237.668,853.4211453839688,0.09028811377869814,0.24123471170646477,0.16129032258064516,0.3225806451612903,20.0,-0.3619097423510467,2.931163399256602,59.354838709677416,193.7720430107527,-11.735448388702341,19127.363799283154,0.6666666666666666,105.38095238095238,19.866666666666667,0.5004024235381879,8050828719016.369,22545.62310399999,19.93830262785189
2.297478632478633,3.44,1.2418,-2.345175438596491,-2.1982,2.46,110.89316239316238,138.2,82.14912280701755,100.9,-37.29999999999998,-56.05087719298244,0.5944220174169143,28978758058.690765,184127119272.78214,260635676730.7172,6.35386509317856,0.02575839868206397,0.03976618603214289,0.2136752136752137,0.27350427350427353,7.0,-1.3940239154071228,0.8030379895421029,37.7982905982906,272.79717948717945,-1.4437808412162483,13329.18304843305,7.710526315789474,91.08823529411765,59.99122807017544,0.8420953021316527,1401447063788.3826,294781.83359999995,19.504757303316136
1.8403076923076926,2.642333333333333,2.19,-1.4894761904761904,-0.45233333333333325,1.98,118.5230769230769,186.46666666666667,60.285714285714285,17.0,-169.46666666666667,-126.18095238095239,0.32330558251187497,10997932702.269861,5666901083931.938,38922178734970.945,515.2696636125395,0.05471521942110178,0.29411764705882354,0.07692307692307693,0.46153846153846156,2.0,-0.48155596739947315,2.712034574222179,86.06153846153846,234.67569230769226,-6.904018496287406,18184.007692307692,0.0,106.08571428571429,12.857142857142856,0.0,0.0,0.0,17.16547624943417
1.8407692307692307,2.643333333333333,2.19,-1.4904761904761903,-0.45333333333333314,1.98,118.3076923076923,186.0,60.285714285714285,17.0,-169.0,-125.71428571428572,0.3241167434715822,11078757388.627398,5666901083931.938,38922178734970.945,511.5105318353793,0.05471521942110178,0.29411764705882354,0.07692307692307693,0.46153846153846156,2.0,-0.4830882890790725,2.708854580122278,85.84615384615385,234.24923076923076,-6.878484727224224,18101.73076923077,0.0,105.71428571428571,12.857142857142856,0.0,0.0,0.0,16.92913193567327
2.1758620689655173,3.44,1.9000000000000004,-2.2774749498997995,-1.5399999999999996,2.46,95.05700778642937,138.2,60.47344689378757,32.083333333333336,-106.11666666666665,-77.72655310621242,0.437579210519447,28978758058.690765,3031908690307.0015,14779601141006.926,104.62521147961095,0.043631961561939166,0.16006487771193656,0.11012235817575083,0.44493882091212456,14.0,-0.9965756905549713,2.019636348844425,61.49054505005561,233.84023915461623,-3.3913619774722834,10654.348234149053,0.0,73.77955911823648,14.356713426853709,1.0986122886681096,1527890808977.0098,313727.891088889,11.76427872484147
2.6372839506172836,3.44,1.3838323353293414,-2.09741935483871,-2.0561676646706584,2.46,117.08491083676267,138.2,83.02831541218636,84.79500998003991,-53.40499001996008,-55.17168458781363,0.6007837584094528,28978758058.690765,381464279740.0359,410716255480.41943,13.163582751457296,0.04403172028875436,0.04735579935465169,0.3436213991769547,0.03909465020576131,18.0,-1.2600954829607298,1.1193741079271406,5.402880658436213,288.02888065843615,-2.4293041836299896,14710.949158664836,8.908602150537636,92.64025695931477,87.1989247311828,0.8681547300283776,28182569158248.754,129881.45756391408,26.248798536628104
1.8926844014510276,2.58,2.1279,-1.3311709601873538,-0.45210000000000017,1.6,119.43954050785973,184.0,58.961358313817335,31.040000000000003,-152.96,-125.03864168618267,0.3204421647490073,12278644599.949677,6778820614021.886,28538923797232.277,552.0821584859349,0.06529332569330892,0.23035805626598468,0.12091898428053204,0.39540507859733975,13.0,-0.4265633041334502,2.7420037123705154,72.75453446191051,191.1032648125756,-8.16418875586488,18357.84492140266,1.2646370023419207,106.274,19.37002341920375,0.583258840128597,3424952951734.437,6950.007827639998,18.216840761157627
1.8407692307692307,2.643333333333333,2.19,-1.4904761904761903,-0.45333333333333314,1.98,118.3076923076923,186.0,60.285714285714285,17.0,-169.0,-125.71428571428572,0.3241167434715822,11078757388.627398,5666901083931.938,38922178734970.945,511.5105318353793,0.05471521942110178,0.29411764705882354,0.07692307692307693,0.46153846153846156,2.0,-0.4830882890790725,2.708854580122278,85.84615384615385,234.24923076923076,-6.878484727224224,18101.73076923077,0.0,105.71428571428571,12.857142857142856,0.0,0.0,0.0,16.92913193567327
2.878808864265928,3.44,1.9307000000000003,-1.6742975206611568,-1.5092999999999996,2.46,105.29432132963989,138.2,40.02685950413223,34.2575,-103.9425,-98.17314049586776,0.2896299529966153,28978758058.690765,19554083232426.73,23634326201397.0,674.772990368455,0.17026072062974879,0.2029043608508849,0.2770083102493075,0.05817174515235457,15.0,-0.4849267122114404,2.8291576904424276,8.039335180055401,259.0240304709141,-16.71502964731202,13411.98798476454,0.6446280991735537,79.56764705882354,40.33884297520661,0.7197744066642688,54500956376490.125,623154.9434069099,19.174926229357382
2.2543760399334443,3.44,1.2014285714285717,-2.3673089700996677,-2.2385714285714284,2.46,109.90671797004991,138.2,81.70743355481727,101.43998015873015,-36.76001984126984,-56.49256644518272,0.5912260025674188,28978758058.690765,154331012983.0527,195964629961.22266,5.325660011739828,0.02375481340014432,0.03617147810199085,0.2096505823627288,0.2911813643926789,7.0,-1.3996146192340195,0.7263734377810436,40.24126455906822,270.3705262063228,-1.3419703744005698,13118.28006274265,7.116279069767443,91.30281690140845,57.25913621262459,0.7812157893815553,14169252689545.414,212257.99020455993,18.900871060021547
1.7988888888888885,2.565,2.01,-1.379,-0.5550000000000002,1.6,120.0,191.0,63.2,46.0,-145.0,-127.8,0.330890052356021,11066274304.58662,413817148765.728,1571666508793.5586,37.394441649997226,0.02924315619967794,0.08695652173913043,0.1111111111111111,0.4444444444444444,0.0,-0.45629738219895294,1.572807052999072,84.88888888888889,192.0,-3.7372753623188406,18495.666666666664,2.0,111.80000000000001,20.0,0.0,0.0,0.0,21.731129957410282
2.845108695652174,3.44,1.9396,-1.7103125,-1.5004,2.46,104.63586956521738,138.2,41.70312500000001,34.480000000000004,-103.71999999999998,-96.49687499999999,0.30175922575976855,28978758058.690765,18475508354512.645,23613831347323.727,637.5534906324882,0.16068609390720387,0.20153005205307278,0.2717391304347826,0.07608695652173914,15.0,-0.5161025758072542,2.804516627869868,10.515217391304347,257.40423913043475,-15.505705918001711,13250.322282608695,0.8125,79.28235294117647,37.90625,0.8731726364245316,51577488033724.96,674194.6839999999,18.87108714717807
2.6174642126789363,3.44,1.382051282051282,-2.1281481481481483,-2.057948717948718,2.46,115.33667348329922,138.2,79.04567901234569,81.48803418803419,-56.7119658119658,-59.1543209876543,0.5719658394525737,28978758058.690765,407418812051.6349,467297735825.1255,14.059222663251763,0.04504031431643218,0.05143416998023586,0.31901840490797545,0.06748466257668712,18.0,-1.217228042034996,1.1479613091338083,9.326380368098159,283.72821676891607,-2.6643292104590706,14394.12074755737,7.28042328042328,91.14912280701755,78.10052910052909,0.652825793916348,22264607891797.707,128748.45496383958,24.235148586089117
2.284808510638298,3.44,1.2086000000000001,-2.360608695652174,-2.2314,2.55,110.91587639311044,138.2,82.44548654244306,101.87461904761905,-36.32538095238094,-55.754513457556925,0.5965664728107314,28978758058.690765,156357097511.00046,197960072888.8996,5.395576207728777,0.02483297593833817,0.037856585398918535,0.2127659574468085,0.2765957446808511,7.0,-1.4082600032515589,0.7320378309419071,38.225531914893615,282.8354848024316,-1.3845504911452629,13322.772941622037,8.086956521739133,91.08235294117648,62.14782608695654,0.9591388233798186,5673062519568.356,487722.71789999993,19.71980244228969
2.3286956521739133,3.44,1.28,-2.3236363636363633,-2.16,2.46,110.34057971014491,138.2,79.94848484848484,94.88666666666666,-43.31333333333333,-58.25151515151515,0.5784984431872999,28978758058.690765,219785282903.063,334301851876.2142,7.584358255033953,0.02859405028735975,0.04512913285441368,0.21739130434782608,0.2608695652173913,7.0,-1.3442200188970348,0.8799188391651387,36.052173913043475,271.4378260869565,-1.6656467535573225,13254.071328502414,6.363636363636363,90.3529411764706,51.63636363636363,1.0549201679861442,24972109872925.39,602224.56,18.83123493572737
1.8176923076923077,2.5933333333333333,2.19,-1.4404761904761905,-0.4033333333333333,1.6800000000000002,120.15384615384616,190.0,60.285714285714285,17.0,-173.0,-129.71428571428572,0.31729323308270674,10830828501.851728,5666901083931.938,38922178734970.945,523.2195379109805,0.05471521942110178,0.29411764705882354,0.07692307692307693,0.46153846153846156,2.0,-0.4570533476548514,2.7186839529165523,87.6923076923077,201.85846153846157,-7.097345604908631,18869.730769230773,0.0,108.42857142857143,12.857142857142856,0.0,0.0,0.0,17.5424069615194
2.0989655172413793,2.58,1.9585714285714284,-1.0730769230769235,-0.6214285714285717,1.6,124.79310344827586,184.0,51.92307692307692,38.57142857142857,-145.42857142857144,-132.0769230769231,0.282190635451505,12278644599.949677,12091271302411.543,22348628296971.062,984.7399038213956,0.10418987600117478,0.18079707130376904,0.2413793103448276,0.20689655172413793,20.0,-0.3028122588114228,2.9933215368412873,38.06896551724138,199.6689655172414,-13.761078238001318,20130.718390804595,2.307692307692308,106.7391304347826,30.0,0.6829081047004717,12322697018902.604,34508.60679183672,25.0311047872278
2.328478260869565,3.44,1.2518181818181817,-2.324090909090909,-2.1881818181818184,2.46,110.49891304347825,138.2,80.27954545454546,93.05909090909091,-45.140909090909076,-57.92045454545453,0.5808939613208789,28978758058.690765,196446774998.60626,268538741238.44217,6.778992205281607,0.027057473585877553,0.03930013235694029,0.2391304347826087,0.2391304347826087,7.0,-1.3500503746516608,0.8311651345429973,33.04782608695652,271.8273260869565,-1.5671811689456574,13234.09635869565,7.636363636363636,93.17142857142858,63.590909090909086,0.9164648855394713,40632956376640.99,190694.1822231405,20.54058046648674
2.206590909090909,3.44,1.934,-2.26125,-1.506,2.46,97.07386363636363,138.2,62.802083333333336,44.95,-93.24999999999999,-75.39791666666665,0.4544289676796913,28978758058.690765,478138968290.88074,1822518774512.9001,16.499636296438393,0.03133362312254462,0.09410509469191784,0.11363636363636363,0.43181818181818177,14.0,-1.027577503165702,1.2174743711114369,59.677272727272715,238.80170454545453,-2.362489905058358,10879.048011363637,1.7916666666666672,74.64,20.45833333333334,0.5004024235381879,22142690222198.113,151041.04959999997,13.141837333300796
2.8794182825484764,3.44,1.9329,-1.672479338842975,-1.5070999999999999,2.46,105.32340720221606,138.2,40.11363636363637,34.3625,-103.83749999999999,-98.08636363636361,0.2902578608077885,28978758058.690765,19549686765568.555,23629006476498.61,674.621276935834,0.17016153526824865,0.20278434656346975,0.2770083102493075,0.05817174515235457,15.0,-0.4854502751377864,2.8290600343185033,8.039335180055401,259.0955817174515,-16.69052622524335,13414.983829639887,0.6942148760330578,79.54411764705884,40.570247933884296,0.7197744066642688,54571347749919.766,630370.7435999999,19.213603304161072
2.852459016393443,3.44,1.9292000000000002,-1.706666666666666,-1.5107999999999997,2.46,104.77185792349727,138.2,41.09920634920635,34.235,-103.96499999999999,-97.10079365079363,0.2973893368249374,28978758058.690765,18786720215870.34,23638935221719.348,648.2928004651386,0.16360270442892327,0.20228755572859144,0.273224043715847,0.07103825136612021,15.0,-0.5075444681812263,2.8117711986264666,9.817486338797814,257.7387704918033,-15.88595244346466,13294.169330601093,0.5555555555555556,79.57647058823531,38.42857142857143,0.8802861522293415,52980436885729.09,588354.77749056,18.815476298517893
1.8852901160464184,2.58,2.1248829431438123,-1.3364742109314858,-0.45511705685618775,1.6,118.85274109643856,184.0,58.670515781370284,29.140468227424744,-154.85953177257525,-125.32948421862972,0.31886149881179504,12278644599.949677,6180052310390.372,26433221212168.305,503.31714222070576,0.06257930572719246,0.22232676697260262,0.11964785914365746,0.4001600640256102,0.0,-0.42615017002092465,2.701841722062309,73.62945178071229,190.16438575430172,-7.843032109548972,18222.496598639453,1.0161662817551964,105.71847898599066,18.263279445727488,0.845709674354749,1887265454375.246,132790.21708915115,18.020378622260722
2.8440217391304348,3.44,1.9356,-1.7134375,-1.5044,2.46,104.30434782608694,138.2,40.75,33.26,-104.94,-97.44999999999999,0.2948625180897251,28978758058.690765,18517163671478.574,23667150153040.117,638.9909337720998,0.16169136747345303,0.2028168022178717,0.2717391304347826,0.07608695652173914,15.0,-0.5052284958393632,2.8054946962794,10.515217391304347,256.58869565217384,-15.756823760287995,13214.60081521739,0.5,79.42352941176472,37.09375,0.8731726364245316,48433241324574.64,550400.05453024,18.603872468654586
2.8440217391304348,3.44,1.9356,-1.7134375,-1.5044,2.46,104.30434782608694,138.2,40.75,33.26,-104.94,-97.44999999999999,0.2948625180897251,28978758058.690765,18517163671478.574,23667150153040.117,638.9909337720998,0.16169136747345303,0.2028168022178717,0.2717391304347826,0.07608695652173914,15.0,-0.5052284958393632,2.8054946962794,10.515217391304347,256.58869565217384,-15.756823760287995,13214.60081521739,0.5,79.42352941176472,37.09375,0.8731726364245316,48433241324574.64,550400.05453024,18.603872468654586
2.6224539877300614,3.4472,1.383846153846154,-2.133866666666667,-2.063353846153846,3.0,115.1581458759373,138.099,78.74409171075837,81.12264957264956,-56.976350427350425,-59.35490828924162,0.5702003034834313,28821162874.381588,417342909298.23193,479321161335.4258,14.480432698612505,0.0450138415626867,0.05140209722089036,0.3190184049079755,0.06748466257668713,18.0,-1.2167314209265114,1.1607815394724579,9.319564417177915,345.4744376278119,-2.6717924376997217,14365.020241422402,7.238095238095237,91.09649122807018,77.5079365079365,0.7604822988741512,28192019742223.957,140236.11197514794,24.155690752226672
2.2262790697674415,3.44,1.8579999999999997,-2.2691304347826087,-1.5820000000000003,2.46,97.63953488372091,138.2,62.369565217391305,43.9,-94.29999999999998,-75.83043478260868,0.45129931416346825,28978758058.690765,548053989513.87274,2073371040232.2417,18.912266302230666,0.033605869777834474,0.10125366764470525,0.11627906976744184,0.41860465116279066,14.0,-1.0240570089648438,1.2767435745128701,57.851162790697664,240.19325581395344,-2.548347716500917,11015.498255813953,1.565217391304348,74.68,20.956521739130434,0.6730116670092565,33214035333297.164,226561.57439999998,13.228773303474963
2.2827966101694916,3.44,1.2252000000000003,-2.354310344827586,-2.2147999999999994,2.46,110.64406779661016,138.2,82.13793103448276,101.46,-36.739999999999995,-56.06206896551723,0.5943410349817856,28978758058.690765,170050095464.33258,230367873915.6747,5.868094661611433,0.02497732009195667,0.038391827057783906,0.211864406779661,0.2796610169491525,7.0,-1.3992632470131519,0.76849711108193,38.649152542372875,272.184406779661,-1.4002802415690738,13270.022598870055,7.551724137931036,91.1764705882353,59.275862068965516,0.8030448563658358,958291146036.6031,266931.0816,19.330589341170658
1.4315384615384614,2.19,2.01,-1.0955555555555556,-0.18000000000000016,1.21,110.3076923076923,212.0,65.11111111111111,46.0,-166.0,-146.88888888888889,0.30712788259958074,12041693654.298868,285167219873.7468,1571666508793.5586,23.68165376570118,0.022830560028627662,0.08695652173913043,0.07692307692307693,0.6153846153846154,19.0,-0.3364756580479851,1.3744120272839884,130.46153846153848,133.47230769230768,-3.3535555953161964,16795.53846153846,1.1111111111111112,113.00000000000001,15.11111111111111,0.0,0.0,0.0,13.17446307253026
1.8298095238095238,2.643333333333333,2.15375,-1.49859649122807,-0.48958333333333304,1.98,117.97619047619048,186.0,60.69298245614035,19.0,-167.0,-125.30701754385964,0.32630635729107715,11078757388.627398,4961500408876.508,34589017209597.65,447.83907028865923,0.05098178204473354,0.27250445632798576,0.0761904761904762,0.4666666666666667,2.0,-0.4890015621018212,2.65112197953017,86.8,233.59285714285716,-6.388375057096654,17980.345238095237,0.0,105.80357142857142,12.789473684210526,0.37677016125643675,107014501296.4012,205196.04109374998,16.770348046205942
2.8074999999999997,3.44,1.7299999999999998,-1.8975,-1.7100000000000002,2.46,110.675,138.2,55.625,51.666666666666664,-86.53333333333333,-82.57499999999999,0.4024963820549928,28978758058.690765,10052682739412.717,13362125382964.033,346.898328736276,0.1134649995263806,0.14634839443023587,0.25,0.08333333333333333,17.0,-0.7637368849493488,2.540202207531995,11.516666666666666,272.2605,-9.369372335890876,13930.097499999998,11.5,80.27272727272728,83.25,0.6365141682948128,120067056500143.03,1963765.6199999999,23.62450481552001
2.565,3.44,1.343333333333333,-2.1875,-2.0966666666666667,2.49,116.02833333333334,138.2,82.77083333333334,87.86111111111113,-50.33888888888886,-55.429166666666646,0.5989206464061747,28978758058.690765,319871543383.3921,385043788258.26605,11.038138443875175,0.040841157104235026,0.049516604534041754,0.3,0.1,18.0,-1.3101389140135071,1.042895836824188,13.82,288.91055000000006,-2.2637913039901596,14491.14261111111,11.75,92.16666666666666,87.375,1.0114042647073518,38079375328023.44,1009880.5555555555,26.62541039172124
2.852459016393443,3.44,1.9292000000000002,-1.706666666666666,-1.5107999999999997,2.46,104.77185792349727,138.2,41.09920634920635,34.235,-103.96499999999999,-97.10079365079363,0.2973893368249374,28978758058.690765,18786720215870.34,23638935221719.348,648.2928004651386,0.16360270442892327,0.20228755572859144,0.273224043715847,0.07103825136612021,15.0,-0.5075444681812263,2.8117711986264666,9.817486338797814,257.7387704918033,-15.88595244346466,13294.169330601093,0.5555555555555556,79.57647058823531,38.42857142857143,0.8802861522293415,52980436885729.09,588354.77749056,18.815476298517893
1.8176923076923077,2.5933333333333333,2.19,-1.4404761904761905,-0.4033333333333333,1.6800000000000002,120.15384615384616,190.0,60.285714285714285,17.0,-173.0,-129.71428571428572,0.31729323308270674,10830828501.851728,5666901083931.938,38922178734970.945,523.2195379109805,0.05471521942110178,0.29411764705882354,0.07692307692307693,0.46153846153846156,2.0,-0.4570533476548514,2.7186839529165523,87.6923076923077,201.85846153846157,-7.097345604908631,18869.730769230773,0.0,108.42857142857143,12.857142857142856,0.0,0.0,0.0,17.5424069615194
2.870550964187328,3.44,1.9387,-1.6805691056910568,-1.5012999999999999,2.46,105.09435261707988,138.2,40.4979674796748,34.2875,-103.9125,-97.70203252032519,0.2930388384925818,28978758058.690765,19232802361475.1,23627745298599.86,663.6862187993995,0.167420088328258,0.20251930123634992,0.27548209366391185,0.06336088154269973,15.0,-0.49247201873822416,2.821962799770243,8.756473829201102,258.5321074380165,-16.35728291440318,13363.752858126722,0.7479674796747968,79.45588235294119,40.056910569105696,0.7795654523164246,53200536588135.24,625629.2795999999,19.12235554995286
2.39129840546697,3.44,1.2962,-2.3019,-2.1437999999999997,2.46,112.75626423690206,138.2,82.351,97.202,-40.99799999999999,-55.84899999999999,0.5958827785817656,28978758058.690765,227195205967.85287,330035603176.9355,7.8400601401797045,0.030423000775204895,0.04603118673559499,0.22779043280182232,0.22779043280182232,7.0,-1.3716625680173662,0.8943193941191336,31.480637813211843,277.3804100227791,-1.6990941702944178,13752.237509491266,9.084999999999999,90.22123893805309,63.995,0.719774406664269,15675251288435.475,573004.8459000001,20.86108053864352
2.1620408163265306,3.327,1.9137999999999997,-2.347,-1.5165,3.0,92.53928571428571,159.22125,67.5,39.480000000000004,-102.20999999999998,-91.72125,0.4239383876209991,17123237163.408672,124354808758.77036,21569626083373.28,7.2623422529303685,0.014814814814814815,0.19369623478000114,0.0,0.4081632653061224,1.0,-0.9949833957464849,0.8610767120867289,64.98826530612244,277.61785714285713,-1.3588333333333333,12401.858176020407,0.0,65.82758620689656,9.0,0.0,0.0,0.0,8.083181153706652
2.2683613445378152,3.44,1.2086000000000001,-2.3631355932203393,-2.2314,2.46,110.39915966386555,138.2,82.12711864406778,102.02,-36.17999999999999,-56.07288135593221,0.5942627977139492,28978758058.690765,156450258903.62708,200100071100.63223,5.3987910243347175,0.024222718742191982,0.03701746808342493,0.21008403361344538,0.2857142857142857,7.0,-1.4043235690045317,0.7322965171851217,39.48571428571428,271.58193277310926,-1.3582376341490465,13211.85644257703,7.398305084745763,91.26470588235296,58.584745762711876,0.7524177643476055,496797205294.94305,238608.4704,19.160864894625853
1.814812030075188,2.643333333333333,2.1029999999999998,-1.509497716894977,-0.5403333333333333,1.98,117.52255639097743,186.0,61.23972602739725,21.799999999999997,-164.2,-124.76027397260275,0.3292458388569745,11078757388.627398,4014524160171.9575,28522591074075.035,362.3623136916925,0.045969770224403586,0.24224598930481284,0.07518796992481203,0.47368421052631576,2.0,-0.49699584205177455,2.5591430239749533,88.10526315789473,232.6946616541353,-5.735201127654188,17814.23872180451,0.0,105.92857142857142,12.698630136986303,0.6108643020548935,205467842489.09027,393976.39890000003,16.55547543137663
2.6036916835699797,3.44,1.385714285714286,-2.1362694300518132,-2.0542857142857143,2.46,114.73975659229208,138.2,78.27305699481865,81.00129870129871,-57.19870129870128,-59.92694300518134,0.5663752315109888,28978758058.690765,402134709581.1176,472481567581.5822,13.876878669771596,0.0443060828983096,0.05177465078958426,0.31237322515212984,0.07910750507099393,18.0,-1.2099300930154437,1.1422917911232982,10.93265720081136,282.2598012170385,-2.655128104629839,14275.367971602433,6.9119170984455955,90.80616740088107,75.26943005181347,0.6478476860936295,22030712292905.49,127395.91836734694,23.700675209996216
2.847717391304348,3.44,1.9492,-1.7028124999999998,-1.4908,2.46,105.03804347826086,138.2,42.859375,35.96,-102.23999999999998,-95.34062499999999,0.3101257235890015,28978758058.690765,18458685749428.96,23592298412816.61,636.9729755859285,0.159981063419399,0.20062761302868254,0.2717391304347826,0.07608695652173914,15.0,-0.5280859586988965,2.8041210072130998,10.515217391304347,258.3935869565217,-15.252694574570135,13307.229891304347,1.75,79.82352941176472,41.09375,0.8731726364245316,48164088967652.45,565263.3245999999,19.198886158151435
2.8440217391304348,3.44,1.9356,-1.7134375,-1.5044,2.46,104.30434782608694,138.2,40.75,33.26,-104.94,-97.44999999999999,0.2948625180897251,28978758058.690765,18517163671478.574,23667150153040.117,638.9909337720998,0.16169136747345303,0.2028168022178717,0.2717391304347826,0.07608695652173914,15.0,-0.5052284958393632,2.8054946962794,10.515217391304347,256.58869565217384,-15.756823760287995,13214.60081521739,0.5,79.42352941176472,37.09375,0.8731726364245316,48433241324574.64,550400.05453024,18.603872468654586
2.858131868131868,3.44,1.9124,-1.7080645161290324,-1.5275999999999998,2.46,105.66446886446886,138.2,42.692473118279565,36.73866666666667,-101.46133333333333,-95.50752688172042,0.30891803992966405,28978758058.690765,19060141084456.984,23604729790624.56,657.7280173930995,0.16519071176599032,0.20128092703427247,0.2747252747252747,0.06593406593406594,15.0,-0.5276519423959908,2.818046341996187,9.112087912087912,259.93459340659336,-15.776956344600851,13458.485909645908,1.2580645161290323,80.02352941176471,42.38709677419355,0.8030448563658357,66127781317833.64,595924.0344,19.26925526696242
2.2968522483940044,3.44,1.21625,-2.3517621145374448,-2.22375,2.46,111.06745182012845,138.2,82.38105726872247,99.98076923076923,-38.21923076923076,-55.81894273127752,0.5961002696723768,28978758058.690765,168354543130.90942,220392690513.3431,5.809584482190039,0.025338771703778556,0.03778537456284144,0.22269807280513917,0.2633832976445396,7.0,-1.40188603068105,0.76414507153917,36.39957173447537,273.225931477516,-1.4143834466141305,13359.14703783012,7.9074889867841405,91.5843023255814,62.16299559471366,0.9550618328711267,18139467644435.906,343785.52503328404,19.90926711820423
1.858941176470588,2.58,2.051,-1.3620000000000003,-0.5289999999999999,1.6,117.74705882352941,184.0,58.85555555555556,28.599999999999998,-155.4,-125.14444444444445,0.31986714975845415,12278644599.949677,4810145268331.521,21210411876836.152,391.74887986832323,0.056265027847863885,0.2013407734635356,0.11764705882352941,0.4117647058823529,13.0,-0.4356590579710147,2.5930077633596404,75.76470588235294,188.39529411764707,-7.041255651672122,17932.59705882353,0.4444444444444445,105.62,16.42222222222222,0.9433483923290393,1468860829679.5615,432856.07987599995,17.197432455590548
2.32,3.44,1.24,-2.341818181818182,-2.2,2.46,110.79710144927535,138.2,80.90303030303029,96.98666666666665,-41.21333333333334,-57.2969696969697,0.5854054291102048,28978758058.690765,191425078025.15363,271909401144.81357,6.605703309902372,0.027509031299527465,0.04274209108118265,0.21739130434782608,0.2608695652173913,7.0,-1.3709130776253522,0.8199190637898776,36.052173913043475,272.56086956521733,-1.576184132762016,13314.674589371978,8.0,90.3529411764706,63.09090909090909,1.0549201679861442,2697479748415.537,1082522.1600000001,19.95507695188962
1.8907543753771878,2.58,2.1256,-1.3326487747957994,-0.45440000000000014,1.6,119.40826795413398,184.0,59.11260210035006,31.560000000000002,-152.44,-124.88739789964994,0.32126414184972857,12278644599.949677,6665779310690.971,28154358799538.254,542.875824479706,0.064565520795097,0.22799658994032398,0.12070006035003017,0.39649969824984915,13.0,-0.4281322650218647,2.734700501945169,72.95594447797224,191.05322872661438,-8.063419886135401,18338.254828002413,1.306884480746791,106.33600000000001,19.483080513418905,0.5929533174474744,3503148224605.086,7108.683805439998,18.214558404258522
2.2901063829787236,3.44,1.2214285714285715,-2.349782608695652,-2.2185714285714284,2.46,110.92765957446808,138.2,82.4695652173913,100.29047619047618,-37.909523809523805,-55.73043478260868,0.596740703454351,28978758058.690765,156832306792.282,195495994927.41492,5.41197474628309,0.02474518313285484,0.03656705017814058,0.22340425531914893,0.26595744680851063,7.0,-1.4022109268778433,0.7333557613964852,36.75531914893617,272.88204255319147,-1.379059814769275,13320.732269503544,7.782608695652174,91.84057971014492,61.2391304347826,0.8324075743474855,21179186414268.516,272291.04435827665,19.88889894613296
2.9230939226519337,3.44,2.11,-1.5337704918032786,-1.33,2.46,103.62845303867404,138.2,35.618852459016395,28.605,-109.59499999999998,-102.5811475409836,0.25773409883514037,28978758058.690765,19673027324075.7,23973735277445.426,678.8775172570149,0.17546772381370512,0.21081136379346097,0.27624309392265195,0.06077348066298342,15.0,-0.39530495552484807,2.83179142615429,8.398895027624308,254.92599447513814,-17.999680465214247,13221.21885359116,3.114754098360656,78.31764705882354,39.85245901639344,0.7524177643476055,834667311942.0203,187409.62495204003,19.94534278728165
2.91021978021978,3.44,2.102,-1.5551612903225807,-1.338,2.46,103.43131868131867,138.2,36.137096774193544,28.61,-109.58999999999999,-102.06290322580645,0.26148405770038746,28978758058.690765,19351082148784.645,23965496710390.86,667.7678218505031,0.17252023081575096,0.21036953065597566,0.2747252747252747,0.06593406593406594,15.0,-0.4066498845721187,2.824625487600255,9.112087912087912,254.44104395604393,-17.607915622241784,13173.73585164835,2.903225806451613,78.34117647058824,38.903225806451616,0.8030448563658357,912715123309.2666,182897.89943616005,19.722387136852348
1.8840000000000001,2.58,2.1133333333333333,-1.3384615384615386,-0.4666666666666668,1.6,119.44,184.0,59.84615384615385,34.333333333333336,-149.66666666666666,-124.15384615384616,0.32525083612040134,12278644599.949677,6119506501776.774,26103345478503.453,498.3861575244107,0.06110418898142684,0.2154021028701336,0.12,0.4,0.0,-0.43533573449961416,2.697565971463613,73.60000000000001,191.104,-7.58632007815561,18286.94,1.5384615384615385,106.66666666666667,20.153846153846153,0.6365141682948128,3861494956575.2715,7835.8507555555525,18.269338548160913
1.7394444444444446,2.58,1.1042857142857143,-1.5130000000000001,-1.4757142857142858,1.65,131.2579365079365,184.0,89.06428571428572,98.3061224489796,-85.6938775510204,-94.93571428571428,0.48404503105590063,12278644599.949677,188574529203.98254,216097266537.64493,15.357927144886611,0.022075645393712717,0.025187429927526102,0.3888888888888889,0.16666666666666666,20.0,-0.7323601319875778,1.1863326030466221,30.666666666666664,216.57559523809522,-2.095767163770255,19787.080782312925,0.4,124.86666666666667,28.0,0.5982695885852573,4070472034027.1494,503124.1258979593,23.684213978712997
2.8510928961748636,3.44,1.9242,-1.7106349206349203,-1.5158,2.46,104.9603825136612,138.2,41.6468253968254,34.925,-103.27499999999999,-96.5531746031746,0.30135184802333864,28978758058.690765,18771770486169.75,23620098562296.605,647.7769146680208,0.16316281296736,0.2017332924870217,0.273224043715847,0.07103825136612021,15.0,-0.5155029946265904,2.8114254666581986,9.817486338797814,258.2025409836065,-15.753887569182629,13318.111953551912,0.5714285714285714,79.68823529411765,38.87301587301587,0.8802861522293415,55481133092245.52,603887.0061776398,18.86804059025176
2.6174642126789363,3.44,1.382051282051282,-2.1281481481481483,-2.057948717948718,2.46,115.33667348329922,138.2,79.04567901234569,81.48803418803419,-56.7119658119658,-59.1543209876543,0.5719658394525737,28978758058.690765,407418812051.6349,467297735825.1255,14.059222663251763,0.04504031431643218,0.05143416998023586,0.31901840490797545,0.06748466257668712,18.0,-1.217228042034996,1.1479613091338083,9.326380368098159,283.72821676891607,-2.6643292104590706,14394.12074755737,7.28042328042328,91.14912280701755,78.10052910052909,0.652825793916348,22264607891797.707,128748.45496383958,24.235148586089117
1.8992682926829267,2.58,1.9841176470588235,-1.329047619047619,-0.5958823529411765,1.69,120.6492450638792,184.0,60.31519274376417,40.87394957983193,-143.12605042016807,-123.68480725623583,0.32779996056393573,12278644599.949677,6394415584315.883,23360462388764.543,520.7753618296022,0.06483448164620802,0.200181815425272,0.1382113821138211,0.3739837398373983,13.0,-0.4356617571114022,2.7166504293340203,68.81300813008129,203.89722415795586,-8.019040365969198,18682.015181682433,1.4285714285714288,107.67532467532469,21.93650793650794,0.923840705630872,234723048716551.66,172108.04809688585,19.096966428720183
1.8389230769230769,2.6393333333333335,2.19,-1.4864761904761907,-0.4493333333333336,1.98,119.1692307692308,187.86666666666667,60.285714285714285,17.0,-170.86666666666667,-127.5809523809524,0.32089627902260975,10755458643.19725,5666901083931.938,38922178734970.945,526.8860466044572,0.05471521942110178,0.29411764705882354,0.07692307692307693,0.46153846153846156,2.0,-0.4770046783795137,2.7217166974095153,86.70769230769231,235.95507692307697,-6.980619803476948,18430.83846153846,0.0,107.19999999999999,12.857142857142856,0.0,0.0,0.0,17.89449143329851
2.2716315789473684,3.44,1.2112500000000002,-2.3615957446808507,-2.22875,2.46,110.49157894736841,138.2,82.1936170212766,102.03,-36.16999999999999,-56.006382978723394,0.5947439726575731,28978758058.690765,154178076406.5029,194439487730.94183,5.32038247098946,0.024272182661951535,0.037039629255586105,0.21052631578947367,0.28421052631578947,7.0,-1.4045448350027088,0.725942853924672,39.2778947368421,271.8092842105263,-1.3593971578947874,13229.65350877193,7.48936170212766,91.28676470588235,58.95744680851064,0.7665283304918402,13261148220981.182,218534.36306775,19.231732294047895
1.8860000000000001,2.58,2.13,-1.3346153846153845,-0.4500000000000002,1.6,118.52,184.0,58.07692307692308,26.666666666666668,-157.33333333333334,-125.92307692307692,0.31563545150501676,12278644599.949677,6204582466640.243,26472007992911.816,505.31493245318563,0.06333384338499429,0.22506393861892585,0.12,0.4,13.0,-0.4212519295086185,2.7035621321709424,73.60000000000001,189.632,-7.975192432402742,18181.14,0.7692307692307693,105.26666666666668,17.384615384615387,0.6365141682948128,699509401181.5226,177647.73555555558,17.913909051392793
