feature,importance,importance_share
Ōá‚Āļ(incl Li‚Āļ) - Ōá‚ĀĽ,45,0.1618705035971223
chi_range_x_r_avg,31,0.11151079136690648
r‚Āļ(excl Li‚Āļ) - r‚ĀĽ,24,0.08633093525179857
Li_channel_size,18,0.06474820143884892
r‚āź‚āó‚āó (pm),18,0.06474820143884892
Ōá‚Āļ(excl Li‚Āļ) - Ōá‚ĀĽ,18,0.06474820143884892
ŌĀ‚Āļ(incl Li‚Āļ) / ŌĀ‚ĀĽ,17,0.06115107913669065
Ōá‚Āļ(excl Li‚Āļ),17,0.06115107913669065
Ōá‚āź‚āó‚āó,16,0.05755395683453238
r_ratio_x_chi_diff,12,0.04316546762589928
