group_id,pair_id,化学式_a,化学式_b,电导率_a,电导率_b,电导率变化值,温度,合成方法,family,doi
trgrp_0002,trpair_000001,Li6BaLa2Ta2O12,Li6SrLa2Ta2O12,4e-05,7e-06,-3.3e-05,RT,unknow,garnet_like,10.1002/adfm.200400044
trgrp_0003,trpair_000002,Li3YCl6,Li3YBr6,0.000539,0.00192,0.001381,RT,unknow,halides,10.1002/adma.201803075
trgrp_0004,trpair_000003,Li6PI3,Li3YbCl6,6.2e-4,≈4.0e-4,-0.00021999999999999998,RT,unknow,halides,10.1002/adma.202501838
trgrp_0004,trpair_000004,Li6PI3,Li3LuCl6,6.2e-4,≈4.0e-4,-0.00021999999999999998,RT,unknow,halides,10.1002/adma.202501838
trgrp_0004,trpair_000005,Li6PI3,Li3YCl6,6.2e-4,≈4.0e-4,-0.00021999999999999998,RT,unknow,halides,10.1002/adma.202501838
trgrp_0004,trpair_000006,Li3YbCl6,Li3LuCl6,≈4.0e-4,≈4.0e-4,0.0,RT,unknow,halides,10.1002/adma.202501838
trgrp_0004,trpair_000007,Li3YbCl6,Li3YCl6,≈4.0e-4,≈4.0e-4,0.0,RT,unknow,halides,10.1002/adma.202501838
trgrp_0004,trpair_000008,Li3LuCl6,Li3YCl6,≈4.0e-4,≈4.0e-4,0.0,RT,unknow,halides,10.1002/adma.202501838
trgrp_0009,trpair_000009,Li2.4Zr0.8Zn0.2Cl6,Li2ZrCl6,1.00e-3,4.17e-4,-0.000583,27（外推）,机械化学球磨,halides,10.1002/aenm.202405760
trgrp_0010,trpair_000010,Li3Zr0.5Zn0.5Cl6,Li2.8Zr0.6Zn0.4Cl6,~3.0e-4,~6.0e-4,0.0003,30,机械化学球磨,halides,10.1002/aenm.202405760
trgrp_0010,trpair_000011,Li3Zr0.5Zn0.5Cl6,Li2.6Zr0.7Zn0.3Cl6,~3.0e-4,~9.0e-4,0.0006000000000000001,30,机械化学球磨,halides,10.1002/aenm.202405760
trgrp_0010,trpair_000012,Li3Zr0.5Zn0.5Cl6,Li2.4Zr0.8Zn0.2Cl6,~3.0e-4,9.8e-4,0.00068,30,机械化学球磨,halides,10.1002/aenm.202405760
trgrp_0010,trpair_000013,Li3Zr0.5Zn0.5Cl6,Li2.2Zr0.9Zn0.1Cl6,~3.0e-4,~7.0e-4,0.0004,30,机械化学球磨,halides,10.1002/aenm.202405760
trgrp_0010,trpair_000014,Li3Zr0.5Zn0.5Cl6,Li2ZrCl6,~3.0e-4,1.4e-4,-0.00015999999999999999,30,机械化学球磨,halides,10.1002/aenm.202405760
trgrp_0010,trpair_000015,Li2.8Zr0.6Zn0.4Cl6,Li2.6Zr0.7Zn0.3Cl6,~6.0e-4,~9.0e-4,0.00030000000000000003,30,机械化学球磨,halides,10.1002/aenm.202405760
trgrp_0010,trpair_000016,Li2.8Zr0.6Zn0.4Cl6,Li2.4Zr0.8Zn0.2Cl6,~6.0e-4,9.8e-4,0.00038,30,机械化学球磨,halides,10.1002/aenm.202405760
trgrp_0010,trpair_000017,Li2.8Zr0.6Zn0.4Cl6,Li2.2Zr0.9Zn0.1Cl6,~6.0e-4,~7.0e-4,0.00010000000000000005,30,机械化学球磨,halides,10.1002/aenm.202405760
trgrp_0010,trpair_000018,Li2.8Zr0.6Zn0.4Cl6,Li2ZrCl6,~6.0e-4,1.4e-4,-0.00045999999999999996,30,机械化学球磨,halides,10.1002/aenm.202405760
trgrp_0010,trpair_000019,Li2.6Zr0.7Zn0.3Cl6,Li2.4Zr0.8Zn0.2Cl6,~9.0e-4,9.8e-4,7.999999999999999e-05,30,机械化学球磨,halides,10.1002/aenm.202405760
trgrp_0010,trpair_000020,Li2.6Zr0.7Zn0.3Cl6,Li2.2Zr0.9Zn0.1Cl6,~9.0e-4,~7.0e-4,-0.00019999999999999998,30,机械化学球磨,halides,10.1002/aenm.202405760
trgrp_0010,trpair_000021,Li2.6Zr0.7Zn0.3Cl6,Li2ZrCl6,~9.0e-4,1.4e-4,-0.00076,30,机械化学球磨,halides,10.1002/aenm.202405760
trgrp_0010,trpair_000022,Li2.4Zr0.8Zn0.2Cl6,Li2.2Zr0.9Zn0.1Cl6,9.8e-4,~7.0e-4,-0.00028,30,机械化学球磨,halides,10.1002/aenm.202405760
trgrp_0010,trpair_000023,Li2.4Zr0.8Zn0.2Cl6,Li2ZrCl6,9.8e-4,1.4e-4,-0.00084,30,机械化学球磨,halides,10.1002/aenm.202405760
trgrp_0010,trpair_000024,Li2.2Zr0.9Zn0.1Cl6,Li2ZrCl6,~7.0e-4,1.4e-4,-0.00056,30,机械化学球磨,halides,10.1002/aenm.202405760
trgrp_0011,trpair_000025,LiTaOCl4,LiNbOCl4,0.0124,0.0104,-0.002,RT,球磨 + 退火,halides,10.1002/anie.202217581
trgrp_0012,trpair_000026,LiGe2(PO4)3,LiHf2(PO4)3,3.33e-07,2.83e-07,-5e-08,RT,unknow,nasicon,10.1002/chin.199345017
trgrp_0013,trpair_000027,Li6PS5Cl,Li6PS5I,3.3e-05,0.00022,0.000187,RT,unknow,argyrodites,10.1002/pssa.201001117
trgrp_0013,trpair_000028,Li6PS5Cl,Li6PS5Br,3.3e-05,3.2e-05,-1.000000000000004e-06,RT,unknow,argyrodites,10.1002/pssa.201001117
trgrp_0013,trpair_000029,Li6PS5I,Li6PS5Br,0.00022,3.2e-05,-0.00018800000000000002,RT,unknow,argyrodites,10.1002/pssa.201001117
trgrp_0014,trpair_000030,Li2.3ZrCl6.1F0.2,Li2ZrCl6,6.50e-4,2.94e-4,-0.000356,27（外推）,机械化学球磨,halides,10.1002/smll.202407418
trgrp_0015,trpair_000031,Li2.4ZrCl6F0.4,Li2.3ZrCl6F0.3,~4.0e-4,~5.5e-4,0.00015000000000000001,30,机械化学球磨,halides,10.1002/smll.202407418
trgrp_0015,trpair_000032,Li2.3ZrCl6F0.3,Li2.4ZrCl6.3F0.2,~5.5e-4,~6.0e-4,4.9999999999999914e-05,30,机械化学球磨,halides,10.1002/smll.202407418
trgrp_0015,trpair_000033,Li2.4ZrCl6.3F0.2,Li2.2ZrCl6F0.2,~6.0e-4,6.37e-4,3.700000000000003e-05,30,机械化学球磨,halides,10.1002/smll.202407418
trgrp_0015,trpair_000034,Li2.2ZrCl6F0.2,Li2.3ZrCl6.2F0.2,6.37e-4,~7.0e-4,6.300000000000001e-05,30,机械化学球磨,halides,10.1002/smll.202407418
trgrp_0015,trpair_000035,Li2.3ZrCl6.2F0.2,Li2.1ZrCl6F0.1,~7.0e-4,~4.5e-4,-0.00025,30,机械化学球磨,halides,10.1002/smll.202407418
trgrp_0016,trpair_000036,Li2ZrCl5.5Br0.5,Li2ZrCl5Br,5.5e-4,3.8e-4,-0.00017,30,机械化学球磨,halides,10.1002/smll.202505926
trgrp_0016,trpair_000037,Li2ZrCl5Br,Li2ZrCl4.5Br1.5,3.8e-4,2.5e-4,-0.00013000000000000002,30,机械化学球磨,halides,10.1002/smll.202505926
trgrp_0016,trpair_000038,Li2ZrCl4.5Br1.5,Li2ZrCl4Br2,2.5e-4,2.1e-4,-3.9999999999999996e-05,30,机械化学球磨,halides,10.1002/smll.202505926
trgrp_0017,trpair_000039,Li2ZrCl4.5I1.5,Li2ZrCl5I,6.3e-4,7.7e-4,0.00013999999999999993,30,机械化学球磨（600 rpm，10 h）,halides,10.1002/smll.202505926
trgrp_0017,trpair_000040,Li2ZrCl4.5I1.5,Li2ZrCl5.25I0.75,6.3e-4,8.5e-4,0.00021999999999999993,30,机械化学球磨（600 rpm，10 h）,halides,10.1002/smll.202505926
trgrp_0017,trpair_000041,Li2ZrCl4.5I1.5,Li2ZrCl5.5I0.5,6.3e-4,9.3e-4,0.00030000000000000003,30,机械化学球磨（600 rpm，10 h）,halides,10.1002/smll.202505926
trgrp_0017,trpair_000042,Li2ZrCl4.5I1.5,Li2ZrCl5.75I0.25,6.3e-4,6.5e-4,1.9999999999999944e-05,30,机械化学球磨（600 rpm，10 h）,halides,10.1002/smll.202505926
trgrp_0017,trpair_000043,Li2ZrCl4.5I1.5,Li2ZrCl6,6.3e-4,4.7e-4,-0.00016000000000000004,30,机械化学球磨（600 rpm，10 h）,halides,10.1002/smll.202505926
trgrp_0017,trpair_000044,Li2ZrCl5I,Li2ZrCl5.25I0.75,7.7e-4,8.5e-4,7.999999999999999e-05,30,机械化学球磨（600 rpm，10 h）,halides,10.1002/smll.202505926
trgrp_0017,trpair_000045,Li2ZrCl5I,Li2ZrCl5.5I0.5,7.7e-4,9.3e-4,0.0001600000000000001,30,机械化学球磨（600 rpm，10 h）,halides,10.1002/smll.202505926
trgrp_0017,trpair_000046,Li2ZrCl5I,Li2ZrCl5.75I0.25,7.7e-4,6.5e-4,-0.00011999999999999999,30,机械化学球磨（600 rpm，10 h）,halides,10.1002/smll.202505926
trgrp_0017,trpair_000047,Li2ZrCl5I,Li2ZrCl6,7.7e-4,4.7e-4,-0.0003,30,机械化学球磨（600 rpm，10 h）,halides,10.1002/smll.202505926
trgrp_0017,trpair_000048,Li2ZrCl5.25I0.75,Li2ZrCl5.5I0.5,8.5e-4,9.3e-4,8.00000000000001e-05,30,机械化学球磨（600 rpm，10 h）,halides,10.1002/smll.202505926
trgrp_0017,trpair_000049,Li2ZrCl5.25I0.75,Li2ZrCl5.75I0.25,8.5e-4,6.5e-4,-0.00019999999999999998,30,机械化学球磨（600 rpm，10 h）,halides,10.1002/smll.202505926
trgrp_0017,trpair_000050,Li2ZrCl5.25I0.75,Li2ZrCl6,8.5e-4,4.7e-4,-0.00037999999999999997,30,机械化学球磨（600 rpm，10 h）,halides,10.1002/smll.202505926
trgrp_0017,trpair_000051,Li2ZrCl5.5I0.5,Li2ZrCl5.75I0.25,9.3e-4,6.5e-4,-0.0002800000000000001,30,机械化学球磨（600 rpm，10 h）,halides,10.1002/smll.202505926
trgrp_0017,trpair_000052,Li2ZrCl5.5I0.5,Li2ZrCl6,9.3e-4,4.7e-4,-0.00046000000000000007,30,机械化学球磨（600 rpm，10 h）,halides,10.1002/smll.202505926
trgrp_0017,trpair_000053,Li2ZrCl5.75I0.25,Li2ZrCl6,6.5e-4,4.7e-4,-0.00017999999999999998,30,机械化学球磨（600 rpm，10 h）,halides,10.1002/smll.202505926
trgrp_0019,trpair_000054,LiTaO0.34S0.66Cl4,LiTaO0.5S0.5Cl4,~1.2e-3,1.89e-3,0.0006900000000000001,RT,unknow,oxyhalides,10.1002/smll.74036
trgrp_0019,trpair_000055,LiTaO0.34S0.66Cl4,LiTaO0.67S0.33Cl4,~1.2e-3,~3.5e-3,0.0023,RT,unknow,oxyhalides,10.1002/smll.74036
trgrp_0019,trpair_000056,LiTaO0.34S0.66Cl4,LiTaO0.75S0.25Cl4,~1.2e-3,~5.0e-3,0.0038000000000000004,RT,unknow,oxyhalides,10.1002/smll.74036
trgrp_0019,trpair_000057,LiTaO0.34S0.66Cl4,LiTaO0.80S0.20Cl4,~1.2e-3,~6.0e-3,0.0048000000000000004,RT,unknow,oxyhalides,10.1002/smll.74036
trgrp_0019,trpair_000058,LiTaO0.34S0.66Cl4,LiTaO0.83S0.17Cl4,~1.2e-3,~7.0e-3,0.0058000000000000005,RT,unknow,oxyhalides,10.1002/smll.74036
trgrp_0019,trpair_000059,LiTaO0.34S0.66Cl4,LiTaOCl4,~1.2e-3,~1.0e-2,0.0088,RT,unknow,oxyhalides,10.1002/smll.74036
trgrp_0019,trpair_000060,LiTaO0.5S0.5Cl4,LiTaO0.67S0.33Cl4,1.89e-3,~3.5e-3,0.00161,RT,unknow,oxyhalides,10.1002/smll.74036
trgrp_0019,trpair_000061,LiTaO0.5S0.5Cl4,LiTaO0.75S0.25Cl4,1.89e-3,~5.0e-3,0.00311,RT,unknow,oxyhalides,10.1002/smll.74036
trgrp_0019,trpair_000062,LiTaO0.5S0.5Cl4,LiTaO0.80S0.20Cl4,1.89e-3,~6.0e-3,0.00411,RT,unknow,oxyhalides,10.1002/smll.74036
trgrp_0019,trpair_000063,LiTaO0.5S0.5Cl4,LiTaO0.83S0.17Cl4,1.89e-3,~7.0e-3,0.00511,RT,unknow,oxyhalides,10.1002/smll.74036
trgrp_0019,trpair_000064,LiTaO0.5S0.5Cl4,LiTaOCl4,1.89e-3,~1.0e-2,0.008110000000000001,RT,unknow,oxyhalides,10.1002/smll.74036
trgrp_0019,trpair_000065,LiTaO0.67S0.33Cl4,LiTaO0.75S0.25Cl4,~3.5e-3,~5.0e-3,0.0015,RT,unknow,oxyhalides,10.1002/smll.74036
trgrp_0019,trpair_000066,LiTaO0.67S0.33Cl4,LiTaO0.80S0.20Cl4,~3.5e-3,~6.0e-3,0.0025,RT,unknow,oxyhalides,10.1002/smll.74036
trgrp_0019,trpair_000067,LiTaO0.67S0.33Cl4,LiTaO0.83S0.17Cl4,~3.5e-3,~7.0e-3,0.0035,RT,unknow,oxyhalides,10.1002/smll.74036
trgrp_0019,trpair_000068,LiTaO0.67S0.33Cl4,LiTaOCl4,~3.5e-3,~1.0e-2,0.006500000000000001,RT,unknow,oxyhalides,10.1002/smll.74036
trgrp_0019,trpair_000069,LiTaO0.75S0.25Cl4,LiTaO0.80S0.20Cl4,~5.0e-3,~6.0e-3,0.001,RT,unknow,oxyhalides,10.1002/smll.74036
trgrp_0019,trpair_000070,LiTaO0.75S0.25Cl4,LiTaO0.83S0.17Cl4,~5.0e-3,~7.0e-3,0.002,RT,unknow,oxyhalides,10.1002/smll.74036
trgrp_0019,trpair_000071,LiTaO0.75S0.25Cl4,LiTaOCl4,~5.0e-3,~1.0e-2,0.005,RT,unknow,oxyhalides,10.1002/smll.74036
trgrp_0019,trpair_000072,LiTaO0.80S0.20Cl4,LiTaO0.83S0.17Cl4,~6.0e-3,~7.0e-3,0.001,RT,unknow,oxyhalides,10.1002/smll.74036
trgrp_0019,trpair_000073,LiTaO0.80S0.20Cl4,LiTaOCl4,~6.0e-3,~1.0e-2,0.004,RT,unknow,oxyhalides,10.1002/smll.74036
trgrp_0019,trpair_000074,LiTaO0.83S0.17Cl4,LiTaOCl4,~7.0e-3,~1.0e-2,0.003,RT,unknow,oxyhalides,10.1002/smll.74036
trgrp_0020,trpair_000075,Li2.88PO3.73N0.14,Li3PO4,1.4e-13,4.2e-18,-1.399958e-13,RT,unknow,lisicon,10.1006/jssc.1995.1140
trgrp_0021,trpair_000076,Li4.2Si0.8Al0.2S4,Li4.4Si0.6Al0.4S4,2.4e-08,3.05e-08,6.500000000000002e-09,RT,unknow,thio_lisicon,10.1006/jssc.2002.9701
trgrp_0021,trpair_000077,Li4.2Si0.8Al0.2S4,Li4.6Si0.4Al0.6S4,2.4e-08,1.46e-08,-9.4e-09,RT,unknow,thio_lisicon,10.1006/jssc.2002.9701
trgrp_0021,trpair_000078,Li4.2Si0.8Al0.2S4,Li4.8Si0.2Al0.8S4,2.4e-08,2.29e-07,2.05e-07,RT,unknow,thio_lisicon,10.1006/jssc.2002.9701
trgrp_0021,trpair_000079,Li4.2Si0.8Al0.2S4,Li3.2Si0.2P0.8S4,2.4e-08,3.2e-06,3.1759999999999997e-06,RT,unknow,thio_lisicon,10.1006/jssc.2002.9701
trgrp_0021,trpair_000080,Li4.2Si0.8Al0.2S4,Li3.4Si0.4P0.6S4,2.4e-08,0.000662,0.000661976,RT,unknow,thio_lisicon,10.1006/jssc.2002.9701
trgrp_0021,trpair_000081,Li4.2Si0.8Al0.2S4,Li3.6Si0.6P0.4S4,2.4e-08,7.19e-05,7.1876e-05,RT,unknow,thio_lisicon,10.1006/jssc.2002.9701
trgrp_0021,trpair_000082,Li4.2Si0.8Al0.2S4,Li3.8Si0.8P0.2S4,2.4e-08,8.11e-07,7.87e-07,RT,unknow,thio_lisicon,10.1006/jssc.2002.9701
trgrp_0021,trpair_000083,Li4.2Si0.8Al0.2S4,Li4SiS4,2.4e-08,1.59e-08,-8.1e-09,RT,unknow,thio_lisicon,10.1006/jssc.2002.9701
trgrp_0021,trpair_000084,Li4.4Si0.6Al0.4S4,Li4.6Si0.4Al0.6S4,3.05e-08,1.46e-08,-1.5900000000000003e-08,RT,unknow,thio_lisicon,10.1006/jssc.2002.9701
trgrp_0021,trpair_000085,Li4.4Si0.6Al0.4S4,Li4.8Si0.2Al0.8S4,3.05e-08,2.29e-07,1.9849999999999998e-07,RT,unknow,thio_lisicon,10.1006/jssc.2002.9701
trgrp_0021,trpair_000086,Li4.4Si0.6Al0.4S4,Li3.2Si0.2P0.8S4,3.05e-08,3.2e-06,3.1695e-06,RT,unknow,thio_lisicon,10.1006/jssc.2002.9701
trgrp_0021,trpair_000087,Li4.4Si0.6Al0.4S4,Li3.4Si0.4P0.6S4,3.05e-08,0.000662,0.0006619695,RT,unknow,thio_lisicon,10.1006/jssc.2002.9701
trgrp_0021,trpair_000088,Li4.4Si0.6Al0.4S4,Li3.6Si0.6P0.4S4,3.05e-08,7.19e-05,7.18695e-05,RT,unknow,thio_lisicon,10.1006/jssc.2002.9701
trgrp_0021,trpair_000089,Li4.4Si0.6Al0.4S4,Li3.8Si0.8P0.2S4,3.05e-08,8.11e-07,7.805000000000001e-07,RT,unknow,thio_lisicon,10.1006/jssc.2002.9701
trgrp_0021,trpair_000090,Li4.4Si0.6Al0.4S4,Li4SiS4,3.05e-08,1.59e-08,-1.4600000000000002e-08,RT,unknow,thio_lisicon,10.1006/jssc.2002.9701
trgrp_0021,trpair_000091,Li4.6Si0.4Al0.6S4,Li4.8Si0.2Al0.8S4,1.46e-08,2.29e-07,2.144e-07,RT,unknow,thio_lisicon,10.1006/jssc.2002.9701
trgrp_0021,trpair_000092,Li4.6Si0.4Al0.6S4,Li3.2Si0.2P0.8S4,1.46e-08,3.2e-06,3.1854e-06,RT,unknow,thio_lisicon,10.1006/jssc.2002.9701
trgrp_0021,trpair_000093,Li4.6Si0.4Al0.6S4,Li3.4Si0.4P0.6S4,1.46e-08,0.000662,0.0006619854,RT,unknow,thio_lisicon,10.1006/jssc.2002.9701
trgrp_0021,trpair_000094,Li4.6Si0.4Al0.6S4,Li3.6Si0.6P0.4S4,1.46e-08,7.19e-05,7.18854e-05,RT,unknow,thio_lisicon,10.1006/jssc.2002.9701
trgrp_0021,trpair_000095,Li4.6Si0.4Al0.6S4,Li3.8Si0.8P0.2S4,1.46e-08,8.11e-07,7.964e-07,RT,unknow,thio_lisicon,10.1006/jssc.2002.9701
trgrp_0021,trpair_000096,Li4.6Si0.4Al0.6S4,Li4SiS4,1.46e-08,1.59e-08,1.3e-09,RT,unknow,thio_lisicon,10.1006/jssc.2002.9701
trgrp_0021,trpair_000097,Li4.8Si0.2Al0.8S4,Li3.2Si0.2P0.8S4,2.29e-07,3.2e-06,2.971e-06,RT,unknow,thio_lisicon,10.1006/jssc.2002.9701
trgrp_0021,trpair_000098,Li4.8Si0.2Al0.8S4,Li3.4Si0.4P0.6S4,2.29e-07,0.000662,0.000661771,RT,unknow,thio_lisicon,10.1006/jssc.2002.9701
trgrp_0021,trpair_000099,Li4.8Si0.2Al0.8S4,Li3.6Si0.6P0.4S4,2.29e-07,7.19e-05,7.1671e-05,RT,unknow,thio_lisicon,10.1006/jssc.2002.9701
trgrp_0021,trpair_000100,Li4.8Si0.2Al0.8S4,Li3.8Si0.8P0.2S4,2.29e-07,8.11e-07,5.820000000000001e-07,RT,unknow,thio_lisicon,10.1006/jssc.2002.9701
trgrp_0021,trpair_000101,Li4.8Si0.2Al0.8S4,Li4SiS4,2.29e-07,1.59e-08,-2.131e-07,RT,unknow,thio_lisicon,10.1006/jssc.2002.9701
trgrp_0021,trpair_000102,Li3.2Si0.2P0.8S4,Li3.4Si0.4P0.6S4,3.2e-06,0.000662,0.0006588000000000001,RT,unknow,thio_lisicon,10.1006/jssc.2002.9701
trgrp_0021,trpair_000103,Li3.2Si0.2P0.8S4,Li3.6Si0.6P0.4S4,3.2e-06,7.19e-05,6.87e-05,RT,unknow,thio_lisicon,10.1006/jssc.2002.9701
trgrp_0021,trpair_000104,Li3.2Si0.2P0.8S4,Li3.8Si0.8P0.2S4,3.2e-06,8.11e-07,-2.389e-06,RT,unknow,thio_lisicon,10.1006/jssc.2002.9701
trgrp_0021,trpair_000105,Li3.2Si0.2P0.8S4,Li4SiS4,3.2e-06,1.59e-08,-3.1840999999999997e-06,RT,unknow,thio_lisicon,10.1006/jssc.2002.9701
trgrp_0021,trpair_000106,Li3.4Si0.4P0.6S4,Li3.6Si0.6P0.4S4,0.000662,7.19e-05,-0.0005901000000000001,RT,unknow,thio_lisicon,10.1006/jssc.2002.9701
trgrp_0021,trpair_000107,Li3.4Si0.4P0.6S4,Li3.8Si0.8P0.2S4,0.000662,8.11e-07,-0.0006611890000000001,RT,unknow,thio_lisicon,10.1006/jssc.2002.9701
trgrp_0021,trpair_000108,Li3.4Si0.4P0.6S4,Li4SiS4,0.000662,1.59e-08,-0.0006619841,RT,unknow,thio_lisicon,10.1006/jssc.2002.9701
trgrp_0021,trpair_000109,Li3.6Si0.6P0.4S4,Li3.8Si0.8P0.2S4,7.19e-05,8.11e-07,-7.1089e-05,RT,unknow,thio_lisicon,10.1006/jssc.2002.9701
trgrp_0021,trpair_000110,Li3.6Si0.6P0.4S4,Li4SiS4,7.19e-05,1.59e-08,-7.18841e-05,RT,unknow,thio_lisicon,10.1006/jssc.2002.9701
trgrp_0021,trpair_000111,Li3.8Si0.8P0.2S4,Li4SiS4,8.11e-07,1.59e-08,-7.951e-07,RT,unknow,thio_lisicon,10.1006/jssc.2002.9701
trgrp_0022,trpair_000112,Li1.3Al0.1Sc0.2Ti1.7(PO4)3,Li1.3Al0.2Sc0.1Ti1.7(PO4)3,0.000426,0.000269,-0.00015700000000000002,RT,unknow,nasicon,10.1007/s10008-012-1780-x
trgrp_0023,trpair_000113,Li2.99Y0.99Zr0.01Br0.4Cl5.6,Li2.99Y0.99Zr0.01BrCl5,3.70e-4,5.40e-4,0.00017,RT,unknow,halides,10.1007/s10008-023-05612-9
trgrp_0023,trpair_000114,Li2.99Y0.99Zr0.01Br0.4Cl5.6,Li3YBr1.6Cl4.4,3.70e-4,1.06e-3,0.00069,RT,unknow,halides,10.1007/s10008-023-05612-9
trgrp_0023,trpair_000115,Li2.99Y0.99Zr0.01Br0.4Cl5.6,Li2.99Y0.84In0.08Sc0.07Zr0.01Br1.6Cl4.4,3.70e-4,5.56e-4,0.00018599999999999997,RT,unknow,halides,10.1007/s10008-023-05612-9
trgrp_0023,trpair_000116,Li2.99Y0.99Zr0.01Br0.4Cl5.6,Li2.99Y0.99Zr0.01Br1.6Cl4.4,3.70e-4,7.51e-4,0.00038100000000000005,RT,unknow,halides,10.1007/s10008-023-05612-9
trgrp_0023,trpair_000117,Li2.99Y0.99Zr0.01Br0.4Cl5.6,Li3YBr1.8Cl4.2,3.70e-4,9.74e-4,0.000604,RT,unknow,halides,10.1007/s10008-023-05612-9
trgrp_0023,trpair_000118,Li2.99Y0.99Zr0.01Br0.4Cl5.6,Li3YBr2Cl4,3.70e-4,6.29e-4,0.000259,RT,unknow,halides,10.1007/s10008-023-05612-9
trgrp_0023,trpair_000119,Li2.99Y0.99Zr0.01Br0.4Cl5.6,Li3Y0.85In0.15Cl6,3.70e-4,3.00e-4,-7.000000000000002e-05,RT,unknow,halides,10.1007/s10008-023-05612-9
trgrp_0023,trpair_000120,Li2.99Y0.99Zr0.01Br0.4Cl5.6,Li3Y0.82Sc0.18Cl6,3.70e-4,2.75e-4,-9.499999999999998e-05,RT,unknow,halides,10.1007/s10008-023-05612-9
trgrp_0023,trpair_000121,Li2.99Y0.99Zr0.01Br0.4Cl5.6,Li3YCl6,3.70e-4,1.53e-4,-0.000217,RT,unknow,halides,10.1007/s10008-023-05612-9
trgrp_0023,trpair_000122,Li2.99Y0.99Zr0.01Br0.4Cl5.6,Li2.99Y0.99Zr0.01Cl6,3.70e-4,2.76e-4,-9.400000000000001e-05,RT,unknow,halides,10.1007/s10008-023-05612-9
trgrp_0023,trpair_000123,Li2.99Y0.99Zr0.01BrCl5,Li3YBr1.6Cl4.4,5.40e-4,1.06e-3,0.00052,RT,unknow,halides,10.1007/s10008-023-05612-9
trgrp_0023,trpair_000124,Li2.99Y0.99Zr0.01BrCl5,Li2.99Y0.84In0.08Sc0.07Zr0.01Br1.6Cl4.4,5.40e-4,5.56e-4,1.5999999999999955e-05,RT,unknow,halides,10.1007/s10008-023-05612-9
trgrp_0023,trpair_000125,Li2.99Y0.99Zr0.01BrCl5,Li2.99Y0.99Zr0.01Br1.6Cl4.4,5.40e-4,7.51e-4,0.00021100000000000003,RT,unknow,halides,10.1007/s10008-023-05612-9
trgrp_0023,trpair_000126,Li2.99Y0.99Zr0.01BrCl5,Li3YBr1.8Cl4.2,5.40e-4,9.74e-4,0.00043400000000000003,RT,unknow,halides,10.1007/s10008-023-05612-9
trgrp_0023,trpair_000127,Li2.99Y0.99Zr0.01BrCl5,Li3YBr2Cl4,5.40e-4,6.29e-4,8.9e-05,RT,unknow,halides,10.1007/s10008-023-05612-9
trgrp_0023,trpair_000128,Li2.99Y0.99Zr0.01BrCl5,Li3Y0.85In0.15Cl6,5.40e-4,3.00e-4,-0.00024000000000000003,RT,unknow,halides,10.1007/s10008-023-05612-9
trgrp_0023,trpair_000129,Li2.99Y0.99Zr0.01BrCl5,Li3Y0.82Sc0.18Cl6,5.40e-4,2.75e-4,-0.000265,RT,unknow,halides,10.1007/s10008-023-05612-9
trgrp_0023,trpair_000130,Li2.99Y0.99Zr0.01BrCl5,Li3YCl6,5.40e-4,1.53e-4,-0.000387,RT,unknow,halides,10.1007/s10008-023-05612-9
trgrp_0023,trpair_000131,Li2.99Y0.99Zr0.01BrCl5,Li2.99Y0.99Zr0.01Cl6,5.40e-4,2.76e-4,-0.000264,RT,unknow,halides,10.1007/s10008-023-05612-9
trgrp_0023,trpair_000132,Li3YBr1.6Cl4.4,Li2.99Y0.84In0.08Sc0.07Zr0.01Br1.6Cl4.4,1.06e-3,5.56e-4,-0.000504,RT,unknow,halides,10.1007/s10008-023-05612-9
trgrp_0023,trpair_000133,Li3YBr1.6Cl4.4,Li2.99Y0.99Zr0.01Br1.6Cl4.4,1.06e-3,7.51e-4,-0.0003089999999999999,RT,unknow,halides,10.1007/s10008-023-05612-9
trgrp_0023,trpair_000134,Li3YBr1.6Cl4.4,Li3YBr1.8Cl4.2,1.06e-3,9.74e-4,-8.599999999999992e-05,RT,unknow,halides,10.1007/s10008-023-05612-9
trgrp_0023,trpair_000135,Li3YBr1.6Cl4.4,Li3YBr2Cl4,1.06e-3,6.29e-4,-0.00043099999999999996,RT,unknow,halides,10.1007/s10008-023-05612-9
trgrp_0023,trpair_000136,Li3YBr1.6Cl4.4,Li3Y0.85In0.15Cl6,1.06e-3,3.00e-4,-0.00076,RT,unknow,halides,10.1007/s10008-023-05612-9
trgrp_0023,trpair_000137,Li3YBr1.6Cl4.4,Li3Y0.82Sc0.18Cl6,1.06e-3,2.75e-4,-0.0007849999999999999,RT,unknow,halides,10.1007/s10008-023-05612-9
trgrp_0023,trpair_000138,Li3YBr1.6Cl4.4,Li3YCl6,1.06e-3,1.53e-4,-0.0009069999999999999,RT,unknow,halides,10.1007/s10008-023-05612-9
trgrp_0023,trpair_000139,Li3YBr1.6Cl4.4,Li2.99Y0.99Zr0.01Cl6,1.06e-3,2.76e-4,-0.000784,RT,unknow,halides,10.1007/s10008-023-05612-9
trgrp_0023,trpair_000140,Li2.99Y0.84In0.08Sc0.07Zr0.01Br1.6Cl4.4,Li2.99Y0.99Zr0.01Br1.6Cl4.4,5.56e-4,7.51e-4,0.00019500000000000008,RT,unknow,halides,10.1007/s10008-023-05612-9
trgrp_0023,trpair_000141,Li2.99Y0.84In0.08Sc0.07Zr0.01Br1.6Cl4.4,Li3YBr1.8Cl4.2,5.56e-4,9.74e-4,0.0004180000000000001,RT,unknow,halides,10.1007/s10008-023-05612-9
trgrp_0023,trpair_000142,Li2.99Y0.84In0.08Sc0.07Zr0.01Br1.6Cl4.4,Li3YBr2Cl4,5.56e-4,6.29e-4,7.300000000000004e-05,RT,unknow,halides,10.1007/s10008-023-05612-9
trgrp_0023,trpair_000143,Li2.99Y0.84In0.08Sc0.07Zr0.01Br1.6Cl4.4,Li3Y0.85In0.15Cl6,5.56e-4,3.00e-4,-0.000256,RT,unknow,halides,10.1007/s10008-023-05612-9
trgrp_0023,trpair_000144,Li2.99Y0.84In0.08Sc0.07Zr0.01Br1.6Cl4.4,Li3Y0.82Sc0.18Cl6,5.56e-4,2.75e-4,-0.00028099999999999995,RT,unknow,halides,10.1007/s10008-023-05612-9
trgrp_0023,trpair_000145,Li2.99Y0.84In0.08Sc0.07Zr0.01Br1.6Cl4.4,Li3YCl6,5.56e-4,1.53e-4,-0.00040299999999999993,RT,unknow,halides,10.1007/s10008-023-05612-9
trgrp_0023,trpair_000146,Li2.99Y0.84In0.08Sc0.07Zr0.01Br1.6Cl4.4,Li2.99Y0.99Zr0.01Cl6,5.56e-4,2.76e-4,-0.00028,RT,unknow,halides,10.1007/s10008-023-05612-9
trgrp_0023,trpair_000147,Li2.99Y0.99Zr0.01Br1.6Cl4.4,Li3YBr1.8Cl4.2,7.51e-4,9.74e-4,0.000223,RT,unknow,halides,10.1007/s10008-023-05612-9
trgrp_0023,trpair_000148,Li2.99Y0.99Zr0.01Br1.6Cl4.4,Li3YBr2Cl4,7.51e-4,6.29e-4,-0.00012200000000000004,RT,unknow,halides,10.1007/s10008-023-05612-9
trgrp_0023,trpair_000149,Li2.99Y0.99Zr0.01Br1.6Cl4.4,Li3Y0.85In0.15Cl6,7.51e-4,3.00e-4,-0.00045100000000000007,RT,unknow,halides,10.1007/s10008-023-05612-9
trgrp_0023,trpair_000150,Li2.99Y0.99Zr0.01Br1.6Cl4.4,Li3Y0.82Sc0.18Cl6,7.51e-4,2.75e-4,-0.000476,RT,unknow,halides,10.1007/s10008-023-05612-9
trgrp_0023,trpair_000151,Li2.99Y0.99Zr0.01Br1.6Cl4.4,Li3YCl6,7.51e-4,1.53e-4,-0.000598,RT,unknow,halides,10.1007/s10008-023-05612-9
trgrp_0023,trpair_000152,Li2.99Y0.99Zr0.01Br1.6Cl4.4,Li2.99Y0.99Zr0.01Cl6,7.51e-4,2.76e-4,-0.00047500000000000005,RT,unknow,halides,10.1007/s10008-023-05612-9
trgrp_0023,trpair_000153,Li3YBr1.8Cl4.2,Li3YBr2Cl4,9.74e-4,6.29e-4,-0.00034500000000000004,RT,unknow,halides,10.1007/s10008-023-05612-9
trgrp_0023,trpair_000154,Li3YBr1.8Cl4.2,Li3Y0.85In0.15Cl6,9.74e-4,3.00e-4,-0.0006740000000000001,RT,unknow,halides,10.1007/s10008-023-05612-9
trgrp_0023,trpair_000155,Li3YBr1.8Cl4.2,Li3Y0.82Sc0.18Cl6,9.74e-4,2.75e-4,-0.000699,RT,unknow,halides,10.1007/s10008-023-05612-9
trgrp_0023,trpair_000156,Li3YBr1.8Cl4.2,Li3YCl6,9.74e-4,1.53e-4,-0.000821,RT,unknow,halides,10.1007/s10008-023-05612-9
trgrp_0023,trpair_000157,Li3YBr1.8Cl4.2,Li2.99Y0.99Zr0.01Cl6,9.74e-4,2.76e-4,-0.000698,RT,unknow,halides,10.1007/s10008-023-05612-9
trgrp_0023,trpair_000158,Li3YBr2Cl4,Li3Y0.85In0.15Cl6,6.29e-4,3.00e-4,-0.00032900000000000003,RT,unknow,halides,10.1007/s10008-023-05612-9
trgrp_0023,trpair_000159,Li3YBr2Cl4,Li3Y0.82Sc0.18Cl6,6.29e-4,2.75e-4,-0.000354,RT,unknow,halides,10.1007/s10008-023-05612-9
trgrp_0023,trpair_000160,Li3YBr2Cl4,Li3YCl6,6.29e-4,1.53e-4,-0.00047599999999999997,RT,unknow,halides,10.1007/s10008-023-05612-9
trgrp_0023,trpair_000161,Li3YBr2Cl4,Li2.99Y0.99Zr0.01Cl6,6.29e-4,2.76e-4,-0.000353,RT,unknow,halides,10.1007/s10008-023-05612-9
trgrp_0023,trpair_000162,Li3Y0.85In0.15Cl6,Li3Y0.82Sc0.18Cl6,3.00e-4,2.75e-4,-2.4999999999999957e-05,RT,unknow,halides,10.1007/s10008-023-05612-9
trgrp_0023,trpair_000163,Li3Y0.85In0.15Cl6,Li3YCl6,3.00e-4,1.53e-4,-0.00014699999999999997,RT,unknow,halides,10.1007/s10008-023-05612-9
trgrp_0023,trpair_000164,Li3Y0.85In0.15Cl6,Li2.99Y0.99Zr0.01Cl6,3.00e-4,2.76e-4,-2.3999999999999987e-05,RT,unknow,halides,10.1007/s10008-023-05612-9
trgrp_0023,trpair_000165,Li3Y0.82Sc0.18Cl6,Li3YCl6,2.75e-4,1.53e-4,-0.00012200000000000001,RT,unknow,halides,10.1007/s10008-023-05612-9
trgrp_0023,trpair_000166,Li3Y0.82Sc0.18Cl6,Li2.99Y0.99Zr0.01Cl6,2.75e-4,2.76e-4,9.9999999999997e-07,RT,unknow,halides,10.1007/s10008-023-05612-9
trgrp_0023,trpair_000167,Li3YCl6,Li2.99Y0.99Zr0.01Cl6,1.53e-4,2.76e-4,0.00012299999999999998,RT,unknow,halides,10.1007/s10008-023-05612-9
trgrp_0024,trpair_000168,Li5.7Si0.2P0.8S4.1Cl1.5O0.4,Li5.55Si0.05P0.95S4.4Cl1.5O0.1,2.03e-3,~7.6e-3,0.00557,25,unknow,argyrodites,10.1007/s10854-025-14581-w
trgrp_0024,trpair_000169,Li5.7Si0.2P0.8S4.1Cl1.5O0.4,Li5.5PS4.5Cl1.5,2.03e-3,7.8e-3,0.005769999999999999,25,unknow,argyrodites,10.1007/s10854-025-14581-w
trgrp_0024,trpair_000170,Li5.55Si0.05P0.95S4.4Cl1.5O0.1,Li5.5PS4.5Cl1.5,~7.6e-3,7.8e-3,0.00019999999999999966,25,unknow,argyrodites,10.1007/s10854-025-14581-w
trgrp_0025,trpair_000171,Li1.15Fe0.15Ti1.85(PO4)3,LiTi2(PO4)3,0.000522,7.2e-05,-0.00045,RT,unknow,nasicon,10.1007/s11164-013-1348-0
trgrp_0026,trpair_000172,Li0.33La0.56Ti0.99Al0.01O2.99F0.01,Li0.33La0.56Ti0.98Al0.02O2.98F0.02,0.00098,0.00106,7.999999999999999e-05,RT,unknow,perovskites,10.1007/s11581-006-0011-9
trgrp_0026,trpair_000173,Li0.33La0.56Ti0.98Al0.02O2.98F0.02,Li0.33La0.56Ti0.97Al0.03O2.97F0.03,0.00106,0.000928,-0.00013199999999999996,RT,unknow,perovskites,10.1007/s11581-006-0011-9
trgrp_0026,trpair_000174,Li0.33La0.56Ti0.97Al0.03O2.97F0.03,Li0.33La0.56Ti0.96Al0.04O2.96F0.04,0.000928,0.000622,-0.00030599999999999996,RT,unknow,perovskites,10.1007/s11581-006-0011-9
trgrp_0026,trpair_000175,Li0.33La0.56Ti0.96Al0.04O2.96F0.04,Li0.33La0.56Ti0.95Al0.05O2.95F0.05,0.000622,0.000176,-0.00044600000000000005,RT,unknow,perovskites,10.1007/s11581-006-0011-9
trgrp_0026,trpair_000176,Li0.33La0.56Ti0.95Al0.05O2.95F0.05,Li0.33La0.56Ti0.94Al0.06O2.94F0.06,0.000176,0.000106,-7e-05,RT,unknow,perovskites,10.1007/s11581-006-0011-9
trgrp_0026,trpair_000177,Li0.33La0.56Ti0.94Al0.06O2.94F0.06,Li0.33La0.56Ti0.93Al0.07O2.93F0.07,0.000106,0.000645,0.000539,RT,unknow,perovskites,10.1007/s11581-006-0011-9
trgrp_0026,trpair_000178,Li0.33La0.56Ti0.93Al0.07O2.93F0.07,Li0.33La0.56Ti0.92Al0.08O2.92F0.08,0.000645,0.000494,-0.00015099999999999998,RT,unknow,perovskites,10.1007/s11581-006-0011-9
trgrp_0027,trpair_000179,Li5.25Ba0.25La2.75Ta2O12,Li5.5Ba0.5La2.5Ta2O12,7.41e-06,1.41e-05,6.69e-06,RT,unknow,garnet,10.1007/s11581-007-0097-8
trgrp_0027,trpair_000180,Li5.25Ba0.25La2.75Ta2O12,Li6BaLa2Ta2O12,7.41e-06,2.95e-05,2.209e-05,RT,unknow,garnet,10.1007/s11581-007-0097-8
trgrp_0027,trpair_000181,Li5.25Ba0.25La2.75Ta2O12,Li6.25Ba1.25La1.75Ta2O12,7.41e-06,4.99e-05,4.249e-05,RT,unknow,garnet,10.1007/s11581-007-0097-8
trgrp_0027,trpair_000182,Li5.25Ba0.25La2.75Ta2O12,Li6.5Ba1.5La1.5Ta2O12,7.41e-06,3.08e-05,2.3390000000000005e-05,RT,unknow,garnet,10.1007/s11581-007-0097-8
trgrp_0027,trpair_000183,Li5.25Ba0.25La2.75Ta2O12,Li6.75Ba1.75La1.25Ta2O12,7.41e-06,1.18e-05,4.39e-06,RT,unknow,garnet,10.1007/s11581-007-0097-8
trgrp_0027,trpair_000184,Li5.25Ba0.25La2.75Ta2O12,Li7Ba2LaTa2O12,7.41e-06,2.85e-06,-4.56e-06,RT,unknow,garnet,10.1007/s11581-007-0097-8
trgrp_0027,trpair_000185,Li5.25Ba0.25La2.75Ta2O12,Li5La3Ta2O12,7.41e-06,6.61e-06,-8e-07,RT,unknow,garnet,10.1007/s11581-007-0097-8
trgrp_0027,trpair_000186,Li5.5Ba0.5La2.5Ta2O12,Li6BaLa2Ta2O12,1.41e-05,2.95e-05,1.5399999999999998e-05,RT,unknow,garnet,10.1007/s11581-007-0097-8
trgrp_0027,trpair_000187,Li5.5Ba0.5La2.5Ta2O12,Li6.25Ba1.25La1.75Ta2O12,1.41e-05,4.99e-05,3.58e-05,RT,unknow,garnet,10.1007/s11581-007-0097-8
trgrp_0027,trpair_000188,Li5.5Ba0.5La2.5Ta2O12,Li6.5Ba1.5La1.5Ta2O12,1.41e-05,3.08e-05,1.6700000000000003e-05,RT,unknow,garnet,10.1007/s11581-007-0097-8
trgrp_0027,trpair_000189,Li5.5Ba0.5La2.5Ta2O12,Li6.75Ba1.75La1.25Ta2O12,1.41e-05,1.18e-05,-2.3e-06,RT,unknow,garnet,10.1007/s11581-007-0097-8
trgrp_0027,trpair_000190,Li5.5Ba0.5La2.5Ta2O12,Li7Ba2LaTa2O12,1.41e-05,2.85e-06,-1.125e-05,RT,unknow,garnet,10.1007/s11581-007-0097-8
trgrp_0027,trpair_000191,Li5.5Ba0.5La2.5Ta2O12,Li5La3Ta2O12,1.41e-05,6.61e-06,-7.49e-06,RT,unknow,garnet,10.1007/s11581-007-0097-8
trgrp_0027,trpair_000192,Li6BaLa2Ta2O12,Li6.25Ba1.25La1.75Ta2O12,2.95e-05,4.99e-05,2.04e-05,RT,unknow,garnet,10.1007/s11581-007-0097-8
trgrp_0027,trpair_000193,Li6BaLa2Ta2O12,Li6.5Ba1.5La1.5Ta2O12,2.95e-05,3.08e-05,1.3000000000000045e-06,RT,unknow,garnet,10.1007/s11581-007-0097-8
trgrp_0027,trpair_000194,Li6BaLa2Ta2O12,Li6.75Ba1.75La1.25Ta2O12,2.95e-05,1.18e-05,-1.7699999999999997e-05,RT,unknow,garnet,10.1007/s11581-007-0097-8
trgrp_0027,trpair_000195,Li6BaLa2Ta2O12,Li7Ba2LaTa2O12,2.95e-05,2.85e-06,-2.6649999999999997e-05,RT,unknow,garnet,10.1007/s11581-007-0097-8
trgrp_0027,trpair_000196,Li6BaLa2Ta2O12,Li5La3Ta2O12,2.95e-05,6.61e-06,-2.289e-05,RT,unknow,garnet,10.1007/s11581-007-0097-8
trgrp_0027,trpair_000197,Li6.25Ba1.25La1.75Ta2O12,Li6.5Ba1.5La1.5Ta2O12,4.99e-05,3.08e-05,-1.9099999999999997e-05,RT,unknow,garnet,10.1007/s11581-007-0097-8
trgrp_0027,trpair_000198,Li6.25Ba1.25La1.75Ta2O12,Li6.75Ba1.75La1.25Ta2O12,4.99e-05,1.18e-05,-3.81e-05,RT,unknow,garnet,10.1007/s11581-007-0097-8
trgrp_0027,trpair_000199,Li6.25Ba1.25La1.75Ta2O12,Li7Ba2LaTa2O12,4.99e-05,2.85e-06,-4.705e-05,RT,unknow,garnet,10.1007/s11581-007-0097-8
trgrp_0027,trpair_000200,Li6.25Ba1.25La1.75Ta2O12,Li5La3Ta2O12,4.99e-05,6.61e-06,-4.329e-05,RT,unknow,garnet,10.1007/s11581-007-0097-8
trgrp_0027,trpair_000201,Li6.5Ba1.5La1.5Ta2O12,Li6.75Ba1.75La1.25Ta2O12,3.08e-05,1.18e-05,-1.9e-05,RT,unknow,garnet,10.1007/s11581-007-0097-8
trgrp_0027,trpair_000202,Li6.5Ba1.5La1.5Ta2O12,Li7Ba2LaTa2O12,3.08e-05,2.85e-06,-2.7950000000000002e-05,RT,unknow,garnet,10.1007/s11581-007-0097-8
trgrp_0027,trpair_000203,Li6.5Ba1.5La1.5Ta2O12,Li5La3Ta2O12,3.08e-05,6.61e-06,-2.4190000000000004e-05,RT,unknow,garnet,10.1007/s11581-007-0097-8
trgrp_0027,trpair_000204,Li6.75Ba1.75La1.25Ta2O12,Li7Ba2LaTa2O12,1.18e-05,2.85e-06,-8.95e-06,RT,unknow,garnet,10.1007/s11581-007-0097-8
trgrp_0027,trpair_000205,Li6.75Ba1.75La1.25Ta2O12,Li5La3Ta2O12,1.18e-05,6.61e-06,-5.19e-06,RT,unknow,garnet,10.1007/s11581-007-0097-8
trgrp_0027,trpair_000206,Li7Ba2LaTa2O12,Li5La3Ta2O12,2.85e-06,6.61e-06,3.7600000000000004e-06,RT,unknow,garnet,10.1007/s11581-007-0097-8
trgrp_0028,trpair_000207,(Li0.5Ce0.25Sm0.25)(MoO4),(Li0.5Ce0.25Pr0.25)(MoO4),1.8e-10,1e-09,8.200000000000001e-10,RT,unknow,molybdates,10.1007/s12039-011-0068-5
trgrp_0028,trpair_000208,(Li0.5Ce0.25Sm0.25)(MoO4),(Li0.5Ce0.5)(MoO4),1.8e-10,1.3e-08,1.282e-08,RT,unknow,molybdates,10.1007/s12039-011-0068-5
trgrp_0028,trpair_000209,(Li0.5Ce0.25Pr0.25)(MoO4),(Li0.5Ce0.5)(MoO4),1e-09,1.3e-08,1.2e-08,RT,unknow,molybdates,10.1007/s12039-011-0068-5
trgrp_0030,trpair_000210,Li5AlO4,Li5GaO4,5e-10,5e-09,4.5e-09,RT,unknow,oxides,10.1016/0025-5408(76)90169-0
trgrp_0031,trpair_000211,Li2SiS3,Li4SiS4,2e-06,4.93e-08,-1.9507e-06,RT,unknow,thio_lisicon,10.1016/0025-5408(89)90053-6
trgrp_0032,trpair_000212,LiYO2,Li2ZrO3,1.8e-08,6.1e-10,-1.739e-08,RT,unknow,oxides,10.1016/0167-2738(81)90021-7
trgrp_0033,trpair_000213,Li2MnCl4,Li2MgCl4,4.79e-06,6.24e-07,-4.166e-06,RT,unknow,chlorides,10.1016/0167-2738(83)90223-0
trgrp_0033,trpair_000214,Li2MnCl4,Li2VCl4,4.79e-06,6.95e-06,2.1600000000000005e-06,RT,unknow,chlorides,10.1016/0167-2738(83)90223-0
trgrp_0033,trpair_000215,Li2MgCl4,Li2VCl4,6.24e-07,6.95e-06,6.326e-06,RT,unknow,chlorides,10.1016/0167-2738(83)90223-0
trgrp_0034,trpair_000216,LiTi0.1Zr1.9(PO4)3,LiTi0.2Zr1.8(PO4)3,3.2e-08,5.6e-08,2.3999999999999997e-08,RT,unknow,nasicon,10.1016/0167-2738(86)90179-7
trgrp_0034,trpair_000217,LiTi0.1Zr1.9(PO4)3,LiTi1.8Zr0.2(PO4)3,3.2e-08,8.5e-08,5.299999999999999e-08,RT,unknow,nasicon,10.1016/0167-2738(86)90179-7
trgrp_0034,trpair_000218,LiTi0.1Zr1.9(PO4)3,Li1.1Sc0.1Ti1.9(PO4)3,3.2e-08,0.000158,0.000157968,RT,unknow,nasicon,10.1016/0167-2738(86)90179-7
trgrp_0034,trpair_000219,LiTi0.1Zr1.9(PO4)3,Li1.2Sc0.2Ti1.8(PO4)3,3.2e-08,0.000246,0.000245968,RT,unknow,nasicon,10.1016/0167-2738(86)90179-7
trgrp_0034,trpair_000220,LiTi0.1Zr1.9(PO4)3,Li1.3Sc0.3Ti1.7(PO4)3,3.2e-08,0.000407,0.000406968,RT,unknow,nasicon,10.1016/0167-2738(86)90179-7
trgrp_0034,trpair_000221,LiTi0.1Zr1.9(PO4)3,Li1.3In0.3Hf1.7(PO4)3,3.2e-08,1e-05,9.968e-06,RT,unknow,nasicon,10.1016/0167-2738(86)90179-7
trgrp_0034,trpair_000222,LiTi0.1Zr1.9(PO4)3,Li1.2In0.2Hf1.8(PO4)3,3.2e-08,4e-06,3.968e-06,RT,unknow,nasicon,10.1016/0167-2738(86)90179-7
trgrp_0034,trpair_000223,LiTi0.2Zr1.8(PO4)3,LiTi1.8Zr0.2(PO4)3,5.6e-08,8.5e-08,2.8999999999999995e-08,RT,unknow,nasicon,10.1016/0167-2738(86)90179-7
trgrp_0034,trpair_000224,LiTi0.2Zr1.8(PO4)3,Li1.1Sc0.1Ti1.9(PO4)3,5.6e-08,0.000158,0.000157944,RT,unknow,nasicon,10.1016/0167-2738(86)90179-7
trgrp_0034,trpair_000225,LiTi0.2Zr1.8(PO4)3,Li1.2Sc0.2Ti1.8(PO4)3,5.6e-08,0.000246,0.000245944,RT,unknow,nasicon,10.1016/0167-2738(86)90179-7
trgrp_0034,trpair_000226,LiTi0.2Zr1.8(PO4)3,Li1.3Sc0.3Ti1.7(PO4)3,5.6e-08,0.000407,0.000406944,RT,unknow,nasicon,10.1016/0167-2738(86)90179-7
trgrp_0034,trpair_000227,LiTi0.2Zr1.8(PO4)3,Li1.3In0.3Hf1.7(PO4)3,5.6e-08,1e-05,9.944e-06,RT,unknow,nasicon,10.1016/0167-2738(86)90179-7
trgrp_0034,trpair_000228,LiTi0.2Zr1.8(PO4)3,Li1.2In0.2Hf1.8(PO4)3,5.6e-08,4e-06,3.944e-06,RT,unknow,nasicon,10.1016/0167-2738(86)90179-7
trgrp_0034,trpair_000229,LiTi1.8Zr0.2(PO4)3,Li1.1Sc0.1Ti1.9(PO4)3,8.5e-08,0.000158,0.00015791499999999998,RT,unknow,nasicon,10.1016/0167-2738(86)90179-7
trgrp_0034,trpair_000230,LiTi1.8Zr0.2(PO4)3,Li1.2Sc0.2Ti1.8(PO4)3,8.5e-08,0.000246,0.00024591500000000003,RT,unknow,nasicon,10.1016/0167-2738(86)90179-7
trgrp_0034,trpair_000231,LiTi1.8Zr0.2(PO4)3,Li1.3Sc0.3Ti1.7(PO4)3,8.5e-08,0.000407,0.00040691500000000004,RT,unknow,nasicon,10.1016/0167-2738(86)90179-7
trgrp_0034,trpair_000232,LiTi1.8Zr0.2(PO4)3,Li1.3In0.3Hf1.7(PO4)3,8.5e-08,1e-05,9.915e-06,RT,unknow,nasicon,10.1016/0167-2738(86)90179-7
trgrp_0034,trpair_000233,LiTi1.8Zr0.2(PO4)3,Li1.2In0.2Hf1.8(PO4)3,8.5e-08,4e-06,3.915e-06,RT,unknow,nasicon,10.1016/0167-2738(86)90179-7
trgrp_0034,trpair_000234,Li1.1Sc0.1Ti1.9(PO4)3,Li1.2Sc0.2Ti1.8(PO4)3,0.000158,0.000246,8.800000000000002e-05,RT,unknow,nasicon,10.1016/0167-2738(86)90179-7
trgrp_0034,trpair_000235,Li1.1Sc0.1Ti1.9(PO4)3,Li1.3Sc0.3Ti1.7(PO4)3,0.000158,0.000407,0.00024900000000000004,RT,unknow,nasicon,10.1016/0167-2738(86)90179-7
trgrp_0034,trpair_000236,Li1.1Sc0.1Ti1.9(PO4)3,Li1.3In0.3Hf1.7(PO4)3,0.000158,1e-05,-0.000148,RT,unknow,nasicon,10.1016/0167-2738(86)90179-7
trgrp_0034,trpair_000237,Li1.1Sc0.1Ti1.9(PO4)3,Li1.2In0.2Hf1.8(PO4)3,0.000158,4e-06,-0.000154,RT,unknow,nasicon,10.1016/0167-2738(86)90179-7
trgrp_0034,trpair_000238,Li1.2Sc0.2Ti1.8(PO4)3,Li1.3Sc0.3Ti1.7(PO4)3,0.000246,0.000407,0.000161,RT,unknow,nasicon,10.1016/0167-2738(86)90179-7
trgrp_0034,trpair_000239,Li1.2Sc0.2Ti1.8(PO4)3,Li1.3In0.3Hf1.7(PO4)3,0.000246,1e-05,-0.00023600000000000002,RT,unknow,nasicon,10.1016/0167-2738(86)90179-7
trgrp_0034,trpair_000240,Li1.2Sc0.2Ti1.8(PO4)3,Li1.2In0.2Hf1.8(PO4)3,0.000246,4e-06,-0.00024200000000000003,RT,unknow,nasicon,10.1016/0167-2738(86)90179-7
trgrp_0034,trpair_000241,Li1.3Sc0.3Ti1.7(PO4)3,Li1.3In0.3Hf1.7(PO4)3,0.000407,1e-05,-0.000397,RT,unknow,nasicon,10.1016/0167-2738(86)90179-7
trgrp_0034,trpair_000242,Li1.3Sc0.3Ti1.7(PO4)3,Li1.2In0.2Hf1.8(PO4)3,0.000407,4e-06,-0.00040300000000000004,RT,unknow,nasicon,10.1016/0167-2738(86)90179-7
trgrp_0034,trpair_000243,Li1.3In0.3Hf1.7(PO4)3,Li1.2In0.2Hf1.8(PO4)3,1e-05,4e-06,-6.000000000000001e-06,RT,unknow,nasicon,10.1016/0167-2738(86)90179-7
trgrp_0035,trpair_000244,Li1.1Fe0.1Hf1.9(PO4)3,Li1.3Fe0.3Hf1.7(PO4)3,0.000107,5.4e-05,-5.3e-05,RT,unknow,nasicon,10.1016/0167-2738(93)90387-i
trgrp_0035,trpair_000245,Li1.1Fe0.1Hf1.9(PO4)3,Li1.3Cr0.3Hf1.7(PO4)3,0.000107,5.26e-07,-0.000106474,RT,unknow,nasicon,10.1016/0167-2738(93)90387-i
trgrp_0035,trpair_000246,Li1.1Fe0.1Hf1.9(PO4)3,Li1.4In0.4Hf1.6(PO4)3,0.000107,0.000142,3.500000000000001e-05,RT,unknow,nasicon,10.1016/0167-2738(93)90387-i
trgrp_0035,trpair_000247,Li1.1Fe0.1Hf1.9(PO4)3,Li1.4Lu0.4Hf1.6(PO4)3,0.000107,2.06e-05,-8.64e-05,RT,unknow,nasicon,10.1016/0167-2738(93)90387-i
trgrp_0035,trpair_000248,Li1.1Fe0.1Hf1.9(PO4)3,Li1.4Y0.4Hf1.6(PO4)3,0.000107,2.09e-05,-8.61e-05,RT,unknow,nasicon,10.1016/0167-2738(93)90387-i
trgrp_0035,trpair_000249,Li1.1Fe0.1Hf1.9(PO4)3,Li1.3In0.3Hf1.7(PO4)3,0.000107,0.000142,3.500000000000001e-05,RT,unknow,nasicon,10.1016/0167-2738(93)90387-i
trgrp_0035,trpair_000250,Li1.1Fe0.1Hf1.9(PO4)3,Li1.3Lu0.3Hf1.7(PO4)3,0.000107,3.56e-05,-7.14e-05,RT,unknow,nasicon,10.1016/0167-2738(93)90387-i
trgrp_0035,trpair_000251,Li1.1Fe0.1Hf1.9(PO4)3,Li1.3Sc0.3Hf1.7(PO4)3,0.000107,8.32e-05,-2.3799999999999996e-05,RT,unknow,nasicon,10.1016/0167-2738(93)90387-i
trgrp_0035,trpair_000252,Li1.1Fe0.1Hf1.9(PO4)3,Li1.3Y0.3Hf1.7(PO4)3,0.000107,3.19e-05,-7.51e-05,RT,unknow,nasicon,10.1016/0167-2738(93)90387-i
trgrp_0035,trpair_000253,Li1.1Fe0.1Hf1.9(PO4)3,Li1.2Lu0.2Hf1.8(PO4)3,0.000107,9.79e-05,-9.100000000000004e-06,RT,unknow,nasicon,10.1016/0167-2738(93)90387-i
trgrp_0035,trpair_000254,Li1.1Fe0.1Hf1.9(PO4)3,Li1.1In0.1Hf1.9(PO4)3,0.000107,5.13e-05,-5.57e-05,RT,unknow,nasicon,10.1016/0167-2738(93)90387-i
trgrp_0035,trpair_000255,Li1.1Fe0.1Hf1.9(PO4)3,Li1.1Lu0.1Hf1.9(PO4)3,0.000107,5.88e-05,-4.82e-05,RT,unknow,nasicon,10.1016/0167-2738(93)90387-i
trgrp_0035,trpair_000256,Li1.1Fe0.1Hf1.9(PO4)3,Li1.1Sc0.1Hf1.9(PO4)3,0.000107,2.45e-05,-8.25e-05,RT,unknow,nasicon,10.1016/0167-2738(93)90387-i
trgrp_0035,trpair_000257,Li1.1Fe0.1Hf1.9(PO4)3,LiHf2(PO4)3,0.000107,6.85e-07,-0.000106315,RT,unknow,nasicon,10.1016/0167-2738(93)90387-i
trgrp_0035,trpair_000258,Li1.3Fe0.3Hf1.7(PO4)3,Li1.3Cr0.3Hf1.7(PO4)3,5.4e-05,5.26e-07,-5.3473999999999997e-05,RT,unknow,nasicon,10.1016/0167-2738(93)90387-i
trgrp_0035,trpair_000259,Li1.3Fe0.3Hf1.7(PO4)3,Li1.4In0.4Hf1.6(PO4)3,5.4e-05,0.000142,8.800000000000001e-05,RT,unknow,nasicon,10.1016/0167-2738(93)90387-i
trgrp_0035,trpair_000260,Li1.3Fe0.3Hf1.7(PO4)3,Li1.4Lu0.4Hf1.6(PO4)3,5.4e-05,2.06e-05,-3.34e-05,RT,unknow,nasicon,10.1016/0167-2738(93)90387-i
trgrp_0035,trpair_000261,Li1.3Fe0.3Hf1.7(PO4)3,Li1.4Y0.4Hf1.6(PO4)3,5.4e-05,2.09e-05,-3.31e-05,RT,unknow,nasicon,10.1016/0167-2738(93)90387-i
trgrp_0035,trpair_000262,Li1.3Fe0.3Hf1.7(PO4)3,Li1.3In0.3Hf1.7(PO4)3,5.4e-05,0.000142,8.800000000000001e-05,RT,unknow,nasicon,10.1016/0167-2738(93)90387-i
trgrp_0035,trpair_000263,Li1.3Fe0.3Hf1.7(PO4)3,Li1.3Lu0.3Hf1.7(PO4)3,5.4e-05,3.56e-05,-1.84e-05,RT,unknow,nasicon,10.1016/0167-2738(93)90387-i
trgrp_0035,trpair_000264,Li1.3Fe0.3Hf1.7(PO4)3,Li1.3Sc0.3Hf1.7(PO4)3,5.4e-05,8.32e-05,2.9200000000000005e-05,RT,unknow,nasicon,10.1016/0167-2738(93)90387-i
trgrp_0035,trpair_000265,Li1.3Fe0.3Hf1.7(PO4)3,Li1.3Y0.3Hf1.7(PO4)3,5.4e-05,3.19e-05,-2.2099999999999995e-05,RT,unknow,nasicon,10.1016/0167-2738(93)90387-i
trgrp_0035,trpair_000266,Li1.3Fe0.3Hf1.7(PO4)3,Li1.2Lu0.2Hf1.8(PO4)3,5.4e-05,9.79e-05,4.3899999999999996e-05,RT,unknow,nasicon,10.1016/0167-2738(93)90387-i
trgrp_0035,trpair_000267,Li1.3Fe0.3Hf1.7(PO4)3,Li1.1In0.1Hf1.9(PO4)3,5.4e-05,5.13e-05,-2.699999999999998e-06,RT,unknow,nasicon,10.1016/0167-2738(93)90387-i
trgrp_0035,trpair_000268,Li1.3Fe0.3Hf1.7(PO4)3,Li1.1Lu0.1Hf1.9(PO4)3,5.4e-05,5.88e-05,4.8000000000000015e-06,RT,unknow,nasicon,10.1016/0167-2738(93)90387-i
trgrp_0035,trpair_000269,Li1.3Fe0.3Hf1.7(PO4)3,Li1.1Sc0.1Hf1.9(PO4)3,5.4e-05,2.45e-05,-2.95e-05,RT,unknow,nasicon,10.1016/0167-2738(93)90387-i
trgrp_0035,trpair_000270,Li1.3Fe0.3Hf1.7(PO4)3,LiHf2(PO4)3,5.4e-05,6.85e-07,-5.3315e-05,RT,unknow,nasicon,10.1016/0167-2738(93)90387-i
trgrp_0035,trpair_000271,Li1.3Cr0.3Hf1.7(PO4)3,Li1.4In0.4Hf1.6(PO4)3,5.26e-07,0.000142,0.00014147400000000002,RT,unknow,nasicon,10.1016/0167-2738(93)90387-i
trgrp_0035,trpair_000272,Li1.3Cr0.3Hf1.7(PO4)3,Li1.4Lu0.4Hf1.6(PO4)3,5.26e-07,2.06e-05,2.0073999999999998e-05,RT,unknow,nasicon,10.1016/0167-2738(93)90387-i
trgrp_0035,trpair_000273,Li1.3Cr0.3Hf1.7(PO4)3,Li1.4Y0.4Hf1.6(PO4)3,5.26e-07,2.09e-05,2.0374e-05,RT,unknow,nasicon,10.1016/0167-2738(93)90387-i
trgrp_0035,trpair_000274,Li1.3Cr0.3Hf1.7(PO4)3,Li1.3In0.3Hf1.7(PO4)3,5.26e-07,0.000142,0.00014147400000000002,RT,unknow,nasicon,10.1016/0167-2738(93)90387-i
trgrp_0035,trpair_000275,Li1.3Cr0.3Hf1.7(PO4)3,Li1.3Lu0.3Hf1.7(PO4)3,5.26e-07,3.56e-05,3.5073999999999997e-05,RT,unknow,nasicon,10.1016/0167-2738(93)90387-i
trgrp_0035,trpair_000276,Li1.3Cr0.3Hf1.7(PO4)3,Li1.3Sc0.3Hf1.7(PO4)3,5.26e-07,8.32e-05,8.2674e-05,RT,unknow,nasicon,10.1016/0167-2738(93)90387-i
trgrp_0035,trpair_000277,Li1.3Cr0.3Hf1.7(PO4)3,Li1.3Y0.3Hf1.7(PO4)3,5.26e-07,3.19e-05,3.1374e-05,RT,unknow,nasicon,10.1016/0167-2738(93)90387-i
trgrp_0035,trpair_000278,Li1.3Cr0.3Hf1.7(PO4)3,Li1.2Lu0.2Hf1.8(PO4)3,5.26e-07,9.79e-05,9.737399999999999e-05,RT,unknow,nasicon,10.1016/0167-2738(93)90387-i
trgrp_0035,trpair_000279,Li1.3Cr0.3Hf1.7(PO4)3,Li1.1In0.1Hf1.9(PO4)3,5.26e-07,5.13e-05,5.0774e-05,RT,unknow,nasicon,10.1016/0167-2738(93)90387-i
trgrp_0035,trpair_000280,Li1.3Cr0.3Hf1.7(PO4)3,Li1.1Lu0.1Hf1.9(PO4)3,5.26e-07,5.88e-05,5.8274e-05,RT,unknow,nasicon,10.1016/0167-2738(93)90387-i
trgrp_0035,trpair_000281,Li1.3Cr0.3Hf1.7(PO4)3,Li1.1Sc0.1Hf1.9(PO4)3,5.26e-07,2.45e-05,2.3973999999999998e-05,RT,unknow,nasicon,10.1016/0167-2738(93)90387-i
trgrp_0035,trpair_000282,Li1.3Cr0.3Hf1.7(PO4)3,LiHf2(PO4)3,5.26e-07,6.85e-07,1.5899999999999998e-07,RT,unknow,nasicon,10.1016/0167-2738(93)90387-i
trgrp_0035,trpair_000283,Li1.4In0.4Hf1.6(PO4)3,Li1.4Lu0.4Hf1.6(PO4)3,0.000142,2.06e-05,-0.00012140000000000001,RT,unknow,nasicon,10.1016/0167-2738(93)90387-i
trgrp_0035,trpair_000284,Li1.4In0.4Hf1.6(PO4)3,Li1.4Y0.4Hf1.6(PO4)3,0.000142,2.09e-05,-0.00012110000000000002,RT,unknow,nasicon,10.1016/0167-2738(93)90387-i
trgrp_0035,trpair_000285,Li1.4In0.4Hf1.6(PO4)3,Li1.3In0.3Hf1.7(PO4)3,0.000142,0.000142,0.0,RT,unknow,nasicon,10.1016/0167-2738(93)90387-i
trgrp_0035,trpair_000286,Li1.4In0.4Hf1.6(PO4)3,Li1.3Lu0.3Hf1.7(PO4)3,0.000142,3.56e-05,-0.00010640000000000001,RT,unknow,nasicon,10.1016/0167-2738(93)90387-i
trgrp_0035,trpair_000287,Li1.4In0.4Hf1.6(PO4)3,Li1.3Sc0.3Hf1.7(PO4)3,0.000142,8.32e-05,-5.8800000000000006e-05,RT,unknow,nasicon,10.1016/0167-2738(93)90387-i
trgrp_0035,trpair_000288,Li1.4In0.4Hf1.6(PO4)3,Li1.3Y0.3Hf1.7(PO4)3,0.000142,3.19e-05,-0.0001101,RT,unknow,nasicon,10.1016/0167-2738(93)90387-i
trgrp_0035,trpair_000289,Li1.4In0.4Hf1.6(PO4)3,Li1.2Lu0.2Hf1.8(PO4)3,0.000142,9.79e-05,-4.4100000000000015e-05,RT,unknow,nasicon,10.1016/0167-2738(93)90387-i
trgrp_0035,trpair_000290,Li1.4In0.4Hf1.6(PO4)3,Li1.1In0.1Hf1.9(PO4)3,0.000142,5.13e-05,-9.070000000000001e-05,RT,unknow,nasicon,10.1016/0167-2738(93)90387-i
trgrp_0035,trpair_000291,Li1.4In0.4Hf1.6(PO4)3,Li1.1Lu0.1Hf1.9(PO4)3,0.000142,5.88e-05,-8.320000000000002e-05,RT,unknow,nasicon,10.1016/0167-2738(93)90387-i
trgrp_0035,trpair_000292,Li1.4In0.4Hf1.6(PO4)3,Li1.1Sc0.1Hf1.9(PO4)3,0.000142,2.45e-05,-0.00011750000000000001,RT,unknow,nasicon,10.1016/0167-2738(93)90387-i
trgrp_0035,trpair_000293,Li1.4In0.4Hf1.6(PO4)3,LiHf2(PO4)3,0.000142,6.85e-07,-0.000141315,RT,unknow,nasicon,10.1016/0167-2738(93)90387-i
trgrp_0035,trpair_000294,Li1.4Lu0.4Hf1.6(PO4)3,Li1.4Y0.4Hf1.6(PO4)3,2.06e-05,2.09e-05,3.000000000000005e-07,RT,unknow,nasicon,10.1016/0167-2738(93)90387-i
trgrp_0035,trpair_000295,Li1.4Lu0.4Hf1.6(PO4)3,Li1.3In0.3Hf1.7(PO4)3,2.06e-05,0.000142,0.00012140000000000001,RT,unknow,nasicon,10.1016/0167-2738(93)90387-i
trgrp_0035,trpair_000296,Li1.4Lu0.4Hf1.6(PO4)3,Li1.3Lu0.3Hf1.7(PO4)3,2.06e-05,3.56e-05,1.4999999999999999e-05,RT,unknow,nasicon,10.1016/0167-2738(93)90387-i
trgrp_0035,trpair_000297,Li1.4Lu0.4Hf1.6(PO4)3,Li1.3Sc0.3Hf1.7(PO4)3,2.06e-05,8.32e-05,6.26e-05,RT,unknow,nasicon,10.1016/0167-2738(93)90387-i
trgrp_0035,trpair_000298,Li1.4Lu0.4Hf1.6(PO4)3,Li1.3Y0.3Hf1.7(PO4)3,2.06e-05,3.19e-05,1.1300000000000004e-05,RT,unknow,nasicon,10.1016/0167-2738(93)90387-i
trgrp_0035,trpair_000299,Li1.4Lu0.4Hf1.6(PO4)3,Li1.2Lu0.2Hf1.8(PO4)3,2.06e-05,9.79e-05,7.73e-05,RT,unknow,nasicon,10.1016/0167-2738(93)90387-i
trgrp_0035,trpair_000300,Li1.4Lu0.4Hf1.6(PO4)3,Li1.1In0.1Hf1.9(PO4)3,2.06e-05,5.13e-05,3.07e-05,RT,unknow,nasicon,10.1016/0167-2738(93)90387-i
trgrp_0035,trpair_000301,Li1.4Lu0.4Hf1.6(PO4)3,Li1.1Lu0.1Hf1.9(PO4)3,2.06e-05,5.88e-05,3.82e-05,RT,unknow,nasicon,10.1016/0167-2738(93)90387-i
trgrp_0035,trpair_000302,Li1.4Lu0.4Hf1.6(PO4)3,Li1.1Sc0.1Hf1.9(PO4)3,2.06e-05,2.45e-05,3.9e-06,RT,unknow,nasicon,10.1016/0167-2738(93)90387-i
trgrp_0035,trpair_000303,Li1.4Lu0.4Hf1.6(PO4)3,LiHf2(PO4)3,2.06e-05,6.85e-07,-1.9914999999999998e-05,RT,unknow,nasicon,10.1016/0167-2738(93)90387-i
trgrp_0035,trpair_000304,Li1.4Y0.4Hf1.6(PO4)3,Li1.3In0.3Hf1.7(PO4)3,2.09e-05,0.000142,0.00012110000000000002,RT,unknow,nasicon,10.1016/0167-2738(93)90387-i
trgrp_0035,trpair_000305,Li1.4Y0.4Hf1.6(PO4)3,Li1.3Lu0.3Hf1.7(PO4)3,2.09e-05,3.56e-05,1.4699999999999998e-05,RT,unknow,nasicon,10.1016/0167-2738(93)90387-i
trgrp_0035,trpair_000306,Li1.4Y0.4Hf1.6(PO4)3,Li1.3Sc0.3Hf1.7(PO4)3,2.09e-05,8.32e-05,6.23e-05,RT,unknow,nasicon,10.1016/0167-2738(93)90387-i
trgrp_0035,trpair_000307,Li1.4Y0.4Hf1.6(PO4)3,Li1.3Y0.3Hf1.7(PO4)3,2.09e-05,3.19e-05,1.1000000000000003e-05,RT,unknow,nasicon,10.1016/0167-2738(93)90387-i
trgrp_0035,trpair_000308,Li1.4Y0.4Hf1.6(PO4)3,Li1.2Lu0.2Hf1.8(PO4)3,2.09e-05,9.79e-05,7.7e-05,RT,unknow,nasicon,10.1016/0167-2738(93)90387-i
trgrp_0035,trpair_000309,Li1.4Y0.4Hf1.6(PO4)3,Li1.1In0.1Hf1.9(PO4)3,2.09e-05,5.13e-05,3.04e-05,RT,unknow,nasicon,10.1016/0167-2738(93)90387-i
trgrp_0035,trpair_000310,Li1.4Y0.4Hf1.6(PO4)3,Li1.1Lu0.1Hf1.9(PO4)3,2.09e-05,5.88e-05,3.79e-05,RT,unknow,nasicon,10.1016/0167-2738(93)90387-i
trgrp_0035,trpair_000311,Li1.4Y0.4Hf1.6(PO4)3,Li1.1Sc0.1Hf1.9(PO4)3,2.09e-05,2.45e-05,3.5999999999999994e-06,RT,unknow,nasicon,10.1016/0167-2738(93)90387-i
trgrp_0035,trpair_000312,Li1.4Y0.4Hf1.6(PO4)3,LiHf2(PO4)3,2.09e-05,6.85e-07,-2.0215e-05,RT,unknow,nasicon,10.1016/0167-2738(93)90387-i
trgrp_0035,trpair_000313,Li1.3In0.3Hf1.7(PO4)3,Li1.3Lu0.3Hf1.7(PO4)3,0.000142,3.56e-05,-0.00010640000000000001,RT,unknow,nasicon,10.1016/0167-2738(93)90387-i
trgrp_0035,trpair_000314,Li1.3In0.3Hf1.7(PO4)3,Li1.3Sc0.3Hf1.7(PO4)3,0.000142,8.32e-05,-5.8800000000000006e-05,RT,unknow,nasicon,10.1016/0167-2738(93)90387-i
trgrp_0035,trpair_000315,Li1.3In0.3Hf1.7(PO4)3,Li1.3Y0.3Hf1.7(PO4)3,0.000142,3.19e-05,-0.0001101,RT,unknow,nasicon,10.1016/0167-2738(93)90387-i
trgrp_0035,trpair_000316,Li1.3In0.3Hf1.7(PO4)3,Li1.2Lu0.2Hf1.8(PO4)3,0.000142,9.79e-05,-4.4100000000000015e-05,RT,unknow,nasicon,10.1016/0167-2738(93)90387-i
trgrp_0035,trpair_000317,Li1.3In0.3Hf1.7(PO4)3,Li1.1In0.1Hf1.9(PO4)3,0.000142,5.13e-05,-9.070000000000001e-05,RT,unknow,nasicon,10.1016/0167-2738(93)90387-i
trgrp_0035,trpair_000318,Li1.3In0.3Hf1.7(PO4)3,Li1.1Lu0.1Hf1.9(PO4)3,0.000142,5.88e-05,-8.320000000000002e-05,RT,unknow,nasicon,10.1016/0167-2738(93)90387-i
trgrp_0035,trpair_000319,Li1.3In0.3Hf1.7(PO4)3,Li1.1Sc0.1Hf1.9(PO4)3,0.000142,2.45e-05,-0.00011750000000000001,RT,unknow,nasicon,10.1016/0167-2738(93)90387-i
trgrp_0035,trpair_000320,Li1.3In0.3Hf1.7(PO4)3,LiHf2(PO4)3,0.000142,6.85e-07,-0.000141315,RT,unknow,nasicon,10.1016/0167-2738(93)90387-i
trgrp_0035,trpair_000321,Li1.3Lu0.3Hf1.7(PO4)3,Li1.3Sc0.3Hf1.7(PO4)3,3.56e-05,8.32e-05,4.7600000000000005e-05,RT,unknow,nasicon,10.1016/0167-2738(93)90387-i
trgrp_0035,trpair_000322,Li1.3Lu0.3Hf1.7(PO4)3,Li1.3Y0.3Hf1.7(PO4)3,3.56e-05,3.19e-05,-3.699999999999995e-06,RT,unknow,nasicon,10.1016/0167-2738(93)90387-i
trgrp_0035,trpair_000323,Li1.3Lu0.3Hf1.7(PO4)3,Li1.2Lu0.2Hf1.8(PO4)3,3.56e-05,9.79e-05,6.23e-05,RT,unknow,nasicon,10.1016/0167-2738(93)90387-i
trgrp_0035,trpair_000324,Li1.3Lu0.3Hf1.7(PO4)3,Li1.1In0.1Hf1.9(PO4)3,3.56e-05,5.13e-05,1.5700000000000002e-05,RT,unknow,nasicon,10.1016/0167-2738(93)90387-i
trgrp_0035,trpair_000325,Li1.3Lu0.3Hf1.7(PO4)3,Li1.1Lu0.1Hf1.9(PO4)3,3.56e-05,5.88e-05,2.32e-05,RT,unknow,nasicon,10.1016/0167-2738(93)90387-i
trgrp_0035,trpair_000326,Li1.3Lu0.3Hf1.7(PO4)3,Li1.1Sc0.1Hf1.9(PO4)3,3.56e-05,2.45e-05,-1.1099999999999999e-05,RT,unknow,nasicon,10.1016/0167-2738(93)90387-i
trgrp_0035,trpair_000327,Li1.3Lu0.3Hf1.7(PO4)3,LiHf2(PO4)3,3.56e-05,6.85e-07,-3.4915e-05,RT,unknow,nasicon,10.1016/0167-2738(93)90387-i
trgrp_0035,trpair_000328,Li1.3Sc0.3Hf1.7(PO4)3,Li1.3Y0.3Hf1.7(PO4)3,8.32e-05,3.19e-05,-5.13e-05,RT,unknow,nasicon,10.1016/0167-2738(93)90387-i
trgrp_0035,trpair_000329,Li1.3Sc0.3Hf1.7(PO4)3,Li1.2Lu0.2Hf1.8(PO4)3,8.32e-05,9.79e-05,1.4699999999999991e-05,RT,unknow,nasicon,10.1016/0167-2738(93)90387-i
trgrp_0035,trpair_000330,Li1.3Sc0.3Hf1.7(PO4)3,Li1.1In0.1Hf1.9(PO4)3,8.32e-05,5.13e-05,-3.19e-05,RT,unknow,nasicon,10.1016/0167-2738(93)90387-i
trgrp_0035,trpair_000331,Li1.3Sc0.3Hf1.7(PO4)3,Li1.1Lu0.1Hf1.9(PO4)3,8.32e-05,5.88e-05,-2.4400000000000004e-05,RT,unknow,nasicon,10.1016/0167-2738(93)90387-i
trgrp_0035,trpair_000332,Li1.3Sc0.3Hf1.7(PO4)3,Li1.1Sc0.1Hf1.9(PO4)3,8.32e-05,2.45e-05,-5.8700000000000004e-05,RT,unknow,nasicon,10.1016/0167-2738(93)90387-i
trgrp_0035,trpair_000333,Li1.3Sc0.3Hf1.7(PO4)3,LiHf2(PO4)3,8.32e-05,6.85e-07,-8.2515e-05,RT,unknow,nasicon,10.1016/0167-2738(93)90387-i
trgrp_0035,trpair_000334,Li1.3Y0.3Hf1.7(PO4)3,Li1.2Lu0.2Hf1.8(PO4)3,3.19e-05,9.79e-05,6.599999999999999e-05,RT,unknow,nasicon,10.1016/0167-2738(93)90387-i
trgrp_0035,trpair_000335,Li1.3Y0.3Hf1.7(PO4)3,Li1.1In0.1Hf1.9(PO4)3,3.19e-05,5.13e-05,1.9399999999999997e-05,RT,unknow,nasicon,10.1016/0167-2738(93)90387-i
trgrp_0035,trpair_000336,Li1.3Y0.3Hf1.7(PO4)3,Li1.1Lu0.1Hf1.9(PO4)3,3.19e-05,5.88e-05,2.6899999999999997e-05,RT,unknow,nasicon,10.1016/0167-2738(93)90387-i
trgrp_0035,trpair_000337,Li1.3Y0.3Hf1.7(PO4)3,Li1.1Sc0.1Hf1.9(PO4)3,3.19e-05,2.45e-05,-7.400000000000004e-06,RT,unknow,nasicon,10.1016/0167-2738(93)90387-i
trgrp_0035,trpair_000338,Li1.3Y0.3Hf1.7(PO4)3,LiHf2(PO4)3,3.19e-05,6.85e-07,-3.1215000000000005e-05,RT,unknow,nasicon,10.1016/0167-2738(93)90387-i
trgrp_0035,trpair_000339,Li1.2Lu0.2Hf1.8(PO4)3,Li1.1In0.1Hf1.9(PO4)3,9.79e-05,5.13e-05,-4.6599999999999994e-05,RT,unknow,nasicon,10.1016/0167-2738(93)90387-i
trgrp_0035,trpair_000340,Li1.2Lu0.2Hf1.8(PO4)3,Li1.1Lu0.1Hf1.9(PO4)3,9.79e-05,5.88e-05,-3.9099999999999995e-05,RT,unknow,nasicon,10.1016/0167-2738(93)90387-i
trgrp_0035,trpair_000341,Li1.2Lu0.2Hf1.8(PO4)3,Li1.1Sc0.1Hf1.9(PO4)3,9.79e-05,2.45e-05,-7.34e-05,RT,unknow,nasicon,10.1016/0167-2738(93)90387-i
trgrp_0035,trpair_000342,Li1.2Lu0.2Hf1.8(PO4)3,LiHf2(PO4)3,9.79e-05,6.85e-07,-9.7215e-05,RT,unknow,nasicon,10.1016/0167-2738(93)90387-i
trgrp_0035,trpair_000343,Li1.1In0.1Hf1.9(PO4)3,Li1.1Lu0.1Hf1.9(PO4)3,5.13e-05,5.88e-05,7.499999999999999e-06,RT,unknow,nasicon,10.1016/0167-2738(93)90387-i
trgrp_0035,trpair_000344,Li1.1In0.1Hf1.9(PO4)3,Li1.1Sc0.1Hf1.9(PO4)3,5.13e-05,2.45e-05,-2.68e-05,RT,unknow,nasicon,10.1016/0167-2738(93)90387-i
trgrp_0035,trpair_000345,Li1.1In0.1Hf1.9(PO4)3,LiHf2(PO4)3,5.13e-05,6.85e-07,-5.0615e-05,RT,unknow,nasicon,10.1016/0167-2738(93)90387-i
trgrp_0035,trpair_000346,Li1.1Lu0.1Hf1.9(PO4)3,Li1.1Sc0.1Hf1.9(PO4)3,5.88e-05,2.45e-05,-3.43e-05,RT,unknow,nasicon,10.1016/0167-2738(93)90387-i
trgrp_0035,trpair_000347,Li1.1Lu0.1Hf1.9(PO4)3,LiHf2(PO4)3,5.88e-05,6.85e-07,-5.8115e-05,RT,unknow,nasicon,10.1016/0167-2738(93)90387-i
trgrp_0035,trpair_000348,Li1.1Sc0.1Hf1.9(PO4)3,LiHf2(PO4)3,2.45e-05,6.85e-07,-2.3814999999999998e-05,RT,unknow,nasicon,10.1016/0167-2738(93)90387-i
trgrp_0036,trpair_000349,Pr0.56Li0.34TiO3.01,Nd0.55Li0.34TiO3,1e-06,8e-08,-9.2e-07,RT,unknow,perovskites,10.1016/0167-2738(94)90310-7
trgrp_0036,trpair_000350,Pr0.56Li0.34TiO3.01,Sm0.52Li0.38TiO2.97,1e-06,2e-07,-8e-07,RT,unknow,perovskites,10.1016/0167-2738(94)90310-7
trgrp_0036,trpair_000351,Nd0.55Li0.34TiO3,Sm0.52Li0.38TiO2.97,8e-08,2e-07,1.2e-07,RT,unknow,perovskites,10.1016/0167-2738(94)90310-7
trgrp_0037,trpair_000352,Li2.6Yb0.6Hf0.4Cl6,Li2.5Y0.5Zr0.5Cl6,0.0015,0.0021,0.0005999999999999998,RT,球磨 + 退火,halides,10.1016/j.cej.2021.130630
trgrp_0040,trpair_000353,Li3ScCl6,Li2.5Sc0.5Zr0.5Cl6,0.00068,0.00223,0.0015500000000000002,25,unknow,halides,10.1016/j.cej.2022.140509
trgrp_0041,trpair_000354,Li2.1Zr0.9Al0.1Cl6,Li2.15Zr0.85Al0.15Cl6,0.00036,0.00065,0.00028999999999999995,RT,unknow,halides,10.1016/j.ensm.2024.103444
trgrp_0041,trpair_000355,Li2.1Zr0.9Al0.1Cl6,Li2.2Zr0.8Al0.2Cl6,0.00036,0.00099,0.0006299999999999999,RT,unknow,halides,10.1016/j.ensm.2024.103444
trgrp_0041,trpair_000356,Li2.1Zr0.9Al0.1Cl6,Li2.25Zr0.75Al0.25Cl6,0.00036,0.00113,0.0007699999999999999,RT,unknow,halides,10.1016/j.ensm.2024.103444
trgrp_0041,trpair_000357,Li2.1Zr0.9Al0.1Cl6,Li2.3Zr0.7Al0.3Cl6,0.00036,0.00087,0.00051,RT,unknow,halides,10.1016/j.ensm.2024.103444
trgrp_0041,trpair_000358,Li2.1Zr0.9Al0.1Cl6,Li2.4Zr0.6Al0.4Cl6,0.00036,0.0005,0.00014,RT,unknow,halides,10.1016/j.ensm.2024.103444
trgrp_0041,trpair_000359,Li2.1Zr0.9Al0.1Cl6,Li2ZrCl6,0.00036,0.00012,-0.00024000000000000003,RT,unknow,halides,10.1016/j.ensm.2024.103444
trgrp_0041,trpair_000360,Li2.15Zr0.85Al0.15Cl6,Li2.2Zr0.8Al0.2Cl6,0.00065,0.00099,0.00034,RT,unknow,halides,10.1016/j.ensm.2024.103444
trgrp_0041,trpair_000361,Li2.15Zr0.85Al0.15Cl6,Li2.25Zr0.75Al0.25Cl6,0.00065,0.00113,0.00047999999999999996,RT,unknow,halides,10.1016/j.ensm.2024.103444
trgrp_0041,trpair_000362,Li2.15Zr0.85Al0.15Cl6,Li2.3Zr0.7Al0.3Cl6,0.00065,0.00087,0.00022000000000000003,RT,unknow,halides,10.1016/j.ensm.2024.103444
trgrp_0041,trpair_000363,Li2.15Zr0.85Al0.15Cl6,Li2.4Zr0.6Al0.4Cl6,0.00065,0.0005,-0.00014999999999999996,RT,unknow,halides,10.1016/j.ensm.2024.103444
trgrp_0041,trpair_000364,Li2.15Zr0.85Al0.15Cl6,Li2ZrCl6,0.00065,0.00012,-0.00053,RT,unknow,halides,10.1016/j.ensm.2024.103444
trgrp_0041,trpair_000365,Li2.2Zr0.8Al0.2Cl6,Li2.25Zr0.75Al0.25Cl6,0.00099,0.00113,0.00013999999999999993,RT,unknow,halides,10.1016/j.ensm.2024.103444
trgrp_0041,trpair_000366,Li2.2Zr0.8Al0.2Cl6,Li2.3Zr0.7Al0.3Cl6,0.00099,0.00087,-0.00011999999999999999,RT,unknow,halides,10.1016/j.ensm.2024.103444
trgrp_0041,trpair_000367,Li2.2Zr0.8Al0.2Cl6,Li2.4Zr0.6Al0.4Cl6,0.00099,0.0005,-0.00049,RT,unknow,halides,10.1016/j.ensm.2024.103444
trgrp_0041,trpair_000368,Li2.2Zr0.8Al0.2Cl6,Li2ZrCl6,0.00099,0.00012,-0.00087,RT,unknow,halides,10.1016/j.ensm.2024.103444
trgrp_0041,trpair_000369,Li2.25Zr0.75Al0.25Cl6,Li2.3Zr0.7Al0.3Cl6,0.00113,0.00087,-0.0002599999999999999,RT,unknow,halides,10.1016/j.ensm.2024.103444
trgrp_0041,trpair_000370,Li2.25Zr0.75Al0.25Cl6,Li2.4Zr0.6Al0.4Cl6,0.00113,0.0005,-0.0006299999999999999,RT,unknow,halides,10.1016/j.ensm.2024.103444
trgrp_0041,trpair_000371,Li2.25Zr0.75Al0.25Cl6,Li2ZrCl6,0.00113,0.00012,-0.0010099999999999998,RT,unknow,halides,10.1016/j.ensm.2024.103444
trgrp_0041,trpair_000372,Li2.3Zr0.7Al0.3Cl6,Li2.4Zr0.6Al0.4Cl6,0.00087,0.0005,-0.00037,RT,unknow,halides,10.1016/j.ensm.2024.103444
trgrp_0041,trpair_000373,Li2.3Zr0.7Al0.3Cl6,Li2ZrCl6,0.00087,0.00012,-0.00075,RT,unknow,halides,10.1016/j.ensm.2024.103444
trgrp_0041,trpair_000374,Li2.4Zr0.6Al0.4Cl6,Li2ZrCl6,0.0005,0.00012,-0.00038,RT,unknow,halides,10.1016/j.ensm.2024.103444
trgrp_0042,trpair_000375,Li3.4ZrCl4.6O1.4,Li2ZrCl6,0.00146,0.000397,-0.001063,RT,unknow,halides,10.1016/j.est.2024.111700
trgrp_0043,trpair_000376,(La0.55Li0.45)(Ti0.9Al0.1)O3,(La0.6Li0.4)(Ti0.8Al0.2)O3,0.00151,0.000568,-0.000942,RT,unknow,perovskites,10.1016/j.jallcom.2017.05.278
trgrp_0043,trpair_000377,(La0.6Li0.4)(Ti0.8Al0.2)O3,(La0.65Li0.35)(Ti0.7Al0.3)O3,0.000568,0.000161,-0.000407,RT,unknow,perovskites,10.1016/j.jallcom.2017.05.278
trgrp_0043,trpair_000378,(La0.65Li0.35)(Ti0.7Al0.3)O3,(La0.7Li0.3)(Ti0.6Al0.4)O3,0.000161,1.04e-07,-0.000160896,RT,unknow,perovskites,10.1016/j.jallcom.2017.05.278
trgrp_0044,trpair_000379,Li1.2Al0.2Ti1.8(PO4)3,Li1.2Al0.2Ge1.8(PO4)3,0.00338,7.94e-05,-0.0033006000000000003,RT,unknow,nasicon,10.1016/j.jeurceramsoc.2014.11.023
trgrp_0044,trpair_000380,Li1.2Al0.2Ti1.8(PO4)3,Li1.4Al0.4Ti1.6(PO4)3,0.00338,0.00338,0.0,RT,unknow,nasicon,10.1016/j.jeurceramsoc.2014.11.023
trgrp_0044,trpair_000381,Li1.2Al0.2Ti1.8(PO4)3,Li1.5Al0.5Ge1.5(PO4)3,0.00338,0.00019,-0.00319,RT,unknow,nasicon,10.1016/j.jeurceramsoc.2014.11.023
trgrp_0044,trpair_000382,Li1.2Al0.2Ge1.8(PO4)3,Li1.4Al0.4Ti1.6(PO4)3,7.94e-05,0.00338,0.0033006000000000003,RT,unknow,nasicon,10.1016/j.jeurceramsoc.2014.11.023
trgrp_0044,trpair_000383,Li1.2Al0.2Ge1.8(PO4)3,Li1.5Al0.5Ge1.5(PO4)3,7.94e-05,0.00019,0.0001106,RT,unknow,nasicon,10.1016/j.jeurceramsoc.2014.11.023
trgrp_0044,trpair_000384,Li1.4Al0.4Ti1.6(PO4)3,Li1.5Al0.5Ge1.5(PO4)3,0.00338,0.00019,-0.00319,RT,unknow,nasicon,10.1016/j.jeurceramsoc.2014.11.023
trgrp_0045,trpair_000385,Li5La3Nb2O12,Li5La3Nb1.95Y0.05O11.95,5.08e-06,1.34e-05,8.320000000000002e-06,RT,unknow,garnet,10.1016/j.jpowsour.2011.05.031
trgrp_0045,trpair_000386,Li5La3Nb2O12,Li5La3Nb1.9Y0.1O11.9,5.08e-06,1.44e-05,9.319999999999999e-06,RT,unknow,garnet,10.1016/j.jpowsour.2011.05.031
trgrp_0045,trpair_000387,Li5La3Nb2O12,Li5La3Nb1.85Y0.15O11.85,5.08e-06,5.71e-06,6.300000000000007e-07,RT,unknow,garnet,10.1016/j.jpowsour.2011.05.031
trgrp_0045,trpair_000388,Li5La3Nb2O12,Li5La3Nb1.8Y0.2O11.8,5.08e-06,9.13e-06,4.050000000000001e-06,RT,unknow,garnet,10.1016/j.jpowsour.2011.05.031
trgrp_0045,trpair_000389,Li5La3Nb2O12,Li5La3Nb1.75Y0.25O11.75,5.08e-06,9.68e-06,4.600000000000001e-06,RT,unknow,garnet,10.1016/j.jpowsour.2011.05.031
trgrp_0045,trpair_000390,Li5La3Nb1.95Y0.05O11.95,Li5La3Nb1.9Y0.1O11.9,1.34e-05,1.44e-05,9.99999999999999e-07,RT,unknow,garnet,10.1016/j.jpowsour.2011.05.031
trgrp_0045,trpair_000391,Li5La3Nb1.95Y0.05O11.95,Li5La3Nb1.85Y0.15O11.85,1.34e-05,5.71e-06,-7.69e-06,RT,unknow,garnet,10.1016/j.jpowsour.2011.05.031
trgrp_0045,trpair_000392,Li5La3Nb1.95Y0.05O11.95,Li5La3Nb1.8Y0.2O11.8,1.34e-05,9.13e-06,-4.27e-06,RT,unknow,garnet,10.1016/j.jpowsour.2011.05.031
trgrp_0045,trpair_000393,Li5La3Nb1.95Y0.05O11.95,Li5La3Nb1.75Y0.25O11.75,1.34e-05,9.68e-06,-3.72e-06,RT,unknow,garnet,10.1016/j.jpowsour.2011.05.031
trgrp_0045,trpair_000394,Li5La3Nb1.9Y0.1O11.9,Li5La3Nb1.85Y0.15O11.85,1.44e-05,5.71e-06,-8.69e-06,RT,unknow,garnet,10.1016/j.jpowsour.2011.05.031
trgrp_0045,trpair_000395,Li5La3Nb1.9Y0.1O11.9,Li5La3Nb1.8Y0.2O11.8,1.44e-05,9.13e-06,-5.269999999999999e-06,RT,unknow,garnet,10.1016/j.jpowsour.2011.05.031
trgrp_0045,trpair_000396,Li5La3Nb1.9Y0.1O11.9,Li5La3Nb1.75Y0.25O11.75,1.44e-05,9.68e-06,-4.719999999999999e-06,RT,unknow,garnet,10.1016/j.jpowsour.2011.05.031
trgrp_0045,trpair_000397,Li5La3Nb1.85Y0.15O11.85,Li5La3Nb1.8Y0.2O11.8,5.71e-06,9.13e-06,3.4200000000000003e-06,RT,unknow,garnet,10.1016/j.jpowsour.2011.05.031
trgrp_0045,trpair_000398,Li5La3Nb1.85Y0.15O11.85,Li5La3Nb1.75Y0.25O11.75,5.71e-06,9.68e-06,3.97e-06,RT,unknow,garnet,10.1016/j.jpowsour.2011.05.031
trgrp_0045,trpair_000399,Li5La3Nb1.8Y0.2O11.8,Li5La3Nb1.75Y0.25O11.75,9.13e-06,9.68e-06,5.499999999999998e-07,RT,unknow,garnet,10.1016/j.jpowsour.2011.05.031
trgrp_0046,trpair_000400,Li6.15La3Zr1.75Ta0.25Ga0.2O12,Li6.15La3Zr1.75Ta0.25Al0.2O12,0.00041,0.00037,-3.9999999999999996e-05,RT,unknow,garnet,10.1016/j.jpowsour.2012.01.131
trgrp_0046,trpair_000401,Li6.15La3Zr1.75Ta0.25Ga0.2O12,Li6.75La3Zr1.75Ta0.25O12,0.00041,0.00087,0.00046,RT,unknow,garnet,10.1016/j.jpowsour.2012.01.131
trgrp_0046,trpair_000402,Li6.15La3Zr1.75Ta0.25Al0.2O12,Li6.75La3Zr1.75Ta0.25O12,0.00037,0.00087,0.0005,RT,unknow,garnet,10.1016/j.jpowsour.2012.01.131
trgrp_0047,trpair_000403,Li6.75La3Zr1.875Te0.125O12,Li6.5La3Zr1.75Te0.25O12,0.00033,0.00102,0.0006900000000000001,RT,unknow,garnet,10.1016/j.jpowsour.2013.03.166
trgrp_0048,trpair_000404,Li5.5La2.75K0.25Nb2O12,Li5.5La3Nb1.75In0.25O12,1.06e-05,2.4e-05,1.34e-05,RT,unknow,garnet,10.1016/j.jssc.2005.12.025
trgrp_0049,trpair_000405,Li6SrLa2Sb2O12,Li5La3Sb2O12,6.3e-06,7.8e-06,1.5e-06,RT,unknow,garnet,10.1016/j.materresbull.2007.10.035
trgrp_0050,trpair_000406,Li0.31La0.63(Ti0.9Co0.1)O3,Li0.19La0.67(Ti0.9Co0.1)O3,0.00026,0.000108,-0.00015199999999999998,RT,unknow,perovskites,10.1016/j.mseb.2004.07.003
trgrp_0051,trpair_000407,Li6La2SrBi2O12,Li5La3Bi2O12,2e-05,1.9e-05,-1.0000000000000006e-06,RT,unknow,garnet,10.1016/j.mseb.2007.07.009
trgrp_0052,trpair_000408,Li(Ti1.4Sn0.6)(PO4)3,Li(Ti0.6Sn1.4)(PO4)3,2.28e-05,9.42e-06,-1.3379999999999999e-05,RT,unknow,nasicon,10.1016/j.physb.2011.11.006
trgrp_0052,trpair_000409,Li(Ti0.6Sn1.4)(PO4)3,Li(Ti0.4Sn1.6)(PO4)3,9.42e-06,3.15e-06,-6.269999999999999e-06,RT,unknow,nasicon,10.1016/j.physb.2011.11.006
trgrp_0053,trpair_000410,La0.62Li0.14(Mg0.5W0.5)O3,La0.63Li0.11(Mg0.5W0.5)O3,1.2e-05,6.8e-06,-5.2e-06,RT,unknow,perovskites,10.1016/j.ssi.2004.05.010
trgrp_0053,trpair_000411,La0.63Li0.11(Mg0.5W0.5)O3,La0.65Li0.05(Mg0.5W0.5)O3,6.8e-06,1.8e-07,-6.62e-06,RT,unknow,perovskites,10.1016/j.ssi.2004.05.010
trgrp_0054,trpair_000412,Li6(La2Ca)(NbO6)2,Li6(La2Sr)(NbO6)2,1.33e-06,3.69e-06,2.36e-06,RT,unknow,garnet,10.1016/j.ssi.2008.01.047
trgrp_0055,trpair_000413,Li6BaLa2Ta2O12,Li6CaLa2Ta2O12,1.3e-05,2.2e-06,-1.0799999999999998e-05,RT,unknow,garnet,10.1016/j.ssi.2008.10.022
trgrp_0056,trpair_000414,(Li0.55Mg0.45)(Li0.445Mg0.055)Ti1.5O4,(Li0.61Mg0.39)(Li0.46Mg0.005Ti0.035)Ti1.5O4,1.53e-11,6.56e-10,6.407e-10,RT,unknow,oxides,10.1016/j.ssi.2010.06.003
trgrp_0056,trpair_000415,(Li0.55Mg0.45)(Li0.445Mg0.055)Ti1.5O4,(Li0.74Mg0.26)(Li0.40Mg0.04Ti1.56)O4,1.53e-11,1.51e-09,1.4947e-09,RT,unknow,oxides,10.1016/j.ssi.2010.06.003
trgrp_0056,trpair_000416,(Li0.55Mg0.45)(Li0.445Mg0.055)Ti1.5O4,(Li0.826Mg0.174)(Li0.374Mg0.026Ti1.60)O4,1.53e-11,4.24e-09,4.2247e-09,RT,unknow,oxides,10.1016/j.ssi.2010.06.003
trgrp_0056,trpair_000417,(Li0.55Mg0.45)(Li0.445Mg0.055)Ti1.5O4,(Li0.916Mg0.084)(Li0.352Mg0.016Ti1.634)O4,1.53e-11,1.73e-08,1.72847e-08,RT,unknow,oxides,10.1016/j.ssi.2010.06.003
trgrp_0056,trpair_000418,(Li0.55Mg0.45)(Li0.445Mg0.055)Ti1.5O4,Li(Li0.34Ti1.66)O4,1.53e-11,6.03e-08,6.028470000000001e-08,RT,unknow,oxides,10.1016/j.ssi.2010.06.003
trgrp_0056,trpair_000419,(Li0.61Mg0.39)(Li0.46Mg0.005Ti0.035)Ti1.5O4,(Li0.74Mg0.26)(Li0.40Mg0.04Ti1.56)O4,6.56e-10,1.51e-09,8.539999999999999e-10,RT,unknow,oxides,10.1016/j.ssi.2010.06.003
trgrp_0056,trpair_000420,(Li0.61Mg0.39)(Li0.46Mg0.005Ti0.035)Ti1.5O4,(Li0.826Mg0.174)(Li0.374Mg0.026Ti1.60)O4,6.56e-10,4.24e-09,3.584e-09,RT,unknow,oxides,10.1016/j.ssi.2010.06.003
trgrp_0056,trpair_000421,(Li0.61Mg0.39)(Li0.46Mg0.005Ti0.035)Ti1.5O4,(Li0.916Mg0.084)(Li0.352Mg0.016Ti1.634)O4,6.56e-10,1.73e-08,1.6644e-08,RT,unknow,oxides,10.1016/j.ssi.2010.06.003
trgrp_0056,trpair_000422,(Li0.61Mg0.39)(Li0.46Mg0.005Ti0.035)Ti1.5O4,Li(Li0.34Ti1.66)O4,6.56e-10,6.03e-08,5.9644e-08,RT,unknow,oxides,10.1016/j.ssi.2010.06.003
trgrp_0056,trpair_000423,(Li0.74Mg0.26)(Li0.40Mg0.04Ti1.56)O4,(Li0.826Mg0.174)(Li0.374Mg0.026Ti1.60)O4,1.51e-09,4.24e-09,2.7300000000000003e-09,RT,unknow,oxides,10.1016/j.ssi.2010.06.003
trgrp_0056,trpair_000424,(Li0.74Mg0.26)(Li0.40Mg0.04Ti1.56)O4,(Li0.916Mg0.084)(Li0.352Mg0.016Ti1.634)O4,1.51e-09,1.73e-08,1.5789999999999998e-08,RT,unknow,oxides,10.1016/j.ssi.2010.06.003
trgrp_0056,trpair_000425,(Li0.74Mg0.26)(Li0.40Mg0.04Ti1.56)O4,Li(Li0.34Ti1.66)O4,1.51e-09,6.03e-08,5.8790000000000006e-08,RT,unknow,oxides,10.1016/j.ssi.2010.06.003
trgrp_0056,trpair_000426,(Li0.826Mg0.174)(Li0.374Mg0.026Ti1.60)O4,(Li0.916Mg0.084)(Li0.352Mg0.016Ti1.634)O4,4.24e-09,1.73e-08,1.3059999999999999e-08,RT,unknow,oxides,10.1016/j.ssi.2010.06.003
trgrp_0056,trpair_000427,(Li0.826Mg0.174)(Li0.374Mg0.026Ti1.60)O4,Li(Li0.34Ti1.66)O4,4.24e-09,6.03e-08,5.606e-08,RT,unknow,oxides,10.1016/j.ssi.2010.06.003
trgrp_0056,trpair_000428,(Li0.916Mg0.084)(Li0.352Mg0.016Ti1.634)O4,Li(Li0.34Ti1.66)O4,1.73e-08,6.03e-08,4.3e-08,RT,unknow,oxides,10.1016/j.ssi.2010.06.003
trgrp_0057,trpair_000429,Li1.3Al0.1Sc0.2Ti1.7(PO4)3,Li1.3Al0.15Sc0.15Ti1.7(PO4)3,0.000429,0.00124,0.000811,RT,unknow,nasicon,10.1016/j.ssi.2012.03.045
trgrp_0057,trpair_000430,Li1.3Al0.1Sc0.2Ti1.7(PO4)3,Li1.3Al0.2Sc0.1Ti1.7(PO4)3,0.000429,0.000972,0.000543,RT,unknow,nasicon,10.1016/j.ssi.2012.03.045
trgrp_0057,trpair_000431,Li1.3Al0.1Sc0.2Ti1.7(PO4)3,Li1.3Al0.3Ti1.7(PO4)3,0.000429,0.00113,0.0007009999999999999,RT,unknow,nasicon,10.1016/j.ssi.2012.03.045
trgrp_0057,trpair_000432,Li1.3Al0.1Sc0.2Ti1.7(PO4)3,Li1.3Sc0.3Ti1.7(PO4)3,0.000429,0.000452,2.2999999999999963e-05,RT,unknow,nasicon,10.1016/j.ssi.2012.03.045
trgrp_0057,trpair_000433,Li1.3Al0.15Sc0.15Ti1.7(PO4)3,Li1.3Al0.2Sc0.1Ti1.7(PO4)3,0.00124,0.000972,-0.000268,RT,unknow,nasicon,10.1016/j.ssi.2012.03.045
trgrp_0057,trpair_000434,Li1.3Al0.15Sc0.15Ti1.7(PO4)3,Li1.3Al0.3Ti1.7(PO4)3,0.00124,0.00113,-0.00011000000000000007,RT,unknow,nasicon,10.1016/j.ssi.2012.03.045
trgrp_0057,trpair_000435,Li1.3Al0.15Sc0.15Ti1.7(PO4)3,Li1.3Sc0.3Ti1.7(PO4)3,0.00124,0.000452,-0.0007880000000000001,RT,unknow,nasicon,10.1016/j.ssi.2012.03.045
trgrp_0057,trpair_000436,Li1.3Al0.2Sc0.1Ti1.7(PO4)3,Li1.3Al0.3Ti1.7(PO4)3,0.000972,0.00113,0.00015799999999999994,RT,unknow,nasicon,10.1016/j.ssi.2012.03.045
trgrp_0057,trpair_000437,Li1.3Al0.2Sc0.1Ti1.7(PO4)3,Li1.3Sc0.3Ti1.7(PO4)3,0.000972,0.000452,-0.0005200000000000001,RT,unknow,nasicon,10.1016/j.ssi.2012.03.045
trgrp_0057,trpair_000438,Li1.3Al0.3Ti1.7(PO4)3,Li1.3Sc0.3Ti1.7(PO4)3,0.00113,0.000452,-0.000678,RT,unknow,nasicon,10.1016/j.ssi.2012.03.045
trgrp_0058,trpair_000439,Li1.3Al0.1Y0.2Ti1.7(PO4)3,Li1.3Al0.15Y0.15Ti1.7(PO4)3,7.3e-05,1.9e-05,-5.4e-05,RT,unknow,nasicon,10.1016/j.ssi.2012.05.011
trgrp_0058,trpair_000440,Li1.3Al0.15Y0.15Ti1.7(PO4)3,Li1.3Al0.2Y0.1Ti1.7(PO4)3,1.9e-05,0.00012,0.000101,RT,unknow,nasicon,10.1016/j.ssi.2012.05.011
trgrp_0059,trpair_000441,Li1.05Cr0.05Ti1.95(PO4)3,Li1.05Fe0.05Ti1.95(PO4)3,0.00018,0.00013,-5.000000000000002e-05,RT,unknow,nasicon,10.1016/j.ssi.2014.07.018
trgrp_0059,trpair_000442,Li1.05Cr0.05Ti1.95(PO4)3,Li1.05Al0.05Ti1.95(PO4)3,0.00018,0.0011,0.00092,RT,unknow,nasicon,10.1016/j.ssi.2014.07.018
trgrp_0059,trpair_000443,Li1.05Cr0.05Ti1.95(PO4)3,Li1.1Cr0.1Ti1.9(PO4)3,0.00018,0.00026,7.999999999999997e-05,RT,unknow,nasicon,10.1016/j.ssi.2014.07.018
trgrp_0059,trpair_000444,Li1.05Cr0.05Ti1.95(PO4)3,Li1.1Al0.1Ti1.9(PO4)3,0.00018,0.00067,0.00049,RT,unknow,nasicon,10.1016/j.ssi.2014.07.018
trgrp_0059,trpair_000445,Li1.05Cr0.05Ti1.95(PO4)3,Li1.1Fe0.1Ti1.9(PO4)3,0.00018,0.00063,0.00045,RT,unknow,nasicon,10.1016/j.ssi.2014.07.018
trgrp_0059,trpair_000446,Li1.05Cr0.05Ti1.95(PO4)3,Li1.2Fe0.2Ti1.8(PO4)3,0.00018,0.0014,0.00122,RT,unknow,nasicon,10.1016/j.ssi.2014.07.018
trgrp_0059,trpair_000447,Li1.05Cr0.05Ti1.95(PO4)3,Li1.2Cr0.2Ti1.8(PO4)3,0.00018,0.00043,0.00025,RT,unknow,nasicon,10.1016/j.ssi.2014.07.018
trgrp_0059,trpair_000448,Li1.05Cr0.05Ti1.95(PO4)3,Li1.3Fe0.3Ti1.7(PO4)3,0.00018,0.0023,0.00212,RT,unknow,nasicon,10.1016/j.ssi.2014.07.018
trgrp_0059,trpair_000449,Li1.05Cr0.05Ti1.95(PO4)3,Li1.3Al0.3Ti1.7(PO4)3,0.00018,0.0062,0.00602,RT,unknow,nasicon,10.1016/j.ssi.2014.07.018
trgrp_0059,trpair_000450,Li1.05Cr0.05Ti1.95(PO4)3,Li1.3Cr0.3Ti1.7(PO4)3,0.00018,0.00029,0.00010999999999999999,RT,unknow,nasicon,10.1016/j.ssi.2014.07.018
trgrp_0059,trpair_000451,Li1.05Cr0.05Ti1.95(PO4)3,Li1.4Al0.4Ti1.6(PO4)3,0.00018,0.0033,0.00312,RT,unknow,nasicon,10.1016/j.ssi.2014.07.018
trgrp_0059,trpair_000452,Li1.05Cr0.05Ti1.95(PO4)3,LiTi2(PO4)3,0.00018,6e-05,-0.00012000000000000002,RT,unknow,nasicon,10.1016/j.ssi.2014.07.018
trgrp_0059,trpair_000453,Li1.05Fe0.05Ti1.95(PO4)3,Li1.05Al0.05Ti1.95(PO4)3,0.00013,0.0011,0.00097,RT,unknow,nasicon,10.1016/j.ssi.2014.07.018
trgrp_0059,trpair_000454,Li1.05Fe0.05Ti1.95(PO4)3,Li1.1Cr0.1Ti1.9(PO4)3,0.00013,0.00026,0.00013,RT,unknow,nasicon,10.1016/j.ssi.2014.07.018
trgrp_0059,trpair_000455,Li1.05Fe0.05Ti1.95(PO4)3,Li1.1Al0.1Ti1.9(PO4)3,0.00013,0.00067,0.00054,RT,unknow,nasicon,10.1016/j.ssi.2014.07.018
trgrp_0059,trpair_000456,Li1.05Fe0.05Ti1.95(PO4)3,Li1.1Fe0.1Ti1.9(PO4)3,0.00013,0.00063,0.0005,RT,unknow,nasicon,10.1016/j.ssi.2014.07.018
trgrp_0059,trpair_000457,Li1.05Fe0.05Ti1.95(PO4)3,Li1.2Fe0.2Ti1.8(PO4)3,0.00013,0.0014,0.00127,RT,unknow,nasicon,10.1016/j.ssi.2014.07.018
trgrp_0059,trpair_000458,Li1.05Fe0.05Ti1.95(PO4)3,Li1.2Cr0.2Ti1.8(PO4)3,0.00013,0.00043,0.00030000000000000003,RT,unknow,nasicon,10.1016/j.ssi.2014.07.018
trgrp_0059,trpair_000459,Li1.05Fe0.05Ti1.95(PO4)3,Li1.3Fe0.3Ti1.7(PO4)3,0.00013,0.0023,0.00217,RT,unknow,nasicon,10.1016/j.ssi.2014.07.018
trgrp_0059,trpair_000460,Li1.05Fe0.05Ti1.95(PO4)3,Li1.3Al0.3Ti1.7(PO4)3,0.00013,0.0062,0.00607,RT,unknow,nasicon,10.1016/j.ssi.2014.07.018
trgrp_0059,trpair_000461,Li1.05Fe0.05Ti1.95(PO4)3,Li1.3Cr0.3Ti1.7(PO4)3,0.00013,0.00029,0.00016,RT,unknow,nasicon,10.1016/j.ssi.2014.07.018
trgrp_0059,trpair_000462,Li1.05Fe0.05Ti1.95(PO4)3,Li1.4Al0.4Ti1.6(PO4)3,0.00013,0.0033,0.00317,RT,unknow,nasicon,10.1016/j.ssi.2014.07.018
trgrp_0059,trpair_000463,Li1.05Fe0.05Ti1.95(PO4)3,LiTi2(PO4)3,0.00013,6e-05,-7e-05,RT,unknow,nasicon,10.1016/j.ssi.2014.07.018
trgrp_0059,trpair_000464,Li1.05Al0.05Ti1.95(PO4)3,Li1.1Cr0.1Ti1.9(PO4)3,0.0011,0.00026,-0.00084,RT,unknow,nasicon,10.1016/j.ssi.2014.07.018
trgrp_0059,trpair_000465,Li1.05Al0.05Ti1.95(PO4)3,Li1.1Al0.1Ti1.9(PO4)3,0.0011,0.00067,-0.00043000000000000004,RT,unknow,nasicon,10.1016/j.ssi.2014.07.018
trgrp_0059,trpair_000466,Li1.05Al0.05Ti1.95(PO4)3,Li1.1Fe0.1Ti1.9(PO4)3,0.0011,0.00063,-0.00047000000000000004,RT,unknow,nasicon,10.1016/j.ssi.2014.07.018
trgrp_0059,trpair_000467,Li1.05Al0.05Ti1.95(PO4)3,Li1.2Fe0.2Ti1.8(PO4)3,0.0011,0.0014,0.0002999999999999999,RT,unknow,nasicon,10.1016/j.ssi.2014.07.018
trgrp_0059,trpair_000468,Li1.05Al0.05Ti1.95(PO4)3,Li1.2Cr0.2Ti1.8(PO4)3,0.0011,0.00043,-0.00067,RT,unknow,nasicon,10.1016/j.ssi.2014.07.018
trgrp_0059,trpair_000469,Li1.05Al0.05Ti1.95(PO4)3,Li1.3Fe0.3Ti1.7(PO4)3,0.0011,0.0023,0.0012,RT,unknow,nasicon,10.1016/j.ssi.2014.07.018
trgrp_0059,trpair_000470,Li1.05Al0.05Ti1.95(PO4)3,Li1.3Al0.3Ti1.7(PO4)3,0.0011,0.0062,0.0050999999999999995,RT,unknow,nasicon,10.1016/j.ssi.2014.07.018
trgrp_0059,trpair_000471,Li1.05Al0.05Ti1.95(PO4)3,Li1.3Cr0.3Ti1.7(PO4)3,0.0011,0.00029,-0.0008100000000000001,RT,unknow,nasicon,10.1016/j.ssi.2014.07.018
trgrp_0059,trpair_000472,Li1.05Al0.05Ti1.95(PO4)3,Li1.4Al0.4Ti1.6(PO4)3,0.0011,0.0033,0.0021999999999999997,RT,unknow,nasicon,10.1016/j.ssi.2014.07.018
trgrp_0059,trpair_000473,Li1.05Al0.05Ti1.95(PO4)3,LiTi2(PO4)3,0.0011,6e-05,-0.0010400000000000001,RT,unknow,nasicon,10.1016/j.ssi.2014.07.018
trgrp_0059,trpair_000474,Li1.1Cr0.1Ti1.9(PO4)3,Li1.1Al0.1Ti1.9(PO4)3,0.00026,0.00067,0.00041000000000000005,RT,unknow,nasicon,10.1016/j.ssi.2014.07.018
trgrp_0059,trpair_000475,Li1.1Cr0.1Ti1.9(PO4)3,Li1.1Fe0.1Ti1.9(PO4)3,0.00026,0.00063,0.00037000000000000005,RT,unknow,nasicon,10.1016/j.ssi.2014.07.018
trgrp_0059,trpair_000476,Li1.1Cr0.1Ti1.9(PO4)3,Li1.2Fe0.2Ti1.8(PO4)3,0.00026,0.0014,0.00114,RT,unknow,nasicon,10.1016/j.ssi.2014.07.018
trgrp_0059,trpair_000477,Li1.1Cr0.1Ti1.9(PO4)3,Li1.2Cr0.2Ti1.8(PO4)3,0.00026,0.00043,0.00017,RT,unknow,nasicon,10.1016/j.ssi.2014.07.018
trgrp_0059,trpair_000478,Li1.1Cr0.1Ti1.9(PO4)3,Li1.3Fe0.3Ti1.7(PO4)3,0.00026,0.0023,0.00204,RT,unknow,nasicon,10.1016/j.ssi.2014.07.018
trgrp_0059,trpair_000479,Li1.1Cr0.1Ti1.9(PO4)3,Li1.3Al0.3Ti1.7(PO4)3,0.00026,0.0062,0.00594,RT,unknow,nasicon,10.1016/j.ssi.2014.07.018
trgrp_0059,trpair_000480,Li1.1Cr0.1Ti1.9(PO4)3,Li1.3Cr0.3Ti1.7(PO4)3,0.00026,0.00029,3.0000000000000024e-05,RT,unknow,nasicon,10.1016/j.ssi.2014.07.018
trgrp_0059,trpair_000481,Li1.1Cr0.1Ti1.9(PO4)3,Li1.4Al0.4Ti1.6(PO4)3,0.00026,0.0033,0.00304,RT,unknow,nasicon,10.1016/j.ssi.2014.07.018
trgrp_0059,trpair_000482,Li1.1Cr0.1Ti1.9(PO4)3,LiTi2(PO4)3,0.00026,6e-05,-0.00019999999999999998,RT,unknow,nasicon,10.1016/j.ssi.2014.07.018
trgrp_0059,trpair_000483,Li1.1Al0.1Ti1.9(PO4)3,Li1.1Fe0.1Ti1.9(PO4)3,0.00067,0.00063,-3.9999999999999996e-05,RT,unknow,nasicon,10.1016/j.ssi.2014.07.018
trgrp_0059,trpair_000484,Li1.1Al0.1Ti1.9(PO4)3,Li1.2Fe0.2Ti1.8(PO4)3,0.00067,0.0014,0.00073,RT,unknow,nasicon,10.1016/j.ssi.2014.07.018
trgrp_0059,trpair_000485,Li1.1Al0.1Ti1.9(PO4)3,Li1.2Cr0.2Ti1.8(PO4)3,0.00067,0.00043,-0.00024000000000000003,RT,unknow,nasicon,10.1016/j.ssi.2014.07.018
trgrp_0059,trpair_000486,Li1.1Al0.1Ti1.9(PO4)3,Li1.3Fe0.3Ti1.7(PO4)3,0.00067,0.0023,0.00163,RT,unknow,nasicon,10.1016/j.ssi.2014.07.018
trgrp_0059,trpair_000487,Li1.1Al0.1Ti1.9(PO4)3,Li1.3Al0.3Ti1.7(PO4)3,0.00067,0.0062,0.00553,RT,unknow,nasicon,10.1016/j.ssi.2014.07.018
trgrp_0059,trpair_000488,Li1.1Al0.1Ti1.9(PO4)3,Li1.3Cr0.3Ti1.7(PO4)3,0.00067,0.00029,-0.00038,RT,unknow,nasicon,10.1016/j.ssi.2014.07.018
trgrp_0059,trpair_000489,Li1.1Al0.1Ti1.9(PO4)3,Li1.4Al0.4Ti1.6(PO4)3,0.00067,0.0033,0.00263,RT,unknow,nasicon,10.1016/j.ssi.2014.07.018
trgrp_0059,trpair_000490,Li1.1Al0.1Ti1.9(PO4)3,LiTi2(PO4)3,0.00067,6e-05,-0.00061,RT,unknow,nasicon,10.1016/j.ssi.2014.07.018
trgrp_0059,trpair_000491,Li1.1Fe0.1Ti1.9(PO4)3,Li1.2Fe0.2Ti1.8(PO4)3,0.00063,0.0014,0.00077,RT,unknow,nasicon,10.1016/j.ssi.2014.07.018
trgrp_0059,trpair_000492,Li1.1Fe0.1Ti1.9(PO4)3,Li1.2Cr0.2Ti1.8(PO4)3,0.00063,0.00043,-0.00020000000000000004,RT,unknow,nasicon,10.1016/j.ssi.2014.07.018
trgrp_0059,trpair_000493,Li1.1Fe0.1Ti1.9(PO4)3,Li1.3Fe0.3Ti1.7(PO4)3,0.00063,0.0023,0.00167,RT,unknow,nasicon,10.1016/j.ssi.2014.07.018
trgrp_0059,trpair_000494,Li1.1Fe0.1Ti1.9(PO4)3,Li1.3Al0.3Ti1.7(PO4)3,0.00063,0.0062,0.005569999999999999,RT,unknow,nasicon,10.1016/j.ssi.2014.07.018
trgrp_0059,trpair_000495,Li1.1Fe0.1Ti1.9(PO4)3,Li1.3Cr0.3Ti1.7(PO4)3,0.00063,0.00029,-0.00034,RT,unknow,nasicon,10.1016/j.ssi.2014.07.018
trgrp_0059,trpair_000496,Li1.1Fe0.1Ti1.9(PO4)3,Li1.4Al0.4Ti1.6(PO4)3,0.00063,0.0033,0.00267,RT,unknow,nasicon,10.1016/j.ssi.2014.07.018
trgrp_0059,trpair_000497,Li1.1Fe0.1Ti1.9(PO4)3,LiTi2(PO4)3,0.00063,6e-05,-0.00057,RT,unknow,nasicon,10.1016/j.ssi.2014.07.018
trgrp_0059,trpair_000498,Li1.2Fe0.2Ti1.8(PO4)3,Li1.2Cr0.2Ti1.8(PO4)3,0.0014,0.00043,-0.0009699999999999999,RT,unknow,nasicon,10.1016/j.ssi.2014.07.018
trgrp_0059,trpair_000499,Li1.2Fe0.2Ti1.8(PO4)3,Li1.3Fe0.3Ti1.7(PO4)3,0.0014,0.0023,0.0009,RT,unknow,nasicon,10.1016/j.ssi.2014.07.018
trgrp_0059,trpair_000500,Li1.2Fe0.2Ti1.8(PO4)3,Li1.3Al0.3Ti1.7(PO4)3,0.0014,0.0062,0.0048,RT,unknow,nasicon,10.1016/j.ssi.2014.07.018
trgrp_0059,trpair_000501,Li1.2Fe0.2Ti1.8(PO4)3,Li1.3Cr0.3Ti1.7(PO4)3,0.0014,0.00029,-0.0011099999999999999,RT,unknow,nasicon,10.1016/j.ssi.2014.07.018
trgrp_0059,trpair_000502,Li1.2Fe0.2Ti1.8(PO4)3,Li1.4Al0.4Ti1.6(PO4)3,0.0014,0.0033,0.0019,RT,unknow,nasicon,10.1016/j.ssi.2014.07.018
trgrp_0059,trpair_000503,Li1.2Fe0.2Ti1.8(PO4)3,LiTi2(PO4)3,0.0014,6e-05,-0.00134,RT,unknow,nasicon,10.1016/j.ssi.2014.07.018
trgrp_0059,trpair_000504,Li1.2Cr0.2Ti1.8(PO4)3,Li1.3Fe0.3Ti1.7(PO4)3,0.00043,0.0023,0.00187,RT,unknow,nasicon,10.1016/j.ssi.2014.07.018
trgrp_0059,trpair_000505,Li1.2Cr0.2Ti1.8(PO4)3,Li1.3Al0.3Ti1.7(PO4)3,0.00043,0.0062,0.00577,RT,unknow,nasicon,10.1016/j.ssi.2014.07.018
trgrp_0059,trpair_000506,Li1.2Cr0.2Ti1.8(PO4)3,Li1.3Cr0.3Ti1.7(PO4)3,0.00043,0.00029,-0.00014,RT,unknow,nasicon,10.1016/j.ssi.2014.07.018
trgrp_0059,trpair_000507,Li1.2Cr0.2Ti1.8(PO4)3,Li1.4Al0.4Ti1.6(PO4)3,0.00043,0.0033,0.00287,RT,unknow,nasicon,10.1016/j.ssi.2014.07.018
trgrp_0059,trpair_000508,Li1.2Cr0.2Ti1.8(PO4)3,LiTi2(PO4)3,0.00043,6e-05,-0.00037,RT,unknow,nasicon,10.1016/j.ssi.2014.07.018
trgrp_0059,trpair_000509,Li1.3Fe0.3Ti1.7(PO4)3,Li1.3Al0.3Ti1.7(PO4)3,0.0023,0.0062,0.0039,RT,unknow,nasicon,10.1016/j.ssi.2014.07.018
trgrp_0059,trpair_000510,Li1.3Fe0.3Ti1.7(PO4)3,Li1.3Cr0.3Ti1.7(PO4)3,0.0023,0.00029,-0.00201,RT,unknow,nasicon,10.1016/j.ssi.2014.07.018
trgrp_0059,trpair_000511,Li1.3Fe0.3Ti1.7(PO4)3,Li1.4Al0.4Ti1.6(PO4)3,0.0023,0.0033,0.001,RT,unknow,nasicon,10.1016/j.ssi.2014.07.018
trgrp_0059,trpair_000512,Li1.3Fe0.3Ti1.7(PO4)3,LiTi2(PO4)3,0.0023,6e-05,-0.00224,RT,unknow,nasicon,10.1016/j.ssi.2014.07.018
trgrp_0059,trpair_000513,Li1.3Al0.3Ti1.7(PO4)3,Li1.3Cr0.3Ti1.7(PO4)3,0.0062,0.00029,-0.0059099999999999995,RT,unknow,nasicon,10.1016/j.ssi.2014.07.018
trgrp_0059,trpair_000514,Li1.3Al0.3Ti1.7(PO4)3,Li1.4Al0.4Ti1.6(PO4)3,0.0062,0.0033,-0.0029,RT,unknow,nasicon,10.1016/j.ssi.2014.07.018
trgrp_0059,trpair_000515,Li1.3Al0.3Ti1.7(PO4)3,LiTi2(PO4)3,0.0062,6e-05,-0.00614,RT,unknow,nasicon,10.1016/j.ssi.2014.07.018
trgrp_0059,trpair_000516,Li1.3Cr0.3Ti1.7(PO4)3,Li1.4Al0.4Ti1.6(PO4)3,0.00029,0.0033,0.00301,RT,unknow,nasicon,10.1016/j.ssi.2014.07.018
trgrp_0059,trpair_000517,Li1.3Cr0.3Ti1.7(PO4)3,LiTi2(PO4)3,0.00029,6e-05,-0.00023,RT,unknow,nasicon,10.1016/j.ssi.2014.07.018
trgrp_0059,trpair_000518,Li1.4Al0.4Ti1.6(PO4)3,LiTi2(PO4)3,0.0033,6e-05,-0.00324,RT,unknow,nasicon,10.1016/j.ssi.2014.07.018
trgrp_0060,trpair_000519,(La0.9Sr0.1)LiO2,La(Li0.76Mg0.08)O2,6.29e-10,7.27e-10,9.799999999999997e-11,RT,unknow,lanthanumlithiumoxide,10.1016/j.ssi.2015.09.001
trgrp_0061,trpair_000520,Li5BiO5,Li3BiO4,3.9e-09,4.1e-10,-3.49e-09,RT,unknow,oxides,10.1016/j.ssi.2015.10.016
trgrp_0061,trpair_000521,Li3BiO4,Li3BiO3,4.1e-10,2.4e-10,-1.6999999999999998e-10,RT,unknow,oxides,10.1016/j.ssi.2015.10.016
trgrp_0061,trpair_000522,Li3BiO3,LiBiO2,2.4e-10,3.8e-08,3.776e-08,RT,unknow,oxides,10.1016/j.ssi.2015.10.016
trgrp_0062,trpair_000523,Li9.8Ba0.1GeP2S12,Li9.6Ba0.2GeP2S12,0.000561,0.000572,1.100000000000005e-05,RT,unknow,lgps,10.1016/j.ssi.2017.01.014
trgrp_0062,trpair_000524,Li9.8Ba0.1GeP2S12,Li9.4Ba0.3GeP2S12,0.000561,0.000707,0.00014599999999999997,RT,unknow,lgps,10.1016/j.ssi.2017.01.014
trgrp_0062,trpair_000525,Li9.8Ba0.1GeP2S12,Li9.2Ba0.4GeP2S12,0.000561,0.000316,-0.000245,RT,unknow,lgps,10.1016/j.ssi.2017.01.014
trgrp_0062,trpair_000526,Li9.8Ba0.1GeP2S12,Li9Ba0.5GeP2S12,0.000561,9.98e-05,-0.0004612,RT,unknow,lgps,10.1016/j.ssi.2017.01.014
trgrp_0062,trpair_000527,Li9.8Ba0.1GeP2S12,Li10GeP2S12,0.000561,0.00143,0.0008690000000000001,RT,unknow,lgps,10.1016/j.ssi.2017.01.014
trgrp_0062,trpair_000528,Li9.6Ba0.2GeP2S12,Li9.4Ba0.3GeP2S12,0.000572,0.000707,0.00013499999999999992,RT,unknow,lgps,10.1016/j.ssi.2017.01.014
trgrp_0062,trpair_000529,Li9.6Ba0.2GeP2S12,Li9.2Ba0.4GeP2S12,0.000572,0.000316,-0.00025600000000000004,RT,unknow,lgps,10.1016/j.ssi.2017.01.014
trgrp_0062,trpair_000530,Li9.6Ba0.2GeP2S12,Li9Ba0.5GeP2S12,0.000572,9.98e-05,-0.00047220000000000004,RT,unknow,lgps,10.1016/j.ssi.2017.01.014
trgrp_0062,trpair_000531,Li9.6Ba0.2GeP2S12,Li10GeP2S12,0.000572,0.00143,0.000858,RT,unknow,lgps,10.1016/j.ssi.2017.01.014
trgrp_0062,trpair_000532,Li9.4Ba0.3GeP2S12,Li9.2Ba0.4GeP2S12,0.000707,0.000316,-0.00039099999999999996,RT,unknow,lgps,10.1016/j.ssi.2017.01.014
trgrp_0062,trpair_000533,Li9.4Ba0.3GeP2S12,Li9Ba0.5GeP2S12,0.000707,9.98e-05,-0.0006071999999999999,RT,unknow,lgps,10.1016/j.ssi.2017.01.014
trgrp_0062,trpair_000534,Li9.4Ba0.3GeP2S12,Li10GeP2S12,0.000707,0.00143,0.0007230000000000001,RT,unknow,lgps,10.1016/j.ssi.2017.01.014
trgrp_0062,trpair_000535,Li9.2Ba0.4GeP2S12,Li9Ba0.5GeP2S12,0.000316,9.98e-05,-0.0002162,RT,unknow,lgps,10.1016/j.ssi.2017.01.014
trgrp_0062,trpair_000536,Li9.2Ba0.4GeP2S12,Li10GeP2S12,0.000316,0.00143,0.001114,RT,unknow,lgps,10.1016/j.ssi.2017.01.014
trgrp_0062,trpair_000537,Li9Ba0.5GeP2S12,Li10GeP2S12,9.98e-05,0.00143,0.0013302000000000001,RT,unknow,lgps,10.1016/j.ssi.2017.01.014
trgrp_0063,trpair_000538,La0.5Li0.5TiO3,La0.565Li0.305TiO3,0.000925,0.000957,3.199999999999991e-05,RT,unknow,perovskites,10.1016/s0167-2738(00)00761-x
trgrp_0063,trpair_000539,La0.565Li0.305TiO3,La0.595Li0.215TiO3,0.000957,0.000853,-0.00010399999999999993,RT,unknow,perovskites,10.1016/s0167-2738(00)00761-x
trgrp_0063,trpair_000540,La0.595Li0.215TiO3,La0.62Li0.14TiO3,0.000853,0.000442,-0.000411,RT,unknow,perovskites,10.1016/s0167-2738(00)00761-x
trgrp_0063,trpair_000541,La0.62Li0.14TiO3,La0.64Li0.08TiO3,0.000442,0.000335,-0.000107,RT,unknow,perovskites,10.1016/s0167-2738(00)00761-x
trgrp_0064,trpair_000542,Li2.667Mg0.667P2S6,Li3.333Mg0.333P2S6,4e-06,8.2e-08,-3.918e-06,RT,unknow,thio_phosphate,10.1016/s0167-2738(02)00007-3
trgrp_0065,trpair_000543,Li2InHf(PO4)3,Li2CrHf(PO4)3,2.74e-08,4.2e-08,1.4599999999999998e-08,RT,unknow,nasicon,10.1016/s0167-2738(96)00565-6
trgrp_0065,trpair_000544,Li2InHf(PO4)3,Li2InZr(PO4)3,2.74e-08,8.22e-08,5.4799999999999994e-08,RT,unknow,nasicon,10.1016/s0167-2738(96)00565-6
trgrp_0065,trpair_000545,Li2InHf(PO4)3,Li2FeTi(PO4)3,2.74e-08,3.34e-07,3.066e-07,RT,unknow,nasicon,10.1016/s0167-2738(96)00565-6
trgrp_0065,trpair_000546,Li2InHf(PO4)3,Li2CrTi(PO4)3,2.74e-08,4.41e-07,4.136e-07,RT,unknow,nasicon,10.1016/s0167-2738(96)00565-6
trgrp_0065,trpair_000547,Li2InHf(PO4)3,Li2CrZr(PO4)3,2.74e-08,5.91e-07,5.636e-07,RT,unknow,nasicon,10.1016/s0167-2738(96)00565-6
trgrp_0065,trpair_000548,Li2InHf(PO4)3,Li2InTi(PO4)3,2.74e-08,8.3e-06,8.2726e-06,RT,unknow,nasicon,10.1016/s0167-2738(96)00565-6
trgrp_0065,trpair_000549,Li2InHf(PO4)3,Li2FeZr(PO4)3,2.74e-08,1.44e-07,1.166e-07,RT,unknow,nasicon,10.1016/s0167-2738(96)00565-6
trgrp_0065,trpair_000550,Li2CrHf(PO4)3,Li2InZr(PO4)3,4.2e-08,8.22e-08,4.0199999999999996e-08,RT,unknow,nasicon,10.1016/s0167-2738(96)00565-6
trgrp_0065,trpair_000551,Li2CrHf(PO4)3,Li2FeTi(PO4)3,4.2e-08,3.34e-07,2.92e-07,RT,unknow,nasicon,10.1016/s0167-2738(96)00565-6
trgrp_0065,trpair_000552,Li2CrHf(PO4)3,Li2CrTi(PO4)3,4.2e-08,4.41e-07,3.99e-07,RT,unknow,nasicon,10.1016/s0167-2738(96)00565-6
trgrp_0065,trpair_000553,Li2CrHf(PO4)3,Li2CrZr(PO4)3,4.2e-08,5.91e-07,5.490000000000001e-07,RT,unknow,nasicon,10.1016/s0167-2738(96)00565-6
trgrp_0065,trpair_000554,Li2CrHf(PO4)3,Li2InTi(PO4)3,4.2e-08,8.3e-06,8.258e-06,RT,unknow,nasicon,10.1016/s0167-2738(96)00565-6
trgrp_0065,trpair_000555,Li2CrHf(PO4)3,Li2FeZr(PO4)3,4.2e-08,1.44e-07,1.0199999999999999e-07,RT,unknow,nasicon,10.1016/s0167-2738(96)00565-6
trgrp_0065,trpair_000556,Li2InZr(PO4)3,Li2FeTi(PO4)3,8.22e-08,3.34e-07,2.518e-07,RT,unknow,nasicon,10.1016/s0167-2738(96)00565-6
trgrp_0065,trpair_000557,Li2InZr(PO4)3,Li2CrTi(PO4)3,8.22e-08,4.41e-07,3.588e-07,RT,unknow,nasicon,10.1016/s0167-2738(96)00565-6
trgrp_0065,trpair_000558,Li2InZr(PO4)3,Li2CrZr(PO4)3,8.22e-08,5.91e-07,5.088e-07,RT,unknow,nasicon,10.1016/s0167-2738(96)00565-6
trgrp_0065,trpair_000559,Li2InZr(PO4)3,Li2InTi(PO4)3,8.22e-08,8.3e-06,8.2178e-06,RT,unknow,nasicon,10.1016/s0167-2738(96)00565-6
trgrp_0065,trpair_000560,Li2InZr(PO4)3,Li2FeZr(PO4)3,8.22e-08,1.44e-07,6.18e-08,RT,unknow,nasicon,10.1016/s0167-2738(96)00565-6
trgrp_0065,trpair_000561,Li2FeTi(PO4)3,Li2CrTi(PO4)3,3.34e-07,4.41e-07,1.0699999999999999e-07,RT,unknow,nasicon,10.1016/s0167-2738(96)00565-6
trgrp_0065,trpair_000562,Li2FeTi(PO4)3,Li2CrZr(PO4)3,3.34e-07,5.91e-07,2.5700000000000004e-07,RT,unknow,nasicon,10.1016/s0167-2738(96)00565-6
trgrp_0065,trpair_000563,Li2FeTi(PO4)3,Li2InTi(PO4)3,3.34e-07,8.3e-06,7.966e-06,RT,unknow,nasicon,10.1016/s0167-2738(96)00565-6
trgrp_0065,trpair_000564,Li2FeTi(PO4)3,Li2FeZr(PO4)3,3.34e-07,1.44e-07,-1.9e-07,RT,unknow,nasicon,10.1016/s0167-2738(96)00565-6
trgrp_0065,trpair_000565,Li2CrTi(PO4)3,Li2CrZr(PO4)3,4.41e-07,5.91e-07,1.5000000000000005e-07,RT,unknow,nasicon,10.1016/s0167-2738(96)00565-6
trgrp_0065,trpair_000566,Li2CrTi(PO4)3,Li2InTi(PO4)3,4.41e-07,8.3e-06,7.859e-06,RT,unknow,nasicon,10.1016/s0167-2738(96)00565-6
trgrp_0065,trpair_000567,Li2CrTi(PO4)3,Li2FeZr(PO4)3,4.41e-07,1.44e-07,-2.9699999999999997e-07,RT,unknow,nasicon,10.1016/s0167-2738(96)00565-6
trgrp_0065,trpair_000568,Li2CrZr(PO4)3,Li2InTi(PO4)3,5.91e-07,8.3e-06,7.709e-06,RT,unknow,nasicon,10.1016/s0167-2738(96)00565-6
trgrp_0065,trpair_000569,Li2CrZr(PO4)3,Li2FeZr(PO4)3,5.91e-07,1.44e-07,-4.47e-07,RT,unknow,nasicon,10.1016/s0167-2738(96)00565-6
trgrp_0065,trpair_000570,Li2InTi(PO4)3,Li2FeZr(PO4)3,8.3e-06,1.44e-07,-8.156e-06,RT,unknow,nasicon,10.1016/s0167-2738(96)00565-6
trgrp_0066,trpair_000571,Li1.9Mn0.9Ga0.1Cl4,Li1.65Mn0.65In0.35Cl4,2.37e-07,9.9e-08,-1.38e-07,RT,unknow,chlorides,10.1016/s0167-2738(96)00592-9
trgrp_0068,trpair_000572,La0.52Li0.45TiO3,La0.54Li0.39TiO3,0.000785,0.00125,0.000465,RT,淬火（无序相，Pm-3m）,perovskites,10.1016/s0167-2738(98)00070-8
trgrp_0068,trpair_000573,La0.54Li0.39TiO3,La0.55Li0.36TiO3,0.00125,0.00154,0.0002899999999999999,RT,淬火（无序相，Pm-3m）,perovskites,10.1016/s0167-2738(98)00070-8
trgrp_0068,trpair_000574,La0.55Li0.36TiO3,La0.56Li0.33TiO3,0.00154,0.0013,-0.00023999999999999998,RT,淬火（无序相，Pm-3m）,perovskites,10.1016/s0167-2738(98)00070-8
trgrp_0068,trpair_000575,La0.56Li0.33TiO3,La0.58Li0.27TiO3,0.0013,0.000832,-0.000468,RT,淬火（无序相，Pm-3m）,perovskites,10.1016/s0167-2738(98)00070-8
trgrp_0069,trpair_000576,La0.52Li0.45TiO3,La0.54Li0.39TiO3,0.000501,0.000651,0.00014999999999999996,RT,退火（有序相，P4/mmm）,perovskites,10.1016/s0167-2738(98)00070-8
trgrp_0069,trpair_000577,La0.54Li0.39TiO3,La0.55Li0.36TiO3,0.000651,0.000688,3.700000000000003e-05,RT,退火（有序相，P4/mmm）,perovskites,10.1016/s0167-2738(98)00070-8
trgrp_0069,trpair_000578,La0.55Li0.36TiO3,La0.56Li0.33TiO3,0.000688,0.000668,-2.0000000000000052e-05,RT,退火（有序相，P4/mmm）,perovskites,10.1016/s0167-2738(98)00070-8
trgrp_0069,trpair_000579,La0.56Li0.33TiO3,La0.58Li0.27TiO3,0.000668,0.000599,-6.899999999999994e-05,RT,退火（有序相，P4/mmm）,perovskites,10.1016/s0167-2738(98)00070-8
trgrp_0070,trpair_000580,Nd0.25Li0.25TaO3,Li0.25La0.25TaO3,1.31e-08,2.61e-05,2.60869e-05,RT,unknow,perovskites,10.1016/s0167-2738(98)00414-7
trgrp_0070,trpair_000581,Nd0.25Li0.25TaO3,Sm0.25Li0.25TaO3,1.31e-08,4.32e-10,-1.2668e-08,RT,unknow,perovskites,10.1016/s0167-2738(98)00414-7
trgrp_0070,trpair_000582,Li0.25La0.25TaO3,Sm0.25Li0.25TaO3,2.61e-05,4.32e-10,-2.6099568000000002e-05,RT,unknow,perovskites,10.1016/s0167-2738(98)00414-7
trgrp_0071,trpair_000583,Li0.5Sr0.5Fe0.25Ta0.75O3,Li0.5Sr0.5Cr0.25Ta0.75O3,0.0001,6e-05,-4e-05,RT,unknow,perovskites,10.1016/s0378-7753(97)02645-1
trgrp_0072,trpair_000584,Li1.1Al0.1Ti1.9(PO4)3,Li1.1Al0.1Ge1.9(PO4)3,3e-05,2.9e-06,-2.71e-05,RT,unknow,nasicon,10.1016/s0955-2219(99)00055-2
trgrp_0072,trpair_000585,Li1.1Al0.1Ti1.9(PO4)3,Li1.3Al0.3Ti1.7(PO4)3,3e-05,3.75e-05,7.499999999999996e-06,RT,unknow,nasicon,10.1016/s0955-2219(99)00055-2
trgrp_0072,trpair_000586,Li1.1Al0.1Ti1.9(PO4)3,Li1.3Al0.3Ge1.7(PO4)3,3e-05,3.9e-05,8.999999999999999e-06,RT,unknow,nasicon,10.1016/s0955-2219(99)00055-2
trgrp_0072,trpair_000587,Li1.1Al0.1Ti1.9(PO4)3,Li1.5Al0.5Ge1.5(PO4)3,3e-05,0.00028,0.00024999999999999995,RT,unknow,nasicon,10.1016/s0955-2219(99)00055-2
trgrp_0072,trpair_000588,Li1.1Al0.1Ti1.9(PO4)3,Li1.6Al0.6Ge1.4(PO4)3,3e-05,0.00014,0.00010999999999999999,RT,unknow,nasicon,10.1016/s0955-2219(99)00055-2
trgrp_0072,trpair_000589,Li1.1Al0.1Ti1.9(PO4)3,Li1.6Al0.6Ti1.4(PO4)3,3e-05,2.3e-05,-7.000000000000001e-06,RT,unknow,nasicon,10.1016/s0955-2219(99)00055-2
trgrp_0072,trpair_000590,Li1.1Al0.1Ge1.9(PO4)3,Li1.3Al0.3Ti1.7(PO4)3,2.9e-06,3.75e-05,3.4599999999999994e-05,RT,unknow,nasicon,10.1016/s0955-2219(99)00055-2
trgrp_0072,trpair_000591,Li1.1Al0.1Ge1.9(PO4)3,Li1.3Al0.3Ge1.7(PO4)3,2.9e-06,3.9e-05,3.6099999999999997e-05,RT,unknow,nasicon,10.1016/s0955-2219(99)00055-2
trgrp_0072,trpair_000592,Li1.1Al0.1Ge1.9(PO4)3,Li1.5Al0.5Ge1.5(PO4)3,2.9e-06,0.00028,0.00027709999999999996,RT,unknow,nasicon,10.1016/s0955-2219(99)00055-2
trgrp_0072,trpair_000593,Li1.1Al0.1Ge1.9(PO4)3,Li1.6Al0.6Ge1.4(PO4)3,2.9e-06,0.00014,0.0001371,RT,unknow,nasicon,10.1016/s0955-2219(99)00055-2
trgrp_0072,trpair_000594,Li1.1Al0.1Ge1.9(PO4)3,Li1.6Al0.6Ti1.4(PO4)3,2.9e-06,2.3e-05,2.01e-05,RT,unknow,nasicon,10.1016/s0955-2219(99)00055-2
trgrp_0072,trpair_000595,Li1.3Al0.3Ti1.7(PO4)3,Li1.3Al0.3Ge1.7(PO4)3,3.75e-05,3.9e-05,1.5000000000000026e-06,RT,unknow,nasicon,10.1016/s0955-2219(99)00055-2
trgrp_0072,trpair_000596,Li1.3Al0.3Ti1.7(PO4)3,Li1.5Al0.5Ge1.5(PO4)3,3.75e-05,0.00028,0.00024249999999999999,RT,unknow,nasicon,10.1016/s0955-2219(99)00055-2
trgrp_0072,trpair_000597,Li1.3Al0.3Ti1.7(PO4)3,Li1.6Al0.6Ge1.4(PO4)3,3.75e-05,0.00014,0.0001025,RT,unknow,nasicon,10.1016/s0955-2219(99)00055-2
trgrp_0072,trpair_000598,Li1.3Al0.3Ti1.7(PO4)3,Li1.6Al0.6Ti1.4(PO4)3,3.75e-05,2.3e-05,-1.4499999999999997e-05,RT,unknow,nasicon,10.1016/s0955-2219(99)00055-2
trgrp_0072,trpair_000599,Li1.3Al0.3Ge1.7(PO4)3,Li1.5Al0.5Ge1.5(PO4)3,3.9e-05,0.00028,0.00024099999999999998,RT,unknow,nasicon,10.1016/s0955-2219(99)00055-2
trgrp_0072,trpair_000600,Li1.3Al0.3Ge1.7(PO4)3,Li1.6Al0.6Ge1.4(PO4)3,3.9e-05,0.00014,0.00010099999999999999,RT,unknow,nasicon,10.1016/s0955-2219(99)00055-2
trgrp_0072,trpair_000601,Li1.3Al0.3Ge1.7(PO4)3,Li1.6Al0.6Ti1.4(PO4)3,3.9e-05,2.3e-05,-1.6e-05,RT,unknow,nasicon,10.1016/s0955-2219(99)00055-2
trgrp_0072,trpair_000602,Li1.5Al0.5Ge1.5(PO4)3,Li1.6Al0.6Ge1.4(PO4)3,0.00028,0.00014,-0.00014,RT,unknow,nasicon,10.1016/s0955-2219(99)00055-2
trgrp_0072,trpair_000603,Li1.5Al0.5Ge1.5(PO4)3,Li1.6Al0.6Ti1.4(PO4)3,0.00028,2.3e-05,-0.00025699999999999996,RT,unknow,nasicon,10.1016/s0955-2219(99)00055-2
trgrp_0072,trpair_000604,Li1.6Al0.6Ge1.4(PO4)3,Li1.6Al0.6Ti1.4(PO4)3,0.00014,2.3e-05,-0.00011699999999999998,RT,unknow,nasicon,10.1016/s0955-2219(99)00055-2
trgrp_0073,trpair_000605,Li3YCl3Br3,Li3YBr6,2.08e-3,1.1e-3,-0.0009799999999999998,25,湿化学法（450°C烧结6 h）,halides,10.1016/s1003-6326(25)66819-1
trgrp_0074,trpair_000606,Li4Ge0.25Sn0.75Se4,Li4Ge0.50Sn0.50Se4,8.3e-07,1.8e-06,9.7e-07,RT,unknow,chalcogenidotetrelates,10.1021/acs.chemmater.0c04150
trgrp_0074,trpair_000607,Li4Ge0.25Sn0.75Se4,Li4Ge0.75Sn0.25Se4,8.3e-07,6e-06,5.1700000000000005e-06,RT,unknow,chalcogenidotetrelates,10.1021/acs.chemmater.0c04150
trgrp_0074,trpair_000608,Li4Ge0.25Sn0.75Se4,Li4GeSSe3,8.3e-07,1.5e-05,1.417e-05,RT,unknow,chalcogenidotetrelates,10.1021/acs.chemmater.0c04150
trgrp_0074,trpair_000609,Li4Ge0.25Sn0.75Se4,Li4GeS2Se2,8.3e-07,2.8e-05,2.717e-05,RT,unknow,chalcogenidotetrelates,10.1021/acs.chemmater.0c04150
trgrp_0074,trpair_000610,Li4Ge0.25Sn0.75Se4,Li4GeS3Se,8.3e-07,8.5e-06,7.67e-06,RT,unknow,chalcogenidotetrelates,10.1021/acs.chemmater.0c04150
trgrp_0074,trpair_000611,Li4Ge0.25Sn0.75Se4,Li4GeSe4,8.3e-07,5e-06,4.170000000000001e-06,RT,unknow,chalcogenidotetrelates,10.1021/acs.chemmater.0c04150
trgrp_0074,trpair_000612,Li4Ge0.25Sn0.75Se4,Li4SnSSe3,8.3e-07,9.5e-07,1.2000000000000002e-07,RT,unknow,chalcogenidotetrelates,10.1021/acs.chemmater.0c04150
trgrp_0074,trpair_000613,Li4Ge0.25Sn0.75Se4,Li4SnS2Se2,8.3e-07,3.6e-05,3.5170000000000004e-05,RT,unknow,chalcogenidotetrelates,10.1021/acs.chemmater.0c04150
trgrp_0074,trpair_000614,Li4Ge0.25Sn0.75Se4,Li4SnS3Se,8.3e-07,7.5e-05,7.416999999999999e-05,RT,unknow,chalcogenidotetrelates,10.1021/acs.chemmater.0c04150
trgrp_0074,trpair_000615,Li4Ge0.25Sn0.75Se4,Li4SnSe4,8.3e-07,4.5e-08,-7.85e-07,RT,unknow,chalcogenidotetrelates,10.1021/acs.chemmater.0c04150
trgrp_0074,trpair_000616,Li4Ge0.50Sn0.50Se4,Li4Ge0.75Sn0.25Se4,1.8e-06,6e-06,4.2000000000000004e-06,RT,unknow,chalcogenidotetrelates,10.1021/acs.chemmater.0c04150
trgrp_0074,trpair_000617,Li4Ge0.50Sn0.50Se4,Li4GeSSe3,1.8e-06,1.5e-05,1.32e-05,RT,unknow,chalcogenidotetrelates,10.1021/acs.chemmater.0c04150
trgrp_0074,trpair_000618,Li4Ge0.50Sn0.50Se4,Li4GeS2Se2,1.8e-06,2.8e-05,2.62e-05,RT,unknow,chalcogenidotetrelates,10.1021/acs.chemmater.0c04150
trgrp_0074,trpair_000619,Li4Ge0.50Sn0.50Se4,Li4GeS3Se,1.8e-06,8.5e-06,6.7e-06,RT,unknow,chalcogenidotetrelates,10.1021/acs.chemmater.0c04150
trgrp_0074,trpair_000620,Li4Ge0.50Sn0.50Se4,Li4GeSe4,1.8e-06,5e-06,3.2000000000000007e-06,RT,unknow,chalcogenidotetrelates,10.1021/acs.chemmater.0c04150
trgrp_0074,trpair_000621,Li4Ge0.50Sn0.50Se4,Li4SnSSe3,1.8e-06,9.5e-07,-8.499999999999999e-07,RT,unknow,chalcogenidotetrelates,10.1021/acs.chemmater.0c04150
trgrp_0074,trpair_000622,Li4Ge0.50Sn0.50Se4,Li4SnS2Se2,1.8e-06,3.6e-05,3.42e-05,RT,unknow,chalcogenidotetrelates,10.1021/acs.chemmater.0c04150
trgrp_0074,trpair_000623,Li4Ge0.50Sn0.50Se4,Li4SnS3Se,1.8e-06,7.5e-05,7.319999999999999e-05,RT,unknow,chalcogenidotetrelates,10.1021/acs.chemmater.0c04150
trgrp_0074,trpair_000624,Li4Ge0.50Sn0.50Se4,Li4SnSe4,1.8e-06,4.5e-08,-1.755e-06,RT,unknow,chalcogenidotetrelates,10.1021/acs.chemmater.0c04150
trgrp_0074,trpair_000625,Li4Ge0.75Sn0.25Se4,Li4GeSSe3,6e-06,1.5e-05,9e-06,RT,unknow,chalcogenidotetrelates,10.1021/acs.chemmater.0c04150
trgrp_0074,trpair_000626,Li4Ge0.75Sn0.25Se4,Li4GeS2Se2,6e-06,2.8e-05,2.2e-05,RT,unknow,chalcogenidotetrelates,10.1021/acs.chemmater.0c04150
trgrp_0074,trpair_000627,Li4Ge0.75Sn0.25Se4,Li4GeS3Se,6e-06,8.5e-06,2.4999999999999998e-06,RT,unknow,chalcogenidotetrelates,10.1021/acs.chemmater.0c04150
trgrp_0074,trpair_000628,Li4Ge0.75Sn0.25Se4,Li4GeSe4,6e-06,5e-06,-9.999999999999997e-07,RT,unknow,chalcogenidotetrelates,10.1021/acs.chemmater.0c04150
trgrp_0074,trpair_000629,Li4Ge0.75Sn0.25Se4,Li4SnSSe3,6e-06,9.5e-07,-5.05e-06,RT,unknow,chalcogenidotetrelates,10.1021/acs.chemmater.0c04150
trgrp_0074,trpair_000630,Li4Ge0.75Sn0.25Se4,Li4SnS2Se2,6e-06,3.6e-05,3e-05,RT,unknow,chalcogenidotetrelates,10.1021/acs.chemmater.0c04150
trgrp_0074,trpair_000631,Li4Ge0.75Sn0.25Se4,Li4SnS3Se,6e-06,7.5e-05,6.9e-05,RT,unknow,chalcogenidotetrelates,10.1021/acs.chemmater.0c04150
trgrp_0074,trpair_000632,Li4Ge0.75Sn0.25Se4,Li4SnSe4,6e-06,4.5e-08,-5.955e-06,RT,unknow,chalcogenidotetrelates,10.1021/acs.chemmater.0c04150
trgrp_0074,trpair_000633,Li4GeSSe3,Li4GeS2Se2,1.5e-05,2.8e-05,1.3e-05,RT,unknow,chalcogenidotetrelates,10.1021/acs.chemmater.0c04150
trgrp_0074,trpair_000634,Li4GeSSe3,Li4GeS3Se,1.5e-05,8.5e-06,-6.5000000000000004e-06,RT,unknow,chalcogenidotetrelates,10.1021/acs.chemmater.0c04150
trgrp_0074,trpair_000635,Li4GeSSe3,Li4GeSe4,1.5e-05,5e-06,-9.999999999999999e-06,RT,unknow,chalcogenidotetrelates,10.1021/acs.chemmater.0c04150
trgrp_0074,trpair_000636,Li4GeSSe3,Li4SnSSe3,1.5e-05,9.5e-07,-1.4050000000000001e-05,RT,unknow,chalcogenidotetrelates,10.1021/acs.chemmater.0c04150
trgrp_0074,trpair_000637,Li4GeSSe3,Li4SnS2Se2,1.5e-05,3.6e-05,2.1000000000000002e-05,RT,unknow,chalcogenidotetrelates,10.1021/acs.chemmater.0c04150
trgrp_0074,trpair_000638,Li4GeSSe3,Li4SnS3Se,1.5e-05,7.5e-05,5.9999999999999995e-05,RT,unknow,chalcogenidotetrelates,10.1021/acs.chemmater.0c04150
trgrp_0074,trpair_000639,Li4GeSSe3,Li4SnSe4,1.5e-05,4.5e-08,-1.4955e-05,RT,unknow,chalcogenidotetrelates,10.1021/acs.chemmater.0c04150
trgrp_0074,trpair_000640,Li4GeS2Se2,Li4GeS3Se,2.8e-05,8.5e-06,-1.95e-05,RT,unknow,chalcogenidotetrelates,10.1021/acs.chemmater.0c04150
trgrp_0074,trpair_000641,Li4GeS2Se2,Li4GeSe4,2.8e-05,5e-06,-2.3e-05,RT,unknow,chalcogenidotetrelates,10.1021/acs.chemmater.0c04150
trgrp_0074,trpair_000642,Li4GeS2Se2,Li4SnSSe3,2.8e-05,9.5e-07,-2.705e-05,RT,unknow,chalcogenidotetrelates,10.1021/acs.chemmater.0c04150
trgrp_0074,trpair_000643,Li4GeS2Se2,Li4SnS2Se2,2.8e-05,3.6e-05,8.000000000000001e-06,RT,unknow,chalcogenidotetrelates,10.1021/acs.chemmater.0c04150
trgrp_0074,trpair_000644,Li4GeS2Se2,Li4SnS3Se,2.8e-05,7.5e-05,4.699999999999999e-05,RT,unknow,chalcogenidotetrelates,10.1021/acs.chemmater.0c04150
trgrp_0074,trpair_000645,Li4GeS2Se2,Li4SnSe4,2.8e-05,4.5e-08,-2.7955e-05,RT,unknow,chalcogenidotetrelates,10.1021/acs.chemmater.0c04150
trgrp_0074,trpair_000646,Li4GeS3Se,Li4GeSe4,8.5e-06,5e-06,-3.4999999999999995e-06,RT,unknow,chalcogenidotetrelates,10.1021/acs.chemmater.0c04150
trgrp_0074,trpair_000647,Li4GeS3Se,Li4SnSSe3,8.5e-06,9.5e-07,-7.55e-06,RT,unknow,chalcogenidotetrelates,10.1021/acs.chemmater.0c04150
trgrp_0074,trpair_000648,Li4GeS3Se,Li4SnS2Se2,8.5e-06,3.6e-05,2.75e-05,RT,unknow,chalcogenidotetrelates,10.1021/acs.chemmater.0c04150
trgrp_0074,trpair_000649,Li4GeS3Se,Li4SnS3Se,8.5e-06,7.5e-05,6.649999999999999e-05,RT,unknow,chalcogenidotetrelates,10.1021/acs.chemmater.0c04150
trgrp_0074,trpair_000650,Li4GeS3Se,Li4SnSe4,8.5e-06,4.5e-08,-8.455e-06,RT,unknow,chalcogenidotetrelates,10.1021/acs.chemmater.0c04150
trgrp_0074,trpair_000651,Li4GeSe4,Li4SnSSe3,5e-06,9.5e-07,-4.05e-06,RT,unknow,chalcogenidotetrelates,10.1021/acs.chemmater.0c04150
trgrp_0074,trpair_000652,Li4GeSe4,Li4SnS2Se2,5e-06,3.6e-05,3.1e-05,RT,unknow,chalcogenidotetrelates,10.1021/acs.chemmater.0c04150
trgrp_0074,trpair_000653,Li4GeSe4,Li4SnS3Se,5e-06,7.5e-05,7e-05,RT,unknow,chalcogenidotetrelates,10.1021/acs.chemmater.0c04150
trgrp_0074,trpair_000654,Li4GeSe4,Li4SnSe4,5e-06,4.5e-08,-4.955e-06,RT,unknow,chalcogenidotetrelates,10.1021/acs.chemmater.0c04150
trgrp_0074,trpair_000655,Li4SnSSe3,Li4SnS2Se2,9.5e-07,3.6e-05,3.505e-05,RT,unknow,chalcogenidotetrelates,10.1021/acs.chemmater.0c04150
trgrp_0074,trpair_000656,Li4SnSSe3,Li4SnS3Se,9.5e-07,7.5e-05,7.405e-05,RT,unknow,chalcogenidotetrelates,10.1021/acs.chemmater.0c04150
trgrp_0074,trpair_000657,Li4SnSSe3,Li4SnSe4,9.5e-07,4.5e-08,-9.05e-07,RT,unknow,chalcogenidotetrelates,10.1021/acs.chemmater.0c04150
trgrp_0074,trpair_000658,Li4SnS2Se2,Li4SnS3Se,3.6e-05,7.5e-05,3.899999999999999e-05,RT,unknow,chalcogenidotetrelates,10.1021/acs.chemmater.0c04150
trgrp_0074,trpair_000659,Li4SnS2Se2,Li4SnSe4,3.6e-05,4.5e-08,-3.5955000000000004e-05,RT,unknow,chalcogenidotetrelates,10.1021/acs.chemmater.0c04150
trgrp_0074,trpair_000660,Li4SnS3Se,Li4SnSe4,7.5e-05,4.5e-08,-7.495499999999999e-05,RT,unknow,chalcogenidotetrelates,10.1021/acs.chemmater.0c04150
trgrp_0075,trpair_000661,Li1.10NbO1.10Cl3.90,Li1.00NbO1.00Cl4.00,2.9e-3,5.0e-3,0.0021000000000000003,25,高能球磨（500 rpm，40 h）+真空安瓿100°C退火12 h,oxyhalides,10.1021/acs.chemmater.5c00627
trgrp_0075,trpair_000662,Li1.00NbO1.00Cl4.00,Li0.95NbO0.95Cl4.05,5.0e-3,9.4e-3,0.0044,25,高能球磨（500 rpm，40 h）+真空安瓿100°C退火12 h,oxyhalides,10.1021/acs.chemmater.5c00627
trgrp_0075,trpair_000663,Li0.95NbO0.95Cl4.05,Li0.90NbO0.90Cl4.10,9.4e-3,3.1e-3,-0.0063,25,高能球磨（500 rpm，40 h）+真空安瓿100°C退火12 h,oxyhalides,10.1021/acs.chemmater.5c00627
trgrp_0075,trpair_000664,Li0.90NbO0.90Cl4.10,Li0.85NbO0.85Cl4.15,3.1e-3,2.8e-3,-0.0002999999999999999,25,高能球磨（500 rpm，40 h）+真空安瓿100°C退火12 h,oxyhalides,10.1021/acs.chemmater.5c00627
trgrp_0075,trpair_000665,Li0.85NbO0.85Cl4.15,Li0.80NbO0.80Cl4.20,2.8e-3,1.7e-3,-0.0011,25,高能球磨（500 rpm，40 h）+真空安瓿100°C退火12 h,oxyhalides,10.1021/acs.chemmater.5c00627
trgrp_0076,trpair_000666,Fe0.16La2.95Li5.68Zr2O12,Fe0.19La2.95Li5.57Zr2O12,0.000935,0.00138,0.000445,RT,unknow,garnet,10.1021/acs.chemmater.6b02516
trgrp_0077,trpair_000667,Li10.2(Sn0.2Si0.8)1.2P1.8S12,Li10.35(Sn0.27Si1.08)P1.65S12,0.00782,0.011,0.003179999999999999,RT,unknow,lgps,10.1021/acs.chemmater.7b00886
trgrp_0077,trpair_000668,Li10.35(Sn0.27Si1.08)P1.65S12,Li10.5(Sn0.2Si0.8)1.5P1.5S12,0.011,0.00879,-0.00221,RT,unknow,lgps,10.1021/acs.chemmater.7b00886
trgrp_0078,trpair_000669,LiZnPS4,Li1.5Zn0.75PS4,5.4e-08,1.65e-05,1.6446e-05,RT,unknow,sulfides,10.1021/acs.chemmater.7b05108
trgrp_0078,trpair_000670,Li1.5Zn0.75PS4,Li2Zn0.5PS4,1.65e-05,0.00013,0.0001135,RT,unknow,sulfides,10.1021/acs.chemmater.7b05108
trgrp_0078,trpair_000671,Li2Zn0.5PS4,Li2.5Zn0.25PS4,0.00013,0.00084,0.00071,RT,unknow,sulfides,10.1021/acs.chemmater.7b05108
trgrp_0079,trpair_000672,Li3.7Zn0.7Ga0.3(PO4)2,Li4Zn(PO4)2,5.65e-12,5.55e-18,-5.64999445e-12,RT,unknow,phosphates,10.1021/acs.chemmater.7b05139
trgrp_0080,trpair_000673,Li10(Ge0.416Sn0.584)P2S12,Li10(Ge0.776Sn0.224)P2S12,0.00743,0.0141,0.00667,RT,unknow,lgps,10.1021/acs.chemmater.8b00266
trgrp_0080,trpair_000674,Li10(Ge0.416Sn0.584)P2S12,Li10GeP2S12,0.00743,0.0246,0.01717,RT,unknow,lgps,10.1021/acs.chemmater.8b00266
trgrp_0080,trpair_000675,Li10(Ge0.416Sn0.584)P2S12,Li10SnP2S12,0.00743,0.00398,-0.00345,RT,unknow,lgps,10.1021/acs.chemmater.8b00266
trgrp_0080,trpair_000676,Li10(Ge0.776Sn0.224)P2S12,Li10GeP2S12,0.0141,0.0246,0.0105,RT,unknow,lgps,10.1021/acs.chemmater.8b00266
trgrp_0080,trpair_000677,Li10(Ge0.776Sn0.224)P2S12,Li10SnP2S12,0.0141,0.00398,-0.01012,RT,unknow,lgps,10.1021/acs.chemmater.8b00266
trgrp_0080,trpair_000678,Li10GeP2S12,Li10SnP2S12,0.0246,0.00398,-0.02062,RT,unknow,lgps,10.1021/acs.chemmater.8b00266
trgrp_0081,trpair_000679,Li3.2Ge0.2P0.8O4,Li3.2Ge0.2V0.8O4,1.14e-06,1.9e-05,1.7860000000000002e-05,RT,unknow,lisicon,10.1021/acs.chemmater.8b01504
trgrp_0081,trpair_000680,Li3.2Ge0.2P0.8O4,Li3.4Ge0.4P0.6O4,1.14e-06,4.5e-06,3.36e-06,RT,unknow,lisicon,10.1021/acs.chemmater.8b01504
trgrp_0081,trpair_000681,Li3.2Ge0.2P0.8O4,Li3.4Ge0.4V0.6O4,1.14e-06,8.89e-07,-2.510000000000001e-07,RT,unknow,lisicon,10.1021/acs.chemmater.8b01504
trgrp_0081,trpair_000682,Li3.2Ge0.2P0.8O4,Li3.6Ge0.6P0.4O4,1.14e-06,1.1e-05,9.86e-06,RT,unknow,lisicon,10.1021/acs.chemmater.8b01504
trgrp_0081,trpair_000683,Li3.2Ge0.2P0.8O4,Li3.6Ge0.6V0.4O4,1.14e-06,3.19e-05,3.0760000000000004e-05,RT,unknow,lisicon,10.1021/acs.chemmater.8b01504
trgrp_0081,trpair_000684,Li3.2Ge0.2P0.8O4,Li3.8Ge0.8V0.2O4,1.14e-06,2.71e-06,1.5699999999999998e-06,RT,unknow,lisicon,10.1021/acs.chemmater.8b01504
trgrp_0081,trpair_000685,Li3.2Ge0.2P0.8O4,Li3.8Ge0.8P0.2O4,1.14e-06,1.03e-06,-1.1e-07,RT,unknow,lisicon,10.1021/acs.chemmater.8b01504
trgrp_0081,trpair_000686,Li3.2Ge0.2P0.8O4,Li4GeO4,1.14e-06,1.3e-12,-1.1399987e-06,RT,unknow,lisicon,10.1021/acs.chemmater.8b01504
trgrp_0081,trpair_000687,Li3.2Ge0.2P0.8O4,Li3P0.2V0.8O4,1.14e-06,1.31e-13,-1.1399998690000002e-06,RT,unknow,lisicon,10.1021/acs.chemmater.8b01504
trgrp_0081,trpair_000688,Li3.2Ge0.2P0.8O4,Li3P0.4V0.6O4,1.14e-06,3.55e-13,-1.1399996450000002e-06,RT,unknow,lisicon,10.1021/acs.chemmater.8b01504
trgrp_0081,trpair_000689,Li3.2Ge0.2P0.8O4,Li3P0.6V0.4O4,1.14e-06,3.2e-13,-1.13999968e-06,RT,unknow,lisicon,10.1021/acs.chemmater.8b01504
trgrp_0081,trpair_000690,Li3.2Ge0.2P0.8O4,Li3P0.8V0.2O4,1.14e-06,2.05e-13,-1.139999795e-06,RT,unknow,lisicon,10.1021/acs.chemmater.8b01504
trgrp_0081,trpair_000691,Li3.2Ge0.2P0.8O4,Li3PO4,1.14e-06,1.75e-13,-1.139999825e-06,RT,unknow,lisicon,10.1021/acs.chemmater.8b01504
trgrp_0081,trpair_000692,Li3.2Ge0.2P0.8O4,Li3VO4,1.14e-06,9.2e-14,-1.1399999080000002e-06,RT,unknow,lisicon,10.1021/acs.chemmater.8b01504
trgrp_0081,trpair_000693,Li3.2Ge0.2V0.8O4,Li3.4Ge0.4P0.6O4,1.9e-05,4.5e-06,-1.45e-05,RT,unknow,lisicon,10.1021/acs.chemmater.8b01504
trgrp_0081,trpair_000694,Li3.2Ge0.2V0.8O4,Li3.4Ge0.4V0.6O4,1.9e-05,8.89e-07,-1.8111e-05,RT,unknow,lisicon,10.1021/acs.chemmater.8b01504
trgrp_0081,trpair_000695,Li3.2Ge0.2V0.8O4,Li3.6Ge0.6P0.4O4,1.9e-05,1.1e-05,-8.000000000000001e-06,RT,unknow,lisicon,10.1021/acs.chemmater.8b01504
trgrp_0081,trpair_000696,Li3.2Ge0.2V0.8O4,Li3.6Ge0.6V0.4O4,1.9e-05,3.19e-05,1.2900000000000002e-05,RT,unknow,lisicon,10.1021/acs.chemmater.8b01504
trgrp_0081,trpair_000697,Li3.2Ge0.2V0.8O4,Li3.8Ge0.8V0.2O4,1.9e-05,2.71e-06,-1.629e-05,RT,unknow,lisicon,10.1021/acs.chemmater.8b01504
trgrp_0081,trpair_000698,Li3.2Ge0.2V0.8O4,Li3.8Ge0.8P0.2O4,1.9e-05,1.03e-06,-1.7970000000000002e-05,RT,unknow,lisicon,10.1021/acs.chemmater.8b01504
trgrp_0081,trpair_000699,Li3.2Ge0.2V0.8O4,Li4GeO4,1.9e-05,1.3e-12,-1.89999987e-05,RT,unknow,lisicon,10.1021/acs.chemmater.8b01504
trgrp_0081,trpair_000700,Li3.2Ge0.2V0.8O4,Li3P0.2V0.8O4,1.9e-05,1.31e-13,-1.8999999869e-05,RT,unknow,lisicon,10.1021/acs.chemmater.8b01504
trgrp_0081,trpair_000701,Li3.2Ge0.2V0.8O4,Li3P0.4V0.6O4,1.9e-05,3.55e-13,-1.8999999645000002e-05,RT,unknow,lisicon,10.1021/acs.chemmater.8b01504
trgrp_0081,trpair_000702,Li3.2Ge0.2V0.8O4,Li3P0.6V0.4O4,1.9e-05,3.2e-13,-1.899999968e-05,RT,unknow,lisicon,10.1021/acs.chemmater.8b01504
trgrp_0081,trpair_000703,Li3.2Ge0.2V0.8O4,Li3P0.8V0.2O4,1.9e-05,2.05e-13,-1.8999999795e-05,RT,unknow,lisicon,10.1021/acs.chemmater.8b01504
trgrp_0081,trpair_000704,Li3.2Ge0.2V0.8O4,Li3PO4,1.9e-05,1.75e-13,-1.8999999825000002e-05,RT,unknow,lisicon,10.1021/acs.chemmater.8b01504
trgrp_0081,trpair_000705,Li3.2Ge0.2V0.8O4,Li3VO4,1.9e-05,9.2e-14,-1.8999999908000002e-05,RT,unknow,lisicon,10.1021/acs.chemmater.8b01504
trgrp_0081,trpair_000706,Li3.4Ge0.4P0.6O4,Li3.4Ge0.4V0.6O4,4.5e-06,8.89e-07,-3.6110000000000002e-06,RT,unknow,lisicon,10.1021/acs.chemmater.8b01504
trgrp_0081,trpair_000707,Li3.4Ge0.4P0.6O4,Li3.6Ge0.6P0.4O4,4.5e-06,1.1e-05,6.5e-06,RT,unknow,lisicon,10.1021/acs.chemmater.8b01504
trgrp_0081,trpair_000708,Li3.4Ge0.4P0.6O4,Li3.6Ge0.6V0.4O4,4.5e-06,3.19e-05,2.7400000000000002e-05,RT,unknow,lisicon,10.1021/acs.chemmater.8b01504
trgrp_0081,trpair_000709,Li3.4Ge0.4P0.6O4,Li3.8Ge0.8V0.2O4,4.5e-06,2.71e-06,-1.7900000000000002e-06,RT,unknow,lisicon,10.1021/acs.chemmater.8b01504
trgrp_0081,trpair_000710,Li3.4Ge0.4P0.6O4,Li3.8Ge0.8P0.2O4,4.5e-06,1.03e-06,-3.47e-06,RT,unknow,lisicon,10.1021/acs.chemmater.8b01504
trgrp_0081,trpair_000711,Li3.4Ge0.4P0.6O4,Li4GeO4,4.5e-06,1.3e-12,-4.4999987e-06,RT,unknow,lisicon,10.1021/acs.chemmater.8b01504
trgrp_0081,trpair_000712,Li3.4Ge0.4P0.6O4,Li3P0.2V0.8O4,4.5e-06,1.31e-13,-4.499999869e-06,RT,unknow,lisicon,10.1021/acs.chemmater.8b01504
trgrp_0081,trpair_000713,Li3.4Ge0.4P0.6O4,Li3P0.4V0.6O4,4.5e-06,3.55e-13,-4.499999645e-06,RT,unknow,lisicon,10.1021/acs.chemmater.8b01504
trgrp_0081,trpair_000714,Li3.4Ge0.4P0.6O4,Li3P0.6V0.4O4,4.5e-06,3.2e-13,-4.49999968e-06,RT,unknow,lisicon,10.1021/acs.chemmater.8b01504
trgrp_0081,trpair_000715,Li3.4Ge0.4P0.6O4,Li3P0.8V0.2O4,4.5e-06,2.05e-13,-4.499999795e-06,RT,unknow,lisicon,10.1021/acs.chemmater.8b01504
trgrp_0081,trpair_000716,Li3.4Ge0.4P0.6O4,Li3PO4,4.5e-06,1.75e-13,-4.499999825e-06,RT,unknow,lisicon,10.1021/acs.chemmater.8b01504
trgrp_0081,trpair_000717,Li3.4Ge0.4P0.6O4,Li3VO4,4.5e-06,9.2e-14,-4.499999908e-06,RT,unknow,lisicon,10.1021/acs.chemmater.8b01504
trgrp_0081,trpair_000718,Li3.4Ge0.4V0.6O4,Li3.6Ge0.6P0.4O4,8.89e-07,1.1e-05,1.0111e-05,RT,unknow,lisicon,10.1021/acs.chemmater.8b01504
trgrp_0081,trpair_000719,Li3.4Ge0.4V0.6O4,Li3.6Ge0.6V0.4O4,8.89e-07,3.19e-05,3.1011000000000005e-05,RT,unknow,lisicon,10.1021/acs.chemmater.8b01504
trgrp_0081,trpair_000720,Li3.4Ge0.4V0.6O4,Li3.8Ge0.8V0.2O4,8.89e-07,2.71e-06,1.821e-06,RT,unknow,lisicon,10.1021/acs.chemmater.8b01504
trgrp_0081,trpair_000721,Li3.4Ge0.4V0.6O4,Li3.8Ge0.8P0.2O4,8.89e-07,1.03e-06,1.410000000000001e-07,RT,unknow,lisicon,10.1021/acs.chemmater.8b01504
trgrp_0081,trpair_000722,Li3.4Ge0.4V0.6O4,Li4GeO4,8.89e-07,1.3e-12,-8.889987e-07,RT,unknow,lisicon,10.1021/acs.chemmater.8b01504
trgrp_0081,trpair_000723,Li3.4Ge0.4V0.6O4,Li3P0.2V0.8O4,8.89e-07,1.31e-13,-8.889998689999999e-07,RT,unknow,lisicon,10.1021/acs.chemmater.8b01504
trgrp_0081,trpair_000724,Li3.4Ge0.4V0.6O4,Li3P0.4V0.6O4,8.89e-07,3.55e-13,-8.88999645e-07,RT,unknow,lisicon,10.1021/acs.chemmater.8b01504
trgrp_0081,trpair_000725,Li3.4Ge0.4V0.6O4,Li3P0.6V0.4O4,8.89e-07,3.2e-13,-8.8899968e-07,RT,unknow,lisicon,10.1021/acs.chemmater.8b01504
trgrp_0081,trpair_000726,Li3.4Ge0.4V0.6O4,Li3P0.8V0.2O4,8.89e-07,2.05e-13,-8.88999795e-07,RT,unknow,lisicon,10.1021/acs.chemmater.8b01504
trgrp_0081,trpair_000727,Li3.4Ge0.4V0.6O4,Li3PO4,8.89e-07,1.75e-13,-8.88999825e-07,RT,unknow,lisicon,10.1021/acs.chemmater.8b01504
trgrp_0081,trpair_000728,Li3.4Ge0.4V0.6O4,Li3VO4,8.89e-07,9.2e-14,-8.88999908e-07,RT,unknow,lisicon,10.1021/acs.chemmater.8b01504
trgrp_0081,trpair_000729,Li3.6Ge0.6P0.4O4,Li3.6Ge0.6V0.4O4,1.1e-05,3.19e-05,2.0900000000000003e-05,RT,unknow,lisicon,10.1021/acs.chemmater.8b01504
trgrp_0081,trpair_000730,Li3.6Ge0.6P0.4O4,Li3.8Ge0.8V0.2O4,1.1e-05,2.71e-06,-8.29e-06,RT,unknow,lisicon,10.1021/acs.chemmater.8b01504
trgrp_0081,trpair_000731,Li3.6Ge0.6P0.4O4,Li3.8Ge0.8P0.2O4,1.1e-05,1.03e-06,-9.97e-06,RT,unknow,lisicon,10.1021/acs.chemmater.8b01504
trgrp_0081,trpair_000732,Li3.6Ge0.6P0.4O4,Li4GeO4,1.1e-05,1.3e-12,-1.09999987e-05,RT,unknow,lisicon,10.1021/acs.chemmater.8b01504
trgrp_0081,trpair_000733,Li3.6Ge0.6P0.4O4,Li3P0.2V0.8O4,1.1e-05,1.31e-13,-1.0999999869e-05,RT,unknow,lisicon,10.1021/acs.chemmater.8b01504
trgrp_0081,trpair_000734,Li3.6Ge0.6P0.4O4,Li3P0.4V0.6O4,1.1e-05,3.55e-13,-1.0999999645e-05,RT,unknow,lisicon,10.1021/acs.chemmater.8b01504
trgrp_0081,trpair_000735,Li3.6Ge0.6P0.4O4,Li3P0.6V0.4O4,1.1e-05,3.2e-13,-1.099999968e-05,RT,unknow,lisicon,10.1021/acs.chemmater.8b01504
trgrp_0081,trpair_000736,Li3.6Ge0.6P0.4O4,Li3P0.8V0.2O4,1.1e-05,2.05e-13,-1.0999999795e-05,RT,unknow,lisicon,10.1021/acs.chemmater.8b01504
trgrp_0081,trpair_000737,Li3.6Ge0.6P0.4O4,Li3PO4,1.1e-05,1.75e-13,-1.0999999825e-05,RT,unknow,lisicon,10.1021/acs.chemmater.8b01504
trgrp_0081,trpair_000738,Li3.6Ge0.6P0.4O4,Li3VO4,1.1e-05,9.2e-14,-1.0999999907999999e-05,RT,unknow,lisicon,10.1021/acs.chemmater.8b01504
trgrp_0081,trpair_000739,Li3.6Ge0.6V0.4O4,Li3.8Ge0.8V0.2O4,3.19e-05,2.71e-06,-2.9190000000000003e-05,RT,unknow,lisicon,10.1021/acs.chemmater.8b01504
trgrp_0081,trpair_000740,Li3.6Ge0.6V0.4O4,Li3.8Ge0.8P0.2O4,3.19e-05,1.03e-06,-3.087e-05,RT,unknow,lisicon,10.1021/acs.chemmater.8b01504
trgrp_0081,trpair_000741,Li3.6Ge0.6V0.4O4,Li4GeO4,3.19e-05,1.3e-12,-3.1899998700000005e-05,RT,unknow,lisicon,10.1021/acs.chemmater.8b01504
trgrp_0081,trpair_000742,Li3.6Ge0.6V0.4O4,Li3P0.2V0.8O4,3.19e-05,1.31e-13,-3.1899999869e-05,RT,unknow,lisicon,10.1021/acs.chemmater.8b01504
trgrp_0081,trpair_000743,Li3.6Ge0.6V0.4O4,Li3P0.4V0.6O4,3.19e-05,3.55e-13,-3.1899999645000004e-05,RT,unknow,lisicon,10.1021/acs.chemmater.8b01504
trgrp_0081,trpair_000744,Li3.6Ge0.6V0.4O4,Li3P0.6V0.4O4,3.19e-05,3.2e-13,-3.189999968e-05,RT,unknow,lisicon,10.1021/acs.chemmater.8b01504
trgrp_0081,trpair_000745,Li3.6Ge0.6V0.4O4,Li3P0.8V0.2O4,3.19e-05,2.05e-13,-3.1899999795000005e-05,RT,unknow,lisicon,10.1021/acs.chemmater.8b01504
trgrp_0081,trpair_000746,Li3.6Ge0.6V0.4O4,Li3PO4,3.19e-05,1.75e-13,-3.1899999825e-05,RT,unknow,lisicon,10.1021/acs.chemmater.8b01504
trgrp_0081,trpair_000747,Li3.6Ge0.6V0.4O4,Li3VO4,3.19e-05,9.2e-14,-3.1899999908e-05,RT,unknow,lisicon,10.1021/acs.chemmater.8b01504
trgrp_0081,trpair_000748,Li3.8Ge0.8V0.2O4,Li3.8Ge0.8P0.2O4,2.71e-06,1.03e-06,-1.6799999999999998e-06,RT,unknow,lisicon,10.1021/acs.chemmater.8b01504
trgrp_0081,trpair_000749,Li3.8Ge0.8V0.2O4,Li4GeO4,2.71e-06,1.3e-12,-2.7099987e-06,RT,unknow,lisicon,10.1021/acs.chemmater.8b01504
trgrp_0081,trpair_000750,Li3.8Ge0.8V0.2O4,Li3P0.2V0.8O4,2.71e-06,1.31e-13,-2.7099998689999997e-06,RT,unknow,lisicon,10.1021/acs.chemmater.8b01504
trgrp_0081,trpair_000751,Li3.8Ge0.8V0.2O4,Li3P0.4V0.6O4,2.71e-06,3.55e-13,-2.7099996449999998e-06,RT,unknow,lisicon,10.1021/acs.chemmater.8b01504
trgrp_0081,trpair_000752,Li3.8Ge0.8V0.2O4,Li3P0.6V0.4O4,2.71e-06,3.2e-13,-2.70999968e-06,RT,unknow,lisicon,10.1021/acs.chemmater.8b01504
trgrp_0081,trpair_000753,Li3.8Ge0.8V0.2O4,Li3P0.8V0.2O4,2.71e-06,2.05e-13,-2.709999795e-06,RT,unknow,lisicon,10.1021/acs.chemmater.8b01504
trgrp_0081,trpair_000754,Li3.8Ge0.8V0.2O4,Li3PO4,2.71e-06,1.75e-13,-2.709999825e-06,RT,unknow,lisicon,10.1021/acs.chemmater.8b01504
trgrp_0081,trpair_000755,Li3.8Ge0.8V0.2O4,Li3VO4,2.71e-06,9.2e-14,-2.709999908e-06,RT,unknow,lisicon,10.1021/acs.chemmater.8b01504
trgrp_0081,trpair_000756,Li3.8Ge0.8P0.2O4,Li4GeO4,1.03e-06,1.3e-12,-1.0299987e-06,RT,unknow,lisicon,10.1021/acs.chemmater.8b01504
trgrp_0081,trpair_000757,Li3.8Ge0.8P0.2O4,Li3P0.2V0.8O4,1.03e-06,1.31e-13,-1.0299998690000001e-06,RT,unknow,lisicon,10.1021/acs.chemmater.8b01504
trgrp_0081,trpair_000758,Li3.8Ge0.8P0.2O4,Li3P0.4V0.6O4,1.03e-06,3.55e-13,-1.0299996450000002e-06,RT,unknow,lisicon,10.1021/acs.chemmater.8b01504
trgrp_0081,trpair_000759,Li3.8Ge0.8P0.2O4,Li3P0.6V0.4O4,1.03e-06,3.2e-13,-1.02999968e-06,RT,unknow,lisicon,10.1021/acs.chemmater.8b01504
trgrp_0081,trpair_000760,Li3.8Ge0.8P0.2O4,Li3P0.8V0.2O4,1.03e-06,2.05e-13,-1.029999795e-06,RT,unknow,lisicon,10.1021/acs.chemmater.8b01504
trgrp_0081,trpair_000761,Li3.8Ge0.8P0.2O4,Li3PO4,1.03e-06,1.75e-13,-1.029999825e-06,RT,unknow,lisicon,10.1021/acs.chemmater.8b01504
trgrp_0081,trpair_000762,Li3.8Ge0.8P0.2O4,Li3VO4,1.03e-06,9.2e-14,-1.0299999080000002e-06,RT,unknow,lisicon,10.1021/acs.chemmater.8b01504
trgrp_0081,trpair_000763,Li4GeO4,Li3P0.2V0.8O4,1.3e-12,1.31e-13,-1.169e-12,RT,unknow,lisicon,10.1021/acs.chemmater.8b01504
trgrp_0081,trpair_000764,Li4GeO4,Li3P0.4V0.6O4,1.3e-12,3.55e-13,-9.45e-13,RT,unknow,lisicon,10.1021/acs.chemmater.8b01504
trgrp_0081,trpair_000765,Li4GeO4,Li3P0.6V0.4O4,1.3e-12,3.2e-13,-9.799999999999999e-13,RT,unknow,lisicon,10.1021/acs.chemmater.8b01504
trgrp_0081,trpair_000766,Li4GeO4,Li3P0.8V0.2O4,1.3e-12,2.05e-13,-1.0949999999999999e-12,RT,unknow,lisicon,10.1021/acs.chemmater.8b01504
trgrp_0081,trpair_000767,Li4GeO4,Li3PO4,1.3e-12,1.75e-13,-1.125e-12,RT,unknow,lisicon,10.1021/acs.chemmater.8b01504
trgrp_0081,trpair_000768,Li4GeO4,Li3VO4,1.3e-12,9.2e-14,-1.208e-12,RT,unknow,lisicon,10.1021/acs.chemmater.8b01504
trgrp_0081,trpair_000769,Li3P0.2V0.8O4,Li3P0.4V0.6O4,1.31e-13,3.55e-13,2.24e-13,RT,unknow,lisicon,10.1021/acs.chemmater.8b01504
trgrp_0081,trpair_000770,Li3P0.2V0.8O4,Li3P0.6V0.4O4,1.31e-13,3.2e-13,1.89e-13,RT,unknow,lisicon,10.1021/acs.chemmater.8b01504
trgrp_0081,trpair_000771,Li3P0.2V0.8O4,Li3P0.8V0.2O4,1.31e-13,2.05e-13,7.400000000000001e-14,RT,unknow,lisicon,10.1021/acs.chemmater.8b01504
trgrp_0081,trpair_000772,Li3P0.2V0.8O4,Li3PO4,1.31e-13,1.75e-13,4.4000000000000014e-14,RT,unknow,lisicon,10.1021/acs.chemmater.8b01504
trgrp_0081,trpair_000773,Li3P0.2V0.8O4,Li3VO4,1.31e-13,9.2e-14,-3.9e-14,RT,unknow,lisicon,10.1021/acs.chemmater.8b01504
trgrp_0081,trpair_000774,Li3P0.4V0.6O4,Li3P0.6V0.4O4,3.55e-13,3.2e-13,-3.5e-14,RT,unknow,lisicon,10.1021/acs.chemmater.8b01504
trgrp_0081,trpair_000775,Li3P0.4V0.6O4,Li3P0.8V0.2O4,3.55e-13,2.05e-13,-1.5e-13,RT,unknow,lisicon,10.1021/acs.chemmater.8b01504
trgrp_0081,trpair_000776,Li3P0.4V0.6O4,Li3PO4,3.55e-13,1.75e-13,-1.8e-13,RT,unknow,lisicon,10.1021/acs.chemmater.8b01504
trgrp_0081,trpair_000777,Li3P0.4V0.6O4,Li3VO4,3.55e-13,9.2e-14,-2.63e-13,RT,unknow,lisicon,10.1021/acs.chemmater.8b01504
trgrp_0081,trpair_000778,Li3P0.6V0.4O4,Li3P0.8V0.2O4,3.2e-13,2.05e-13,-1.15e-13,RT,unknow,lisicon,10.1021/acs.chemmater.8b01504
trgrp_0081,trpair_000779,Li3P0.6V0.4O4,Li3PO4,3.2e-13,1.75e-13,-1.45e-13,RT,unknow,lisicon,10.1021/acs.chemmater.8b01504
trgrp_0081,trpair_000780,Li3P0.6V0.4O4,Li3VO4,3.2e-13,9.2e-14,-2.28e-13,RT,unknow,lisicon,10.1021/acs.chemmater.8b01504
trgrp_0081,trpair_000781,Li3P0.8V0.2O4,Li3PO4,2.05e-13,1.75e-13,-3e-14,RT,unknow,lisicon,10.1021/acs.chemmater.8b01504
trgrp_0081,trpair_000782,Li3P0.8V0.2O4,Li3VO4,2.05e-13,9.2e-14,-1.1300000000000001e-13,RT,unknow,lisicon,10.1021/acs.chemmater.8b01504
trgrp_0081,trpair_000783,Li3PO4,Li3VO4,1.75e-13,9.2e-14,-8.300000000000001e-14,RT,unknow,lisicon,10.1021/acs.chemmater.8b01504
trgrp_0082,trpair_000784,Li8GeP4,Li8SiP4,8.6e-05,4.5e-05,-4.1e-05,RT,unknow,phosphates,10.1021/acs.chemmater.8b02759
trgrp_0082,trpair_000785,Li8GeP4,Li8SiP4,1.8e-05,4.5e-05,2.7000000000000002e-05,RT,unknow,phosphates,10.1021/acs.chemmater.8b02759
trgrp_0083,trpair_000786,Li4.4Al0.4Ge0.6S4,Li4.4Al0.4Sn0.6S4,4.3e-05,4.3e-06,-3.87e-05,RT,unknow,sulfides,10.1021/acs.chemmater.8b03175
trgrp_0085,trpair_000787,Li15(PS4)4Cl3,Li14.8Mg0.1(PS4)4Cl3,4e-8,2e-7,1.6e-07,RT,高能球磨,Thiophosphate mixture,10.1021/acs.chemmater.9b01926
trgrp_0086,trpair_000788,Li2.975ZrCl4O1.475Br0.025,Li2.95ZrCl4O1.45Br0.05,3.4e-3,~2.2e-3,-0.0011999999999999997,25,unknow,oxyhalides,10.1021/acs.energyfuels.6c01704
trgrp_0086,trpair_000789,Li2.975ZrCl4O1.475Br0.025,Li2.90ZrCl4O1.40Br0.10,3.4e-3,~1.2e-3,-0.0021999999999999997,25,unknow,oxyhalides,10.1021/acs.energyfuels.6c01704
trgrp_0086,trpair_000790,Li2.975ZrCl4O1.475Br0.025,Li2.85ZrCl4O1.35Br0.15,3.4e-3,~7.0e-4,-0.0026999999999999997,25,unknow,oxyhalides,10.1021/acs.energyfuels.6c01704
trgrp_0086,trpair_000791,Li2.975ZrCl4O1.475Br0.025,Li3ZrCl4O1.5,3.4e-3,~8.0e-4,-0.0026,25,unknow,oxyhalides,10.1021/acs.energyfuels.6c01704
trgrp_0086,trpair_000792,Li2.95ZrCl4O1.45Br0.05,Li2.90ZrCl4O1.40Br0.10,~2.2e-3,~1.2e-3,-0.0010000000000000002,25,unknow,oxyhalides,10.1021/acs.energyfuels.6c01704
trgrp_0086,trpair_000793,Li2.95ZrCl4O1.45Br0.05,Li2.85ZrCl4O1.35Br0.15,~2.2e-3,~7.0e-4,-0.0015,25,unknow,oxyhalides,10.1021/acs.energyfuels.6c01704
trgrp_0086,trpair_000794,Li2.95ZrCl4O1.45Br0.05,Li3ZrCl4O1.5,~2.2e-3,~8.0e-4,-0.0014000000000000002,25,unknow,oxyhalides,10.1021/acs.energyfuels.6c01704
trgrp_0086,trpair_000795,Li2.90ZrCl4O1.40Br0.10,Li2.85ZrCl4O1.35Br0.15,~1.2e-3,~7.0e-4,-0.0004999999999999999,25,unknow,oxyhalides,10.1021/acs.energyfuels.6c01704
trgrp_0086,trpair_000796,Li2.90ZrCl4O1.40Br0.10,Li3ZrCl4O1.5,~1.2e-3,~8.0e-4,-0.00039999999999999986,25,unknow,oxyhalides,10.1021/acs.energyfuels.6c01704
trgrp_0086,trpair_000797,Li2.85ZrCl4O1.35Br0.15,Li3ZrCl4O1.5,~7.0e-4,~8.0e-4,0.00010000000000000005,25,unknow,oxyhalides,10.1021/acs.energyfuels.6c01704
trgrp_0087,trpair_000798,Li6.8La3Zr1.9Mo0.1O12,Li6.6La3Zr1.8Mo0.2O12,8e-05,0.000311,0.00023100000000000003,RT,unknow,garnet,10.1021/acs.inorgchem.5b01895
trgrp_0087,trpair_000799,Li6.6La3Zr1.8Mo0.2O12,Li6.5La3Zr1.75Mo0.25O12,0.000311,0.000333,2.1999999999999993e-05,RT,unknow,garnet,10.1021/acs.inorgchem.5b01895
trgrp_0087,trpair_000800,Li6.5La3Zr1.75Mo0.25O12,Li6.4La3Zr1.7Mo0.3O12,0.000333,0.000369,3.600000000000001e-05,RT,unknow,garnet,10.1021/acs.inorgchem.5b01895
trgrp_0087,trpair_000801,Li6.4La3Zr1.7Mo0.3O12,Li6.2La3Zr1.6Mo0.4O12,0.000369,0.00034,-2.9e-05,RT,unknow,garnet,10.1021/acs.inorgchem.5b01895
trgrp_0088,trpair_000802,Li6.10La3Ta1.45Sm0.55O12,Li5.90La3Ta1.55Sm0.45O12,1.4e-05,1.18e-05,-2.1999999999999993e-06,RT,unknow,garnet,10.1021/acs.inorgchem.7b00816
trgrp_0088,trpair_000803,Li6.10La3Ta1.45Sm0.55O12,Li5.70La3Ta1.65Sm0.35O12,1.4e-05,2.15e-05,7.500000000000001e-06,RT,unknow,garnet,10.1021/acs.inorgchem.7b00816
trgrp_0088,trpair_000804,Li6.10La3Ta1.45Sm0.55O12,Li5.5La3Ta1.75Sm0.25O12,1.4e-05,5.17e-06,-8.83e-06,RT,unknow,garnet,10.1021/acs.inorgchem.7b00816
trgrp_0088,trpair_000805,Li6.10La3Ta1.45Sm0.55O12,Li5.3La3Ta1.85Sm0.15O12,1.4e-05,7.11e-06,-6.89e-06,RT,unknow,garnet,10.1021/acs.inorgchem.7b00816
trgrp_0088,trpair_000806,Li6.10La3Ta1.45Sm0.55O12,Li5La3Ta2O12,1.4e-05,1.59e-05,1.9000000000000004e-06,RT,unknow,garnet,10.1021/acs.inorgchem.7b00816
trgrp_0088,trpair_000807,Li5.90La3Ta1.55Sm0.45O12,Li5.70La3Ta1.65Sm0.35O12,1.18e-05,2.15e-05,9.7e-06,RT,unknow,garnet,10.1021/acs.inorgchem.7b00816
trgrp_0088,trpair_000808,Li5.90La3Ta1.55Sm0.45O12,Li5.5La3Ta1.75Sm0.25O12,1.18e-05,5.17e-06,-6.630000000000001e-06,RT,unknow,garnet,10.1021/acs.inorgchem.7b00816
trgrp_0088,trpair_000809,Li5.90La3Ta1.55Sm0.45O12,Li5.3La3Ta1.85Sm0.15O12,1.18e-05,7.11e-06,-4.690000000000001e-06,RT,unknow,garnet,10.1021/acs.inorgchem.7b00816
trgrp_0088,trpair_000810,Li5.90La3Ta1.55Sm0.45O12,Li5La3Ta2O12,1.18e-05,1.59e-05,4.1e-06,RT,unknow,garnet,10.1021/acs.inorgchem.7b00816
trgrp_0088,trpair_000811,Li5.70La3Ta1.65Sm0.35O12,Li5.5La3Ta1.75Sm0.25O12,2.15e-05,5.17e-06,-1.633e-05,RT,unknow,garnet,10.1021/acs.inorgchem.7b00816
trgrp_0088,trpair_000812,Li5.70La3Ta1.65Sm0.35O12,Li5.3La3Ta1.85Sm0.15O12,2.15e-05,7.11e-06,-1.4390000000000001e-05,RT,unknow,garnet,10.1021/acs.inorgchem.7b00816
trgrp_0088,trpair_000813,Li5.70La3Ta1.65Sm0.35O12,Li5La3Ta2O12,2.15e-05,1.59e-05,-5.600000000000001e-06,RT,unknow,garnet,10.1021/acs.inorgchem.7b00816
trgrp_0088,trpair_000814,Li5.5La3Ta1.75Sm0.25O12,Li5.3La3Ta1.85Sm0.15O12,5.17e-06,7.11e-06,1.94e-06,RT,unknow,garnet,10.1021/acs.inorgchem.7b00816
trgrp_0088,trpair_000815,Li5.5La3Ta1.75Sm0.25O12,Li5La3Ta2O12,5.17e-06,1.59e-05,1.073e-05,RT,unknow,garnet,10.1021/acs.inorgchem.7b00816
trgrp_0088,trpair_000816,Li5.3La3Ta1.85Sm0.15O12,Li5La3Ta2O12,7.11e-06,1.59e-05,8.79e-06,RT,unknow,garnet,10.1021/acs.inorgchem.7b00816
trgrp_0089,trpair_000817,Li6P(S4Se)Br,Li6P(S4.1Se0.9)Br,0.00361,0.00382,0.00021000000000000012,RT,unknow,argyrodites,10.1021/acs.inorgchem.8b02443
trgrp_0089,trpair_000818,Li6P(S4Se)Br,Li6P(S4.2Se0.8)Br,0.00361,0.00348,-0.0001299999999999999,RT,unknow,argyrodites,10.1021/acs.inorgchem.8b02443
trgrp_0089,trpair_000819,Li6P(S4Se)Br,Li6P(S4.3Se0.7)Br,0.00361,0.00301,-0.0005999999999999998,RT,unknow,argyrodites,10.1021/acs.inorgchem.8b02443
trgrp_0089,trpair_000820,Li6P(S4Se)Br,Li6P(S4.4Se0.6)Br,0.00361,0.00278,-0.00083,RT,unknow,argyrodites,10.1021/acs.inorgchem.8b02443
trgrp_0089,trpair_000821,Li6P(S4Se)Br,Li6P(S4.5Se0.5)Br,0.00361,0.00268,-0.0009299999999999998,RT,unknow,argyrodites,10.1021/acs.inorgchem.8b02443
trgrp_0089,trpair_000822,Li6P(S4Se)Br,Li6P(S4.6Se0.4)Br,0.00361,0.00364,3.000000000000008e-05,RT,unknow,argyrodites,10.1021/acs.inorgchem.8b02443
trgrp_0089,trpair_000823,Li6P(S4Se)Br,Li6P(S4.7Se0.3)Br,0.00361,0.00362,1.0000000000000026e-05,RT,unknow,argyrodites,10.1021/acs.inorgchem.8b02443
trgrp_0089,trpair_000824,Li6P(S4Se)Br,Li6P(S4.8Se0.2)Br,0.00361,0.00392,0.00030999999999999995,RT,unknow,argyrodites,10.1021/acs.inorgchem.8b02443
trgrp_0089,trpair_000825,Li6P(S4Se)Br,Li6P(S4.9Se0.1)Br,0.00361,0.0032,-0.0004099999999999998,RT,unknow,argyrodites,10.1021/acs.inorgchem.8b02443
trgrp_0089,trpair_000826,Li6P(S4Se)Br,Li6PS5Br,0.00361,0.00277,-0.00084,RT,unknow,argyrodites,10.1021/acs.inorgchem.8b02443
trgrp_0089,trpair_000827,Li6P(S4.1Se0.9)Br,Li6P(S4.2Se0.8)Br,0.00382,0.00348,-0.00034,RT,unknow,argyrodites,10.1021/acs.inorgchem.8b02443
trgrp_0089,trpair_000828,Li6P(S4.1Se0.9)Br,Li6P(S4.3Se0.7)Br,0.00382,0.00301,-0.00081,RT,unknow,argyrodites,10.1021/acs.inorgchem.8b02443
trgrp_0089,trpair_000829,Li6P(S4.1Se0.9)Br,Li6P(S4.4Se0.6)Br,0.00382,0.00278,-0.0010400000000000001,RT,unknow,argyrodites,10.1021/acs.inorgchem.8b02443
trgrp_0089,trpair_000830,Li6P(S4.1Se0.9)Br,Li6P(S4.5Se0.5)Br,0.00382,0.00268,-0.00114,RT,unknow,argyrodites,10.1021/acs.inorgchem.8b02443
trgrp_0089,trpair_000831,Li6P(S4.1Se0.9)Br,Li6P(S4.6Se0.4)Br,0.00382,0.00364,-0.00018000000000000004,RT,unknow,argyrodites,10.1021/acs.inorgchem.8b02443
trgrp_0089,trpair_000832,Li6P(S4.1Se0.9)Br,Li6P(S4.7Se0.3)Br,0.00382,0.00362,-0.0002000000000000001,RT,unknow,argyrodites,10.1021/acs.inorgchem.8b02443
trgrp_0089,trpair_000833,Li6P(S4.1Se0.9)Br,Li6P(S4.8Se0.2)Br,0.00382,0.00392,9.999999999999983e-05,RT,unknow,argyrodites,10.1021/acs.inorgchem.8b02443
trgrp_0089,trpair_000834,Li6P(S4.1Se0.9)Br,Li6P(S4.9Se0.1)Br,0.00382,0.0032,-0.0006199999999999999,RT,unknow,argyrodites,10.1021/acs.inorgchem.8b02443
trgrp_0089,trpair_000835,Li6P(S4.1Se0.9)Br,Li6PS5Br,0.00382,0.00277,-0.0010500000000000002,RT,unknow,argyrodites,10.1021/acs.inorgchem.8b02443
trgrp_0089,trpair_000836,Li6P(S4.2Se0.8)Br,Li6P(S4.3Se0.7)Br,0.00348,0.00301,-0.00046999999999999993,RT,unknow,argyrodites,10.1021/acs.inorgchem.8b02443
trgrp_0089,trpair_000837,Li6P(S4.2Se0.8)Br,Li6P(S4.4Se0.6)Br,0.00348,0.00278,-0.0007000000000000001,RT,unknow,argyrodites,10.1021/acs.inorgchem.8b02443
trgrp_0089,trpair_000838,Li6P(S4.2Se0.8)Br,Li6P(S4.5Se0.5)Br,0.00348,0.00268,-0.0007999999999999999,RT,unknow,argyrodites,10.1021/acs.inorgchem.8b02443
trgrp_0089,trpair_000839,Li6P(S4.2Se0.8)Br,Li6P(S4.6Se0.4)Br,0.00348,0.00364,0.00015999999999999999,RT,unknow,argyrodites,10.1021/acs.inorgchem.8b02443
trgrp_0089,trpair_000840,Li6P(S4.2Se0.8)Br,Li6P(S4.7Se0.3)Br,0.00348,0.00362,0.00013999999999999993,RT,unknow,argyrodites,10.1021/acs.inorgchem.8b02443
trgrp_0089,trpair_000841,Li6P(S4.2Se0.8)Br,Li6P(S4.8Se0.2)Br,0.00348,0.00392,0.00043999999999999985,RT,unknow,argyrodites,10.1021/acs.inorgchem.8b02443
trgrp_0089,trpair_000842,Li6P(S4.2Se0.8)Br,Li6P(S4.9Se0.1)Br,0.00348,0.0032,-0.00027999999999999987,RT,unknow,argyrodites,10.1021/acs.inorgchem.8b02443
trgrp_0089,trpair_000843,Li6P(S4.2Se0.8)Br,Li6PS5Br,0.00348,0.00277,-0.0007100000000000001,RT,unknow,argyrodites,10.1021/acs.inorgchem.8b02443
trgrp_0089,trpair_000844,Li6P(S4.3Se0.7)Br,Li6P(S4.4Se0.6)Br,0.00301,0.00278,-0.00023000000000000017,RT,unknow,argyrodites,10.1021/acs.inorgchem.8b02443
trgrp_0089,trpair_000845,Li6P(S4.3Se0.7)Br,Li6P(S4.5Se0.5)Br,0.00301,0.00268,-0.00033,RT,unknow,argyrodites,10.1021/acs.inorgchem.8b02443
trgrp_0089,trpair_000846,Li6P(S4.3Se0.7)Br,Li6P(S4.6Se0.4)Br,0.00301,0.00364,0.0006299999999999999,RT,unknow,argyrodites,10.1021/acs.inorgchem.8b02443
trgrp_0089,trpair_000847,Li6P(S4.3Se0.7)Br,Li6P(S4.7Se0.3)Br,0.00301,0.00362,0.0006099999999999999,RT,unknow,argyrodites,10.1021/acs.inorgchem.8b02443
trgrp_0089,trpair_000848,Li6P(S4.3Se0.7)Br,Li6P(S4.8Se0.2)Br,0.00301,0.00392,0.0009099999999999998,RT,unknow,argyrodites,10.1021/acs.inorgchem.8b02443
trgrp_0089,trpair_000849,Li6P(S4.3Se0.7)Br,Li6P(S4.9Se0.1)Br,0.00301,0.0032,0.00019000000000000006,RT,unknow,argyrodites,10.1021/acs.inorgchem.8b02443
trgrp_0089,trpair_000850,Li6P(S4.3Se0.7)Br,Li6PS5Br,0.00301,0.00277,-0.0002400000000000002,RT,unknow,argyrodites,10.1021/acs.inorgchem.8b02443
trgrp_0089,trpair_000851,Li6P(S4.4Se0.6)Br,Li6P(S4.5Se0.5)Br,0.00278,0.00268,-9.999999999999983e-05,RT,unknow,argyrodites,10.1021/acs.inorgchem.8b02443
trgrp_0089,trpair_000852,Li6P(S4.4Se0.6)Br,Li6P(S4.6Se0.4)Br,0.00278,0.00364,0.0008600000000000001,RT,unknow,argyrodites,10.1021/acs.inorgchem.8b02443
trgrp_0089,trpair_000853,Li6P(S4.4Se0.6)Br,Li6P(S4.7Se0.3)Br,0.00278,0.00362,0.00084,RT,unknow,argyrodites,10.1021/acs.inorgchem.8b02443
trgrp_0089,trpair_000854,Li6P(S4.4Se0.6)Br,Li6P(S4.8Se0.2)Br,0.00278,0.00392,0.00114,RT,unknow,argyrodites,10.1021/acs.inorgchem.8b02443
trgrp_0089,trpair_000855,Li6P(S4.4Se0.6)Br,Li6P(S4.9Se0.1)Br,0.00278,0.0032,0.00042000000000000023,RT,unknow,argyrodites,10.1021/acs.inorgchem.8b02443
trgrp_0089,trpair_000856,Li6P(S4.4Se0.6)Br,Li6PS5Br,0.00278,0.00277,-1.0000000000000026e-05,RT,unknow,argyrodites,10.1021/acs.inorgchem.8b02443
trgrp_0089,trpair_000857,Li6P(S4.5Se0.5)Br,Li6P(S4.6Se0.4)Br,0.00268,0.00364,0.0009599999999999999,RT,unknow,argyrodites,10.1021/acs.inorgchem.8b02443
trgrp_0089,trpair_000858,Li6P(S4.5Se0.5)Br,Li6P(S4.7Se0.3)Br,0.00268,0.00362,0.0009399999999999999,RT,unknow,argyrodites,10.1021/acs.inorgchem.8b02443
trgrp_0089,trpair_000859,Li6P(S4.5Se0.5)Br,Li6P(S4.8Se0.2)Br,0.00268,0.00392,0.0012399999999999998,RT,unknow,argyrodites,10.1021/acs.inorgchem.8b02443
trgrp_0089,trpair_000860,Li6P(S4.5Se0.5)Br,Li6P(S4.9Se0.1)Br,0.00268,0.0032,0.0005200000000000001,RT,unknow,argyrodites,10.1021/acs.inorgchem.8b02443
trgrp_0089,trpair_000861,Li6P(S4.5Se0.5)Br,Li6PS5Br,0.00268,0.00277,8.99999999999998e-05,RT,unknow,argyrodites,10.1021/acs.inorgchem.8b02443
trgrp_0089,trpair_000862,Li6P(S4.6Se0.4)Br,Li6P(S4.7Se0.3)Br,0.00364,0.00362,-2.0000000000000052e-05,RT,unknow,argyrodites,10.1021/acs.inorgchem.8b02443
trgrp_0089,trpair_000863,Li6P(S4.6Se0.4)Br,Li6P(S4.8Se0.2)Br,0.00364,0.00392,0.00027999999999999987,RT,unknow,argyrodites,10.1021/acs.inorgchem.8b02443
trgrp_0089,trpair_000864,Li6P(S4.6Se0.4)Br,Li6P(S4.9Se0.1)Br,0.00364,0.0032,-0.00043999999999999985,RT,unknow,argyrodites,10.1021/acs.inorgchem.8b02443
trgrp_0089,trpair_000865,Li6P(S4.6Se0.4)Br,Li6PS5Br,0.00364,0.00277,-0.0008700000000000001,RT,unknow,argyrodites,10.1021/acs.inorgchem.8b02443
trgrp_0089,trpair_000866,Li6P(S4.7Se0.3)Br,Li6P(S4.8Se0.2)Br,0.00362,0.00392,0.0002999999999999999,RT,unknow,argyrodites,10.1021/acs.inorgchem.8b02443
trgrp_0089,trpair_000867,Li6P(S4.7Se0.3)Br,Li6P(S4.9Se0.1)Br,0.00362,0.0032,-0.0004199999999999998,RT,unknow,argyrodites,10.1021/acs.inorgchem.8b02443
trgrp_0089,trpair_000868,Li6P(S4.7Se0.3)Br,Li6PS5Br,0.00362,0.00277,-0.0008500000000000001,RT,unknow,argyrodites,10.1021/acs.inorgchem.8b02443
trgrp_0089,trpair_000869,Li6P(S4.8Se0.2)Br,Li6P(S4.9Se0.1)Br,0.00392,0.0032,-0.0007199999999999997,RT,unknow,argyrodites,10.1021/acs.inorgchem.8b02443
trgrp_0089,trpair_000870,Li6P(S4.8Se0.2)Br,Li6PS5Br,0.00392,0.00277,-0.00115,RT,unknow,argyrodites,10.1021/acs.inorgchem.8b02443
trgrp_0089,trpair_000871,Li6P(S4.9Se0.1)Br,Li6PS5Br,0.0032,0.00277,-0.00043000000000000026,RT,unknow,argyrodites,10.1021/acs.inorgchem.8b02443
trgrp_0091,trpair_000872,Li1.6Zr0.6Sb0.4Cl4O1.0,Li1.7Zr0.7Sb0.3Cl4.5O0.75,6.5e-5,3.63e-4,0.000298,25,机械化学球磨（1000 rpm，15 h）,oxyhalides,10.1021/acs.jpcc.5c05412
trgrp_0091,trpair_000873,Li1.7Zr0.7Sb0.3Cl4.5O0.75,Li1.75Zr0.75Sb0.25Cl4.75O0.625,3.63e-4,4.20e-4,5.700000000000003e-05,25,机械化学球磨（1000 rpm，15 h）,oxyhalides,10.1021/acs.jpcc.5c05412
trgrp_0091,trpair_000874,Li1.75Zr0.75Sb0.25Cl4.75O0.625,Li1.8Zr0.8Sb0.2Cl5O0.5,4.20e-4,3.47e-4,-7.300000000000004e-05,25,机械化学球磨（1000 rpm，15 h）,oxyhalides,10.1021/acs.jpcc.5c05412
trgrp_0091,trpair_000875,Li1.8Zr0.8Sb0.2Cl5O0.5,Li1.9Zr0.9Sb0.1Cl5.5O0.25,3.47e-4,2.63e-4,-8.399999999999998e-05,25,机械化学球磨（1000 rpm，15 h）,oxyhalides,10.1021/acs.jpcc.5c05412
trgrp_0092,trpair_000876,Li3InCl5.8Br0.2,Li3InCl5.6Br0.4,9.0e-4,7.5e-4,-0.00014999999999999996,RT,球磨+退火,halides,10.1021/acs.jpclett.5c00947
trgrp_0092,trpair_000877,Li3InCl5.8Br0.2,Li3InCl5.4Br0.6,9.0e-4,4.0e-4,-0.0005,RT,球磨+退火,halides,10.1021/acs.jpclett.5c00947
trgrp_0092,trpair_000878,Li3InCl5.8Br0.2,Li3InCl5.2Br0.8,9.0e-4,2.8e-4,-0.00062,RT,球磨+退火,halides,10.1021/acs.jpclett.5c00947
trgrp_0092,trpair_000879,Li3InCl5.8Br0.2,Li3InCl5Br,9.0e-4,3.0e-5,-0.00087,RT,球磨+退火,halides,10.1021/acs.jpclett.5c00947
trgrp_0092,trpair_000880,Li3InCl5.8Br0.2,Li3InCl4.8Br1.2,9.0e-4,1.5e-7,-0.00089985,RT,球磨+退火,halides,10.1021/acs.jpclett.5c00947
trgrp_0092,trpair_000881,Li3InCl5.8Br0.2,Li3InCl4.8F1.2,9.0e-4,3.5e-4,-0.0005499999999999999,RT,球磨+退火,halides,10.1021/acs.jpclett.5c00947
trgrp_0092,trpair_000882,Li3InCl5.8Br0.2,Li3InCl5F,9.0e-4,4.5e-4,-0.00045,RT,球磨+退火,halides,10.1021/acs.jpclett.5c00947
trgrp_0092,trpair_000883,Li3InCl5.8Br0.2,Li3InCl5.2F0.8,9.0e-4,5.0e-4,-0.00039999999999999996,RT,球磨+退火,halides,10.1021/acs.jpclett.5c00947
trgrp_0092,trpair_000884,Li3InCl5.8Br0.2,Li3InCl5.4F0.6,9.0e-4,6.0e-4,-0.00030000000000000003,RT,球磨+退火,halides,10.1021/acs.jpclett.5c00947
trgrp_0092,trpair_000885,Li3InCl5.8Br0.2,Li3InCl5.6F0.4,9.0e-4,8.0e-4,-9.999999999999994e-05,RT,球磨+退火,halides,10.1021/acs.jpclett.5c00947
trgrp_0092,trpair_000886,Li3InCl5.8Br0.2,Li3InCl5.8F0.2,9.0e-4,9.5e-4,5.000000000000002e-05,RT,球磨+退火,halides,10.1021/acs.jpclett.5c00947
trgrp_0092,trpair_000887,Li3InCl5.8Br0.2,Li3InCl5.8I0.2,9.0e-4,2.0e-4,-0.0007,RT,球磨+退火,halides,10.1021/acs.jpclett.5c00947
trgrp_0092,trpair_000888,Li3InCl5.8Br0.2,Li3InCl5.9I0.1,9.0e-4,3.0e-4,-0.0006000000000000001,RT,球磨+退火,halides,10.1021/acs.jpclett.5c00947
trgrp_0092,trpair_000889,Li3InCl5.8Br0.2,Li3InCl6,9.0e-4,1.30e-3,0.00039999999999999996,RT,球磨+退火,halides,10.1021/acs.jpclett.5c00947
trgrp_0092,trpair_000890,Li3InCl5.6Br0.4,Li3InCl5.4Br0.6,7.5e-4,4.0e-4,-0.00035,RT,球磨+退火,halides,10.1021/acs.jpclett.5c00947
trgrp_0092,trpair_000891,Li3InCl5.6Br0.4,Li3InCl5.2Br0.8,7.5e-4,2.8e-4,-0.00047000000000000004,RT,球磨+退火,halides,10.1021/acs.jpclett.5c00947
trgrp_0092,trpair_000892,Li3InCl5.6Br0.4,Li3InCl5Br,7.5e-4,3.0e-5,-0.00072,RT,球磨+退火,halides,10.1021/acs.jpclett.5c00947
trgrp_0092,trpair_000893,Li3InCl5.6Br0.4,Li3InCl4.8Br1.2,7.5e-4,1.5e-7,-0.00074985,RT,球磨+退火,halides,10.1021/acs.jpclett.5c00947
trgrp_0092,trpair_000894,Li3InCl5.6Br0.4,Li3InCl4.8F1.2,7.5e-4,3.5e-4,-0.0004,RT,球磨+退火,halides,10.1021/acs.jpclett.5c00947
trgrp_0092,trpair_000895,Li3InCl5.6Br0.4,Li3InCl5F,7.5e-4,4.5e-4,-0.00030000000000000003,RT,球磨+退火,halides,10.1021/acs.jpclett.5c00947
trgrp_0092,trpair_000896,Li3InCl5.6Br0.4,Li3InCl5.2F0.8,7.5e-4,5.0e-4,-0.00025,RT,球磨+退火,halides,10.1021/acs.jpclett.5c00947
trgrp_0092,trpair_000897,Li3InCl5.6Br0.4,Li3InCl5.4F0.6,7.5e-4,6.0e-4,-0.00015000000000000007,RT,球磨+退火,halides,10.1021/acs.jpclett.5c00947
trgrp_0092,trpair_000898,Li3InCl5.6Br0.4,Li3InCl5.6F0.4,7.5e-4,8.0e-4,5.000000000000002e-05,RT,球磨+退火,halides,10.1021/acs.jpclett.5c00947
trgrp_0092,trpair_000899,Li3InCl5.6Br0.4,Li3InCl5.8F0.2,7.5e-4,9.5e-4,0.00019999999999999998,RT,球磨+退火,halides,10.1021/acs.jpclett.5c00947
trgrp_0092,trpair_000900,Li3InCl5.6Br0.4,Li3InCl5.8I0.2,7.5e-4,2.0e-4,-0.00055,RT,球磨+退火,halides,10.1021/acs.jpclett.5c00947
trgrp_0092,trpair_000901,Li3InCl5.6Br0.4,Li3InCl5.9I0.1,7.5e-4,3.0e-4,-0.00045000000000000004,RT,球磨+退火,halides,10.1021/acs.jpclett.5c00947
trgrp_0092,trpair_000902,Li3InCl5.6Br0.4,Li3InCl6,7.5e-4,1.30e-3,0.0005499999999999999,RT,球磨+退火,halides,10.1021/acs.jpclett.5c00947
trgrp_0092,trpair_000903,Li3InCl5.4Br0.6,Li3InCl5.2Br0.8,4.0e-4,2.8e-4,-0.00012000000000000004,RT,球磨+退火,halides,10.1021/acs.jpclett.5c00947
trgrp_0092,trpair_000904,Li3InCl5.4Br0.6,Li3InCl5Br,4.0e-4,3.0e-5,-0.00037,RT,球磨+退火,halides,10.1021/acs.jpclett.5c00947
trgrp_0092,trpair_000905,Li3InCl5.4Br0.6,Li3InCl4.8Br1.2,4.0e-4,1.5e-7,-0.00039985000000000004,RT,球磨+退火,halides,10.1021/acs.jpclett.5c00947
trgrp_0092,trpair_000906,Li3InCl5.4Br0.6,Li3InCl4.8F1.2,4.0e-4,3.5e-4,-5.000000000000002e-05,RT,球磨+退火,halides,10.1021/acs.jpclett.5c00947
trgrp_0092,trpair_000907,Li3InCl5.4Br0.6,Li3InCl5F,4.0e-4,4.5e-4,4.999999999999997e-05,RT,球磨+退火,halides,10.1021/acs.jpclett.5c00947
trgrp_0092,trpair_000908,Li3InCl5.4Br0.6,Li3InCl5.2F0.8,4.0e-4,5.0e-4,9.999999999999999e-05,RT,球磨+退火,halides,10.1021/acs.jpclett.5c00947
trgrp_0092,trpair_000909,Li3InCl5.4Br0.6,Li3InCl5.4F0.6,4.0e-4,6.0e-4,0.00019999999999999993,RT,球磨+退火,halides,10.1021/acs.jpclett.5c00947
trgrp_0092,trpair_000910,Li3InCl5.4Br0.6,Li3InCl5.6F0.4,4.0e-4,8.0e-4,0.0004,RT,球磨+退火,halides,10.1021/acs.jpclett.5c00947
trgrp_0092,trpair_000911,Li3InCl5.4Br0.6,Li3InCl5.8F0.2,4.0e-4,9.5e-4,0.0005499999999999999,RT,球磨+退火,halides,10.1021/acs.jpclett.5c00947
trgrp_0092,trpair_000912,Li3InCl5.4Br0.6,Li3InCl5.8I0.2,4.0e-4,2.0e-4,-0.0002,RT,球磨+退火,halides,10.1021/acs.jpclett.5c00947
trgrp_0092,trpair_000913,Li3InCl5.4Br0.6,Li3InCl5.9I0.1,4.0e-4,3.0e-4,-0.00010000000000000005,RT,球磨+退火,halides,10.1021/acs.jpclett.5c00947
trgrp_0092,trpair_000914,Li3InCl5.4Br0.6,Li3InCl6,4.0e-4,1.30e-3,0.0009,RT,球磨+退火,halides,10.1021/acs.jpclett.5c00947
trgrp_0092,trpair_000915,Li3InCl5.2Br0.8,Li3InCl5Br,2.8e-4,3.0e-5,-0.00024999999999999995,RT,球磨+退火,halides,10.1021/acs.jpclett.5c00947
trgrp_0092,trpair_000916,Li3InCl5.2Br0.8,Li3InCl4.8Br1.2,2.8e-4,1.5e-7,-0.00027985,RT,球磨+退火,halides,10.1021/acs.jpclett.5c00947
trgrp_0092,trpair_000917,Li3InCl5.2Br0.8,Li3InCl4.8F1.2,2.8e-4,3.5e-4,7.000000000000002e-05,RT,球磨+退火,halides,10.1021/acs.jpclett.5c00947
trgrp_0092,trpair_000918,Li3InCl5.2Br0.8,Li3InCl5F,2.8e-4,4.5e-4,0.00017,RT,球磨+退火,halides,10.1021/acs.jpclett.5c00947
trgrp_0092,trpair_000919,Li3InCl5.2Br0.8,Li3InCl5.2F0.8,2.8e-4,5.0e-4,0.00022000000000000003,RT,球磨+退火,halides,10.1021/acs.jpclett.5c00947
trgrp_0092,trpair_000920,Li3InCl5.2Br0.8,Li3InCl5.4F0.6,2.8e-4,6.0e-4,0.00031999999999999997,RT,球磨+退火,halides,10.1021/acs.jpclett.5c00947
trgrp_0092,trpair_000921,Li3InCl5.2Br0.8,Li3InCl5.6F0.4,2.8e-4,8.0e-4,0.0005200000000000001,RT,球磨+退火,halides,10.1021/acs.jpclett.5c00947
trgrp_0092,trpair_000922,Li3InCl5.2Br0.8,Li3InCl5.8F0.2,2.8e-4,9.5e-4,0.00067,RT,球磨+退火,halides,10.1021/acs.jpclett.5c00947
trgrp_0092,trpair_000923,Li3InCl5.2Br0.8,Li3InCl5.8I0.2,2.8e-4,2.0e-4,-7.999999999999997e-05,RT,球磨+退火,halides,10.1021/acs.jpclett.5c00947
trgrp_0092,trpair_000924,Li3InCl5.2Br0.8,Li3InCl5.9I0.1,2.8e-4,3.0e-4,1.9999999999999998e-05,RT,球磨+退火,halides,10.1021/acs.jpclett.5c00947
trgrp_0092,trpair_000925,Li3InCl5.2Br0.8,Li3InCl6,2.8e-4,1.30e-3,0.00102,RT,球磨+退火,halides,10.1021/acs.jpclett.5c00947
trgrp_0092,trpair_000926,Li3InCl5Br,Li3InCl4.8Br1.2,3.0e-5,1.5e-7,-2.985e-05,RT,球磨+退火,halides,10.1021/acs.jpclett.5c00947
trgrp_0092,trpair_000927,Li3InCl5Br,Li3InCl4.8F1.2,3.0e-5,3.5e-4,0.00031999999999999997,RT,球磨+退火,halides,10.1021/acs.jpclett.5c00947
trgrp_0092,trpair_000928,Li3InCl5Br,Li3InCl5F,3.0e-5,4.5e-4,0.00041999999999999996,RT,球磨+退火,halides,10.1021/acs.jpclett.5c00947
trgrp_0092,trpair_000929,Li3InCl5Br,Li3InCl5.2F0.8,3.0e-5,5.0e-4,0.00047,RT,球磨+退火,halides,10.1021/acs.jpclett.5c00947
trgrp_0092,trpair_000930,Li3InCl5Br,Li3InCl5.4F0.6,3.0e-5,6.0e-4,0.00057,RT,球磨+退火,halides,10.1021/acs.jpclett.5c00947
trgrp_0092,trpair_000931,Li3InCl5Br,Li3InCl5.6F0.4,3.0e-5,8.0e-4,0.0007700000000000001,RT,球磨+退火,halides,10.1021/acs.jpclett.5c00947
trgrp_0092,trpair_000932,Li3InCl5Br,Li3InCl5.8F0.2,3.0e-5,9.5e-4,0.00092,RT,球磨+退火,halides,10.1021/acs.jpclett.5c00947
trgrp_0092,trpair_000933,Li3InCl5Br,Li3InCl5.8I0.2,3.0e-5,2.0e-4,0.00017,RT,球磨+退火,halides,10.1021/acs.jpclett.5c00947
trgrp_0092,trpair_000934,Li3InCl5Br,Li3InCl5.9I0.1,3.0e-5,3.0e-4,0.00026999999999999995,RT,球磨+退火,halides,10.1021/acs.jpclett.5c00947
trgrp_0092,trpair_000935,Li3InCl5Br,Li3InCl6,3.0e-5,1.30e-3,0.0012699999999999999,RT,球磨+退火,halides,10.1021/acs.jpclett.5c00947
trgrp_0092,trpair_000936,Li3InCl4.8Br1.2,Li3InCl4.8F1.2,1.5e-7,3.5e-4,0.00034985,RT,球磨+退火,halides,10.1021/acs.jpclett.5c00947
trgrp_0092,trpair_000937,Li3InCl4.8Br1.2,Li3InCl5F,1.5e-7,4.5e-4,0.00044985,RT,球磨+退火,halides,10.1021/acs.jpclett.5c00947
trgrp_0092,trpair_000938,Li3InCl4.8Br1.2,Li3InCl5.2F0.8,1.5e-7,5.0e-4,0.00049985,RT,球磨+退火,halides,10.1021/acs.jpclett.5c00947
trgrp_0092,trpair_000939,Li3InCl4.8Br1.2,Li3InCl5.4F0.6,1.5e-7,6.0e-4,0.00059985,RT,球磨+退火,halides,10.1021/acs.jpclett.5c00947
trgrp_0092,trpair_000940,Li3InCl4.8Br1.2,Li3InCl5.6F0.4,1.5e-7,8.0e-4,0.0007998500000000001,RT,球磨+退火,halides,10.1021/acs.jpclett.5c00947
trgrp_0092,trpair_000941,Li3InCl4.8Br1.2,Li3InCl5.8F0.2,1.5e-7,9.5e-4,0.00094985,RT,球磨+退火,halides,10.1021/acs.jpclett.5c00947
trgrp_0092,trpair_000942,Li3InCl4.8Br1.2,Li3InCl5.8I0.2,1.5e-7,2.0e-4,0.00019985,RT,球磨+退火,halides,10.1021/acs.jpclett.5c00947
trgrp_0092,trpair_000943,Li3InCl4.8Br1.2,Li3InCl5.9I0.1,1.5e-7,3.0e-4,0.00029985,RT,球磨+退火,halides,10.1021/acs.jpclett.5c00947
trgrp_0092,trpair_000944,Li3InCl4.8Br1.2,Li3InCl6,1.5e-7,1.30e-3,0.00129985,RT,球磨+退火,halides,10.1021/acs.jpclett.5c00947
trgrp_0092,trpair_000945,Li3InCl4.8F1.2,Li3InCl5F,3.5e-4,4.5e-4,9.999999999999999e-05,RT,球磨+退火,halides,10.1021/acs.jpclett.5c00947
trgrp_0092,trpair_000946,Li3InCl4.8F1.2,Li3InCl5.2F0.8,3.5e-4,5.0e-4,0.00015000000000000001,RT,球磨+退火,halides,10.1021/acs.jpclett.5c00947
trgrp_0092,trpair_000947,Li3InCl4.8F1.2,Li3InCl5.4F0.6,3.5e-4,6.0e-4,0.00024999999999999995,RT,球磨+退火,halides,10.1021/acs.jpclett.5c00947
trgrp_0092,trpair_000948,Li3InCl4.8F1.2,Li3InCl5.6F0.4,3.5e-4,8.0e-4,0.00045000000000000004,RT,球磨+退火,halides,10.1021/acs.jpclett.5c00947
trgrp_0092,trpair_000949,Li3InCl4.8F1.2,Li3InCl5.8F0.2,3.5e-4,9.5e-4,0.0006000000000000001,RT,球磨+退火,halides,10.1021/acs.jpclett.5c00947
trgrp_0092,trpair_000950,Li3InCl4.8F1.2,Li3InCl5.8I0.2,3.5e-4,2.0e-4,-0.00015,RT,球磨+退火,halides,10.1021/acs.jpclett.5c00947
trgrp_0092,trpair_000951,Li3InCl4.8F1.2,Li3InCl5.9I0.1,3.5e-4,3.0e-4,-5.000000000000002e-05,RT,球磨+退火,halides,10.1021/acs.jpclett.5c00947
trgrp_0092,trpair_000952,Li3InCl4.8F1.2,Li3InCl6,3.5e-4,1.30e-3,0.0009499999999999999,RT,球磨+退火,halides,10.1021/acs.jpclett.5c00947
trgrp_0092,trpair_000953,Li3InCl5F,Li3InCl5.2F0.8,4.5e-4,5.0e-4,5.000000000000002e-05,RT,球磨+退火,halides,10.1021/acs.jpclett.5c00947
trgrp_0092,trpair_000954,Li3InCl5F,Li3InCl5.4F0.6,4.5e-4,6.0e-4,0.00014999999999999996,RT,球磨+退火,halides,10.1021/acs.jpclett.5c00947
trgrp_0092,trpair_000955,Li3InCl5F,Li3InCl5.6F0.4,4.5e-4,8.0e-4,0.00035000000000000005,RT,球磨+退火,halides,10.1021/acs.jpclett.5c00947
trgrp_0092,trpair_000956,Li3InCl5F,Li3InCl5.8F0.2,4.5e-4,9.5e-4,0.0005,RT,球磨+退火,halides,10.1021/acs.jpclett.5c00947
trgrp_0092,trpair_000957,Li3InCl5F,Li3InCl5.8I0.2,4.5e-4,2.0e-4,-0.00025,RT,球磨+退火,halides,10.1021/acs.jpclett.5c00947
trgrp_0092,trpair_000958,Li3InCl5F,Li3InCl5.9I0.1,4.5e-4,3.0e-4,-0.00015000000000000001,RT,球磨+退火,halides,10.1021/acs.jpclett.5c00947
trgrp_0092,trpair_000959,Li3InCl5F,Li3InCl6,4.5e-4,1.30e-3,0.00085,RT,球磨+退火,halides,10.1021/acs.jpclett.5c00947
trgrp_0092,trpair_000960,Li3InCl5.2F0.8,Li3InCl5.4F0.6,5.0e-4,6.0e-4,9.999999999999994e-05,RT,球磨+退火,halides,10.1021/acs.jpclett.5c00947
trgrp_0092,trpair_000961,Li3InCl5.2F0.8,Li3InCl5.6F0.4,5.0e-4,8.0e-4,0.00030000000000000003,RT,球磨+退火,halides,10.1021/acs.jpclett.5c00947
trgrp_0092,trpair_000962,Li3InCl5.2F0.8,Li3InCl5.8F0.2,5.0e-4,9.5e-4,0.00045,RT,球磨+退火,halides,10.1021/acs.jpclett.5c00947
trgrp_0092,trpair_000963,Li3InCl5.2F0.8,Li3InCl5.8I0.2,5.0e-4,2.0e-4,-0.00030000000000000003,RT,球磨+退火,halides,10.1021/acs.jpclett.5c00947
trgrp_0092,trpair_000964,Li3InCl5.2F0.8,Li3InCl5.9I0.1,5.0e-4,3.0e-4,-0.00020000000000000004,RT,球磨+退火,halides,10.1021/acs.jpclett.5c00947
trgrp_0092,trpair_000965,Li3InCl5.2F0.8,Li3InCl6,5.0e-4,1.30e-3,0.0007999999999999999,RT,球磨+退火,halides,10.1021/acs.jpclett.5c00947
trgrp_0092,trpair_000966,Li3InCl5.4F0.6,Li3InCl5.6F0.4,6.0e-4,8.0e-4,0.0002000000000000001,RT,球磨+退火,halides,10.1021/acs.jpclett.5c00947
trgrp_0092,trpair_000967,Li3InCl5.4F0.6,Li3InCl5.8F0.2,6.0e-4,9.5e-4,0.00035000000000000005,RT,球磨+退火,halides,10.1021/acs.jpclett.5c00947
trgrp_0092,trpair_000968,Li3InCl5.4F0.6,Li3InCl5.8I0.2,6.0e-4,2.0e-4,-0.00039999999999999996,RT,球磨+退火,halides,10.1021/acs.jpclett.5c00947
trgrp_0092,trpair_000969,Li3InCl5.4F0.6,Li3InCl5.9I0.1,6.0e-4,3.0e-4,-0.0003,RT,球磨+退火,halides,10.1021/acs.jpclett.5c00947
trgrp_0092,trpair_000970,Li3InCl5.4F0.6,Li3InCl6,6.0e-4,1.30e-3,0.0007,RT,球磨+退火,halides,10.1021/acs.jpclett.5c00947
trgrp_0092,trpair_000971,Li3InCl5.6F0.4,Li3InCl5.8F0.2,8.0e-4,9.5e-4,0.00014999999999999996,RT,球磨+退火,halides,10.1021/acs.jpclett.5c00947
trgrp_0092,trpair_000972,Li3InCl5.6F0.4,Li3InCl5.8I0.2,8.0e-4,2.0e-4,-0.0006000000000000001,RT,球磨+退火,halides,10.1021/acs.jpclett.5c00947
trgrp_0092,trpair_000973,Li3InCl5.6F0.4,Li3InCl5.9I0.1,8.0e-4,3.0e-4,-0.0005,RT,球磨+退火,halides,10.1021/acs.jpclett.5c00947
trgrp_0092,trpair_000974,Li3InCl5.6F0.4,Li3InCl6,8.0e-4,1.30e-3,0.0004999999999999999,RT,球磨+退火,halides,10.1021/acs.jpclett.5c00947
trgrp_0092,trpair_000975,Li3InCl5.8F0.2,Li3InCl5.8I0.2,9.5e-4,2.0e-4,-0.00075,RT,球磨+退火,halides,10.1021/acs.jpclett.5c00947
trgrp_0092,trpair_000976,Li3InCl5.8F0.2,Li3InCl5.9I0.1,9.5e-4,3.0e-4,-0.00065,RT,球磨+退火,halides,10.1021/acs.jpclett.5c00947
trgrp_0092,trpair_000977,Li3InCl5.8F0.2,Li3InCl6,9.5e-4,1.30e-3,0.00034999999999999994,RT,球磨+退火,halides,10.1021/acs.jpclett.5c00947
trgrp_0092,trpair_000978,Li3InCl5.8I0.2,Li3InCl5.9I0.1,2.0e-4,3.0e-4,9.999999999999996e-05,RT,球磨+退火,halides,10.1021/acs.jpclett.5c00947
trgrp_0092,trpair_000979,Li3InCl5.8I0.2,Li3InCl6,2.0e-4,1.30e-3,0.0010999999999999998,RT,球磨+退火,halides,10.1021/acs.jpclett.5c00947
trgrp_0092,trpair_000980,Li3InCl5.9I0.1,Li3InCl6,3.0e-4,1.30e-3,0.001,RT,球磨+退火,halides,10.1021/acs.jpclett.5c00947
trgrp_0094,trpair_000981,Li3Y0.5In0.5Cl6,Li3InCl6,0.00122,0.00142,0.0002000000000000001,RT,球磨 + 退火,halides,10.1021/acs.nanolett.0c01156
trgrp_0096,trpair_000982,Li2.30Zr0.70Fe0.30Cl6,Li2.30Zr0.85Mg0.15Cl6,8.0e-4,6.0e-4,-0.0002000000000000001,RT,unknow,halides,10.1021/acsaem.6c01288
trgrp_0096,trpair_000983,Li2.30Zr0.70Fe0.30Cl6,Li2.30Zr0.85Zn0.15Cl6,8.0e-4,3.0e-4,-0.0005,RT,unknow,halides,10.1021/acsaem.6c01288
trgrp_0096,trpair_000984,Li2.30Zr0.70Fe0.30Cl6,Li2.25Zr0.75Fe0.25Cl6,8.0e-4,1.24e-3,0.00043999999999999996,RT,unknow,halides,10.1021/acsaem.6c01288
trgrp_0096,trpair_000985,Li2.30Zr0.70Fe0.30Cl6,Li2.25Zr0.75Ga0.25Cl6,8.0e-4,2.9e-4,-0.00051,RT,unknow,halides,10.1021/acsaem.6c01288
trgrp_0096,trpair_000986,Li2.30Zr0.70Fe0.30Cl6,Li2.20Zr0.80Fe0.20Cl6,8.0e-4,9.0e-4,9.999999999999994e-05,RT,unknow,halides,10.1021/acsaem.6c01288
trgrp_0096,trpair_000987,Li2.30Zr0.70Fe0.30Cl6,Li2.20Zr0.90Mg0.10Cl6,8.0e-4,1.09e-3,0.00029,RT,unknow,halides,10.1021/acsaem.6c01288
trgrp_0096,trpair_000988,Li2.30Zr0.70Fe0.30Cl6,Li2.20Zr0.90Zn0.10Cl6,8.0e-4,4.8e-4,-0.00032,RT,unknow,halides,10.1021/acsaem.6c01288
trgrp_0096,trpair_000989,Li2.30Zr0.70Fe0.30Cl6,Li2.10Zr0.90Fe0.10Cl6,8.0e-4,5.0e-4,-0.00030000000000000003,RT,unknow,halides,10.1021/acsaem.6c01288
trgrp_0096,trpair_000990,Li2.30Zr0.70Fe0.30Cl6,Li2.10Zr0.90Ga0.10Cl6,8.0e-4,1.5e-4,-0.0006500000000000001,RT,unknow,halides,10.1021/acsaem.6c01288
trgrp_0096,trpair_000991,Li2.30Zr0.70Fe0.30Cl6,Li2.10Zr0.95Mg0.05Cl6,8.0e-4,5.0e-4,-0.00030000000000000003,RT,unknow,halides,10.1021/acsaem.6c01288
trgrp_0096,trpair_000992,Li2.30Zr0.70Fe0.30Cl6,Li2.10Zr0.95Zn0.05Cl6,8.0e-4,2.0e-4,-0.0006000000000000001,RT,unknow,halides,10.1021/acsaem.6c01288
trgrp_0096,trpair_000993,Li2.30Zr0.85Mg0.15Cl6,Li2.30Zr0.85Zn0.15Cl6,6.0e-4,3.0e-4,-0.0003,RT,unknow,halides,10.1021/acsaem.6c01288
trgrp_0096,trpair_000994,Li2.30Zr0.85Mg0.15Cl6,Li2.25Zr0.75Fe0.25Cl6,6.0e-4,1.24e-3,0.00064,RT,unknow,halides,10.1021/acsaem.6c01288
trgrp_0096,trpair_000995,Li2.30Zr0.85Mg0.15Cl6,Li2.25Zr0.75Ga0.25Cl6,6.0e-4,2.9e-4,-0.00030999999999999995,RT,unknow,halides,10.1021/acsaem.6c01288
trgrp_0096,trpair_000996,Li2.30Zr0.85Mg0.15Cl6,Li2.20Zr0.80Fe0.20Cl6,6.0e-4,9.0e-4,0.00030000000000000003,RT,unknow,halides,10.1021/acsaem.6c01288
trgrp_0096,trpair_000997,Li2.30Zr0.85Mg0.15Cl6,Li2.20Zr0.90Mg0.10Cl6,6.0e-4,1.09e-3,0.0004900000000000001,RT,unknow,halides,10.1021/acsaem.6c01288
trgrp_0096,trpair_000998,Li2.30Zr0.85Mg0.15Cl6,Li2.20Zr0.90Zn0.10Cl6,6.0e-4,4.8e-4,-0.00011999999999999994,RT,unknow,halides,10.1021/acsaem.6c01288
trgrp_0096,trpair_000999,Li2.30Zr0.85Mg0.15Cl6,Li2.10Zr0.90Fe0.10Cl6,6.0e-4,5.0e-4,-9.999999999999994e-05,RT,unknow,halides,10.1021/acsaem.6c01288
trgrp_0096,trpair_001000,Li2.30Zr0.85Mg0.15Cl6,Li2.10Zr0.90Ga0.10Cl6,6.0e-4,1.5e-4,-0.00045,RT,unknow,halides,10.1021/acsaem.6c01288
trgrp_0096,trpair_001001,Li2.30Zr0.85Mg0.15Cl6,Li2.10Zr0.95Mg0.05Cl6,6.0e-4,5.0e-4,-9.999999999999994e-05,RT,unknow,halides,10.1021/acsaem.6c01288
trgrp_0096,trpair_001002,Li2.30Zr0.85Mg0.15Cl6,Li2.10Zr0.95Zn0.05Cl6,6.0e-4,2.0e-4,-0.00039999999999999996,RT,unknow,halides,10.1021/acsaem.6c01288
trgrp_0096,trpair_001003,Li2.30Zr0.85Zn0.15Cl6,Li2.25Zr0.75Fe0.25Cl6,3.0e-4,1.24e-3,0.0009400000000000001,RT,unknow,halides,10.1021/acsaem.6c01288
trgrp_0096,trpair_001004,Li2.30Zr0.85Zn0.15Cl6,Li2.25Zr0.75Ga0.25Cl6,3.0e-4,2.9e-4,-9.999999999999972e-06,RT,unknow,halides,10.1021/acsaem.6c01288
trgrp_0096,trpair_001005,Li2.30Zr0.85Zn0.15Cl6,Li2.20Zr0.80Fe0.20Cl6,3.0e-4,9.0e-4,0.0006000000000000001,RT,unknow,halides,10.1021/acsaem.6c01288
trgrp_0096,trpair_001006,Li2.30Zr0.85Zn0.15Cl6,Li2.20Zr0.90Mg0.10Cl6,3.0e-4,1.09e-3,0.0007900000000000001,RT,unknow,halides,10.1021/acsaem.6c01288
trgrp_0096,trpair_001007,Li2.30Zr0.85Zn0.15Cl6,Li2.20Zr0.90Zn0.10Cl6,3.0e-4,4.8e-4,0.00018000000000000004,RT,unknow,halides,10.1021/acsaem.6c01288
trgrp_0096,trpair_001008,Li2.30Zr0.85Zn0.15Cl6,Li2.10Zr0.90Fe0.10Cl6,3.0e-4,5.0e-4,0.00020000000000000004,RT,unknow,halides,10.1021/acsaem.6c01288
trgrp_0096,trpair_001009,Li2.30Zr0.85Zn0.15Cl6,Li2.10Zr0.90Ga0.10Cl6,3.0e-4,1.5e-4,-0.00015,RT,unknow,halides,10.1021/acsaem.6c01288
trgrp_0096,trpair_001010,Li2.30Zr0.85Zn0.15Cl6,Li2.10Zr0.95Mg0.05Cl6,3.0e-4,5.0e-4,0.00020000000000000004,RT,unknow,halides,10.1021/acsaem.6c01288
trgrp_0096,trpair_001011,Li2.30Zr0.85Zn0.15Cl6,Li2.10Zr0.95Zn0.05Cl6,3.0e-4,2.0e-4,-9.999999999999996e-05,RT,unknow,halides,10.1021/acsaem.6c01288
trgrp_0096,trpair_001012,Li2.25Zr0.75Fe0.25Cl6,Li2.25Zr0.75Ga0.25Cl6,1.24e-3,2.9e-4,-0.00095,RT,unknow,halides,10.1021/acsaem.6c01288
trgrp_0096,trpair_001013,Li2.25Zr0.75Fe0.25Cl6,Li2.20Zr0.80Fe0.20Cl6,1.24e-3,9.0e-4,-0.00034,RT,unknow,halides,10.1021/acsaem.6c01288
trgrp_0096,trpair_001014,Li2.25Zr0.75Fe0.25Cl6,Li2.20Zr0.90Mg0.10Cl6,1.24e-3,1.09e-3,-0.00014999999999999996,RT,unknow,halides,10.1021/acsaem.6c01288
trgrp_0096,trpair_001015,Li2.25Zr0.75Fe0.25Cl6,Li2.20Zr0.90Zn0.10Cl6,1.24e-3,4.8e-4,-0.00076,RT,unknow,halides,10.1021/acsaem.6c01288
trgrp_0096,trpair_001016,Li2.25Zr0.75Fe0.25Cl6,Li2.10Zr0.90Fe0.10Cl6,1.24e-3,5.0e-4,-0.00074,RT,unknow,halides,10.1021/acsaem.6c01288
trgrp_0096,trpair_001017,Li2.25Zr0.75Fe0.25Cl6,Li2.10Zr0.90Ga0.10Cl6,1.24e-3,1.5e-4,-0.00109,RT,unknow,halides,10.1021/acsaem.6c01288
trgrp_0096,trpair_001018,Li2.25Zr0.75Fe0.25Cl6,Li2.10Zr0.95Mg0.05Cl6,1.24e-3,5.0e-4,-0.00074,RT,unknow,halides,10.1021/acsaem.6c01288
trgrp_0096,trpair_001019,Li2.25Zr0.75Fe0.25Cl6,Li2.10Zr0.95Zn0.05Cl6,1.24e-3,2.0e-4,-0.00104,RT,unknow,halides,10.1021/acsaem.6c01288
trgrp_0096,trpair_001020,Li2.25Zr0.75Ga0.25Cl6,Li2.20Zr0.80Fe0.20Cl6,2.9e-4,9.0e-4,0.00061,RT,unknow,halides,10.1021/acsaem.6c01288
trgrp_0096,trpair_001021,Li2.25Zr0.75Ga0.25Cl6,Li2.20Zr0.90Mg0.10Cl6,2.9e-4,1.09e-3,0.0008,RT,unknow,halides,10.1021/acsaem.6c01288
trgrp_0096,trpair_001022,Li2.25Zr0.75Ga0.25Cl6,Li2.20Zr0.90Zn0.10Cl6,2.9e-4,4.8e-4,0.00019,RT,unknow,halides,10.1021/acsaem.6c01288
trgrp_0096,trpair_001023,Li2.25Zr0.75Ga0.25Cl6,Li2.10Zr0.90Fe0.10Cl6,2.9e-4,5.0e-4,0.00021,RT,unknow,halides,10.1021/acsaem.6c01288
trgrp_0096,trpair_001024,Li2.25Zr0.75Ga0.25Cl6,Li2.10Zr0.90Ga0.10Cl6,2.9e-4,1.5e-4,-0.00014000000000000001,RT,unknow,halides,10.1021/acsaem.6c01288
trgrp_0096,trpair_001025,Li2.25Zr0.75Ga0.25Cl6,Li2.10Zr0.95Mg0.05Cl6,2.9e-4,5.0e-4,0.00021,RT,unknow,halides,10.1021/acsaem.6c01288
trgrp_0096,trpair_001026,Li2.25Zr0.75Ga0.25Cl6,Li2.10Zr0.95Zn0.05Cl6,2.9e-4,2.0e-4,-8.999999999999999e-05,RT,unknow,halides,10.1021/acsaem.6c01288
trgrp_0096,trpair_001027,Li2.20Zr0.80Fe0.20Cl6,Li2.20Zr0.90Mg0.10Cl6,9.0e-4,1.09e-3,0.00019000000000000006,RT,unknow,halides,10.1021/acsaem.6c01288
trgrp_0096,trpair_001028,Li2.20Zr0.80Fe0.20Cl6,Li2.20Zr0.90Zn0.10Cl6,9.0e-4,4.8e-4,-0.00041999999999999996,RT,unknow,halides,10.1021/acsaem.6c01288
trgrp_0096,trpair_001029,Li2.20Zr0.80Fe0.20Cl6,Li2.10Zr0.90Fe0.10Cl6,9.0e-4,5.0e-4,-0.00039999999999999996,RT,unknow,halides,10.1021/acsaem.6c01288
trgrp_0096,trpair_001030,Li2.20Zr0.80Fe0.20Cl6,Li2.10Zr0.90Ga0.10Cl6,9.0e-4,1.5e-4,-0.00075,RT,unknow,halides,10.1021/acsaem.6c01288
trgrp_0096,trpair_001031,Li2.20Zr0.80Fe0.20Cl6,Li2.10Zr0.95Mg0.05Cl6,9.0e-4,5.0e-4,-0.00039999999999999996,RT,unknow,halides,10.1021/acsaem.6c01288
trgrp_0096,trpair_001032,Li2.20Zr0.80Fe0.20Cl6,Li2.10Zr0.95Zn0.05Cl6,9.0e-4,2.0e-4,-0.0007,RT,unknow,halides,10.1021/acsaem.6c01288
trgrp_0096,trpair_001033,Li2.20Zr0.90Mg0.10Cl6,Li2.20Zr0.90Zn0.10Cl6,1.09e-3,4.8e-4,-0.0006100000000000001,RT,unknow,halides,10.1021/acsaem.6c01288
trgrp_0096,trpair_001034,Li2.20Zr0.90Mg0.10Cl6,Li2.10Zr0.90Fe0.10Cl6,1.09e-3,5.0e-4,-0.00059,RT,unknow,halides,10.1021/acsaem.6c01288
trgrp_0096,trpair_001035,Li2.20Zr0.90Mg0.10Cl6,Li2.10Zr0.90Ga0.10Cl6,1.09e-3,1.5e-4,-0.0009400000000000001,RT,unknow,halides,10.1021/acsaem.6c01288
trgrp_0096,trpair_001036,Li2.20Zr0.90Mg0.10Cl6,Li2.10Zr0.95Mg0.05Cl6,1.09e-3,5.0e-4,-0.00059,RT,unknow,halides,10.1021/acsaem.6c01288
trgrp_0096,trpair_001037,Li2.20Zr0.90Mg0.10Cl6,Li2.10Zr0.95Zn0.05Cl6,1.09e-3,2.0e-4,-0.0008900000000000001,RT,unknow,halides,10.1021/acsaem.6c01288
trgrp_0096,trpair_001038,Li2.20Zr0.90Zn0.10Cl6,Li2.10Zr0.90Fe0.10Cl6,4.8e-4,5.0e-4,1.9999999999999998e-05,RT,unknow,halides,10.1021/acsaem.6c01288
trgrp_0096,trpair_001039,Li2.20Zr0.90Zn0.10Cl6,Li2.10Zr0.90Ga0.10Cl6,4.8e-4,1.5e-4,-0.00033,RT,unknow,halides,10.1021/acsaem.6c01288
trgrp_0096,trpair_001040,Li2.20Zr0.90Zn0.10Cl6,Li2.10Zr0.95Mg0.05Cl6,4.8e-4,5.0e-4,1.9999999999999998e-05,RT,unknow,halides,10.1021/acsaem.6c01288
trgrp_0096,trpair_001041,Li2.20Zr0.90Zn0.10Cl6,Li2.10Zr0.95Zn0.05Cl6,4.8e-4,2.0e-4,-0.00028,RT,unknow,halides,10.1021/acsaem.6c01288
trgrp_0096,trpair_001042,Li2.10Zr0.90Fe0.10Cl6,Li2.10Zr0.90Ga0.10Cl6,5.0e-4,1.5e-4,-0.00035000000000000005,RT,unknow,halides,10.1021/acsaem.6c01288
trgrp_0096,trpair_001043,Li2.10Zr0.90Fe0.10Cl6,Li2.10Zr0.95Mg0.05Cl6,5.0e-4,5.0e-4,0.0,RT,unknow,halides,10.1021/acsaem.6c01288
trgrp_0096,trpair_001044,Li2.10Zr0.90Fe0.10Cl6,Li2.10Zr0.95Zn0.05Cl6,5.0e-4,2.0e-4,-0.00030000000000000003,RT,unknow,halides,10.1021/acsaem.6c01288
trgrp_0096,trpair_001045,Li2.10Zr0.90Ga0.10Cl6,Li2.10Zr0.95Mg0.05Cl6,1.5e-4,5.0e-4,0.00035000000000000005,RT,unknow,halides,10.1021/acsaem.6c01288
trgrp_0096,trpair_001046,Li2.10Zr0.90Ga0.10Cl6,Li2.10Zr0.95Zn0.05Cl6,1.5e-4,2.0e-4,5.000000000000002e-05,RT,unknow,halides,10.1021/acsaem.6c01288
trgrp_0096,trpair_001047,Li2.10Zr0.95Mg0.05Cl6,Li2.10Zr0.95Zn0.05Cl6,5.0e-4,2.0e-4,-0.00030000000000000003,RT,unknow,halides,10.1021/acsaem.6c01288
trgrp_0100,trpair_001048,Li3InCl6,Li2.7In0.7Hf0.3Cl6,0.00067,0.00128,0.0006100000000000001,RT,unknow,halides,10.1021/acsami.2c21022
trgrp_0101,trpair_001049,Li3Y0.8Fe0.2Cl6,Li3YCl6,7.5e-4,2.6e-4,-0.00049,RT,unknow,halides,10.1021/acsami.4c01352
trgrp_0101,trpair_001050,Li3Y0.8Fe0.2Cl6,Li2.4Y0.4Zr0.6Cl5.7F0.3,7.5e-4,1.08e-3,0.00033,RT,unknow,halides,10.1021/acsami.4c01352
trgrp_0101,trpair_001051,Li3Y0.8Fe0.2Cl6,Li2.4Y0.4Zr0.6Cl5.85F0.15,7.5e-4,1.45e-3,0.0006999999999999999,RT,unknow,halides,10.1021/acsami.4c01352
trgrp_0101,trpair_001052,Li3Y0.8Fe0.2Cl6,Li2.4Y0.4Zr0.6Cl5.925F0.075,7.5e-4,1.65e-3,0.0009,RT,unknow,halides,10.1021/acsami.4c01352
trgrp_0101,trpair_001053,Li3Y0.8Fe0.2Cl6,Li2.4Y0.4Zr0.6Cl6,7.5e-4,2.05e-3,0.0013000000000000002,RT,unknow,halides,10.1021/acsami.4c01352
trgrp_0101,trpair_001054,Li3YCl6,Li2.4Y0.4Zr0.6Cl5.7F0.3,2.6e-4,1.08e-3,0.00082,RT,unknow,halides,10.1021/acsami.4c01352
trgrp_0101,trpair_001055,Li3YCl6,Li2.4Y0.4Zr0.6Cl5.85F0.15,2.6e-4,1.45e-3,0.0011899999999999999,RT,unknow,halides,10.1021/acsami.4c01352
trgrp_0101,trpair_001056,Li3YCl6,Li2.4Y0.4Zr0.6Cl5.925F0.075,2.6e-4,1.65e-3,0.00139,RT,unknow,halides,10.1021/acsami.4c01352
trgrp_0101,trpair_001057,Li3YCl6,Li2.4Y0.4Zr0.6Cl6,2.6e-4,2.05e-3,0.0017900000000000001,RT,unknow,halides,10.1021/acsami.4c01352
trgrp_0101,trpair_001058,Li2.4Y0.4Zr0.6Cl5.7F0.3,Li2.4Y0.4Zr0.6Cl5.85F0.15,1.08e-3,1.45e-3,0.0003699999999999999,RT,unknow,halides,10.1021/acsami.4c01352
trgrp_0101,trpair_001059,Li2.4Y0.4Zr0.6Cl5.7F0.3,Li2.4Y0.4Zr0.6Cl5.925F0.075,1.08e-3,1.65e-3,0.00057,RT,unknow,halides,10.1021/acsami.4c01352
trgrp_0101,trpair_001060,Li2.4Y0.4Zr0.6Cl5.7F0.3,Li2.4Y0.4Zr0.6Cl6,1.08e-3,2.05e-3,0.0009700000000000002,RT,unknow,halides,10.1021/acsami.4c01352
trgrp_0101,trpair_001061,Li2.4Y0.4Zr0.6Cl5.85F0.15,Li2.4Y0.4Zr0.6Cl5.925F0.075,1.45e-3,1.65e-3,0.0002000000000000001,RT,unknow,halides,10.1021/acsami.4c01352
trgrp_0101,trpair_001062,Li2.4Y0.4Zr0.6Cl5.85F0.15,Li2.4Y0.4Zr0.6Cl6,1.45e-3,2.05e-3,0.0006000000000000003,RT,unknow,halides,10.1021/acsami.4c01352
trgrp_0101,trpair_001063,Li2.4Y0.4Zr0.6Cl5.925F0.075,Li2.4Y0.4Zr0.6Cl6,1.65e-3,2.05e-3,0.0004000000000000002,RT,unknow,halides,10.1021/acsami.4c01352
trgrp_0102,trpair_001064,Li4.25Si0.75Al0.25O4,Li4Al0.33Si0.33P0.33O4,2.02e-08,3.25e-06,3.2298e-06,RT,unknow,lisicon,10.1021/acsami.6b14402
trgrp_0102,trpair_001065,Li4.25Si0.75Al0.25O4,Li3.75Si0.75P0.25O4,2.02e-08,5.54e-07,5.338e-07,RT,unknow,lisicon,10.1021/acsami.6b14402
trgrp_0102,trpair_001066,Li4Al0.33Si0.33P0.33O4,Li3.75Si0.75P0.25O4,3.25e-06,5.54e-07,-2.6959999999999997e-06,RT,unknow,lisicon,10.1021/acsami.6b14402
trgrp_0103,trpair_001067,Li1.2Al0.2Ge1.8(PO4)3,Li1.3Al0.3Ge1.7(PO4)3,4.83e-05,8.24e-05,3.4099999999999995e-05,RT,unknow,nasicon,10.1021/acsami.8b00842
trgrp_0103,trpair_001068,Li1.2Al0.2Ge1.8(PO4)3,Li1.4Al0.4Ge1.6(PO4)3,4.83e-05,0.000188,0.00013969999999999998,RT,unknow,nasicon,10.1021/acsami.8b00842
trgrp_0103,trpair_001069,Li1.2Al0.2Ge1.8(PO4)3,Li1.5Al0.5Ge1.5(PO4)3,4.83e-05,0.000336,0.0002877,RT,unknow,nasicon,10.1021/acsami.8b00842
trgrp_0103,trpair_001070,Li1.2Al0.2Ge1.8(PO4)3,Li1.6Al0.6Ge1.4(PO4)3,4.83e-05,0.000284,0.0002357,RT,unknow,nasicon,10.1021/acsami.8b00842
trgrp_0103,trpair_001071,Li1.2Al0.2Ge1.8(PO4)3,Li1.7Al0.7Ge1.3(PO4)3,4.83e-05,0.000264,0.0002157,RT,unknow,nasicon,10.1021/acsami.8b00842
trgrp_0103,trpair_001072,Li1.2Al0.2Ge1.8(PO4)3,Li1.8Al0.8Ge1.2(PO4)3,4.83e-05,0.000137,8.869999999999999e-05,RT,unknow,nasicon,10.1021/acsami.8b00842
trgrp_0103,trpair_001073,Li1.2Al0.2Ge1.8(PO4)3,LiGe2(PO4)3,4.83e-05,4.83e-09,-4.829517e-05,RT,unknow,nasicon,10.1021/acsami.8b00842
trgrp_0103,trpair_001074,Li1.3Al0.3Ge1.7(PO4)3,Li1.4Al0.4Ge1.6(PO4)3,8.24e-05,0.000188,0.00010559999999999999,RT,unknow,nasicon,10.1021/acsami.8b00842
trgrp_0103,trpair_001075,Li1.3Al0.3Ge1.7(PO4)3,Li1.5Al0.5Ge1.5(PO4)3,8.24e-05,0.000336,0.0002536,RT,unknow,nasicon,10.1021/acsami.8b00842
trgrp_0103,trpair_001076,Li1.3Al0.3Ge1.7(PO4)3,Li1.6Al0.6Ge1.4(PO4)3,8.24e-05,0.000284,0.00020160000000000002,RT,unknow,nasicon,10.1021/acsami.8b00842
trgrp_0103,trpair_001077,Li1.3Al0.3Ge1.7(PO4)3,Li1.7Al0.7Ge1.3(PO4)3,8.24e-05,0.000264,0.00018160000000000002,RT,unknow,nasicon,10.1021/acsami.8b00842
trgrp_0103,trpair_001078,Li1.3Al0.3Ge1.7(PO4)3,Li1.8Al0.8Ge1.2(PO4)3,8.24e-05,0.000137,5.46e-05,RT,unknow,nasicon,10.1021/acsami.8b00842
trgrp_0103,trpair_001079,Li1.3Al0.3Ge1.7(PO4)3,LiGe2(PO4)3,8.24e-05,4.83e-09,-8.239517e-05,RT,unknow,nasicon,10.1021/acsami.8b00842
trgrp_0103,trpair_001080,Li1.4Al0.4Ge1.6(PO4)3,Li1.5Al0.5Ge1.5(PO4)3,0.000188,0.000336,0.000148,RT,unknow,nasicon,10.1021/acsami.8b00842
trgrp_0103,trpair_001081,Li1.4Al0.4Ge1.6(PO4)3,Li1.6Al0.6Ge1.4(PO4)3,0.000188,0.000284,9.600000000000003e-05,RT,unknow,nasicon,10.1021/acsami.8b00842
trgrp_0103,trpair_001082,Li1.4Al0.4Ge1.6(PO4)3,Li1.7Al0.7Ge1.3(PO4)3,0.000188,0.000264,7.600000000000003e-05,RT,unknow,nasicon,10.1021/acsami.8b00842
trgrp_0103,trpair_001083,Li1.4Al0.4Ge1.6(PO4)3,Li1.8Al0.8Ge1.2(PO4)3,0.000188,0.000137,-5.099999999999999e-05,RT,unknow,nasicon,10.1021/acsami.8b00842
trgrp_0103,trpair_001084,Li1.4Al0.4Ge1.6(PO4)3,LiGe2(PO4)3,0.000188,4.83e-09,-0.00018799517,RT,unknow,nasicon,10.1021/acsami.8b00842
trgrp_0103,trpair_001085,Li1.5Al0.5Ge1.5(PO4)3,Li1.6Al0.6Ge1.4(PO4)3,0.000336,0.000284,-5.199999999999996e-05,RT,unknow,nasicon,10.1021/acsami.8b00842
trgrp_0103,trpair_001086,Li1.5Al0.5Ge1.5(PO4)3,Li1.7Al0.7Ge1.3(PO4)3,0.000336,0.000264,-7.199999999999996e-05,RT,unknow,nasicon,10.1021/acsami.8b00842
trgrp_0103,trpair_001087,Li1.5Al0.5Ge1.5(PO4)3,Li1.8Al0.8Ge1.2(PO4)3,0.000336,0.000137,-0.00019899999999999999,RT,unknow,nasicon,10.1021/acsami.8b00842
trgrp_0103,trpair_001088,Li1.5Al0.5Ge1.5(PO4)3,LiGe2(PO4)3,0.000336,4.83e-09,-0.00033599517,RT,unknow,nasicon,10.1021/acsami.8b00842
trgrp_0103,trpair_001089,Li1.6Al0.6Ge1.4(PO4)3,Li1.7Al0.7Ge1.3(PO4)3,0.000284,0.000264,-1.9999999999999998e-05,RT,unknow,nasicon,10.1021/acsami.8b00842
trgrp_0103,trpair_001090,Li1.6Al0.6Ge1.4(PO4)3,Li1.8Al0.8Ge1.2(PO4)3,0.000284,0.000137,-0.00014700000000000002,RT,unknow,nasicon,10.1021/acsami.8b00842
trgrp_0103,trpair_001091,Li1.6Al0.6Ge1.4(PO4)3,LiGe2(PO4)3,0.000284,4.83e-09,-0.00028399517,RT,unknow,nasicon,10.1021/acsami.8b00842
trgrp_0103,trpair_001092,Li1.7Al0.7Ge1.3(PO4)3,Li1.8Al0.8Ge1.2(PO4)3,0.000264,0.000137,-0.00012700000000000002,RT,unknow,nasicon,10.1021/acsami.8b00842
trgrp_0103,trpair_001093,Li1.7Al0.7Ge1.3(PO4)3,LiGe2(PO4)3,0.000264,4.83e-09,-0.00026399517,RT,unknow,nasicon,10.1021/acsami.8b00842
trgrp_0103,trpair_001094,Li1.8Al0.8Ge1.2(PO4)3,LiGe2(PO4)3,0.000137,4.83e-09,-0.00013699517,RT,unknow,nasicon,10.1021/acsami.8b00842
trgrp_0104,trpair_001095,Li3YCl6,Li2.9Er0.9Zr0.1Cl6,0.00007,0.00038,0.00031000000000000005,25,unknow,halides,10.1021/acsenergylett.9b02599
trgrp_0104,trpair_001096,Li3YCl6,Li2.9Y0.9Zr0.1Cl6,0.00007,0.00032,0.00025,25,unknow,halides,10.1021/acsenergylett.9b02599
trgrp_0104,trpair_001097,Li3YCl6,Li2.8Er0.8Zr0.2Cl6,0.00007,0.00078,0.00071,25,unknow,halides,10.1021/acsenergylett.9b02599
trgrp_0104,trpair_001098,Li3YCl6,Li2.8Y0.8Zr0.2Cl6,0.00007,0.00095,0.00088,25,unknow,halides,10.1021/acsenergylett.9b02599
trgrp_0104,trpair_001099,Li3YCl6,Li2.75Er0.75Zr0.25Cl6,0.00007,0.0008,0.0007300000000000001,25,unknow,halides,10.1021/acsenergylett.9b02599
trgrp_0104,trpair_001100,Li3YCl6,Li2.75Y0.75Zr0.25Cl6,0.00007,0.001,0.00093,25,unknow,halides,10.1021/acsenergylett.9b02599
trgrp_0104,trpair_001101,Li3YCl6,Li2.7Er0.7Zr0.3Cl6,0.00007,0.0011,0.00103,25,unknow,halides,10.1021/acsenergylett.9b02599
trgrp_0104,trpair_001102,Li3YCl6,Li2.7Y0.7Zr0.3Cl6,0.00007,0.0012,0.00113,25,unknow,halides,10.1021/acsenergylett.9b02599
trgrp_0104,trpair_001103,Li3YCl6,Li2.633Er0.633Zr0.367Cl6,0.00007,0.0011,0.00103,25,unknow,halides,10.1021/acsenergylett.9b02599
trgrp_0104,trpair_001104,Li3YCl6,Li2.633Y0.633Zr0.367Cl6,0.00007,0.0013,0.00123,25,unknow,halides,10.1021/acsenergylett.9b02599
trgrp_0104,trpair_001105,Li3YCl6,Li2.5Er0.5Zr0.5Cl6,0.00007,0.00095,0.00088,25,unknow,halides,10.1021/acsenergylett.9b02599
trgrp_0104,trpair_001106,Li3YCl6,Li2.5Y0.5Zr0.5Cl6,0.00007,0.0014,0.00133,25,unknow,halides,10.1021/acsenergylett.9b02599
trgrp_0104,trpair_001107,Li3YCl6,Li2.4Er0.4Zr0.6Cl6,0.00007,0.00085,0.00078,25,unknow,halides,10.1021/acsenergylett.9b02599
trgrp_0104,trpair_001108,Li3YCl6,Li2.4Y0.4Zr0.6Cl6,0.00007,0.00095,0.00088,25,unknow,halides,10.1021/acsenergylett.9b02599
trgrp_0104,trpair_001109,Li3YCl6,Li2.2Er0.2Zr0.8Cl6,0.00007,0.00045,0.00038,25,unknow,halides,10.1021/acsenergylett.9b02599
trgrp_0104,trpair_001110,Li2.9Er0.9Zr0.1Cl6,Li2.9Y0.9Zr0.1Cl6,0.00038,0.00032,-5.9999999999999995e-05,25,unknow,halides,10.1021/acsenergylett.9b02599
trgrp_0104,trpair_001111,Li2.9Er0.9Zr0.1Cl6,Li2.8Er0.8Zr0.2Cl6,0.00038,0.00078,0.00039999999999999996,25,unknow,halides,10.1021/acsenergylett.9b02599
trgrp_0104,trpair_001112,Li2.9Er0.9Zr0.1Cl6,Li2.8Y0.8Zr0.2Cl6,0.00038,0.00095,0.00057,25,unknow,halides,10.1021/acsenergylett.9b02599
trgrp_0104,trpair_001113,Li2.9Er0.9Zr0.1Cl6,Li2.75Er0.75Zr0.25Cl6,0.00038,0.0008,0.00042,25,unknow,halides,10.1021/acsenergylett.9b02599
trgrp_0104,trpair_001114,Li2.9Er0.9Zr0.1Cl6,Li2.75Y0.75Zr0.25Cl6,0.00038,0.001,0.00062,25,unknow,halides,10.1021/acsenergylett.9b02599
trgrp_0104,trpair_001115,Li2.9Er0.9Zr0.1Cl6,Li2.7Er0.7Zr0.3Cl6,0.00038,0.0011,0.00072,25,unknow,halides,10.1021/acsenergylett.9b02599
trgrp_0104,trpair_001116,Li2.9Er0.9Zr0.1Cl6,Li2.7Y0.7Zr0.3Cl6,0.00038,0.0012,0.0008199999999999999,25,unknow,halides,10.1021/acsenergylett.9b02599
trgrp_0104,trpair_001117,Li2.9Er0.9Zr0.1Cl6,Li2.633Er0.633Zr0.367Cl6,0.00038,0.0011,0.00072,25,unknow,halides,10.1021/acsenergylett.9b02599
trgrp_0104,trpair_001118,Li2.9Er0.9Zr0.1Cl6,Li2.633Y0.633Zr0.367Cl6,0.00038,0.0013,0.0009199999999999999,25,unknow,halides,10.1021/acsenergylett.9b02599
trgrp_0104,trpair_001119,Li2.9Er0.9Zr0.1Cl6,Li2.5Er0.5Zr0.5Cl6,0.00038,0.00095,0.00057,25,unknow,halides,10.1021/acsenergylett.9b02599
trgrp_0104,trpair_001120,Li2.9Er0.9Zr0.1Cl6,Li2.5Y0.5Zr0.5Cl6,0.00038,0.0014,0.00102,25,unknow,halides,10.1021/acsenergylett.9b02599
trgrp_0104,trpair_001121,Li2.9Er0.9Zr0.1Cl6,Li2.4Er0.4Zr0.6Cl6,0.00038,0.00085,0.00046999999999999993,25,unknow,halides,10.1021/acsenergylett.9b02599
trgrp_0104,trpair_001122,Li2.9Er0.9Zr0.1Cl6,Li2.4Y0.4Zr0.6Cl6,0.00038,0.00095,0.00057,25,unknow,halides,10.1021/acsenergylett.9b02599
trgrp_0104,trpair_001123,Li2.9Er0.9Zr0.1Cl6,Li2.2Er0.2Zr0.8Cl6,0.00038,0.00045,6.999999999999997e-05,25,unknow,halides,10.1021/acsenergylett.9b02599
trgrp_0104,trpair_001124,Li2.9Y0.9Zr0.1Cl6,Li2.8Er0.8Zr0.2Cl6,0.00032,0.00078,0.00045999999999999996,25,unknow,halides,10.1021/acsenergylett.9b02599
trgrp_0104,trpair_001125,Li2.9Y0.9Zr0.1Cl6,Li2.8Y0.8Zr0.2Cl6,0.00032,0.00095,0.0006299999999999999,25,unknow,halides,10.1021/acsenergylett.9b02599
trgrp_0104,trpair_001126,Li2.9Y0.9Zr0.1Cl6,Li2.75Er0.75Zr0.25Cl6,0.00032,0.0008,0.00048,25,unknow,halides,10.1021/acsenergylett.9b02599
trgrp_0104,trpair_001127,Li2.9Y0.9Zr0.1Cl6,Li2.75Y0.75Zr0.25Cl6,0.00032,0.001,0.00068,25,unknow,halides,10.1021/acsenergylett.9b02599
trgrp_0104,trpair_001128,Li2.9Y0.9Zr0.1Cl6,Li2.7Er0.7Zr0.3Cl6,0.00032,0.0011,0.0007800000000000001,25,unknow,halides,10.1021/acsenergylett.9b02599
trgrp_0104,trpair_001129,Li2.9Y0.9Zr0.1Cl6,Li2.7Y0.7Zr0.3Cl6,0.00032,0.0012,0.0008799999999999999,25,unknow,halides,10.1021/acsenergylett.9b02599
trgrp_0104,trpair_001130,Li2.9Y0.9Zr0.1Cl6,Li2.633Er0.633Zr0.367Cl6,0.00032,0.0011,0.0007800000000000001,25,unknow,halides,10.1021/acsenergylett.9b02599
trgrp_0104,trpair_001131,Li2.9Y0.9Zr0.1Cl6,Li2.633Y0.633Zr0.367Cl6,0.00032,0.0013,0.00098,25,unknow,halides,10.1021/acsenergylett.9b02599
trgrp_0104,trpair_001132,Li2.9Y0.9Zr0.1Cl6,Li2.5Er0.5Zr0.5Cl6,0.00032,0.00095,0.0006299999999999999,25,unknow,halides,10.1021/acsenergylett.9b02599
trgrp_0104,trpair_001133,Li2.9Y0.9Zr0.1Cl6,Li2.5Y0.5Zr0.5Cl6,0.00032,0.0014,0.00108,25,unknow,halides,10.1021/acsenergylett.9b02599
trgrp_0104,trpair_001134,Li2.9Y0.9Zr0.1Cl6,Li2.4Er0.4Zr0.6Cl6,0.00032,0.00085,0.0005299999999999999,25,unknow,halides,10.1021/acsenergylett.9b02599
trgrp_0104,trpair_001135,Li2.9Y0.9Zr0.1Cl6,Li2.4Y0.4Zr0.6Cl6,0.00032,0.00095,0.0006299999999999999,25,unknow,halides,10.1021/acsenergylett.9b02599
trgrp_0104,trpair_001136,Li2.9Y0.9Zr0.1Cl6,Li2.2Er0.2Zr0.8Cl6,0.00032,0.00045,0.00012999999999999996,25,unknow,halides,10.1021/acsenergylett.9b02599
trgrp_0104,trpair_001137,Li2.8Er0.8Zr0.2Cl6,Li2.8Y0.8Zr0.2Cl6,0.00078,0.00095,0.00017,25,unknow,halides,10.1021/acsenergylett.9b02599
trgrp_0104,trpair_001138,Li2.8Er0.8Zr0.2Cl6,Li2.75Er0.75Zr0.25Cl6,0.00078,0.0008,2.0000000000000052e-05,25,unknow,halides,10.1021/acsenergylett.9b02599
trgrp_0104,trpair_001139,Li2.8Er0.8Zr0.2Cl6,Li2.75Y0.75Zr0.25Cl6,0.00078,0.001,0.00022000000000000003,25,unknow,halides,10.1021/acsenergylett.9b02599
trgrp_0104,trpair_001140,Li2.8Er0.8Zr0.2Cl6,Li2.7Er0.7Zr0.3Cl6,0.00078,0.0011,0.0003200000000000001,25,unknow,halides,10.1021/acsenergylett.9b02599
trgrp_0104,trpair_001141,Li2.8Er0.8Zr0.2Cl6,Li2.7Y0.7Zr0.3Cl6,0.00078,0.0012,0.0004199999999999999,25,unknow,halides,10.1021/acsenergylett.9b02599
trgrp_0104,trpair_001142,Li2.8Er0.8Zr0.2Cl6,Li2.633Er0.633Zr0.367Cl6,0.00078,0.0011,0.0003200000000000001,25,unknow,halides,10.1021/acsenergylett.9b02599
trgrp_0104,trpair_001143,Li2.8Er0.8Zr0.2Cl6,Li2.633Y0.633Zr0.367Cl6,0.00078,0.0013,0.00052,25,unknow,halides,10.1021/acsenergylett.9b02599
trgrp_0104,trpair_001144,Li2.8Er0.8Zr0.2Cl6,Li2.5Er0.5Zr0.5Cl6,0.00078,0.00095,0.00017,25,unknow,halides,10.1021/acsenergylett.9b02599
trgrp_0104,trpair_001145,Li2.8Er0.8Zr0.2Cl6,Li2.5Y0.5Zr0.5Cl6,0.00078,0.0014,0.00062,25,unknow,halides,10.1021/acsenergylett.9b02599
trgrp_0104,trpair_001146,Li2.8Er0.8Zr0.2Cl6,Li2.4Er0.4Zr0.6Cl6,0.00078,0.00085,6.999999999999997e-05,25,unknow,halides,10.1021/acsenergylett.9b02599
trgrp_0104,trpair_001147,Li2.8Er0.8Zr0.2Cl6,Li2.4Y0.4Zr0.6Cl6,0.00078,0.00095,0.00017,25,unknow,halides,10.1021/acsenergylett.9b02599
trgrp_0104,trpair_001148,Li2.8Er0.8Zr0.2Cl6,Li2.2Er0.2Zr0.8Cl6,0.00078,0.00045,-0.00033,25,unknow,halides,10.1021/acsenergylett.9b02599
trgrp_0104,trpair_001149,Li2.8Y0.8Zr0.2Cl6,Li2.75Er0.75Zr0.25Cl6,0.00095,0.0008,-0.00014999999999999996,25,unknow,halides,10.1021/acsenergylett.9b02599
trgrp_0104,trpair_001150,Li2.8Y0.8Zr0.2Cl6,Li2.75Y0.75Zr0.25Cl6,0.00095,0.001,5.000000000000002e-05,25,unknow,halides,10.1021/acsenergylett.9b02599
trgrp_0104,trpair_001151,Li2.8Y0.8Zr0.2Cl6,Li2.7Er0.7Zr0.3Cl6,0.00095,0.0011,0.00015000000000000007,25,unknow,halides,10.1021/acsenergylett.9b02599
trgrp_0104,trpair_001152,Li2.8Y0.8Zr0.2Cl6,Li2.7Y0.7Zr0.3Cl6,0.00095,0.0012,0.0002499999999999999,25,unknow,halides,10.1021/acsenergylett.9b02599
trgrp_0104,trpair_001153,Li2.8Y0.8Zr0.2Cl6,Li2.633Er0.633Zr0.367Cl6,0.00095,0.0011,0.00015000000000000007,25,unknow,halides,10.1021/acsenergylett.9b02599
trgrp_0104,trpair_001154,Li2.8Y0.8Zr0.2Cl6,Li2.633Y0.633Zr0.367Cl6,0.00095,0.0013,0.00034999999999999994,25,unknow,halides,10.1021/acsenergylett.9b02599
trgrp_0104,trpair_001155,Li2.8Y0.8Zr0.2Cl6,Li2.5Er0.5Zr0.5Cl6,0.00095,0.00095,0.0,25,unknow,halides,10.1021/acsenergylett.9b02599
trgrp_0104,trpair_001156,Li2.8Y0.8Zr0.2Cl6,Li2.5Y0.5Zr0.5Cl6,0.00095,0.0014,0.00045,25,unknow,halides,10.1021/acsenergylett.9b02599
trgrp_0104,trpair_001157,Li2.8Y0.8Zr0.2Cl6,Li2.4Er0.4Zr0.6Cl6,0.00095,0.00085,-0.00010000000000000005,25,unknow,halides,10.1021/acsenergylett.9b02599
trgrp_0104,trpair_001158,Li2.8Y0.8Zr0.2Cl6,Li2.4Y0.4Zr0.6Cl6,0.00095,0.00095,0.0,25,unknow,halides,10.1021/acsenergylett.9b02599
trgrp_0104,trpair_001159,Li2.8Y0.8Zr0.2Cl6,Li2.2Er0.2Zr0.8Cl6,0.00095,0.00045,-0.0005,25,unknow,halides,10.1021/acsenergylett.9b02599
trgrp_0104,trpair_001160,Li2.75Er0.75Zr0.25Cl6,Li2.75Y0.75Zr0.25Cl6,0.0008,0.001,0.00019999999999999998,25,unknow,halides,10.1021/acsenergylett.9b02599
trgrp_0104,trpair_001161,Li2.75Er0.75Zr0.25Cl6,Li2.7Er0.7Zr0.3Cl6,0.0008,0.0011,0.00030000000000000003,25,unknow,halides,10.1021/acsenergylett.9b02599
trgrp_0104,trpair_001162,Li2.75Er0.75Zr0.25Cl6,Li2.7Y0.7Zr0.3Cl6,0.0008,0.0012,0.00039999999999999986,25,unknow,halides,10.1021/acsenergylett.9b02599
trgrp_0104,trpair_001163,Li2.75Er0.75Zr0.25Cl6,Li2.633Er0.633Zr0.367Cl6,0.0008,0.0011,0.00030000000000000003,25,unknow,halides,10.1021/acsenergylett.9b02599
trgrp_0104,trpair_001164,Li2.75Er0.75Zr0.25Cl6,Li2.633Y0.633Zr0.367Cl6,0.0008,0.0013,0.0004999999999999999,25,unknow,halides,10.1021/acsenergylett.9b02599
trgrp_0104,trpair_001165,Li2.75Er0.75Zr0.25Cl6,Li2.5Er0.5Zr0.5Cl6,0.0008,0.00095,0.00014999999999999996,25,unknow,halides,10.1021/acsenergylett.9b02599
trgrp_0104,trpair_001166,Li2.75Er0.75Zr0.25Cl6,Li2.5Y0.5Zr0.5Cl6,0.0008,0.0014,0.0006,25,unknow,halides,10.1021/acsenergylett.9b02599
trgrp_0104,trpair_001167,Li2.75Er0.75Zr0.25Cl6,Li2.4Er0.4Zr0.6Cl6,0.0008,0.00085,4.9999999999999914e-05,25,unknow,halides,10.1021/acsenergylett.9b02599
trgrp_0104,trpair_001168,Li2.75Er0.75Zr0.25Cl6,Li2.4Y0.4Zr0.6Cl6,0.0008,0.00095,0.00014999999999999996,25,unknow,halides,10.1021/acsenergylett.9b02599
trgrp_0104,trpair_001169,Li2.75Er0.75Zr0.25Cl6,Li2.2Er0.2Zr0.8Cl6,0.0008,0.00045,-0.00035000000000000005,25,unknow,halides,10.1021/acsenergylett.9b02599
trgrp_0104,trpair_001170,Li2.75Y0.75Zr0.25Cl6,Li2.7Er0.7Zr0.3Cl6,0.001,0.0011,0.00010000000000000005,25,unknow,halides,10.1021/acsenergylett.9b02599
trgrp_0104,trpair_001171,Li2.75Y0.75Zr0.25Cl6,Li2.7Y0.7Zr0.3Cl6,0.001,0.0012,0.00019999999999999987,25,unknow,halides,10.1021/acsenergylett.9b02599
trgrp_0104,trpair_001172,Li2.75Y0.75Zr0.25Cl6,Li2.633Er0.633Zr0.367Cl6,0.001,0.0011,0.00010000000000000005,25,unknow,halides,10.1021/acsenergylett.9b02599
trgrp_0104,trpair_001173,Li2.75Y0.75Zr0.25Cl6,Li2.633Y0.633Zr0.367Cl6,0.001,0.0013,0.0002999999999999999,25,unknow,halides,10.1021/acsenergylett.9b02599
trgrp_0104,trpair_001174,Li2.75Y0.75Zr0.25Cl6,Li2.5Er0.5Zr0.5Cl6,0.001,0.00095,-5.000000000000002e-05,25,unknow,halides,10.1021/acsenergylett.9b02599
trgrp_0104,trpair_001175,Li2.75Y0.75Zr0.25Cl6,Li2.5Y0.5Zr0.5Cl6,0.001,0.0014,0.00039999999999999996,25,unknow,halides,10.1021/acsenergylett.9b02599
trgrp_0104,trpair_001176,Li2.75Y0.75Zr0.25Cl6,Li2.4Er0.4Zr0.6Cl6,0.001,0.00085,-0.00015000000000000007,25,unknow,halides,10.1021/acsenergylett.9b02599
trgrp_0104,trpair_001177,Li2.75Y0.75Zr0.25Cl6,Li2.4Y0.4Zr0.6Cl6,0.001,0.00095,-5.000000000000002e-05,25,unknow,halides,10.1021/acsenergylett.9b02599
trgrp_0104,trpair_001178,Li2.75Y0.75Zr0.25Cl6,Li2.2Er0.2Zr0.8Cl6,0.001,0.00045,-0.00055,25,unknow,halides,10.1021/acsenergylett.9b02599
trgrp_0104,trpair_001179,Li2.7Er0.7Zr0.3Cl6,Li2.7Y0.7Zr0.3Cl6,0.0011,0.0012,9.999999999999983e-05,25,unknow,halides,10.1021/acsenergylett.9b02599
trgrp_0104,trpair_001180,Li2.7Er0.7Zr0.3Cl6,Li2.633Er0.633Zr0.367Cl6,0.0011,0.0011,0.0,25,unknow,halides,10.1021/acsenergylett.9b02599
trgrp_0104,trpair_001181,Li2.7Er0.7Zr0.3Cl6,Li2.633Y0.633Zr0.367Cl6,0.0011,0.0013,0.00019999999999999987,25,unknow,halides,10.1021/acsenergylett.9b02599
trgrp_0104,trpair_001182,Li2.7Er0.7Zr0.3Cl6,Li2.5Er0.5Zr0.5Cl6,0.0011,0.00095,-0.00015000000000000007,25,unknow,halides,10.1021/acsenergylett.9b02599
trgrp_0104,trpair_001183,Li2.7Er0.7Zr0.3Cl6,Li2.5Y0.5Zr0.5Cl6,0.0011,0.0014,0.0002999999999999999,25,unknow,halides,10.1021/acsenergylett.9b02599
trgrp_0104,trpair_001184,Li2.7Er0.7Zr0.3Cl6,Li2.4Er0.4Zr0.6Cl6,0.0011,0.00085,-0.0002500000000000001,25,unknow,halides,10.1021/acsenergylett.9b02599
trgrp_0104,trpair_001185,Li2.7Er0.7Zr0.3Cl6,Li2.4Y0.4Zr0.6Cl6,0.0011,0.00095,-0.00015000000000000007,25,unknow,halides,10.1021/acsenergylett.9b02599
trgrp_0104,trpair_001186,Li2.7Er0.7Zr0.3Cl6,Li2.2Er0.2Zr0.8Cl6,0.0011,0.00045,-0.0006500000000000001,25,unknow,halides,10.1021/acsenergylett.9b02599
trgrp_0104,trpair_001187,Li2.7Y0.7Zr0.3Cl6,Li2.633Er0.633Zr0.367Cl6,0.0012,0.0011,-9.999999999999983e-05,25,unknow,halides,10.1021/acsenergylett.9b02599
trgrp_0104,trpair_001188,Li2.7Y0.7Zr0.3Cl6,Li2.633Y0.633Zr0.367Cl6,0.0012,0.0013,0.00010000000000000005,25,unknow,halides,10.1021/acsenergylett.9b02599
trgrp_0104,trpair_001189,Li2.7Y0.7Zr0.3Cl6,Li2.5Er0.5Zr0.5Cl6,0.0012,0.00095,-0.0002499999999999999,25,unknow,halides,10.1021/acsenergylett.9b02599
trgrp_0104,trpair_001190,Li2.7Y0.7Zr0.3Cl6,Li2.5Y0.5Zr0.5Cl6,0.0012,0.0014,0.0002000000000000001,25,unknow,halides,10.1021/acsenergylett.9b02599
trgrp_0104,trpair_001191,Li2.7Y0.7Zr0.3Cl6,Li2.4Er0.4Zr0.6Cl6,0.0012,0.00085,-0.00034999999999999994,25,unknow,halides,10.1021/acsenergylett.9b02599
trgrp_0104,trpair_001192,Li2.7Y0.7Zr0.3Cl6,Li2.4Y0.4Zr0.6Cl6,0.0012,0.00095,-0.0002499999999999999,25,unknow,halides,10.1021/acsenergylett.9b02599
trgrp_0104,trpair_001193,Li2.7Y0.7Zr0.3Cl6,Li2.2Er0.2Zr0.8Cl6,0.0012,0.00045,-0.0007499999999999999,25,unknow,halides,10.1021/acsenergylett.9b02599
trgrp_0104,trpair_001194,Li2.633Er0.633Zr0.367Cl6,Li2.633Y0.633Zr0.367Cl6,0.0011,0.0013,0.00019999999999999987,25,unknow,halides,10.1021/acsenergylett.9b02599
trgrp_0104,trpair_001195,Li2.633Er0.633Zr0.367Cl6,Li2.5Er0.5Zr0.5Cl6,0.0011,0.00095,-0.00015000000000000007,25,unknow,halides,10.1021/acsenergylett.9b02599
trgrp_0104,trpair_001196,Li2.633Er0.633Zr0.367Cl6,Li2.5Y0.5Zr0.5Cl6,0.0011,0.0014,0.0002999999999999999,25,unknow,halides,10.1021/acsenergylett.9b02599
trgrp_0104,trpair_001197,Li2.633Er0.633Zr0.367Cl6,Li2.4Er0.4Zr0.6Cl6,0.0011,0.00085,-0.0002500000000000001,25,unknow,halides,10.1021/acsenergylett.9b02599
trgrp_0104,trpair_001198,Li2.633Er0.633Zr0.367Cl6,Li2.4Y0.4Zr0.6Cl6,0.0011,0.00095,-0.00015000000000000007,25,unknow,halides,10.1021/acsenergylett.9b02599
trgrp_0104,trpair_001199,Li2.633Er0.633Zr0.367Cl6,Li2.2Er0.2Zr0.8Cl6,0.0011,0.00045,-0.0006500000000000001,25,unknow,halides,10.1021/acsenergylett.9b02599
trgrp_0104,trpair_001200,Li2.633Y0.633Zr0.367Cl6,Li2.5Er0.5Zr0.5Cl6,0.0013,0.00095,-0.00034999999999999994,25,unknow,halides,10.1021/acsenergylett.9b02599
trgrp_0104,trpair_001201,Li2.633Y0.633Zr0.367Cl6,Li2.5Y0.5Zr0.5Cl6,0.0013,0.0014,0.00010000000000000005,25,unknow,halides,10.1021/acsenergylett.9b02599
trgrp_0104,trpair_001202,Li2.633Y0.633Zr0.367Cl6,Li2.4Er0.4Zr0.6Cl6,0.0013,0.00085,-0.00045,25,unknow,halides,10.1021/acsenergylett.9b02599
trgrp_0104,trpair_001203,Li2.633Y0.633Zr0.367Cl6,Li2.4Y0.4Zr0.6Cl6,0.0013,0.00095,-0.00034999999999999994,25,unknow,halides,10.1021/acsenergylett.9b02599
trgrp_0104,trpair_001204,Li2.633Y0.633Zr0.367Cl6,Li2.2Er0.2Zr0.8Cl6,0.0013,0.00045,-0.00085,25,unknow,halides,10.1021/acsenergylett.9b02599
trgrp_0104,trpair_001205,Li2.5Er0.5Zr0.5Cl6,Li2.5Y0.5Zr0.5Cl6,0.00095,0.0014,0.00045,25,unknow,halides,10.1021/acsenergylett.9b02599
trgrp_0104,trpair_001206,Li2.5Er0.5Zr0.5Cl6,Li2.4Er0.4Zr0.6Cl6,0.00095,0.00085,-0.00010000000000000005,25,unknow,halides,10.1021/acsenergylett.9b02599
trgrp_0104,trpair_001207,Li2.5Er0.5Zr0.5Cl6,Li2.4Y0.4Zr0.6Cl6,0.00095,0.00095,0.0,25,unknow,halides,10.1021/acsenergylett.9b02599
trgrp_0104,trpair_001208,Li2.5Er0.5Zr0.5Cl6,Li2.2Er0.2Zr0.8Cl6,0.00095,0.00045,-0.0005,25,unknow,halides,10.1021/acsenergylett.9b02599
trgrp_0104,trpair_001209,Li2.5Y0.5Zr0.5Cl6,Li2.4Er0.4Zr0.6Cl6,0.0014,0.00085,-0.00055,25,unknow,halides,10.1021/acsenergylett.9b02599
trgrp_0104,trpair_001210,Li2.5Y0.5Zr0.5Cl6,Li2.4Y0.4Zr0.6Cl6,0.0014,0.00095,-0.00045,25,unknow,halides,10.1021/acsenergylett.9b02599
trgrp_0104,trpair_001211,Li2.5Y0.5Zr0.5Cl6,Li2.2Er0.2Zr0.8Cl6,0.0014,0.00045,-0.00095,25,unknow,halides,10.1021/acsenergylett.9b02599
trgrp_0104,trpair_001212,Li2.4Er0.4Zr0.6Cl6,Li2.4Y0.4Zr0.6Cl6,0.00085,0.00095,0.00010000000000000005,25,unknow,halides,10.1021/acsenergylett.9b02599
trgrp_0104,trpair_001213,Li2.4Er0.4Zr0.6Cl6,Li2.2Er0.2Zr0.8Cl6,0.00085,0.00045,-0.00039999999999999996,25,unknow,halides,10.1021/acsenergylett.9b02599
trgrp_0104,trpair_001214,Li2.4Y0.4Zr0.6Cl6,Li2.2Er0.2Zr0.8Cl6,0.00095,0.00045,-0.0005,25,unknow,halides,10.1021/acsenergylett.9b02599
trgrp_0106,trpair_001215,Li3YbCl6,Li2.9Yb0.9Zr0.1Cl6,0.000106,0.000063,-4.3e-05,30,固相反应，350 °C 合成,halides,10.1021/acsmaterialslett.1c00142
trgrp_0106,trpair_001216,Li3YbCl6,Li2.7Yb0.7Zr0.3Cl6,0.000106,0.0011,0.000994,30,固相反应，350 °C 合成,halides,10.1021/acsmaterialslett.1c00142
trgrp_0106,trpair_001217,Li2.9Yb0.9Zr0.1Cl6,Li2.7Yb0.7Zr0.3Cl6,0.000063,0.0011,0.0010370000000000002,30,固相反应，350 °C 合成,halides,10.1021/acsmaterialslett.1c00142
trgrp_0108,trpair_001218,Li2.2Zr0.8Fe0.1Al0.1Cl6,Li1.8Zr0.8Fe0.1Al0.1Cl5.6,9.6e-4,1.04e-3,7.999999999999988e-05,30,机械化学球磨,halides,10.1021/acsnano.4c16514
trgrp_0108,trpair_001219,Li2.2Zr0.8Fe0.1Al0.1Cl6,Li2.4Zr0.6Al0.2Y0.2Cl6,9.6e-4,7.6e-4,-0.00019999999999999998,30,机械化学球磨,halides,10.1021/acsnano.4c16514
trgrp_0108,trpair_001220,Li2.2Zr0.8Fe0.1Al0.1Cl6,Li2.1Zr0.6Al0.2Y0.2Cl5.7,9.6e-4,1.81e-3,0.00085,30,机械化学球磨,halides,10.1021/acsnano.4c16514
trgrp_0108,trpair_001221,Li2.2Zr0.8Fe0.1Al0.1Cl6,Li2.375Al0.375Zr0.625Cl6,9.6e-4,8.7e-4,-9.000000000000002e-05,30,机械化学球磨,halides,10.1021/acsnano.4c16514
trgrp_0108,trpair_001222,Li2.2Zr0.8Fe0.1Al0.1Cl6,Li2.4Zr0.6Fe0.2Y0.2Cl6,9.6e-4,9.5e-4,-1.0000000000000026e-05,30,机械化学球磨,halides,10.1021/acsnano.4c16514
trgrp_0108,trpair_001223,Li2.2Zr0.8Fe0.1Al0.1Cl6,Li2.1Zr0.6Fe0.2Y0.2Cl5.7,9.6e-4,1.36e-3,0.0004000000000000001,30,机械化学球磨,halides,10.1021/acsnano.4c16514
trgrp_0108,trpair_001224,Li2.2Zr0.8Fe0.1Al0.1Cl6,Li2.25Fe0.25Zr0.75Cl6,9.6e-4,8.6e-4,-0.00010000000000000005,30,机械化学球磨,halides,10.1021/acsnano.4c16514
trgrp_0108,trpair_001225,Li2.2Zr0.8Fe0.1Al0.1Cl6,Li1.75Fe0.25Zr0.75Cl5.75,9.6e-4,1.2e-3,0.00023999999999999987,30,机械化学球磨,halides,10.1021/acsnano.4c16514
trgrp_0108,trpair_001226,Li1.8Zr0.8Fe0.1Al0.1Cl5.6,Li2.4Zr0.6Al0.2Y0.2Cl6,1.04e-3,7.6e-4,-0.00027999999999999987,30,机械化学球磨,halides,10.1021/acsnano.4c16514
trgrp_0108,trpair_001227,Li1.8Zr0.8Fe0.1Al0.1Cl5.6,Li2.1Zr0.6Al0.2Y0.2Cl5.7,1.04e-3,1.81e-3,0.0007700000000000001,30,机械化学球磨,halides,10.1021/acsnano.4c16514
trgrp_0108,trpair_001228,Li1.8Zr0.8Fe0.1Al0.1Cl5.6,Li2.375Al0.375Zr0.625Cl6,1.04e-3,8.7e-4,-0.0001699999999999999,30,机械化学球磨,halides,10.1021/acsnano.4c16514
trgrp_0108,trpair_001229,Li1.8Zr0.8Fe0.1Al0.1Cl5.6,Li2.4Zr0.6Fe0.2Y0.2Cl6,1.04e-3,9.5e-4,-8.999999999999991e-05,30,机械化学球磨,halides,10.1021/acsnano.4c16514
trgrp_0108,trpair_001230,Li1.8Zr0.8Fe0.1Al0.1Cl5.6,Li2.1Zr0.6Fe0.2Y0.2Cl5.7,1.04e-3,1.36e-3,0.0003200000000000002,30,机械化学球磨,halides,10.1021/acsnano.4c16514
trgrp_0108,trpair_001231,Li1.8Zr0.8Fe0.1Al0.1Cl5.6,Li2.25Fe0.25Zr0.75Cl6,1.04e-3,8.6e-4,-0.00017999999999999993,30,机械化学球磨,halides,10.1021/acsnano.4c16514
trgrp_0108,trpair_001232,Li1.8Zr0.8Fe0.1Al0.1Cl5.6,Li1.75Fe0.25Zr0.75Cl5.75,1.04e-3,1.2e-3,0.00015999999999999999,30,机械化学球磨,halides,10.1021/acsnano.4c16514
trgrp_0108,trpair_001233,Li2.4Zr0.6Al0.2Y0.2Cl6,Li2.1Zr0.6Al0.2Y0.2Cl5.7,7.6e-4,1.81e-3,0.00105,30,机械化学球磨,halides,10.1021/acsnano.4c16514
trgrp_0108,trpair_001234,Li2.4Zr0.6Al0.2Y0.2Cl6,Li2.375Al0.375Zr0.625Cl6,7.6e-4,8.7e-4,0.00010999999999999996,30,机械化学球磨,halides,10.1021/acsnano.4c16514
trgrp_0108,trpair_001235,Li2.4Zr0.6Al0.2Y0.2Cl6,Li2.4Zr0.6Fe0.2Y0.2Cl6,7.6e-4,9.5e-4,0.00018999999999999996,30,机械化学球磨,halides,10.1021/acsnano.4c16514
trgrp_0108,trpair_001236,Li2.4Zr0.6Al0.2Y0.2Cl6,Li2.1Zr0.6Fe0.2Y0.2Cl5.7,7.6e-4,1.36e-3,0.0006000000000000001,30,机械化学球磨,halides,10.1021/acsnano.4c16514
trgrp_0108,trpair_001237,Li2.4Zr0.6Al0.2Y0.2Cl6,Li2.25Fe0.25Zr0.75Cl6,7.6e-4,8.6e-4,9.999999999999994e-05,30,机械化学球磨,halides,10.1021/acsnano.4c16514
trgrp_0108,trpair_001238,Li2.4Zr0.6Al0.2Y0.2Cl6,Li1.75Fe0.25Zr0.75Cl5.75,7.6e-4,1.2e-3,0.00043999999999999985,30,机械化学球磨,halides,10.1021/acsnano.4c16514
trgrp_0108,trpair_001239,Li2.1Zr0.6Al0.2Y0.2Cl5.7,Li2.375Al0.375Zr0.625Cl6,1.81e-3,8.7e-4,-0.00094,30,机械化学球磨,halides,10.1021/acsnano.4c16514
trgrp_0108,trpair_001240,Li2.1Zr0.6Al0.2Y0.2Cl5.7,Li2.4Zr0.6Fe0.2Y0.2Cl6,1.81e-3,9.5e-4,-0.00086,30,机械化学球磨,halides,10.1021/acsnano.4c16514
trgrp_0108,trpair_001241,Li2.1Zr0.6Al0.2Y0.2Cl5.7,Li2.1Zr0.6Fe0.2Y0.2Cl5.7,1.81e-3,1.36e-3,-0.0004499999999999999,30,机械化学球磨,halides,10.1021/acsnano.4c16514
trgrp_0108,trpair_001242,Li2.1Zr0.6Al0.2Y0.2Cl5.7,Li2.25Fe0.25Zr0.75Cl6,1.81e-3,8.6e-4,-0.00095,30,机械化学球磨,halides,10.1021/acsnano.4c16514
trgrp_0108,trpair_001243,Li2.1Zr0.6Al0.2Y0.2Cl5.7,Li1.75Fe0.25Zr0.75Cl5.75,1.81e-3,1.2e-3,-0.0006100000000000001,30,机械化学球磨,halides,10.1021/acsnano.4c16514
trgrp_0108,trpair_001244,Li2.375Al0.375Zr0.625Cl6,Li2.4Zr0.6Fe0.2Y0.2Cl6,8.7e-4,9.5e-4,7.999999999999999e-05,30,机械化学球磨,halides,10.1021/acsnano.4c16514
trgrp_0108,trpair_001245,Li2.375Al0.375Zr0.625Cl6,Li2.1Zr0.6Fe0.2Y0.2Cl5.7,8.7e-4,1.36e-3,0.0004900000000000001,30,机械化学球磨,halides,10.1021/acsnano.4c16514
trgrp_0108,trpair_001246,Li2.375Al0.375Zr0.625Cl6,Li2.25Fe0.25Zr0.75Cl6,8.7e-4,8.6e-4,-1.0000000000000026e-05,30,机械化学球磨,halides,10.1021/acsnano.4c16514
trgrp_0108,trpair_001247,Li2.375Al0.375Zr0.625Cl6,Li1.75Fe0.25Zr0.75Cl5.75,8.7e-4,1.2e-3,0.0003299999999999999,30,机械化学球磨,halides,10.1021/acsnano.4c16514
trgrp_0108,trpair_001248,Li2.4Zr0.6Fe0.2Y0.2Cl6,Li2.1Zr0.6Fe0.2Y0.2Cl5.7,9.5e-4,1.36e-3,0.0004100000000000001,30,机械化学球磨,halides,10.1021/acsnano.4c16514
trgrp_0108,trpair_001249,Li2.4Zr0.6Fe0.2Y0.2Cl6,Li2.25Fe0.25Zr0.75Cl6,9.5e-4,8.6e-4,-9.000000000000002e-05,30,机械化学球磨,halides,10.1021/acsnano.4c16514
trgrp_0108,trpair_001250,Li2.4Zr0.6Fe0.2Y0.2Cl6,Li1.75Fe0.25Zr0.75Cl5.75,9.5e-4,1.2e-3,0.0002499999999999999,30,机械化学球磨,halides,10.1021/acsnano.4c16514
trgrp_0108,trpair_001251,Li2.1Zr0.6Fe0.2Y0.2Cl5.7,Li2.25Fe0.25Zr0.75Cl6,1.36e-3,8.6e-4,-0.0005000000000000001,30,机械化学球磨,halides,10.1021/acsnano.4c16514
trgrp_0108,trpair_001252,Li2.1Zr0.6Fe0.2Y0.2Cl5.7,Li1.75Fe0.25Zr0.75Cl5.75,1.36e-3,1.2e-3,-0.0001600000000000002,30,机械化学球磨,halides,10.1021/acsnano.4c16514
trgrp_0108,trpair_001253,Li2.25Fe0.25Zr0.75Cl6,Li1.75Fe0.25Zr0.75Cl5.75,8.6e-4,1.2e-3,0.0003399999999999999,30,机械化学球磨,halides,10.1021/acsnano.4c16514
trgrp_0109,trpair_001254,Li6Ba0.5Sr0.5La2Ta2O12,Li6BaLa2Ta2O12,7.1e-06,1.5e-05,7.9e-06,RT,unknow,garnet,10.1021/am4060194
trgrp_0109,trpair_001255,Li6Ba0.5Sr0.5La2Ta2O12,Li6CaLa2Ta2O12,7.1e-06,2.2e-06,-4.9e-06,RT,unknow,garnet,10.1021/am4060194
trgrp_0109,trpair_001256,Li6Ba0.5Sr0.5La2Ta2O12,Li6SrLa2Ta2O12,7.1e-06,5.4e-06,-1.6999999999999998e-06,RT,unknow,garnet,10.1021/am4060194
trgrp_0109,trpair_001257,Li6BaLa2Ta2O12,Li6CaLa2Ta2O12,1.5e-05,2.2e-06,-1.28e-05,RT,unknow,garnet,10.1021/am4060194
trgrp_0109,trpair_001258,Li6BaLa2Ta2O12,Li6SrLa2Ta2O12,1.5e-05,5.4e-06,-9.6e-06,RT,unknow,garnet,10.1021/am4060194
trgrp_0109,trpair_001259,Li6CaLa2Ta2O12,Li6SrLa2Ta2O12,2.2e-06,5.4e-06,3.2e-06,RT,unknow,garnet,10.1021/am4060194
trgrp_0110,trpair_001260,Li6.6La2.5Y0.5Zr1.6Ta0.4O12,Li6.6La2.75Y0.25Zr1.6Ta0.4O12,0.000226,0.000436,0.00021000000000000004,RT,unknow,garnet,10.1021/am503731h
trgrp_0110,trpair_001261,Li6.6La2.5Y0.5Zr1.6Ta0.4O12,Li6.6La2.875Y0.125Zr1.6Ta0.4O12,0.000226,0.000317,9.100000000000002e-05,RT,unknow,garnet,10.1021/am503731h
trgrp_0110,trpair_001262,Li6.6La2.5Y0.5Zr1.6Ta0.4O12,Li6.6La3Zr1.6Ta0.4O12,0.000226,0.000313,8.700000000000003e-05,RT,unknow,garnet,10.1021/am503731h
trgrp_0110,trpair_001263,Li6.6La2.75Y0.25Zr1.6Ta0.4O12,Li6.6La2.875Y0.125Zr1.6Ta0.4O12,0.000436,0.000317,-0.00011900000000000002,RT,unknow,garnet,10.1021/am503731h
trgrp_0110,trpair_001264,Li6.6La2.75Y0.25Zr1.6Ta0.4O12,Li6.6La3Zr1.6Ta0.4O12,0.000436,0.000313,-0.000123,RT,unknow,garnet,10.1021/am503731h
trgrp_0110,trpair_001265,Li6.6La2.875Y0.125Zr1.6Ta0.4O12,Li6.6La3Zr1.6Ta0.4O12,0.000317,0.000313,-3.999999999999989e-06,RT,unknow,garnet,10.1021/am503731h
trgrp_0111,trpair_001266,(Ag0.33Li0.67)0.27La0.57TiO3,(Ag0.5Li0.5)0.27La0.57TiO3,0.0001,2.3e-05,-7.7e-05,RT,unknow,perovskites,10.1021/cm001207u
trgrp_0111,trpair_001267,(Ag0.33Li0.67)0.27La0.57TiO3,(Ag0.67Li0.33)0.27La0.57TiO3,0.0001,2e-07,-9.98e-05,RT,unknow,perovskites,10.1021/cm001207u
trgrp_0111,trpair_001268,(Ag0.33Li0.67)0.27La0.57TiO3,Li0.27La0.57TiO3,0.0001,0.00034,0.00024000000000000003,RT,unknow,perovskites,10.1021/cm001207u
trgrp_0111,trpair_001269,(Ag0.5Li0.5)0.27La0.57TiO3,(Ag0.67Li0.33)0.27La0.57TiO3,2.3e-05,2e-07,-2.28e-05,RT,unknow,perovskites,10.1021/cm001207u
trgrp_0111,trpair_001270,(Ag0.5Li0.5)0.27La0.57TiO3,Li0.27La0.57TiO3,2.3e-05,0.00034,0.000317,RT,unknow,perovskites,10.1021/cm001207u
trgrp_0111,trpair_001271,(Ag0.67Li0.33)0.27La0.57TiO3,Li0.27La0.57TiO3,2e-07,0.00034,0.0003398,RT,unknow,perovskites,10.1021/cm001207u
trgrp_0112,trpair_001272,La0.36Sr0.3Li0.3TiO3,La0.385Sr0.275Li0.275TiO3,1.92e-05,6.04e-05,4.12e-05,RT,unknow,perovskites,10.1021/cm020609u
trgrp_0112,trpair_001273,La0.385Sr0.275Li0.275TiO3,La0.41Sr0.25Li0.25TiO3,6.04e-05,7.64e-05,1.6000000000000003e-05,RT,unknow,perovskites,10.1021/cm020609u
trgrp_0112,trpair_001274,La0.41Sr0.25Li0.25TiO3,La0.51Sr0.15Li0.15TiO3,7.64e-05,5.3e-05,-2.34e-05,RT,unknow,perovskites,10.1021/cm020609u
trgrp_0112,trpair_001275,La0.51Sr0.15Li0.15TiO3,La0.56Sr0.1Li0.1TiO3,5.3e-05,1.37e-05,-3.93e-05,RT,unknow,perovskites,10.1021/cm020609u
trgrp_0112,trpair_001276,La0.56Sr0.1Li0.1TiO3,La0.6Sr0.06Li0.06TiO3,1.37e-05,1.13e-05,-2.399999999999999e-06,RT,unknow,perovskites,10.1021/cm020609u
trgrp_0113,trpair_001277,Li0.91Hf2.022(PO4)3,Li0.86Hf2.035(PO4)3,3.2e-07,9.2e-08,-2.28e-07,RT,unknow,nasicon,10.1021/cm970078n
trgrp_0114,trpair_001278,Li7BiO6,Li7TaO6,8.81e-07,2.36e-08,-8.574e-07,27（外推）,unknow,hexaoxometalates,10.1021/ic030208w
trgrp_0116,trpair_001279,Li1.2Ti1.8Al0.2(PO4)3,LiTi2(PO4)3,0.00482,0.000161,-0.004659,RT,unknow,nasicon,10.1021/ic400577v
trgrp_0117,trpair_001280,Li3OCl0.5Br0.5,Li3OCl,1.94e-3,8.5e-4,-0.0010900000000000003,RT,unknow,antiperovskite,10.1021/ja308741y
trgrp_0119,trpair_001281,Li10Ge0.33Sn0.66P2S12,Li10Ge0.66Sn0.33P2S12,0.0048,0.0064,0.0016000000000000007,RT,unknow,lgps,10.1021/jacs.0c10735
trgrp_0119,trpair_001282,Li10Ge0.33Sn0.66P2S12,Li10GeP2S12,0.0048,0.0076,0.0028000000000000004,RT,unknow,lgps,10.1021/jacs.0c10735
trgrp_0119,trpair_001283,Li10Ge0.33Sn0.66P2S12,Li10SnP2S12,0.0048,0.0038,-0.0009999999999999996,RT,unknow,lgps,10.1021/jacs.0c10735
trgrp_0119,trpair_001284,Li10Ge0.66Sn0.33P2S12,Li10GeP2S12,0.0064,0.0076,0.0011999999999999997,RT,unknow,lgps,10.1021/jacs.0c10735
trgrp_0119,trpair_001285,Li10Ge0.66Sn0.33P2S12,Li10SnP2S12,0.0064,0.0038,-0.0026000000000000003,RT,unknow,lgps,10.1021/jacs.0c10735
trgrp_0119,trpair_001286,Li10GeP2S12,Li10SnP2S12,0.0076,0.0038,-0.0038,RT,unknow,lgps,10.1021/jacs.0c10735
trgrp_0120,trpair_001287,Li6.5O8P1.5Si0.5,Li7.22Si1.5P0.5O8,4.49e-07,1.64e-07,-2.85e-07,RT,unknow,lisicon,10.1021/jacs.5b04444
trgrp_0122,trpair_001288,Li0.688La0.475Ta0.238Cl2.7O0.3,Li0.588La0.475Ta0.238Cl2.8O0.2,8.7e-4,1.78e-3,0.0009099999999999999,30,高能震荡球磨（875 cycles/min，3 h）,oxyhalides,10.1021/jacs.5c11480
trgrp_0122,trpair_001289,Li0.588La0.475Ta0.238Cl2.8O0.2,Li0.538La0.475Ta0.238Cl2.85O0.15,1.78e-3,2.05e-3,0.0002700000000000003,30,高能震荡球磨（875 cycles/min，3 h）,oxyhalides,10.1021/jacs.5c11480
trgrp_0122,trpair_001290,Li0.538La0.475Ta0.238Cl2.85O0.15,Li0.488La0.475Ta0.238Cl2.9O0.1,2.05e-3,1.86e-3,-0.00019000000000000006,30,高能震荡球磨（875 cycles/min，3 h）,oxyhalides,10.1021/jacs.5c11480
trgrp_0123,trpair_001291,Li6PS5Br0.25I0.75,Li6PS5Cl0.75Br0.25,4.72e-06,0.00226,0.0022552799999999997,RT,unknow,argyrodites,10.1021/jacs.7b06327
trgrp_0123,trpair_001292,Li6PS5Br0.25I0.75,Li6PS5Cl0.5Br0.5,4.72e-06,0.00333,0.00332528,RT,unknow,argyrodites,10.1021/jacs.7b06327
trgrp_0123,trpair_001293,Li6PS5Br0.25I0.75,Li6PS5Br0.5I0.5,4.72e-06,2.62e-05,2.148e-05,RT,unknow,argyrodites,10.1021/jacs.7b06327
trgrp_0123,trpair_001294,Li6PS5Br0.25I0.75,Li6PS5Cl0.25Br0.75,4.72e-06,0.00186,0.0018552800000000002,RT,unknow,argyrodites,10.1021/jacs.7b06327
trgrp_0123,trpair_001295,Li6PS5Br0.25I0.75,Li6PS5Br0.75I0.25,4.72e-06,0.000112,0.00010728,RT,unknow,argyrodites,10.1021/jacs.7b06327
trgrp_0123,trpair_001296,Li6PS5Br0.25I0.75,Li6PS5Cl,4.72e-06,0.00205,0.00204528,RT,unknow,argyrodites,10.1021/jacs.7b06327
trgrp_0123,trpair_001297,Li6PS5Br0.25I0.75,Li6PS5Br,4.72e-06,0.00115,0.00114528,RT,unknow,argyrodites,10.1021/jacs.7b06327
trgrp_0123,trpair_001298,Li6PS5Br0.25I0.75,Li6PS5I,4.72e-06,1.3e-06,-3.4199999999999994e-06,RT,unknow,argyrodites,10.1021/jacs.7b06327
trgrp_0123,trpair_001299,Li6PS5Cl0.75Br0.25,Li6PS5Cl0.5Br0.5,0.00226,0.00333,0.0010700000000000002,RT,unknow,argyrodites,10.1021/jacs.7b06327
trgrp_0123,trpair_001300,Li6PS5Cl0.75Br0.25,Li6PS5Br0.5I0.5,0.00226,2.62e-05,-0.0022337999999999998,RT,unknow,argyrodites,10.1021/jacs.7b06327
trgrp_0123,trpair_001301,Li6PS5Cl0.75Br0.25,Li6PS5Cl0.25Br0.75,0.00226,0.00186,-0.00039999999999999975,RT,unknow,argyrodites,10.1021/jacs.7b06327
trgrp_0123,trpair_001302,Li6PS5Cl0.75Br0.25,Li6PS5Br0.75I0.25,0.00226,0.000112,-0.0021479999999999997,RT,unknow,argyrodites,10.1021/jacs.7b06327
trgrp_0123,trpair_001303,Li6PS5Cl0.75Br0.25,Li6PS5Cl,0.00226,0.00205,-0.00020999999999999968,RT,unknow,argyrodites,10.1021/jacs.7b06327
trgrp_0123,trpair_001304,Li6PS5Cl0.75Br0.25,Li6PS5Br,0.00226,0.00115,-0.0011099999999999999,RT,unknow,argyrodites,10.1021/jacs.7b06327
trgrp_0123,trpair_001305,Li6PS5Cl0.75Br0.25,Li6PS5I,0.00226,1.3e-06,-0.0022586999999999998,RT,unknow,argyrodites,10.1021/jacs.7b06327
trgrp_0123,trpair_001306,Li6PS5Cl0.5Br0.5,Li6PS5Br0.5I0.5,0.00333,2.62e-05,-0.0033038,RT,unknow,argyrodites,10.1021/jacs.7b06327
trgrp_0123,trpair_001307,Li6PS5Cl0.5Br0.5,Li6PS5Cl0.25Br0.75,0.00333,0.00186,-0.00147,RT,unknow,argyrodites,10.1021/jacs.7b06327
trgrp_0123,trpair_001308,Li6PS5Cl0.5Br0.5,Li6PS5Br0.75I0.25,0.00333,0.000112,-0.003218,RT,unknow,argyrodites,10.1021/jacs.7b06327
trgrp_0123,trpair_001309,Li6PS5Cl0.5Br0.5,Li6PS5Cl,0.00333,0.00205,-0.0012799999999999999,RT,unknow,argyrodites,10.1021/jacs.7b06327
trgrp_0123,trpair_001310,Li6PS5Cl0.5Br0.5,Li6PS5Br,0.00333,0.00115,-0.00218,RT,unknow,argyrodites,10.1021/jacs.7b06327
trgrp_0123,trpair_001311,Li6PS5Cl0.5Br0.5,Li6PS5I,0.00333,1.3e-06,-0.0033287,RT,unknow,argyrodites,10.1021/jacs.7b06327
trgrp_0123,trpair_001312,Li6PS5Br0.5I0.5,Li6PS5Cl0.25Br0.75,2.62e-05,0.00186,0.0018338,RT,unknow,argyrodites,10.1021/jacs.7b06327
trgrp_0123,trpair_001313,Li6PS5Br0.5I0.5,Li6PS5Br0.75I0.25,2.62e-05,0.000112,8.58e-05,RT,unknow,argyrodites,10.1021/jacs.7b06327
trgrp_0123,trpair_001314,Li6PS5Br0.5I0.5,Li6PS5Cl,2.62e-05,0.00205,0.0020238,RT,unknow,argyrodites,10.1021/jacs.7b06327
trgrp_0123,trpair_001315,Li6PS5Br0.5I0.5,Li6PS5Br,2.62e-05,0.00115,0.0011237999999999999,RT,unknow,argyrodites,10.1021/jacs.7b06327
trgrp_0123,trpair_001316,Li6PS5Br0.5I0.5,Li6PS5I,2.62e-05,1.3e-06,-2.49e-05,RT,unknow,argyrodites,10.1021/jacs.7b06327
trgrp_0123,trpair_001317,Li6PS5Cl0.25Br0.75,Li6PS5Br0.75I0.25,0.00186,0.000112,-0.0017480000000000002,RT,unknow,argyrodites,10.1021/jacs.7b06327
trgrp_0123,trpair_001318,Li6PS5Cl0.25Br0.75,Li6PS5Cl,0.00186,0.00205,0.00019000000000000006,RT,unknow,argyrodites,10.1021/jacs.7b06327
trgrp_0123,trpair_001319,Li6PS5Cl0.25Br0.75,Li6PS5Br,0.00186,0.00115,-0.0007100000000000001,RT,unknow,argyrodites,10.1021/jacs.7b06327
trgrp_0123,trpair_001320,Li6PS5Cl0.25Br0.75,Li6PS5I,0.00186,1.3e-06,-0.0018587,RT,unknow,argyrodites,10.1021/jacs.7b06327
trgrp_0123,trpair_001321,Li6PS5Br0.75I0.25,Li6PS5Cl,0.000112,0.00205,0.0019380000000000003,RT,unknow,argyrodites,10.1021/jacs.7b06327
trgrp_0123,trpair_001322,Li6PS5Br0.75I0.25,Li6PS5Br,0.000112,0.00115,0.001038,RT,unknow,argyrodites,10.1021/jacs.7b06327
trgrp_0123,trpair_001323,Li6PS5Br0.75I0.25,Li6PS5I,0.000112,1.3e-06,-0.0001107,RT,unknow,argyrodites,10.1021/jacs.7b06327
trgrp_0123,trpair_001324,Li6PS5Cl,Li6PS5Br,0.00205,0.00115,-0.0009000000000000002,RT,unknow,argyrodites,10.1021/jacs.7b06327
trgrp_0123,trpair_001325,Li6PS5Cl,Li6PS5I,0.00205,1.3e-06,-0.0020487,RT,unknow,argyrodites,10.1021/jacs.7b06327
trgrp_0123,trpair_001326,Li6PS5Br,Li6PS5I,0.00115,1.3e-06,-0.0011487,RT,unknow,argyrodites,10.1021/jacs.7b06327
trgrp_0124,trpair_001327,Li6.1P0.90Ge0.1S5I,Li6.15P0.85Ge0.15S5I,8.86e-06,3.93e-05,3.044e-05,RT,unknow,argyrodites,10.1021/jacs.8b10282
trgrp_0124,trpair_001328,Li6.1P0.90Ge0.1S5I,Li6.2P0.8Ge0.2S5I,8.86e-06,3.19e-05,2.3040000000000003e-05,RT,unknow,argyrodites,10.1021/jacs.8b10282
trgrp_0124,trpair_001329,Li6.1P0.90Ge0.1S5I,Li6.25P0.75Ge0.25S5I,8.86e-06,0.00015,0.00014114,RT,unknow,argyrodites,10.1021/jacs.8b10282
trgrp_0124,trpair_001330,Li6.1P0.90Ge0.1S5I,Li6.3P0.7Ge0.3S5I,8.86e-06,0.00065,0.00064114,RT,unknow,argyrodites,10.1021/jacs.8b10282
trgrp_0124,trpair_001331,Li6.1P0.90Ge0.1S5I,Li6.4P0.6Ge0.4S5I,8.86e-06,0.0015,0.00149114,RT,unknow,argyrodites,10.1021/jacs.8b10282
trgrp_0124,trpair_001332,Li6.1P0.90Ge0.1S5I,Li6.5P0.5Ge0.5S5I,8.86e-06,0.00186,0.00185114,RT,unknow,argyrodites,10.1021/jacs.8b10282
trgrp_0124,trpair_001333,Li6.1P0.90Ge0.1S5I,Li6.6P0.4Ge0.6S5I,8.86e-06,0.00521,0.00520114,RT,unknow,argyrodites,10.1021/jacs.8b10282
trgrp_0124,trpair_001334,Li6.1P0.90Ge0.1S5I,Li6.7P0.3Ge0.7S5I,8.86e-06,0.00554,0.0055311399999999995,RT,unknow,argyrodites,10.1021/jacs.8b10282
trgrp_0124,trpair_001335,Li6.1P0.90Ge0.1S5I,Li6.8P0.2Ge0.8S5I,8.86e-06,0.00258,0.00257114,RT,unknow,argyrodites,10.1021/jacs.8b10282
trgrp_0124,trpair_001336,Li6.1P0.90Ge0.1S5I,Li6PS5I,8.86e-06,1.26e-06,-7.6e-06,RT,unknow,argyrodites,10.1021/jacs.8b10282
trgrp_0124,trpair_001337,Li6.15P0.85Ge0.15S5I,Li6.2P0.8Ge0.2S5I,3.93e-05,3.19e-05,-7.399999999999997e-06,RT,unknow,argyrodites,10.1021/jacs.8b10282
trgrp_0124,trpair_001338,Li6.15P0.85Ge0.15S5I,Li6.25P0.75Ge0.25S5I,3.93e-05,0.00015,0.00011069999999999998,RT,unknow,argyrodites,10.1021/jacs.8b10282
trgrp_0124,trpair_001339,Li6.15P0.85Ge0.15S5I,Li6.3P0.7Ge0.3S5I,3.93e-05,0.00065,0.0006106999999999999,RT,unknow,argyrodites,10.1021/jacs.8b10282
trgrp_0124,trpair_001340,Li6.15P0.85Ge0.15S5I,Li6.4P0.6Ge0.4S5I,3.93e-05,0.0015,0.0014607,RT,unknow,argyrodites,10.1021/jacs.8b10282
trgrp_0124,trpair_001341,Li6.15P0.85Ge0.15S5I,Li6.5P0.5Ge0.5S5I,3.93e-05,0.00186,0.0018207000000000002,RT,unknow,argyrodites,10.1021/jacs.8b10282
trgrp_0124,trpair_001342,Li6.15P0.85Ge0.15S5I,Li6.6P0.4Ge0.6S5I,3.93e-05,0.00521,0.0051707,RT,unknow,argyrodites,10.1021/jacs.8b10282
trgrp_0124,trpair_001343,Li6.15P0.85Ge0.15S5I,Li6.7P0.3Ge0.7S5I,3.93e-05,0.00554,0.0055007,RT,unknow,argyrodites,10.1021/jacs.8b10282
trgrp_0124,trpair_001344,Li6.15P0.85Ge0.15S5I,Li6.8P0.2Ge0.8S5I,3.93e-05,0.00258,0.0025407,RT,unknow,argyrodites,10.1021/jacs.8b10282
trgrp_0124,trpair_001345,Li6.15P0.85Ge0.15S5I,Li6PS5I,3.93e-05,1.26e-06,-3.804e-05,RT,unknow,argyrodites,10.1021/jacs.8b10282
trgrp_0124,trpair_001346,Li6.2P0.8Ge0.2S5I,Li6.25P0.75Ge0.25S5I,3.19e-05,0.00015,0.00011809999999999998,RT,unknow,argyrodites,10.1021/jacs.8b10282
trgrp_0124,trpair_001347,Li6.2P0.8Ge0.2S5I,Li6.3P0.7Ge0.3S5I,3.19e-05,0.00065,0.0006181,RT,unknow,argyrodites,10.1021/jacs.8b10282
trgrp_0124,trpair_001348,Li6.2P0.8Ge0.2S5I,Li6.4P0.6Ge0.4S5I,3.19e-05,0.0015,0.0014681,RT,unknow,argyrodites,10.1021/jacs.8b10282
trgrp_0124,trpair_001349,Li6.2P0.8Ge0.2S5I,Li6.5P0.5Ge0.5S5I,3.19e-05,0.00186,0.0018281,RT,unknow,argyrodites,10.1021/jacs.8b10282
trgrp_0124,trpair_001350,Li6.2P0.8Ge0.2S5I,Li6.6P0.4Ge0.6S5I,3.19e-05,0.00521,0.005178100000000001,RT,unknow,argyrodites,10.1021/jacs.8b10282
trgrp_0124,trpair_001351,Li6.2P0.8Ge0.2S5I,Li6.7P0.3Ge0.7S5I,3.19e-05,0.00554,0.0055081,RT,unknow,argyrodites,10.1021/jacs.8b10282
trgrp_0124,trpair_001352,Li6.2P0.8Ge0.2S5I,Li6.8P0.2Ge0.8S5I,3.19e-05,0.00258,0.0025480999999999998,RT,unknow,argyrodites,10.1021/jacs.8b10282
trgrp_0124,trpair_001353,Li6.2P0.8Ge0.2S5I,Li6PS5I,3.19e-05,1.26e-06,-3.0640000000000005e-05,RT,unknow,argyrodites,10.1021/jacs.8b10282
trgrp_0124,trpair_001354,Li6.25P0.75Ge0.25S5I,Li6.3P0.7Ge0.3S5I,0.00015,0.00065,0.0005,RT,unknow,argyrodites,10.1021/jacs.8b10282
trgrp_0124,trpair_001355,Li6.25P0.75Ge0.25S5I,Li6.4P0.6Ge0.4S5I,0.00015,0.0015,0.00135,RT,unknow,argyrodites,10.1021/jacs.8b10282
trgrp_0124,trpair_001356,Li6.25P0.75Ge0.25S5I,Li6.5P0.5Ge0.5S5I,0.00015,0.00186,0.0017100000000000001,RT,unknow,argyrodites,10.1021/jacs.8b10282
trgrp_0124,trpair_001357,Li6.25P0.75Ge0.25S5I,Li6.6P0.4Ge0.6S5I,0.00015,0.00521,0.00506,RT,unknow,argyrodites,10.1021/jacs.8b10282
trgrp_0124,trpair_001358,Li6.25P0.75Ge0.25S5I,Li6.7P0.3Ge0.7S5I,0.00015,0.00554,0.00539,RT,unknow,argyrodites,10.1021/jacs.8b10282
trgrp_0124,trpair_001359,Li6.25P0.75Ge0.25S5I,Li6.8P0.2Ge0.8S5I,0.00015,0.00258,0.00243,RT,unknow,argyrodites,10.1021/jacs.8b10282
trgrp_0124,trpair_001360,Li6.25P0.75Ge0.25S5I,Li6PS5I,0.00015,1.26e-06,-0.00014874,RT,unknow,argyrodites,10.1021/jacs.8b10282
trgrp_0124,trpair_001361,Li6.3P0.7Ge0.3S5I,Li6.4P0.6Ge0.4S5I,0.00065,0.0015,0.0008500000000000001,RT,unknow,argyrodites,10.1021/jacs.8b10282
trgrp_0124,trpair_001362,Li6.3P0.7Ge0.3S5I,Li6.5P0.5Ge0.5S5I,0.00065,0.00186,0.0012100000000000001,RT,unknow,argyrodites,10.1021/jacs.8b10282
trgrp_0124,trpair_001363,Li6.3P0.7Ge0.3S5I,Li6.6P0.4Ge0.6S5I,0.00065,0.00521,0.00456,RT,unknow,argyrodites,10.1021/jacs.8b10282
trgrp_0124,trpair_001364,Li6.3P0.7Ge0.3S5I,Li6.7P0.3Ge0.7S5I,0.00065,0.00554,0.00489,RT,unknow,argyrodites,10.1021/jacs.8b10282
trgrp_0124,trpair_001365,Li6.3P0.7Ge0.3S5I,Li6.8P0.2Ge0.8S5I,0.00065,0.00258,0.0019299999999999999,RT,unknow,argyrodites,10.1021/jacs.8b10282
trgrp_0124,trpair_001366,Li6.3P0.7Ge0.3S5I,Li6PS5I,0.00065,1.26e-06,-0.00064874,RT,unknow,argyrodites,10.1021/jacs.8b10282
trgrp_0124,trpair_001367,Li6.4P0.6Ge0.4S5I,Li6.5P0.5Ge0.5S5I,0.0015,0.00186,0.0003600000000000001,RT,unknow,argyrodites,10.1021/jacs.8b10282
trgrp_0124,trpair_001368,Li6.4P0.6Ge0.4S5I,Li6.6P0.4Ge0.6S5I,0.0015,0.00521,0.00371,RT,unknow,argyrodites,10.1021/jacs.8b10282
trgrp_0124,trpair_001369,Li6.4P0.6Ge0.4S5I,Li6.7P0.3Ge0.7S5I,0.0015,0.00554,0.00404,RT,unknow,argyrodites,10.1021/jacs.8b10282
trgrp_0124,trpair_001370,Li6.4P0.6Ge0.4S5I,Li6.8P0.2Ge0.8S5I,0.0015,0.00258,0.0010799999999999998,RT,unknow,argyrodites,10.1021/jacs.8b10282
trgrp_0124,trpair_001371,Li6.4P0.6Ge0.4S5I,Li6PS5I,0.0015,1.26e-06,-0.00149874,RT,unknow,argyrodites,10.1021/jacs.8b10282
trgrp_0124,trpair_001372,Li6.5P0.5Ge0.5S5I,Li6.6P0.4Ge0.6S5I,0.00186,0.00521,0.00335,RT,unknow,argyrodites,10.1021/jacs.8b10282
trgrp_0124,trpair_001373,Li6.5P0.5Ge0.5S5I,Li6.7P0.3Ge0.7S5I,0.00186,0.00554,0.0036799999999999997,RT,unknow,argyrodites,10.1021/jacs.8b10282
trgrp_0124,trpair_001374,Li6.5P0.5Ge0.5S5I,Li6.8P0.2Ge0.8S5I,0.00186,0.00258,0.0007199999999999997,RT,unknow,argyrodites,10.1021/jacs.8b10282
trgrp_0124,trpair_001375,Li6.5P0.5Ge0.5S5I,Li6PS5I,0.00186,1.26e-06,-0.00185874,RT,unknow,argyrodites,10.1021/jacs.8b10282
trgrp_0124,trpair_001376,Li6.6P0.4Ge0.6S5I,Li6.7P0.3Ge0.7S5I,0.00521,0.00554,0.00032999999999999956,RT,unknow,argyrodites,10.1021/jacs.8b10282
trgrp_0124,trpair_001377,Li6.6P0.4Ge0.6S5I,Li6.8P0.2Ge0.8S5I,0.00521,0.00258,-0.0026300000000000004,RT,unknow,argyrodites,10.1021/jacs.8b10282
trgrp_0124,trpair_001378,Li6.6P0.4Ge0.6S5I,Li6PS5I,0.00521,1.26e-06,-0.00520874,RT,unknow,argyrodites,10.1021/jacs.8b10282
trgrp_0124,trpair_001379,Li6.7P0.3Ge0.7S5I,Li6.8P0.2Ge0.8S5I,0.00554,0.00258,-0.00296,RT,unknow,argyrodites,10.1021/jacs.8b10282
trgrp_0124,trpair_001380,Li6.7P0.3Ge0.7S5I,Li6PS5I,0.00554,1.26e-06,-0.0055387399999999995,RT,unknow,argyrodites,10.1021/jacs.8b10282
trgrp_0124,trpair_001381,Li6.8P0.2Ge0.8S5I,Li6PS5I,0.00258,1.26e-06,-0.00257874,RT,unknow,argyrodites,10.1021/jacs.8b10282
trgrp_0125,trpair_001382,Li6.5La3Nb1.25Y0.75O12,Li6La3Nb1.5Y0.5O12,0.00027,0.000188,-8.200000000000001e-05,RT,unknow,garnet,10.1021/jp304737x
trgrp_0125,trpair_001383,Li6La3Nb1.5Y0.5O12,Li5.4La3Nb1.8Y0.75O12,0.000188,2.51e-05,-0.0001629,RT,unknow,garnet,10.1021/jp304737x
trgrp_0125,trpair_001384,Li5.4La3Nb1.8Y0.75O12,Li5.5La3Nb1.75Y0.25O12,2.51e-05,9.18e-05,6.67e-05,RT,unknow,garnet,10.1021/jp304737x
trgrp_0125,trpair_001385,Li5.5La3Nb1.75Y0.25O12,Li5.4La3Nb1.8Y0.2O12,9.18e-05,6.74e-05,-2.4399999999999997e-05,RT,unknow,garnet,10.1021/jp304737x
trgrp_0125,trpair_001386,Li5.4La3Nb1.8Y0.2O12,Li5.2La3Nb1.9Y0.1O12,6.74e-05,6.39e-05,-3.5000000000000038e-06,RT,unknow,garnet,10.1021/jp304737x
trgrp_0126,trpair_001387,Li3.75Ge0.75V0.25O4,Li3.70Ge0.85W0.15O4,5.66e-06,3.8e-05,3.2340000000000005e-05,RT,unknow,lisicon,10.1023/a:1026135806929
trgrp_0127,trpair_001388,Li9.54Si1.74P1.44S11.7Cl0.3,Li9.6P3S12,0.025,0.0012,-0.0238,RT,unknow,lgps,10.1038/nenergy.2016.30
trgrp_0128,trpair_001389,Li3HfCl4O1.5,Li3.2TaCl5O1.6,0.00197,0.0066,0.0046300000000000004,RT,unknow,halides,10.1038/s41467-023-39197-8
trgrp_0128,trpair_001390,Li3HfCl4O1.5,Li3TaCl5O1.5,0.00197,0.0058,0.0038299999999999996,RT,unknow,halides,10.1038/s41467-023-39197-8
trgrp_0128,trpair_001391,Li3HfCl4O1.5,Li2.8TaCl5O1.4,0.00197,0.0055,0.0035299999999999997,RT,unknow,halides,10.1038/s41467-023-39197-8
trgrp_0128,trpair_001392,Li3HfCl4O1.5,Li2.4TaCl5O1.2,0.00197,0.0054,0.0034300000000000003,RT,unknow,halides,10.1038/s41467-023-39197-8
trgrp_0128,trpair_001393,Li3HfCl4O1.5,Li2.2TaCl5O1.1,0.00197,0.0053,0.00333,RT,unknow,halides,10.1038/s41467-023-39197-8
trgrp_0128,trpair_001394,Li3HfCl4O1.5,Li2TaCl5O,0.00197,0.00041,-0.00156,RT,unknow,halides,10.1038/s41467-023-39197-8
trgrp_0128,trpair_001395,Li3.2TaCl5O1.6,Li3TaCl5O1.5,0.0066,0.0058,-0.0008000000000000004,RT,unknow,halides,10.1038/s41467-023-39197-8
trgrp_0128,trpair_001396,Li3.2TaCl5O1.6,Li2.8TaCl5O1.4,0.0066,0.0055,-0.0011000000000000003,RT,unknow,halides,10.1038/s41467-023-39197-8
trgrp_0128,trpair_001397,Li3.2TaCl5O1.6,Li2.4TaCl5O1.2,0.0066,0.0054,-0.0011999999999999997,RT,unknow,halides,10.1038/s41467-023-39197-8
trgrp_0128,trpair_001398,Li3.2TaCl5O1.6,Li2.2TaCl5O1.1,0.0066,0.0053,-0.0013,RT,unknow,halides,10.1038/s41467-023-39197-8
trgrp_0128,trpair_001399,Li3.2TaCl5O1.6,Li2TaCl5O,0.0066,0.00041,-0.00619,RT,unknow,halides,10.1038/s41467-023-39197-8
trgrp_0128,trpair_001400,Li3TaCl5O1.5,Li2.8TaCl5O1.4,0.0058,0.0055,-0.0002999999999999999,RT,unknow,halides,10.1038/s41467-023-39197-8
trgrp_0128,trpair_001401,Li3TaCl5O1.5,Li2.4TaCl5O1.2,0.0058,0.0054,-0.0003999999999999993,RT,unknow,halides,10.1038/s41467-023-39197-8
trgrp_0128,trpair_001402,Li3TaCl5O1.5,Li2.2TaCl5O1.1,0.0058,0.0053,-0.0004999999999999996,RT,unknow,halides,10.1038/s41467-023-39197-8
trgrp_0128,trpair_001403,Li3TaCl5O1.5,Li2TaCl5O,0.0058,0.00041,-0.00539,RT,unknow,halides,10.1038/s41467-023-39197-8
trgrp_0128,trpair_001404,Li2.8TaCl5O1.4,Li2.4TaCl5O1.2,0.0055,0.0054,-9.99999999999994e-05,RT,unknow,halides,10.1038/s41467-023-39197-8
trgrp_0128,trpair_001405,Li2.8TaCl5O1.4,Li2.2TaCl5O1.1,0.0055,0.0053,-0.00019999999999999966,RT,unknow,halides,10.1038/s41467-023-39197-8
trgrp_0128,trpair_001406,Li2.8TaCl5O1.4,Li2TaCl5O,0.0055,0.00041,-0.00509,RT,unknow,halides,10.1038/s41467-023-39197-8
trgrp_0128,trpair_001407,Li2.4TaCl5O1.2,Li2.2TaCl5O1.1,0.0054,0.0053,-0.00010000000000000026,RT,unknow,halides,10.1038/s41467-023-39197-8
trgrp_0128,trpair_001408,Li2.4TaCl5O1.2,Li2TaCl5O,0.0054,0.00041,-0.0049900000000000005,RT,unknow,halides,10.1038/s41467-023-39197-8
trgrp_0128,trpair_001409,Li2.2TaCl5O1.1,Li2TaCl5O,0.0053,0.00041,-0.00489,RT,unknow,halides,10.1038/s41467-023-39197-8
trgrp_0131,trpair_001410,Li2.75Al0.16Ti0.16Fe0.16In0.25Zr0.25Cl6,Li2.75Y0.16Er0.16Yb0.16In0.25Zr0.25Cl6,4.54e-4,1.171e-3,0.000717,30,机械化学球磨,halides,10.1038/s41467-024-45864-1
trgrp_0132,trpair_001411,Li3.6Zr0.8Al0.2Cl3.8O1.8,Li3.2Zr0.8Al0.2Cl3.8O1.6,0.000624,0.00138,0.0007559999999999999,RT,unknow,halides,10.1038/s41467-025-68210-5
trgrp_0132,trpair_001412,Li3.2Zr0.8Al0.2Cl3.8O1.6,Li2.8Zr0.8Al0.2Cl3.8O1.4,0.00138,0.00224,0.0008599999999999999,RT,unknow,halides,10.1038/s41467-025-68210-5
trgrp_0132,trpair_001413,Li2.8Zr0.8Al0.2Cl3.8O1.4,Li2.4Zr0.8Al0.2Cl3.8O1.2,0.00224,0.0021,-0.00013999999999999993,RT,unknow,halides,10.1038/s41467-025-68210-5
trgrp_0132,trpair_001414,Li2.4Zr0.8Al0.2Cl3.8O1.2,Li3.6Zr0.75Al0.25Cl3.75O1.8,0.0021,0.000733,-0.0013669999999999997,RT,unknow,halides,10.1038/s41467-025-68210-5
trgrp_0132,trpair_001415,Li3.6Zr0.75Al0.25Cl3.75O1.8,Li2Zr0.8Al0.2Cl3.8O,0.000733,0.00198,0.0012469999999999998,RT,unknow,halides,10.1038/s41467-025-68210-5
trgrp_0132,trpair_001416,Li2Zr0.8Al0.2Cl3.8O,Li3.2Zr0.75Al0.25Cl3.75O1.6,0.00198,0.00142,-0.00056,RT,unknow,halides,10.1038/s41467-025-68210-5
trgrp_0132,trpair_001417,Li3.2Zr0.75Al0.25Cl3.75O1.6,Li2.8Zr0.75Al0.25Cl3.75O1.4,0.00142,0.00255,0.0011300000000000001,RT,unknow,halides,10.1038/s41467-025-68210-5
trgrp_0132,trpair_001418,Li2.8Zr0.75Al0.25Cl3.75O1.4,Li3.6Zr0.7Al0.3Cl3.7O1.8,0.00255,0.001,-0.0015500000000000002,RT,unknow,halides,10.1038/s41467-025-68210-5
trgrp_0132,trpair_001419,Li3.6Zr0.7Al0.3Cl3.7O1.8,Li2.4Zr0.75Al0.25Cl3.75O1.2,0.001,0.00254,0.0015400000000000001,RT,unknow,halides,10.1038/s41467-025-68210-5
trgrp_0132,trpair_001420,Li2.4Zr0.75Al0.25Cl3.75O1.2,Li3.2Zr0.7Al0.3Cl3.7O1.6,0.00254,0.00137,-0.0011700000000000002,RT,unknow,halides,10.1038/s41467-025-68210-5
trgrp_0132,trpair_001421,Li3.2Zr0.7Al0.3Cl3.7O1.6,Li2Zr0.75Al0.25Cl3.75O,0.00137,0.00201,0.0006400000000000002,RT,unknow,halides,10.1038/s41467-025-68210-5
trgrp_0132,trpair_001422,Li2Zr0.75Al0.25Cl3.75O,Li2.8Zr0.7Al0.3Cl3.7O1.4,0.00201,0.00232,0.00030999999999999995,RT,unknow,halides,10.1038/s41467-025-68210-5
trgrp_0132,trpair_001423,Li2.8Zr0.7Al0.3Cl3.7O1.4,Li2.4Zr0.7Al0.3Cl3.7O1.2,0.00232,0.00224,-8.000000000000021e-05,RT,unknow,halides,10.1038/s41467-025-68210-5
trgrp_0132,trpair_001424,Li2.4Zr0.7Al0.3Cl3.7O1.2,Li2Zr0.7Al0.3Cl3.7O,0.00224,0.00174,-0.0004999999999999998,RT,unknow,halides,10.1038/s41467-025-68210-5
trgrp_0132,trpair_001425,Li2Zr0.7Al0.3Cl3.7O,Li3.6Zr0.6Al0.4Cl3.6O1.8,0.00174,0.000693,-0.001047,RT,unknow,halides,10.1038/s41467-025-68210-5
trgrp_0132,trpair_001426,Li3.6Zr0.6Al0.4Cl3.6O1.8,Li3.2Zr0.6Al0.4Cl3.6O1.6,0.000693,0.00112,0.00042699999999999986,RT,unknow,halides,10.1038/s41467-025-68210-5
trgrp_0132,trpair_001427,Li3.2Zr0.6Al0.4Cl3.6O1.6,Li2.8Zr0.6Al0.4Cl3.6O1.4,0.00112,0.00134,0.00022000000000000014,RT,unknow,halides,10.1038/s41467-025-68210-5
trgrp_0132,trpair_001428,Li2.8Zr0.6Al0.4Cl3.6O1.4,Li2.4Zr0.6Al0.4Cl3.6O1.2,0.00134,0.00134,0.0,RT,unknow,halides,10.1038/s41467-025-68210-5
trgrp_0132,trpair_001429,Li2.4Zr0.6Al0.4Cl3.6O1.2,Li3.6Zr0.5Al0.5Cl3.5O1.8,0.00134,0.00036,-0.00098,RT,unknow,halides,10.1038/s41467-025-68210-5
trgrp_0132,trpair_001430,Li3.6Zr0.5Al0.5Cl3.5O1.8,Li2Zr0.6Al0.4Cl3.6O,0.00036,0.00122,0.0008599999999999999,RT,unknow,halides,10.1038/s41467-025-68210-5
trgrp_0132,trpair_001431,Li2Zr0.6Al0.4Cl3.6O,Li3.2Zr0.5Al0.5Cl3.5O1.6,0.00122,0.000921,-0.0002989999999999999,RT,unknow,halides,10.1038/s41467-025-68210-5
trgrp_0132,trpair_001432,Li3.2Zr0.5Al0.5Cl3.5O1.6,Li2.8Zr0.5Al0.5Cl3.5O1.4,0.000921,0.000969,4.7999999999999974e-05,RT,unknow,halides,10.1038/s41467-025-68210-5
trgrp_0132,trpair_001433,Li2.8Zr0.5Al0.5Cl3.5O1.4,Li2.4Zr0.5Al0.5Cl3.5O1.2,0.000969,0.000907,-6.199999999999999e-05,RT,unknow,halides,10.1038/s41467-025-68210-5
trgrp_0132,trpair_001434,Li2.4Zr0.5Al0.5Cl3.5O1.2,Li2Zr0.5Al0.5Cl3.5O,0.000907,0.000846,-6.100000000000007e-05,RT,unknow,halides,10.1038/s41467-025-68210-5
trgrp_0133,trpair_001435,Li51.2Al1.6La24Zr16O96,Li49.6Al1.6La24Zr14.4Ta1.6O96,0.000254,0.000614,0.00035999999999999997,RT,unknow,garnet,10.1038/srep18053
trgrp_0134,trpair_001436,LiAlTa(PO4)3,Li1.2Al1.1Ta0.9(PO4)3,6.5e-07,6.5e-07,0.0,RT,unknow,nasicon,10.1039/a807007e
trgrp_0135,trpair_001437,Li3Cr(MoO4)3,Li3Fe(MoO4)3,3.19e-09,5.89e-10,-2.601e-09,RT,unknow,molybdates,10.1039/b301189e
trgrp_0136,trpair_001438,Li7La3Zr2O12,Li6.8La3Zr1.8Ta0.2O12,0.00012,0.00028,0.00015999999999999999,RT,unknow,garnet,10.1039/c2jm31413d
trgrp_0136,trpair_001439,Li7La3Zr2O12,Li6.6La3Zr1.6Ta0.4O12,0.00012,0.00073,0.00061,RT,unknow,garnet,10.1039/c2jm31413d
trgrp_0136,trpair_001440,Li7La3Zr2O12,Li6.5La3Zr1.5Ta0.5O12,0.00012,0.00092,0.0008,RT,unknow,garnet,10.1039/c2jm31413d
trgrp_0136,trpair_001441,Li7La3Zr2O12,Li6.4La3Zr1.4Ta0.6O12,0.00012,0.001,0.00088,RT,unknow,garnet,10.1039/c2jm31413d
trgrp_0136,trpair_001442,Li7La3Zr2O12,Li6.2La3Zr1.2Ta0.8O12,0.00012,0.00032,0.00020000000000000004,RT,unknow,garnet,10.1039/c2jm31413d
trgrp_0136,trpair_001443,Li7La3Zr2O12,Li6La3ZrTaO12,0.00012,0.00016,4.000000000000001e-05,RT,unknow,garnet,10.1039/c2jm31413d
trgrp_0136,trpair_001444,Li6.8La3Zr1.8Ta0.2O12,Li6.6La3Zr1.6Ta0.4O12,0.00028,0.00073,0.00045,RT,unknow,garnet,10.1039/c2jm31413d
trgrp_0136,trpair_001445,Li6.8La3Zr1.8Ta0.2O12,Li6.5La3Zr1.5Ta0.5O12,0.00028,0.00092,0.00064,RT,unknow,garnet,10.1039/c2jm31413d
trgrp_0136,trpair_001446,Li6.8La3Zr1.8Ta0.2O12,Li6.4La3Zr1.4Ta0.6O12,0.00028,0.001,0.00072,RT,unknow,garnet,10.1039/c2jm31413d
trgrp_0136,trpair_001447,Li6.8La3Zr1.8Ta0.2O12,Li6.2La3Zr1.2Ta0.8O12,0.00028,0.00032,4.000000000000005e-05,RT,unknow,garnet,10.1039/c2jm31413d
trgrp_0136,trpair_001448,Li6.8La3Zr1.8Ta0.2O12,Li6La3ZrTaO12,0.00028,0.00016,-0.00011999999999999996,RT,unknow,garnet,10.1039/c2jm31413d
trgrp_0136,trpair_001449,Li6.6La3Zr1.6Ta0.4O12,Li6.5La3Zr1.5Ta0.5O12,0.00073,0.00092,0.00019000000000000006,RT,unknow,garnet,10.1039/c2jm31413d
trgrp_0136,trpair_001450,Li6.6La3Zr1.6Ta0.4O12,Li6.4La3Zr1.4Ta0.6O12,0.00073,0.001,0.00027000000000000006,RT,unknow,garnet,10.1039/c2jm31413d
trgrp_0136,trpair_001451,Li6.6La3Zr1.6Ta0.4O12,Li6.2La3Zr1.2Ta0.8O12,0.00073,0.00032,-0.00040999999999999994,RT,unknow,garnet,10.1039/c2jm31413d
trgrp_0136,trpair_001452,Li6.6La3Zr1.6Ta0.4O12,Li6La3ZrTaO12,0.00073,0.00016,-0.00057,RT,unknow,garnet,10.1039/c2jm31413d
trgrp_0136,trpair_001453,Li6.5La3Zr1.5Ta0.5O12,Li6.4La3Zr1.4Ta0.6O12,0.00092,0.001,7.999999999999999e-05,RT,unknow,garnet,10.1039/c2jm31413d
trgrp_0136,trpair_001454,Li6.5La3Zr1.5Ta0.5O12,Li6.2La3Zr1.2Ta0.8O12,0.00092,0.00032,-0.0006000000000000001,RT,unknow,garnet,10.1039/c2jm31413d
trgrp_0136,trpair_001455,Li6.5La3Zr1.5Ta0.5O12,Li6La3ZrTaO12,0.00092,0.00016,-0.00076,RT,unknow,garnet,10.1039/c2jm31413d
trgrp_0136,trpair_001456,Li6.4La3Zr1.4Ta0.6O12,Li6.2La3Zr1.2Ta0.8O12,0.001,0.00032,-0.00068,RT,unknow,garnet,10.1039/c2jm31413d
trgrp_0136,trpair_001457,Li6.4La3Zr1.4Ta0.6O12,Li6La3ZrTaO12,0.001,0.00016,-0.00084,RT,unknow,garnet,10.1039/c2jm31413d
trgrp_0136,trpair_001458,Li6.2La3Zr1.2Ta0.8O12,Li6La3ZrTaO12,0.00032,0.00016,-0.00016,RT,unknow,garnet,10.1039/c2jm31413d
trgrp_0137,trpair_001459,Li6.8La3Zr1.8Sb0.2O12,Li6.6La3Zr1.6Sb0.4O12,5.9e-05,0.00077,0.0007109999999999999,RT,unknow,garnet,10.1039/c3cp50991e
trgrp_0137,trpair_001460,Li6.6La3Zr1.6Sb0.4O12,Li6.4La3Zr1.4Sb0.6O12,0.00077,0.00066,-0.00010999999999999996,RT,unknow,garnet,10.1039/c3cp50991e
trgrp_0137,trpair_001461,Li6.4La3Zr1.4Sb0.6O12,Li6.2La3Zr1.2Sb0.8O12,0.00066,0.00045,-0.00021,RT,unknow,garnet,10.1039/c3cp50991e
trgrp_0137,trpair_001462,Li6.2La3Zr1.2Sb0.8O12,Li6La3ZrSbO12,0.00045,0.00026,-0.00019,RT,unknow,garnet,10.1039/c3cp50991e
trgrp_0138,trpair_001463,Li3.25Sn0.25P0.75S4,Li3.26Sn0.26P0.74S4,0.0036,0.00453,0.0009300000000000003,RT,unknow,lgps,10.1039/c4fd00143e
trgrp_0138,trpair_001464,Li3.25Sn0.25P0.75S4,Li3.27Sn0.27P0.73S4,0.0036,0.00496,0.00136,RT,unknow,lgps,10.1039/c4fd00143e
trgrp_0138,trpair_001465,Li3.25Sn0.25P0.75S4,Li3.285Sn0.28P0.72S4,0.0036,0.00436,0.0007600000000000003,RT,unknow,lgps,10.1039/c4fd00143e
trgrp_0138,trpair_001466,Li3.25Sn0.25P0.75S4,Li3.3Sn0.3P0.7S4,0.0036,0.00365,5.000000000000013e-05,RT,unknow,lgps,10.1039/c4fd00143e
trgrp_0138,trpair_001467,Li3.25Sn0.25P0.75S4,Li3.335Sn0.33P0.67S4,0.0036,0.00373,0.0001299999999999999,RT,unknow,lgps,10.1039/c4fd00143e
trgrp_0138,trpair_001468,Li3.25Sn0.25P0.75S4,Li3.4Si0.4P0.6S4,0.0036,0.00421,0.0006100000000000003,RT,unknow,lgps,10.1039/c4fd00143e
trgrp_0138,trpair_001469,Li3.25Sn0.25P0.75S4,Li3.425Si0.425P0.575S4,0.0036,0.00565,0.0020499999999999997,RT,unknow,lgps,10.1039/c4fd00143e
trgrp_0138,trpair_001470,Li3.25Sn0.25P0.75S4,Li3.45Si0.45P0.55S4,0.0036,0.00673,0.00313,RT,unknow,lgps,10.1039/c4fd00143e
trgrp_0138,trpair_001471,Li3.25Sn0.25P0.75S4,Li3.475Si0.475P0.525S4,0.0036,0.00527,0.0016700000000000005,RT,unknow,lgps,10.1039/c4fd00143e
trgrp_0138,trpair_001472,Li3.26Sn0.26P0.74S4,Li3.27Sn0.27P0.73S4,0.00453,0.00496,0.0004299999999999998,RT,unknow,lgps,10.1039/c4fd00143e
trgrp_0138,trpair_001473,Li3.26Sn0.26P0.74S4,Li3.285Sn0.28P0.72S4,0.00453,0.00436,-0.00017,RT,unknow,lgps,10.1039/c4fd00143e
trgrp_0138,trpair_001474,Li3.26Sn0.26P0.74S4,Li3.3Sn0.3P0.7S4,0.00453,0.00365,-0.0008800000000000001,RT,unknow,lgps,10.1039/c4fd00143e
trgrp_0138,trpair_001475,Li3.26Sn0.26P0.74S4,Li3.335Sn0.33P0.67S4,0.00453,0.00373,-0.0008000000000000004,RT,unknow,lgps,10.1039/c4fd00143e
trgrp_0138,trpair_001476,Li3.26Sn0.26P0.74S4,Li3.4Si0.4P0.6S4,0.00453,0.00421,-0.00031999999999999997,RT,unknow,lgps,10.1039/c4fd00143e
trgrp_0138,trpair_001477,Li3.26Sn0.26P0.74S4,Li3.425Si0.425P0.575S4,0.00453,0.00565,0.0011199999999999995,RT,unknow,lgps,10.1039/c4fd00143e
trgrp_0138,trpair_001478,Li3.26Sn0.26P0.74S4,Li3.45Si0.45P0.55S4,0.00453,0.00673,0.0021999999999999997,RT,unknow,lgps,10.1039/c4fd00143e
trgrp_0138,trpair_001479,Li3.26Sn0.26P0.74S4,Li3.475Si0.475P0.525S4,0.00453,0.00527,0.0007400000000000002,RT,unknow,lgps,10.1039/c4fd00143e
trgrp_0138,trpair_001480,Li3.27Sn0.27P0.73S4,Li3.285Sn0.28P0.72S4,0.00496,0.00436,-0.0005999999999999998,RT,unknow,lgps,10.1039/c4fd00143e
trgrp_0138,trpair_001481,Li3.27Sn0.27P0.73S4,Li3.3Sn0.3P0.7S4,0.00496,0.00365,-0.00131,RT,unknow,lgps,10.1039/c4fd00143e
trgrp_0138,trpair_001482,Li3.27Sn0.27P0.73S4,Li3.335Sn0.33P0.67S4,0.00496,0.00373,-0.0012300000000000002,RT,unknow,lgps,10.1039/c4fd00143e
trgrp_0138,trpair_001483,Li3.27Sn0.27P0.73S4,Li3.4Si0.4P0.6S4,0.00496,0.00421,-0.0007499999999999998,RT,unknow,lgps,10.1039/c4fd00143e
trgrp_0138,trpair_001484,Li3.27Sn0.27P0.73S4,Li3.425Si0.425P0.575S4,0.00496,0.00565,0.0006899999999999996,RT,unknow,lgps,10.1039/c4fd00143e
trgrp_0138,trpair_001485,Li3.27Sn0.27P0.73S4,Li3.45Si0.45P0.55S4,0.00496,0.00673,0.0017699999999999999,RT,unknow,lgps,10.1039/c4fd00143e
trgrp_0138,trpair_001486,Li3.27Sn0.27P0.73S4,Li3.475Si0.475P0.525S4,0.00496,0.00527,0.0003100000000000004,RT,unknow,lgps,10.1039/c4fd00143e
trgrp_0138,trpair_001487,Li3.285Sn0.28P0.72S4,Li3.3Sn0.3P0.7S4,0.00436,0.00365,-0.0007100000000000001,RT,unknow,lgps,10.1039/c4fd00143e
trgrp_0138,trpair_001488,Li3.285Sn0.28P0.72S4,Li3.335Sn0.33P0.67S4,0.00436,0.00373,-0.0006300000000000004,RT,unknow,lgps,10.1039/c4fd00143e
trgrp_0138,trpair_001489,Li3.285Sn0.28P0.72S4,Li3.4Si0.4P0.6S4,0.00436,0.00421,-0.00014999999999999996,RT,unknow,lgps,10.1039/c4fd00143e
trgrp_0138,trpair_001490,Li3.285Sn0.28P0.72S4,Li3.425Si0.425P0.575S4,0.00436,0.00565,0.0012899999999999995,RT,unknow,lgps,10.1039/c4fd00143e
trgrp_0138,trpair_001491,Li3.285Sn0.28P0.72S4,Li3.45Si0.45P0.55S4,0.00436,0.00673,0.0023699999999999997,RT,unknow,lgps,10.1039/c4fd00143e
trgrp_0138,trpair_001492,Li3.285Sn0.28P0.72S4,Li3.475Si0.475P0.525S4,0.00436,0.00527,0.0009100000000000002,RT,unknow,lgps,10.1039/c4fd00143e
trgrp_0138,trpair_001493,Li3.3Sn0.3P0.7S4,Li3.335Sn0.33P0.67S4,0.00365,0.00373,7.999999999999978e-05,RT,unknow,lgps,10.1039/c4fd00143e
trgrp_0138,trpair_001494,Li3.3Sn0.3P0.7S4,Li3.4Si0.4P0.6S4,0.00365,0.00421,0.0005600000000000002,RT,unknow,lgps,10.1039/c4fd00143e
trgrp_0138,trpair_001495,Li3.3Sn0.3P0.7S4,Li3.425Si0.425P0.575S4,0.00365,0.00565,0.0019999999999999996,RT,unknow,lgps,10.1039/c4fd00143e
trgrp_0138,trpair_001496,Li3.3Sn0.3P0.7S4,Li3.45Si0.45P0.55S4,0.00365,0.00673,0.00308,RT,unknow,lgps,10.1039/c4fd00143e
trgrp_0138,trpair_001497,Li3.3Sn0.3P0.7S4,Li3.475Si0.475P0.525S4,0.00365,0.00527,0.0016200000000000003,RT,unknow,lgps,10.1039/c4fd00143e
trgrp_0138,trpair_001498,Li3.335Sn0.33P0.67S4,Li3.4Si0.4P0.6S4,0.00373,0.00421,0.0004800000000000004,RT,unknow,lgps,10.1039/c4fd00143e
trgrp_0138,trpair_001499,Li3.335Sn0.33P0.67S4,Li3.425Si0.425P0.575S4,0.00373,0.00565,0.0019199999999999998,RT,unknow,lgps,10.1039/c4fd00143e
trgrp_0138,trpair_001500,Li3.335Sn0.33P0.67S4,Li3.45Si0.45P0.55S4,0.00373,0.00673,0.003,RT,unknow,lgps,10.1039/c4fd00143e
trgrp_0138,trpair_001501,Li3.335Sn0.33P0.67S4,Li3.475Si0.475P0.525S4,0.00373,0.00527,0.0015400000000000006,RT,unknow,lgps,10.1039/c4fd00143e
trgrp_0138,trpair_001502,Li3.4Si0.4P0.6S4,Li3.425Si0.425P0.575S4,0.00421,0.00565,0.0014399999999999994,RT,unknow,lgps,10.1039/c4fd00143e
trgrp_0138,trpair_001503,Li3.4Si0.4P0.6S4,Li3.45Si0.45P0.55S4,0.00421,0.00673,0.0025199999999999997,RT,unknow,lgps,10.1039/c4fd00143e
trgrp_0138,trpair_001504,Li3.4Si0.4P0.6S4,Li3.475Si0.475P0.525S4,0.00421,0.00527,0.0010600000000000002,RT,unknow,lgps,10.1039/c4fd00143e
trgrp_0138,trpair_001505,Li3.425Si0.425P0.575S4,Li3.45Si0.45P0.55S4,0.00565,0.00673,0.0010800000000000002,RT,unknow,lgps,10.1039/c4fd00143e
trgrp_0138,trpair_001506,Li3.425Si0.425P0.575S4,Li3.475Si0.475P0.525S4,0.00565,0.00527,-0.00037999999999999926,RT,unknow,lgps,10.1039/c4fd00143e
trgrp_0138,trpair_001507,Li3.45Si0.45P0.55S4,Li3.475Si0.475P0.525S4,0.00673,0.00527,-0.0014599999999999995,RT,unknow,lgps,10.1039/c4fd00143e
trgrp_0140,trpair_001508,Li10.05Ge1.05P1.95S12,Li10.2Ge1.2P1.8S12,0.0122,0.0132,0.0009999999999999992,RT,unknow,lgps,10.1039/c4ta05231e
trgrp_0140,trpair_001509,Li10.2Ge1.2P1.8S12,Li10.35Ge1.35P1.65S12,0.0132,0.0144,0.0011999999999999997,RT,unknow,lgps,10.1039/c4ta05231e
trgrp_0140,trpair_001510,Li10.35Ge1.35P1.65S12,Li10.5Ge1.5P1.5S12,0.0144,0.011,-0.0034000000000000002,RT,unknow,lgps,10.1039/c4ta05231e
trgrp_0141,trpair_001511,Li6.5P0.5Si0.5S5Br,Li6.35P0.65Si0.35S5Br,0.00219,0.00234,0.00014999999999999996,RT,unknow,argyrodites,10.1039/c7ta08581h
trgrp_0141,trpair_001512,Li6.5P0.5Si0.5S5Br,Li6.3P0.7Si0.3S5Br,0.00219,0.00165,-0.0005400000000000001,RT,unknow,argyrodites,10.1039/c7ta08581h
trgrp_0141,trpair_001513,Li6.5P0.5Si0.5S5Br,Li6.25P0.75Si0.25S5Br,0.00219,0.00141,-0.0007800000000000001,RT,unknow,argyrodites,10.1039/c7ta08581h
trgrp_0141,trpair_001514,Li6.5P0.5Si0.5S5Br,Li6.225P0.775Si0.225S5Br,0.00219,0.00108,-0.00111,RT,unknow,argyrodites,10.1039/c7ta08581h
trgrp_0141,trpair_001515,Li6.5P0.5Si0.5S5Br,Li6.2P0.8Si0.2S5Br,0.00219,0.00169,-0.0005,RT,unknow,argyrodites,10.1039/c7ta08581h
trgrp_0141,trpair_001516,Li6.5P0.5Si0.5S5Br,Li6.175P0.825Si0.175S5Br,0.00219,0.000931,-0.0012590000000000001,RT,unknow,argyrodites,10.1039/c7ta08581h
trgrp_0141,trpair_001517,Li6.5P0.5Si0.5S5Br,Li6.1P0.95Si0.1S5Br,0.00219,0.000799,-0.001391,RT,unknow,argyrodites,10.1039/c7ta08581h
trgrp_0141,trpair_001518,Li6.5P0.5Si0.5S5Br,Li6.125P0.875Si0.125S5Br,0.00219,0.000902,-0.001288,RT,unknow,argyrodites,10.1039/c7ta08581h
trgrp_0141,trpair_001519,Li6.5P0.5Si0.5S5Br,Li6.075P0.925Si0.075S5Br,0.00219,0.000873,-0.001317,RT,unknow,argyrodites,10.1039/c7ta08581h
trgrp_0141,trpair_001520,Li6.5P0.5Si0.5S5Br,Li6.05P0.95Si0.05S5Br,0.00219,0.000437,-0.0017530000000000002,RT,unknow,argyrodites,10.1039/c7ta08581h
trgrp_0141,trpair_001521,Li6.5P0.5Si0.5S5Br,Li6.025P0.975Si0.025S5Br,0.00219,0.000878,-0.0013120000000000002,RT,unknow,argyrodites,10.1039/c7ta08581h
trgrp_0141,trpair_001522,Li6.5P0.5Si0.5S5Br,Li6PS5Br,0.00219,0.000701,-0.001489,RT,unknow,argyrodites,10.1039/c7ta08581h
trgrp_0141,trpair_001523,Li6.35P0.65Si0.35S5Br,Li6.3P0.7Si0.3S5Br,0.00234,0.00165,-0.0006900000000000001,RT,unknow,argyrodites,10.1039/c7ta08581h
trgrp_0141,trpair_001524,Li6.35P0.65Si0.35S5Br,Li6.25P0.75Si0.25S5Br,0.00234,0.00141,-0.00093,RT,unknow,argyrodites,10.1039/c7ta08581h
trgrp_0141,trpair_001525,Li6.35P0.65Si0.35S5Br,Li6.225P0.775Si0.225S5Br,0.00234,0.00108,-0.00126,RT,unknow,argyrodites,10.1039/c7ta08581h
trgrp_0141,trpair_001526,Li6.35P0.65Si0.35S5Br,Li6.2P0.8Si0.2S5Br,0.00234,0.00169,-0.00065,RT,unknow,argyrodites,10.1039/c7ta08581h
trgrp_0141,trpair_001527,Li6.35P0.65Si0.35S5Br,Li6.175P0.825Si0.175S5Br,0.00234,0.000931,-0.001409,RT,unknow,argyrodites,10.1039/c7ta08581h
trgrp_0141,trpair_001528,Li6.35P0.65Si0.35S5Br,Li6.1P0.95Si0.1S5Br,0.00234,0.000799,-0.001541,RT,unknow,argyrodites,10.1039/c7ta08581h
trgrp_0141,trpair_001529,Li6.35P0.65Si0.35S5Br,Li6.125P0.875Si0.125S5Br,0.00234,0.000902,-0.001438,RT,unknow,argyrodites,10.1039/c7ta08581h
trgrp_0141,trpair_001530,Li6.35P0.65Si0.35S5Br,Li6.075P0.925Si0.075S5Br,0.00234,0.000873,-0.001467,RT,unknow,argyrodites,10.1039/c7ta08581h
trgrp_0141,trpair_001531,Li6.35P0.65Si0.35S5Br,Li6.05P0.95Si0.05S5Br,0.00234,0.000437,-0.0019030000000000002,RT,unknow,argyrodites,10.1039/c7ta08581h
trgrp_0141,trpair_001532,Li6.35P0.65Si0.35S5Br,Li6.025P0.975Si0.025S5Br,0.00234,0.000878,-0.0014620000000000002,RT,unknow,argyrodites,10.1039/c7ta08581h
trgrp_0141,trpair_001533,Li6.35P0.65Si0.35S5Br,Li6PS5Br,0.00234,0.000701,-0.001639,RT,unknow,argyrodites,10.1039/c7ta08581h
trgrp_0141,trpair_001534,Li6.3P0.7Si0.3S5Br,Li6.25P0.75Si0.25S5Br,0.00165,0.00141,-0.00023999999999999998,RT,unknow,argyrodites,10.1039/c7ta08581h
trgrp_0141,trpair_001535,Li6.3P0.7Si0.3S5Br,Li6.225P0.775Si0.225S5Br,0.00165,0.00108,-0.00057,RT,unknow,argyrodites,10.1039/c7ta08581h
trgrp_0141,trpair_001536,Li6.3P0.7Si0.3S5Br,Li6.2P0.8Si0.2S5Br,0.00165,0.00169,4.0000000000000105e-05,RT,unknow,argyrodites,10.1039/c7ta08581h
trgrp_0141,trpair_001537,Li6.3P0.7Si0.3S5Br,Li6.175P0.825Si0.175S5Br,0.00165,0.000931,-0.000719,RT,unknow,argyrodites,10.1039/c7ta08581h
trgrp_0141,trpair_001538,Li6.3P0.7Si0.3S5Br,Li6.1P0.95Si0.1S5Br,0.00165,0.000799,-0.000851,RT,unknow,argyrodites,10.1039/c7ta08581h
trgrp_0141,trpair_001539,Li6.3P0.7Si0.3S5Br,Li6.125P0.875Si0.125S5Br,0.00165,0.000902,-0.000748,RT,unknow,argyrodites,10.1039/c7ta08581h
trgrp_0141,trpair_001540,Li6.3P0.7Si0.3S5Br,Li6.075P0.925Si0.075S5Br,0.00165,0.000873,-0.000777,RT,unknow,argyrodites,10.1039/c7ta08581h
trgrp_0141,trpair_001541,Li6.3P0.7Si0.3S5Br,Li6.05P0.95Si0.05S5Br,0.00165,0.000437,-0.001213,RT,unknow,argyrodites,10.1039/c7ta08581h
trgrp_0141,trpair_001542,Li6.3P0.7Si0.3S5Br,Li6.025P0.975Si0.025S5Br,0.00165,0.000878,-0.000772,RT,unknow,argyrodites,10.1039/c7ta08581h
trgrp_0141,trpair_001543,Li6.3P0.7Si0.3S5Br,Li6PS5Br,0.00165,0.000701,-0.000949,RT,unknow,argyrodites,10.1039/c7ta08581h
trgrp_0141,trpair_001544,Li6.25P0.75Si0.25S5Br,Li6.225P0.775Si0.225S5Br,0.00141,0.00108,-0.00033,RT,unknow,argyrodites,10.1039/c7ta08581h
trgrp_0141,trpair_001545,Li6.25P0.75Si0.25S5Br,Li6.2P0.8Si0.2S5Br,0.00141,0.00169,0.0002800000000000001,RT,unknow,argyrodites,10.1039/c7ta08581h
trgrp_0141,trpair_001546,Li6.25P0.75Si0.25S5Br,Li6.175P0.825Si0.175S5Br,0.00141,0.000931,-0.00047900000000000004,RT,unknow,argyrodites,10.1039/c7ta08581h
trgrp_0141,trpair_001547,Li6.25P0.75Si0.25S5Br,Li6.1P0.95Si0.1S5Br,0.00141,0.000799,-0.000611,RT,unknow,argyrodites,10.1039/c7ta08581h
trgrp_0141,trpair_001548,Li6.25P0.75Si0.25S5Br,Li6.125P0.875Si0.125S5Br,0.00141,0.000902,-0.000508,RT,unknow,argyrodites,10.1039/c7ta08581h
trgrp_0141,trpair_001549,Li6.25P0.75Si0.25S5Br,Li6.075P0.925Si0.075S5Br,0.00141,0.000873,-0.000537,RT,unknow,argyrodites,10.1039/c7ta08581h
trgrp_0141,trpair_001550,Li6.25P0.75Si0.25S5Br,Li6.05P0.95Si0.05S5Br,0.00141,0.000437,-0.000973,RT,unknow,argyrodites,10.1039/c7ta08581h
trgrp_0141,trpair_001551,Li6.25P0.75Si0.25S5Br,Li6.025P0.975Si0.025S5Br,0.00141,0.000878,-0.000532,RT,unknow,argyrodites,10.1039/c7ta08581h
trgrp_0141,trpair_001552,Li6.25P0.75Si0.25S5Br,Li6PS5Br,0.00141,0.000701,-0.000709,RT,unknow,argyrodites,10.1039/c7ta08581h
trgrp_0141,trpair_001553,Li6.225P0.775Si0.225S5Br,Li6.2P0.8Si0.2S5Br,0.00108,0.00169,0.0006100000000000001,RT,unknow,argyrodites,10.1039/c7ta08581h
trgrp_0141,trpair_001554,Li6.225P0.775Si0.225S5Br,Li6.175P0.825Si0.175S5Br,0.00108,0.000931,-0.00014900000000000004,RT,unknow,argyrodites,10.1039/c7ta08581h
trgrp_0141,trpair_001555,Li6.225P0.775Si0.225S5Br,Li6.1P0.95Si0.1S5Br,0.00108,0.000799,-0.000281,RT,unknow,argyrodites,10.1039/c7ta08581h
trgrp_0141,trpair_001556,Li6.225P0.775Si0.225S5Br,Li6.125P0.875Si0.125S5Br,0.00108,0.000902,-0.000178,RT,unknow,argyrodites,10.1039/c7ta08581h
trgrp_0141,trpair_001557,Li6.225P0.775Si0.225S5Br,Li6.075P0.925Si0.075S5Br,0.00108,0.000873,-0.00020700000000000004,RT,unknow,argyrodites,10.1039/c7ta08581h
trgrp_0141,trpair_001558,Li6.225P0.775Si0.225S5Br,Li6.05P0.95Si0.05S5Br,0.00108,0.000437,-0.000643,RT,unknow,argyrodites,10.1039/c7ta08581h
trgrp_0141,trpair_001559,Li6.225P0.775Si0.225S5Br,Li6.025P0.975Si0.025S5Br,0.00108,0.000878,-0.00020200000000000003,RT,unknow,argyrodites,10.1039/c7ta08581h
trgrp_0141,trpair_001560,Li6.225P0.775Si0.225S5Br,Li6PS5Br,0.00108,0.000701,-0.000379,RT,unknow,argyrodites,10.1039/c7ta08581h
trgrp_0141,trpair_001561,Li6.2P0.8Si0.2S5Br,Li6.175P0.825Si0.175S5Br,0.00169,0.000931,-0.0007590000000000001,RT,unknow,argyrodites,10.1039/c7ta08581h
trgrp_0141,trpair_001562,Li6.2P0.8Si0.2S5Br,Li6.1P0.95Si0.1S5Br,0.00169,0.000799,-0.0008910000000000001,RT,unknow,argyrodites,10.1039/c7ta08581h
trgrp_0141,trpair_001563,Li6.2P0.8Si0.2S5Br,Li6.125P0.875Si0.125S5Br,0.00169,0.000902,-0.0007880000000000001,RT,unknow,argyrodites,10.1039/c7ta08581h
trgrp_0141,trpair_001564,Li6.2P0.8Si0.2S5Br,Li6.075P0.925Si0.075S5Br,0.00169,0.000873,-0.0008170000000000001,RT,unknow,argyrodites,10.1039/c7ta08581h
trgrp_0141,trpair_001565,Li6.2P0.8Si0.2S5Br,Li6.05P0.95Si0.05S5Br,0.00169,0.000437,-0.0012530000000000002,RT,unknow,argyrodites,10.1039/c7ta08581h
trgrp_0141,trpair_001566,Li6.2P0.8Si0.2S5Br,Li6.025P0.975Si0.025S5Br,0.00169,0.000878,-0.0008120000000000001,RT,unknow,argyrodites,10.1039/c7ta08581h
trgrp_0141,trpair_001567,Li6.2P0.8Si0.2S5Br,Li6PS5Br,0.00169,0.000701,-0.000989,RT,unknow,argyrodites,10.1039/c7ta08581h
trgrp_0141,trpair_001568,Li6.175P0.825Si0.175S5Br,Li6.1P0.95Si0.1S5Br,0.000931,0.000799,-0.00013199999999999996,RT,unknow,argyrodites,10.1039/c7ta08581h
trgrp_0141,trpair_001569,Li6.175P0.825Si0.175S5Br,Li6.125P0.875Si0.125S5Br,0.000931,0.000902,-2.8999999999999946e-05,RT,unknow,argyrodites,10.1039/c7ta08581h
trgrp_0141,trpair_001570,Li6.175P0.825Si0.175S5Br,Li6.075P0.925Si0.075S5Br,0.000931,0.000873,-5.8e-05,RT,unknow,argyrodites,10.1039/c7ta08581h
trgrp_0141,trpair_001571,Li6.175P0.825Si0.175S5Br,Li6.05P0.95Si0.05S5Br,0.000931,0.000437,-0.000494,RT,unknow,argyrodites,10.1039/c7ta08581h
trgrp_0141,trpair_001572,Li6.175P0.825Si0.175S5Br,Li6.025P0.975Si0.025S5Br,0.000931,0.000878,-5.299999999999999e-05,RT,unknow,argyrodites,10.1039/c7ta08581h
trgrp_0141,trpair_001573,Li6.175P0.825Si0.175S5Br,Li6PS5Br,0.000931,0.000701,-0.00022999999999999995,RT,unknow,argyrodites,10.1039/c7ta08581h
trgrp_0141,trpair_001574,Li6.1P0.95Si0.1S5Br,Li6.125P0.875Si0.125S5Br,0.000799,0.000902,0.00010300000000000001,RT,unknow,argyrodites,10.1039/c7ta08581h
trgrp_0141,trpair_001575,Li6.1P0.95Si0.1S5Br,Li6.075P0.925Si0.075S5Br,0.000799,0.000873,7.399999999999996e-05,RT,unknow,argyrodites,10.1039/c7ta08581h
trgrp_0141,trpair_001576,Li6.1P0.95Si0.1S5Br,Li6.05P0.95Si0.05S5Br,0.000799,0.000437,-0.000362,RT,unknow,argyrodites,10.1039/c7ta08581h
trgrp_0141,trpair_001577,Li6.1P0.95Si0.1S5Br,Li6.025P0.975Si0.025S5Br,0.000799,0.000878,7.899999999999997e-05,RT,unknow,argyrodites,10.1039/c7ta08581h
trgrp_0141,trpair_001578,Li6.1P0.95Si0.1S5Br,Li6PS5Br,0.000799,0.000701,-9.8e-05,RT,unknow,argyrodites,10.1039/c7ta08581h
trgrp_0141,trpair_001579,Li6.125P0.875Si0.125S5Br,Li6.075P0.925Si0.075S5Br,0.000902,0.000873,-2.9000000000000054e-05,RT,unknow,argyrodites,10.1039/c7ta08581h
trgrp_0141,trpair_001580,Li6.125P0.875Si0.125S5Br,Li6.05P0.95Si0.05S5Br,0.000902,0.000437,-0.000465,RT,unknow,argyrodites,10.1039/c7ta08581h
trgrp_0141,trpair_001581,Li6.125P0.875Si0.125S5Br,Li6.025P0.975Si0.025S5Br,0.000902,0.000878,-2.400000000000004e-05,RT,unknow,argyrodites,10.1039/c7ta08581h
trgrp_0141,trpair_001582,Li6.125P0.875Si0.125S5Br,Li6PS5Br,0.000902,0.000701,-0.000201,RT,unknow,argyrodites,10.1039/c7ta08581h
trgrp_0141,trpair_001583,Li6.075P0.925Si0.075S5Br,Li6.05P0.95Si0.05S5Br,0.000873,0.000437,-0.00043599999999999997,RT,unknow,argyrodites,10.1039/c7ta08581h
trgrp_0141,trpair_001584,Li6.075P0.925Si0.075S5Br,Li6.025P0.975Si0.025S5Br,0.000873,0.000878,5.000000000000013e-06,RT,unknow,argyrodites,10.1039/c7ta08581h
trgrp_0141,trpair_001585,Li6.075P0.925Si0.075S5Br,Li6PS5Br,0.000873,0.000701,-0.00017199999999999995,RT,unknow,argyrodites,10.1039/c7ta08581h
trgrp_0141,trpair_001586,Li6.05P0.95Si0.05S5Br,Li6.025P0.975Si0.025S5Br,0.000437,0.000878,0.000441,RT,unknow,argyrodites,10.1039/c7ta08581h
trgrp_0141,trpair_001587,Li6.05P0.95Si0.05S5Br,Li6PS5Br,0.000437,0.000701,0.000264,RT,unknow,argyrodites,10.1039/c7ta08581h
trgrp_0141,trpair_001588,Li6.025P0.975Si0.025S5Br,Li6PS5Br,0.000878,0.000701,-0.00017699999999999997,RT,unknow,argyrodites,10.1039/c7ta08581h
trgrp_0144,trpair_001589,Li2.08Sc0.64Cl4,Li1.9Sc0.7Cl4,0.00122,0.00109,-0.0001299999999999999,RT,unknow,halides,10.1039/d0ee01017k
trgrp_0146,trpair_001590,Li10GeP2S12,Li9.42Si1.02P2.1S9.96O2.04,1.2e-2,3.2e-4,-0.01168,RT,固相合成,sulfides,10.1039/d1ta06338c
trgrp_0146,trpair_001591,Li10GeP2S12,Li10SnP2S12,1.2e-2,7e-3,-0.005,RT,固相合成,sulfides,10.1039/d1ta06338c
trgrp_0146,trpair_001592,Li9.42Si1.02P2.1S9.96O2.04,Li10SnP2S12,3.2e-4,7e-3,0.00668,RT,固相合成,sulfides,10.1039/d1ta06338c
trgrp_0148,trpair_001593,Li2OHCl0.9Br0.1,Li2OHCl,2.52e-6,1.93e-6,-5.899999999999999e-07,25,熔融-凝固法（350°C，6 min）,antiperovskite,10.1039/d2ta01462a
trgrp_0148,trpair_001594,Li2OHCl0.9Br0.1,Li2OHBr,2.52e-6,1.29e-6,-1.23e-06,25,熔融-凝固法（350°C，6 min）,antiperovskite,10.1039/d2ta01462a
trgrp_0148,trpair_001595,Li2OHCl,Li2OHBr,1.93e-6,1.29e-6,-6.400000000000002e-07,25,熔融-凝固法（350°C，6 min）,antiperovskite,10.1039/d2ta01462a
trgrp_0149,trpair_001596,Li2OHCl0.7Br0.3,Li2OHCl0.5Br0.5,1.79e-6,1.54e-6,-2.4999999999999994e-07,25,熔融-凝固法（350°C，快冷）,antiperovskite,10.1039/d2ta01462a
trgrp_0149,trpair_001597,Li2OHCl0.5Br0.5,Li2OHCl0.3Br0.7,1.54e-6,1.45e-6,-8.999999999999999e-08,25,熔融-凝固法（350°C，快冷）,antiperovskite,10.1039/d2ta01462a
trgrp_0149,trpair_001598,Li2OHCl0.3Br0.7,Li2OHCl0.1Br0.9,1.45e-6,1.23e-6,-2.2e-07,25,熔融-凝固法（350°C，快冷）,antiperovskite,10.1039/d2ta01462a
trgrp_0151,trpair_001599,Li3.25InCl5.75O0.25,Li3In0.75Zr0.25Cl5.75O0.25,9.1e-4,1.05e-3,0.00013999999999999993,25,高能球磨+350°C热处理,oxyhalides,10.1039/d5ta05447h
trgrp_0151,trpair_001600,Li3.25InCl5.75O0.25,Li2.75In0.5Zr0.5Cl5.75O0.25,9.1e-4,6.6e-4,-0.00025,25,高能球磨+350°C热处理,oxyhalides,10.1039/d5ta05447h
trgrp_0151,trpair_001601,Li3.25InCl5.75O0.25,Li2.5In0.25Zr0.75Cl5.75O0.25,9.1e-4,4.8e-4,-0.00043,25,高能球磨+350°C热处理,oxyhalides,10.1039/d5ta05447h
trgrp_0151,trpair_001602,Li3In0.75Zr0.25Cl5.75O0.25,Li2.75In0.5Zr0.5Cl5.75O0.25,1.05e-3,6.6e-4,-0.00038999999999999994,25,高能球磨+350°C热处理,oxyhalides,10.1039/d5ta05447h
trgrp_0151,trpair_001603,Li3In0.75Zr0.25Cl5.75O0.25,Li2.5In0.25Zr0.75Cl5.75O0.25,1.05e-3,4.8e-4,-0.00057,25,高能球磨+350°C热处理,oxyhalides,10.1039/d5ta05447h
trgrp_0151,trpair_001604,Li2.75In0.5Zr0.5Cl5.75O0.25,Li2.5In0.25Zr0.75Cl5.75O0.25,6.6e-4,4.8e-4,-0.00017999999999999998,25,高能球磨+350°C热处理,oxyhalides,10.1039/d5ta05447h
trgrp_0152,trpair_001605,LiCrSb(PO4)3,LiAlSb(PO4)3,3.57e-10,3.17e-08,3.1343e-08,RT,unknow,nasicon,10.1063/1.2357843
trgrp_0152,trpair_001606,LiCrSb(PO4)3,LiFeSb(PO4)3,3.57e-10,1.37e-06,1.3696430000000001e-06,RT,unknow,nasicon,10.1063/1.2357843
trgrp_0152,trpair_001607,LiAlSb(PO4)3,LiFeSb(PO4)3,3.17e-08,1.37e-06,1.3383e-06,RT,unknow,nasicon,10.1063/1.2357843
trgrp_0153,trpair_001608,Li3AlH6,LiAlH4,1.4e-07,8.7e-09,-1.3130000000000002e-07,RT,unknow,hydrides,10.1063/1.3356981
trgrp_0154,trpair_001609,Li9.81Sn0.81P2.19S12,Li10.35Si1.35P1.65S12,0.0055,0.0065,0.001,RT,unknow,lgps,10.1107/s2052520615022283
trgrp_0155,trpair_001610,Li6BaLa2Nb2O12,Li6CaLa2Nb2O12,6e-06,1.6e-06,-4.4e-06,RT,unknow,garnet,10.1111/j.1551-2916.2005.00060.x
trgrp_0155,trpair_001611,Li6BaLa2Nb2O12,Li6SrLa2Nb2O12,6e-06,4.2e-06,-1.8000000000000006e-06,RT,unknow,garnet,10.1111/j.1551-2916.2005.00060.x
trgrp_0155,trpair_001612,Li6BaLa2Nb2O12,Li6SrLa2Ta2O12,6e-06,4.2e-06,-1.8000000000000006e-06,RT,unknow,garnet,10.1111/j.1551-2916.2005.00060.x
trgrp_0155,trpair_001613,Li6BaLa2Nb2O12,Li5La3Nb2O12,6e-06,8e-06,1.9999999999999995e-06,RT,unknow,garnet,10.1111/j.1551-2916.2005.00060.x
trgrp_0155,trpair_001614,Li6CaLa2Nb2O12,Li6SrLa2Nb2O12,1.6e-06,4.2e-06,2.5999999999999997e-06,RT,unknow,garnet,10.1111/j.1551-2916.2005.00060.x
trgrp_0155,trpair_001615,Li6CaLa2Nb2O12,Li6SrLa2Ta2O12,1.6e-06,4.2e-06,2.5999999999999997e-06,RT,unknow,garnet,10.1111/j.1551-2916.2005.00060.x
trgrp_0155,trpair_001616,Li6CaLa2Nb2O12,Li5La3Nb2O12,1.6e-06,8e-06,6.4e-06,RT,unknow,garnet,10.1111/j.1551-2916.2005.00060.x
trgrp_0155,trpair_001617,Li6SrLa2Nb2O12,Li6SrLa2Ta2O12,4.2e-06,4.2e-06,0.0,RT,unknow,garnet,10.1111/j.1551-2916.2005.00060.x
trgrp_0155,trpair_001618,Li6SrLa2Nb2O12,Li5La3Nb2O12,4.2e-06,8e-06,3.8e-06,RT,unknow,garnet,10.1111/j.1551-2916.2005.00060.x
trgrp_0155,trpair_001619,Li6SrLa2Ta2O12,Li5La3Nb2O12,4.2e-06,8e-06,3.8e-06,RT,unknow,garnet,10.1111/j.1551-2916.2005.00060.x
trgrp_0156,trpair_001620,Li3ErCl6,Li3ScCl6,0.000407,0.00125,0.000843,RT,NH4Cl辅助湿化学合成,halides,10.1126/sciadv.abh1896
trgrp_0156,trpair_001621,Li3ErCl6,Li3YBr6,0.000407,0.00109,0.000683,RT,NH4Cl辅助湿化学合成,halides,10.1126/sciadv.abh1896
trgrp_0156,trpair_001622,Li3ScCl6,Li3YBr6,0.00125,0.00109,-0.00015999999999999999,RT,NH4Cl辅助湿化学合成,halides,10.1126/sciadv.abh1896
trgrp_0158,trpair_001623,Li0.02Na0.48La0.5Nb2O6,Li0.04Na0.46La0.5Nb2O6,3.99e-06,5.91e-06,1.9200000000000003e-06,RT,unknow,perovskites,10.1134/s002016851103006x
trgrp_0158,trpair_001624,Li0.04Na0.46La0.5Nb2O6,Li0.07Na0.43La0.5Nb2O6,5.91e-06,1.23e-05,6.390000000000001e-06,RT,unknow,perovskites,10.1134/s002016851103006x
trgrp_0158,trpair_001625,Li0.07Na0.43La0.5Nb2O6,Li0.1Na0.4La0.5Nb2O6,1.23e-05,1.21e-05,-2.0000000000000147e-07,RT,unknow,perovskites,10.1134/s002016851103006x
trgrp_0158,trpair_001626,Li0.1Na0.4La0.5Nb2O6,Li0.2Na0.3La0.5Nb2O6,1.21e-05,1.18e-05,-2.999999999999988e-07,RT,unknow,perovskites,10.1134/s002016851103006x
trgrp_0158,trpair_001627,Li0.2Na0.3La0.5Nb2O6,Li0.3Na0.2La0.5Nb2O6,1.18e-05,1.11e-05,-7.000000000000001e-07,RT,unknow,perovskites,10.1134/s002016851103006x
trgrp_0158,trpair_001628,Li0.3Na0.2La0.5Nb2O6,Li0.4Na0.1La0.5Nb2O6,1.11e-05,9.92e-06,-1.1800000000000006e-06,RT,unknow,perovskites,10.1134/s002016851103006x
trgrp_0159,trpair_001629,Li3.2Ge0.2P0.8S4,Li3.25Ge0.25P0.75S4,0.000555,0.0022,0.0016450000000000002,RT,unknow,thio_lisicon,10.1149/1.1379028
trgrp_0159,trpair_001630,Li3.25Ge0.25P0.75S4,Li3.3Ge0.3P0.7S4,0.0022,0.00174,-0.0004600000000000001,RT,unknow,thio_lisicon,10.1149/1.1379028
trgrp_0159,trpair_001631,Li3.3Ge0.3P0.7S4,Li3.35Ge0.35P0.65S4,0.00174,0.00154,-0.0002000000000000001,RT,unknow,thio_lisicon,10.1149/1.1379028
trgrp_0159,trpair_001632,Li3.35Ge0.35P0.65S4,Li3.4Ge0.4P0.6S4,0.00154,0.000654,-0.000886,RT,unknow,thio_lisicon,10.1149/1.1379028
trgrp_0159,trpair_001633,Li3.4Ge0.4P0.6S4,Li3.6Ge0.6P0.4S4,0.000654,0.000175,-0.00047899999999999993,RT,unknow,thio_lisicon,10.1149/1.1379028
trgrp_0159,trpair_001634,Li3.6Ge0.6P0.4S4,Li3.8Ge0.8P0.2S4,0.000175,1.78e-06,-0.00017322,RT,unknow,thio_lisicon,10.1149/1.1379028
trgrp_0160,trpair_001635,Li1.2In0.2Ti1.8(PO4)3,Li1.2Fe0.2Ti1.8(PO4)3,0.00039,0.00018,-0.00020999999999999998,RT,unknow,nasicon,10.1149/1.2086597
trgrp_0160,trpair_001636,Li1.2In0.2Ti1.8(PO4)3,Li1.2Cr0.2Ti1.8(PO4)3,0.00039,1.82e-05,-0.0003718,RT,unknow,nasicon,10.1149/1.2086597
trgrp_0160,trpair_001637,Li1.2In0.2Ti1.8(PO4)3,Li1.2Al0.2Ti1.8(PO4)3,0.00039,0.000595,0.00020500000000000005,RT,unknow,nasicon,10.1149/1.2086597
trgrp_0160,trpair_001638,Li1.2In0.2Ti1.8(PO4)3,Li1.2La0.2Ti1.8(PO4)3,0.00039,8e-05,-0.00031,RT,unknow,nasicon,10.1149/1.2086597
trgrp_0160,trpair_001639,Li1.2In0.2Ti1.8(PO4)3,Li1.2Ga0.2Ti1.8(PO4)3,0.00039,0.000162,-0.00022799999999999999,RT,unknow,nasicon,10.1149/1.2086597
trgrp_0160,trpair_001640,Li1.2In0.2Ti1.8(PO4)3,Li1.3In0.3Ti1.7(PO4)3,0.00039,0.000393,3.0000000000000187e-06,RT,unknow,nasicon,10.1149/1.2086597
trgrp_0160,trpair_001641,Li1.2In0.2Ti1.8(PO4)3,Li1.3Ga0.3Ti1.7(PO4)3,0.00039,0.000261,-0.000129,RT,unknow,nasicon,10.1149/1.2086597
trgrp_0160,trpair_001642,Li1.2In0.2Ti1.8(PO4)3,Li1.3Al0.3Ti1.7(PO4)3,0.00039,0.000722,0.000332,RT,unknow,nasicon,10.1149/1.2086597
trgrp_0160,trpair_001643,Li1.2In0.2Ti1.8(PO4)3,Li1.3La0.3Ti1.7(PO4)3,0.00039,0.000523,0.00013300000000000003,RT,unknow,nasicon,10.1149/1.2086597
trgrp_0160,trpair_001644,Li1.2In0.2Ti1.8(PO4)3,Li1.3Fe0.3Ti1.7(PO4)3,0.00039,0.000246,-0.00014399999999999998,RT,unknow,nasicon,10.1149/1.2086597
trgrp_0160,trpair_001645,Li1.2In0.2Ti1.8(PO4)3,Li1.3Cr0.3Ti1.7(PO4)3,0.00039,3.51e-05,-0.0003549,RT,unknow,nasicon,10.1149/1.2086597
trgrp_0160,trpair_001646,Li1.2In0.2Ti1.8(PO4)3,Li1.4La0.4Ti1.6(PO4)3,0.00039,0.000498,0.00010799999999999997,RT,unknow,nasicon,10.1149/1.2086597
trgrp_0160,trpair_001647,Li1.2In0.2Ti1.8(PO4)3,Li1.4Ga0.4Ti1.6(PO4)3,0.00039,0.000128,-0.00026199999999999997,RT,unknow,nasicon,10.1149/1.2086597
trgrp_0160,trpair_001648,Li1.2In0.2Ti1.8(PO4)3,Li1.4Al0.4Ti1.6(PO4)3,0.00039,0.000388,-1.9999999999999944e-06,RT,unknow,nasicon,10.1149/1.2086597
trgrp_0160,trpair_001649,Li1.2In0.2Ti1.8(PO4)3,Li1.4Cr0.4Ti1.6(PO4)3,0.00039,0.000149,-0.000241,RT,unknow,nasicon,10.1149/1.2086597
trgrp_0160,trpair_001650,Li1.2In0.2Ti1.8(PO4)3,Li1.4Fe0.4Ti1.6(PO4)3,0.00039,0.000392,1.9999999999999944e-06,RT,unknow,nasicon,10.1149/1.2086597
trgrp_0160,trpair_001651,Li1.2In0.2Ti1.8(PO4)3,Li1.4In0.4Ti1.6(PO4)3,0.00039,0.000302,-8.799999999999997e-05,RT,unknow,nasicon,10.1149/1.2086597
trgrp_0160,trpair_001652,Li1.2In0.2Ti1.8(PO4)3,Li1.5In0.5Ti1.5(PO4)3,0.00039,0.000204,-0.000186,RT,unknow,nasicon,10.1149/1.2086597
trgrp_0160,trpair_001653,Li1.2In0.2Ti1.8(PO4)3,Li1.5Cr0.5Ti1.5(PO4)3,0.00039,0.000386,-3.999999999999989e-06,RT,unknow,nasicon,10.1149/1.2086597
trgrp_0160,trpair_001654,Li1.2In0.2Ti1.8(PO4)3,Li1.5Ga0.5Ti1.5(PO4)3,0.00039,0.000122,-0.000268,RT,unknow,nasicon,10.1149/1.2086597
trgrp_0160,trpair_001655,Li1.2In0.2Ti1.8(PO4)3,Li1.5Fe0.5Ti1.5(PO4)3,0.00039,0.000174,-0.000216,RT,unknow,nasicon,10.1149/1.2086597
trgrp_0160,trpair_001656,Li1.2In0.2Ti1.8(PO4)3,Li1.5La0.5Ti1.5(PO4)3,0.00039,0.000281,-0.00010899999999999999,RT,unknow,nasicon,10.1149/1.2086597
trgrp_0160,trpair_001657,Li1.2In0.2Ti1.8(PO4)3,Li1.5Al0.5Ti1.5(PO4)3,0.00039,0.000248,-0.00014199999999999998,RT,unknow,nasicon,10.1149/1.2086597
trgrp_0160,trpair_001658,Li1.2In0.2Ti1.8(PO4)3,LiTi2(PO4)3,0.00039,2e-06,-0.000388,RT,unknow,nasicon,10.1149/1.2086597
trgrp_0160,trpair_001659,Li1.2In0.2Ti1.8(PO4)3,Li1.2Ti2Si0.2P2.8O12,0.00039,8.6e-05,-0.000304,RT,unknow,nasicon,10.1149/1.2086597
trgrp_0160,trpair_001660,Li1.2In0.2Ti1.8(PO4)3,Li1.2Sc0.2Ti1.8(PO4)3,0.00039,0.00069,0.0003,RT,unknow,nasicon,10.1149/1.2086597
trgrp_0160,trpair_001661,Li1.2In0.2Ti1.8(PO4)3,Li1.3Ti2Si0.3P2.7O12,0.00039,0.00032,-6.999999999999997e-05,RT,unknow,nasicon,10.1149/1.2086597
trgrp_0160,trpair_001662,Li1.2In0.2Ti1.8(PO4)3,Li1.3Sc0.3Ti1.7(PO4)3,0.00039,0.000703,0.00031299999999999996,RT,unknow,nasicon,10.1149/1.2086597
trgrp_0160,trpair_001663,Li1.2In0.2Ti1.8(PO4)3,Li1.4Sc0.4Ti1.6(PO4)3,0.00039,0.000515,0.00012500000000000006,RT,unknow,nasicon,10.1149/1.2086597
trgrp_0160,trpair_001664,Li1.2Fe0.2Ti1.8(PO4)3,Li1.2Cr0.2Ti1.8(PO4)3,0.00018,1.82e-05,-0.0001618,RT,unknow,nasicon,10.1149/1.2086597
trgrp_0160,trpair_001665,Li1.2Fe0.2Ti1.8(PO4)3,Li1.2Al0.2Ti1.8(PO4)3,0.00018,0.000595,0.000415,RT,unknow,nasicon,10.1149/1.2086597
trgrp_0160,trpair_001666,Li1.2Fe0.2Ti1.8(PO4)3,Li1.2La0.2Ti1.8(PO4)3,0.00018,8e-05,-0.0001,RT,unknow,nasicon,10.1149/1.2086597
trgrp_0160,trpair_001667,Li1.2Fe0.2Ti1.8(PO4)3,Li1.2Ga0.2Ti1.8(PO4)3,0.00018,0.000162,-1.8000000000000004e-05,RT,unknow,nasicon,10.1149/1.2086597
trgrp_0160,trpair_001668,Li1.2Fe0.2Ti1.8(PO4)3,Li1.3In0.3Ti1.7(PO4)3,0.00018,0.000393,0.000213,RT,unknow,nasicon,10.1149/1.2086597
trgrp_0160,trpair_001669,Li1.2Fe0.2Ti1.8(PO4)3,Li1.3Ga0.3Ti1.7(PO4)3,0.00018,0.000261,8.099999999999999e-05,RT,unknow,nasicon,10.1149/1.2086597
trgrp_0160,trpair_001670,Li1.2Fe0.2Ti1.8(PO4)3,Li1.3Al0.3Ti1.7(PO4)3,0.00018,0.000722,0.000542,RT,unknow,nasicon,10.1149/1.2086597
trgrp_0160,trpair_001671,Li1.2Fe0.2Ti1.8(PO4)3,Li1.3La0.3Ti1.7(PO4)3,0.00018,0.000523,0.000343,RT,unknow,nasicon,10.1149/1.2086597
trgrp_0160,trpair_001672,Li1.2Fe0.2Ti1.8(PO4)3,Li1.3Fe0.3Ti1.7(PO4)3,0.00018,0.000246,6.6e-05,RT,unknow,nasicon,10.1149/1.2086597
trgrp_0160,trpair_001673,Li1.2Fe0.2Ti1.8(PO4)3,Li1.3Cr0.3Ti1.7(PO4)3,0.00018,3.51e-05,-0.0001449,RT,unknow,nasicon,10.1149/1.2086597
trgrp_0160,trpair_001674,Li1.2Fe0.2Ti1.8(PO4)3,Li1.4La0.4Ti1.6(PO4)3,0.00018,0.000498,0.0003179999999999999,RT,unknow,nasicon,10.1149/1.2086597
trgrp_0160,trpair_001675,Li1.2Fe0.2Ti1.8(PO4)3,Li1.4Ga0.4Ti1.6(PO4)3,0.00018,0.000128,-5.200000000000002e-05,RT,unknow,nasicon,10.1149/1.2086597
trgrp_0160,trpair_001676,Li1.2Fe0.2Ti1.8(PO4)3,Li1.4Al0.4Ti1.6(PO4)3,0.00018,0.000388,0.000208,RT,unknow,nasicon,10.1149/1.2086597
trgrp_0160,trpair_001677,Li1.2Fe0.2Ti1.8(PO4)3,Li1.4Cr0.4Ti1.6(PO4)3,0.00018,0.000149,-3.100000000000002e-05,RT,unknow,nasicon,10.1149/1.2086597
trgrp_0160,trpair_001678,Li1.2Fe0.2Ti1.8(PO4)3,Li1.4Fe0.4Ti1.6(PO4)3,0.00018,0.000392,0.00021199999999999998,RT,unknow,nasicon,10.1149/1.2086597
trgrp_0160,trpair_001679,Li1.2Fe0.2Ti1.8(PO4)3,Li1.4In0.4Ti1.6(PO4)3,0.00018,0.000302,0.00012200000000000001,RT,unknow,nasicon,10.1149/1.2086597
trgrp_0160,trpair_001680,Li1.2Fe0.2Ti1.8(PO4)3,Li1.5In0.5Ti1.5(PO4)3,0.00018,0.000204,2.3999999999999987e-05,RT,unknow,nasicon,10.1149/1.2086597
trgrp_0160,trpair_001681,Li1.2Fe0.2Ti1.8(PO4)3,Li1.5Cr0.5Ti1.5(PO4)3,0.00018,0.000386,0.000206,RT,unknow,nasicon,10.1149/1.2086597
trgrp_0160,trpair_001682,Li1.2Fe0.2Ti1.8(PO4)3,Li1.5Ga0.5Ti1.5(PO4)3,0.00018,0.000122,-5.8000000000000014e-05,RT,unknow,nasicon,10.1149/1.2086597
trgrp_0160,trpair_001683,Li1.2Fe0.2Ti1.8(PO4)3,Li1.5Fe0.5Ti1.5(PO4)3,0.00018,0.000174,-6.00000000000001e-06,RT,unknow,nasicon,10.1149/1.2086597
trgrp_0160,trpair_001684,Li1.2Fe0.2Ti1.8(PO4)3,Li1.5La0.5Ti1.5(PO4)3,0.00018,0.000281,0.00010099999999999999,RT,unknow,nasicon,10.1149/1.2086597
trgrp_0160,trpair_001685,Li1.2Fe0.2Ti1.8(PO4)3,Li1.5Al0.5Ti1.5(PO4)3,0.00018,0.000248,6.8e-05,RT,unknow,nasicon,10.1149/1.2086597
trgrp_0160,trpair_001686,Li1.2Fe0.2Ti1.8(PO4)3,LiTi2(PO4)3,0.00018,2e-06,-0.00017800000000000002,RT,unknow,nasicon,10.1149/1.2086597
trgrp_0160,trpair_001687,Li1.2Fe0.2Ti1.8(PO4)3,Li1.2Ti2Si0.2P2.8O12,0.00018,8.6e-05,-9.400000000000001e-05,RT,unknow,nasicon,10.1149/1.2086597
trgrp_0160,trpair_001688,Li1.2Fe0.2Ti1.8(PO4)3,Li1.2Sc0.2Ti1.8(PO4)3,0.00018,0.00069,0.0005099999999999999,RT,unknow,nasicon,10.1149/1.2086597
trgrp_0160,trpair_001689,Li1.2Fe0.2Ti1.8(PO4)3,Li1.3Ti2Si0.3P2.7O12,0.00018,0.00032,0.00014000000000000001,RT,unknow,nasicon,10.1149/1.2086597
trgrp_0160,trpair_001690,Li1.2Fe0.2Ti1.8(PO4)3,Li1.3Sc0.3Ti1.7(PO4)3,0.00018,0.000703,0.0005229999999999999,RT,unknow,nasicon,10.1149/1.2086597
trgrp_0160,trpair_001691,Li1.2Fe0.2Ti1.8(PO4)3,Li1.4Sc0.4Ti1.6(PO4)3,0.00018,0.000515,0.000335,RT,unknow,nasicon,10.1149/1.2086597
trgrp_0160,trpair_001692,Li1.2Cr0.2Ti1.8(PO4)3,Li1.2Al0.2Ti1.8(PO4)3,1.82e-05,0.000595,0.0005768,RT,unknow,nasicon,10.1149/1.2086597
trgrp_0160,trpair_001693,Li1.2Cr0.2Ti1.8(PO4)3,Li1.2La0.2Ti1.8(PO4)3,1.82e-05,8e-05,6.180000000000001e-05,RT,unknow,nasicon,10.1149/1.2086597
trgrp_0160,trpair_001694,Li1.2Cr0.2Ti1.8(PO4)3,Li1.2Ga0.2Ti1.8(PO4)3,1.82e-05,0.000162,0.0001438,RT,unknow,nasicon,10.1149/1.2086597
trgrp_0160,trpair_001695,Li1.2Cr0.2Ti1.8(PO4)3,Li1.3In0.3Ti1.7(PO4)3,1.82e-05,0.000393,0.0003748,RT,unknow,nasicon,10.1149/1.2086597
trgrp_0160,trpair_001696,Li1.2Cr0.2Ti1.8(PO4)3,Li1.3Ga0.3Ti1.7(PO4)3,1.82e-05,0.000261,0.0002428,RT,unknow,nasicon,10.1149/1.2086597
trgrp_0160,trpair_001697,Li1.2Cr0.2Ti1.8(PO4)3,Li1.3Al0.3Ti1.7(PO4)3,1.82e-05,0.000722,0.0007038,RT,unknow,nasicon,10.1149/1.2086597
trgrp_0160,trpair_001698,Li1.2Cr0.2Ti1.8(PO4)3,Li1.3La0.3Ti1.7(PO4)3,1.82e-05,0.000523,0.0005048,RT,unknow,nasicon,10.1149/1.2086597
trgrp_0160,trpair_001699,Li1.2Cr0.2Ti1.8(PO4)3,Li1.3Fe0.3Ti1.7(PO4)3,1.82e-05,0.000246,0.0002278,RT,unknow,nasicon,10.1149/1.2086597
trgrp_0160,trpair_001700,Li1.2Cr0.2Ti1.8(PO4)3,Li1.3Cr0.3Ti1.7(PO4)3,1.82e-05,3.51e-05,1.69e-05,RT,unknow,nasicon,10.1149/1.2086597
trgrp_0160,trpair_001701,Li1.2Cr0.2Ti1.8(PO4)3,Li1.4La0.4Ti1.6(PO4)3,1.82e-05,0.000498,0.00047979999999999995,RT,unknow,nasicon,10.1149/1.2086597
trgrp_0160,trpair_001702,Li1.2Cr0.2Ti1.8(PO4)3,Li1.4Ga0.4Ti1.6(PO4)3,1.82e-05,0.000128,0.0001098,RT,unknow,nasicon,10.1149/1.2086597
trgrp_0160,trpair_001703,Li1.2Cr0.2Ti1.8(PO4)3,Li1.4Al0.4Ti1.6(PO4)3,1.82e-05,0.000388,0.0003698,RT,unknow,nasicon,10.1149/1.2086597
trgrp_0160,trpair_001704,Li1.2Cr0.2Ti1.8(PO4)3,Li1.4Cr0.4Ti1.6(PO4)3,1.82e-05,0.000149,0.00013079999999999998,RT,unknow,nasicon,10.1149/1.2086597
trgrp_0160,trpair_001705,Li1.2Cr0.2Ti1.8(PO4)3,Li1.4Fe0.4Ti1.6(PO4)3,1.82e-05,0.000392,0.0003738,RT,unknow,nasicon,10.1149/1.2086597
trgrp_0160,trpair_001706,Li1.2Cr0.2Ti1.8(PO4)3,Li1.4In0.4Ti1.6(PO4)3,1.82e-05,0.000302,0.0002838,RT,unknow,nasicon,10.1149/1.2086597
trgrp_0160,trpair_001707,Li1.2Cr0.2Ti1.8(PO4)3,Li1.5In0.5Ti1.5(PO4)3,1.82e-05,0.000204,0.0001858,RT,unknow,nasicon,10.1149/1.2086597
trgrp_0160,trpair_001708,Li1.2Cr0.2Ti1.8(PO4)3,Li1.5Cr0.5Ti1.5(PO4)3,1.82e-05,0.000386,0.0003678,RT,unknow,nasicon,10.1149/1.2086597
trgrp_0160,trpair_001709,Li1.2Cr0.2Ti1.8(PO4)3,Li1.5Ga0.5Ti1.5(PO4)3,1.82e-05,0.000122,0.0001038,RT,unknow,nasicon,10.1149/1.2086597
trgrp_0160,trpair_001710,Li1.2Cr0.2Ti1.8(PO4)3,Li1.5Fe0.5Ti1.5(PO4)3,1.82e-05,0.000174,0.0001558,RT,unknow,nasicon,10.1149/1.2086597
trgrp_0160,trpair_001711,Li1.2Cr0.2Ti1.8(PO4)3,Li1.5La0.5Ti1.5(PO4)3,1.82e-05,0.000281,0.0002628,RT,unknow,nasicon,10.1149/1.2086597
trgrp_0160,trpair_001712,Li1.2Cr0.2Ti1.8(PO4)3,Li1.5Al0.5Ti1.5(PO4)3,1.82e-05,0.000248,0.0002298,RT,unknow,nasicon,10.1149/1.2086597
trgrp_0160,trpair_001713,Li1.2Cr0.2Ti1.8(PO4)3,LiTi2(PO4)3,1.82e-05,2e-06,-1.6199999999999997e-05,RT,unknow,nasicon,10.1149/1.2086597
trgrp_0160,trpair_001714,Li1.2Cr0.2Ti1.8(PO4)3,Li1.2Ti2Si0.2P2.8O12,1.82e-05,8.6e-05,6.780000000000001e-05,RT,unknow,nasicon,10.1149/1.2086597
trgrp_0160,trpair_001715,Li1.2Cr0.2Ti1.8(PO4)3,Li1.2Sc0.2Ti1.8(PO4)3,1.82e-05,0.00069,0.0006718,RT,unknow,nasicon,10.1149/1.2086597
trgrp_0160,trpair_001716,Li1.2Cr0.2Ti1.8(PO4)3,Li1.3Ti2Si0.3P2.7O12,1.82e-05,0.00032,0.0003018,RT,unknow,nasicon,10.1149/1.2086597
trgrp_0160,trpair_001717,Li1.2Cr0.2Ti1.8(PO4)3,Li1.3Sc0.3Ti1.7(PO4)3,1.82e-05,0.000703,0.0006848,RT,unknow,nasicon,10.1149/1.2086597
trgrp_0160,trpair_001718,Li1.2Cr0.2Ti1.8(PO4)3,Li1.4Sc0.4Ti1.6(PO4)3,1.82e-05,0.000515,0.0004968,RT,unknow,nasicon,10.1149/1.2086597
trgrp_0160,trpair_001719,Li1.2Al0.2Ti1.8(PO4)3,Li1.2La0.2Ti1.8(PO4)3,0.000595,8e-05,-0.000515,RT,unknow,nasicon,10.1149/1.2086597
trgrp_0160,trpair_001720,Li1.2Al0.2Ti1.8(PO4)3,Li1.2Ga0.2Ti1.8(PO4)3,0.000595,0.000162,-0.000433,RT,unknow,nasicon,10.1149/1.2086597
trgrp_0160,trpair_001721,Li1.2Al0.2Ti1.8(PO4)3,Li1.3In0.3Ti1.7(PO4)3,0.000595,0.000393,-0.00020200000000000003,RT,unknow,nasicon,10.1149/1.2086597
trgrp_0160,trpair_001722,Li1.2Al0.2Ti1.8(PO4)3,Li1.3Ga0.3Ti1.7(PO4)3,0.000595,0.000261,-0.00033400000000000004,RT,unknow,nasicon,10.1149/1.2086597
trgrp_0160,trpair_001723,Li1.2Al0.2Ti1.8(PO4)3,Li1.3Al0.3Ti1.7(PO4)3,0.000595,0.000722,0.00012699999999999994,RT,unknow,nasicon,10.1149/1.2086597
trgrp_0160,trpair_001724,Li1.2Al0.2Ti1.8(PO4)3,Li1.3La0.3Ti1.7(PO4)3,0.000595,0.000523,-7.200000000000002e-05,RT,unknow,nasicon,10.1149/1.2086597
trgrp_0160,trpair_001725,Li1.2Al0.2Ti1.8(PO4)3,Li1.3Fe0.3Ti1.7(PO4)3,0.000595,0.000246,-0.000349,RT,unknow,nasicon,10.1149/1.2086597
trgrp_0160,trpair_001726,Li1.2Al0.2Ti1.8(PO4)3,Li1.3Cr0.3Ti1.7(PO4)3,0.000595,3.51e-05,-0.0005599,RT,unknow,nasicon,10.1149/1.2086597
trgrp_0160,trpair_001727,Li1.2Al0.2Ti1.8(PO4)3,Li1.4La0.4Ti1.6(PO4)3,0.000595,0.000498,-9.700000000000008e-05,RT,unknow,nasicon,10.1149/1.2086597
trgrp_0160,trpair_001728,Li1.2Al0.2Ti1.8(PO4)3,Li1.4Ga0.4Ti1.6(PO4)3,0.000595,0.000128,-0.0004670000000000001,RT,unknow,nasicon,10.1149/1.2086597
trgrp_0160,trpair_001729,Li1.2Al0.2Ti1.8(PO4)3,Li1.4Al0.4Ti1.6(PO4)3,0.000595,0.000388,-0.00020700000000000004,RT,unknow,nasicon,10.1149/1.2086597
trgrp_0160,trpair_001730,Li1.2Al0.2Ti1.8(PO4)3,Li1.4Cr0.4Ti1.6(PO4)3,0.000595,0.000149,-0.00044600000000000005,RT,unknow,nasicon,10.1149/1.2086597
trgrp_0160,trpair_001731,Li1.2Al0.2Ti1.8(PO4)3,Li1.4Fe0.4Ti1.6(PO4)3,0.000595,0.000392,-0.00020300000000000006,RT,unknow,nasicon,10.1149/1.2086597
trgrp_0160,trpair_001732,Li1.2Al0.2Ti1.8(PO4)3,Li1.4In0.4Ti1.6(PO4)3,0.000595,0.000302,-0.000293,RT,unknow,nasicon,10.1149/1.2086597
trgrp_0160,trpair_001733,Li1.2Al0.2Ti1.8(PO4)3,Li1.5In0.5Ti1.5(PO4)3,0.000595,0.000204,-0.00039100000000000007,RT,unknow,nasicon,10.1149/1.2086597
trgrp_0160,trpair_001734,Li1.2Al0.2Ti1.8(PO4)3,Li1.5Cr0.5Ti1.5(PO4)3,0.000595,0.000386,-0.00020900000000000004,RT,unknow,nasicon,10.1149/1.2086597
trgrp_0160,trpair_001735,Li1.2Al0.2Ti1.8(PO4)3,Li1.5Ga0.5Ti1.5(PO4)3,0.000595,0.000122,-0.00047300000000000006,RT,unknow,nasicon,10.1149/1.2086597
trgrp_0160,trpair_001736,Li1.2Al0.2Ti1.8(PO4)3,Li1.5Fe0.5Ti1.5(PO4)3,0.000595,0.000174,-0.00042100000000000004,RT,unknow,nasicon,10.1149/1.2086597
trgrp_0160,trpair_001737,Li1.2Al0.2Ti1.8(PO4)3,Li1.5La0.5Ti1.5(PO4)3,0.000595,0.000281,-0.00031400000000000004,RT,unknow,nasicon,10.1149/1.2086597
trgrp_0160,trpair_001738,Li1.2Al0.2Ti1.8(PO4)3,Li1.5Al0.5Ti1.5(PO4)3,0.000595,0.000248,-0.00034700000000000003,RT,unknow,nasicon,10.1149/1.2086597
trgrp_0160,trpair_001739,Li1.2Al0.2Ti1.8(PO4)3,LiTi2(PO4)3,0.000595,2e-06,-0.000593,RT,unknow,nasicon,10.1149/1.2086597
trgrp_0160,trpair_001740,Li1.2Al0.2Ti1.8(PO4)3,Li1.2Ti2Si0.2P2.8O12,0.000595,8.6e-05,-0.000509,RT,unknow,nasicon,10.1149/1.2086597
trgrp_0160,trpair_001741,Li1.2Al0.2Ti1.8(PO4)3,Li1.2Sc0.2Ti1.8(PO4)3,0.000595,0.00069,9.499999999999992e-05,RT,unknow,nasicon,10.1149/1.2086597
trgrp_0160,trpair_001742,Li1.2Al0.2Ti1.8(PO4)3,Li1.3Ti2Si0.3P2.7O12,0.000595,0.00032,-0.000275,RT,unknow,nasicon,10.1149/1.2086597
trgrp_0160,trpair_001743,Li1.2Al0.2Ti1.8(PO4)3,Li1.3Sc0.3Ti1.7(PO4)3,0.000595,0.000703,0.00010799999999999991,RT,unknow,nasicon,10.1149/1.2086597
trgrp_0160,trpair_001744,Li1.2Al0.2Ti1.8(PO4)3,Li1.4Sc0.4Ti1.6(PO4)3,0.000595,0.000515,-7.999999999999999e-05,RT,unknow,nasicon,10.1149/1.2086597
trgrp_0160,trpair_001745,Li1.2La0.2Ti1.8(PO4)3,Li1.2Ga0.2Ti1.8(PO4)3,8e-05,0.000162,8.2e-05,RT,unknow,nasicon,10.1149/1.2086597
trgrp_0160,trpair_001746,Li1.2La0.2Ti1.8(PO4)3,Li1.3In0.3Ti1.7(PO4)3,8e-05,0.000393,0.000313,RT,unknow,nasicon,10.1149/1.2086597
trgrp_0160,trpair_001747,Li1.2La0.2Ti1.8(PO4)3,Li1.3Ga0.3Ti1.7(PO4)3,8e-05,0.000261,0.000181,RT,unknow,nasicon,10.1149/1.2086597
trgrp_0160,trpair_001748,Li1.2La0.2Ti1.8(PO4)3,Li1.3Al0.3Ti1.7(PO4)3,8e-05,0.000722,0.000642,RT,unknow,nasicon,10.1149/1.2086597
trgrp_0160,trpair_001749,Li1.2La0.2Ti1.8(PO4)3,Li1.3La0.3Ti1.7(PO4)3,8e-05,0.000523,0.00044300000000000003,RT,unknow,nasicon,10.1149/1.2086597
trgrp_0160,trpair_001750,Li1.2La0.2Ti1.8(PO4)3,Li1.3Fe0.3Ti1.7(PO4)3,8e-05,0.000246,0.00016600000000000002,RT,unknow,nasicon,10.1149/1.2086597
trgrp_0160,trpair_001751,Li1.2La0.2Ti1.8(PO4)3,Li1.3Cr0.3Ti1.7(PO4)3,8e-05,3.51e-05,-4.490000000000001e-05,RT,unknow,nasicon,10.1149/1.2086597
trgrp_0160,trpair_001752,Li1.2La0.2Ti1.8(PO4)3,Li1.4La0.4Ti1.6(PO4)3,8e-05,0.000498,0.00041799999999999997,RT,unknow,nasicon,10.1149/1.2086597
trgrp_0160,trpair_001753,Li1.2La0.2Ti1.8(PO4)3,Li1.4Ga0.4Ti1.6(PO4)3,8e-05,0.000128,4.799999999999999e-05,RT,unknow,nasicon,10.1149/1.2086597
trgrp_0160,trpair_001754,Li1.2La0.2Ti1.8(PO4)3,Li1.4Al0.4Ti1.6(PO4)3,8e-05,0.000388,0.000308,RT,unknow,nasicon,10.1149/1.2086597
trgrp_0160,trpair_001755,Li1.2La0.2Ti1.8(PO4)3,Li1.4Cr0.4Ti1.6(PO4)3,8e-05,0.000149,6.899999999999998e-05,RT,unknow,nasicon,10.1149/1.2086597
trgrp_0160,trpair_001756,Li1.2La0.2Ti1.8(PO4)3,Li1.4Fe0.4Ti1.6(PO4)3,8e-05,0.000392,0.000312,RT,unknow,nasicon,10.1149/1.2086597
trgrp_0160,trpair_001757,Li1.2La0.2Ti1.8(PO4)3,Li1.4In0.4Ti1.6(PO4)3,8e-05,0.000302,0.00022200000000000003,RT,unknow,nasicon,10.1149/1.2086597
trgrp_0160,trpair_001758,Li1.2La0.2Ti1.8(PO4)3,Li1.5In0.5Ti1.5(PO4)3,8e-05,0.000204,0.00012399999999999998,RT,unknow,nasicon,10.1149/1.2086597
trgrp_0160,trpair_001759,Li1.2La0.2Ti1.8(PO4)3,Li1.5Cr0.5Ti1.5(PO4)3,8e-05,0.000386,0.000306,RT,unknow,nasicon,10.1149/1.2086597
trgrp_0160,trpair_001760,Li1.2La0.2Ti1.8(PO4)3,Li1.5Ga0.5Ti1.5(PO4)3,8e-05,0.000122,4.199999999999999e-05,RT,unknow,nasicon,10.1149/1.2086597
trgrp_0160,trpair_001761,Li1.2La0.2Ti1.8(PO4)3,Li1.5Fe0.5Ti1.5(PO4)3,8e-05,0.000174,9.4e-05,RT,unknow,nasicon,10.1149/1.2086597
trgrp_0160,trpair_001762,Li1.2La0.2Ti1.8(PO4)3,Li1.5La0.5Ti1.5(PO4)3,8e-05,0.000281,0.000201,RT,unknow,nasicon,10.1149/1.2086597
trgrp_0160,trpair_001763,Li1.2La0.2Ti1.8(PO4)3,Li1.5Al0.5Ti1.5(PO4)3,8e-05,0.000248,0.00016800000000000002,RT,unknow,nasicon,10.1149/1.2086597
trgrp_0160,trpair_001764,Li1.2La0.2Ti1.8(PO4)3,LiTi2(PO4)3,8e-05,2e-06,-7.800000000000001e-05,RT,unknow,nasicon,10.1149/1.2086597
trgrp_0160,trpair_001765,Li1.2La0.2Ti1.8(PO4)3,Li1.2Ti2Si0.2P2.8O12,8e-05,8.6e-05,5.999999999999997e-06,RT,unknow,nasicon,10.1149/1.2086597
trgrp_0160,trpair_001766,Li1.2La0.2Ti1.8(PO4)3,Li1.2Sc0.2Ti1.8(PO4)3,8e-05,0.00069,0.00061,RT,unknow,nasicon,10.1149/1.2086597
trgrp_0160,trpair_001767,Li1.2La0.2Ti1.8(PO4)3,Li1.3Ti2Si0.3P2.7O12,8e-05,0.00032,0.00024000000000000003,RT,unknow,nasicon,10.1149/1.2086597
trgrp_0160,trpair_001768,Li1.2La0.2Ti1.8(PO4)3,Li1.3Sc0.3Ti1.7(PO4)3,8e-05,0.000703,0.000623,RT,unknow,nasicon,10.1149/1.2086597
trgrp_0160,trpair_001769,Li1.2La0.2Ti1.8(PO4)3,Li1.4Sc0.4Ti1.6(PO4)3,8e-05,0.000515,0.00043500000000000006,RT,unknow,nasicon,10.1149/1.2086597
trgrp_0160,trpair_001770,Li1.2Ga0.2Ti1.8(PO4)3,Li1.3In0.3Ti1.7(PO4)3,0.000162,0.000393,0.000231,RT,unknow,nasicon,10.1149/1.2086597
trgrp_0160,trpair_001771,Li1.2Ga0.2Ti1.8(PO4)3,Li1.3Ga0.3Ti1.7(PO4)3,0.000162,0.000261,9.9e-05,RT,unknow,nasicon,10.1149/1.2086597
trgrp_0160,trpair_001772,Li1.2Ga0.2Ti1.8(PO4)3,Li1.3Al0.3Ti1.7(PO4)3,0.000162,0.000722,0.00056,RT,unknow,nasicon,10.1149/1.2086597
trgrp_0160,trpair_001773,Li1.2Ga0.2Ti1.8(PO4)3,Li1.3La0.3Ti1.7(PO4)3,0.000162,0.000523,0.000361,RT,unknow,nasicon,10.1149/1.2086597
trgrp_0160,trpair_001774,Li1.2Ga0.2Ti1.8(PO4)3,Li1.3Fe0.3Ti1.7(PO4)3,0.000162,0.000246,8.400000000000001e-05,RT,unknow,nasicon,10.1149/1.2086597
trgrp_0160,trpair_001775,Li1.2Ga0.2Ti1.8(PO4)3,Li1.3Cr0.3Ti1.7(PO4)3,0.000162,3.51e-05,-0.0001269,RT,unknow,nasicon,10.1149/1.2086597
trgrp_0160,trpair_001776,Li1.2Ga0.2Ti1.8(PO4)3,Li1.4La0.4Ti1.6(PO4)3,0.000162,0.000498,0.00033599999999999993,RT,unknow,nasicon,10.1149/1.2086597
trgrp_0160,trpair_001777,Li1.2Ga0.2Ti1.8(PO4)3,Li1.4Ga0.4Ti1.6(PO4)3,0.000162,0.000128,-3.400000000000001e-05,RT,unknow,nasicon,10.1149/1.2086597
trgrp_0160,trpair_001778,Li1.2Ga0.2Ti1.8(PO4)3,Li1.4Al0.4Ti1.6(PO4)3,0.000162,0.000388,0.000226,RT,unknow,nasicon,10.1149/1.2086597
trgrp_0160,trpair_001779,Li1.2Ga0.2Ti1.8(PO4)3,Li1.4Cr0.4Ti1.6(PO4)3,0.000162,0.000149,-1.3000000000000018e-05,RT,unknow,nasicon,10.1149/1.2086597
trgrp_0160,trpair_001780,Li1.2Ga0.2Ti1.8(PO4)3,Li1.4Fe0.4Ti1.6(PO4)3,0.000162,0.000392,0.00022999999999999998,RT,unknow,nasicon,10.1149/1.2086597
trgrp_0160,trpair_001781,Li1.2Ga0.2Ti1.8(PO4)3,Li1.4In0.4Ti1.6(PO4)3,0.000162,0.000302,0.00014000000000000001,RT,unknow,nasicon,10.1149/1.2086597
trgrp_0160,trpair_001782,Li1.2Ga0.2Ti1.8(PO4)3,Li1.5In0.5Ti1.5(PO4)3,0.000162,0.000204,4.199999999999999e-05,RT,unknow,nasicon,10.1149/1.2086597
trgrp_0160,trpair_001783,Li1.2Ga0.2Ti1.8(PO4)3,Li1.5Cr0.5Ti1.5(PO4)3,0.000162,0.000386,0.000224,RT,unknow,nasicon,10.1149/1.2086597
trgrp_0160,trpair_001784,Li1.2Ga0.2Ti1.8(PO4)3,Li1.5Ga0.5Ti1.5(PO4)3,0.000162,0.000122,-4.000000000000001e-05,RT,unknow,nasicon,10.1149/1.2086597
trgrp_0160,trpair_001785,Li1.2Ga0.2Ti1.8(PO4)3,Li1.5Fe0.5Ti1.5(PO4)3,0.000162,0.000174,1.1999999999999994e-05,RT,unknow,nasicon,10.1149/1.2086597
trgrp_0160,trpair_001786,Li1.2Ga0.2Ti1.8(PO4)3,Li1.5La0.5Ti1.5(PO4)3,0.000162,0.000281,0.00011899999999999999,RT,unknow,nasicon,10.1149/1.2086597
trgrp_0160,trpair_001787,Li1.2Ga0.2Ti1.8(PO4)3,Li1.5Al0.5Ti1.5(PO4)3,0.000162,0.000248,8.6e-05,RT,unknow,nasicon,10.1149/1.2086597
trgrp_0160,trpair_001788,Li1.2Ga0.2Ti1.8(PO4)3,LiTi2(PO4)3,0.000162,2e-06,-0.00016,RT,unknow,nasicon,10.1149/1.2086597
trgrp_0160,trpair_001789,Li1.2Ga0.2Ti1.8(PO4)3,Li1.2Ti2Si0.2P2.8O12,0.000162,8.6e-05,-7.6e-05,RT,unknow,nasicon,10.1149/1.2086597
trgrp_0160,trpair_001790,Li1.2Ga0.2Ti1.8(PO4)3,Li1.2Sc0.2Ti1.8(PO4)3,0.000162,0.00069,0.0005279999999999999,RT,unknow,nasicon,10.1149/1.2086597
trgrp_0160,trpair_001791,Li1.2Ga0.2Ti1.8(PO4)3,Li1.3Ti2Si0.3P2.7O12,0.000162,0.00032,0.00015800000000000002,RT,unknow,nasicon,10.1149/1.2086597
trgrp_0160,trpair_001792,Li1.2Ga0.2Ti1.8(PO4)3,Li1.3Sc0.3Ti1.7(PO4)3,0.000162,0.000703,0.0005409999999999999,RT,unknow,nasicon,10.1149/1.2086597
trgrp_0160,trpair_001793,Li1.2Ga0.2Ti1.8(PO4)3,Li1.4Sc0.4Ti1.6(PO4)3,0.000162,0.000515,0.000353,RT,unknow,nasicon,10.1149/1.2086597
trgrp_0160,trpair_001794,Li1.3In0.3Ti1.7(PO4)3,Li1.3Ga0.3Ti1.7(PO4)3,0.000393,0.000261,-0.000132,RT,unknow,nasicon,10.1149/1.2086597
trgrp_0160,trpair_001795,Li1.3In0.3Ti1.7(PO4)3,Li1.3Al0.3Ti1.7(PO4)3,0.000393,0.000722,0.000329,RT,unknow,nasicon,10.1149/1.2086597
trgrp_0160,trpair_001796,Li1.3In0.3Ti1.7(PO4)3,Li1.3La0.3Ti1.7(PO4)3,0.000393,0.000523,0.00013000000000000002,RT,unknow,nasicon,10.1149/1.2086597
trgrp_0160,trpair_001797,Li1.3In0.3Ti1.7(PO4)3,Li1.3Fe0.3Ti1.7(PO4)3,0.000393,0.000246,-0.000147,RT,unknow,nasicon,10.1149/1.2086597
trgrp_0160,trpair_001798,Li1.3In0.3Ti1.7(PO4)3,Li1.3Cr0.3Ti1.7(PO4)3,0.000393,3.51e-05,-0.0003579,RT,unknow,nasicon,10.1149/1.2086597
trgrp_0160,trpair_001799,Li1.3In0.3Ti1.7(PO4)3,Li1.4La0.4Ti1.6(PO4)3,0.000393,0.000498,0.00010499999999999995,RT,unknow,nasicon,10.1149/1.2086597
trgrp_0160,trpair_001800,Li1.3In0.3Ti1.7(PO4)3,Li1.4Ga0.4Ti1.6(PO4)3,0.000393,0.000128,-0.00026500000000000004,RT,unknow,nasicon,10.1149/1.2086597
trgrp_0160,trpair_001801,Li1.3In0.3Ti1.7(PO4)3,Li1.4Al0.4Ti1.6(PO4)3,0.000393,0.000388,-5.000000000000013e-06,RT,unknow,nasicon,10.1149/1.2086597
trgrp_0160,trpair_001802,Li1.3In0.3Ti1.7(PO4)3,Li1.4Cr0.4Ti1.6(PO4)3,0.000393,0.000149,-0.00024400000000000002,RT,unknow,nasicon,10.1149/1.2086597
trgrp_0160,trpair_001803,Li1.3In0.3Ti1.7(PO4)3,Li1.4Fe0.4Ti1.6(PO4)3,0.000393,0.000392,-1.0000000000000243e-06,RT,unknow,nasicon,10.1149/1.2086597
trgrp_0160,trpair_001804,Li1.3In0.3Ti1.7(PO4)3,Li1.4In0.4Ti1.6(PO4)3,0.000393,0.000302,-9.099999999999999e-05,RT,unknow,nasicon,10.1149/1.2086597
trgrp_0160,trpair_001805,Li1.3In0.3Ti1.7(PO4)3,Li1.5In0.5Ti1.5(PO4)3,0.000393,0.000204,-0.000189,RT,unknow,nasicon,10.1149/1.2086597
trgrp_0160,trpair_001806,Li1.3In0.3Ti1.7(PO4)3,Li1.5Cr0.5Ti1.5(PO4)3,0.000393,0.000386,-7.0000000000000075e-06,RT,unknow,nasicon,10.1149/1.2086597
trgrp_0160,trpair_001807,Li1.3In0.3Ti1.7(PO4)3,Li1.5Ga0.5Ti1.5(PO4)3,0.000393,0.000122,-0.00027100000000000003,RT,unknow,nasicon,10.1149/1.2086597
trgrp_0160,trpair_001808,Li1.3In0.3Ti1.7(PO4)3,Li1.5Fe0.5Ti1.5(PO4)3,0.000393,0.000174,-0.000219,RT,unknow,nasicon,10.1149/1.2086597
trgrp_0160,trpair_001809,Li1.3In0.3Ti1.7(PO4)3,Li1.5La0.5Ti1.5(PO4)3,0.000393,0.000281,-0.00011200000000000001,RT,unknow,nasicon,10.1149/1.2086597
trgrp_0160,trpair_001810,Li1.3In0.3Ti1.7(PO4)3,Li1.5Al0.5Ti1.5(PO4)3,0.000393,0.000248,-0.000145,RT,unknow,nasicon,10.1149/1.2086597
trgrp_0160,trpair_001811,Li1.3In0.3Ti1.7(PO4)3,LiTi2(PO4)3,0.000393,2e-06,-0.000391,RT,unknow,nasicon,10.1149/1.2086597
trgrp_0160,trpair_001812,Li1.3In0.3Ti1.7(PO4)3,Li1.2Ti2Si0.2P2.8O12,0.000393,8.6e-05,-0.000307,RT,unknow,nasicon,10.1149/1.2086597
trgrp_0160,trpair_001813,Li1.3In0.3Ti1.7(PO4)3,Li1.2Sc0.2Ti1.8(PO4)3,0.000393,0.00069,0.00029699999999999996,RT,unknow,nasicon,10.1149/1.2086597
trgrp_0160,trpair_001814,Li1.3In0.3Ti1.7(PO4)3,Li1.3Ti2Si0.3P2.7O12,0.000393,0.00032,-7.299999999999999e-05,RT,unknow,nasicon,10.1149/1.2086597
trgrp_0160,trpair_001815,Li1.3In0.3Ti1.7(PO4)3,Li1.3Sc0.3Ti1.7(PO4)3,0.000393,0.000703,0.00030999999999999995,RT,unknow,nasicon,10.1149/1.2086597
trgrp_0160,trpair_001816,Li1.3In0.3Ti1.7(PO4)3,Li1.4Sc0.4Ti1.6(PO4)3,0.000393,0.000515,0.00012200000000000004,RT,unknow,nasicon,10.1149/1.2086597
trgrp_0160,trpair_001817,Li1.3Ga0.3Ti1.7(PO4)3,Li1.3Al0.3Ti1.7(PO4)3,0.000261,0.000722,0.000461,RT,unknow,nasicon,10.1149/1.2086597
trgrp_0160,trpair_001818,Li1.3Ga0.3Ti1.7(PO4)3,Li1.3La0.3Ti1.7(PO4)3,0.000261,0.000523,0.000262,RT,unknow,nasicon,10.1149/1.2086597
trgrp_0160,trpair_001819,Li1.3Ga0.3Ti1.7(PO4)3,Li1.3Fe0.3Ti1.7(PO4)3,0.000261,0.000246,-1.4999999999999985e-05,RT,unknow,nasicon,10.1149/1.2086597
trgrp_0160,trpair_001820,Li1.3Ga0.3Ti1.7(PO4)3,Li1.3Cr0.3Ti1.7(PO4)3,0.000261,3.51e-05,-0.00022590000000000002,RT,unknow,nasicon,10.1149/1.2086597
trgrp_0160,trpair_001821,Li1.3Ga0.3Ti1.7(PO4)3,Li1.4La0.4Ti1.6(PO4)3,0.000261,0.000498,0.00023699999999999996,RT,unknow,nasicon,10.1149/1.2086597
trgrp_0160,trpair_001822,Li1.3Ga0.3Ti1.7(PO4)3,Li1.4Ga0.4Ti1.6(PO4)3,0.000261,0.000128,-0.000133,RT,unknow,nasicon,10.1149/1.2086597
trgrp_0160,trpair_001823,Li1.3Ga0.3Ti1.7(PO4)3,Li1.4Al0.4Ti1.6(PO4)3,0.000261,0.000388,0.000127,RT,unknow,nasicon,10.1149/1.2086597
trgrp_0160,trpair_001824,Li1.3Ga0.3Ti1.7(PO4)3,Li1.4Cr0.4Ti1.6(PO4)3,0.000261,0.000149,-0.00011200000000000001,RT,unknow,nasicon,10.1149/1.2086597
trgrp_0160,trpair_001825,Li1.3Ga0.3Ti1.7(PO4)3,Li1.4Fe0.4Ti1.6(PO4)3,0.000261,0.000392,0.00013099999999999999,RT,unknow,nasicon,10.1149/1.2086597
trgrp_0160,trpair_001826,Li1.3Ga0.3Ti1.7(PO4)3,Li1.4In0.4Ti1.6(PO4)3,0.000261,0.000302,4.100000000000002e-05,RT,unknow,nasicon,10.1149/1.2086597
trgrp_0160,trpair_001827,Li1.3Ga0.3Ti1.7(PO4)3,Li1.5In0.5Ti1.5(PO4)3,0.000261,0.000204,-5.7e-05,RT,unknow,nasicon,10.1149/1.2086597
trgrp_0160,trpair_001828,Li1.3Ga0.3Ti1.7(PO4)3,Li1.5Cr0.5Ti1.5(PO4)3,0.000261,0.000386,0.000125,RT,unknow,nasicon,10.1149/1.2086597
trgrp_0160,trpair_001829,Li1.3Ga0.3Ti1.7(PO4)3,Li1.5Ga0.5Ti1.5(PO4)3,0.000261,0.000122,-0.00013900000000000002,RT,unknow,nasicon,10.1149/1.2086597
trgrp_0160,trpair_001830,Li1.3Ga0.3Ti1.7(PO4)3,Li1.5Fe0.5Ti1.5(PO4)3,0.000261,0.000174,-8.7e-05,RT,unknow,nasicon,10.1149/1.2086597
trgrp_0160,trpair_001831,Li1.3Ga0.3Ti1.7(PO4)3,Li1.5La0.5Ti1.5(PO4)3,0.000261,0.000281,1.9999999999999998e-05,RT,unknow,nasicon,10.1149/1.2086597
trgrp_0160,trpair_001832,Li1.3Ga0.3Ti1.7(PO4)3,Li1.5Al0.5Ti1.5(PO4)3,0.000261,0.000248,-1.299999999999999e-05,RT,unknow,nasicon,10.1149/1.2086597
trgrp_0160,trpair_001833,Li1.3Ga0.3Ti1.7(PO4)3,LiTi2(PO4)3,0.000261,2e-06,-0.000259,RT,unknow,nasicon,10.1149/1.2086597
trgrp_0160,trpair_001834,Li1.3Ga0.3Ti1.7(PO4)3,Li1.2Ti2Si0.2P2.8O12,0.000261,8.6e-05,-0.000175,RT,unknow,nasicon,10.1149/1.2086597
trgrp_0160,trpair_001835,Li1.3Ga0.3Ti1.7(PO4)3,Li1.2Sc0.2Ti1.8(PO4)3,0.000261,0.00069,0.00042899999999999997,RT,unknow,nasicon,10.1149/1.2086597
trgrp_0160,trpair_001836,Li1.3Ga0.3Ti1.7(PO4)3,Li1.3Ti2Si0.3P2.7O12,0.000261,0.00032,5.9000000000000025e-05,RT,unknow,nasicon,10.1149/1.2086597
trgrp_0160,trpair_001837,Li1.3Ga0.3Ti1.7(PO4)3,Li1.3Sc0.3Ti1.7(PO4)3,0.000261,0.000703,0.00044199999999999996,RT,unknow,nasicon,10.1149/1.2086597
trgrp_0160,trpair_001838,Li1.3Ga0.3Ti1.7(PO4)3,Li1.4Sc0.4Ti1.6(PO4)3,0.000261,0.000515,0.00025400000000000005,RT,unknow,nasicon,10.1149/1.2086597
trgrp_0160,trpair_001839,Li1.3Al0.3Ti1.7(PO4)3,Li1.3La0.3Ti1.7(PO4)3,0.000722,0.000523,-0.00019899999999999996,RT,unknow,nasicon,10.1149/1.2086597
trgrp_0160,trpair_001840,Li1.3Al0.3Ti1.7(PO4)3,Li1.3Fe0.3Ti1.7(PO4)3,0.000722,0.000246,-0.00047599999999999997,RT,unknow,nasicon,10.1149/1.2086597
trgrp_0160,trpair_001841,Li1.3Al0.3Ti1.7(PO4)3,Li1.3Cr0.3Ti1.7(PO4)3,0.000722,3.51e-05,-0.0006868999999999999,RT,unknow,nasicon,10.1149/1.2086597
trgrp_0160,trpair_001842,Li1.3Al0.3Ti1.7(PO4)3,Li1.4La0.4Ti1.6(PO4)3,0.000722,0.000498,-0.00022400000000000002,RT,unknow,nasicon,10.1149/1.2086597
trgrp_0160,trpair_001843,Li1.3Al0.3Ti1.7(PO4)3,Li1.4Ga0.4Ti1.6(PO4)3,0.000722,0.000128,-0.000594,RT,unknow,nasicon,10.1149/1.2086597
trgrp_0160,trpair_001844,Li1.3Al0.3Ti1.7(PO4)3,Li1.4Al0.4Ti1.6(PO4)3,0.000722,0.000388,-0.000334,RT,unknow,nasicon,10.1149/1.2086597
trgrp_0160,trpair_001845,Li1.3Al0.3Ti1.7(PO4)3,Li1.4Cr0.4Ti1.6(PO4)3,0.000722,0.000149,-0.0005729999999999999,RT,unknow,nasicon,10.1149/1.2086597
trgrp_0160,trpair_001846,Li1.3Al0.3Ti1.7(PO4)3,Li1.4Fe0.4Ti1.6(PO4)3,0.000722,0.000392,-0.00033,RT,unknow,nasicon,10.1149/1.2086597
trgrp_0160,trpair_001847,Li1.3Al0.3Ti1.7(PO4)3,Li1.4In0.4Ti1.6(PO4)3,0.000722,0.000302,-0.00041999999999999996,RT,unknow,nasicon,10.1149/1.2086597
trgrp_0160,trpair_001848,Li1.3Al0.3Ti1.7(PO4)3,Li1.5In0.5Ti1.5(PO4)3,0.000722,0.000204,-0.000518,RT,unknow,nasicon,10.1149/1.2086597
trgrp_0160,trpair_001849,Li1.3Al0.3Ti1.7(PO4)3,Li1.5Cr0.5Ti1.5(PO4)3,0.000722,0.000386,-0.000336,RT,unknow,nasicon,10.1149/1.2086597
trgrp_0160,trpair_001850,Li1.3Al0.3Ti1.7(PO4)3,Li1.5Ga0.5Ti1.5(PO4)3,0.000722,0.000122,-0.0006,RT,unknow,nasicon,10.1149/1.2086597
trgrp_0160,trpair_001851,Li1.3Al0.3Ti1.7(PO4)3,Li1.5Fe0.5Ti1.5(PO4)3,0.000722,0.000174,-0.000548,RT,unknow,nasicon,10.1149/1.2086597
trgrp_0160,trpair_001852,Li1.3Al0.3Ti1.7(PO4)3,Li1.5La0.5Ti1.5(PO4)3,0.000722,0.000281,-0.000441,RT,unknow,nasicon,10.1149/1.2086597
trgrp_0160,trpair_001853,Li1.3Al0.3Ti1.7(PO4)3,Li1.5Al0.5Ti1.5(PO4)3,0.000722,0.000248,-0.000474,RT,unknow,nasicon,10.1149/1.2086597
trgrp_0160,trpair_001854,Li1.3Al0.3Ti1.7(PO4)3,LiTi2(PO4)3,0.000722,2e-06,-0.0007199999999999999,RT,unknow,nasicon,10.1149/1.2086597
trgrp_0160,trpair_001855,Li1.3Al0.3Ti1.7(PO4)3,Li1.2Ti2Si0.2P2.8O12,0.000722,8.6e-05,-0.000636,RT,unknow,nasicon,10.1149/1.2086597
trgrp_0160,trpair_001856,Li1.3Al0.3Ti1.7(PO4)3,Li1.2Sc0.2Ti1.8(PO4)3,0.000722,0.00069,-3.200000000000002e-05,RT,unknow,nasicon,10.1149/1.2086597
trgrp_0160,trpair_001857,Li1.3Al0.3Ti1.7(PO4)3,Li1.3Ti2Si0.3P2.7O12,0.000722,0.00032,-0.00040199999999999996,RT,unknow,nasicon,10.1149/1.2086597
trgrp_0160,trpair_001858,Li1.3Al0.3Ti1.7(PO4)3,Li1.3Sc0.3Ti1.7(PO4)3,0.000722,0.000703,-1.9000000000000028e-05,RT,unknow,nasicon,10.1149/1.2086597
trgrp_0160,trpair_001859,Li1.3Al0.3Ti1.7(PO4)3,Li1.4Sc0.4Ti1.6(PO4)3,0.000722,0.000515,-0.00020699999999999994,RT,unknow,nasicon,10.1149/1.2086597
trgrp_0160,trpair_001860,Li1.3La0.3Ti1.7(PO4)3,Li1.3Fe0.3Ti1.7(PO4)3,0.000523,0.000246,-0.000277,RT,unknow,nasicon,10.1149/1.2086597
trgrp_0160,trpair_001861,Li1.3La0.3Ti1.7(PO4)3,Li1.3Cr0.3Ti1.7(PO4)3,0.000523,3.51e-05,-0.00048790000000000004,RT,unknow,nasicon,10.1149/1.2086597
trgrp_0160,trpair_001862,Li1.3La0.3Ti1.7(PO4)3,Li1.4La0.4Ti1.6(PO4)3,0.000523,0.000498,-2.5000000000000066e-05,RT,unknow,nasicon,10.1149/1.2086597
trgrp_0160,trpair_001863,Li1.3La0.3Ti1.7(PO4)3,Li1.4Ga0.4Ti1.6(PO4)3,0.000523,0.000128,-0.00039500000000000006,RT,unknow,nasicon,10.1149/1.2086597
trgrp_0160,trpair_001864,Li1.3La0.3Ti1.7(PO4)3,Li1.4Al0.4Ti1.6(PO4)3,0.000523,0.000388,-0.00013500000000000003,RT,unknow,nasicon,10.1149/1.2086597
trgrp_0160,trpair_001865,Li1.3La0.3Ti1.7(PO4)3,Li1.4Cr0.4Ti1.6(PO4)3,0.000523,0.000149,-0.00037400000000000004,RT,unknow,nasicon,10.1149/1.2086597
trgrp_0160,trpair_001866,Li1.3La0.3Ti1.7(PO4)3,Li1.4Fe0.4Ti1.6(PO4)3,0.000523,0.000392,-0.00013100000000000004,RT,unknow,nasicon,10.1149/1.2086597
trgrp_0160,trpair_001867,Li1.3La0.3Ti1.7(PO4)3,Li1.4In0.4Ti1.6(PO4)3,0.000523,0.000302,-0.000221,RT,unknow,nasicon,10.1149/1.2086597
trgrp_0160,trpair_001868,Li1.3La0.3Ti1.7(PO4)3,Li1.5In0.5Ti1.5(PO4)3,0.000523,0.000204,-0.00031900000000000006,RT,unknow,nasicon,10.1149/1.2086597
trgrp_0160,trpair_001869,Li1.3La0.3Ti1.7(PO4)3,Li1.5Cr0.5Ti1.5(PO4)3,0.000523,0.000386,-0.00013700000000000002,RT,unknow,nasicon,10.1149/1.2086597
trgrp_0160,trpair_001870,Li1.3La0.3Ti1.7(PO4)3,Li1.5Ga0.5Ti1.5(PO4)3,0.000523,0.000122,-0.00040100000000000004,RT,unknow,nasicon,10.1149/1.2086597
trgrp_0160,trpair_001871,Li1.3La0.3Ti1.7(PO4)3,Li1.5Fe0.5Ti1.5(PO4)3,0.000523,0.000174,-0.000349,RT,unknow,nasicon,10.1149/1.2086597
trgrp_0160,trpair_001872,Li1.3La0.3Ti1.7(PO4)3,Li1.5La0.5Ti1.5(PO4)3,0.000523,0.000281,-0.00024200000000000003,RT,unknow,nasicon,10.1149/1.2086597
trgrp_0160,trpair_001873,Li1.3La0.3Ti1.7(PO4)3,Li1.5Al0.5Ti1.5(PO4)3,0.000523,0.000248,-0.000275,RT,unknow,nasicon,10.1149/1.2086597
trgrp_0160,trpair_001874,Li1.3La0.3Ti1.7(PO4)3,LiTi2(PO4)3,0.000523,2e-06,-0.000521,RT,unknow,nasicon,10.1149/1.2086597
trgrp_0160,trpair_001875,Li1.3La0.3Ti1.7(PO4)3,Li1.2Ti2Si0.2P2.8O12,0.000523,8.6e-05,-0.000437,RT,unknow,nasicon,10.1149/1.2086597
trgrp_0160,trpair_001876,Li1.3La0.3Ti1.7(PO4)3,Li1.2Sc0.2Ti1.8(PO4)3,0.000523,0.00069,0.00016699999999999994,RT,unknow,nasicon,10.1149/1.2086597
trgrp_0160,trpair_001877,Li1.3La0.3Ti1.7(PO4)3,Li1.3Ti2Si0.3P2.7O12,0.000523,0.00032,-0.000203,RT,unknow,nasicon,10.1149/1.2086597
trgrp_0160,trpair_001878,Li1.3La0.3Ti1.7(PO4)3,Li1.3Sc0.3Ti1.7(PO4)3,0.000523,0.000703,0.00017999999999999993,RT,unknow,nasicon,10.1149/1.2086597
trgrp_0160,trpair_001879,Li1.3La0.3Ti1.7(PO4)3,Li1.4Sc0.4Ti1.6(PO4)3,0.000523,0.000515,-7.999999999999978e-06,RT,unknow,nasicon,10.1149/1.2086597
trgrp_0160,trpair_001880,Li1.3Fe0.3Ti1.7(PO4)3,Li1.3Cr0.3Ti1.7(PO4)3,0.000246,3.51e-05,-0.00021090000000000003,RT,unknow,nasicon,10.1149/1.2086597
trgrp_0160,trpair_001881,Li1.3Fe0.3Ti1.7(PO4)3,Li1.4La0.4Ti1.6(PO4)3,0.000246,0.000498,0.00025199999999999995,RT,unknow,nasicon,10.1149/1.2086597
trgrp_0160,trpair_001882,Li1.3Fe0.3Ti1.7(PO4)3,Li1.4Ga0.4Ti1.6(PO4)3,0.000246,0.000128,-0.00011800000000000002,RT,unknow,nasicon,10.1149/1.2086597
trgrp_0160,trpair_001883,Li1.3Fe0.3Ti1.7(PO4)3,Li1.4Al0.4Ti1.6(PO4)3,0.000246,0.000388,0.00014199999999999998,RT,unknow,nasicon,10.1149/1.2086597
trgrp_0160,trpair_001884,Li1.3Fe0.3Ti1.7(PO4)3,Li1.4Cr0.4Ti1.6(PO4)3,0.000246,0.000149,-9.700000000000003e-05,RT,unknow,nasicon,10.1149/1.2086597
trgrp_0160,trpair_001885,Li1.3Fe0.3Ti1.7(PO4)3,Li1.4Fe0.4Ti1.6(PO4)3,0.000246,0.000392,0.00014599999999999997,RT,unknow,nasicon,10.1149/1.2086597
trgrp_0160,trpair_001886,Li1.3Fe0.3Ti1.7(PO4)3,Li1.4In0.4Ti1.6(PO4)3,0.000246,0.000302,5.6000000000000006e-05,RT,unknow,nasicon,10.1149/1.2086597
trgrp_0160,trpair_001887,Li1.3Fe0.3Ti1.7(PO4)3,Li1.5In0.5Ti1.5(PO4)3,0.000246,0.000204,-4.200000000000002e-05,RT,unknow,nasicon,10.1149/1.2086597
trgrp_0160,trpair_001888,Li1.3Fe0.3Ti1.7(PO4)3,Li1.5Cr0.5Ti1.5(PO4)3,0.000246,0.000386,0.00014,RT,unknow,nasicon,10.1149/1.2086597
trgrp_0160,trpair_001889,Li1.3Fe0.3Ti1.7(PO4)3,Li1.5Ga0.5Ti1.5(PO4)3,0.000246,0.000122,-0.00012400000000000003,RT,unknow,nasicon,10.1149/1.2086597
trgrp_0160,trpair_001890,Li1.3Fe0.3Ti1.7(PO4)3,Li1.5Fe0.5Ti1.5(PO4)3,0.000246,0.000174,-7.200000000000002e-05,RT,unknow,nasicon,10.1149/1.2086597
trgrp_0160,trpair_001891,Li1.3Fe0.3Ti1.7(PO4)3,Li1.5La0.5Ti1.5(PO4)3,0.000246,0.000281,3.499999999999998e-05,RT,unknow,nasicon,10.1149/1.2086597
trgrp_0160,trpair_001892,Li1.3Fe0.3Ti1.7(PO4)3,Li1.5Al0.5Ti1.5(PO4)3,0.000246,0.000248,1.9999999999999944e-06,RT,unknow,nasicon,10.1149/1.2086597
trgrp_0160,trpair_001893,Li1.3Fe0.3Ti1.7(PO4)3,LiTi2(PO4)3,0.000246,2e-06,-0.00024400000000000002,RT,unknow,nasicon,10.1149/1.2086597
trgrp_0160,trpair_001894,Li1.3Fe0.3Ti1.7(PO4)3,Li1.2Ti2Si0.2P2.8O12,0.000246,8.6e-05,-0.00016,RT,unknow,nasicon,10.1149/1.2086597
trgrp_0160,trpair_001895,Li1.3Fe0.3Ti1.7(PO4)3,Li1.2Sc0.2Ti1.8(PO4)3,0.000246,0.00069,0.00044399999999999995,RT,unknow,nasicon,10.1149/1.2086597
trgrp_0160,trpair_001896,Li1.3Fe0.3Ti1.7(PO4)3,Li1.3Ti2Si0.3P2.7O12,0.000246,0.00032,7.400000000000001e-05,RT,unknow,nasicon,10.1149/1.2086597
trgrp_0160,trpair_001897,Li1.3Fe0.3Ti1.7(PO4)3,Li1.3Sc0.3Ti1.7(PO4)3,0.000246,0.000703,0.00045699999999999994,RT,unknow,nasicon,10.1149/1.2086597
trgrp_0160,trpair_001898,Li1.3Fe0.3Ti1.7(PO4)3,Li1.4Sc0.4Ti1.6(PO4)3,0.000246,0.000515,0.00026900000000000003,RT,unknow,nasicon,10.1149/1.2086597
trgrp_0160,trpair_001899,Li1.3Cr0.3Ti1.7(PO4)3,Li1.4La0.4Ti1.6(PO4)3,3.51e-05,0.000498,0.0004629,RT,unknow,nasicon,10.1149/1.2086597
trgrp_0160,trpair_001900,Li1.3Cr0.3Ti1.7(PO4)3,Li1.4Ga0.4Ti1.6(PO4)3,3.51e-05,0.000128,9.29e-05,RT,unknow,nasicon,10.1149/1.2086597
trgrp_0160,trpair_001901,Li1.3Cr0.3Ti1.7(PO4)3,Li1.4Al0.4Ti1.6(PO4)3,3.51e-05,0.000388,0.0003529,RT,unknow,nasicon,10.1149/1.2086597
trgrp_0160,trpair_001902,Li1.3Cr0.3Ti1.7(PO4)3,Li1.4Cr0.4Ti1.6(PO4)3,3.51e-05,0.000149,0.00011389999999999999,RT,unknow,nasicon,10.1149/1.2086597
trgrp_0160,trpair_001903,Li1.3Cr0.3Ti1.7(PO4)3,Li1.4Fe0.4Ti1.6(PO4)3,3.51e-05,0.000392,0.0003569,RT,unknow,nasicon,10.1149/1.2086597
trgrp_0160,trpair_001904,Li1.3Cr0.3Ti1.7(PO4)3,Li1.4In0.4Ti1.6(PO4)3,3.51e-05,0.000302,0.00026690000000000004,RT,unknow,nasicon,10.1149/1.2086597
trgrp_0160,trpair_001905,Li1.3Cr0.3Ti1.7(PO4)3,Li1.5In0.5Ti1.5(PO4)3,3.51e-05,0.000204,0.00016889999999999999,RT,unknow,nasicon,10.1149/1.2086597
trgrp_0160,trpair_001906,Li1.3Cr0.3Ti1.7(PO4)3,Li1.5Cr0.5Ti1.5(PO4)3,3.51e-05,0.000386,0.0003509,RT,unknow,nasicon,10.1149/1.2086597
trgrp_0160,trpair_001907,Li1.3Cr0.3Ti1.7(PO4)3,Li1.5Ga0.5Ti1.5(PO4)3,3.51e-05,0.000122,8.69e-05,RT,unknow,nasicon,10.1149/1.2086597
trgrp_0160,trpair_001908,Li1.3Cr0.3Ti1.7(PO4)3,Li1.5Fe0.5Ti1.5(PO4)3,3.51e-05,0.000174,0.00013890000000000002,RT,unknow,nasicon,10.1149/1.2086597
trgrp_0160,trpair_001909,Li1.3Cr0.3Ti1.7(PO4)3,Li1.5La0.5Ti1.5(PO4)3,3.51e-05,0.000281,0.0002459,RT,unknow,nasicon,10.1149/1.2086597
trgrp_0160,trpair_001910,Li1.3Cr0.3Ti1.7(PO4)3,Li1.5Al0.5Ti1.5(PO4)3,3.51e-05,0.000248,0.00021290000000000002,RT,unknow,nasicon,10.1149/1.2086597
trgrp_0160,trpair_001911,Li1.3Cr0.3Ti1.7(PO4)3,LiTi2(PO4)3,3.51e-05,2e-06,-3.31e-05,RT,unknow,nasicon,10.1149/1.2086597
trgrp_0160,trpair_001912,Li1.3Cr0.3Ti1.7(PO4)3,Li1.2Ti2Si0.2P2.8O12,3.51e-05,8.6e-05,5.0900000000000004e-05,RT,unknow,nasicon,10.1149/1.2086597
trgrp_0160,trpair_001913,Li1.3Cr0.3Ti1.7(PO4)3,Li1.2Sc0.2Ti1.8(PO4)3,3.51e-05,0.00069,0.0006548999999999999,RT,unknow,nasicon,10.1149/1.2086597
trgrp_0160,trpair_001914,Li1.3Cr0.3Ti1.7(PO4)3,Li1.3Ti2Si0.3P2.7O12,3.51e-05,0.00032,0.00028490000000000004,RT,unknow,nasicon,10.1149/1.2086597
trgrp_0160,trpair_001915,Li1.3Cr0.3Ti1.7(PO4)3,Li1.3Sc0.3Ti1.7(PO4)3,3.51e-05,0.000703,0.0006678999999999999,RT,unknow,nasicon,10.1149/1.2086597
trgrp_0160,trpair_001916,Li1.3Cr0.3Ti1.7(PO4)3,Li1.4Sc0.4Ti1.6(PO4)3,3.51e-05,0.000515,0.00047990000000000006,RT,unknow,nasicon,10.1149/1.2086597
trgrp_0160,trpair_001917,Li1.4La0.4Ti1.6(PO4)3,Li1.4Ga0.4Ti1.6(PO4)3,0.000498,0.000128,-0.00037,RT,unknow,nasicon,10.1149/1.2086597
trgrp_0160,trpair_001918,Li1.4La0.4Ti1.6(PO4)3,Li1.4Al0.4Ti1.6(PO4)3,0.000498,0.000388,-0.00010999999999999996,RT,unknow,nasicon,10.1149/1.2086597
trgrp_0160,trpair_001919,Li1.4La0.4Ti1.6(PO4)3,Li1.4Cr0.4Ti1.6(PO4)3,0.000498,0.000149,-0.00034899999999999997,RT,unknow,nasicon,10.1149/1.2086597
trgrp_0160,trpair_001920,Li1.4La0.4Ti1.6(PO4)3,Li1.4Fe0.4Ti1.6(PO4)3,0.000498,0.000392,-0.00010599999999999997,RT,unknow,nasicon,10.1149/1.2086597
trgrp_0160,trpair_001921,Li1.4La0.4Ti1.6(PO4)3,Li1.4In0.4Ti1.6(PO4)3,0.000498,0.000302,-0.00019599999999999994,RT,unknow,nasicon,10.1149/1.2086597
trgrp_0160,trpair_001922,Li1.4La0.4Ti1.6(PO4)3,Li1.5In0.5Ti1.5(PO4)3,0.000498,0.000204,-0.000294,RT,unknow,nasicon,10.1149/1.2086597
trgrp_0160,trpair_001923,Li1.4La0.4Ti1.6(PO4)3,Li1.5Cr0.5Ti1.5(PO4)3,0.000498,0.000386,-0.00011199999999999996,RT,unknow,nasicon,10.1149/1.2086597
trgrp_0160,trpair_001924,Li1.4La0.4Ti1.6(PO4)3,Li1.5Ga0.5Ti1.5(PO4)3,0.000498,0.000122,-0.000376,RT,unknow,nasicon,10.1149/1.2086597
trgrp_0160,trpair_001925,Li1.4La0.4Ti1.6(PO4)3,Li1.5Fe0.5Ti1.5(PO4)3,0.000498,0.000174,-0.00032399999999999996,RT,unknow,nasicon,10.1149/1.2086597
trgrp_0160,trpair_001926,Li1.4La0.4Ti1.6(PO4)3,Li1.5La0.5Ti1.5(PO4)3,0.000498,0.000281,-0.00021699999999999996,RT,unknow,nasicon,10.1149/1.2086597
trgrp_0160,trpair_001927,Li1.4La0.4Ti1.6(PO4)3,Li1.5Al0.5Ti1.5(PO4)3,0.000498,0.000248,-0.00024999999999999995,RT,unknow,nasicon,10.1149/1.2086597
trgrp_0160,trpair_001928,Li1.4La0.4Ti1.6(PO4)3,LiTi2(PO4)3,0.000498,2e-06,-0.0004959999999999999,RT,unknow,nasicon,10.1149/1.2086597
trgrp_0160,trpair_001929,Li1.4La0.4Ti1.6(PO4)3,Li1.2Ti2Si0.2P2.8O12,0.000498,8.6e-05,-0.00041199999999999993,RT,unknow,nasicon,10.1149/1.2086597
trgrp_0160,trpair_001930,Li1.4La0.4Ti1.6(PO4)3,Li1.2Sc0.2Ti1.8(PO4)3,0.000498,0.00069,0.000192,RT,unknow,nasicon,10.1149/1.2086597
trgrp_0160,trpair_001931,Li1.4La0.4Ti1.6(PO4)3,Li1.3Ti2Si0.3P2.7O12,0.000498,0.00032,-0.00017799999999999994,RT,unknow,nasicon,10.1149/1.2086597
trgrp_0160,trpair_001932,Li1.4La0.4Ti1.6(PO4)3,Li1.3Sc0.3Ti1.7(PO4)3,0.000498,0.000703,0.000205,RT,unknow,nasicon,10.1149/1.2086597
trgrp_0160,trpair_001933,Li1.4La0.4Ti1.6(PO4)3,Li1.4Sc0.4Ti1.6(PO4)3,0.000498,0.000515,1.7000000000000088e-05,RT,unknow,nasicon,10.1149/1.2086597
trgrp_0160,trpair_001934,Li1.4Ga0.4Ti1.6(PO4)3,Li1.4Al0.4Ti1.6(PO4)3,0.000128,0.000388,0.00026000000000000003,RT,unknow,nasicon,10.1149/1.2086597
trgrp_0160,trpair_001935,Li1.4Ga0.4Ti1.6(PO4)3,Li1.4Cr0.4Ti1.6(PO4)3,0.000128,0.000149,2.0999999999999995e-05,RT,unknow,nasicon,10.1149/1.2086597
trgrp_0160,trpair_001936,Li1.4Ga0.4Ti1.6(PO4)3,Li1.4Fe0.4Ti1.6(PO4)3,0.000128,0.000392,0.000264,RT,unknow,nasicon,10.1149/1.2086597
trgrp_0160,trpair_001937,Li1.4Ga0.4Ti1.6(PO4)3,Li1.4In0.4Ti1.6(PO4)3,0.000128,0.000302,0.00017400000000000003,RT,unknow,nasicon,10.1149/1.2086597
trgrp_0160,trpair_001938,Li1.4Ga0.4Ti1.6(PO4)3,Li1.5In0.5Ti1.5(PO4)3,0.000128,0.000204,7.6e-05,RT,unknow,nasicon,10.1149/1.2086597
trgrp_0160,trpair_001939,Li1.4Ga0.4Ti1.6(PO4)3,Li1.5Cr0.5Ti1.5(PO4)3,0.000128,0.000386,0.000258,RT,unknow,nasicon,10.1149/1.2086597
trgrp_0160,trpair_001940,Li1.4Ga0.4Ti1.6(PO4)3,Li1.5Ga0.5Ti1.5(PO4)3,0.000128,0.000122,-5.999999999999997e-06,RT,unknow,nasicon,10.1149/1.2086597
trgrp_0160,trpair_001941,Li1.4Ga0.4Ti1.6(PO4)3,Li1.5Fe0.5Ti1.5(PO4)3,0.000128,0.000174,4.600000000000001e-05,RT,unknow,nasicon,10.1149/1.2086597
trgrp_0160,trpair_001942,Li1.4Ga0.4Ti1.6(PO4)3,Li1.5La0.5Ti1.5(PO4)3,0.000128,0.000281,0.000153,RT,unknow,nasicon,10.1149/1.2086597
trgrp_0160,trpair_001943,Li1.4Ga0.4Ti1.6(PO4)3,Li1.5Al0.5Ti1.5(PO4)3,0.000128,0.000248,0.00012000000000000002,RT,unknow,nasicon,10.1149/1.2086597
trgrp_0160,trpair_001944,Li1.4Ga0.4Ti1.6(PO4)3,LiTi2(PO4)3,0.000128,2e-06,-0.000126,RT,unknow,nasicon,10.1149/1.2086597
trgrp_0160,trpair_001945,Li1.4Ga0.4Ti1.6(PO4)3,Li1.2Ti2Si0.2P2.8O12,0.000128,8.6e-05,-4.199999999999999e-05,RT,unknow,nasicon,10.1149/1.2086597
trgrp_0160,trpair_001946,Li1.4Ga0.4Ti1.6(PO4)3,Li1.2Sc0.2Ti1.8(PO4)3,0.000128,0.00069,0.000562,RT,unknow,nasicon,10.1149/1.2086597
trgrp_0160,trpair_001947,Li1.4Ga0.4Ti1.6(PO4)3,Li1.3Ti2Si0.3P2.7O12,0.000128,0.00032,0.00019200000000000003,RT,unknow,nasicon,10.1149/1.2086597
trgrp_0160,trpair_001948,Li1.4Ga0.4Ti1.6(PO4)3,Li1.3Sc0.3Ti1.7(PO4)3,0.000128,0.000703,0.000575,RT,unknow,nasicon,10.1149/1.2086597
trgrp_0160,trpair_001949,Li1.4Ga0.4Ti1.6(PO4)3,Li1.4Sc0.4Ti1.6(PO4)3,0.000128,0.000515,0.0003870000000000001,RT,unknow,nasicon,10.1149/1.2086597
trgrp_0160,trpair_001950,Li1.4Al0.4Ti1.6(PO4)3,Li1.4Cr0.4Ti1.6(PO4)3,0.000388,0.000149,-0.000239,RT,unknow,nasicon,10.1149/1.2086597
trgrp_0160,trpair_001951,Li1.4Al0.4Ti1.6(PO4)3,Li1.4Fe0.4Ti1.6(PO4)3,0.000388,0.000392,3.999999999999989e-06,RT,unknow,nasicon,10.1149/1.2086597
trgrp_0160,trpair_001952,Li1.4Al0.4Ti1.6(PO4)3,Li1.4In0.4Ti1.6(PO4)3,0.000388,0.000302,-8.599999999999998e-05,RT,unknow,nasicon,10.1149/1.2086597
trgrp_0160,trpair_001953,Li1.4Al0.4Ti1.6(PO4)3,Li1.5In0.5Ti1.5(PO4)3,0.000388,0.000204,-0.000184,RT,unknow,nasicon,10.1149/1.2086597
trgrp_0160,trpair_001954,Li1.4Al0.4Ti1.6(PO4)3,Li1.5Cr0.5Ti1.5(PO4)3,0.000388,0.000386,-1.9999999999999944e-06,RT,unknow,nasicon,10.1149/1.2086597
trgrp_0160,trpair_001955,Li1.4Al0.4Ti1.6(PO4)3,Li1.5Ga0.5Ti1.5(PO4)3,0.000388,0.000122,-0.000266,RT,unknow,nasicon,10.1149/1.2086597
trgrp_0160,trpair_001956,Li1.4Al0.4Ti1.6(PO4)3,Li1.5Fe0.5Ti1.5(PO4)3,0.000388,0.000174,-0.000214,RT,unknow,nasicon,10.1149/1.2086597
trgrp_0160,trpair_001957,Li1.4Al0.4Ti1.6(PO4)3,Li1.5La0.5Ti1.5(PO4)3,0.000388,0.000281,-0.000107,RT,unknow,nasicon,10.1149/1.2086597
trgrp_0160,trpair_001958,Li1.4Al0.4Ti1.6(PO4)3,Li1.5Al0.5Ti1.5(PO4)3,0.000388,0.000248,-0.00014,RT,unknow,nasicon,10.1149/1.2086597
trgrp_0160,trpair_001959,Li1.4Al0.4Ti1.6(PO4)3,LiTi2(PO4)3,0.000388,2e-06,-0.000386,RT,unknow,nasicon,10.1149/1.2086597
trgrp_0160,trpair_001960,Li1.4Al0.4Ti1.6(PO4)3,Li1.2Ti2Si0.2P2.8O12,0.000388,8.6e-05,-0.00030199999999999997,RT,unknow,nasicon,10.1149/1.2086597
trgrp_0160,trpair_001961,Li1.4Al0.4Ti1.6(PO4)3,Li1.2Sc0.2Ti1.8(PO4)3,0.000388,0.00069,0.00030199999999999997,RT,unknow,nasicon,10.1149/1.2086597
trgrp_0160,trpair_001962,Li1.4Al0.4Ti1.6(PO4)3,Li1.3Ti2Si0.3P2.7O12,0.000388,0.00032,-6.799999999999997e-05,RT,unknow,nasicon,10.1149/1.2086597
trgrp_0160,trpair_001963,Li1.4Al0.4Ti1.6(PO4)3,Li1.3Sc0.3Ti1.7(PO4)3,0.000388,0.000703,0.00031499999999999996,RT,unknow,nasicon,10.1149/1.2086597
trgrp_0160,trpair_001964,Li1.4Al0.4Ti1.6(PO4)3,Li1.4Sc0.4Ti1.6(PO4)3,0.000388,0.000515,0.00012700000000000005,RT,unknow,nasicon,10.1149/1.2086597
trgrp_0160,trpair_001965,Li1.4Cr0.4Ti1.6(PO4)3,Li1.4Fe0.4Ti1.6(PO4)3,0.000149,0.000392,0.000243,RT,unknow,nasicon,10.1149/1.2086597
trgrp_0160,trpair_001966,Li1.4Cr0.4Ti1.6(PO4)3,Li1.4In0.4Ti1.6(PO4)3,0.000149,0.000302,0.00015300000000000003,RT,unknow,nasicon,10.1149/1.2086597
trgrp_0160,trpair_001967,Li1.4Cr0.4Ti1.6(PO4)3,Li1.5In0.5Ti1.5(PO4)3,0.000149,0.000204,5.500000000000001e-05,RT,unknow,nasicon,10.1149/1.2086597
trgrp_0160,trpair_001968,Li1.4Cr0.4Ti1.6(PO4)3,Li1.5Cr0.5Ti1.5(PO4)3,0.000149,0.000386,0.00023700000000000001,RT,unknow,nasicon,10.1149/1.2086597
trgrp_0160,trpair_001969,Li1.4Cr0.4Ti1.6(PO4)3,Li1.5Ga0.5Ti1.5(PO4)3,0.000149,0.000122,-2.6999999999999992e-05,RT,unknow,nasicon,10.1149/1.2086597
trgrp_0160,trpair_001970,Li1.4Cr0.4Ti1.6(PO4)3,Li1.5Fe0.5Ti1.5(PO4)3,0.000149,0.000174,2.500000000000001e-05,RT,unknow,nasicon,10.1149/1.2086597
trgrp_0160,trpair_001971,Li1.4Cr0.4Ti1.6(PO4)3,Li1.5La0.5Ti1.5(PO4)3,0.000149,0.000281,0.000132,RT,unknow,nasicon,10.1149/1.2086597
trgrp_0160,trpair_001972,Li1.4Cr0.4Ti1.6(PO4)3,Li1.5Al0.5Ti1.5(PO4)3,0.000149,0.000248,9.900000000000002e-05,RT,unknow,nasicon,10.1149/1.2086597
trgrp_0160,trpair_001973,Li1.4Cr0.4Ti1.6(PO4)3,LiTi2(PO4)3,0.000149,2e-06,-0.000147,RT,unknow,nasicon,10.1149/1.2086597
trgrp_0160,trpair_001974,Li1.4Cr0.4Ti1.6(PO4)3,Li1.2Ti2Si0.2P2.8O12,0.000149,8.6e-05,-6.299999999999999e-05,RT,unknow,nasicon,10.1149/1.2086597
trgrp_0160,trpair_001975,Li1.4Cr0.4Ti1.6(PO4)3,Li1.2Sc0.2Ti1.8(PO4)3,0.000149,0.00069,0.000541,RT,unknow,nasicon,10.1149/1.2086597
trgrp_0160,trpair_001976,Li1.4Cr0.4Ti1.6(PO4)3,Li1.3Ti2Si0.3P2.7O12,0.000149,0.00032,0.00017100000000000004,RT,unknow,nasicon,10.1149/1.2086597
trgrp_0160,trpair_001977,Li1.4Cr0.4Ti1.6(PO4)3,Li1.3Sc0.3Ti1.7(PO4)3,0.000149,0.000703,0.000554,RT,unknow,nasicon,10.1149/1.2086597
trgrp_0160,trpair_001978,Li1.4Cr0.4Ti1.6(PO4)3,Li1.4Sc0.4Ti1.6(PO4)3,0.000149,0.000515,0.00036600000000000006,RT,unknow,nasicon,10.1149/1.2086597
trgrp_0160,trpair_001979,Li1.4Fe0.4Ti1.6(PO4)3,Li1.4In0.4Ti1.6(PO4)3,0.000392,0.000302,-8.999999999999997e-05,RT,unknow,nasicon,10.1149/1.2086597
trgrp_0160,trpair_001980,Li1.4Fe0.4Ti1.6(PO4)3,Li1.5In0.5Ti1.5(PO4)3,0.000392,0.000204,-0.000188,RT,unknow,nasicon,10.1149/1.2086597
trgrp_0160,trpair_001981,Li1.4Fe0.4Ti1.6(PO4)3,Li1.5Cr0.5Ti1.5(PO4)3,0.000392,0.000386,-5.999999999999983e-06,RT,unknow,nasicon,10.1149/1.2086597
trgrp_0160,trpair_001982,Li1.4Fe0.4Ti1.6(PO4)3,Li1.5Ga0.5Ti1.5(PO4)3,0.000392,0.000122,-0.00027,RT,unknow,nasicon,10.1149/1.2086597
trgrp_0160,trpair_001983,Li1.4Fe0.4Ti1.6(PO4)3,Li1.5Fe0.5Ti1.5(PO4)3,0.000392,0.000174,-0.00021799999999999999,RT,unknow,nasicon,10.1149/1.2086597
trgrp_0160,trpair_001984,Li1.4Fe0.4Ti1.6(PO4)3,Li1.5La0.5Ti1.5(PO4)3,0.000392,0.000281,-0.00011099999999999999,RT,unknow,nasicon,10.1149/1.2086597
trgrp_0160,trpair_001985,Li1.4Fe0.4Ti1.6(PO4)3,Li1.5Al0.5Ti1.5(PO4)3,0.000392,0.000248,-0.00014399999999999998,RT,unknow,nasicon,10.1149/1.2086597
trgrp_0160,trpair_001986,Li1.4Fe0.4Ti1.6(PO4)3,LiTi2(PO4)3,0.000392,2e-06,-0.00039,RT,unknow,nasicon,10.1149/1.2086597
trgrp_0160,trpair_001987,Li1.4Fe0.4Ti1.6(PO4)3,Li1.2Ti2Si0.2P2.8O12,0.000392,8.6e-05,-0.00030599999999999996,RT,unknow,nasicon,10.1149/1.2086597
trgrp_0160,trpair_001988,Li1.4Fe0.4Ti1.6(PO4)3,Li1.2Sc0.2Ti1.8(PO4)3,0.000392,0.00069,0.000298,RT,unknow,nasicon,10.1149/1.2086597
trgrp_0160,trpair_001989,Li1.4Fe0.4Ti1.6(PO4)3,Li1.3Ti2Si0.3P2.7O12,0.000392,0.00032,-7.199999999999996e-05,RT,unknow,nasicon,10.1149/1.2086597
trgrp_0160,trpair_001990,Li1.4Fe0.4Ti1.6(PO4)3,Li1.3Sc0.3Ti1.7(PO4)3,0.000392,0.000703,0.00031099999999999997,RT,unknow,nasicon,10.1149/1.2086597
trgrp_0160,trpair_001991,Li1.4Fe0.4Ti1.6(PO4)3,Li1.4Sc0.4Ti1.6(PO4)3,0.000392,0.000515,0.00012300000000000006,RT,unknow,nasicon,10.1149/1.2086597
trgrp_0160,trpair_001992,Li1.4In0.4Ti1.6(PO4)3,Li1.5In0.5Ti1.5(PO4)3,0.000302,0.000204,-9.800000000000002e-05,RT,unknow,nasicon,10.1149/1.2086597
trgrp_0160,trpair_001993,Li1.4In0.4Ti1.6(PO4)3,Li1.5Cr0.5Ti1.5(PO4)3,0.000302,0.000386,8.399999999999998e-05,RT,unknow,nasicon,10.1149/1.2086597
trgrp_0160,trpair_001994,Li1.4In0.4Ti1.6(PO4)3,Li1.5Ga0.5Ti1.5(PO4)3,0.000302,0.000122,-0.00018000000000000004,RT,unknow,nasicon,10.1149/1.2086597
trgrp_0160,trpair_001995,Li1.4In0.4Ti1.6(PO4)3,Li1.5Fe0.5Ti1.5(PO4)3,0.000302,0.000174,-0.00012800000000000002,RT,unknow,nasicon,10.1149/1.2086597
trgrp_0160,trpair_001996,Li1.4In0.4Ti1.6(PO4)3,Li1.5La0.5Ti1.5(PO4)3,0.000302,0.000281,-2.1000000000000023e-05,RT,unknow,nasicon,10.1149/1.2086597
trgrp_0160,trpair_001997,Li1.4In0.4Ti1.6(PO4)3,Li1.5Al0.5Ti1.5(PO4)3,0.000302,0.000248,-5.400000000000001e-05,RT,unknow,nasicon,10.1149/1.2086597
trgrp_0160,trpair_001998,Li1.4In0.4Ti1.6(PO4)3,LiTi2(PO4)3,0.000302,2e-06,-0.00030000000000000003,RT,unknow,nasicon,10.1149/1.2086597
trgrp_0160,trpair_001999,Li1.4In0.4Ti1.6(PO4)3,Li1.2Ti2Si0.2P2.8O12,0.000302,8.6e-05,-0.00021600000000000002,RT,unknow,nasicon,10.1149/1.2086597
trgrp_0160,trpair_002000,Li1.4In0.4Ti1.6(PO4)3,Li1.2Sc0.2Ti1.8(PO4)3,0.000302,0.00069,0.00038799999999999994,RT,unknow,nasicon,10.1149/1.2086597
trgrp_0160,trpair_002001,Li1.4In0.4Ti1.6(PO4)3,Li1.3Ti2Si0.3P2.7O12,0.000302,0.00032,1.8000000000000004e-05,RT,unknow,nasicon,10.1149/1.2086597
trgrp_0160,trpair_002002,Li1.4In0.4Ti1.6(PO4)3,Li1.3Sc0.3Ti1.7(PO4)3,0.000302,0.000703,0.00040099999999999994,RT,unknow,nasicon,10.1149/1.2086597
trgrp_0160,trpair_002003,Li1.4In0.4Ti1.6(PO4)3,Li1.4Sc0.4Ti1.6(PO4)3,0.000302,0.000515,0.00021300000000000003,RT,unknow,nasicon,10.1149/1.2086597
trgrp_0160,trpair_002004,Li1.5In0.5Ti1.5(PO4)3,Li1.5Cr0.5Ti1.5(PO4)3,0.000204,0.000386,0.000182,RT,unknow,nasicon,10.1149/1.2086597
trgrp_0160,trpair_002005,Li1.5In0.5Ti1.5(PO4)3,Li1.5Ga0.5Ti1.5(PO4)3,0.000204,0.000122,-8.2e-05,RT,unknow,nasicon,10.1149/1.2086597
trgrp_0160,trpair_002006,Li1.5In0.5Ti1.5(PO4)3,Li1.5Fe0.5Ti1.5(PO4)3,0.000204,0.000174,-2.9999999999999997e-05,RT,unknow,nasicon,10.1149/1.2086597
trgrp_0160,trpair_002007,Li1.5In0.5Ti1.5(PO4)3,Li1.5La0.5Ti1.5(PO4)3,0.000204,0.000281,7.7e-05,RT,unknow,nasicon,10.1149/1.2086597
trgrp_0160,trpair_002008,Li1.5In0.5Ti1.5(PO4)3,Li1.5Al0.5Ti1.5(PO4)3,0.000204,0.000248,4.400000000000001e-05,RT,unknow,nasicon,10.1149/1.2086597
trgrp_0160,trpair_002009,Li1.5In0.5Ti1.5(PO4)3,LiTi2(PO4)3,0.000204,2e-06,-0.000202,RT,unknow,nasicon,10.1149/1.2086597
trgrp_0160,trpair_002010,Li1.5In0.5Ti1.5(PO4)3,Li1.2Ti2Si0.2P2.8O12,0.000204,8.6e-05,-0.000118,RT,unknow,nasicon,10.1149/1.2086597
trgrp_0160,trpair_002011,Li1.5In0.5Ti1.5(PO4)3,Li1.2Sc0.2Ti1.8(PO4)3,0.000204,0.00069,0.000486,RT,unknow,nasicon,10.1149/1.2086597
trgrp_0160,trpair_002012,Li1.5In0.5Ti1.5(PO4)3,Li1.3Ti2Si0.3P2.7O12,0.000204,0.00032,0.00011600000000000003,RT,unknow,nasicon,10.1149/1.2086597
trgrp_0160,trpair_002013,Li1.5In0.5Ti1.5(PO4)3,Li1.3Sc0.3Ti1.7(PO4)3,0.000204,0.000703,0.000499,RT,unknow,nasicon,10.1149/1.2086597
trgrp_0160,trpair_002014,Li1.5In0.5Ti1.5(PO4)3,Li1.4Sc0.4Ti1.6(PO4)3,0.000204,0.000515,0.0003110000000000001,RT,unknow,nasicon,10.1149/1.2086597
trgrp_0160,trpair_002015,Li1.5Cr0.5Ti1.5(PO4)3,Li1.5Ga0.5Ti1.5(PO4)3,0.000386,0.000122,-0.000264,RT,unknow,nasicon,10.1149/1.2086597
trgrp_0160,trpair_002016,Li1.5Cr0.5Ti1.5(PO4)3,Li1.5Fe0.5Ti1.5(PO4)3,0.000386,0.000174,-0.000212,RT,unknow,nasicon,10.1149/1.2086597
trgrp_0160,trpair_002017,Li1.5Cr0.5Ti1.5(PO4)3,Li1.5La0.5Ti1.5(PO4)3,0.000386,0.000281,-0.000105,RT,unknow,nasicon,10.1149/1.2086597
trgrp_0160,trpair_002018,Li1.5Cr0.5Ti1.5(PO4)3,Li1.5Al0.5Ti1.5(PO4)3,0.000386,0.000248,-0.000138,RT,unknow,nasicon,10.1149/1.2086597
trgrp_0160,trpair_002019,Li1.5Cr0.5Ti1.5(PO4)3,LiTi2(PO4)3,0.000386,2e-06,-0.000384,RT,unknow,nasicon,10.1149/1.2086597
trgrp_0160,trpair_002020,Li1.5Cr0.5Ti1.5(PO4)3,Li1.2Ti2Si0.2P2.8O12,0.000386,8.6e-05,-0.00030000000000000003,RT,unknow,nasicon,10.1149/1.2086597
trgrp_0160,trpair_002021,Li1.5Cr0.5Ti1.5(PO4)3,Li1.2Sc0.2Ti1.8(PO4)3,0.000386,0.00069,0.00030399999999999996,RT,unknow,nasicon,10.1149/1.2086597
trgrp_0160,trpair_002022,Li1.5Cr0.5Ti1.5(PO4)3,Li1.3Ti2Si0.3P2.7O12,0.000386,0.00032,-6.599999999999998e-05,RT,unknow,nasicon,10.1149/1.2086597
trgrp_0160,trpair_002023,Li1.5Cr0.5Ti1.5(PO4)3,Li1.3Sc0.3Ti1.7(PO4)3,0.000386,0.000703,0.00031699999999999995,RT,unknow,nasicon,10.1149/1.2086597
trgrp_0160,trpair_002024,Li1.5Cr0.5Ti1.5(PO4)3,Li1.4Sc0.4Ti1.6(PO4)3,0.000386,0.000515,0.00012900000000000005,RT,unknow,nasicon,10.1149/1.2086597
trgrp_0160,trpair_002025,Li1.5Ga0.5Ti1.5(PO4)3,Li1.5Fe0.5Ti1.5(PO4)3,0.000122,0.000174,5.2000000000000004e-05,RT,unknow,nasicon,10.1149/1.2086597
trgrp_0160,trpair_002026,Li1.5Ga0.5Ti1.5(PO4)3,Li1.5La0.5Ti1.5(PO4)3,0.000122,0.000281,0.00015900000000000002,RT,unknow,nasicon,10.1149/1.2086597
trgrp_0160,trpair_002027,Li1.5Ga0.5Ti1.5(PO4)3,Li1.5Al0.5Ti1.5(PO4)3,0.000122,0.000248,0.00012600000000000003,RT,unknow,nasicon,10.1149/1.2086597
trgrp_0160,trpair_002028,Li1.5Ga0.5Ti1.5(PO4)3,LiTi2(PO4)3,0.000122,2e-06,-0.00012,RT,unknow,nasicon,10.1149/1.2086597
trgrp_0160,trpair_002029,Li1.5Ga0.5Ti1.5(PO4)3,Li1.2Ti2Si0.2P2.8O12,0.000122,8.6e-05,-3.5999999999999994e-05,RT,unknow,nasicon,10.1149/1.2086597
trgrp_0160,trpair_002030,Li1.5Ga0.5Ti1.5(PO4)3,Li1.2Sc0.2Ti1.8(PO4)3,0.000122,0.00069,0.0005679999999999999,RT,unknow,nasicon,10.1149/1.2086597
trgrp_0160,trpair_002031,Li1.5Ga0.5Ti1.5(PO4)3,Li1.3Ti2Si0.3P2.7O12,0.000122,0.00032,0.00019800000000000004,RT,unknow,nasicon,10.1149/1.2086597
trgrp_0160,trpair_002032,Li1.5Ga0.5Ti1.5(PO4)3,Li1.3Sc0.3Ti1.7(PO4)3,0.000122,0.000703,0.0005809999999999999,RT,unknow,nasicon,10.1149/1.2086597
trgrp_0160,trpair_002033,Li1.5Ga0.5Ti1.5(PO4)3,Li1.4Sc0.4Ti1.6(PO4)3,0.000122,0.000515,0.00039300000000000007,RT,unknow,nasicon,10.1149/1.2086597
trgrp_0160,trpair_002034,Li1.5Fe0.5Ti1.5(PO4)3,Li1.5La0.5Ti1.5(PO4)3,0.000174,0.000281,0.000107,RT,unknow,nasicon,10.1149/1.2086597
trgrp_0160,trpair_002035,Li1.5Fe0.5Ti1.5(PO4)3,Li1.5Al0.5Ti1.5(PO4)3,0.000174,0.000248,7.400000000000001e-05,RT,unknow,nasicon,10.1149/1.2086597
trgrp_0160,trpair_002036,Li1.5Fe0.5Ti1.5(PO4)3,LiTi2(PO4)3,0.000174,2e-06,-0.000172,RT,unknow,nasicon,10.1149/1.2086597
trgrp_0160,trpair_002037,Li1.5Fe0.5Ti1.5(PO4)3,Li1.2Ti2Si0.2P2.8O12,0.000174,8.6e-05,-8.8e-05,RT,unknow,nasicon,10.1149/1.2086597
trgrp_0160,trpair_002038,Li1.5Fe0.5Ti1.5(PO4)3,Li1.2Sc0.2Ti1.8(PO4)3,0.000174,0.00069,0.000516,RT,unknow,nasicon,10.1149/1.2086597
trgrp_0160,trpair_002039,Li1.5Fe0.5Ti1.5(PO4)3,Li1.3Ti2Si0.3P2.7O12,0.000174,0.00032,0.00014600000000000003,RT,unknow,nasicon,10.1149/1.2086597
trgrp_0160,trpair_002040,Li1.5Fe0.5Ti1.5(PO4)3,Li1.3Sc0.3Ti1.7(PO4)3,0.000174,0.000703,0.000529,RT,unknow,nasicon,10.1149/1.2086597
trgrp_0160,trpair_002041,Li1.5Fe0.5Ti1.5(PO4)3,Li1.4Sc0.4Ti1.6(PO4)3,0.000174,0.000515,0.00034100000000000005,RT,unknow,nasicon,10.1149/1.2086597
trgrp_0160,trpair_002042,Li1.5La0.5Ti1.5(PO4)3,Li1.5Al0.5Ti1.5(PO4)3,0.000281,0.000248,-3.299999999999999e-05,RT,unknow,nasicon,10.1149/1.2086597
trgrp_0160,trpair_002043,Li1.5La0.5Ti1.5(PO4)3,LiTi2(PO4)3,0.000281,2e-06,-0.000279,RT,unknow,nasicon,10.1149/1.2086597
trgrp_0160,trpair_002044,Li1.5La0.5Ti1.5(PO4)3,Li1.2Ti2Si0.2P2.8O12,0.000281,8.6e-05,-0.000195,RT,unknow,nasicon,10.1149/1.2086597
trgrp_0160,trpair_002045,Li1.5La0.5Ti1.5(PO4)3,Li1.2Sc0.2Ti1.8(PO4)3,0.000281,0.00069,0.00040899999999999997,RT,unknow,nasicon,10.1149/1.2086597
trgrp_0160,trpair_002046,Li1.5La0.5Ti1.5(PO4)3,Li1.3Ti2Si0.3P2.7O12,0.000281,0.00032,3.9000000000000026e-05,RT,unknow,nasicon,10.1149/1.2086597
trgrp_0160,trpair_002047,Li1.5La0.5Ti1.5(PO4)3,Li1.3Sc0.3Ti1.7(PO4)3,0.000281,0.000703,0.00042199999999999996,RT,unknow,nasicon,10.1149/1.2086597
trgrp_0160,trpair_002048,Li1.5La0.5Ti1.5(PO4)3,Li1.4Sc0.4Ti1.6(PO4)3,0.000281,0.000515,0.00023400000000000005,RT,unknow,nasicon,10.1149/1.2086597
trgrp_0160,trpair_002049,Li1.5Al0.5Ti1.5(PO4)3,LiTi2(PO4)3,0.000248,2e-06,-0.000246,RT,unknow,nasicon,10.1149/1.2086597
trgrp_0160,trpair_002050,Li1.5Al0.5Ti1.5(PO4)3,Li1.2Ti2Si0.2P2.8O12,0.000248,8.6e-05,-0.000162,RT,unknow,nasicon,10.1149/1.2086597
trgrp_0160,trpair_002051,Li1.5Al0.5Ti1.5(PO4)3,Li1.2Sc0.2Ti1.8(PO4)3,0.000248,0.00069,0.00044199999999999996,RT,unknow,nasicon,10.1149/1.2086597
trgrp_0160,trpair_002052,Li1.5Al0.5Ti1.5(PO4)3,Li1.3Ti2Si0.3P2.7O12,0.000248,0.00032,7.200000000000002e-05,RT,unknow,nasicon,10.1149/1.2086597
trgrp_0160,trpair_002053,Li1.5Al0.5Ti1.5(PO4)3,Li1.3Sc0.3Ti1.7(PO4)3,0.000248,0.000703,0.00045499999999999995,RT,unknow,nasicon,10.1149/1.2086597
trgrp_0160,trpair_002054,Li1.5Al0.5Ti1.5(PO4)3,Li1.4Sc0.4Ti1.6(PO4)3,0.000248,0.000515,0.00026700000000000004,RT,unknow,nasicon,10.1149/1.2086597
trgrp_0160,trpair_002055,LiTi2(PO4)3,Li1.2Ti2Si0.2P2.8O12,2e-06,8.6e-05,8.400000000000001e-05,RT,unknow,nasicon,10.1149/1.2086597
trgrp_0160,trpair_002056,LiTi2(PO4)3,Li1.2Sc0.2Ti1.8(PO4)3,2e-06,0.00069,0.0006879999999999999,RT,unknow,nasicon,10.1149/1.2086597
trgrp_0160,trpair_002057,LiTi2(PO4)3,Li1.3Ti2Si0.3P2.7O12,2e-06,0.00032,0.00031800000000000003,RT,unknow,nasicon,10.1149/1.2086597
trgrp_0160,trpair_002058,LiTi2(PO4)3,Li1.3Sc0.3Ti1.7(PO4)3,2e-06,0.000703,0.0007009999999999999,RT,unknow,nasicon,10.1149/1.2086597
trgrp_0160,trpair_002059,LiTi2(PO4)3,Li1.4Sc0.4Ti1.6(PO4)3,2e-06,0.000515,0.000513,RT,unknow,nasicon,10.1149/1.2086597
trgrp_0160,trpair_002060,Li1.2Ti2Si0.2P2.8O12,Li1.2Sc0.2Ti1.8(PO4)3,8.6e-05,0.00069,0.0006039999999999999,RT,unknow,nasicon,10.1149/1.2086597
trgrp_0160,trpair_002061,Li1.2Ti2Si0.2P2.8O12,Li1.3Ti2Si0.3P2.7O12,8.6e-05,0.00032,0.00023400000000000002,RT,unknow,nasicon,10.1149/1.2086597
trgrp_0160,trpair_002062,Li1.2Ti2Si0.2P2.8O12,Li1.3Sc0.3Ti1.7(PO4)3,8.6e-05,0.000703,0.0006169999999999999,RT,unknow,nasicon,10.1149/1.2086597
trgrp_0160,trpair_002063,Li1.2Ti2Si0.2P2.8O12,Li1.4Sc0.4Ti1.6(PO4)3,8.6e-05,0.000515,0.000429,RT,unknow,nasicon,10.1149/1.2086597
trgrp_0160,trpair_002064,Li1.2Sc0.2Ti1.8(PO4)3,Li1.3Ti2Si0.3P2.7O12,0.00069,0.00032,-0.00036999999999999994,RT,unknow,nasicon,10.1149/1.2086597
trgrp_0160,trpair_002065,Li1.2Sc0.2Ti1.8(PO4)3,Li1.3Sc0.3Ti1.7(PO4)3,0.00069,0.000703,1.299999999999999e-05,RT,unknow,nasicon,10.1149/1.2086597
trgrp_0160,trpair_002066,Li1.2Sc0.2Ti1.8(PO4)3,Li1.4Sc0.4Ti1.6(PO4)3,0.00069,0.000515,-0.00017499999999999992,RT,unknow,nasicon,10.1149/1.2086597
trgrp_0160,trpair_002067,Li1.3Ti2Si0.3P2.7O12,Li1.3Sc0.3Ti1.7(PO4)3,0.00032,0.000703,0.00038299999999999993,RT,unknow,nasicon,10.1149/1.2086597
trgrp_0160,trpair_002068,Li1.3Ti2Si0.3P2.7O12,Li1.4Sc0.4Ti1.6(PO4)3,0.00032,0.000515,0.00019500000000000002,RT,unknow,nasicon,10.1149/1.2086597
trgrp_0160,trpair_002069,Li1.3Sc0.3Ti1.7(PO4)3,Li1.4Sc0.4Ti1.6(PO4)3,0.000703,0.000515,-0.0001879999999999999,RT,unknow,nasicon,10.1149/1.2086597
trgrp_0161,trpair_002070,Li1.2La0.2Ti1.8(PO4)3,Li1.3La0.3Ti1.7(PO4)3,0.000528,0.000528,0.0,RT,unknow,nasicon,10.1149/1.2096693
trgrp_0162,trpair_002071,Li6.8La3Zr1.8Ta0.2O12,Li6.75La3Zr1.75Ta0.25O12,0.00073,0.00063,-9.999999999999994e-05,RT,unknow,garnet,10.1149/2.024205esl
trgrp_0162,trpair_002072,Li6.8La3Zr1.8Ta0.2O12,Li6.7La3Zr1.7Ta0.3O12,0.00073,0.00069,-3.9999999999999996e-05,RT,unknow,garnet,10.1149/2.024205esl
trgrp_0162,trpair_002073,Li6.8La3Zr1.8Ta0.2O12,Li6.65La3Zr1.65Ta0.35O12,0.00073,0.00046,-0.00026999999999999995,RT,unknow,garnet,10.1149/2.024205esl
trgrp_0162,trpair_002074,Li6.8La3Zr1.8Ta0.2O12,Li6.6La3Zr1.6Ta0.4O12,0.00073,0.00047,-0.00026,RT,unknow,garnet,10.1149/2.024205esl
trgrp_0162,trpair_002075,Li6.8La3Zr1.8Ta0.2O12,Li6.55La3Zr1.55Ta0.45O12,0.00073,0.0004,-0.00032999999999999994,RT,unknow,garnet,10.1149/2.024205esl
trgrp_0162,trpair_002076,Li6.8La3Zr1.8Ta0.2O12,Li6.5La3Zr1.5Ta0.5O12,0.00073,0.00028,-0.00045,RT,unknow,garnet,10.1149/2.024205esl
trgrp_0162,trpair_002077,Li6.8La3Zr1.8Ta0.2O12,Li6La3ZrTaO12,0.00073,0.00035,-0.00037999999999999997,RT,unknow,garnet,10.1149/2.024205esl
trgrp_0162,trpair_002078,Li6.8La3Zr1.8Ta0.2O12,Li5La3Ta2O12,0.00073,3.4e-05,-0.000696,RT,unknow,garnet,10.1149/2.024205esl
trgrp_0162,trpair_002079,Li6.75La3Zr1.75Ta0.25O12,Li6.7La3Zr1.7Ta0.3O12,0.00063,0.00069,5.999999999999994e-05,RT,unknow,garnet,10.1149/2.024205esl
trgrp_0162,trpair_002080,Li6.75La3Zr1.75Ta0.25O12,Li6.65La3Zr1.65Ta0.35O12,0.00063,0.00046,-0.00017,RT,unknow,garnet,10.1149/2.024205esl
trgrp_0162,trpair_002081,Li6.75La3Zr1.75Ta0.25O12,Li6.6La3Zr1.6Ta0.4O12,0.00063,0.00047,-0.00016000000000000004,RT,unknow,garnet,10.1149/2.024205esl
trgrp_0162,trpair_002082,Li6.75La3Zr1.75Ta0.25O12,Li6.55La3Zr1.55Ta0.45O12,0.00063,0.0004,-0.00023,RT,unknow,garnet,10.1149/2.024205esl
trgrp_0162,trpair_002083,Li6.75La3Zr1.75Ta0.25O12,Li6.5La3Zr1.5Ta0.5O12,0.00063,0.00028,-0.00035000000000000005,RT,unknow,garnet,10.1149/2.024205esl
trgrp_0162,trpair_002084,Li6.75La3Zr1.75Ta0.25O12,Li6La3ZrTaO12,0.00063,0.00035,-0.00028000000000000003,RT,unknow,garnet,10.1149/2.024205esl
trgrp_0162,trpair_002085,Li6.75La3Zr1.75Ta0.25O12,Li5La3Ta2O12,0.00063,3.4e-05,-0.0005960000000000001,RT,unknow,garnet,10.1149/2.024205esl
trgrp_0162,trpair_002086,Li6.7La3Zr1.7Ta0.3O12,Li6.65La3Zr1.65Ta0.35O12,0.00069,0.00046,-0.00022999999999999995,RT,unknow,garnet,10.1149/2.024205esl
trgrp_0162,trpair_002087,Li6.7La3Zr1.7Ta0.3O12,Li6.6La3Zr1.6Ta0.4O12,0.00069,0.00047,-0.00021999999999999998,RT,unknow,garnet,10.1149/2.024205esl
trgrp_0162,trpair_002088,Li6.7La3Zr1.7Ta0.3O12,Li6.55La3Zr1.55Ta0.45O12,0.00069,0.0004,-0.00028999999999999995,RT,unknow,garnet,10.1149/2.024205esl
trgrp_0162,trpair_002089,Li6.7La3Zr1.7Ta0.3O12,Li6.5La3Zr1.5Ta0.5O12,0.00069,0.00028,-0.00041,RT,unknow,garnet,10.1149/2.024205esl
trgrp_0162,trpair_002090,Li6.7La3Zr1.7Ta0.3O12,Li6La3ZrTaO12,0.00069,0.00035,-0.00033999999999999997,RT,unknow,garnet,10.1149/2.024205esl
trgrp_0162,trpair_002091,Li6.7La3Zr1.7Ta0.3O12,Li5La3Ta2O12,0.00069,3.4e-05,-0.000656,RT,unknow,garnet,10.1149/2.024205esl
trgrp_0162,trpair_002092,Li6.65La3Zr1.65Ta0.35O12,Li6.6La3Zr1.6Ta0.4O12,0.00046,0.00047,9.999999999999972e-06,RT,unknow,garnet,10.1149/2.024205esl
trgrp_0162,trpair_002093,Li6.65La3Zr1.65Ta0.35O12,Li6.55La3Zr1.55Ta0.45O12,0.00046,0.0004,-5.9999999999999995e-05,RT,unknow,garnet,10.1149/2.024205esl
trgrp_0162,trpair_002094,Li6.65La3Zr1.65Ta0.35O12,Li6.5La3Zr1.5Ta0.5O12,0.00046,0.00028,-0.00018000000000000004,RT,unknow,garnet,10.1149/2.024205esl
trgrp_0162,trpair_002095,Li6.65La3Zr1.65Ta0.35O12,Li6La3ZrTaO12,0.00046,0.00035,-0.00011000000000000002,RT,unknow,garnet,10.1149/2.024205esl
trgrp_0162,trpair_002096,Li6.65La3Zr1.65Ta0.35O12,Li5La3Ta2O12,0.00046,3.4e-05,-0.000426,RT,unknow,garnet,10.1149/2.024205esl
trgrp_0162,trpair_002097,Li6.6La3Zr1.6Ta0.4O12,Li6.55La3Zr1.55Ta0.45O12,0.00047,0.0004,-6.999999999999997e-05,RT,unknow,garnet,10.1149/2.024205esl
trgrp_0162,trpair_002098,Li6.6La3Zr1.6Ta0.4O12,Li6.5La3Zr1.5Ta0.5O12,0.00047,0.00028,-0.00019,RT,unknow,garnet,10.1149/2.024205esl
trgrp_0162,trpair_002099,Li6.6La3Zr1.6Ta0.4O12,Li6La3ZrTaO12,0.00047,0.00035,-0.00011999999999999999,RT,unknow,garnet,10.1149/2.024205esl
trgrp_0162,trpair_002100,Li6.6La3Zr1.6Ta0.4O12,Li5La3Ta2O12,0.00047,3.4e-05,-0.00043599999999999997,RT,unknow,garnet,10.1149/2.024205esl
trgrp_0162,trpair_002101,Li6.55La3Zr1.55Ta0.45O12,Li6.5La3Zr1.5Ta0.5O12,0.0004,0.00028,-0.00012000000000000004,RT,unknow,garnet,10.1149/2.024205esl
trgrp_0162,trpair_002102,Li6.55La3Zr1.55Ta0.45O12,Li6La3ZrTaO12,0.0004,0.00035,-5.000000000000002e-05,RT,unknow,garnet,10.1149/2.024205esl
trgrp_0162,trpair_002103,Li6.55La3Zr1.55Ta0.45O12,Li5La3Ta2O12,0.0004,3.4e-05,-0.000366,RT,unknow,garnet,10.1149/2.024205esl
trgrp_0162,trpair_002104,Li6.5La3Zr1.5Ta0.5O12,Li6La3ZrTaO12,0.00028,0.00035,7.000000000000002e-05,RT,unknow,garnet,10.1149/2.024205esl
trgrp_0162,trpair_002105,Li6.5La3Zr1.5Ta0.5O12,Li5La3Ta2O12,0.00028,3.4e-05,-0.00024599999999999996,RT,unknow,garnet,10.1149/2.024205esl
trgrp_0162,trpair_002106,Li6La3ZrTaO12,Li5La3Ta2O12,0.00035,3.4e-05,-0.000316,RT,unknow,garnet,10.1149/2.024205esl
trgrp_0163,trpair_002107,Li6.5La2.95Ba0.05Zr1.45Ta0.55O12,Li6.5La2.9Ba0.1Zr1.4Ta0.6O12,0.000832,0.000834,2.0000000000000486e-06,RT,unknow,garnet,10.3389/fenrg.2016.00028
trgrp_0163,trpair_002108,Li6.5La2.95Ba0.05Zr1.45Ta0.55O12,Li6.5La2.8Ba0.2Zr1.3Ta0.7O12,0.000832,0.000631,-0.0002009999999999999,RT,unknow,garnet,10.3389/fenrg.2016.00028
trgrp_0163,trpair_002109,Li6.5La2.95Ba0.05Zr1.45Ta0.55O12,Li6.5La2.7Ba0.3Zr1.2Ta0.8O12,0.000832,0.000492,-0.0003399999999999999,RT,unknow,garnet,10.3389/fenrg.2016.00028
trgrp_0163,trpair_002110,Li6.5La2.95Ba0.05Zr1.45Ta0.55O12,Li6.5La3Zr1.5Ta0.5O12,0.000832,0.000794,-3.799999999999995e-05,RT,unknow,garnet,10.3389/fenrg.2016.00028
trgrp_0163,trpair_002111,Li6.5La2.9Ba0.1Zr1.4Ta0.6O12,Li6.5La2.8Ba0.2Zr1.3Ta0.7O12,0.000834,0.000631,-0.00020299999999999995,RT,unknow,garnet,10.3389/fenrg.2016.00028
trgrp_0163,trpair_002112,Li6.5La2.9Ba0.1Zr1.4Ta0.6O12,Li6.5La2.7Ba0.3Zr1.2Ta0.8O12,0.000834,0.000492,-0.00034199999999999996,RT,unknow,garnet,10.3389/fenrg.2016.00028
trgrp_0163,trpair_002113,Li6.5La2.9Ba0.1Zr1.4Ta0.6O12,Li6.5La3Zr1.5Ta0.5O12,0.000834,0.000794,-3.9999999999999996e-05,RT,unknow,garnet,10.3389/fenrg.2016.00028
trgrp_0163,trpair_002114,Li6.5La2.8Ba0.2Zr1.3Ta0.7O12,Li6.5La2.7Ba0.3Zr1.2Ta0.8O12,0.000631,0.000492,-0.00013900000000000002,RT,unknow,garnet,10.3389/fenrg.2016.00028
trgrp_0163,trpair_002115,Li6.5La2.8Ba0.2Zr1.3Ta0.7O12,Li6.5La3Zr1.5Ta0.5O12,0.000631,0.000794,0.00016299999999999995,RT,unknow,garnet,10.3389/fenrg.2016.00028
trgrp_0163,trpair_002116,Li6.5La2.7Ba0.3Zr1.2Ta0.8O12,Li6.5La3Zr1.5Ta0.5O12,0.000492,0.000794,0.00030199999999999997,RT,unknow,garnet,10.3389/fenrg.2016.00028
