ID,True Composition,Ionic conductivity (S cm-1),conductivity_value,conductivity_qualifier,conductivity_used,sample_weight,log10_conductivity,Z_by_element,χₐₗₗ,χ⁻,χ⁺(incl Li⁺),χ⁺(excl Li⁺),χ⁺(incl Li⁺) - χ⁻,χ⁺(excl Li⁺) - χ⁻,χₘₐₓ - χₘᵢₙ,rₐₗₗ (pm),r⁻ (pm),r⁺(incl Li⁺) (pm),r⁺(excl Li⁺) (pm),r⁺(excl Li⁺) - r⁻,r⁺(incl Li⁺) - r⁻,r⁺(excl Li⁺) / r⁻,r⁺(incl Li⁺) / r⁻,ρₐₗₗ (C m⁻³),ρ⁻ (C m⁻³),ρ⁺(incl Li⁺) (C m⁻³),ρ⁺(excl Li⁺) (C m⁻³),ρ⁺(incl Li⁺) / ρ⁻,ρ⁺(incl Li⁺) - ρ⁻,Φ⁺(incl Li⁺) (|Z| pm⁻¹),Φ⁺(excl Li⁺) (|Z| pm⁻¹),nₕₐₗᵢdₑ,nₕₒₛₜ cₐₜᵢₒₙ,nₐₙᵢₒₙ,n_Li,Family,family,r_ratio_x_chi_diff,log_rho_ratio,n_Li × r⁻ (pm),chi_range_x_r_avg,field_x_r_diff,ir_mean_square_all,d_mean_c,r_mean_l,s_mean_square_c,entropy_c_l,Vs_variance_c_l,mp_variance_c_l,atwt_geometric_mean_all
pred_0001,Li5.37P0.97W0.03S4.4ClBr0.6,1e-06,1e-06,exact,1e-06,1.0,-6.0,"[{""element"": ""Li"", ""value"": 1.0}, {""element"": ""Cl"", ""value"": -1.0}, {""element"": ""Br"", ""value"": -1.0}, {""element"": ""P"", ""value"": 5.0}, {""element"": ""W"", ""value"": 6.0}, {""element"": ""S"", ""value"": -2.0}]",1.9180194017784966,2.7146666666666674,1.1676452119309262,2.1753,-1.5470214547357413,-0.5393666666666674,2.18,120.34721099434115,184.70000000000002,59.73233908948195,18.02,-166.68,-124.96766091051808,0.0975636166756903,0.32340194417694607,3115417804645.04,10587218198.238935,6039905013229.152,37806409611235.11,570.490274228392,6029317795030.913,0.05783031161182421,0.2888235294117647,0.1293451899757478,0.08084074373484236,0.35569927243330646,0.4341147938561035,unknown,0.0,-0.5003097461449861,2.756248244924355,80.18100242522233,262.3569199676637,-7.226918771856044,18561.230598221508,0.11302982731554159,104.5957142857143,13.747252747252748,0.13474216817976675,12598589988026.146,331997.747139,17.41545987694972
pred_0002,Li5.35P0.95W0.05S4.4ClBr0.6,1e-06,1e-06,exact,1e-06,1.0,-6.0,"[{""element"": ""Li"", ""value"": 1.0}, {""element"": ""Cl"", ""value"": -1.0}, {""element"": ""Br"", ""value"": -1.0}, {""element"": ""P"", ""value"": 5.0}, {""element"": ""W"", ""value"": 6.0}, {""element"": ""S"", ""value"": -2.0}]",1.9187449392712552,2.7146666666666674,1.1666929133858268,2.1654999999999998,-1.5479737532808406,-0.5491666666666677,2.18,120.48785425101214,184.70000000000002,59.81496062992126,18.7,-166.00000000000003,-124.88503937007876,0.1012452625879805,0.32384927249551304,3060031179335.499,10587218198.238935,5941395552063.619,37062563528744.555,561.1857091083571,5930808333865.38,0.0574099806151682,0.2852941176470588,0.12955465587044535,0.08097165991902834,0.35627530364372473,0.4331983805668016,unknown,0.0,-0.501310173842149,2.7491066029578786,80.01174089068826,262.6635222672065,-7.169647689360739,18587.654858299593,0.18897637795275596,104.65,14.10236220472441,0.1985152433458726,20564708743341.652,541920.721275,17.491798900448753
pred_0003,Li5.33P0.93W0.07S4.4ClBr0.6,1e-06,1e-06,exact,1e-06,1.0,-6.0,"[{""element"": ""Li"", ""value"": 1.0}, {""element"": ""Cl"", ""value"": -1.0}, {""element"": ""Br"", ""value"": -1.0}, {""element"": ""P"", ""value"": 5.0}, {""element"": ""W"", ""value"": 6.0}, {""element"": ""S"", ""value"": -2.0}]",1.9194728304947284,2.7146666666666674,1.165734597156398,2.1557000000000004,-1.5489320695102695,-0.5589666666666671,2.18,120.62895377128955,184.70000000000002,59.898104265402836,19.380000000000003,-165.32000000000002,-124.80189573459718,0.10492690850027071,0.32429942753331253,3004464873165.2627,10587218198.238935,5842263598252.488,36318717446254.01,551.8223473682901,5831676380054.249,0.05698699349847013,0.281764705882353,0.12976480129764803,0.08110300081103,0.35685320356853206,0.43227899432278993,unknown,0.0,-0.5023177834301694,2.741799284295052,79.84193025141931,262.97111922141124,-7.112084820824237,18614.164841849146,0.26540284360189575,104.70428571428572,14.459715639810428,0.25363894692169137,28184474509295.61,742716.609579,17.56872183350054
pred_0004,Li5.3P0.9W0.1S4.4ClBr0.6,1e-06,1e-06,exact,1e-06,1.0,-6.0,"[{""element"": ""Li"", ""value"": 1.0}, {""element"": ""Cl"", ""value"": -1.0}, {""element"": ""Br"", ""value"": -1.0}, {""element"": ""P"", ""value"": 5.0}, {""element"": ""W"", ""value"": 6.0}, {""element"": ""S"", ""value"": -2.0}]",1.9205691056910572,2.7146666666666674,1.1642857142857144,2.141,-1.550380952380953,-0.5736666666666674,2.18,120.84146341463415,184.70000000000002,60.02380952380953,20.400000000000002,-164.3,-124.67619047619048,0.11044937736870601,0.3249800190785573,2920776594969.8447,10587218198.238935,5692385525228.516,35202948322518.164,537.6658361660459,5681798307030.276,0.056347477262509944,0.27647058823529413,0.13008130081300814,0.0813008130081301,0.3577235772357724,0.43089430894308944,unknown,0.0,-0.5038428314837939,2.730512441840814,79.58617886178862,263.43439024390244,-7.025188808033502,18654.091463414636,0.38095238095238104,104.78571428571429,15.000000000000002,0.3250829733914482,38964711303173.65,1026797.1561000001,17.68521415665706
pred_0005,Li5.2P0.8W0.2S4.4ClBr0.6,1e-06,1e-06,exact,1e-06,1.0,-6.0,"[{""element"": ""Li"", ""value"": 1.0}, {""element"": ""Cl"", ""value"": -1.0}, {""element"": ""Br"", ""value"": -1.0}, {""element"": ""P"", ""value"": 5.0}, {""element"": ""W"", ""value"": 6.0}, {""element"": ""S"", ""value"": -2.0}]",1.9242622950819672,2.7146666666666674,1.1593548387096773,2.092,-1.5553118279569902,-0.6226666666666674,2.18,121.55737704918032,184.70000000000002,60.45161290322581,23.800000000000004,-160.9,-124.24838709677421,0.12885760693015702,0.3272962257889865,2638843133180.3623,10587218198.238935,5182316599292.096,31483717910065.387,489.4880319132476,5171729381093.856,0.05417105910464545,0.25882352941176473,0.13114754098360656,0.08196721311475409,0.36065573770491804,0.4262295081967213,unknown,0.0,-0.5090476912152924,2.689742077676282,78.72459016393442,264.99508196721314,-6.730666721076223,18788.59836065574,0.7741935483870968,105.05714285714286,16.838709677419352,0.5004024235381879,69270597872308.72,1825417.1664,18.083373693055687
pred_0006,Li5.15P0.75W0.25S4.4ClBr0.6,1e-06,1e-06,exact,1e-06,1.0,-6.0,"[{""element"": ""Li"", ""value"": 1.0}, {""element"": ""Cl"", ""value"": -1.0}, {""element"": ""Br"", ""value"": -1.0}, {""element"": ""P"", ""value"": 5.0}, {""element"": ""W"", ""value"": 6.0}, {""element"": ""S"", ""value"": -2.0}]",1.9261316872427985,2.7146666666666674,1.1568292682926828,2.0675,-1.5578373983739846,-0.6471666666666676,2.18,121.91975308641973,184.70000000000002,60.67073170731707,25.5,-159.20000000000002,-124.02926829268296,0.1380617217108825,0.328482575567499,2496136072274.576,10587218198.238935,4921061783568.563,29624102703839.0,464.81159558864357,4910474565370.324,0.05305630834086118,0.25,0.13168724279835392,0.0823045267489712,0.36213991769547327,0.42386831275720166,unknown,0.0,-0.5117224409332585,2.6672769537999743,78.28847736625515,265.785061728395,-6.5805351018279845,18856.682098765432,0.975609756097561,105.19285714285715,17.78048780487805,0.5623351446188083,81176481881611.78,2139160.7418750003,18.28831569855389
pred_0007,Li5.12P0.72W0.28S4.4ClBr0.6,1e-06,1e-06,exact,1e-06,1.0,-6.0,"[{""element"": ""Li"", ""value"": 1.0}, {""element"": ""Cl"", ""value"": -1.0}, {""element"": ""Br"", ""value"": -1.0}, {""element"": ""P"", ""value"": 5.0}, {""element"": ""W"", ""value"": 6.0}, {""element"": ""S"", ""value"": -2.0}]",1.9272607260726076,2.7146666666666674,1.1552941176470588,2.0528,-1.5593725490196086,-0.6618666666666675,2.18,122.13861386138615,184.70000000000002,60.80392156862745,26.520000000000003,-158.18,-123.89607843137256,0.14358419057931782,0.3292036901387517,2409946659252.269,10587218198.238935,4762259836756.22,28508333580103.16,449.81219311682537,4751672618557.98,0.05237871473934527,0.24470588235294116,0.13201320132013203,0.08250825082508251,0.3630363036303631,0.4224422442244225,unknown,0.0,-0.5133511974383267,2.653031223735412,78.02508250825085,266.2621782178218,-6.489517349480412,18897.801980198023,1.0980392156862746,105.27428571428572,18.35294117647059,0.5929533174474745,87280953319108.97,2300025.629664,18.413215882243467
pred_0008,Li5.1P0.7W0.3S4.4ClBr0.6,1e-06,1e-06,exact,1e-06,1.0,-6.0,"[{""element"": ""Li"", ""value"": 1.0}, {""element"": ""Cl"", ""value"": -1.0}, {""element"": ""Br"", ""value"": -1.0}, {""element"": ""P"", ""value"": 5.0}, {""element"": ""W"", ""value"": 6.0}, {""element"": ""S"", ""value"": -2.0}]",1.92801652892562,2.7146666666666674,1.154262295081967,2.043,-1.5604043715847005,-0.6716666666666673,2.18,122.28512396694214,184.70000000000002,60.89344262295082,27.199999999999996,-157.50000000000003,-123.80655737704919,0.147265836491608,0.3296883737030364,2352249614171.2207,10587218198.238935,4655524102013.498,27764487497612.605,439.7306275210132,4644936883815.259,0.051923282974391936,0.24117647058823527,0.1322314049586777,0.08264462809917356,0.3636363636363637,0.4214876033057851,unknown,0.0,-0.5144471795868684,2.643186715563157,77.84876033057851,266.5815702479339,-6.428442912773816,18925.328512396696,1.180327868852459,105.32857142857142,18.737704918032787,0.6108643020548935,90917659707405.17,2395860.0309,18.497303028500916
pred_0009,Li5.08P0.68W0.32S4.4ClBr0.6,1e-06,1e-06,exact,1e-06,1.0,-6.0,"[{""element"": ""Li"", ""value"": 1.0}, {""element"": ""Cl"", ""value"": -1.0}, {""element"": ""Br"", ""value"": -1.0}, {""element"": ""P"", ""value"": 5.0}, {""element"": ""W"", ""value"": 6.0}, {""element"": ""S"", ""value"": -2.0}]",1.9287748344370863,2.7146666666666674,1.1532236842105263,2.0332,-1.561442982456141,-0.6814666666666676,2.18,122.43211920529801,184.70000000000002,60.983552631578945,27.880000000000003,-156.82000000000002,-123.71644736842107,0.15094748240389821,0.33017624597498074,2294361519272.0234,10587218198.238935,4548086158489.574,27020641415122.055,429.582735835755,4537498940291.335,0.051464854947827085,0.23764705882352943,0.13245033112582782,0.08278145695364239,0.3642384105960265,0.4205298013245033,unknown,0.0,-0.5155513822513463,2.633046819521284,77.67185430463577,266.90201986754965,-6.3670490184762745,18952.94619205298,1.263157894736842,105.38285714285715,19.125,0.6268694575724263,94208013106339.86,2482567.346304,18.58205451889134
pred_0010,Li5.05P0.65W0.35S4.4ClBr0.6,1e-06,1e-06,exact,1e-06,1.0,-6.0,"[{""element"": ""Li"", ""value"": 1.0}, {""element"": ""Cl"", ""value"": -1.0}, {""element"": ""Br"", ""value"": -1.0}, {""element"": ""P"", ""value"": 5.0}, {""element"": ""W"", ""value"": 6.0}, {""element"": ""S"", ""value"": -2.0}]",1.929917012448133,2.7146666666666674,1.1516528925619833,2.0185,-1.5630137741046841,-0.6961666666666675,2.18,122.65352697095436,184.70000000000002,61.11983471074381,28.9,-155.8,-123.5801652892562,0.15646995127233349,0.33091410238626856,2207169077577.3813,10587218198.238935,4385597367870.745,25904872291386.22,414.23509799771955,4375010149672.5063,0.05077152991591495,0.2323529411764706,0.1327800829875519,0.08298755186721993,0.36514522821576767,0.4190871369294606,unknown,0.0,-0.5172233000752254,2.6172468937388818,77.40539419087138,267.3846887966805,-6.274354058997186,18994.544605809133,1.3884297520661155,105.46428571428572,19.71074380165289,0.6474466390346325,98494131349688.95,2595515.033475,18.71044275522865
pred_0011,Li5P0.6W0.4S4.4ClBr0.6,1e-06,1e-06,exact,1e-06,1.0,-6.0,"[{""element"": ""Li"", ""value"": 1.0}, {""element"": ""Cl"", ""value"": -1.0}, {""element"": ""Br"", ""value"": -1.0}, {""element"": ""P"", ""value"": 5.0}, {""element"": ""W"", ""value"": 6.0}, {""element"": ""S"", ""value"": -2.0}]",1.9318333333333335,2.7146666666666674,1.149,1.9939999999999998,-1.5656666666666674,-0.7206666666666677,2.18,123.02499999999999,184.70000000000002,61.349999999999994,30.6,-154.10000000000002,-123.35000000000002,0.165674066053059,0.3321602598808879,2060879536511.926,10587218198.238935,4111171854825.6133,24045257085159.83,388.31464298237097,4100584636627.3745,0.04960058097313,0.2235294117647059,0.13333333333333333,0.08333333333333333,0.3666666666666667,0.4166666666666667,unknown,0.0,-0.5200522468868437,2.589183767693969,76.95833333333334,268.1945,-6.118231663035586,19064.337499999998,1.6,105.6,20.7,0.6730116670092565,103905896808463.06,2738125.7496,18.92784546538675
pred_0012,Li4.95P0.55W0.45S4.4ClBr0.6,1e-06,1e-06,exact,1e-06,1.0,-6.0,"[{""element"": ""Li"", ""value"": 1.0}, {""element"": ""Cl"", ""value"": -1.0}, {""element"": ""Br"", ""value"": -1.0}, {""element"": ""P"", ""value"": 5.0}, {""element"": ""W"", ""value"": 6.0}, {""element"": ""S"", ""value"": -2.0}]",1.9337656903765692,2.7146666666666674,1.1463025210084032,1.9695,-1.5683641456582642,-0.7451666666666674,2.18,123.39958158995815,184.70000000000002,61.58403361344538,32.3,-152.40000000000003,-123.11596638655465,0.17487818083378448,0.3334273611989462,1913365815186.5093,10587218198.238935,3832134148283.9253,22185641878933.44,361.9585500676049,3821546930085.6865,0.048409952216180586,0.2147058823529412,0.13389121338912133,0.08368200836820083,0.3682008368200837,0.4142259414225941,unknown,0.0,-0.5229355184858747,2.558658839849185,76.50753138075314,269.01108786610877,-5.960038049822006,19134.71443514644,1.8151260504201678,105.7357142857143,21.705882352941174,0.6881388137135884,107152956083727.56,2823692.1792750005,19.149625396908757
pred_0013,Li4.9P0.5W0.5S4.4ClBr0.6,1e-06,1e-06,exact,1e-06,1.0,-6.0,"[{""element"": ""Li"", ""value"": 1.0}, {""element"": ""Cl"", ""value"": -1.0}, {""element"": ""Br"", ""value"": -1.0}, {""element"": ""P"", ""value"": 5.0}, {""element"": ""W"", ""value"": 6.0}, {""element"": ""S"", ""value"": -2.0}]",1.935714285714286,2.7146666666666674,1.1435593220338982,1.9449999999999998,-1.5711073446327692,-0.7696666666666676,2.18,123.77731092436973,184.70000000000002,61.82203389830508,34.0,-150.70000000000002,-122.87796610169494,0.18408229561451,0.33471593881053097,1764612482757.5176,10587218198.238935,3548366989088.9873,20326026672707.05,335.1557437136054,3537779770890.7485,0.047199143310808316,0.20588235294117646,0.13445378151260504,0.08403361344537814,0.3697478991596639,0.411764705882353,unknown,0.0,-0.5258746698308778,2.525246666491941,76.0529411764706,269.83453781512605,-5.799734731774546,19205.68277310924,2.0338983050847457,105.87142857142857,22.728813559322035,0.6931471805599453,108235309175482.38,2852214.3225,19.375900582142275
pred_0014,Li4.8P0.4W0.6S4.4ClBr0.6,1e-06,1e-06,exact,1e-06,1.0,-6.0,"[{""element"": ""Li"", ""value"": 1.0}, {""element"": ""Cl"", ""value"": -1.0}, {""element"": ""Br"", ""value"": -1.0}, {""element"": ""P"", ""value"": 5.0}, {""element"": ""W"", ""value"": 6.0}, {""element"": ""S"", ""value"": -2.0}]",1.9396610169491528,2.7146666666666674,1.1379310344827587,1.896,-1.5767356321839088,-0.8186666666666675,2.18,124.54237288135593,184.70000000000002,62.31034482758621,37.4,-147.3,-122.3896551724138,0.202490525175961,0.33735974459981705,1463323953515.746,10587218198.238935,2966155059016.615,16606796260254.271,280.1637789528133,2955567840818.3765,0.04471489745323417,0.18823529411764706,0.13559322033898308,0.08474576271186442,0.37288135593220345,0.4067796610169492,unknown,0.0,-0.5319271301749945,2.4474119867036976,75.13220338983052,271.50237288135594,-5.4726408803711735,19349.42372881356,2.4827586206896552,106.14285714285714,24.82758620689655,0.6730116670092565,103905896808463.06,2738125.7495999997,19.842428719666103
pred_0015,Li5.46P0.97Y0.03S4.3O0.1ClBr0.6,1e-06,1e-06,exact,1e-06,1.0,-6.0,"[{""element"": ""Li"", ""value"": 1.0}, {""element"": ""Y"", ""value"": 3.0}, {""element"": ""O"", ""value"": -2.0}, {""element"": ""Cl"", ""value"": -1.0}, {""element"": ""Br"", ""value"": -1.0}, {""element"": ""P"", ""value"": 5.0}, {""element"": ""S"", ""value"": -2.0}]",1.9169903691813805,2.729,1.1628018575851393,2.1609,-1.5661981424148608,-0.5681000000000003,2.46,119.70613964686999,183.93666666666667,60.04930340557276,19.368499999999997,-164.56816666666668,-123.88736326109391,0.10529983146372844,0.3264672807972278,3090094743999.7803,10865553422.551289,5950059936486.37,37758409933879.07,547.6076279867266,5939194383063.818,0.05682987539808721,0.28623210618275446,0.12841091492776888,0.08025682182985554,0.35313001605136435,0.43820224719101125,unknown,0.0,-0.511312448743849,2.7384694890774934,80.60146067415731,294.47710353130014,-7.040503417525534,18357.541819823433,0.05108359133126935,104.16142857142859,13.476780185758514,0.13474216817976675,22520086807831.754,63887.155299,17.173799612662485
pred_0016,Li5.46P0.97Y0.03S4.2O0.2ClBr0.6,1e-06,1e-06,exact,1e-06,1.0,-6.0,"[{""element"": ""Li"", ""value"": 1.0}, {""element"": ""Y"", ""value"": 3.0}, {""element"": ""O"", ""value"": -2.0}, {""element"": ""Cl"", ""value"": -1.0}, {""element"": ""Br"", ""value"": -1.0}, {""element"": ""P"", ""value"": 5.0}, {""element"": ""S"", ""value"": -2.0}]",1.923892455858748,2.7433333333333336,1.1628018575851393,2.1609,-1.5805314757481943,-0.5824333333333338,2.46,119.33856340288925,183.17333333333332,60.04930340557276,19.368499999999997,-163.8048333333333,-123.12402992776056,0.1057386446353181,0.32782775916566875,3090228773802.82,11143888646.863638,5950059936486.37,37758409933879.07,533.9303114950784,5938916047839.507,0.05682987539808721,0.28623210618275446,0.12841091492776888,0.08025682182985554,0.3531300160513644,0.43820224719101125,unknown,0.0,-0.5181420919853381,2.7274845766761837,80.26696629213482,293.57286597110755,-6.997123279304994,18239.10875401284,0.05108359133126935,103.58999999999999,13.476780185758514,0.13474216817976675,22520086807831.754,63887.155299,17.07824409852188
pred_0017,Li5.46P0.97Y0.03S4O0.4ClBr0.6,1e-06,1e-06,exact,1e-06,1.0,-6.0,"[{""element"": ""Li"", ""value"": 1.0}, {""element"": ""Y"", ""value"": 3.0}, {""element"": ""O"", ""value"": -2.0}, {""element"": ""Cl"", ""value"": -1.0}, {""element"": ""Br"", ""value"": -1.0}, {""element"": ""P"", ""value"": 5.0}, {""element"": ""S"", ""value"": -2.0}]",1.937696629213483,2.7720000000000002,1.1628018575851393,2.1609,-1.609198142414861,-0.6111000000000004,2.46,118.60341091492775,181.64666666666665,60.04930340557276,19.368499999999997,-162.27816666666666,-121.59736326109389,0.1066273351194627,0.33058301871163487,3090496833408.899,11700559095.48834,5950059936486.37,37758409933879.07,508.5278308436282,5938359377390.882,0.05682987539808721,0.28623210618275446,0.12841091492776885,0.08025682182985554,0.35313001605136435,0.4382022471910112,unknown,0.0,-0.5319735796246601,2.706314726090748,79.59797752808987,291.76439085072224,-6.910363002863913,18002.242622391652,0.05108359133126935,102.44714285714286,13.476780185758514,0.13474216817976675,22520086807831.754,63887.155299,16.888725132866156
pred_0018,Li5.46P0.97Y0.03S3.6O0.8ClBr0.6,1e-06,1e-06,exact,1e-06,1.0,-6.0,"[{""element"": ""Li"", ""value"": 1.0}, {""element"": ""Y"", ""value"": 3.0}, {""element"": ""O"", ""value"": -2.0}, {""element"": ""Cl"", ""value"": -1.0}, {""element"": ""Br"", ""value"": -1.0}, {""element"": ""P"", ""value"": 5.0}, {""element"": ""S"", ""value"": -2.0}]",1.9653049759229533,2.829333333333334,1.1628018575851393,2.1609,-1.6665314757481946,-0.6684333333333341,2.46,117.13310593900478,178.59333333333333,60.04930340557276,19.368499999999997,-159.22483333333332,-118.54402992776058,0.10845029676359698,0.3362348542624179,3091032952621.0576,12813899992.737747,5950059936486.37,37758409933879.07,464.34418403909467,5937246036493.633,0.05682987539808721,0.28623210618275446,0.12841091492776885,0.08025682182985554,0.35313001605136435,0.4382022471910112,unknown,0.0,-0.5603459678719265,2.666840010332967,78.25999999999999,288.14744060995173,-6.736842449981755,17528.510359149277,0.05108359133126935,100.16142857142854,13.476780185758514,0.13474216817976675,22520086807831.754,63887.155299,16.515973195304493
pred_0019,Li5.5P0.95Y0.05S4.3O0.1ClBr0.6,1e-06,1e-06,exact,1e-06,1.0,-6.0,"[{""element"": ""Li"", ""value"": 1.0}, {""element"": ""Y"", ""value"": 3.0}, {""element"": ""O"", ""value"": -2.0}, {""element"": ""Cl"", ""value"": -1.0}, {""element"": ""Br"", ""value"": -1.0}, {""element"": ""P"", ""value"": 5.0}, {""element"": ""S"", ""value"": -2.0}]",1.91244,2.729,1.1586923076923077,2.1414999999999997,-1.5703076923076924,-0.5875000000000004,2.46,119.66539999999999,183.93666666666667,60.33807692307692,20.947499999999998,-162.98916666666668,-123.59858974358974,0.11388430800456678,0.32803724247337085,3018536706815.4424,10865553422.551289,5794848540716.573,36982564066484.49,533.3229072979802,5783982987294.021,0.055762547755926664,0.2809750789320418,0.128,0.08,0.352,0.44,unknown,0.0,-0.515119405219338,2.7269902379102358,80.93213333333334,294.37688399999996,-6.89217226314211,18327.64553,0.08461538461538462,104.30714285714286,13.646153846153846,0.1985152433458726,36759591868453.9,104283.15727499999,17.152999203866408
pred_0020,Li5.5P0.95Y0.05S4.2O0.2ClBr0.6,1e-06,1e-06,exact,1e-06,1.0,-6.0,"[{""element"": ""Li"", ""value"": 1.0}, {""element"": ""Y"", ""value"": 3.0}, {""element"": ""O"", ""value"": -2.0}, {""element"": ""Cl"", ""value"": -1.0}, {""element"": ""Br"", ""value"": -1.0}, {""element"": ""P"", ""value"": 5.0}, {""element"": ""S"", ""value"": -2.0}]",1.9193200000000001,2.7433333333333336,1.1586923076923077,2.1414999999999997,-1.584641025641026,-0.6018333333333339,2.46,119.299,183.17333333333332,60.33807692307692,20.947499999999998,-162.22583333333333,-122.83525641025639,0.11435889503566748,0.32940426330111877,3018670307723.113,11143888646.863638,5794848540716.573,36982564066484.49,520.0023729910016,5783704652069.71,0.055762547755926664,0.2809750789320418,0.12800000000000003,0.08000000000000002,0.3520000000000001,0.44000000000000006,unknown,0.0,-0.5219875096480114,2.7160053255089265,80.59626666666666,293.47554,-6.849606851688419,18209.59145,0.08461538461538462,103.73571428571428,13.646153846153846,0.1985152433458726,36759591868453.9,104283.15727499999,17.057863982584955
pred_0021,Li5.5P0.95Y0.05S4O0.4ClBr0.6,1e-06,1e-06,exact,1e-06,1.0,-6.0,"[{""element"": ""Li"", ""value"": 1.0}, {""element"": ""Y"", ""value"": 3.0}, {""element"": ""O"", ""value"": -2.0}, {""element"": ""Cl"", ""value"": -1.0}, {""element"": ""Br"", ""value"": -1.0}, {""element"": ""P"", ""value"": 5.0}, {""element"": ""S"", ""value"": -2.0}]",1.9330800000000001,2.7720000000000002,1.1586923076923077,2.1414999999999997,-1.6133076923076926,-0.6305000000000005,2.46,118.5662,181.64666666666665,60.33807692307692,20.947499999999998,-160.69916666666666,-121.30858974358972,0.11532003523323668,0.33217277272586115,3018937509538.4526,11700559095.48834,5794848540716.573,36982564066484.49,495.26253347594553,5783147981621.085,0.055762547755926664,0.2809750789320418,0.128,0.08,0.35200000000000004,0.44,unknown,0.0,-0.5358968894138066,2.6948354749234906,79.92453333333333,291.672852,-6.764476028781037,17973.48329,0.08461538461538462,102.59285714285714,13.646153846153846,0.1985152433458726,36759591868453.9,104283.15727499999,16.86917355136291
pred_0022,Li5.5P0.95Y0.05S3.6O0.8ClBr0.6,1e-06,1e-06,exact,1e-06,1.0,-6.0,"[{""element"": ""Li"", ""value"": 1.0}, {""element"": ""Y"", ""value"": 3.0}, {""element"": ""O"", ""value"": -2.0}, {""element"": ""Cl"", ""value"": -1.0}, {""element"": ""Br"", ""value"": -1.0}, {""element"": ""P"", ""value"": 5.0}, {""element"": ""S"", ""value"": -2.0}]",1.9605999999999997,2.829333333333334,1.1586923076923077,2.1414999999999997,-1.6706410256410262,-0.6878333333333342,2.46,117.10059999999997,178.59333333333333,60.33807692307692,20.947499999999998,-157.64583333333334,-118.25525641025641,0.11729161222889992,0.33785178761661644,3019471913169.1323,12813899992.737747,5794848540716.573,36982564066484.49,452.23144741263724,5782034640723.836,0.055762547755926664,0.2809750789320418,0.128,0.08,0.35200000000000004,0.44,unknown,0.0,-0.5644290569784782,2.6553607591657094,78.58106666666667,288.06747599999994,-6.594214382966276,17501.26697,0.08461538461538462,100.30714285714284,13.646153846153846,0.1985152433458726,36759591868453.9,104283.15727499999,16.49803135936037
pred_0023,Li5.54P0.93Y0.07S4.3O0.1ClBr0.6,1e-06,1e-06,exact,1e-06,1.0,-6.0,"[{""element"": ""Li"", ""value"": 1.0}, {""element"": ""Y"", ""value"": 3.0}, {""element"": ""O"", ""value"": -2.0}, {""element"": ""Cl"", ""value"": -1.0}, {""element"": ""Br"", ""value"": -1.0}, {""element"": ""P"", ""value"": 5.0}, {""element"": ""S"", ""value"": -2.0}]",1.9079186602870815,2.729,1.1546330275229357,2.1221,-1.5743669724770644,-0.6069,2.46,119.62492025518341,183.93666666666667,60.62331804281345,22.5265,-161.41016666666667,-123.31334862385322,0.12246878454540511,0.32958799972534086,2947435180235.152,10865553422.551289,5641535755292.584,36206718199089.914,519.2129232537446,5630670201870.032,0.054708276109388866,0.2757180516813291,0.12759170653907498,0.07974481658692185,0.3508771929824561,0.44178628389154706,unknown,0.0,-0.5188924612923564,2.7153454935533707,81.26069643806485,294.2773038277512,-6.746260724487089,18297.93996610845,0.11773700305810399,104.45285714285714,13.813455657492355,0.25363894692169137,50379988013396.805,142922.81133899998,17.132356445402916
pred_0024,Li5.54P0.93Y0.07S4.2O0.2ClBr0.6,1e-06,1e-06,exact,1e-06,1.0,-6.0,"[{""element"": ""Li"", ""value"": 1.0}, {""element"": ""Y"", ""value"": 3.0}, {""element"": ""O"", ""value"": -2.0}, {""element"": ""Cl"", ""value"": -1.0}, {""element"": ""Br"", ""value"": -1.0}, {""element"": ""P"", ""value"": 5.0}, {""element"": ""S"", ""value"": -2.0}]",1.9147767145135566,2.7433333333333336,1.1546330275229357,2.1221,-1.588700305810398,-0.6212333333333335,2.46,119.25968899521531,183.17333333333332,60.62331804281345,22.5265,-160.64683333333332,-122.55001529051987,0.12297914543601689,0.3309614829823125,2947568354983.627,11143888646.863638,5641535755292.584,36206718199089.914,506.244806823366,5630391866645.721,0.054708276109388866,0.2757180516813291,0.12759170653907498,0.07974481658692185,0.3508771929824562,0.44178628389154706,unknown,0.0,-0.5257986092254626,2.704360581152061,80.92346624136097,293.37883492822965,-6.7045000737235885,18180.262454146727,0.11773700305810399,103.88142857142857,13.813455657492355,0.25363894692169137,50379988013396.805,142922.81133899998,17.037637971526646
pred_0025,Li5.54P0.93Y0.07S4O0.4ClBr0.6,1e-06,1e-06,exact,1e-06,1.0,-6.0,"[{""element"": ""Li"", ""value"": 1.0}, {""element"": ""Y"", ""value"": 3.0}, {""element"": ""O"", ""value"": -2.0}, {""element"": ""Cl"", ""value"": -1.0}, {""element"": ""Br"", ""value"": -1.0}, {""element"": ""P"", ""value"": 5.0}, {""element"": ""S"", ""value"": -2.0}]",1.9284928229665073,2.7720000000000002,1.1546330275229357,2.1221,-1.6173669724770645,-0.6499000000000001,2.46,118.5292264752791,181.64666666666665,60.62331804281345,22.5265,-159.12016666666665,-121.0233486238532,0.12401273534701068,0.33374308020780336,2947834704480.5767,11700559095.48834,5641535755292.584,36206718199089.914,482.1595027427299,5629835196197.096,0.054708276109388866,0.2757180516813291,0.12759170653907498,0.07974481658692185,0.3508771929824562,0.44178628389154706,unknown,0.0,-0.5397850352208651,2.683190730566625,80.24900584795321,291.5818971291866,-6.620978772196588,17944.907430223284,0.11773700305810399,102.73857142857142,13.813455657492355,0.25363894692169137,50379988013396.805,142922.81133899998,16.849769119054027
pred_0026,Li5.54P0.93Y0.07S3.6O0.8ClBr0.6,1e-06,1e-06,exact,1e-06,1.0,-6.0,"[{""element"": ""Li"", ""value"": 1.0}, {""element"": ""Y"", ""value"": 3.0}, {""element"": ""O"", ""value"": -2.0}, {""element"": ""Cl"", ""value"": -1.0}, {""element"": ""Br"", ""value"": -1.0}, {""element"": ""P"", ""value"": 5.0}, {""element"": ""S"", ""value"": -2.0}]",1.9559250398724082,2.829333333333334,1.1546330275229357,2.1221,-1.6747003058103982,-0.7072333333333338,2.46,117.06830143540667,178.59333333333333,60.62331804281345,22.5265,-156.06683333333334,-117.97001529051988,0.12613292769420284,0.3394489419695404,2948367403474.476,12813899992.737747,5641535755292.584,36206718199089.914,440.2668788183077,5628721855299.847,0.054708276109388866,0.2757180516813291,0.12759170653907495,0.07974481658692184,0.3508771929824561,0.441786283891547,unknown,0.0,-0.5684752469234055,2.643716014808844,78.90008506113769,287.9880215311004,-6.4539361691425885,17474.197382376387,0.11773700305810399,100.45285714285713,13.813455657492355,0.25363894692169137,50379988013396.805,142922.81133899998,16.480223289612734
pred_0027,Li5.6P0.9Y0.1S4.3O0.1ClBr0.6,1e-06,1e-06,exact,1e-06,1.0,-6.0,"[{""element"": ""Li"", ""value"": 1.0}, {""element"": ""Y"", ""value"": 3.0}, {""element"": ""O"", ""value"": -2.0}, {""element"": ""Cl"", ""value"": -1.0}, {""element"": ""Br"", ""value"": -1.0}, {""element"": ""P"", ""value"": 5.0}, {""element"": ""S"", ""value"": -2.0}]",1.9011904761904763,2.729,1.1486363636363637,2.093,-1.5803636363636364,-0.6360000000000001,2.46,119.56468253968254,183.93666666666667,61.04469696969697,24.895,-159.04166666666666,-122.8919696969697,0.13534549935666262,0.33187889112029667,2841629337109.7197,10865553422.551289,5415050958643.509,35042949397998.04,498.3686286429418,5404185405220.957,0.05315082935882168,0.2678325108052601,0.126984126984127,0.07936507936507937,0.34920634920634924,0.4444444444444445,unknown,0.0,-0.5244893312032034,2.6975506965000973,81.74962962962964,294.12911904761904,-6.531810110933121,18253.735257936507,0.16666666666666669,104.67142857142858,14.060606060606062,0.3250829733914482,69649753013912.63,197589.14010000002,17.101684035796023
pred_0028,Li5.6P0.9Y0.1S4.2O0.2ClBr0.6,1e-06,1e-06,exact,1e-06,1.0,-6.0,"[{""element"": ""Li"", ""value"": 1.0}, {""element"": ""Y"", ""value"": 3.0}, {""element"": ""O"", ""value"": -2.0}, {""element"": ""Cl"", ""value"": -1.0}, {""element"": ""Br"", ""value"": -1.0}, {""element"": ""P"", ""value"": 5.0}, {""element"": ""S"", ""value"": -2.0}]",1.9080158730158732,2.7433333333333336,1.1486363636363637,2.093,-1.59469696969697,-0.6503333333333337,2.46,119.20119047619049,183.17333333333332,61.04469696969697,24.895,-158.2783333333333,-122.12863636363635,0.135909521036541,0.3332619211477124,2841761877692.725,11143888646.863638,5415050958643.509,35042949397998.04,485.921129530268,5403907069996.6455,0.05315082935882168,0.2678325108052601,0.126984126984127,0.07936507936507936,0.34920634920634924,0.4444444444444444,unknown,0.0,-0.5314517757696475,2.6865657840987875,81.41037037037036,293.2349285714286,-6.491238311189219,18136.618115079364,0.16666666666666669,104.1,14.060606060606062,0.3250829733914482,69649753013912.63,197589.14010000002,17.00758413023491
pred_0029,Li5.6P0.9Y0.1S4O0.4ClBr0.6,1e-06,1e-06,exact,1e-06,1.0,-6.0,"[{""element"": ""Li"", ""value"": 1.0}, {""element"": ""Y"", ""value"": 3.0}, {""element"": ""O"", ""value"": -2.0}, {""element"": ""Cl"", ""value"": -1.0}, {""element"": ""Br"", ""value"": -1.0}, {""element"": ""P"", ""value"": 5.0}, {""element"": ""S"", ""value"": -2.0}]",1.9216666666666669,2.7720000000000002,1.1486363636363637,2.093,-1.6233636363636366,-0.6790000000000003,2.46,118.47420634920634,181.64666666666665,61.04469696969697,24.895,-156.75166666666664,-120.60196969696968,0.1370517855176717,0.33606285262430896,2842026958858.737,11700559095.48834,5415050958643.509,35042949397998.04,462.8027527959341,5403350399548.0205,0.05315082935882168,0.2678325108052601,0.126984126984127,0.07936507936507936,0.34920634920634924,0.4444444444444444,unknown,0.0,-0.5455522144829351,2.6653959335133517,80.73185185185184,291.4465476190476,-6.410094711701418,17902.383829365077,0.16666666666666669,102.95714285714286,14.060606060606062,0.3250829733914482,69649753013912.63,197589.14010000002,16.820934789477075
pred_0030,Li5.6P0.9Y0.1S3.6O0.8ClBr0.6,1e-06,1e-06,exact,1e-06,1.0,-6.0,"[{""element"": ""Li"", ""value"": 1.0}, {""element"": ""Y"", ""value"": 3.0}, {""element"": ""O"", ""value"": -2.0}, {""element"": ""Cl"", ""value"": -1.0}, {""element"": ""Br"", ""value"": -1.0}, {""element"": ""P"", ""value"": 5.0}, {""element"": ""S"", ""value"": -2.0}]",1.948968253968254,2.829333333333334,1.1486363636363637,2.093,-1.6806969696969702,-0.736333333333334,2.46,117.0202380952381,178.59333333333333,61.04469696969697,24.895,-153.69833333333332,-117.54863636363636,0.13939490089215723,0.3418083745363599,2842557121190.7607,12813899992.737747,5415050958643.509,35042949397998.04,422.59194794032095,5402237058650.771,0.05315082935882168,0.2678325108052601,0.126984126984127,0.07936507936507936,0.34920634920634924,0.4444444444444444,unknown,0.0,-0.5744762993003072,2.625921217755571,79.37481481481481,287.86978571428574,-6.247807512725817,17433.915257936507,0.16666666666666669,100.67142857142855,14.060606060606062,0.3250829733914482,69649753013912.63,197589.14010000002,16.45375876476253
pred_0031,Li5.8P0.8Y0.2S4.3O0.1ClBr0.6,1e-06,1e-06,exact,1e-06,1.0,-6.0,"[{""element"": ""Li"", ""value"": 1.0}, {""element"": ""Y"", ""value"": 3.0}, {""element"": ""O"", ""value"": -2.0}, {""element"": ""Cl"", ""value"": -1.0}, {""element"": ""Br"", ""value"": -1.0}, {""element"": ""P"", ""value"": 5.0}, {""element"": ""S"", ""value"": -2.0}]",1.8792187500000004,2.729,1.1294117647058823,1.996,-1.5995882352941178,-0.7330000000000001,2.46,119.36796875,183.93666666666667,62.39558823529412,32.79,-151.14666666666668,-121.54107843137254,0.17826788206085428,0.3392232194158902,2496107130653.2275,10865553422.551289,4688967345856.765,31163720061025.133,431.5442723906622,4678101792434.213,0.04815783830553274,0.24154737455169667,0.12500000000000003,0.078125,0.34375,0.453125,unknown,0.0,-0.5426174709162531,2.63502535687316,83.34630208333333,293.645203125,-5.853155602578112,18109.3792578125,0.3235294117647059,105.4,14.852941176470587,0.5004024235381879,123821783135844.69,351269.5824000001,17.001901401608322
pred_0032,Li5.8P0.8Y0.2S4.2O0.2ClBr0.6,1e-06,1e-06,exact,1e-06,1.0,-6.0,"[{""element"": ""Li"", ""value"": 1.0}, {""element"": ""Y"", ""value"": 3.0}, {""element"": ""O"", ""value"": -2.0}, {""element"": ""Cl"", ""value"": -1.0}, {""element"": ""Br"", ""value"": -1.0}, {""element"": ""P"", ""value"": 5.0}, {""element"": ""S"", ""value"": -2.0}]",1.8859374999999998,2.7433333333333336,1.1294117647058823,1.996,-1.6139215686274513,-0.7473333333333336,2.46,119.01015625000002,183.17333333333332,62.39558823529412,32.79,-150.38333333333333,-120.77774509803919,0.17901077303828797,0.3406368552662003,2496237600289.624,11143888646.863638,4688967345856.765,31163720061025.133,420.7658111494535,4677823457209.901,0.04815783830553274,0.24154737455169667,0.12500000000000003,0.078125,0.34375000000000006,0.453125,unknown,0.0,-0.5497611677835481,2.6240404444718504,83.00041666666667,292.76498437500004,-5.816395119338221,17994.0920703125,0.3235294117647059,104.82857142857142,14.852941176470587,0.5004024235381879,123821783135844.69,351269.5824000001,16.90980830386537
pred_0033,Li5.8P0.8Y0.2S4O0.4ClBr0.6,1e-06,1e-06,exact,1e-06,1.0,-6.0,"[{""element"": ""Li"", ""value"": 1.0}, {""element"": ""Y"", ""value"": 3.0}, {""element"": ""O"", ""value"": -2.0}, {""element"": ""Cl"", ""value"": -1.0}, {""element"": ""Br"", ""value"": -1.0}, {""element"": ""P"", ""value"": 5.0}, {""element"": ""S"", ""value"": -2.0}]",1.899375,2.7720000000000002,1.1294117647058823,1.996,-1.642588235294118,-0.7760000000000002,2.46,118.29453124999998,181.64666666666665,62.39558823529412,32.79,-148.85666666666665,-119.25107843137252,0.18051528608654166,0.3434997700772239,2496498539562.416,11700559095.48834,4688967345856.765,31163720061025.133,400.7472897312061,4677266786761.276,0.04815783830553274,0.24154737455169667,0.125,0.078125,0.34375,0.45312499999999994,unknown,0.0,-0.5642286811550824,2.602870593886415,82.30864583333332,291.00454687499996,-5.74287415285844,17763.517695312497,0.3235294117647059,103.68571428571428,14.852941176470587,0.5004024235381879,123821783135844.69,351269.5824000001,16.72711591052082
pred_0034,Li5.8P0.8Y0.2S3.6O0.8ClBr0.6,1e-06,1e-06,exact,1e-06,1.0,-6.0,"[{""element"": ""Li"", ""value"": 1.0}, {""element"": ""Y"", ""value"": 3.0}, {""element"": ""O"", ""value"": -2.0}, {""element"": ""Cl"", ""value"": -1.0}, {""element"": ""Br"", ""value"": -1.0}, {""element"": ""P"", ""value"": 5.0}, {""element"": ""S"", ""value"": -2.0}]",1.9262499999999998,2.829333333333334,1.1294117647058823,1.996,-1.6999215686274516,-0.8333333333333339,2.46,116.86328124999999,178.59333333333333,62.39558823529412,32.79,-145.80333333333334,-116.1977450980392,0.18360147821867184,0.3493724377652812,2497020418108.002,12813899992.737747,4688967345856.765,31163720061025.133,365.9281989491277,4676153445864.027,0.04815783830553274,0.24154737455169667,0.125,0.078125,0.34375,0.45312499999999994,unknown,0.0,-0.5939057424411536,2.5633958781286337,80.92510416666666,287.48367187499997,-5.595832219898882,17302.368945312497,0.3235294117647059,101.39999999999998,14.852941176470587,0.5004024235381879,123821783135844.69,351269.5824000001,16.367631186828582
pred_0035,Li6P0.7Y0.3S4.3O0.1ClBr0.6,1e-06,1e-06,exact,1e-06,1.0,-6.0,"[{""element"": ""Li"", ""value"": 1.0}, {""element"": ""Y"", ""value"": 3.0}, {""element"": ""O"", ""value"": -2.0}, {""element"": ""Cl"", ""value"": -1.0}, {""element"": ""Br"", ""value"": -1.0}, {""element"": ""P"", ""value"": 5.0}, {""element"": ""S"", ""value"": -2.0}]",1.8579230769230768,2.729,1.1112857142857142,1.899,-1.6177142857142859,-0.8300000000000001,2.46,119.17730769230766,183.93666666666667,63.66928571428571,40.684999999999995,-143.25166666666667,-120.26738095238096,0.2211902647650459,0.3461478718088783,2161216376703.0886,10865553422.551289,4004374225229.263,27284490724052.223,368.5384507813699,3993508671806.712,0.04345016102671745,0.2152622382981332,0.12307692307692308,0.07692307692307693,0.3384615384615384,0.46153846153846156,unknown,0.0,-0.5599683571948197,2.566482805874896,84.89384615384616,293.17617692307687,-5.2256370686425235,17969.464980769237,0.4714285714285715,106.12857142857143,15.6,0.6108643020548935,162516090365796.12,461041.3269,16.905744638975087
pred_0036,Li6P0.7Y0.3S4.2O0.2ClBr0.6,1e-06,1e-06,exact,1e-06,1.0,-6.0,"[{""element"": ""Li"", ""value"": 1.0}, {""element"": ""Y"", ""value"": 3.0}, {""element"": ""O"", ""value"": -2.0}, {""element"": ""Cl"", ""value"": -1.0}, {""element"": ""Br"", ""value"": -1.0}, {""element"": ""P"", ""value"": 5.0}, {""element"": ""S"", ""value"": -2.0}]",1.864538461538462,2.7433333333333336,1.1112857142857142,1.899,-1.6320476190476194,-0.8443333333333336,2.46,118.82500000000003,183.17333333333332,63.66928571428571,40.684999999999995,-142.48833333333332,-119.50404761904761,0.22211202504003494,0.34759036457791737,2161344839114.31,11143888646.863638,4004374225229.263,27284490724052.223,359.3336538189713,3993230336582.3994,0.04345016102671745,0.2152622382981332,0.1230769230769231,0.07692307692307693,0.33846153846153854,0.4615384615384616,unknown,0.0,-0.5672840269132841,2.555497893473586,84.54153846153847,292.30950000000007,-5.192470112392129,17855.95144230769,0.4714285714285715,105.55714285714285,15.6,0.6108643020548935,162516090365796.12,461041.3269,16.81557742751469
pred_0037,Li6P0.7Y0.3S4O0.4ClBr0.6,1e-06,1e-06,exact,1e-06,1.0,-6.0,"[{""element"": ""Li"", ""value"": 1.0}, {""element"": ""Y"", ""value"": 3.0}, {""element"": ""O"", ""value"": -2.0}, {""element"": ""Cl"", ""value"": -1.0}, {""element"": ""Br"", ""value"": -1.0}, {""element"": ""P"", ""value"": 5.0}, {""element"": ""S"", ""value"": -2.0}]",1.8777692307692309,2.7720000000000002,1.1112857142857142,1.899,-1.660714285714286,-0.8730000000000002,2.46,118.12038461538461,181.64666666666665,63.66928571428571,40.684999999999995,-140.96166666666664,-117.97738095238094,0.2239787866554116,0.3505117208185436,2161601763936.7517,11700559095.48834,4004374225229.263,27284490724052.223,342.2378531273197,3992673666133.775,0.04345016102671745,0.2152622382981332,0.12307692307692308,0.07692307692307693,0.3384615384615385,0.46153846153846156,unknown,0.0,-0.5820998220736529,2.5343280428881503,83.83692307692307,290.57614615384614,-5.12613619989134,17628.924365384613,0.4714285714285715,104.41428571428573,15.6,0.6108643020548935,162516090365796.12,461041.3269,16.63668316687941
pred_0038,Li6P0.7Y0.3S3.6O0.8ClBr0.6,1e-06,1e-06,exact,1e-06,1.0,-6.0,"[{""element"": ""Li"", ""value"": 1.0}, {""element"": ""Y"", ""value"": 3.0}, {""element"": ""O"", ""value"": -2.0}, {""element"": ""Cl"", ""value"": -1.0}, {""element"": ""Br"", ""value"": -1.0}, {""element"": ""P"", ""value"": 5.0}, {""element"": ""S"", ""value"": -2.0}]",1.9042307692307692,2.829333333333334,1.1112857142857142,1.899,-1.7180476190476197,-0.9303333333333339,2.46,116.71115384615383,178.59333333333333,63.66928571428571,40.684999999999995,-137.90833333333333,-114.92404761904763,0.22780805554518643,0.35650426880969266,2162115613581.6365,12813899992.737747,4004374225229.263,27284490724052.223,312.502378471717,3991560325236.5254,0.04345016102671745,0.2152622382981332,0.12307692307692308,0.07692307692307693,0.3384615384615385,0.46153846153846156,unknown,0.0,-0.6124913102088051,2.4948533271303694,82.42769230769231,287.10943846153845,-4.993468374889764,17174.87021153846,0.4714285714285715,102.1285714285714,15.6,0.6108643020548935,162516090365796.12,461041.3269,16.284583953691488
pred_0039,Li5.43P0.97Si0.03S4.3Se0.1ClBr0.6,1e-06,1e-06,exact,1e-06,1.0,-6.0,"[{""element"": ""Li"", ""value"": 1.0}, {""element"": ""Si"", ""value"": 4.0}, {""element"": ""Cl"", ""value"": -1.0}, {""element"": ""Br"", ""value"": -1.0}, {""element"": ""P"", ""value"": 5.0}, {""element"": ""S"", ""value"": -2.0}, {""element"": ""Se"", ""value"": -2.0}]",1.9137329042638775,2.7141666666666673,1.166827371695179,2.1813,-1.5473392949714884,-0.5328666666666675,2.18,120.16130329847142,184.93333333333334,59.72083981337481,17.479999999999997,-167.45333333333335,-125.21249351995853,0.09452054794520547,0.32293172213432664,3107059325468.3696,10546805855.060167,5996495580161.972,37882219968881.35,568.5603454324478,5985948774306.911,0.057445556100756905,0.28893048128342247,0.12872083668543846,0.08045052292839903,0.3539823008849557,0.43684633950120677,unknown,0.0,-0.49968494325125756,2.754776566292821,80.78744971842318,261.9516411906677,-7.192901321016438,18533.003821399838,0.0,104.72142857142858,13.199066874027995,0.13474216817976675,28471972459.20251,54593.87241899999,17.38544447039548
pred_0040,Li5.43P0.97Si0.03S4.2Se0.2ClBr0.6,1e-06,1e-06,exact,1e-06,1.0,-6.0,"[{""element"": ""Li"", ""value"": 1.0}, {""element"": ""Si"", ""value"": 4.0}, {""element"": ""Cl"", ""value"": -1.0}, {""element"": ""Br"", ""value"": -1.0}, {""element"": ""P"", ""value"": 5.0}, {""element"": ""S"", ""value"": -2.0}, {""element"": ""Se"", ""value"": -2.0}]",1.9134915526950929,2.7136666666666667,1.166827371695179,2.1813,-1.5468392949714878,-0.5323666666666669,2.18,120.27393403057121,185.16666666666666,59.72083981337481,17.479999999999997,-167.68666666666667,-125.44582685329185,0.09440144014401439,0.3225247874709711,3107039818303.5215,10506393511.8814,5996495580161.972,37882219968881.35,570.7472857722962,5985989186650.09,0.057445556100756905,0.28893048128342247,0.1287208366854385,0.08045052292839905,0.35398230088495586,0.4368463395012068,unknown,0.0,-0.49889401486242585,2.7564438548501093,80.88938053097345,262.19717618664527,-7.206305284106614,18576.028761061945,0.0,104.90714285714286,13.199066874027995,0.13474216817976675,28471972459.20251,54593.87241899999,17.511947143730243
pred_0041,Li5.43P0.97Si0.03S4.1Se0.3ClBr0.6,1e-06,1e-06,exact,1e-06,1.0,-6.0,"[{""element"": ""Li"", ""value"": 1.0}, {""element"": ""Si"", ""value"": 4.0}, {""element"": ""Cl"", ""value"": -1.0}, {""element"": ""Br"", ""value"": -1.0}, {""element"": ""P"", ""value"": 5.0}, {""element"": ""S"", ""value"": -2.0}, {""element"": ""Se"", ""value"": -2.0}]",1.9132502011263075,2.713166666666667,1.166827371695179,2.1813,-1.546339294971488,-0.5318666666666672,2.18,120.38656476267096,185.4,59.72083981337481,17.479999999999997,-167.92000000000002,-125.6791601866252,0.0942826321467098,0.322118877094794,3107020311138.6724,10465981168.702631,5996495580161.972,37882219968881.35,572.9511149985473,5986029598993.27,0.057445556100756905,0.28893048128342247,0.12872083668543846,0.08045052292839903,0.3539823008849557,0.43684633950120677,unknown,0.0,-0.4981050773037711,2.7581175689271444,80.99131134352373,262.4427111826227,-7.219709247196791,18619.053700724053,0.0,105.09285714285714,13.199066874027995,0.13474216817976675,28471972459.20251,54593.87241899999,17.639370295479463
pred_0042,Li5.43P0.97Si0.03S4Se0.4ClBr0.6,1e-06,1e-06,exact,1e-06,1.0,-6.0,"[{""element"": ""Li"", ""value"": 1.0}, {""element"": ""Si"", ""value"": 4.0}, {""element"": ""Cl"", ""value"": -1.0}, {""element"": ""Br"", ""value"": -1.0}, {""element"": ""P"", ""value"": 5.0}, {""element"": ""S"", ""value"": -2.0}, {""element"": ""Se"", ""value"": -2.0}]",1.9130088495575222,2.712666666666667,1.166827371695179,2.1813,-1.5458392949714879,-0.531366666666667,2.18,120.49919549477072,185.63333333333333,59.72083981337481,17.479999999999997,-168.15333333333334,-125.91249351995852,0.09416412282276888,0.3217139871433371,3107000803973.8228,10425568825.52386,5996495580161.972,37882219968881.35,575.1720295089665,5986070011336.448,0.057445556100756905,0.28893048128342247,0.12872083668543846,0.08045052292839903,0.3539823008849558,0.43684633950120677,unknown,0.0,-0.4973181230681225,2.7597977582418802,81.09324215607401,262.6882461786002,-7.233113210286967,18662.07864038616,0.0,105.27857142857144,13.199066874027995,0.13474216817976675,28471972459.20251,54593.87241899999,17.76772062337127
pred_0043,Li5.45P0.95Si0.05S4.3Se0.1ClBr0.6,1e-06,1e-06,exact,1e-06,1.0,-6.0,"[{""element"": ""Li"", ""value"": 1.0}, {""element"": ""Si"", ""value"": 4.0}, {""element"": ""Cl"", ""value"": -1.0}, {""element"": ""Br"", ""value"": -1.0}, {""element"": ""P"", ""value"": 5.0}, {""element"": ""S"", ""value"": -2.0}, {""element"": ""Se"", ""value"": -2.0}]",1.9117670682730923,2.7141666666666673,1.1653488372093022,2.1755,-1.5488178294573651,-0.5386666666666673,2.18,120.1024096385542,184.93333333333334,59.79457364341084,17.799999999999997,-167.13333333333333,-125.1387596899225,0.09625090122566689,0.32333042705521364,3046580615878.4966,10546805855.060167,5870798113574.717,37188914124821.625,556.6422852809046,5860251307719.656,0.05677722659026809,0.2854723707664884,0.12851405622489961,0.08032128514056225,0.35341365461847385,0.4377510040160643,unknown,0.0,-0.5007799302291789,2.7455761943922483,80.95475234270417,261.8232530120482,-7.1050317141398365,18511.83634538153,0.0,104.7357142857143,13.186046511627907,0.1985152433458726,46474869134.4371,89113.709275,17.357090256786083
pred_0044,Li5.45P0.95Si0.05S4.2Se0.2ClBr0.6,1e-06,1e-06,exact,1e-06,1.0,-6.0,"[{""element"": ""Li"", ""value"": 1.0}, {""element"": ""Si"", ""value"": 4.0}, {""element"": ""Cl"", ""value"": -1.0}, {""element"": ""Br"", ""value"": -1.0}, {""element"": ""P"", ""value"": 5.0}, {""element"": ""S"", ""value"": -2.0}, {""element"": ""Se"", ""value"": -2.0}]",1.9115261044176708,2.7136666666666667,1.1653488372093022,2.1755,-1.5483178294573645,-0.5381666666666667,2.18,120.21485943775099,185.16666666666666,59.79457364341084,17.799999999999997,-167.36666666666667,-125.37209302325581,0.09612961296129612,0.3229229899734159,3046561140050.459,10506393511.8814,5870798113574.717,37188914124821.625,558.7833833689542,5860291720062.835,0.05677722659026809,0.2854723707664884,0.12851405622489961,0.08032128514056225,0.35341365461847396,0.4377510040160643,unknown,0.0,-0.4999874229175216,2.7472434829495365,81.05689424364124,262.06839357429715,-7.118279733677564,18554.7921686747,0.0,104.92142857142856,13.186046511627907,0.1985152433458726,46474869134.4371,89113.709275,17.483182993904204
pred_0045,Li5.45P0.95Si0.05S4.1Se0.3ClBr0.6,1e-06,1e-06,exact,1e-06,1.0,-6.0,"[{""element"": ""Li"", ""value"": 1.0}, {""element"": ""Si"", ""value"": 4.0}, {""element"": ""Cl"", ""value"": -1.0}, {""element"": ""Br"", ""value"": -1.0}, {""element"": ""P"", ""value"": 5.0}, {""element"": ""S"", ""value"": -2.0}, {""element"": ""Se"", ""value"": -2.0}]",1.9112851405622489,2.713166666666667,1.1653488372093022,2.1755,-1.5478178294573648,-0.537666666666667,2.18,120.32730923694777,185.4,59.79457364341084,17.799999999999997,-167.60000000000002,-125.60542635658916,0.0960086299892125,0.3225165784434242,3046541664222.421,10465981168.702631,5870798113574.717,37188914124821.625,560.9410163215939,5860332132406.015,0.05677722659026809,0.2854723707664884,0.1285140562248996,0.08032128514056225,0.35341365461847385,0.43775100401606426,unknown,0.0,-0.4991969104103168,2.7489171970265716,81.15903614457832,262.31353413654614,-7.131527753215295,18597.747991967874,0.0,105.10714285714286,13.186046511627907,0.1985152433458726,46474869134.4371,89113.709275,17.61019174736602
pred_0046,Li5.45P0.95Si0.05S4Se0.4ClBr0.6,1e-06,1e-06,exact,1e-06,1.0,-6.0,"[{""element"": ""Li"", ""value"": 1.0}, {""element"": ""Si"", ""value"": 4.0}, {""element"": ""Cl"", ""value"": -1.0}, {""element"": ""Br"", ""value"": -1.0}, {""element"": ""P"", ""value"": 5.0}, {""element"": ""S"", ""value"": -2.0}, {""element"": ""Se"", ""value"": -2.0}]",1.9110441767068274,2.712666666666667,1.1653488372093022,2.1755,-1.5473178294573646,-0.5371666666666668,2.18,120.43975903614458,185.63333333333333,59.79457364341084,17.799999999999997,-167.83333333333331,-125.83875968992248,0.09588795115819715,0.32211118859801136,3046522188394.383,10425568825.52386,5870798113574.717,37188914124821.625,563.1153764197344,5860372544749.193,0.05677722659026809,0.2854723707664884,0.12851405622489961,0.08032128514056225,0.35341365461847396,0.4377510040160643,unknown,0.0,-0.49840838518540675,2.750597386341307,81.26117804551541,262.5586746987952,-7.1447757727530234,18640.703815261048,0.0,105.29285714285716,13.186046511627907,0.1985152433458726,46474869134.4371,89113.709275,17.738123171685956
pred_0047,Li5.47P0.93Si0.07S4.3Se0.1ClBr0.6,1e-06,1e-06,exact,1e-06,1.0,-6.0,"[{""element"": ""Li"", ""value"": 1.0}, {""element"": ""Si"", ""value"": 4.0}, {""element"": ""Cl"", ""value"": -1.0}, {""element"": ""Br"", ""value"": -1.0}, {""element"": ""P"", ""value"": 5.0}, {""element"": ""S"", ""value"": -2.0}, {""element"": ""Se"", ""value"": -2.0}]",1.9098075380914192,2.7141666666666673,1.1638794435857804,2.1697,-1.5502872230808868,-0.5444666666666671,2.18,120.04370489174016,184.93333333333334,59.8678516228748,18.12,-166.81333333333333,-125.06548171045853,0.09798125450612834,0.32372666703068564,2986295903753.2275,10546805855.060167,5745877756518.143,36495608280761.91,544.7979071086602,5735330950663.082,0.05611302894692294,0.2820142602495544,0.12830793905372898,0.0801924619085806,0.3528468323977546,0.43865276663993585,unknown,0.0,-0.5018693156682326,2.7362354305256797,81.12151831061215,261.6952766639936,-7.017802995479821,18490.736768243787,0.0,104.75,13.173106646058734,0.25363894692169137,63695031171.618004,122132.683659,17.328873016124092
pred_0048,Li5.47P0.93Si0.07S4.2Se0.2ClBr0.6,1e-06,1e-06,exact,1e-06,1.0,-6.0,"[{""element"": ""Li"", ""value"": 1.0}, {""element"": ""Si"", ""value"": 4.0}, {""element"": ""Cl"", ""value"": -1.0}, {""element"": ""Br"", ""value"": -1.0}, {""element"": ""P"", ""value"": 5.0}, {""element"": ""S"", ""value"": -2.0}, {""element"": ""Se"", ""value"": -2.0}]",1.909566960705694,2.7136666666666667,1.1638794435857804,2.1697,-1.5497872230808862,-0.5439666666666665,2.18,120.15597433841218,185.16666666666666,59.8678516228748,18.12,-167.04666666666665,-125.29881504379185,0.09785778577857787,0.3233187306365876,2986276459161.4814,10506393511.8814,5745877756518.143,36495608280761.91,546.8934463591415,5735371363006.261,0.05611302894692294,0.2820142602495544,0.12830793905372898,0.0801924619085806,0.35284683239775466,0.43865276663993585,unknown,0.0,-0.5010752377233142,2.737902719082968,81.22387062282812,261.9400240577386,-7.0308960355674355,18533.62369687249,0.0,104.93571428571428,13.173106646058734,0.25363894692169137,63695031171.618004,122132.683659,17.454558130186907
pred_0049,Li5.47P0.93Si0.07S4.1Se0.3ClBr0.6,1e-06,1e-06,exact,1e-06,1.0,-6.0,"[{""element"": ""Li"", ""value"": 1.0}, {""element"": ""Si"", ""value"": 4.0}, {""element"": ""Cl"", ""value"": -1.0}, {""element"": ""Br"", ""value"": -1.0}, {""element"": ""P"", ""value"": 5.0}, {""element"": ""S"", ""value"": -2.0}, {""element"": ""Se"", ""value"": -2.0}]",1.9093263833199678,2.713166666666667,1.1638794435857804,2.1697,-1.5492872230808865,-0.5434666666666668,2.18,120.26824378508418,185.4,59.8678516228748,18.12,-167.28,-125.5321483771252,0.09773462783171522,0.32291182105110466,2986257014569.7354,10465981168.702631,5745877756518.143,36495608280761.91,549.0051686410978,5735411775349.44,0.05611302894692294,0.2820142602495544,0.12830793905372895,0.08019246190858059,0.35284683239775455,0.4386527666399358,unknown,0.0,-0.500283158536258,2.739576433160003,81.3262229350441,262.1847714514835,-7.043989075655052,18576.510625501207,0.0,105.12142857142858,13.173106646058734,0.25363894692169137,63695031171.618004,122132.683659,17.58115482966458
pred_0050,Li5.47P0.93Si0.07S4Se0.4ClBr0.6,1e-06,1e-06,exact,1e-06,1.0,-6.0,"[{""element"": ""Li"", ""value"": 1.0}, {""element"": ""Si"", ""value"": 4.0}, {""element"": ""Cl"", ""value"": -1.0}, {""element"": ""Br"", ""value"": -1.0}, {""element"": ""P"", ""value"": 5.0}, {""element"": ""S"", ""value"": -2.0}, {""element"": ""Se"", ""value"": -2.0}]",1.9090858059342424,2.712666666666667,1.1638794435857804,2.1697,-1.5487872230808863,-0.5429666666666666,2.18,120.38051323175623,185.63333333333333,59.8678516228748,18.12,-167.51333333333332,-125.76548171045852,0.09761177949362544,0.32250593440227043,2986237569977.9893,10425568825.52386,5745877756518.143,36495608280761.91,551.1332621440371,5735452187692.619,0.05611302894692294,0.2820142602495544,0.12830793905372898,0.0801924619085806,0.35284683239775466,0.43865276663993585,unknown,0.0,-0.4994930705699989,2.7412566224747383,81.42857524726008,262.4295188452286,-7.057082115742666,18619.39755412991,0.0,105.30714285714286,13.173106646058734,0.25363894692169137,63695031171.618004,122132.683659,17.708669726222848
pred_0051,Li5.5P0.9Si0.1S4.3Se0.1ClBr0.6,1e-06,1e-06,exact,1e-06,1.0,-6.0,"[{""element"": ""Li"", ""value"": 1.0}, {""element"": ""Si"", ""value"": 4.0}, {""element"": ""Cl"", ""value"": -1.0}, {""element"": ""Br"", ""value"": -1.0}, {""element"": ""P"", ""value"": 5.0}, {""element"": ""S"", ""value"": -2.0}, {""element"": ""Se"", ""value"": -2.0}]",1.90688,2.7141666666666673,1.1616923076923078,2.161,-1.5524743589743595,-0.5531666666666673,2.18,119.95599999999999,184.93333333333334,59.97692307692308,18.6,-166.33333333333334,-124.95641025641027,0.10057678442682048,0.3243164549941767,2896230543838.0723,10546805855.060167,5559938609668.546,35455649514672.31,527.1680057522807,5549391803813.485,0.05512439630086689,0.2768270944741533,0.128,0.08,0.352,0.44,unknown,0.0,-0.5034929805719212,2.7219490447064474,81.37066666666666,261.50408,-6.888146679308068,18459.214,0.0,104.77142857142857,13.153846153846153,0.3250829733914482,88057646781.0387,168847.0281,17.286801896937323
pred_0052,Li5.5P0.9Si0.1S4.2Se0.2ClBr0.6,1e-06,1e-06,exact,1e-06,1.0,-6.0,"[{""element"": ""Li"", ""value"": 1.0}, {""element"": ""Si"", ""value"": 4.0}, {""element"": ""Cl"", ""value"": -1.0}, {""element"": ""Br"", ""value"": -1.0}, {""element"": ""P"", ""value"": 5.0}, {""element"": ""S"", ""value"": -2.0}, {""element"": ""Se"", ""value"": -2.0}]",1.9066400000000003,2.7136666666666667,1.1616923076923078,2.161,-1.5519743589743589,-0.5526666666666666,2.18,120.06800000000001,185.16666666666666,59.97692307692308,18.6,-166.56666666666666,-125.18974358974359,0.10045004500450046,0.3239077753929239,2896211145913.347,10506393511.8814,5559938609668.546,35455649514672.31,529.1957324253046,5549432216156.664,0.05512439630086689,0.2768270944741533,0.12800000000000003,0.08000000000000002,0.3520000000000001,0.44000000000000006,unknown,0.0,-0.5026965620822437,2.7236163332637355,81.47333333333334,261.74824000000007,-6.901009038444936,18501.998,0.0,104.95714285714286,13.153846153846153,0.3250829733914482,88057646781.0387,168847.0281,17.41187987415133
pred_0053,Li5.5P0.9Si0.1S4.1Se0.3ClBr0.6,1e-06,1e-06,exact,1e-06,1.0,-6.0,"[{""element"": ""Li"", ""value"": 1.0}, {""element"": ""Si"", ""value"": 4.0}, {""element"": ""Cl"", ""value"": -1.0}, {""element"": ""Br"", ""value"": -1.0}, {""element"": ""P"", ""value"": 5.0}, {""element"": ""S"", ""value"": -2.0}, {""element"": ""Se"", ""value"": -2.0}]",1.9063999999999999,2.713166666666667,1.1616923076923078,2.161,-1.5514743589743591,-0.5521666666666669,2.18,120.18,185.4,59.97692307692308,18.6,-166.8,-125.42307692307693,0.10032362459546926,0.32350012447099824,2896191747988.621,10465981168.702631,5559938609668.546,35455649514672.31,531.2391184397438,5549472628499.844,0.05512439630086689,0.2768270944741533,0.128,0.08,0.352,0.44,unknown,0.0,-0.5019021482417674,2.7252900473407706,81.57600000000001,261.99240000000003,-6.913871397581806,18544.782,0.0,105.14285714285715,13.153846153846153,0.3250829733914482,88057646781.0387,168847.0281,17.53786284816446
pred_0054,Li5.5P0.9Si0.1S4Se0.4ClBr0.6,1e-06,1e-06,exact,1e-06,1.0,-6.0,"[{""element"": ""Li"", ""value"": 1.0}, {""element"": ""Si"", ""value"": 4.0}, {""element"": ""Cl"", ""value"": -1.0}, {""element"": ""Br"", ""value"": -1.0}, {""element"": ""P"", ""value"": 5.0}, {""element"": ""S"", ""value"": -2.0}, {""element"": ""Se"", ""value"": -2.0}]",1.90616,2.712666666666667,1.1616923076923078,2.161,-1.550974358974359,-0.5516666666666667,2.18,120.29199999999999,185.63333333333333,59.97692307692308,18.6,-167.03333333333333,-125.65641025641025,0.10019752199676783,0.3230934983493791,2896172350063.895,10425568825.52386,5559938609668.546,35455649514672.31,533.2983458952103,5549513040843.022,0.05512439630086689,0.2768270944741533,0.128,0.08,0.35200000000000004,0.44,unknown,0.0,-0.5011097314912114,2.726970236655506,81.67866666666666,262.23656,-6.926733756718674,18587.566000000003,0.0,105.32857142857144,13.153846153846153,0.3250829733914482,88057646781.0387,168847.0281,17.664757367045574
pred_0055,Li5.6P0.8Si0.2S4.3Se0.1ClBr0.6,1e-06,1e-06,exact,1e-06,1.0,-6.0,"[{""element"": ""Li"", ""value"": 1.0}, {""element"": ""Si"", ""value"": 4.0}, {""element"": ""Cl"", ""value"": -1.0}, {""element"": ""Br"", ""value"": -1.0}, {""element"": ""P"", ""value"": 5.0}, {""element"": ""S"", ""value"": -2.0}, {""element"": ""Se"", ""value"": -2.0}]",1.8972222222222224,2.7141666666666673,1.1545454545454545,2.132,-1.5596212121212127,-0.5821666666666672,2.18,119.66666666666669,184.93333333333334,60.33333333333334,20.200000000000003,-164.73333333333335,-124.6,0.10922855082912762,0.3262436914203317,2599110163377.2344,10546805855.060167,4952349579306.482,31989120294373.67,469.55918667360646,4941802773451.422,0.051893864371582735,0.2595365418894831,0.126984126984127,0.07936507936507937,0.34920634920634924,0.4444444444444445,unknown,0.0,-0.5088165814598766,2.6716903417047777,82.1925925925926,260.8733333333334,-6.465975500699209,18355.22222222222,0.0,104.84285714285714,13.090909090909092,0.5004024235381879,156546927610.73547,300172.49439999997,17.148734652800098
pred_0056,Li5.6P0.8Si0.2S4.2Se0.2ClBr0.6,1e-06,1e-06,exact,1e-06,1.0,-6.0,"[{""element"": ""Li"", ""value"": 1.0}, {""element"": ""Si"", ""value"": 4.0}, {""element"": ""Cl"", ""value"": -1.0}, {""element"": ""Br"", ""value"": -1.0}, {""element"": ""P"", ""value"": 5.0}, {""element"": ""S"", ""value"": -2.0}, {""element"": ""Se"", ""value"": -2.0}]",1.8969841269841272,2.7136666666666667,1.1545454545454545,2.132,-1.5591212121212121,-0.5816666666666666,2.18,119.77777777777777,185.16666666666666,60.33333333333334,20.200000000000003,-164.96666666666664,-124.83333333333331,0.10909090909090911,0.3258325832583259,2599090919404.2915,10506393511.8814,4952349579306.482,31989120294373.67,471.36532376271674,4941843185794.601,0.051893864371582735,0.2595365418894831,0.126984126984127,0.07936507936507936,0.34920634920634924,0.4444444444444444,unknown,0.0,-0.5080124921583069,2.673357630262066,82.29629629629629,261.11555555555555,-6.478084069052577,18397.66666666666,0.0,105.02857142857142,13.090909090909092,0.5004024235381879,156546927610.73547,300172.49439999997,17.271825370199224
pred_0057,Li5.6P0.8Si0.2S4.1Se0.3ClBr0.6,1e-06,1e-06,exact,1e-06,1.0,-6.0,"[{""element"": ""Li"", ""value"": 1.0}, {""element"": ""Si"", ""value"": 4.0}, {""element"": ""Cl"", ""value"": -1.0}, {""element"": ""Br"", ""value"": -1.0}, {""element"": ""P"", ""value"": 5.0}, {""element"": ""S"", ""value"": -2.0}, {""element"": ""Se"", ""value"": -2.0}]",1.8967460317460318,2.713166666666667,1.1545454545454545,2.132,-1.5586212121212124,-0.5811666666666668,2.18,119.88888888888889,185.4,60.33333333333334,20.200000000000003,-165.2,-125.06666666666666,0.10895361380798275,0.32542250988852933,2599071675431.349,10465981168.702631,4952349579306.482,31989120294373.67,473.18540894340043,4941883598137.78,0.051893864371582735,0.2595365418894831,0.126984126984127,0.07936507936507936,0.3492063492063492,0.4444444444444444,unknown,0.0,-0.5072104268139869,2.6750313443391014,82.39999999999999,261.3577777777778,-6.490192637405947,18440.111111111106,0.0,105.21428571428572,13.090909090909092,0.5004024235381879,156546927610.73547,300172.49439999997,17.39579961195257
pred_0058,Li5.6P0.8Si0.2S4Se0.4ClBr0.6,1e-06,1e-06,exact,1e-06,1.0,-6.0,"[{""element"": ""Li"", ""value"": 1.0}, {""element"": ""Si"", ""value"": 4.0}, {""element"": ""Cl"", ""value"": -1.0}, {""element"": ""Br"", ""value"": -1.0}, {""element"": ""P"", ""value"": 5.0}, {""element"": ""S"", ""value"": -2.0}, {""element"": ""Se"", ""value"": -2.0}]",1.8965079365079363,2.712666666666667,1.1545454545454545,2.132,-1.5581212121212122,-0.5806666666666667,2.18,120.0,185.63333333333333,60.33333333333334,20.200000000000003,-165.43333333333334,-125.29999999999998,0.10881666367390916,0.3250134674088706,2599052431458.4067,10425568825.52386,4952349579306.482,31989120294373.67,475.0196044154587,4941924010480.959,0.051893864371582735,0.2595365418894831,0.126984126984127,0.07936507936507936,0.34920634920634924,0.4444444444444444,unknown,0.0,-0.5064103777948276,2.6767115336538367,82.50370370370369,261.6,-6.5023012057593155,18482.555555555555,0.0,105.4,13.090909090909092,0.5004024235381879,156546927610.73547,300172.49439999997,17.520663719848542
pred_0059,Li5.7P0.7Si0.3S4.3Se0.1ClBr0.6,1e-06,1e-06,exact,1e-06,1.0,-6.0,"[{""element"": ""Li"", ""value"": 1.0}, {""element"": ""Si"", ""value"": 4.0}, {""element"": ""Cl"", ""value"": -1.0}, {""element"": ""Br"", ""value"": -1.0}, {""element"": ""P"", ""value"": 5.0}, {""element"": ""S"", ""value"": -2.0}, {""element"": ""Se"", ""value"": -2.0}]",1.887716535433071,2.7141666666666673,1.1476119402985074,2.1029999999999998,-1.5665547263681598,-0.6111666666666675,2.18,119.38188976377953,184.93333333333334,60.67910447761193,21.799999999999997,-163.13333333333333,-124.25422885572141,0.11788031723143473,0.3281133984009297,2306668844026.015,10546805855.060167,4362897534925.377,28522591074075.035,413.6700338360867,4352350729070.317,0.048759766231232425,0.24224598930481284,0.12598425196850396,0.07874015748031496,0.3464566929133858,0.4488188976377953,unknown,0.0,-0.5140075950496954,2.616654061840664,83.00157480314961,260.2525196850394,-6.05860715224703,18252.868110236217,0.0,104.91428571428571,13.029850746268657,0.6108643020548935,205467842489.09027,393976.39890000003,17.013918552929987
pred_0060,Li5.7P0.7Si0.3S4.2Se0.2ClBr0.6,1e-06,1e-06,exact,1e-06,1.0,-6.0,"[{""element"": ""Li"", ""value"": 1.0}, {""element"": ""Si"", ""value"": 4.0}, {""element"": ""Cl"", ""value"": -1.0}, {""element"": ""Br"", ""value"": -1.0}, {""element"": ""P"", ""value"": 5.0}, {""element"": ""S"", ""value"": -2.0}, {""element"": ""Se"", ""value"": -2.0}]",1.88748031496063,2.7136666666666667,1.1476119402985074,2.1029999999999998,-1.5660547263681592,-0.6106666666666669,2.18,119.49212598425196,185.16666666666666,60.67910447761193,21.799999999999997,-163.36666666666667,-124.48756218905473,0.11773177317731773,0.3276999341725217,2306649751580.419,10506393511.8814,4362897534925.377,28522591074075.035,415.26119595572857,4352391141413.4956,0.048759766231232425,0.24224598930481284,0.12598425196850396,0.07874015748031496,0.3464566929133859,0.4488188976377953,unknown,0.0,-0.5131960307414123,2.6183213503979523,83.10629921259843,260.4928346456693,-6.069984431034317,18294.97834645669,0.0,105.1,13.029850746268657,0.6108643020548935,205467842489.09027,393976.39890000003,17.135076568803772
pred_0061,Li5.7P0.7Si0.3S4.1Se0.3ClBr0.6,1e-06,1e-06,exact,1e-06,1.0,-6.0,"[{""element"": ""Li"", ""value"": 1.0}, {""element"": ""Si"", ""value"": 4.0}, {""element"": ""Cl"", ""value"": -1.0}, {""element"": ""Br"", ""value"": -1.0}, {""element"": ""P"", ""value"": 5.0}, {""element"": ""S"", ""value"": -2.0}, {""element"": ""Se"", ""value"": -2.0}]",1.8872440944881888,2.713166666666667,1.1476119402985074,2.1029999999999998,-1.5655547263681595,-0.6101666666666672,2.18,119.60236220472439,185.4,60.67910447761193,21.799999999999997,-163.60000000000002,-124.72089552238808,0.11758360302049621,0.327287510666731,2306630659134.8223,10465981168.702631,4362897534925.377,28522591074075.035,416.86464599918673,4352431553756.6743,0.048759766231232425,0.24224598930481284,0.12598425196850394,0.07874015748031496,0.34645669291338577,0.44881889763779526,unknown,0.0,-0.5123865092055702,2.6199950644749874,83.21102362204724,260.7331496062992,-6.081361709821605,18337.088582677163,0.0,105.28571428571429,13.029850746268657,0.6108643020548935,205467842489.09027,393976.39890000003,17.25709736445194
pred_0062,Li5.7P0.7Si0.3S4Se0.4ClBr0.6,1e-06,1e-06,exact,1e-06,1.0,-6.0,"[{""element"": ""Li"", ""value"": 1.0}, {""element"": ""Si"", ""value"": 4.0}, {""element"": ""Cl"", ""value"": -1.0}, {""element"": ""Br"", ""value"": -1.0}, {""element"": ""P"", ""value"": 5.0}, {""element"": ""S"", ""value"": -2.0}, {""element"": ""Se"", ""value"": -2.0}]",1.887007874015748,2.712666666666667,1.1476119402985074,2.1029999999999998,-1.5650547263681593,-0.609666666666667,2.18,119.71259842519684,185.63333333333333,60.67910447761193,21.799999999999997,-163.83333333333331,-124.9542288557214,0.11743580535105044,0.32687612395912335,2306611566689.226,10425568825.52386,4362897534925.377,28522591074075.035,418.4805268604758,4352471966099.853,0.048759766231232425,0.24224598930481284,0.12598425196850396,0.07874015748031496,0.3464566929133859,0.4488188976377953,unknown,0.0,-0.5115790227391304,2.621675253789723,83.31574803149607,260.9734645669291,-6.092738988608892,18379.198818897636,0.0,105.47142857142858,13.029850746268657,0.6108643020548935,205467842489.09027,393976.39890000003,17.379987083825718
pred_0063,Li2.95Y0.95Zr0.05Cl6,1e-06,1e-06,exact,1e-06,1.0,-6.0,"[{""element"": ""Li"", ""value"": 1.0}, {""element"": ""Y"", ""value"": 3.0}, {""element"": ""Zr"", ""value"": 4.0}, {""element"": ""Cl"", ""value"": -1.0}]",2.3192462311557795,3.16,1.0421518987341771,1.2255,-2.117848101265823,-1.9345,2.18,138.71130653266331,181.0,74.47531645569619,95.0525,-85.9475,-106.52468354430381,0.5251519337016575,0.41146583677180215,54779316126.95203,6449680150.445432,128191421407.72151,139509428722.1275,19.875624591844026,121741741257.27608,0.019233107991097717,0.03226707286113227,0.6030150753768845,0.10050251256281408,0.0,0.29648241206030157,unknown,0.0,-0.8714221411429142,1.298320785254502,53.66331658291458,302.39064824120607,-2.0488007423251053,22015.800992462315,2.79746835443038,107.87857142857142,32.037974683544306,0.1985152433458726,307429499530.27686,5141.4475,23.980571164481844
pred_0064,Li2.9Y0.9Zr0.1Cl6,1e-06,1e-06,exact,1e-06,1.0,-6.0,"[{""element"": ""Li"", ""value"": 1.0}, {""element"": ""Y"", ""value"": 3.0}, {""element"": ""Zr"", ""value"": 4.0}, {""element"": ""Cl"", ""value"": -1.0}]",2.3265656565656565,3.16,1.0443589743589745,1.231,-2.1156410256410254,-1.929,2.18,138.98030303030302,181.0,74.33461538461539,94.15499999999999,-86.84500000000001,-106.66538461538461,0.5201933701657457,0.41068848278793035,55400052374.29216,6449680150.445432,130708317334.05635,149133492202.38577,20.26586036596393,124258637183.61092,0.019546365169753423,0.03326786119907538,0.6060606060606061,0.10101010101010101,0.0,0.29292929292929293,unknown,0.0,-0.8688694029444136,1.3067650459883426,53.02020202020202,302.9770606060606,-2.0849205586645065,22088.210833333334,2.8461538461538467,107.75714285714285,32.333333333333336,0.3250829733914482,582497999109.9983,9741.69,24.13433643123022
pred_0065,Li2.8Y0.8Zr0.2Cl6,1e-06,1e-06,exact,1e-06,1.0,-6.0,"[{""element"": ""Li"", ""value"": 1.0}, {""element"": ""Y"", ""value"": 3.0}, {""element"": ""Zr"", ""value"": 4.0}, {""element"": ""Cl"", ""value"": -1.0}]",2.341428571428571,3.16,1.0489473684210526,1.242,-2.1110526315789473,-1.9180000000000001,2.18,139.5265306122449,181.0,74.04210526315791,92.35999999999999,-88.64000000000001,-106.95789473684209,0.5102762430939226,0.4090724047688282,56660526998.99304,6449680150.445432,135940811496.6998,168381619162.90228,21.07714000163425,129491131346.25436,0.020197610356958703,0.03526943787496159,0.6122448979591836,0.1020408163265306,0.0,0.2857142857142857,unknown,0.0,-0.8635733765935631,1.3238116802703515,51.71428571428571,304.1678367346939,-2.1602938824953406,22235.247142857144,2.947368421052632,107.5142857142857,32.94736842105263,0.5004024235381879,1035551998417.7748,17318.56,24.44961452967948
pred_0066,Li2.7Y0.7Zr0.3Cl6,1e-06,1e-06,exact,1e-06,1.0,-6.0,"[{""element"": ""Li"", ""value"": 1.0}, {""element"": ""Y"", ""value"": 3.0}, {""element"": ""Zr"", ""value"": 4.0}, {""element"": ""Cl"", ""value"": -1.0}]",2.35659793814433,3.16,1.0537837837837838,1.2530000000000001,-2.1062162162162164,-1.907,2.18,140.0840206185567,181.0,73.73378378378378,90.565,-90.435,-107.26621621621622,0.5003591160220995,0.40736897118112586,57946990791.21355,6449680150.445432,141456143181.64832,187629746123.41876,21.932272590584045,135006463031.20288,0.02088405798671562,0.037271014550847796,0.6185567010309279,0.10309278350515465,0.0,0.2783505154639176,unknown,0.0,-0.8580071330850038,1.3410836349795803,50.38144329896908,305.38316494845367,-2.240153879475035,22385.31512886598,3.054054054054054,107.27142857142856,33.5945945945946,0.6108643020548935,1359161997923.329,22730.61,24.77564046809695
pred_0067,Li2.6Y0.6Zr0.4Cl6,1e-06,1e-06,exact,1e-06,1.0,-6.0,"[{""element"": ""Li"", ""value"": 1.0}, {""element"": ""Y"", ""value"": 3.0}, {""element"": ""Zr"", ""value"": 4.0}, {""element"": ""Cl"", ""value"": -1.0}]",2.3720833333333338,3.16,1.058888888888889,1.264,-2.101111111111111,-1.8960000000000001,2.18,140.65312500000002,181.0,73.40833333333333,88.77,-92.23,-107.59166666666667,0.49044198895027624,0.4055709023941068,59260255912.43862,6449680150.445432,147277882182.42728,206877873083.93524,22.834912545586604,140828202031.98184,0.021608641595903477,0.03927259122673401,0.625,0.10416666666666667,0.0,0.27083333333333337,unknown,0.0,-0.8521495293636177,1.3585993526611326,49.02083333333334,306.62381250000004,-2.324909763705915,22538.50953125,3.166666666666667,107.02857142857141,34.27777777777778,0.6730116670092565,1553327997626.662,25977.840000000004,25.112943254931068
pred_0068,Li2.5Y0.5Zr0.5Cl6,1e-06,1e-06,exact,1e-06,1.0,-6.0,"[{""element"": ""Li"", ""value"": 1.0}, {""element"": ""Y"", ""value"": 3.0}, {""element"": ""Zr"", ""value"": 4.0}, {""element"": ""Cl"", ""value"": -1.0}]",2.3878947368421053,3.16,1.0642857142857143,1.275,-2.095714285714286,-1.8850000000000002,2.18,141.2342105263158,181.0,73.06428571428572,86.975,-94.025,-107.93571428571428,0.480524861878453,0.4036700868192581,60601168720.426346,6449680150.445432,153432291983.25076,226126000044.45175,23.78913192658931,146982611832.80533,0.022374629982759218,0.04127416790262022,0.631578947368421,0.10526315789473684,0.0,0.2631578947368421,unknown,0.0,-0.8459771676626453,1.3763785947749507,47.63157894736842,307.89057894736845,-2.4150216690676753,22694.929078947367,3.2857142857142856,106.78571428571428,35.0,0.6931471805599453,1618049997527.773,27060.25,25.462085775192705
pred_0069,Li2.4Y0.4Zr0.6Cl6,1e-06,1e-06,exact,1e-06,1.0,-6.0,"[{""element"": ""Li"", ""value"": 1.0}, {""element"": ""Y"", ""value"": 3.0}, {""element"": ""Zr"", ""value"": 4.0}, {""element"": ""Cl"", ""value"": -1.0}]",2.404042553191489,3.16,1.07,1.286,-2.09,-1.874,2.18,141.8276595744681,181.0,72.7,85.17999999999999,-95.82000000000001,-108.3,0.4706077348066298,0.4016574585635359,61970611588.15848,6449680150.445432,159948725890.00504,245374127004.96826,24.799481859415703,153499045739.5596,0.023185676510018235,0.043275744578506435,0.6382978723404255,0.10638297872340426,0.0,0.2553191489361702,unknown,0.0,-0.83946408839779,1.394442607118662,46.212765957446805,309.1842978723405,-2.511008766034975,22854.67670212766,3.4117647058823533,106.54285714285713,35.76470588235294,0.6730116670092565,1553327997626.662,25977.840000000004,25.823667459047563
pred_0070,Li2.3Y0.3Zr0.7Cl6,1e-06,1e-06,exact,1e-06,1.0,-6.0,"[{""element"": ""Li"", ""value"": 1.0}, {""element"": ""Y"", ""value"": 3.0}, {""element"": ""Zr"", ""value"": 4.0}, {""element"": ""Cl"", ""value"": -1.0}]",2.4205376344086025,3.16,1.0760606060606062,1.297,-2.083939393939394,-1.8630000000000002,2.18,142.4338709677419,181.0,72.31363636363636,83.38499999999999,-97.61500000000001,-108.68636363636364,0.4606906077348066,0.39952285283776995,63369504840.14291,6449680150.445432,166860095185.04742,264622253965.48474,25.8710651215043,160410415034.602,0.024045877372262645,0.04527732125439264,0.6451612903225806,0.1075268817204301,0.0,0.24731182795698922,unknown,0.0,-0.83258141180768,1.4128143091521648,44.76344086021505,310.5058387096774,-2.613458972037146,23017.859758064515,3.5454545454545454,106.29999999999998,36.57575757575758,0.6108643020548935,1359161997923.329,22730.61,26.198327200070516
pred_0071,Li3YCl5.5Br0.5,1e-06,1e-06,exact,1e-06,1.0,-6.0,"[{""element"": ""Li"", ""value"": 1.0}, {""element"": ""Y"", ""value"": 3.0}, {""element"": ""Cl"", ""value"": -1.0}, {""element"": ""Br"", ""value"": -1.0}]",2.3020000000000005,3.143333333333334,1.04,1.22,-2.103333333333334,-1.923333333333334,2.18,139.195,182.25,74.6125,95.94999999999999,-86.30000000000001,-107.6375,0.526474622770919,0.4093964334705075,54096269301.16382,6335483582.242981,125737447879.54507,129885365241.86926,19.8465430850394,119401964297.3021,0.018927682241908404,0.031266284523189164,0.6,0.1,0.0,0.3,unknown,0.0,-0.8610971650663011,1.2976848713089195,54.675,303.4451,-2.037328397313416,22226.865250000003,2.75,109.07142857142856,31.75,0.0,0.0,0.0,24.81745357123396
pred_0072,Li3YCl5Br,1e-06,1e-06,exact,1e-06,1.0,-6.0,"[{""element"": ""Li"", ""value"": 1.0}, {""element"": ""Y"", ""value"": 3.0}, {""element"": ""Cl"", ""value"": -1.0}, {""element"": ""Br"", ""value"": -1.0}]",2.2920000000000003,3.126666666666667,1.04,1.22,-2.086666666666667,-1.906666666666667,2.18,139.945,183.5,74.6125,95.94999999999999,-87.55000000000001,-108.8875,0.5228882833787465,0.4066076294277929,54027751360.24235,6221287014.040528,125737447879.54507,129885365241.86926,20.21084183960235,119516160865.50455,0.018927682241908404,0.031266284523189164,0.6,0.1,0.0,0.3,unknown,0.0,-0.8484545867393279,1.3055844035043969,55.05,305.0801,-2.0609880001158016,22509.615250000003,2.75,110.14285714285714,31.75,0.0,0.0,0.0,25.84657457570184
pred_0073,Li3YCl4Br2,1e-06,1e-06,exact,1e-06,1.0,-6.0,"[{""element"": ""Li"", ""value"": 1.0}, {""element"": ""Y"", ""value"": 3.0}, {""element"": ""Cl"", ""value"": -1.0}, {""element"": ""Br"", ""value"": -1.0}]",2.272,3.0933333333333337,1.04,1.22,-2.0533333333333337,-1.8733333333333337,2.18,141.445,186.0,74.6125,95.94999999999999,-90.05000000000001,-111.3875,0.5158602150537633,0.40114247311827955,53890715478.3994,5992893877.635623,125737447879.54507,129885365241.86926,20.981090345813413,119744554001.90945,0.018927682241908404,0.031266284523189164,0.6,0.1,0.0,0.3,unknown,0.0,-0.8236792114695342,1.3218280538702025,55.8,308.3501,-2.1083072057205725,23075.115250000003,2.75,112.28571428571429,31.75,0.0,0.0,0.0,28.034611854374102
pred_0074,Li3YCl3Br3,1e-06,1e-06,exact,1e-06,1.0,-6.0,"[{""element"": ""Li"", ""value"": 1.0}, {""element"": ""Y"", ""value"": 3.0}, {""element"": ""Cl"", ""value"": -1.0}, {""element"": ""Br"", ""value"": -1.0}]",2.252,3.06,1.04,1.22,-2.02,-1.84,2.18,142.945,188.5,74.6125,95.94999999999999,-92.55000000000001,-113.8875,0.5090185676392572,0.3958222811671087,53753679596.556465,5764500741.230718,125737447879.54507,129885365241.86926,21.812374310268577,119972947138.31436,0.018927682241908404,0.031266284523189164,0.6,0.1,0.0,0.3,unknown,0.0,-0.7995610079575596,1.3387029417696592,56.55,311.62010000000004,-2.1556264113253434,23640.61525,2.75,114.42857142857142,31.75,0.0,0.0,0.0,30.4078770486
pred_0075,Li3YCl2Br4,1e-06,1e-06,exact,1e-06,1.0,-6.0,"[{""element"": ""Li"", ""value"": 1.0}, {""element"": ""Y"", ""value"": 3.0}, {""element"": ""Cl"", ""value"": -1.0}, {""element"": ""Br"", ""value"": -1.0}]",2.232,3.026666666666667,1.04,1.22,-1.9866666666666668,-1.8066666666666669,2.18,144.445,191.0,74.6125,95.94999999999999,-95.05000000000001,-116.3875,0.5023560209424083,0.3906413612565445,53616643714.71352,5536107604.825813,125737447879.54507,129885365241.86926,22.712247820100174,120201340274.71927,0.018927682241908404,0.031266284523189164,0.6,0.1,0.0,0.3,unknown,0.0,-0.7760741710296684,1.3562601182600882,57.3,314.8901,-2.2029456169301143,24206.115250000003,2.75,116.57142857142856,31.75,0.0,0.0,0.0,32.9820505953789
pred_0076,Li3YCl1.5Br4.5,1e-06,1e-06,exact,1e-06,1.0,-6.0,"[{""element"": ""Li"", ""value"": 1.0}, {""element"": ""Y"", ""value"": 3.0}, {""element"": ""Cl"", ""value"": -1.0}, {""element"": ""Br"", ""value"": -1.0}]",2.222,3.0100000000000002,1.04,1.22,-1.9700000000000002,-1.7900000000000003,2.18,145.195,192.25,74.6125,95.94999999999999,-96.30000000000001,-117.6375,0.49908972691807535,0.3881014304291287,53548125773.792046,5421911036.623361,125737447879.54507,129885365241.86926,23.19061434800882,120315536842.9217,0.018927682241908404,0.031266284523189164,0.6,0.1,0.0,0.3,unknown,0.0,-0.7645598179453836,1.365312253787454,57.675,316.5251,-2.2266052197325,24488.865250000003,2.75,117.64285714285714,31.75,0.0,0.0,0.0,34.34973809565771
pred_0077,Li3YClBr5,1e-06,1e-06,exact,1e-06,1.0,-6.0,"[{""element"": ""Li"", ""value"": 1.0}, {""element"": ""Y"", ""value"": 3.0}, {""element"": ""Cl"", ""value"": -1.0}, {""element"": ""Br"", ""value"": -1.0}]",2.212,2.9933333333333336,1.04,1.22,-1.9533333333333336,-1.7733333333333337,2.18,145.945,193.5,74.6125,95.94999999999999,-97.55000000000001,-118.8875,0.49586563307493536,0.38559431524547805,53479607832.870575,5307714468.420909,125737447879.54507,129885365241.86926,23.689565184344413,120429733411.12416,0.018927682241908404,0.031266284523189164,0.6,0.1,0.0,0.3,unknown,0.0,-0.7531942291128338,1.3745570894364463,58.05,318.1601,-2.2502648225348856,24771.615250000003,2.75,118.7142857142857,31.75,0.0,0.0,0.0,35.77414035637903
pred_0078,Li3YCl0.5Br5.5,1e-06,1e-06,exact,1e-06,1.0,-6.0,"[{""element"": ""Li"", ""value"": 1.0}, {""element"": ""Y"", ""value"": 3.0}, {""element"": ""Cl"", ""value"": -1.0}, {""element"": ""Br"", ""value"": -1.0}]",2.2020000000000004,2.9766666666666666,1.04,1.22,-1.9366666666666665,-1.7566666666666666,2.18,146.695,194.75,74.6125,95.94999999999999,-98.80000000000001,-120.1375,0.49268292682926823,0.3831193838254172,53411089891.949104,5193517900.218456,125737447879.54507,129885365241.86926,24.210458170223337,120543929979.32661,0.018927682241908404,0.031266284523189164,0.6,0.1,0.0,0.3,unknown,0.0,-0.741974540008558,1.3840030083147998,58.425,319.7951,-2.273924425337271,25054.365250000003,2.75,119.78571428571428,31.75,0.0,0.0,0.0,37.257609204295214
pred_0079,Li3YBr6,1e-06,1e-06,exact,1e-06,1.0,-6.0,"[{""element"": ""Li"", ""value"": 1.0}, {""element"": ""Y"", ""value"": 3.0}, {""element"": ""Br"", ""value"": -1.0}]",2.1919999999999997,2.9599999999999995,1.04,1.22,-1.9199999999999995,-1.7399999999999995,1.98,147.445,196.0,74.6125,95.94999999999999,-100.05000000000001,-121.3875,0.48954081632653057,0.38067602040816323,53342571951.02763,5079321332.016004,125737447879.54507,129885365241.86926,24.754773258190255,120658126547.52907,0.018927682241908404,0.031266284523189164,0.6,0.1,0.0,0.3,unknown,0.0,-0.7308979591836732,1.3936589527572718,58.8,291.9411,-2.2975840281396565,25337.11525,2.75,120.85714285714283,31.75,0.0,0.0,0.0,38.80259399084234
pred_0080,Li2.95Y0.95Zr0.05Cl5.5Br0.5,1e-06,1e-06,exact,1e-06,1.0,-6.0,"[{""element"": ""Li"", ""value"": 1.0}, {""element"": ""Y"", ""value"": 3.0}, {""element"": ""Zr"", ""value"": 4.0}, {""element"": ""Cl"", ""value"": -1.0}, {""element"": ""Br"", ""value"": -1.0}]",2.3091959798994983,3.143333333333334,1.0421518987341771,1.2255,-2.101181434599157,-1.917833333333334,2.18,139.46507537688444,182.25,74.47531645569619,95.0525,-87.1975,-107.77468354430381,0.5215500685871056,0.4086437116910628,54710453874.76964,6335483582.242981,128191421407.72151,139509428722.1275,20.233881083208065,121855937825.47853,0.019233107991097717,0.03226707286113227,0.6030150753768845,0.10050251256281408,0.0,0.29648241206030157,unknown,0.0,-0.8586345803709516,1.3060791932680242,54.033919597989964,304.0338643216081,-2.072842127313977,22299.971846733668,2.79746835443038,108.94999999999999,32.037974683544306,0.1985152433458726,307429499530.27686,5141.4475,24.980088436771457
pred_0081,Li2.95Y0.95Zr0.05Cl5Br,1e-06,1e-06,exact,1e-06,1.0,-6.0,"[{""element"": ""Li"", ""value"": 1.0}, {""element"": ""Y"", ""value"": 3.0}, {""element"": ""Zr"", ""value"": 4.0}, {""element"": ""Cl"", ""value"": -1.0}, {""element"": ""Br"", ""value"": -1.0}]",2.299145728643216,3.126666666666667,1.0421518987341771,1.2255,-2.0845147679324896,-1.901166666666667,2.18,140.21884422110554,183.5,74.47531645569619,95.0525,-88.4475,-109.02468354430381,0.5179972752043597,0.40586003518090563,54641591622.58726,6221287014.040528,128191421407.72151,139509428722.1275,20.60528972838134,121970134393.68098,0.019233107991097717,0.03226707286113227,0.6030150753768845,0.10050251256281408,0.0,0.29648241206030157,unknown,0.0,-0.8460212370481975,1.3139787254635016,54.40452261306534,305.6770804020101,-2.0968835123028495,22584.142701005025,2.79746835443038,110.02142857142857,32.037974683544306,0.1985152433458726,307429499530.27686,5141.4475,26.021265883489505
pred_0082,Li2.95Y0.95Zr0.05Cl4Br2,1e-06,1e-06,exact,1e-06,1.0,-6.0,"[{""element"": ""Li"", ""value"": 1.0}, {""element"": ""Y"", ""value"": 3.0}, {""element"": ""Zr"", ""value"": 4.0}, {""element"": ""Cl"", ""value"": -1.0}, {""element"": ""Br"", ""value"": -1.0}]",2.2790452261306537,3.0933333333333337,1.0421518987341771,1.2255,-2.0511814345991564,-1.8678333333333337,2.18,141.72638190954774,186.0,74.47531645569619,95.0525,-90.9475,-111.52468354430381,0.5110349462365591,0.4004049271811623,54503867118.22249,5992893877.635623,128191421407.72151,139509428722.1275,21.39057090366781,122198527530.08589,0.019233107991097717,0.03226707286113227,0.6030150753768845,0.10050251256281408,0.0,0.29648241206030157,unknown,0.0,-0.8213031529560272,1.3302223758293072,55.14572864321609,308.9635125628141,-2.1449662822805937,23152.48440954774,2.79746835443038,112.16428571428573,32.037974683544306,0.1985152433458726,307429499530.27686,5141.4475,28.2356193076057
pred_0083,Li2.95Y0.95Zr0.05Cl3Br3,1e-06,1e-06,exact,1e-06,1.0,-6.0,"[{""element"": ""Li"", ""value"": 1.0}, {""element"": ""Y"", ""value"": 3.0}, {""element"": ""Zr"", ""value"": 4.0}, {""element"": ""Cl"", ""value"": -1.0}, {""element"": ""Br"", ""value"": -1.0}]",2.258944723618091,3.06,1.0421518987341771,1.2255,-2.017848101265823,-1.8345,2.18,143.23391959798997,188.5,74.47531645569619,95.0525,-93.4475,-114.02468354430381,0.5042572944297082,0.39509451700634585,54366142613.85773,5764500741.230718,128191421407.72151,139509428722.1275,22.23807874476094,122426920666.4908,0.019233107991097717,0.03226707286113227,0.6030150753768845,0.10050251256281408,0.0,0.29648241206030157,unknown,0.0,-0.7972407209617924,1.347097263728764,55.886934673366845,312.24994472361817,-2.193049052258338,23720.826118090452,2.79746835443038,114.30714285714284,32.037974683544306,0.1985152433458726,307429499530.27686,5141.4475,30.638409416887388
pred_0084,Li2.9Y0.9Zr0.1Cl5.5Br0.5,1e-06,1e-06,exact,1e-06,1.0,-6.0,"[{""element"": ""Li"", ""value"": 1.0}, {""element"": ""Y"", ""value"": 3.0}, {""element"": ""Zr"", ""value"": 4.0}, {""element"": ""Cl"", ""value"": -1.0}, {""element"": ""Br"", ""value"": -1.0}]",2.3164646464646466,3.143333333333334,1.0443589743589745,1.231,-2.0989743589743597,-1.9123333333333339,2.18,139.73787878787877,182.25,74.33461538461539,94.15499999999999,-88.09500000000001,-107.91538461538461,0.5166255144032921,0.40787168935317086,55330842332.95734,6335483582.242981,130708317334.05635,149133492202.38577,20.63115082491952,124372833751.81337,0.019546365169753423,0.03326786119907538,0.6060606060606061,0.10101010101010101,0.0,0.29292929292929293,unknown,0.0,-0.856112217703861,1.3145234540018649,53.38636363636363,304.62857575757573,-2.109353515126698,22373.81689393939,2.8461538461538467,108.82857142857142,32.333333333333336,0.3250829733914482,582497999109.9983,9741.69,25.145448091408912
pred_0085,Li2.9Y0.9Zr0.1Cl5Br,1e-06,1e-06,exact,1e-06,1.0,-6.0,"[{""element"": ""Li"", ""value"": 1.0}, {""element"": ""Y"", ""value"": 3.0}, {""element"": ""Zr"", ""value"": 4.0}, {""element"": ""Cl"", ""value"": -1.0}, {""element"": ""Br"", ""value"": -1.0}]",2.3063636363636366,3.126666666666667,1.0443589743589745,1.231,-2.082307692307692,-1.8956666666666668,2.18,140.49545454545455,183.5,74.33461538461539,94.15499999999999,-89.34500000000001,-109.16538461538461,0.5131062670299726,0.40509327185076505,55261632291.62251,6221287014.040528,130708317334.05635,149133492202.38577,21.009851665590567,124487030320.01582,0.019546365169753423,0.03326786119907538,0.6060606060606061,0.10101010101010101,0.0,0.29292929292929293,unknown,0.0,-0.8435288360769392,1.322422986197342,53.75252525252525,306.2800909090909,-2.13378647158889,22659.422954545455,2.8461538461538467,109.9,32.333333333333336,0.3250829733914482,582497999109.9983,9741.69,26.198920426896148
pred_0086,Li2.9Y0.9Zr0.1Cl4Br2,1e-06,1e-06,exact,1e-06,1.0,-6.0,"[{""element"": ""Li"", ""value"": 1.0}, {""element"": ""Y"", ""value"": 3.0}, {""element"": ""Zr"", ""value"": 4.0}, {""element"": ""Cl"", ""value"": -1.0}, {""element"": ""Br"", ""value"": -1.0}]",2.2861616161616163,3.0933333333333337,1.0443589743589745,1.231,-2.048974358974359,-1.8623333333333336,2.18,142.01060606060605,186.0,74.33461538461539,94.15499999999999,-91.84500000000001,-111.66538461538461,0.5062096774193547,0.39964846980976015,55123212208.95287,5992893877.635623,130708317334.05635,149133492202.38577,21.810550963005657,124715423456.42073,0.019546365169753423,0.03326786119907538,0.6060606060606061,0.10101010101010101,0.0,0.29292929292929293,unknown,0.0,-0.8188694672435368,1.3386666365631477,54.484848484848484,309.5831212121212,-2.1826523845132733,23230.635075757575,2.8461538461538467,112.04285714285714,32.333333333333336,0.3250829733914482,582497999109.9983,9741.69,28.44012030289944
pred_0087,Li2.9Y0.9Zr0.1Cl3Br3,1e-06,1e-06,exact,1e-06,1.0,-6.0,"[{""element"": ""Li"", ""value"": 1.0}, {""element"": ""Y"", ""value"": 3.0}, {""element"": ""Zr"", ""value"": 4.0}, {""element"": ""Cl"", ""value"": -1.0}, {""element"": ""Br"", ""value"": -1.0}]",2.265959595959596,3.06,1.0443589743589745,1.231,-2.0156410256410258,-1.829,2.18,143.52575757575758,188.5,74.33461538461539,94.15499999999999,-94.34500000000001,-114.16538461538461,0.49949602122015907,0.39434809222607636,54984792126.28324,5764500741.230718,130708317334.05635,149133492202.38577,22.674698677573627,124943816592.82564,0.019546365169753423,0.03326786119907538,0.6060606060606061,0.10101010101010101,0.0,0.29292929292929293,unknown,0.0,-0.7948641930741503,1.3555415244626046,55.217171717171716,312.88615151515154,-2.231518297437657,23801.8471969697,2.8461538461538467,114.18571428571427,32.333333333333336,0.3250829733914482,582497999109.9983,9741.69,30.873044753898576
pred_0088,Li2.8Y0.8Zr0.2Cl5.5Br0.5,1e-06,1e-06,exact,1e-06,1.0,-6.0,"[{""element"": ""Li"", ""value"": 1.0}, {""element"": ""Y"", ""value"": 3.0}, {""element"": ""Zr"", ""value"": 4.0}, {""element"": ""Cl"", ""value"": -1.0}, {""element"": ""Br"", ""value"": -1.0}]",2.3312244897959187,3.143333333333334,1.0489473684210526,1.242,-2.0943859649122816,-1.901333333333334,2.18,140.29183673469387,182.25,74.04210526315791,92.35999999999999,-89.89000000000001,-108.20789473684209,0.5067764060356652,0.40626669554544803,56590610732.74664,6335483582.242981,135940811496.6998,168381619162.90228,21.45705370900386,129605327914.45682,0.020197610356958703,0.03526943787496159,0.6122448979591836,0.1020408163265306,0.0,0.2857142857142857,unknown,0.0,-0.8508792651616773,1.3315700882838737,52.07142857142857,305.8362040816327,-2.185540895441539,22523.76755102041,2.947368421052632,108.58571428571427,32.94736842105263,0.5004024235381879,1035551998417.7748,17318.56,25.48460524934405
pred_0089,Li2.8Y0.8Zr0.2Cl5Br,1e-06,1e-06,exact,1e-06,1.0,-6.0,"[{""element"": ""Li"", ""value"": 1.0}, {""element"": ""Y"", ""value"": 3.0}, {""element"": ""Zr"", ""value"": 4.0}, {""element"": ""Cl"", ""value"": -1.0}, {""element"": ""Br"", ""value"": -1.0}]",2.3210204081632653,3.126666666666667,1.0489473684210526,1.242,-2.077719298245614,-1.884666666666667,2.18,141.05714285714285,183.5,74.04210526315791,92.35999999999999,-91.14000000000001,-109.45789473684209,0.5033242506811988,0.40349921124336735,56520694466.50024,6221287014.040528,135940811496.6998,168381619162.90228,21.850914640315004,129719524482.65927,0.020197610356958703,0.03526943787496159,0.6122448979591836,0.1020408163265306,0.0,0.2857142857142857,unknown,0.0,-0.838358098027228,1.3394696204793508,52.42857142857142,307.5045714285714,-2.2107879083877373,22812.287959183675,2.947368421052632,109.65714285714286,32.94736842105263,0.5004024235381879,1035551998417.7748,17318.56,26.56340875748801
pred_0090,Li2.8Y0.8Zr0.2Cl4Br2,1e-06,1e-06,exact,1e-06,1.0,-6.0,"[{""element"": ""Li"", ""value"": 1.0}, {""element"": ""Y"", ""value"": 3.0}, {""element"": ""Zr"", ""value"": 4.0}, {""element"": ""Cl"", ""value"": -1.0}, {""element"": ""Br"", ""value"": -1.0}]",2.300612244897959,3.0933333333333337,1.0489473684210526,1.242,-2.044385964912281,-1.8513333333333337,2.18,142.58775510204083,186.0,74.04210526315791,92.35999999999999,-93.64000000000001,-111.95789473684209,0.49655913978494615,0.3980758347481608,56380861934.00744,5992893877.635623,135940811496.6998,168381619162.90228,22.68366740215539,129947917619.06418,0.020197610356958703,0.03526943787496159,0.6122448979591836,0.1020408163265306,0.0,0.2857142857142857,unknown,0.0,-0.8138206495298803,1.3557132708451565,53.14285714285714,310.84130612244905,-2.261281934280134,23389.328775510203,2.947368421052632,111.79999999999998,32.94736842105263,0.5004024235381879,1035551998417.7748,17318.56,28.85995130765116
pred_0091,Li2.8Y0.8Zr0.2Cl3Br3,1e-06,1e-06,exact,1e-06,1.0,-6.0,"[{""element"": ""Li"", ""value"": 1.0}, {""element"": ""Y"", ""value"": 3.0}, {""element"": ""Zr"", ""value"": 4.0}, {""element"": ""Cl"", ""value"": -1.0}, {""element"": ""Br"", ""value"": -1.0}]",2.280204081632653,3.06,1.0489473684210526,1.242,-2.0110526315789476,-1.818,2.18,144.11836734693878,188.5,74.04210526315791,92.35999999999999,-96.14000000000001,-114.45789473684209,0.4899734748010609,0.3927963143934107,56241029401.51464,5764500741.230718,135940811496.6998,168381619162.90228,23.582408537894732,130176310755.46909,0.020197610356958703,0.03526943787496159,0.6122448979591836,0.1020408163265306,0.0,0.2857142857142857,unknown,0.0,-0.7899340617353802,1.3725881587446134,53.857142857142854,314.1780408163266,-2.3117759601725307,23966.369591836734,2.947368421052632,113.94285714285714,32.94736842105263,0.5004024235381879,1035551998417.7748,17318.56,31.355041707333967
pred_0092,Li2.7Y0.7Zr0.3Cl5.5Br0.5,1e-06,1e-06,exact,1e-06,1.0,-6.0,"[{""element"": ""Li"", ""value"": 1.0}, {""element"": ""Y"", ""value"": 3.0}, {""element"": ""Zr"", ""value"": 4.0}, {""element"": ""Cl"", ""value"": -1.0}, {""element"": ""Br"", ""value"": -1.0}]",2.346288659793815,3.143333333333334,1.0537837837837838,1.2530000000000001,-2.08954954954955,-1.8903333333333339,2.18,140.85721649484537,182.25,73.73378378378378,90.565,-91.685,-108.51621621621622,0.4969272976680384,0.40457494531568605,57876353738.717186,6335483582.242981,141456143181.64832,187629746123.41876,22.327599992227892,135120659599.40533,0.02088405798671562,0.037271014550847796,0.6185567010309279,0.10309278350515465,0.0,0.2783505154639176,unknown,0.0,-0.8453793947434257,1.3488420429931025,50.72938144329898,307.06873195876295,-2.2662589519584295,22676.809974226802,3.054054054054054,108.34285714285713,33.5945945945946,0.6108643020548935,1359161997923.329,22730.61,25.83547271468474
pred_0093,Li2.7Y0.7Zr0.3Cl5Br,1e-06,1e-06,exact,1e-06,1.0,-6.0,"[{""element"": ""Li"", ""value"": 1.0}, {""element"": ""Y"", ""value"": 3.0}, {""element"": ""Zr"", ""value"": 4.0}, {""element"": ""Cl"", ""value"": -1.0}, {""element"": ""Br"", ""value"": -1.0}]",2.335979381443299,3.126666666666667,1.0537837837837838,1.2530000000000001,-2.072882882882883,-1.8736666666666668,2.18,141.63041237113404,183.5,73.73378378378378,90.565,-92.935,-109.76621621621622,0.49354223433242506,0.40181898519773174,57805716686.22082,6221287014.040528,141456143181.64832,187629746123.41876,22.737440478538065,135234856167.60779,0.02088405798671562,0.037271014550847796,0.6185567010309279,0.10309278350515465,0.0,0.2783505154639176,unknown,0.0,-0.8329236964337488,1.3567415751885799,51.07731958762888,308.75429896907224,-2.292364024441824,22968.30481958763,3.054054054054054,109.41428571428571,33.5945945945946,0.6108643020548935,1359161997923.329,22730.61,26.94064160523756
pred_0094,Li2.7Y0.7Zr0.3Cl4Br2,1e-06,1e-06,exact,1e-06,1.0,-6.0,"[{""element"": ""Li"", ""value"": 1.0}, {""element"": ""Y"", ""value"": 3.0}, {""element"": ""Zr"", ""value"": 4.0}, {""element"": ""Cl"", ""value"": -1.0}, {""element"": ""Br"", ""value"": -1.0}]",2.3153608247422683,3.0933333333333337,1.0537837837837838,1.2530000000000001,-2.03954954954955,-1.8403333333333336,2.18,143.17680412371135,186.0,73.73378378378378,90.565,-95.435,-112.26621621621622,0.4869086021505376,0.3964181923859343,57664442581.228096,5992893877.635623,141456143181.64832,187629746123.41876,23.603979324502408,135463249304.0127,0.02088405798671562,0.037271014550847796,0.6185567010309279,0.10309278350515465,0.0,0.2783505154639176,unknown,0.0,-0.8085145457139791,1.3729852255543855,51.773195876288675,312.12543298969075,-2.344574169408613,23551.29451030928,3.054054054054054,111.55714285714286,33.5945945945946,0.6108643020548935,1359161997923.329,22730.61,29.294829775902354
pred_0095,Li2.7Y0.7Zr0.3Cl3Br3,1e-06,1e-06,exact,1e-06,1.0,-6.0,"[{""element"": ""Li"", ""value"": 1.0}, {""element"": ""Y"", ""value"": 3.0}, {""element"": ""Zr"", ""value"": 4.0}, {""element"": ""Cl"", ""value"": -1.0}, {""element"": ""Br"", ""value"": -1.0}]",2.2947422680412375,3.06,1.0537837837837838,1.2530000000000001,-2.0062162162162163,-1.807,2.18,144.72319587628868,188.5,73.73378378378378,90.565,-97.935,-114.76621621621622,0.48045092838196285,0.391160656677898,57523168476.23537,5764500741.230718,141456143181.64832,187629746123.41876,24.53918379607104,135691642440.4176,0.02088405798671562,0.037271014550847796,0.6185567010309279,0.10309278350515465,0.0,0.2783505154639176,unknown,0.0,-0.784752852572983,1.3898601134538422,52.469072164948464,315.4965670103094,-2.396784314375402,24134.284201030932,3.054054054054054,113.69999999999999,33.5945945945946,0.6108643020548935,1359161997923.329,22730.61,31.854736950000976
pred_0096,Li3.05Y0.95Zn0.05Cl6,1e-06,1e-06,exact,1e-06,1.0,-6.0,"[{""element"": ""Li"", ""value"": 1.0}, {""element"": ""Y"", ""value"": 3.0}, {""element"": ""Zn"", ""value"": 2.0}, {""element"": ""Cl"", ""value"": -1.0}]",2.3075124378109453,3.16,1.0445679012345677,1.2415,-2.1154320987654325,-1.9185,2.18,137.94966832504144,181.0,74.17139917695474,94.51916666666665,-86.48083333333335,-106.82860082304526,0.5222053406998157,0.4097867357842803,55114367851.93291,6449680150.445432,127210201483.76624,135919149295.00365,19.723489927633196,120760521333.3208,0.018857605925201575,0.03118811881188119,0.5970149253731343,0.09950248756218905,0.0,0.30348258706467657,unknown,0.0,-0.8668760145263759,1.2949837626444047,54.93034825870646,300.73027694859036,-2.0145316558616524,21834.36156854616,2.7037037037037037,107.70714285714284,31.02469135802469,0.1985152433458726,20403084652618.414,58137.337263999994,23.64738770441783
pred_0097,Li3.1Y0.9Zn0.1Cl6,1e-06,1e-06,exact,1e-06,1.0,-6.0,"[{""element"": ""Li"", ""value"": 1.0}, {""element"": ""Y"", ""value"": 3.0}, {""element"": ""Zn"", ""value"": 2.0}, {""element"": ""Cl"", ""value"": -1.0}]",2.3030693069306936,3.16,1.0490243902439025,1.2630000000000001,-2.110975609756098,-1.897,2.18,137.45924092409243,181.0,73.74105691056911,93.08833333333332,-87.91166666666668,-107.25894308943089,0.5143001841620626,0.4074091542020393,56054546673.56424,6449680150.445432,128647034268.37225,141952933348.13806,19.9462657476879,122197354117.92682,0.018789238786951015,0.03110995310057322,0.594059405940594,0.09900990099009901,0.0,0.3069306930693069,unknown,0.0,-0.860030787711866,1.2998616009263468,55.554455445544555,299.6611452145215,-2.0153138937433064,21725.694557205723,2.658536585365854,107.41428571428571,30.317073170731703,0.3250829733914482,38658476183908.58,110154.95481600001,23.468636329016086
pred_0098,Li3.2Y0.8Zn0.2Cl6,1e-06,1e-06,exact,1e-06,1.0,-6.0,"[{""element"": ""Li"", ""value"": 1.0}, {""element"": ""Y"", ""value"": 3.0}, {""element"": ""Zn"", ""value"": 2.0}, {""element"": ""Cl"", ""value"": -1.0}]",2.294313725490196,3.16,1.0576190476190477,1.306,-2.1023809523809525,-1.854,2.18,136.49281045751636,181.0,72.9111111111111,90.22666666666666,-90.77333333333334,-108.0888888888889,0.4984898710865561,0.4028238182934315,57907251998.543594,6449680150.445432,131418068924.3981,154020501454.40686,20.375904829221962,124968388773.95267,0.01865738787746778,0.030953621677957274,0.5882352941176471,0.09803921568627452,0.0,0.3137254901960785,unknown,0.0,-0.8468891227454762,1.3091169034789065,56.78431372549021,297.55432679738567,-2.0166563252445178,21511.556623093682,2.571428571428571,106.82857142857142,28.952380952380953,0.5004024235381879,68726179882504.125,195831.03078400003,23.120336094187103
pred_0099,Li3.3Y0.7Zn0.3Cl6,1e-06,1e-06,exact,1e-06,1.0,-6.0,"[{""element"": ""Li"", ""value"": 1.0}, {""element"": ""Y"", ""value"": 3.0}, {""element"": ""Zn"", ""value"": 2.0}, {""element"": ""Cl"", ""value"": -1.0}]",2.2857281553398057,3.16,1.0658139534883722,1.349,-2.094186046511628,-1.8110000000000002,2.18,135.54514563106795,181.0,72.11976744186046,87.365,-93.635,-108.88023255813954,0.48267955801104967,0.3984517538224335,59723982462.84373,6449680150.445432,134060218247.58554,166088069560.6756,20.785560697661417,127610538097.1401,0.01853166956842563,0.030797290255341326,0.5825242718446602,0.0970873786407767,0.0,0.3203883495145631,unknown,0.0,-0.8344321030630264,1.3177617442435319,57.99029126213592,295.48841747572817,-2.01773249230078,21301.576707119744,2.488372093023256,106.24285714285713,27.651162790697672,0.6108643020548935,90203111095786.66,257028.22790400003,22.783819027733696
pred_0100,Li3.4Y0.6Zn0.4Cl6,1e-06,1e-06,exact,1e-06,1.0,-6.0,"[{""element"": ""Li"", ""value"": 1.0}, {""element"": ""Y"", ""value"": 3.0}, {""element"": ""Zn"", ""value"": 2.0}, {""element"": ""Cl"", ""value"": -1.0}]",2.2773076923076925,3.16,1.0736363636363635,1.392,-2.086363636363637,-1.7680000000000002,2.18,134.61570512820512,181.0,71.36439393939393,84.50333333333333,-96.49666666666667,-109.63560606060607,0.46686924493554327,0.39427841955466264,61505775802.83041,6449680150.445432,136582269874.26447,178155637666.94443,21.17659584480817,130132589723.81903,0.018411665727976305,0.030640958832725378,0.5769230769230769,0.09615384615384615,0.0,0.3269230769230769,unknown,0.0,-0.8226081571617736,1.3258561481871194,59.17307692307693,293.4622371794872,-2.018574130671972,21095.63486645299,2.4090909090909096,105.65714285714284,26.40909090909091,0.6730116670092565,103089269823756.19,293746.54617600003,22.45853151996777
pred_0101,Li3.5Y0.5Zn0.5Cl6,1e-06,1e-06,exact,1e-06,1.0,-6.0,"[{""element"": ""Li"", ""value"": 1.0}, {""element"": ""Y"", ""value"": 3.0}, {""element"": ""Zn"", ""value"": 2.0}, {""element"": ""Cl"", ""value"": -1.0}]",2.2690476190476194,3.16,1.0811111111111111,1.435,-2.078888888888889,-1.725,2.18,133.70396825396824,181.0,70.6425925925926,81.64166666666665,-99.35833333333335,-110.3574074074074,0.45105893186003676,0.3902905668099039,63253630222.055435,6449680150.445432,138992230317.53543,190223205773.2132,21.550251652081734,132542550167.09,0.018296995391546955,0.030484627410109433,0.5714285714285714,0.09523809523809523,0.0,0.3333333333333333,unknown,0.0,-0.8113707227792558,1.3334523459803853,60.33333333333333,291.47465079365077,-2.0192089747564026,20893.61572751323,2.333333333333333,105.07142857142856,25.22222222222222,0.6931471805599453,107384656066412.69,305985.9856,22.143952698616
pred_0102,Li3.6Y0.4Zn0.6Cl6,1e-06,1e-06,exact,1e-06,1.0,-6.0,"[{""element"": ""Li"", ""value"": 1.0}, {""element"": ""Y"", ""value"": 3.0}, {""element"": ""Zn"", ""value"": 2.0}, {""element"": ""Cl"", ""value"": -1.0}]",2.2609433962264154,3.16,1.0882608695652176,1.4779999999999998,-2.0717391304347825,-1.6820000000000004,2.18,132.80943396226417,181.0,69.95217391304348,78.78,-102.22,-111.04782608695652,0.4352486187845304,0.38647609896709106,64968506256.01207,6449680150.445432,141297409871.96857,202290773879.482,21.907661554691234,134847729721.52313,0.018187310721918877,0.030328295987493488,0.5660377358490566,0.09433962264150944,0.0,0.339622641509434,unknown,0.0,-0.8006776572079082,1.340596023015129,61.47169811320755,289.5245660377359,-2.019661318037087,20695.40827044025,2.2608695652173916,104.48571428571428,24.086956521739133,0.6730116670092565,103089269823756.19,293746.54617600003,21.839592117990684
pred_0103,Li3.7Y0.3Zn0.7Cl6,1e-06,1e-06,exact,1e-06,1.0,-6.0,"[{""element"": ""Li"", ""value"": 1.0}, {""element"": ""Y"", ""value"": 3.0}, {""element"": ""Zn"", ""value"": 2.0}, {""element"": ""Cl"", ""value"": -1.0}]",2.2529906542056075,3.16,1.0951063829787233,1.521,-2.064893617021277,-1.6390000000000002,2.18,131.9316199376947,181.0,69.29113475177304,75.91833333333332,-105.08166666666668,-111.70886524822696,0.4194383057090239,0.38282394890482346,66651328532.32465,6449680150.445432,143504496679.4045,214358341985.7508,22.249862525274796,137054816528.95908,0.018082293485040927,0.030171964564877543,0.5607476635514019,0.09345794392523366,0.0,0.3457943925233645,unknown,0.0,-0.7904907285364494,1.3473273319596917,62.58878504672898,287.6109314641745,-2.019952486299329,20500.905625649015,2.1914893617021276,103.89999999999999,23.0,0.6108643020548935,90203111095786.66,257028.22790400003,21.544987636491307
pred_0104,Li3Y0.95In0.05Cl6,1e-06,1e-06,exact,1e-06,1.0,-6.0,"[{""element"": ""Li"", ""value"": 1.0}, {""element"": ""Y"", ""value"": 3.0}, {""element"": ""In"", ""value"": 3.0}, {""element"": ""Cl"", ""value"": -1.0}]",2.3148000000000004,3.16,1.0470000000000002,1.248,-2.113,-1.9120000000000001,2.18,138.36525,181.0,74.413125,95.15249999999999,-85.84750000000001,-106.586875,0.5257044198895027,0.41112223756906074,54635817432.23285,6449680150.445432,126915023354.91397,134595667143.34486,19.677723607138702,120465343204.46854,0.01900560368536854,0.0315779702970297,0.6,0.1,0.0,0.3,unknown,0.0,-0.8687012879834254,1.2939748561867852,54.3,301.63624500000003,-2.025747904311916,21930.0832375,2.8625,107.85714285714285,31.75,0.1985152433458726,21460043365568.96,89055.16421875,23.85980224165585
pred_0105,Li3Y0.9In0.1Cl6,1e-06,1e-06,exact,1e-06,1.0,-6.0,"[{""element"": ""Li"", ""value"": 1.0}, {""element"": ""Y"", ""value"": 3.0}, {""element"": ""In"", ""value"": 3.0}, {""element"": ""Cl"", ""value"": -1.0}]",2.3176,3.16,1.054,1.276,-2.106,-1.8840000000000001,2.18,138.2855,181.0,74.21375,94.35499999999999,-86.64500000000001,-106.78625,0.5212983425414364,0.4100207182320442,55106847622.38042,6449680150.445432,128092598830.2829,139305969044.8205,19.86030250220028,121642918679.83746,0.019083525128828674,0.03188965607087025,0.6,0.1,0.0,0.3,unknown,0.0,-0.8635036325966851,1.2979858591662012,54.3,301.46239,-2.0378580852883807,21916.051225,2.975,107.71428571428571,31.75,0.3250829733914482,40661134797920.14,168736.10062500002,23.890334907307146
pred_0106,Li3Y0.8In0.2Cl6,1e-06,1e-06,exact,1e-06,1.0,-6.0,"[{""element"": ""Li"", ""value"": 1.0}, {""element"": ""Y"", ""value"": 3.0}, {""element"": ""In"", ""value"": 3.0}, {""element"": ""Cl"", ""value"": -1.0}]",2.3232,3.16,1.068,1.332,-2.092,-1.828,2.18,138.126,181.0,73.815,92.75999999999999,-88.24000000000001,-107.185,0.5124861878453039,0.407817679558011,56048908002.67554,6449680150.445432,130447749781.02069,148726572847.77173,20.22546029232343,123998069630.57526,0.019239368015748944,0.032513027618551335,0.6,0.1,0.0,0.3,unknown,0.0,-0.8531545856353591,1.3058984140984713,54.3,301.11468,-2.0621716607680507,21887.9872,3.2,107.42857142857142,31.75,0.5004024235381879,72286461862969.16,299975.29000000004,23.951517503788693
pred_0107,Li3Y0.7In0.3Cl6,1e-06,1e-06,exact,1e-06,1.0,-6.0,"[{""element"": ""Li"", ""value"": 1.0}, {""element"": ""Y"", ""value"": 3.0}, {""element"": ""In"", ""value"": 3.0}, {""element"": ""Cl"", ""value"": -1.0}]",2.3288,3.16,1.082,1.388,-2.0780000000000003,-1.7720000000000002,2.18,137.9665,181.0,73.41624999999999,91.16499999999999,-89.83500000000001,-107.58375000000001,0.5036740331491713,0.40561464088397786,56990968382.97066,6449680150.445432,132802900731.7585,158147176650.72293,20.590618082446582,126353220581.31306,0.019395210902669213,0.033136399166232414,0.6,0.1,0.0,0.3,unknown,0.0,-0.8428672237569061,1.3136693833235706,54.3,300.76697,-2.0866095209500393,21859.923174999996,3.425,107.14285714285714,31.75,0.6108643020548935,94875981195147.0,393717.568125,24.012856787488165
pred_0108,Li3Y0.6In0.4Cl6,1e-06,1e-06,exact,1e-06,1.0,-6.0,"[{""element"": ""Li"", ""value"": 1.0}, {""element"": ""Y"", ""value"": 3.0}, {""element"": ""In"", ""value"": 3.0}, {""element"": ""Cl"", ""value"": -1.0}]",2.3344,3.16,1.0959999999999999,1.444,-2.064,-1.7160000000000002,2.18,137.807,181.0,73.0175,89.57,-91.43,-107.9825,0.49486187845303864,0.40341160220994476,57933028763.265785,6449680150.445432,135158051682.4963,167567780453.6742,20.955775872569735,128708371532.05087,0.019551053789589486,0.03375977071391349,0.6,0.1,0.0,0.3,unknown,0.0,-0.832641546961326,1.3213037449092007,54.3,300.41926,-2.111171665834347,21831.859149999997,3.65,106.85714285714285,31.75,0.6730116670092565,108429692794453.72,449962.93500000006,24.074353159677933
pred_0109,Li3Y0.5In0.5Cl6,1e-06,1e-06,exact,1e-06,1.0,-6.0,"[{""element"": ""Li"", ""value"": 1.0}, {""element"": ""Y"", ""value"": 3.0}, {""element"": ""In"", ""value"": 3.0}, {""element"": ""Cl"", ""value"": -1.0}]",2.34,3.16,1.1099999999999999,1.5,-2.0500000000000003,-1.6600000000000001,2.18,137.64749999999998,181.0,72.61875,87.975,-93.025,-108.38125,0.486049723756906,0.4012085635359116,58875089143.5609,6449680150.445432,137513202633.2341,176988384256.62543,21.320933662692884,131063522482.78867,0.019706896676509756,0.034383142261594585,0.6,0.1,0.0,0.3,unknown,0.0,-0.8224775552486189,1.3288062189134973,54.3,300.07155,-2.1358580954209727,21803.795124999997,3.875,106.57142857142856,31.75,0.6931471805599453,112947596660889.28,468711.390625,24.13600702265798
pred_0110,Li3Y0.4In0.6Cl6,1e-06,1e-06,exact,1e-06,1.0,-6.0,"[{""element"": ""Li"", ""value"": 1.0}, {""element"": ""Y"", ""value"": 3.0}, {""element"": ""In"", ""value"": 3.0}, {""element"": ""Cl"", ""value"": -1.0}]",2.3456,3.16,1.124,1.556,-2.036,-1.604,2.18,137.488,181.0,72.22,86.38,-94.62,-108.78,0.47723756906077347,0.39900552486187846,59817149523.85603,6449680150.445432,139868353583.97192,186408988059.57666,21.686091452816036,133418673433.52649,0.01986273956343003,0.03500651380927566,0.6,0.1,0.0,0.3,unknown,0.0,-0.8123752486187845,1.3361812849125714,54.3,299.72384,-2.1606688097099185,21775.731099999997,4.1,106.28571428571428,31.75,0.6730116670092565,108429692794453.72,449962.93500000006,24.19781877975859
pred_0111,Li3Y0.3In0.7Cl6,1e-06,1e-06,exact,1e-06,1.0,-6.0,"[{""element"": ""Li"", ""value"": 1.0}, {""element"": ""Y"", ""value"": 3.0}, {""element"": ""In"", ""value"": 3.0}, {""element"": ""Cl"", ""value"": -1.0}]",2.3512,3.16,1.138,1.612,-2.0220000000000002,-1.548,2.18,137.3285,181.0,71.82124999999999,84.785,-96.215,-109.17875000000001,0.46842541436464086,0.39680248618784525,60759209904.151146,6449680150.445432,142223504534.70972,195829591862.52783,22.051249242939186,135773824384.26428,0.0200185824503503,0.03562988535695675,0.6,0.1,0.0,0.3,unknown,0.0,-0.8023346270718232,1.343433198064485,54.3,299.37613,-2.185603808701183,21747.667074999998,4.325,105.99999999999999,31.75,0.6108643020548935,94875981195147.0,393717.568125,24.259788835342974
pred_0112,Li3Y0.9Zr0.05Zn0.05Cl6,1e-06,1e-06,exact,1e-06,1.0,-6.0,"[{""element"": ""Li"", ""value"": 1.0}, {""element"": ""Y"", ""value"": 3.0}, {""element"": ""Zr"", ""value"": 4.0}, {""element"": ""Zn"", ""value"": 2.0}, {""element"": ""Cl"", ""value"": -1.0}]",2.3146999999999998,3.16,1.04675,1.247,-2.11325,-1.913,2.18,138.21216666666666,181.0,74.03041666666668,93.62166666666666,-87.37833333333334,-106.96958333333332,0.5172467771639042,0.40900782688766124,55730571995.424545,6449680150.445432,129651909762.89325,145543212775.2619,20.102068124097464,123202229612.44781,0.01915833789856719,0.0321889071498243,0.6,0.1,0.0,0.3,unknown,0.0,-0.86433579017035,1.3032407404393545,54.3,301.30252333333334,-2.049359422368941,21905.140113888887,2.7500000000000004,107.58571428571427,31.300000000000004,0.39439769144744274,20446882786425.43,65098.681163999994,23.795830749109516
pred_0113,Li3.05Y0.85Zr0.05Zn0.1Cl6,1e-06,1e-06,exact,1e-06,1.0,-6.0,"[{""element"": ""Li"", ""value"": 1.0}, {""element"": ""Y"", ""value"": 3.0}, {""element"": ""Zr"", ""value"": 4.0}, {""element"": ""Zn"", ""value"": 2.0}, {""element"": ""Cl"", ""value"": -1.0}]",2.310199004975124,3.16,1.0512345679012345,1.2685,-2.1087654320987657,-1.8915000000000002,2.18,137.71799336650082,181.0,73.59650205761316,92.19083333333333,-88.80916666666667,-107.40349794238684,0.509341620626151,0.4066105086055976,56672362631.37497,6449680150.445432,131076336677.19652,151576996828.3963,20.32292045802365,124626656526.75108,0.019085413981160867,0.032110741438516326,0.5970149253731343,0.09950248756218905,0.0,0.30348258706467657,unknown,0.0,-0.8574461848755819,1.3079861173750753,54.93034825870646,300.2252255389718,-2.049840221255212,21795.580338584856,2.7037037037037037,107.29285714285713,30.58024691358024,0.5181862130502128,38438642951992.33,118936.19511600002,23.61433060613133
pred_0114,Li3.15Y0.75Zr0.05Zn0.2Cl6,1e-06,1e-06,exact,1e-06,1.0,-6.0,"[{""element"": ""Li"", ""value"": 1.0}, {""element"": ""Y"", ""value"": 3.0}, {""element"": ""Zr"", ""value"": 4.0}, {""element"": ""Zn"", ""value"": 2.0}, {""element"": ""Cl"", ""value"": -1.0}]",2.301330049261084,3.16,1.0598795180722893,1.3115,-2.1001204819277106,-1.8485,2.18,136.74425287356323,181.0,72.76004016064256,89.32916666666667,-91.67083333333333,-108.23995983935744,0.49353130755064456,0.4019891721582462,58528107726.84379,6449680150.445432,133822219885.492,163644564934.6651,20.74865989691751,127372539735.04657,0.018944837754835436,0.03195441001590038,0.5911330049261084,0.09852216748768475,0.0,0.3103448275862069,unknown,0.0,-0.8442256939626974,1.3169900519797535,56.17241379310345,298.10247126436786,-2.05058847774653,21579.69900793651,2.6144578313253013,106.70714285714286,29.19277108433735,0.6874357505033553,67979083919141.36,208252.06388400003,23.260736289357663
pred_0115,Li2.95Y0.85Zr0.1Zn0.05Cl6,1e-06,1e-06,exact,1e-06,1.0,-6.0,"[{""element"": ""Li"", ""value"": 1.0}, {""element"": ""Y"", ""value"": 3.0}, {""element"": ""Zr"", ""value"": 4.0}, {""element"": ""Zn"", ""value"": 2.0}, {""element"": ""Cl"", ""value"": -1.0}]",2.321959798994975,3.16,1.0489873417721518,1.2525,-2.1110126582278483,-1.9075000000000002,2.18,138.47730318257956,181.0,73.88586497890296,92.72416666666665,-88.27583333333335,-107.11413502109704,0.5122882136279925,0.4082091987784694,56352969145.38345,6449680150.445432,132155433441.49182,155167276255.52014,20.490230578700064,125705753291.04639,0.019466683339612937,0.0331896954877674,0.6030150753768845,0.10050251256281408,0.0,0.29648241206030157,unknown,0.0,-0.8617347858263968,1.3115468455897574,53.66331658291458,301.88052093802344,-2.0851569476522402,21976.630001395864,2.7974683544303796,107.46428571428571,31.582278481012654,0.5181862130502128,20458319920281.887,71518.82006400003,23.9467116279752
pred_0116,Li3Y0.8Zr0.1Zn0.1Cl6,1e-06,1e-06,exact,1e-06,1.0,-6.0,"[{""element"": ""Li"", ""value"": 1.0}, {""element"": ""Y"", ""value"": 3.0}, {""element"": ""Zr"", ""value"": 4.0}, {""element"": ""Zn"", ""value"": 2.0}, {""element"": ""Cl"", ""value"": -1.0}]",2.3174,3.16,1.0534999999999999,1.274,-2.1065000000000005,-1.8860000000000001,2.18,137.97933333333333,181.0,73.44833333333334,91.29333333333332,-89.70666666666668,-107.55166666666666,0.5043830570902393,0.40579189686924494,57296356748.76382,6449680150.445432,133566371646.2414,161201060308.65457,20.708991536117797,127116691495.79596,0.01938899355522597,0.03311152977645943,0.6,0.1,0.0,0.3,unknown,0.0,-0.8548006307550646,1.3161589506093885,54.3,300.7949466666667,-2.085318571853812,21866.16497777778,2.75,107.17142857142856,30.85,0.639031859650177,38186448720125.52,127176.23041600003,23.762399933526954
pred_0117,Li3.1Y0.7Zr0.1Zn0.2Cl6,1e-06,1e-06,exact,1e-06,1.0,-6.0,"[{""element"": ""Li"", ""value"": 1.0}, {""element"": ""Y"", ""value"": 3.0}, {""element"": ""Zr"", ""value"": 4.0}, {""element"": ""Zn"", ""value"": 2.0}, {""element"": ""Cl"", ""value"": -1.0}]",2.3084158415841585,3.16,1.0621951219512198,1.317,-2.0978048780487804,-1.8430000000000002,2.18,136.99818481848186,181.0,72.60528455284552,88.43166666666666,-92.56833333333334,-108.39471544715448,0.48857274401473294,0.4011341688002515,59155110541.56278,6449680150.445432,136285008674.90524,173268628414.92334,21.130506551630013,129835328524.45981,0.01923929860482181,0.03295519835384348,0.594059405940594,0.09900990099009901,0.0,0.3069306930693069,unknown,0.0,-0.8415012160612104,1.3249099083131182,55.554455445544555,298.6560429042905,-2.0854382976724963,21648.516069856985,2.6585365853658534,106.58571428571427,29.439024390243897,0.8018185525433373,67199626955828.04,220131.89198400005,23.403391898886625
pred_0118,Li2.85Y0.75Zr0.2Zn0.05Cl6,1e-06,1e-06,exact,1e-06,1.0,-6.0,"[{""element"": ""Li"", ""value"": 1.0}, {""element"": ""Y"", ""value"": 3.0}, {""element"": ""Zr"", ""value"": 4.0}, {""element"": ""Zn"", ""value"": 2.0}, {""element"": ""Cl"", ""value"": -1.0}]",2.3367005076142133,3.16,1.0536363636363635,1.2635,-2.1063636363636364,-1.8965,2.18,139.0156514382403,181.0,73.58549783549783,90.92916666666666,-90.07083333333334,-107.41450216450217,0.5023710865561694,0.40654971179833055,57616719703.675606,6449680150.445432,137357560565.85251,174415403216.03668,21.296801912939237,130907880415.40707,0.02010740113918853,0.035191272163653614,0.6091370558375635,0.10152284263959391,0.0,0.2893401015228427,unknown,0.0,-0.85634152930612,1.3283143914273485,52.37055837563452,303.05412013536386,-2.1598264831878797,22121.787133389735,2.8961038961038956,107.22142857142856,32.16883116883117,0.6874357505033553,20384111188143.14,82735.48286400002,24.256018486169133
pred_0119,Li2.9Y0.7Zr0.2Zn0.1Cl6,1e-06,1e-06,exact,1e-06,1.0,-6.0,"[{""element"": ""Li"", ""value"": 1.0}, {""element"": ""Y"", ""value"": 3.0}, {""element"": ""Zr"", ""value"": 4.0}, {""element"": ""Zn"", ""value"": 2.0}, {""element"": ""Cl"", ""value"": -1.0}]",2.332020202020202,3.16,1.0582051282051281,1.2850000000000004,-2.101794871794872,-1.8749999999999998,2.18,138.50993265993267,181.0,73.14059829059829,89.49833333333333,-91.50166666666667,-107.85940170940171,0.4944659300184162,0.404091703262974,58563253896.18967,6449680150.445432,138737982735.79617,180449187269.17108,21.5108314675441,132288302585.35074,0.020019504978284263,0.03511310645234565,0.6060606060606061,0.101010101010101,0.0,0.29292929292929293,unknown,0.0,-0.8493178696529738,1.3326571976858022,53.02020202020202,301.9516531986533,-2.1592918294761296,22009.473184624017,2.8461538461538463,106.92857142857142,31.410256410256412,0.8018185525433373,37584977256540.26,142032.686016,24.06588777575719
pred_0120,Li3Y0.85Zr0.05Zn0.05In0.05Cl6,1e-06,1e-06,exact,1e-06,1.0,-6.0,"[{""element"": ""Li"", ""value"": 1.0}, {""element"": ""Y"", ""value"": 3.0}, {""element"": ""Zr"", ""value"": 4.0}, {""element"": ""Zn"", ""value"": 2.0}, {""element"": ""In"", ""value"": 3.0}, {""element"": ""Cl"", ""value"": -1.0}]",2.3175,3.16,1.0537500000000002,1.275,-2.10625,-1.8850000000000002,2.18,138.13241666666667,181.0,73.83104166666668,92.82416666666666,-88.17583333333334,-107.16895833333332,0.5128406998158379,0.4079063075506446,56201602185.572105,6449680150.445432,130829485238.26215,150253514676.73755,20.28464701915904,124379805087.81671,0.019236259342027325,0.03250059292366484,0.6,0.1,0.0,0.3,unknown,0.0,-0.8591526602785453,1.3071674547830003,54.3,301.12866833333334,-2.0615298759149203,21891.108101388887,2.8625000000000003,107.44285714285714,31.300000000000004,0.5875009311062073,39433932290639.91,148832.11833275002,23.826281552381023
pred_0121,Li3Y0.8Zr0.05Zn0.05In0.1Cl6,1e-06,1e-06,exact,1e-06,1.0,-6.0,"[{""element"": ""Li"", ""value"": 1.0}, {""element"": ""Y"", ""value"": 3.0}, {""element"": ""Zr"", ""value"": 4.0}, {""element"": ""Zn"", ""value"": 2.0}, {""element"": ""In"", ""value"": 3.0}, {""element"": ""Cl"", ""value"": -1.0}]",2.3203,3.16,1.06075,1.3029999999999997,-2.09925,-1.8570000000000004,2.18,138.05266666666665,181.0,73.63166666666667,92.02666666666664,-88.97333333333336,-107.36833333333333,0.5084346224677715,0.40680478821362803,56672632375.71968,6449680150.445432,132007060713.63106,154963816578.21313,20.467225914220617,125557380563.18562,0.019314180785487464,0.03281227869750538,0.6,0.10000000000000002,0.0,0.3,unknown,0.0,-0.8539849516574587,1.3110589832688242,54.3,300.95481333333333,-2.0737314006364795,21877.076088888887,2.9750000000000005,107.29999999999998,31.300000000000004,0.7083465777061715,56162029861636.586,223191.32768899997,23.85677132262239
pred_0122,Li3.05Y0.8Zr0.05Zn0.1In0.05Cl6,1e-06,1e-06,exact,1e-06,1.0,-6.0,"[{""element"": ""Li"", ""value"": 1.0}, {""element"": ""Y"", ""value"": 3.0}, {""element"": ""Zr"", ""value"": 4.0}, {""element"": ""Zn"", ""value"": 2.0}, {""element"": ""In"", ""value"": 3.0}, {""element"": ""Cl"", ""value"": -1.0}]",2.3129850746268654,3.16,1.058148148148148,1.2965,-2.101851851851852,-1.8635000000000002,2.18,137.63864013267,181.0,73.39958847736625,91.39333333333333,-89.60666666666667,-107.60041152263375,0.5049355432780847,0.40552258827274174,57141049387.7407,6449680150.445432,132239374183.7337,156287298729.87195,20.503245292652366,125789694033.28827,0.019162373431491866,0.032422427212356865,0.5970149253731343,0.09950248756218905,0.0,0.30348258706467657,unknown,0.0,-0.8523484031288183,1.3118226074529709,54.93034825870646,300.0522354892206,-2.061879266978908,21781.61813709232,2.8148148148148158,107.14999999999999,30.580246913580254,0.7083465777061715,55223072305481.08,195095.48898475,23.644398712487813
pred_0123,Li3.05Y0.75Zr0.05Zn0.1In0.1Cl6,1e-06,1e-06,exact,1e-06,1.0,-6.0,"[{""element"": ""Li"", ""value"": 1.0}, {""element"": ""Y"", ""value"": 3.0}, {""element"": ""Zr"", ""value"": 4.0}, {""element"": ""Zn"", ""value"": 2.0}, {""element"": ""In"", ""value"": 3.0}, {""element"": ""Cl"", ""value"": -1.0}]",2.3157711442786066,3.16,1.0650617283950616,1.3245,-2.0949382716049385,-1.8355000000000001,2.18,137.55928689883913,181.0,73.20267489711934,90.59583333333333,-90.40416666666667,-107.79732510288066,0.5005294659300185,0.40443466793988586,57609736144.10643,6449680150.445432,133402411690.27087,160997600631.34753,20.68357012728108,126952731539.82544,0.019239332881822866,0.03273411298619741,0.5970149253731343,0.09950248756218905,0.0,0.30348258706467657,unknown,0.0,-0.8472656642311017,1.3156255031239268,54.93034825870646,299.87924543946934,-2.0739486214244014,21767.65593559978,2.925925925925926,107.00714285714284,30.580246913580243,0.8260651866153443,69748549725752.06,261880.555041,23.6745051045376
pred_0124,Li2.95Y0.8Zr0.1Zn0.05In0.05Cl6,1e-06,1e-06,exact,1e-06,1.0,-6.0,"[{""element"": ""Li"", ""value"": 1.0}, {""element"": ""Y"", ""value"": 3.0}, {""element"": ""Zr"", ""value"": 4.0}, {""element"": ""Zn"", ""value"": 2.0}, {""element"": ""In"", ""value"": 3.0}, {""element"": ""Cl"", ""value"": -1.0}]",2.324773869346734,3.16,1.0560759493670886,1.2805,-2.1039240506329113,-1.8795000000000002,2.18,138.39715242881073,181.0,73.68396624472575,91.92666666666665,-89.07333333333335,-107.31603375527425,0.5078821362799262,0.4070937361587058,56826366321.41115,6449680150.445432,133347914935.5363,159877578156.9958,20.67512059901559,126898234785.09087,0.01954559113045865,0.03350138126160795,0.6030150753768845,0.10050251256281408,0.0,0.29648241206030157,unknown,0.0,-0.85649430236631,1.3154480514934712,53.66331658291458,301.7057922948074,-2.0975553175230894,21962.52747627024,2.9113924050632907,107.32142857142857,31.582278481012654,0.7083465777061714,39174995713867.6,157504.67348275002,23.97750959726605
pred_0125,Li2.95Y0.75Zr0.1Zn0.05In0.1Cl6,1e-06,1e-06,exact,1e-06,1.0,-6.0,"[{""element"": ""Li"", ""value"": 1.0}, {""element"": ""Y"", ""value"": 3.0}, {""element"": ""Zr"", ""value"": 4.0}, {""element"": ""Zn"", ""value"": 2.0}, {""element"": ""In"", ""value"": 3.0}, {""element"": ""Cl"", ""value"": -1.0}]",2.3275879396984926,3.16,1.0631645569620252,1.3085,-2.0968354430379748,-1.8515000000000001,2.18,138.3170016750419,181.0,73.48206751054852,91.12916666666665,-89.87083333333335,-107.51793248945148,0.50347605893186,0.4059782735389421,57299763497.43886,6449680150.445432,134540396429.58075,164587880058.4714,20.860010619331106,128090716279.13531,0.019624498921304353,0.03381306703544849,0.6030150753768845,0.10050251256281408,0.0,0.29648241206030157,unknown,0.0,-0.8512696330598198,1.3193145251794731,53.66331658291458,301.53106365159135,-2.109985550160115,21948.424951144614,3.0253164556962027,107.17857142857142,31.582278481012654,0.8260651866153443,55632719574235.52,234116.29908900004,24.00834717595829
pred_0126,Li3Y0.75Zr0.1Zn0.1In0.05Cl6,1e-06,1e-06,exact,1e-06,1.0,-6.0,"[{""element"": ""Li"", ""value"": 1.0}, {""element"": ""Y"", ""value"": 3.0}, {""element"": ""Zr"", ""value"": 4.0}, {""element"": ""Zn"", ""value"": 2.0}, {""element"": ""In"", ""value"": 3.0}, {""element"": ""Cl"", ""value"": -1.0}]",2.3202000000000003,3.16,1.0605,1.302,-2.0995,-1.858,2.18,137.89958333333334,181.0,73.24895833333333,90.49583333333332,-90.50416666666668,-107.75104166666667,0.49997697974217303,0.40469037753222836,57767386938.91139,6449680150.445432,134743947121.61032,165911362210.1302,20.891570431179375,128294266971.16489,0.019466914998686104,0.03342321555029997,0.6,0.1,0.0,0.3,unknown,0.0,-0.8496474476289134,1.3199710873695136,54.3,300.6210916666667,-2.0975803691448847,21852.132965277775,2.8625,107.02857142857142,30.85,0.8260651866153443,54700504362985.516,205587.94053475,23.79280795639717
pred_0127,Li3Y0.7Zr0.1Zn0.1In0.1Cl6,1e-06,1e-06,exact,1e-06,1.0,-6.0,"[{""element"": ""Li"", ""value"": 1.0}, {""element"": ""Y"", ""value"": 3.0}, {""element"": ""Zr"", ""value"": 4.0}, {""element"": ""Zn"", ""value"": 2.0}, {""element"": ""In"", ""value"": 3.0}, {""element"": ""Cl"", ""value"": -1.0}]",2.323,3.16,1.0675,1.33,-2.0925000000000002,-1.83,2.18,137.81983333333332,181.0,73.04958333333333,89.69833333333334,-91.30166666666666,-107.95041666666667,0.49557090239410684,0.4035888581952118,58238417129.058945,6449680150.445432,135921522596.97922,170621664111.6058,21.07414932624095,129471842446.53378,0.01954483644214624,0.03373490132414052,0.6,0.09999999999999999,0.0,0.3,unknown,0.0,-0.8445096857734807,1.3237500530298392,54.3,300.44723666666664,-2.1098732376115374,21838.100952777775,2.9749999999999996,106.88571428571427,30.85,0.9404479886553264,68955608072627.734,274625.422841,23.82325489149245
