feature,importance,importance_share
r‚āź‚āó‚āó (pm),497,0.08690330477356181
chi_range_x_r_avg,360,0.06294806784402868
r‚Āļ(incl Li‚Āļ) - r‚ĀĽ,323,0.05647840531561462
r_ratio_x_chi_diff,317,0.055429270851547474
field_x_r_diff,306,0.05350585766742438
ő¶‚Āļ(excl Li‚Āļ) (|Z| pm‚ĀĽ¬Ļ),306,0.05350585766742438
Ōá‚Āļ(incl Li‚Āļ) - Ōá‚ĀĽ,306,0.05350585766742438
ŌĀ‚Āļ(excl Li‚Āļ) (C m‚ĀĽ¬≥),276,0.048260185347088654
Ōá‚āź‚āó‚āó,273,0.04773561811505508
r‚Āļ(excl Li‚Āļ) (pm),269,0.04703619513901031
