feature,importance,importance_share
chi_range_x_r_avg,335,0.1697061803444782
r‚Āļ(excl Li‚Āļ) (pm),269,0.13627152988855115
ŌĀ‚Āļ(excl Li‚Āļ) (C m‚ĀĽ¬≥),240,0.12158054711246201
ő¶‚Āļ(excl Li‚Āļ) (|Z| pm‚ĀĽ¬Ļ),210,0.10638297872340426
n_Li,192,0.0972644376899696
Ōá‚Āļ(excl Li‚Āļ),176,0.08915906788247213
r‚Āļ(incl Li‚Āļ) (pm),173,0.08763931104356636
n_Li √ó r‚ĀĽ (pm),139,0.07041540020263425
n‚āē‚āí‚āõ‚āú c‚āź‚āúŠĶĘ‚āí‚āô,119,0.06028368794326241
Ōá‚ĀĽ,69,0.034954407294832825
