χₐₗₗ,χ⁻,χ⁺(excl Li⁺),χ⁺(incl Li⁺) - χ⁻,χ⁺(excl Li⁺) - χ⁻,χₘₐₓ - χₘᵢₙ,rₐₗₗ (pm),r⁻ (pm),r⁺(incl Li⁺) (pm),r⁺(excl Li⁺) (pm),r⁺(excl Li⁺) - r⁻,r⁺(incl Li⁺) - r⁻,r⁺(incl Li⁺) / r⁻,ρ⁻ (C m⁻³),ρ⁺(incl Li⁺) (C m⁻³),ρ⁺(excl Li⁺) (C m⁻³),ρ⁺(incl Li⁺) / ρ⁻,Φ⁺(incl Li⁺) (|Z| pm⁻¹),Φ⁺(excl Li⁺) (|Z| pm⁻¹),nₕₒₛₜ cₐₜᵢₒₙ,n_Li,delta_anion,tau_cationic,family,r_ratio_x_chi_diff,log_rho_ratio,n_Li × r⁻ (pm),chi_range_x_r_avg,field_x_r_diff,ir_mean_square_all,d_mean_c,r_mean_l,s_mean_square_c,entropy_c_l,Vs_variance_c_l,mp_variance_c_l,atwt_geometric_mean_all
2.6329218106995884,3.44,1.3734939759036149,-2.108817204301075,-2.0665060240963853,2.46,116.1045267489712,138.2,80.46666666666667,82.0289156626506,-56.17108433734938,-57.73333333333332,0.5822479498311627,28978758058.690765,459383020256.4989,499747865015.2614,15.852405383491902,0.0459525889114392,0.0497041279592253,0.3415637860082304,0.0411522633744856,0.0,1.6129032258064515,perovskites,-1.227854493772985,1.2000951697410371,5.687242798353909,285.61713580246914,-2.652996133153756,14589.713422496568,8.311827956989248,92.51931330472104,83.46236559139786,0.9734697810147696,50441836985036.03,169374.27511351433,25.370421983377483
2.4613186813186814,3.16,1.38,-2.050967741935484,-1.78,2.18,143.2554945054945,181.0,70.20161290322581,75.875,-105.125,-110.7983870967742,0.3878542149349492,6449680150.445432,198081173025.27597,352906537984.93774,30.711782352741317,0.0266294518959006,0.0514401897661809,0.1098901098901098,0.2307692307692307,0.0,1.9354838709677415,halides,-0.7954764834052926,1.4873050213762677,41.76923076923076,312.2969780219781,-2.950500319336922,23289.206730769238,3.67741935483871,105.17142857142856,37.193548387096776,0.3250829733914482,21015357852165.6,9044.01,26.852091429041824
2.444054054054054,3.16,1.4425,-2.037692307692308,-1.7175,2.18,142.3108108108108,181.0,70.88461538461539,78.5,-102.5,-110.1153846153846,0.3916277093072673,6449680150.445432,177721891280.10904,297797826953.1211,27.5551480282065,0.0249753451676528,0.0478365384615384,0.1081081081081081,0.2432432432432432,0.0,1.8461538461538465,halides,-0.7980167707345779,1.4402027484284672,44.02702702702702,310.23756756756757,-2.7501697390380753,23024.92567567568,4.307692307692308,105.4642857142857,37.0,0.5623351446188083,65646206696655.31,540759.94921875,26.573836365859123
2.305987124463519,3.449,1.2214285714285715,-2.3568318584070798,-2.2275714285714283,3.0,111.23540772532188,138.07375,82.73451327433628,100.29047619047618,-37.783273809523806,-55.33923672566371,0.5992052310764087,28781764078.30429,157407129766.32645,195495994927.4149,5.468988257220135,0.0249209418641475,0.0365670501781405,0.2253218884120171,0.259656652360515,0.0070233817120807,1.0619469026548671,garnet,-1.412225978325056,0.7379069908769293,35.851767703862656,333.70622317596565,-1.3791059012465614,13378.484483190272,7.920353982300885,91.85217391304349,62.1637168141593,0.8324075743474855,21179186414268.52,272291.04435827665,20.09905164161093
2.445869565217392,3.16,1.386,-2.053125,-1.774,2.18,141.97282608695653,181.0,68.796875,71.65,-109.35,-112.203125,0.3800932320441988,6449680150.445432,238569224487.4912,489840939090.6771,36.98931093056064,0.027059752059752,0.053998613998614,0.108695652173913,0.2391304347826087,0.0,1.875,halides,-0.7803789170407457,1.568076240970907,43.28260869565217,309.5007608695653,-3.0361887428293612,23030.952445652176,3.0,105.0,33.4375,0.5004024235381879,79580228999204.0,228304.307344,25.90641334474183
2.6563445378151265,3.44,1.35,-2.119431818181818,-2.09,2.46,117.50196078431374,138.2,82.22121212121213,83.49341563786008,-54.70658436213991,-55.978787878787855,0.594943647765645,28978758058.690765,583557188396.0513,623241344661.0015,20.137411935120586,0.0513756385932848,0.0545352159568563,0.3403361344537815,0.0294117647058823,0.0,1.7045454545454546,perovskites,-1.260942497099664,1.3040036541758873,4.064705882352934,289.0548235294118,-2.8759459749507568,14832.562399626517,14.215909090909088,92.37662337662336,102.57954545454544,1.093246752419975,55234713466385.9,1480032.098765432,27.93494990859533
2.2911965811965813,3.44,1.2124,-2.3580701754385966,-2.2276,2.46,111.02136752136752,138.2,82.41228070175437,101.5,-36.7,-55.78771929824562,0.5963261989996699,28978758058.690765,157971171995.80746,201000116939.2149,5.451274746690937,0.0250648588123227,0.0381849151291328,0.2136752136752137,0.2735042735042735,0.0,1.0526315789473684,garnet,-1.406179024693783,0.7364980712158878,37.79829059829059,273.1125641025641,-1.3983113076720168,13341.20868945869,8.210526315789476,90.96470588235294,62.80701754385967,0.917357387831214,374554946717.8266,508851.4464000001,19.8374881895504
2.2814114114114115,3.106666666666667,1.2211,-2.06624060150376,-1.8855666666666668,2.18,140.90045045045045,185.0,74.58533834586464,95.77049999999998,-89.22950000000002,-110.41466165413536,0.4031639910587278,6084251132.197586,126223322337.50482,131810177937.9209,20.745909331312216,0.0189881550092917,0.0314664421907777,0.1001001001001,0.2992992992992993,0.0358554031389772,1.5037593984962403,halides,-0.8330338073898423,1.3169324755070506,55.370370370370374,307.162981981982,-2.0965707107872182,22864.1006981982,2.759398496240601,111.40428571428572,31.80701754385965,0.0560015343548473,64074779902.09981,1071.5858999999998,27.175770419417244
2.421818181818182,3.44,1.42,-2.24,-2.02,2.46,113.85454545454544,138.2,84.64,101.78,-36.41999999999999,-53.55999999999999,0.6124457308248915,28978758058.690765,169743272551.5122,215131736344.2541,5.857506805768924,0.0281304464423722,0.0414460780699296,0.2272727272727272,0.2272727272727272,0.0,1.2,garnet,-1.371878437047757,0.767712801870993,31.4090909090909,280.08218181818177,-1.5066667114534547,13908.333333333332,12.3,92.05882352941175,76.5,0.6730116670092565,103458999443646.92,100963.6704,22.445216876788955
2.263392107472712,3.44,1.186771653543307,-2.3711336717428084,-2.2532283464566927,2.46,109.90554156171284,138.2,81.18020304568527,99.33070866141732,-38.86929133858267,-57.01979695431472,0.5874110205910658,28978758058.690765,165404414130.32977,219867866926.45383,5.707781327113319,0.0246872753919948,0.0377857762365211,0.2132661628883291,0.2829554995801847,0.0,1.015228426395939,garnet,-1.3928300500762842,0.7564673263474466,39.10445004198152,270.36763224181357,-1.4076634302067939,13135.950181919954,9.052453468697124,91.3934426229508,66.28934010152284,0.743407140413312,8303882276462.222,416781.7089233679,20.34271450358653
1.8022222222222224,2.5725,2.01,-1.3864999999999998,-0.5625,1.6,118.44444444444444,187.5,63.2,46.0,-141.5,-124.3,0.3370666666666667,11672459452.268148,413817148765.728,1571666508793.5586,35.452438319270975,0.0292431561996779,0.0869565217391304,0.1111111111111111,0.4444444444444444,0.032331615074619,0.8,chalcogenidotetrelates,-0.4673429333333333,1.5496461101026653,83.33333333333333,189.51111111111112,-3.634924315619963,17901.444444444445,2.0,109.2,20.0,0.0,0.0,0.0,19.660569711757336
2.2811016949152543,3.44,1.2080769230769233,-2.357758620689655,-2.231923076923077,2.46,110.70127118644066,138.2,82.25431034482759,100.41346153846152,-37.786538461538456,-55.9456896551724,0.5951831428714008,28978758058.690765,161808599025.61456,207905571661.73047,5.583696813296937,0.0246554597700963,0.0367670227919813,0.2203389830508474,0.2711864406779661,0.0,1.0344827586206895,garnet,-1.4032981859942077,0.7469218286898055,37.47796610169491,272.32512711864405,-1.3793667006033958,13279.910840395478,7.5,91.74418604651164,60.06896551724138,0.8101502323878819,18148209796926.934,216587.4356841716,19.545940387626874
2.863736263736264,3.44,1.9328000000000003,-1.6916129032258065,-1.5071999999999997,2.46,104.8653846153846,138.2,40.346774193548384,33.83,-104.37,-97.8532258064516,0.2919448205032445,28978758058.690765,19095353841408.19,23648393609244.05,658.9431404456435,0.1664696703854889,0.2028668357224507,0.2747252747252747,0.0659340659340659,0.0,1.9354838709677415,nasicon,-0.49385762539323036,2.8188479413678014,9.112087912087906,257.96884615384613,-16.289594246156817,13326.463873626371,0.5806451612903226,79.50588235294119,38.903225806451616,0.8030448563658358,52079103972691.0,593192.41678656,18.92537838708905
2.365952380952381,3.2272,1.386,-2.1277882352941173,-1.8412,2.46,129.43928571428572,170.72799999999998,68.72058823529412,71.65,-99.07799999999996,-102.00741176470586,0.4025150428476531,11856658848.424313,231850729444.62524,489840939090.6771,19.55447419113665,0.0263394616335792,0.053998613998614,0.119047619047619,0.2857142857142857,0.1070659643847383,1.4705882352941175,halides,-0.8564667727001438,1.2912461425096764,48.77942857142856,318.42064285714287,-2.6868203085171856,19481.05958333333,2.8235294117647056,98.8,32.0,0.5004024235381879,79580228999204.0,228304.307344,21.58761594299862
2.8517759562841527,3.44,1.9267,-1.7086507936507935,-1.5133,2.46,104.8661202185792,138.2,41.37301587301587,34.58,-103.62,-96.82698412698412,0.299370592424138,28978758058.690765,18779245351020.047,23629516892007.977,648.0348575665798,0.1633827586981416,0.2020104241078066,0.2732240437158469,0.0710382513661202,0.0,1.9047619047619049,nasicon,-0.5115198003412116,2.811598367046002,9.817486338797812,257.9706557377048,-15.819859783087832,13306.140642076503,0.5634920634920635,79.63235294117648,38.650793650793645,0.8836841329652496,54251289455136.266,596198.42514219,18.84174011404879
2.430555555555556,3.0975,1.33,-2.000833333333333,-1.7675,2.18,147.58333333333334,185.875,71.0,78.0,-107.875,-114.875,0.3819771351714862,6092438633.060001,190358750788.19165,322366634847.03424,31.24508300423892,0.0269705603038936,0.0512820512820512,0.1111111111111111,0.2222222222222222,0.069390922079031,2.0,halides,-0.7642725846222819,1.4947816827315454,41.30555555555555,321.7316666666667,-3.0982431149097773,24832.41666666667,4.0,109.21428571428572,39.33333333333333,0.0,0.0,0.0,30.48081434092317
2.373333333333333,3.16,1.276,-2.097777777777778,-1.884,2.18,140.7515625,181.0,73.67083333333332,89.715,-91.285,-107.32916666666668,0.4070211786372006,6449680150.445432,146245923716.75284,203162822607.5073,22.67491105069028,0.0215244847162589,0.0389696264600135,0.1041666666666666,0.2708333333333333,0.0,1.6666666666666663,halides,-0.8538399836300387,1.3555455920818507,49.02083333333333,306.83840625000005,-2.310205007525471,22557.5547265625,4.666666666666666,107.28571428571428,41.61111111111112,0.6730116670092565,17346607792583.086,25506.24,26.12470004115974
2.4540816326530615,3.269333333333334,1.6900000000000002,-2.1024912280701757,-1.5793333333333337,3.0,134.1122448979592,174.28333333333333,70.6842105263158,79.6,-94.68333333333334,-103.59912280701754,0.4055706829472074,7877605361.786336,155773661608.1761,243746449586.51212,19.774240324835546,0.02150997150997151,0.040256410256410254,0.1020408163265306,0.2857142857142857,0.0982549901490816,1.5789473684210527,halides,-0.852708803258934,1.2960998080195614,49.79523809523809,402.3367346938776,-2.228414180036987,20724.67474489796,4.842105263157896,101.22857142857143,32.94736842105263,0.5004024235381879,56018096381145.87,461448.49,23.725890766363477
2.6611260330578514,3.44,1.423782991202346,-2.048777173913044,-2.0162170087976543,2.46,117.0150383707202,138.2,82.47434006211179,83.65999162128193,-54.540008378718056,-55.7256599378882,0.5967752537055847,28978758058.690765,408027893388.134,430488812112.4531,14.080240863385306,0.0455224714347011,0.0479538694661877,0.3522727272727272,0.027892561983471,0.0,1.6304347826086956,perovskites,-1.2226595177481676,1.148610084120327,3.8547520661156915,287.8569943919717,-2.5367697627023835,14702.740435922302,9.05978260869565,92.5441020191286,85.9945652173913,0.8800417388415909,21241846431352.984,132903.83528609318,26.667190012396123
2.5703428571428573,3.10248,1.5,-1.86248,-1.60248,2.46,146.9897142857143,178.48560000000003,68.25,69.0,-109.48560000000003,-110.23560000000003,0.3823837889443181,8751080755.540676,353226757859.6738,582098706960.5773,40.36378679696576,0.0436392914653784,0.072463768115942,0.1428571428571428,0.1428571428571428,0.0612287216189194,2.5,oxyhalides,-0.7121821592330136,1.6059919035480033,25.49794285714285,361.5946971428572,-4.810603478260869,24171.42165714285,11.5,103.23333333333332,76.5,0.0,0.0,0.0,33.78384336759968
2.8593478260869567,3.44,1.992,-1.6693749999999998,-1.4479999999999995,2.46,103.83152173913044,138.2,39.390625,31.52,-106.68,-98.809375,0.2850262301013024,28978758058.690765,18599742604068.887,23772851186755.723,641.8405704757523,0.1636451942790585,0.2053177005290467,0.2717391304347826,0.0760869565217391,0.0,1.875,nasicon,-0.47581566287536164,2.8074271652008593,10.515217391304342,255.42554347826086,-16.169679368467346,13164.24483695652,1.25,79.03529411764707,37.09375,1.0848728726350858,34978594000917.363,421909.0194966401,18.85862742804775
1.8184090909090904,2.58,1.958,-1.3962500000000002,-0.6220000000000001,1.6,116.17045454545452,184.0,59.64583333333333,29.800000000000004,-154.2,-124.35416666666669,0.3241621376811593,12278644599.949677,2429686092888.579,11189944972581.852,197.87901450446225,0.0441853172245329,0.1557932263814617,0.1136363636363636,0.4318181818181817,0.0,0.8333333333333334,thio_lisicon,-0.45261138473731877,2.2963997387836144,79.45454545454544,185.87272727272725,-5.494628302359103,17462.13068181818,0.0,105.4,14.625000000000002,0.5004024235381879,156546927610.7355,300172.4944,16.348104927230448
2.2682996115247653,3.44,1.220933229207341,-2.3594410039113427,-2.219066770792659,2.46,109.86031078018776,138.2,81.13265971316818,100.16302225693089,-38.0369777430691,-57.06734028683181,0.5870670022660506,28978758058.690765,199053651756.6925,303328686398.4621,6.8689503999291,0.0249629901555282,0.0391292247681993,0.2072677241825833,0.2893331175137585,0.0,1.013689700130378,garnet,-1.385149957189833,0.8368903803864983,39.985836840401426,270.25636451926187,-1.4245714537823602,13127.785900911837,7.27428292046936,90.59731237900012,57.78862451108213,0.9445514778161744,17643249060234.066,330304.78866693634,18.9530316325419
2.3242000000000003,3.16,1.342,-2.0895,-1.818,2.18,137.661,181.0,72.6525,88.10999999999999,-92.89,-108.3475,0.4013950276243094,6449680150.445432,150631462928.7551,229461425438.7093,23.354873329393257,0.0200075398219163,0.0355857148432209,0.1,0.3,0.0,1.5,halides,-0.8387149102209945,1.3683775161326983,54.3,300.10098000000005,-2.167766920855076,21824.39845,2.5,106.71428571428572,29.95,0.5004024235381879,50836265584956.45,23.04,23.608724307756837
2.871404347826087,3.44,2.0363680000000004,-1.6347124999999998,-1.4036319999999995,2.46,103.45956521739132,138.2,38.32125,30.1512,-108.0488,-99.87875,0.2772883502170767,28978758058.690765,18664704697706.6,23856002666612.0,644.0822846826258,0.1651822046994681,0.207285073867171,0.2717391304347826,0.0760869565217391,0.0,1.875,nasicon,-0.45328673220423293,2.8089413541622985,10.515217391304342,254.51053043478262,-16.498192127627,13124.631467391304,1.84,78.72988235294119,37.09375,1.0761097998524374,20761047290405.453,310055.6668741504,19.061483866244924
2.3682518426243124,3.16,1.27303,-2.0993421414808697,-1.8869700000000005,2.18,140.5675101214575,181.0,73.79213459950454,90.35932499999998,-90.64067500000002,-107.20786540049546,0.4076913513784781,6449680150.445432,144242450976.1012,196606612934.3333,22.364279717985617,0.021277140242832,0.0382924430948014,0.1038098204090107,0.2733312571369252,0.0,1.6515276630883566,halides,-0.8558836346661239,1.3495549154958617,49.47295754178346,306.43717206477737,-2.2810767872609987,22507.62761036281,4.696944673823286,107.38,41.71456096889622,0.6573397035288462,16790865845428.203,24689.083836,26.060412851864367
1.605,2.5425,1.71153801534892,-1.5625,-1.5947,1.6800000000000002,127.7,218.00000000000003,67.5,69.0,-102.29,-150.50000000000003,0.3096330275229357,5704234422.096207,124354808758.77034,582098706960.5773,21.80043798288923,0.0148148148148148,0.0617753623188405,0.0,0.6,0.0158903743813659,0.6666666666666666,halides,-0.483801605504587,1.338465218909247,130.8,214.53600000000003,-2.2296296296296276,21748.150000000005,0.0,127.5,9.0,0.0,0.0,0.0,19.275058208101616
1.8838323353293407,2.58,2.127,-1.33632183908046,-0.4530000000000003,1.6,118.4760479041916,184.0,58.22413793103448,27.15,-156.85,-125.77586206896552,0.316435532233883,12278644599.949677,6038181164402.469,25849499455808.863,491.76284200189457,0.0623542259371403,0.2216112531969309,0.1197604790419161,0.4011976047904191,0.0,0.9195402298850572,thio_lisicon,-0.4228597123851867,2.6917557100000913,73.82035928143712,189.5616766467066,-7.842656520886871,18157.59131736527,0.8045977011494252,105.3,17.45977011494253,0.6474466390346325,716122749459.5837,181866.869275,17.910485486294924
1.7918608169440242,2.5933333333333333,2.0328,-1.4675161588180978,-0.5605333333333333,1.6800000000000002,122.0748865355522,190.0,65.62742382271468,53.98,-136.02,-124.37257617728532,0.3454074938037614,10830828501.851728,270626613670.57095,1180437240221.9707,24.98669548911262,0.0245206997916861,0.084891304347826,0.075642965204236,0.470499243570348,0.0706126729736776,0.8310249307479225,halides,-0.5068910785338818,1.3977088241241207,89.39485627836612,205.08580937972772,-3.0497026027618235,18833.71822995462,2.174515235457064,111.40428571428572,19.45983379501385,0.683314913574166,236769053078.32077,23193.82878444002,18.83918632835297
1.865263157894737,2.58,2.19,-1.358,-0.3900000000000001,1.6,117.3684210526316,184.0,57.4,17.0,-167.0,-126.6,0.3119565217391304,12278644599.949678,7883919594001.206,38922178734970.95,642.0838660020762,0.0706753812636165,0.2941176470588235,0.1052631578947368,0.4210526315789474,0.0,0.9,glass,-0.4236369565217391,2.8075917572949374,77.47368421052632,187.78947368421058,-8.947503267973849,17985.894736842107,0.0,104.45454545454544,14.4,0.0,0.0,0.0,16.773083899398873
1.8961392405063289,2.708333333333333,2.19,-1.5461044176706829,-0.5183333333333335,2.18,119.04272151898734,184.5,59.89457831325301,17.0,-167.5,-124.60542168674698,0.3246318607764391,10707206919.371164,5967400580778.676,38922178734970.95,557.3256056145352,0.0568784943696354,0.2941176470588235,0.0791139240506329,0.4462025316455695,0.0197292950929011,0.9036144578313252,argyrodites,-0.5019147540631065,2.7461089966209564,82.32436708860757,259.5131329113924,-7.0873687758356825,18220.51028481013,0.0,104.35714285714286,13.066265060240966,0.0,0.0,0.0,16.882166354689222
1.885552,2.58,2.1262666666666665,-1.3354769230769232,-0.4537333333333335,1.6,118.72608,184.0,58.47323076923077,28.384,-155.616,-125.52676923076922,0.3177892976588629,12278644599.949677,6185525450510.826,26389427589684.344,503.76288686914006,0.0628344007985951,0.2228996874111963,0.12,0.4,0.0,0.9230769230769232,lgps,-0.4244002734242347,2.7022261690738723,73.60000000000001,189.961728,-7.887399328798909,18204.8392,0.9415384615384615,105.58026666666667,18.004923076923077,0.8138222375296229,1518517271325.0498,149245.28421588195,17.99291945070708
2.450652173913044,3.16,1.4300000000000002,-2.039375,-1.73,2.18,142.20108695652175,181.0,69.453125,73.75,-107.25,-111.546875,0.3837189226519337,6449680150.445432,205320943872.5425,383446441122.8413,31.8342831091186,0.0263096627634072,0.0515983282503106,0.108695652173913,0.2391304347826087,0.0,1.875,halides,-0.7825467778832873,1.5028950742325442,43.28260869565217,309.99836956521744,-2.9347606635619377,23054.463315217392,3.375,104.77142857142856,35.1875,0.5004024235381879,37360636181627.73,16078.24,26.31934422206373
1.858235294117647,2.58,2.045,-1.3633333333333335,-0.5350000000000001,1.6,117.32352941176472,184.0,58.05555555555556,25.0,-159.0,-125.94444444444444,0.3155193236714976,12278644599.949677,4894394325362.99,21589532633477.76,398.6103095925628,0.0576703857749609,0.2076648841354723,0.1176470588235294,0.4117647058823529,0.0,0.8888888888888888,thio_lisicon,-0.43015801127214176,2.600548527031952,75.76470588235294,187.71764705882356,-7.263264697324242,17889.397058823528,0.0,105.1,15.0,0.6931471805599453,244604574391.77417,469019.5225,16.908257219636507
2.282796610169492,3.44,1.215769230769231,-2.354310344827586,-2.224230769230769,2.46,110.77118644067797,138.2,82.39655172413794,100.7307692307692,-37.469230769230776,-55.80344827586205,0.5962123858475973,28978758058.690765,154033295089.38474,190560662880.9101,5.31538635221774,0.0244861667820751,0.0363893692033185,0.2203389830508474,0.2711864406779661,0.0,1.0344827586206895,garnet,-1.4036689877153345,0.7255348369756097,37.47796610169491,272.49711864406777,-1.3664125414976593,13286.954802259885,7.672413793103448,91.74418604651164,60.55172413793104,0.8101502323878819,17273886340326.846,260839.0358025148,19.703832954059678
1.840307692307692,2.642333333333333,2.19,-1.4894761904761904,-0.4523333333333332,1.98,118.52307692307691,186.46666666666667,60.285714285714285,17.0,-169.46666666666667,-126.1809523809524,0.3233055825118749,10997932702.26986,5666901083931.938,38922178734970.95,515.2696636125395,0.0547152194211017,0.2941176470588235,0.0769230769230769,0.4615384615384615,0.0265172422463906,0.8571428571428571,argyrodites,-0.4815559673994731,2.712034574222179,86.06153846153846,234.6756923076923,-6.904018496287396,18184.00769230769,0.0,106.08571428571427,12.857142857142856,0.0,0.0,0.0,17.16547624943417
2.608441558441559,3.44,1.297826086956522,-2.2079310344827583,-2.142173913043478,2.49,117.66147186147184,138.2,83.66666666666667,87.8840579710145,-50.31594202898549,-54.53333333333332,0.6054027978774723,28978758058.690765,331663929303.9819,385744569446.2109,11.44507051103646,0.0444456465925113,0.0521754287953886,0.2987012987012987,0.0779220779220779,0.0,1.6551724137931034,perovskites,-1.3366876257963636,1.0586184726295846,10.768831168831166,292.9770649350649,-2.423769260844949,14792.971399711398,14.96551724137931,92.18309859154928,105.44827586206895,1.005692986132508,10493903488995.012,964726.0793950852,28.94471118885286
1.8390015360983103,2.643333333333333,2.1842,-1.4917948717948717,-0.4591333333333334,1.98,118.25422427035332,186.0,60.351851851851855,17.32,-168.68,-125.64814814814817,0.3244723217841497,11078757388.627398,5552348837555.416,38228872890911.22,501.1707218406129,0.0541089347189565,0.2906595365418895,0.0768049155145929,0.4623655913978494,0.0240437416935461,0.8547008547008548,argyrodites,-0.48404614567696996,2.6999856917824734,85.99999999999999,234.14336405529957,-6.798687445705925,18082.1524577573,0.0,105.7285714285714,12.846153846153848,0.098039113279732,19176998632.31509,36771.13056400001,16.90342031580599
2.8770270270270277,3.44,2.095,-1.6023076923076922,-1.3450000000000002,2.46,103.76486486486486,138.2,40.19230769230769,32.0,-106.2,-98.0076923076923,0.2908271178893465,28978758058.690765,18372709828134.93,23847216333947.773,634.0061154768822,0.1621169147703674,0.2063075447570332,0.2702702702702703,0.081081081081081,0.0,1.8461538461538465,nasicon,-0.46599452812577596,2.802093447006425,11.205405405405394,255.26156756756757,-15.888704700686546,13149.527297297298,3.846153846153847,78.91176470588238,41.15384615384616,0.8979457248567797,3839439758109.911,162982.66762500003,19.843969115583025
2.623701431492843,3.449,1.3842948717948715,-2.135296296296296,-2.0647051282051283,3.0,115.1135139740968,138.07375,78.66869488536155,81.03130341880342,-57.04244658119657,-59.40505511463845,0.5697585159044464,28781764078.30429,419823933609.8812,482327017713.00085,14.586455940216142,0.0450072233742503,0.0513940790310539,0.3190184049079755,0.0674846625766871,0.0070233817120807,1.5873015873015872,perovskites,-1.2166032487940386,1.1639497845200826,9.31786042944785,345.3405419222904,-2.673656585104183,14357.74511488866,7.227513227513226,91.08333333333334,77.35978835978834,0.7800791550354971,29643294394206.223,142899.46346069613,24.13586703217521
2.443737373737374,3.269333333333334,1.735,-2.0957435897435905,-1.5343333333333338,3.0,133.45959595959596,174.28333333333333,70.65384615384616,79.8,-94.48333333333333,-103.62948717948717,0.4053964587578435,7877605361.786336,152448172263.94382,233918926428.94684,19.35209562584314,0.020984914895171305,0.03887820512820513,0.10101010101010101,0.29292929292929293,0.0982549901490816,1.5384615384615385,halides,-0.8496070297465025,1.2867280013683642,51.0526936026936,400.3787878787879,-2.174655969091784,20564.549242424247,4.923076923076923,101.1857142857143,32.333333333333336,0.3250829733914482,31510179214394.547,259564.775625,23.48765732899788
1.892684401451028,2.58,2.1279,-1.3311709601873536,-0.4521000000000001,1.6,119.43954050785972,184.0,58.961358313817335,31.040000000000003,-152.96,-125.03864168618269,0.3204421647490073,12278644599.949677,6778820614021.887,28538923797232.277,552.082158485935,0.0652933256933089,0.2303580562659846,0.120918984280532,0.3954050785973398,0.0,0.936768149882904,lgps,-0.42656330413345017,2.7420037123705154,72.75453446191052,191.10326481257556,-8.164188755864878,18357.844921402662,1.264637002341921,106.274,19.37002341920375,0.583258840128597,3424952951734.437,6950.007827639998,18.216840761157627
2.4172,3.242000000000001,1.78,-2.062000000000001,-1.4620000000000009,3.0,133.8275,175.9625,70.625,80.0,-95.9625,-105.3375,0.4013639269730766,7520624058.951111,149288957386.92316,224091403271.3816,19.85060763797097,0.0204861111111111,0.0375,0.1,0.3,0.0858847765859202,1.5,halides,-0.8276124174184845,1.2977738052945385,52.78875,401.48249999999996,-2.1579557291666656,20721.5884375,5.0,102.14285714285715,31.75,0.0,0.0,0.0,23.54850019299685
2.4084210526315792,3.1833333333333336,1.33,-2.103333333333333,-1.8533333333333333,2.46,138.03684210526316,177.4333333333333,70.5,78.0,-99.43333333333332,-106.93333333333332,0.3973323313920722,8327103309.465878,180929616212.5601,322366634847.03424,21.727797709305158,0.0252340252340252,0.0512820512820512,0.1052631578947368,0.2631578947368421,0.0666689559586751,1.7142857142857142,halides,-0.8357223370279917,1.337015709239699,46.69298245614034,339.57063157894737,-2.698358431691761,21811.55210526316,3.4285714285714284,103.0,35.0,0.0,0.0,0.0,24.450938220459854
1.793609022556391,2.5933333333333333,2.121,-1.4570319634703195,-0.4723333333333332,1.6800000000000002,120.1390977443609,190.0,62.719178082191775,32.599999999999994,-157.4,-127.28082191780824,0.3301009372746935,10830828501.851728,3858721109497.322,27385228804150.2,356.2720163870754,0.0433708206331966,0.2232736572890025,0.075187969924812,0.4736842105263157,0.0706126729736776,0.8219178082191781,argyrodites,-0.4809676167807394,2.5517817117533395,89.99999999999999,201.83368421052631,-5.520273697443099,18647.742481203008,0.821917808219178,109.75714285714284,15.32876712328767,0.6108643020548935,3649112733963.632,7404.878963999998,17.707937014876627
1.884,2.58,2.1133333333333333,-1.3384615384615386,-0.4666666666666668,1.6,119.44,184.0,59.84615384615385,34.333333333333336,-149.66666666666666,-124.15384615384616,0.3252508361204013,12278644599.949677,6119506501776.774,26103345478503.453,498.3861575244107,0.0611041889814268,0.2154021028701336,0.12,0.4,0.0,0.9230769230769232,lgps,-0.43533573449961405,2.697565971463613,73.60000000000001,191.104,-7.586320078155604,18286.94,1.5384615384615383,106.66666666666669,20.153846153846157,0.6365141682948128,3861494956575.272,7835.850755555552,18.269338548160917
2.642515592515592,3.44,1.3515060240963854,-2.119281767955801,-2.0884939759036145,2.49,117.52557172557172,138.2,83.25856353591159,84.68253012048191,-53.51746987951808,-54.9414364640884,0.602449808508767,28978758058.690765,414107220428.9657,440289667266.634,14.29002649424358,0.0461426837774782,0.048973515310249,0.3451143451143451,0.0311850311850311,0.0,1.6574585635359116,perovskites,-1.2767608952810934,1.155033033989929,4.309771309771298,292.63867359667364,-2.535145329042841,14837.53404019404,7.850828729281767,93.52789699570816,84.96685082872928,0.8851150239933931,31783616820177.348,147333.9884235738,25.959160057098277
1.814812030075188,2.643333333333333,2.103,-1.509497716894977,-0.5403333333333333,1.98,117.52255639097744,186.0,61.23972602739725,21.8,-164.2,-124.76027397260276,0.3292458388569745,11078757388.627398,4014524160171.957,28522591074075.035,362.3623136916925,0.0459697702244035,0.2422459893048128,0.075187969924812,0.4736842105263157,0.0240437416935461,0.8219178082191781,argyrodites,-0.49699584205177455,2.5591430239749533,88.10526315789473,232.69466165413533,-5.735201127654178,17814.23872180451,0.0,105.92857142857142,12.6986301369863,0.6108643020548935,205467842489.09027,393976.3989,16.55547543137663
2.916555555555556,3.44,2.0476,-1.5703333333333334,-1.3924,2.46,106.09999999999998,138.2,41.9,36.78,-101.42,-96.29999999999998,0.3031837916063676,28978758058.690765,19659556050360.93,23566596298681.363,678.4126500709372,0.1696660996281239,0.2006363565907857,0.2777777777777778,0.0555555555555555,0.0,2.0,nasicon,-0.47609961408586593,2.831493937427877,7.677777777777769,261.006,-16.33884539418833,13526.426666666664,4.866666666666666,80.41176470588236,49.23333333333333,0.9173573878312138,23562386274950.945,265023.53073024,20.669533696984647
2.6314639175257737,3.44,1.3784810126582276,-2.1196756756756754,-2.0615189873417723,2.46,115.94343642611685,138.2,79.8517117117117,81.96244725738396,-56.23755274261603,-58.34828828828829,0.577798203413254,28978758058.690765,412931416250.607,462245140315.6677,14.24945180239594,0.0458062962823654,0.0511023089382127,0.3257731958762887,0.0556701030927835,0.0,1.6216216216216215,perovskites,-1.2247447972241805,1.1537981567112654,7.693608247422679,285.22085360824747,-2.6727189809022045,14514.832332187856,7.664864864864865,91.4890829694323,81.05405405405405,0.6573879873908817,22479675635756.75,129992.11664797307,24.79079229345515
2.605600814663951,3.44,1.3424698795180725,-2.1449738219895287,-2.0975301204819274,2.49,116.71785471826205,138.2,82.97626527050612,85.3070281124498,-52.89297188755019,-55.22373472949387,0.6004071293090169,28978758058.690765,397220396333.7097,438314611329.9356,13.707295375778978,0.0439918408928029,0.0483859713262348,0.3380855397148676,0.0509164969450101,0.0,1.5706806282722514,perovskites,-1.287857574903723,1.1369517714015254,7.036659877800394,290.6274582484725,-2.429393751726248,14680.563761031905,6.863874345549738,94.0,78.68586387434556,0.9358108669385266,37236965669507.67,156032.4112715924,25.03499835028396
1.9835483870967745,2.58,2.082,-1.2326666666666666,-0.4980000000000002,1.6,121.10752688172045,184.0,54.02222222222223,27.066666666666663,-156.93333333333334,-129.97777777777776,0.2935990338164251,12278644599.949677,10478854938251.736,31187855197237.668,853.4211453839688,0.0902881137786981,0.2412347117064647,0.1612903225806451,0.3225806451612903,0.0,1.0666666666666669,sulfides,-0.36190974235104667,2.931163399256602,59.354838709677416,193.77204301075272,-11.735448388702336,19127.363799283157,0.6666666666666666,105.38095238095238,19.866666666666667,0.5004024235381879,8050828719016.369,22545.62310399999,19.93830262785189
2.3960824742268043,3.16,1.636,-2.002702702702703,-1.524,2.18,138.74742268041237,181.0,70.22972972972973,77.6,-103.4,-110.77027027027027,0.3880095565178438,6449680150.445432,166373030244.254,279822228255.0598,25.795547432342648,0.0224099099099099,0.0429166666666666,0.1030927835051546,0.2783505154639176,0.0,1.6216216216216215,halides,-0.777067787512763,1.4115447488917416,50.38144329896908,302.46938144329897,-2.4823517774531276,22154.95618556701,5.567567567567568,105.2285714285714,37.16216216216217,0.6108643020548935,82047211555247.53,905270.953125,25.766566937019345
1.9003636363636365,2.5859259259259257,2.19,-1.3466402116402114,-0.3959259259259258,1.6800000000000002,120.49090909090908,186.66666666666663,56.67857142857143,17.0,-169.66666666666666,-129.98809523809524,0.3036352040816327,11635170778.572811,8438174221518.522,38922178734970.95,725.2299413652063,0.0746654217242452,0.2941176470588235,0.109090909090909,0.4,0.0505076272276105,0.9642857142857144,sulfides,-0.40888737548590864,2.8604757257892484,74.66666666666666,202.4247272727273,-9.70561595008373,19003.11818181818,0.0,106.27272727272728,14.785714285714285,0.0,0.0,0.0,18.20842703867005
1.8405384615384617,2.642833333333334,2.19,-1.489976190476191,-0.4528333333333338,1.98,118.41538461538462,186.23333333333332,60.285714285714285,17.0,-169.23333333333335,-125.94761904761909,0.3237106548364826,11038345045.44863,5666901083931.938,38922178734970.95,513.3832164694413,0.0547152194211017,0.2941176470588235,0.0769230769230769,0.4615384615384615,0.0253448279333797,0.8571428571428571,argyrodites,-0.48232116830981553,2.7104416666068443,85.95384615384614,234.46246153846155,-6.891251611755806,18142.869230769236,0.0,105.9,12.857142857142856,0.0,0.0,0.0,17.046894502088563
2.851693989071038,3.44,1.9264,-1.7088888888888891,-1.5136,2.46,104.85491803278688,138.2,41.34047619047618,34.539,-103.661,-96.8595238095238,0.299135138860175,28978758058.690765,18785323075875.32,23637174825325.617,648.2445879091625,0.1635092850914123,0.2021698473633277,0.2732240437158469,0.0710382513661202,0.0,1.9047619047619049,nasicon,-0.511188715074388,2.811738899601053,9.817486338797812,257.9430983606557,-15.837431492389863,13308.846051912566,0.7142857142857143,79.68235294117648,39.00000000000001,0.8802861522293415,60065624616559.805,587825.15077056,18.885717421323925
2.1,3.44,1.9,-2.345,-1.54,2.46,98.40714285714284,138.2,68.5625,76.0,-62.19999999999999,-69.63749999999999,0.4961107091172214,28978758058.690765,163262370788.13593,435615304993.695,5.633863620293187,0.0211866471734892,0.0657894736842105,0.0714285714285714,0.5,0.0,0.75,hexaoxometalates,-1.1633796128798843,0.7508063297511056,69.1,242.08157142857138,-1.475385142543854,10876.085,3.75,75.57142857142857,25.875,0.0,0.0,0.0,12.661270546621433
2.328478260869565,3.44,1.2518181818181815,-2.324090909090909,-2.1881818181818184,2.46,110.49891304347824,138.2,80.27954545454546,93.05909090909093,-45.14090909090908,-57.92045454545453,0.5808939613208789,28978758058.690765,196446774998.60623,268538741238.44217,6.778992205281607,0.0270574735858775,0.0393001323569402,0.2391304347826087,0.2391304347826087,0.0,1.0909090909090908,garnet,-1.3500503746516608,0.8311651345429973,33.04782608695652,271.8273260869565,-1.5671811689456545,13234.09635869565,7.636363636363636,93.17142857142858,63.590909090909086,0.9164648855394713,40632956376640.99,190694.1822231405,20.54058046648674
1.8647058823529408,2.58,2.1,-1.3511111111111114,-0.4800000000000004,1.6,118.08823529411764,184.0,59.5,31.5,-152.5,-124.5,0.3233695652173913,12278644599.949677,4596036545008.434,20246922621882.25,374.3113914240396,0.0538642080557397,0.1905370843989769,0.1176470588235294,0.4117647058823529,0.0,0.8888888888888888,lgps,-0.43690821256038653,2.573233044205849,75.76470588235294,188.94117647058823,-6.7060939029395925,17949.808823529413,1.1111111111111112,105.6,18.11111111111111,0.6931471805599453,786948076329.2129,199853.70250000004,17.880305900946606
2.833296703296704,3.44,1.8220000000000005,-1.7809677419354837,-1.6179999999999997,2.46,106.54578754578756,138.2,45.27956989247312,39.946666666666665,-98.25333333333332,-92.92043010752688,0.3276379876445233,28978758058.690765,18980600002460.92,23506098848949.44,654.9832109443564,0.1623229832189891,0.1977249436359909,0.2747252747252747,0.0659340659340659,0.0,1.9354838709677415,nasicon,-0.5835126870275525,2.8162301679495374,9.112087912087906,262.1026373626374,-15.083121417045337,13554.23089133089,7.064516129032259,81.21176470588236,65.61290322580646,0.8030448563658358,171434731020938.8,1101621.7224,22.003719194248166
2.3844,3.187333333333333,1.78,-2.0073333333333334,-1.407333333333333,3.0,135.8425,179.32083333333333,70.625,80.0,-99.32083333333333,-108.69583333333333,0.3938471547737993,6806661453.280659,149288957386.92316,224091403271.3816,21.932772536376,0.0204861111111111,0.0375,0.1,0.3,0.0504268749512095,1.5,halides,-0.7905825220159398,1.3410935346023016,53.79624999999999,407.52750000000003,-2.2267549189814804,21349.5128125,5.0,104.14285714285715,31.75,0.0,0.0,0.0,24.143525527272946
2.282796610169492,3.44,1.2252000000000005,-2.354310344827586,-2.2147999999999994,2.46,110.64406779661016,138.2,82.13793103448276,101.46,-36.74,-56.06206896551723,0.5943410349817856,28978758058.690765,170050095464.33258,230367873915.6747,5.868094661611433,0.0249773200919566,0.0383918270577839,0.211864406779661,0.2796610169491525,0.0,1.0344827586206895,garnet,-1.3992632470131519,0.76849711108193,38.649152542372875,272.184406779661,-1.40028024156907,13270.022598870057,7.551724137931036,91.1764705882353,59.27586206896552,0.8030448563658358,958291146036.6031,266931.0816,19.330589341170658
1.9503640256959316,2.3921348314606745,2.1161194029850745,-1.0315348314606745,-0.2760154284756,1.6,113.64775160599572,162.24719101123594,48.7675,11.582089552238806,-150.66510145899713,-113.47969101123594,0.300575311634349,13098830868.988983,94344104056687.72,281377337638397.5,7202.482801731874,0.1423518518518518,0.3955223880597014,0.1434689507494646,0.284796573875803,0.1355870083513334,1.335,glass,-0.3100539034279779,3.8574822299344897,46.20744412097297,181.83640256959316,-16.15404416302538,16648.29817987152,0.0,73.97604790419163,14.745,0.693035793042558,5420505714.454578,1031721.3380663844,7.20404177246731
1.7679411764705883,2.5933333333333333,2.016,-1.4770175438596491,-0.5773333333333333,1.6800000000000002,118.53676470588236,190.0,62.11842105263158,26.6,-163.4,-127.8815789473684,0.3269390581717452,10830828501.851728,2492598046182.501,18123003413179.125,230.13918517464717,0.0379147512274447,0.1903743315508021,0.0735294117647058,0.4852941176470588,0.0706126729736776,0.7894736842105263,argyrodites,-0.482894724692618,2.3619905711077704,92.20588235294117,199.1417647058824,-4.848598252362302,18273.54779411765,0.0,108.85714285714286,12.55263157894737,0.6730116670092565,234820391416.1032,450258.74160000007,16.766751772328664
1.8071110337626173,2.6903666666666672,2.0595,-1.516792249452083,-0.6308666666666674,2.46,109.18353637312912,178.12233333333333,59.73550508069336,24.2,-153.92233333333334,-118.38682825263996,0.3353622421333654,14421825827.154783,3516525061123.655,19041357582780.28,243.8335550067736,0.0451451921794033,0.1839572192513369,0.1044204664114166,0.4778976679429168,0.0859987342132677,0.7172743574417214,lisicon,-0.5086748496267615,2.3870934705667177,85.12424770855088,268.5914994778976,-5.3445961129754425,15595.228057779326,0.0,100.94333333333334,13.84160191273162,0.6881388137135884,242158528647.85645,464329.3272750001,14.745659053932345
2.8495628415300547,3.44,1.9186,-1.715079365079365,-1.5214,2.46,105.12650273224044,138.2,42.129365079365066,35.533,-102.667,-96.07063492063492,0.3048434520938138,28978758058.690765,18768976206179.707,23616577769509.15,647.6804895560688,0.1629759742923381,0.2014978757564941,0.2732240437158469,0.0710382513661202,0.0,1.9047619047619049,nasicon,-0.52283071426566,2.8113608147538156,9.817486338797812,258.6111967213115,-15.657205327073994,13347.465396174865,0.888888888888889,79.9,40.01587301587302,0.8802861522293415,69321685718949.016,602848.70545764,19.00917825103095
2.555624273424785,3.1786666666666665,1.2335203366058909,-2.0597273891878043,-1.945146330060776,2.46,150.44435402619544,178.14666666666665,86.56507814501664,102.28775128564747,-75.85891538101916,-91.58158852165,0.4859202799847503,7951618677.661789,187569483344.58524,239701641348.03427,23.58884284422715,0.0291588263346653,0.0409881093271928,0.1657754010695187,0.1367123924668681,0.0599292478683948,2.3059185242121445,oxyhalides,-1.0008633096463966,1.3727066369986556,24.35485700999766,370.0931109044408,-2.6704116351555696,24665.321598336304,11.874711760184471,108.2593590088877,82.98539584934665,0.6368377286186921,692358531552.4363,977886.3137799512,34.78812264024187
1.831984732824428,2.643333333333333,2.161,-1.496995305164319,-0.482333333333333,1.98,118.04198473282442,186.0,60.61267605633803,18.6,-167.4,-125.38732394366195,0.3258746024534302,11078757388.627398,5100593499732.509,35455649514672.31,460.39400636829424,0.0517179527950033,0.2768270944741533,0.0763358778625954,0.465648854961832,0.0240437416935461,0.8450704225352114,argyrodites,-0.48783274994507386,2.663129661139075,86.61068702290075,233.72312977099236,-6.484775700810095,18004.437022900765,0.0,105.78571428571428,12.802816901408452,0.3250829733914482,88057646781.0387,168847.0281,16.80174350073535
1.888,3.25,1.71153801534892,-2.27,-1.5947,2.46,105.84,163.35,67.5,69.0,-102.29,-95.85,0.4132231404958678,17371629399.960743,124354808758.77034,582098706960.5773,7.158499982681611,0.0148148148148148,0.0617753623188405,0.0,0.6,0.1573496419937833,0.6666666666666666,antiperovskite,-0.9380165289256198,0.8548220282446077,98.00999999999999,260.3664,-1.4199999999999984,13671.298,0.0,84.75,9.0,0.0,0.0,0.0,12.328099106138197
2.3212499999999996,3.073333333333333,1.296,-2.005555555555555,-1.7773333333333328,2.18,144.7927083333333,187.5,73.61388888888888,89.50999999999999,-97.99000000000001,-113.88611111111112,0.39260740740740735,5855857995.79268,159679656034.47614,251524258951.3112,27.268362065678996,0.022004950179687156,0.04069930212835525,0.10416666666666666,0.2708333333333333,0.03964284999284935,1.6666666666666665,halides,-0.787395967078189,1.4356590518689791,50.78125,315.64810416666666,-2.506058201158316,24093.040052083335,3.2222222222222223,112.77142857142857,33.22222222222223,0.5004024235381879,4551014702215.177,144704.16,31.290417353332362
1.2825,2.19,1.71153801534892,-1.21,-1.5947,1.21,103.625,212.0,67.5,69.0,-102.29,-144.5,0.3183962264150943,12041693654.298868,124354808758.77034,582098706960.5773,10.327019797117648,0.0148148148148148,0.0617753623188405,0.0,0.75,0.0,0.3333333333333333,phosphates,-0.3852594339622641,1.0139750095735172,159.0,125.38624999999999,-2.1407407407407386,14653.1875,0.0,111.0,9.0,0.0,0.0,0.0,10.088231102138472
2.8605555555555555,3.44,1.846,-1.738333333333333,-1.594,2.46,107.38333333333333,138.2,45.75,41.4,-96.79999999999998,-92.45,0.331041968162084,28978758058.690765,19589270713894.28,23482253894921.383,675.9872412137219,0.166621976425898,0.1969834087481146,0.2777777777777778,0.0555555555555555,0.0,2.0,nasicon,-0.5754612879884226,2.8299384990144643,7.677777777777769,264.16299999999995,-15.40420172057427,13710.11833333333,4.0,81.11764705882354,52.83333333333333,0.6730116670092565,153315205613809.94,786872.2776000001,20.69047022108216
1.9163745019920329,2.739333333333334,2.1755,-1.5768142493638684,-0.5638333333333341,2.46,118.51354581673309,182.48666666666665,59.91221374045801,17.799999999999997,-164.68666666666667,-122.57445292620864,0.3283100888126512,11099738711.88597,5783066154722.565,37188914124821.625,521.0092151565573,0.0561365790822459,0.2854723707664884,0.0796812749003984,0.4422310756972111,0.0323823989709992,0.916030534351145,argyrodites,-0.5176840262497056,2.716845404789447,80.70127490039839,291.54332270916336,-6.880910470155138,17978.80569721115,0.0,102.74999999999996,13.122137404580153,0.1985152433458726,46474869134.4371,89113.709275,16.35162054335421
2.3237336244541487,3.44,1.2303000000000002,-2.345183486238532,-2.2097,2.46,112.19917030567686,138.2,83.57440366972477,102.5422,-35.65779999999998,-54.625596330275215,0.6047351929791952,28978758058.690765,172541946728.46442,229402769532.70343,5.954083552477118,0.0264046715526562,0.0400807025033092,0.2183406113537118,0.2576419213973799,0.0,1.1009174311926606,garnet,-1.4182149881220805,0.774814924722053,35.6061135371179,276.0099589519651,-1.4423709294688989,13590.254834643376,9.876146788990829,91.06470588235294,70.92660550458716,0.8862772033041759,21438399442219.637,924712.0875,21.08863492046017
2.59265306122449,3.44,1.30625,-2.185263157894737,-2.13375,2.49,117.79591836734694,138.2,85.57894736842107,88.96875000000001,-49.23124999999997,-52.62105263157892,0.619239850712164,28978758058.690765,365780070477.34094,411047307049.5729,12.622351507836376,0.0436908053987099,0.0491050536331902,0.3265306122448979,0.0612244897959183,0.0,1.5789473684210529,perovskites,-1.353202031661529,1.1011402702602473,8.461224489795908,293.3118367346939,-2.299056170401586,14879.895238095236,9.736842105263158,94.91304347826087,87.73684210526315,1.094780226007948,40736010596349.75,858747.87109375,26.81554536174514
2.84494623655914,3.44,2.0136,-1.6769696969696972,-1.4264,2.46,103.13172043010752,138.2,39.371212121212125,30.37,-107.82999999999998,-98.82878787878786,0.2848857606455291,28978758058.690765,18080784050954.39,23826841408456.992,623.9323305137965,0.1597288185875758,0.2061012997948594,0.2688172043010752,0.086021505376344,0.0,1.818181818181818,nasicon,-0.47774478770071466,2.795137490198323,11.888172043010739,253.7040322580645,-15.785805530320916,13038.724059139782,1.393939393939394,78.82352941176472,35.39393939393939,1.1085716571473458,23130504638519.64,320221.91359584004,18.62572188562661
2.7565,3.62,2.263333333333333,-2.1587499999999995,-1.3566666666666665,3.0,102.68,135.67499999999998,53.1875,29.33333333333333,-106.34166666666664,-82.48749999999998,0.3920213746084393,25038878450.961243,33331157981301.074,88675829935538.23,1331.1761565750758,0.1401186342592592,0.3489583333333333,0.15,0.25,0.0263194342730205,1.5,oxyhalides,-0.846276142435968,3.1242355301300835,33.918749999999996,308.04,-11.55803584346064,12410.536625,0.375,72.53333333333333,22.625,0.6365141682948128,44262423631456.32,715718.3843555555,15.265010964233872
2.601530612244898,3.44,1.3334374999999998,-2.162368421052632,-2.1065625,2.49,117.6811224489796,138.2,85.28289473684212,88.61718749999999,-49.5828125,-52.917105263157865,0.617097646431564,28978758058.690765,360801736666.4881,405135535649.1852,12.450558989993818,0.0426445738442895,0.047862653662316,0.3265306122448979,0.0612244897959183,0.0,1.5789473684210529,perovskites,-1.3343924633495163,1.0951888502927962,8.461224489795908,293.0259948979592,-2.256627403020776,14866.435416666667,10.052631578947366,94.42391304347824,87.73684210526315,1.285675320400102,51090675648342.52,862315.0,26.942386690802124
2.6136326530612246,3.44,1.385714285714286,-2.131157894736842,-2.0542857142857143,2.46,115.02897959183672,138.2,78.44315789473684,81.00129870129871,-57.19870129870128,-59.756842105263146,0.5676060629141595,28978758058.690765,406520708015.1547,472481567581.5822,14.028230857645008,0.0447717344996279,0.0517746507895842,0.3142857142857143,0.073469387755102,0.0,1.5789473684210529,perovskites,-1.2096581420800077,1.1470029042993106,10.153469387755097,282.9712897959183,-2.675417469273027,14334.872775510205,7.021052631578948,90.80616740088108,76.31578947368422,0.6478476860936295,22030712292905.49,127395.91836734694,23.879545557931998
2.292127659574468,3.44,1.243,-2.345652173913044,-2.197,2.46,110.88085106382978,138.2,82.37391304347825,101.71,-36.49,-55.826086956521735,0.5960485748442711,28978758058.690765,176760708246.4033,244888377580.32617,6.099664722981203,0.025516232030973,0.0394280744119787,0.2127659574468085,0.2765957446808511,0.0,1.0434782608695652,garnet,-1.3981226353412362,0.7853059640335696,38.225531914893615,272.76689361702125,-1.4244713881638837,13329.812269503544,7.717391304347826,91.29411764705884,57.978260869565226,0.9376369622724492,11724015536281.12,430603.6275,19.40962017752769
2.8898934550989344,3.44,2.10288,-1.5822013758599125,-1.33712,2.46,103.29120460969776,138.2,37.79627892432771,29.503000000000004,-108.697,-100.40372107567228,0.2734897172527331,28978758058.690765,18712793962108.957,23902686173724.32,645.7417507061509,0.1661395200402727,0.2083893777392205,0.2717982170036964,0.075886062187432,0.0,1.876172607879925,nasicon,-0.43271580692081274,2.8100588668071325,10.487453794303102,254.09636333985648,-16.681026029769605,13106.888521961297,2.8642901813633523,78.19529411764708,38.86241400875548,0.8785943352561467,7424107841484.572,273561.59147904004,19.59730141296256
2.3370264317180616,3.44,1.2369,-2.3399532710280373,-2.2031,2.46,112.41863436123349,138.2,83.50495327102804,101.7506,-36.4494,-54.695046728971946,0.6042326575327645,28978758058.690765,178045167126.47568,239252175665.65973,6.143988875088445,0.0270403171966982,0.0409773899120454,0.2202643171806167,0.2511013215859031,0.0,1.121495327102804,garnet,-1.413876183455756,0.7884504206477925,34.7022026431718,276.5498405286344,-1.4789714126396318,13638.88652305433,10.088785046728972,90.84117647058824,72.0841121495327,0.8585022429370206,17249761239327.947,959045.2275,21.31350926214934
2.5878,3.44,1.3793939393939392,-2.1305,-2.060606060606061,2.46,114.35566666666666,138.2,78.58916666666667,80.94141414141414,-57.258585858585846,-59.61083333333332,0.5686625663289919,28978758058.690765,459657785787.64746,530782659702.8637,15.86188700208274,0.0436583911797238,0.0497767255601591,0.33,0.0699999999999999,0.0,1.5,perovskites,-1.2115355975639173,1.2003548516980638,9.673999999999985,281.31494,-2.602513080215985,14259.15906111111,7.525,92.2043010752688,76.17500000000001,1.0406984379215731,62430838001507.43,176632.95216326904,24.042761491865928
1.8168063420158551,2.58,1.969,-1.3952380952380952,-0.611,1.6,120.34258210645528,184.0,67.62422360248448,68.1,-115.9,-116.37577639751552,0.3675229543613287,12278644599.949677,203710129120.6155,507641006106.4824,16.59060391091134,0.0242749455729922,0.0605072463768115,0.1132502831257078,0.4337485843714609,0.0,0.8281573498964803,chalcogenidotetrelates,-0.5127820267993777,1.2198621949696764,79.80973952434881,192.54813137032846,-2.8250156380643996,17839.109569648925,4.140786749482402,110.76,27.84057971014493,0.3250829733914482,179304879245.6645,14306.5521,19.154046001140284
1.7933333333333334,2.565,1.96,-1.389,-0.605,1.6,122.55555555555556,191.0,67.8,69.0,-122.0,-123.2,0.3549738219895287,11066274304.58662,192619640120.70865,465678965568.46185,17.406006287127177,0.0234460547504025,0.0579710144927536,0.1111111111111111,0.4444444444444444,0.0366492146596858,0.8,chalcogenidotetrelates,-0.4930586387434554,1.2406991360554418,84.88888888888889,196.0888888888889,-2.8885539452495883,18789.555555555555,4.0,116.0,27.2,0.0,0.0,0.0,22.95004721683884
2.921222222222222,3.44,2.0644,-1.5563333333333331,-1.3756,2.46,106.19444444444444,138.2,42.18333333333334,37.120000000000005,-101.07999999999998,-96.01666666666664,0.3052339604438013,28978758058.690765,19652051197174.426,23557590474857.56,678.15367233382,0.1693946100285711,0.2003105690713223,0.2777777777777778,0.0555555555555555,0.0,2.0,nasicon,-0.475045787104036,2.8313281178852945,7.677777777777769,261.23833333333334,-16.264705806243295,13538.65722222222,5.466666666666667,80.52941176470588,50.43333333333334,0.8731726364245316,17485870331941.02,186101.23208064,20.87918147448822
2.636241471986769,3.44,1.3765075376884424,-2.1163745236799127,-2.0634924623115576,2.46,116.21785542002618,138.2,80.31887134821265,82.29162479061975,-55.90837520938024,-57.881128651787336,0.5811785191621756,28978758058.690765,411740361425.2709,455967409417.2888,14.208350840687231,0.0458801317542098,0.0506609123133503,0.3291296258011164,0.0506512301013024,0.0,1.6330974414806751,perovskites,-1.2299914116648463,1.152543672413502,6.999999999999991,285.8959243332644,-2.655593808626371,14567.473097879769,7.888949373979314,91.63066202090592,82.44583560152422,0.7215201769861521,23191637831640.27,129948.81556021312,25.07564289374951
2.586465127350631,3.169333333333333,1.2335203366058909,-2.038825423258396,-1.9358129967274424,2.46,153.43755455050388,179.57333333333335,88.15251179572577,102.28775128564747,-77.28558204768586,-91.42082153760758,0.4908997909622388,7200649414.053611,192832986640.6564,239701641348.03427,26.779943801221805,0.0303531653454772,0.0409881093271928,0.1697214948821709,0.116162818376577,0.0427838308853127,2.497918401332223,oxyhalides,-1.0008589740860445,1.4278096612926867,20.859744505276524,377.45638419423955,-2.774911312150366,25469.19761829194,12.86344712739384,109.2289253972529,89.14571190674438,0.6368377286186921,692358531552.4363,977886.3137799512,36.839973618443146
1.8006060606060608,2.5933333333333333,2.132,-1.4533333333333334,-0.4613333333333331,1.6800000000000002,119.59848484848486,190.0,60.93055555555556,20.200000000000003,-169.8,-129.06944444444446,0.3206871345029239,10830828501.851728,4550016681760.84,31989120294373.67,420.0986730593076,0.0488039435751854,0.2595365418894831,0.0757575757575757,0.4696969696969697,0.0706126729736776,0.8333333333333333,argyrodites,-0.4660653021442494,2.623351309760009,89.24242424242425,200.92545454545458,-6.299097883947194,18664.981060606064,0.0,108.57142857142856,12.75,0.5004024235381879,156546927610.73547,300172.4944,17.272056361358334
2.5985714285714283,3.44,1.324375,-2.17,-2.115625,2.49,117.71938775510203,138.2,85.38157894736844,88.73437500000001,-49.46562499999997,-52.81842105263155,0.6178117145250973,28978758058.690765,362461181270.1057,407106126115.981,12.507823162608004,0.042993317695763,0.0482767869859408,0.3265306122448979,0.0612244897959183,0.0,1.5789473684210529,perovskites,-1.340651420519461,1.097181732496828,8.461224489795908,293.1212755102041,-2.270839156504365,14870.922023809522,9.94736842105263,94.58695652173913,87.73684210526315,1.2511559833636317,47691497721574.18,861158.96484375,26.90003972338265
1.8733333333333333,2.58,2.1,-1.413333333333333,-0.4800000000000004,1.6,122.75,184.0,61.5,31.5,-152.5,-122.5,0.3342391304347826,12278644599.949677,3478116110946.0176,20246922621882.25,283.26547630186093,0.0441018597455085,0.1905370843989769,0.0833333333333333,0.4166666666666667,0.0,1.0,lgps,-0.472391304347826,2.452193647004581,76.66666666666667,196.4,-5.402477818824791,18926.64583333333,0.8333333333333333,104.85714285714285,15.833333333333332,0.6931471805599453,786948076329.2129,199853.70250000004,17.509828079588775
2.610549898167006,3.44,1.3838709677419354,-2.1322513089005235,-2.0561290322580645,2.46,115.03699932111338,138.2,78.65532286212915,81.24623655913979,-56.9537634408602,-59.54467713787084,0.5691412652831342,28978758058.690765,404749095358.4154,469872929665.42975,13.967095985917542,0.0446693544638205,0.0516033120597186,0.3156822810590631,0.0733197556008146,0.0,1.5706806282722512,perovskites,-1.213552207849263,1.1451061177537483,10.132790224032577,282.9910183299389,-2.659822289505301,14334.502500565735,7.094240837696336,90.978021978022,76.67015706806284,0.650390640876698,22150090955116.246,128086.24349635796,23.96533354482229
2.387142857142857,3.16,1.6900000000000002,-1.9931578947368422,-1.47,2.18,138.22448979591834,181.0,70.6842105263158,79.6,-101.4,-110.3157894736842,0.39052050014539114,6449680150.445432,155773661608.1761,243746449586.51212,24.152152971092367,0.02150997150997151,0.040256410256410254,0.1020408163265306,0.2857142857142857,0.0,1.5789473684210527,halides,-0.7783690179213665,1.3829558506895576,51.71428571428571,301.329387755102,-2.372889488678962,22006.15306122449,4.842105263157896,105.22857142857143,32.94736842105263,0.5004024235381879,56018096381145.87,461448.49,24.96546974825999
2.3152,3.44,1.2600000000000002,-2.3433333333333333,-2.18,2.46,110.56,138.2,80.61666666666666,98.98,-39.22,-57.58333333333333,0.5833333333333334,28978758058.69077,186592428913.86893,273725097131.007,6.438938084784817,0.0270235569097345,0.0441157958426222,0.2,0.28,0.0,1.0833333333333333,garnet,-1.3669444444444445,0.8088142490452876,38.696,271.9776,-1.5561064853855449,13286.602933333332,9.083333333333332,88.55555555555554,65.25,0.6730116670092565,747223949035.1819,1055378.16,19.92795327525556
2.28,3.106666666666667,1.22,-2.066666666666667,-1.886666666666667,2.18,140.845,185.0,74.6125,95.95,-89.05000000000001,-110.3875,0.4033108108108107,6084251132.197586,125737447879.54507,129885365241.86926,20.666051605619646,0.0189276822419084,0.0312662845231891,0.1,0.3,0.0358554031389772,1.5,halides,-0.8335090090090089,1.3152575095401875,55.5,307.0421,-2.0893795234786636,22848.91525,2.75,111.42857142857144,31.75,0.0,0.0,0.0,27.138005513897195
2.6346280991735536,3.44,1.3802547770700635,-2.118478260869565,-2.059745222929936,2.46,115.93719008264462,138.2,79.63913043478261,81.72675159235668,-56.47324840764331,-58.560869565217374,0.5762599886742592,28978758058.690765,414805268020.5671,464755347001.8952,14.31411474503016,0.0459181938292239,0.0512671825769248,0.3243801652892562,0.0557851239669421,0.0,1.6304347826086958,perovskites,-1.22079425861536,1.1557644942900855,7.709504132231398,285.20548760330576,-2.68900935950355,14515.579779614323,7.592391304347826,91.3194748358862,80.71195652173914,0.6551570100274259,22374419250797.61,129383.45571828472,24.70267962253982
2.3783333333333334,3.44,1.99,-2.123333333333333,-1.45,2.46,102.47499999999998,138.2,66.75,65.25,-72.94999999999999,-71.44999999999999,0.4829956584659913,28978758058.690765,331509839479.1712,745819900919.9729,11.439753173954635,0.0322079589976681,0.0669942473633748,0.1666666666666666,0.3333333333333333,0.0,1.0,oxides,-1.0255607814761214,1.0584166541470479,46.06666666666666,252.08849999999995,-2.3012586703833855,11792.224166666663,4.500000000000001,78.75,33.333333333333336,0.6931471805599453,13344027994567.057,273183.9289,16.05252733151157
1.8233333333333333,2.643333333333333,2.132,-1.5033333333333332,-0.511333333333333,1.98,117.78030303030305,186.0,60.93055555555556,20.200000000000003,-165.8,-125.06944444444444,0.3275836320191159,11078757388.627398,4550016681760.84,31989120294373.67,410.6973843864058,0.0488039435751854,0.2595365418894831,0.0757575757575757,0.4696969696969697,0.0240437416935461,0.8333333333333333,argyrodites,-0.4924673934687375,2.6135219369657343,87.36363636363637,233.20500000000004,-6.1038821096464515,17908.617424242424,0.0,105.85714285714285,12.75,0.5004024235381879,156546927610.73547,300172.4944,16.677222126816478
2.45,3.296666666666667,1.78,-2.116666666666667,-1.5166666666666668,3.0,131.8125,172.60416666666666,70.625,80.0,-92.60416666666666,-101.97916666666666,0.4091732045866023,8234586664.621562,149288957386.92316,224091403271.3816,18.12950224063056,0.0204861111111111,0.0375,0.1,0.3,0.1087670965518907,1.5,halides,-0.8660832830416417,1.2583858803715677,51.78124999999999,395.4375,-2.0891565393518507,20093.6640625,5.0,100.14285714285714,31.75,0.0,0.0,0.0,22.968139458885727
2.8497790055248617,3.44,1.8446,-1.7513114754098358,-1.5954000000000002,2.46,106.41574585635358,138.2,43.88934426229509,38.695,-99.505,-94.3106557377049,0.3175784678892553,28978758058.690765,19302432560483.445,23521609665862.875,666.0890201502139,0.1654903502689602,0.1986389680688721,0.2762430939226519,0.0607734806629834,0.0,1.9672131147540983,nasicon,-0.5561788151575269,2.8235322747806,8.398895027624306,261.78273480662983,-15.607503452128105,13549.249240331492,6.950819672131147,80.84117647058824,65.22950819672133,0.7524177643476055,161287214669877.8,1122657.6196,22.00757120836599
2.8205405405405406,3.44,1.886,-1.763076923076923,-1.554,2.46,105.99369369369369,138.2,46.53589743589744,40.24666666666666,-97.95333333333332,-91.66410256410256,0.3367286355708932,28978758058.690765,18157442554628.504,23567368878389.426,626.5776648486516,0.1563626601458316,0.1988270137451366,0.2702702702702703,0.081081081081081,0.0,1.8461538461538465,nasicon,-0.593678486714221,2.7969749098468895,11.205405405405394,260.74448648648644,-14.332842916803422,13484.279129129129,2.076923076923077,80.6764705882353,44.53846153846154,0.8979457248567797,81865857232544.4,537348.4535999999,19.283103582109216
2.874555555555556,3.44,1.9548936170212767,-1.6963333333333332,-1.4851063829787232,2.46,105.52308743169397,138.2,43.28134920634921,36.9845,-101.2155,-94.91865079365078,0.3131790825350884,28978758058.690765,18751361441688.33,23594383166250.02,647.0726386448703,0.1623330555857254,0.2006877981861621,0.2732240437158469,0.0710382513661202,0.0,1.9047619047619049,nasicon,-0.5312561170070216,2.810953036143055,9.817486338797812,259.5867950819671,-15.40843461540777,13411.02536543716,1.492063492063492,80.22352941176472,43.12698412698413,0.8420953021316528,112002204979396.2,574286.7864,19.302331172260395
2.6860869565217387,3.2104,1.6,-1.904084210526316,-1.6103999999999998,2.46,143.62028985507243,173.296,65.52631578947368,63.75,-109.546,-107.76968421052632,0.3781178780206911,10504914173.929592,447367979827.35376,738079833789.0787,42.58654306168463,0.048297213622291,0.0784313725490196,0.144927536231884,0.1304347826086956,0.0948851851267632,2.631578947368421,oxyhalides,-0.7199682812569135,1.6292723878979383,22.60382608695651,353.30591304347814,-5.204975460322632,23141.17442028985,7.368421052631579,99.43333333333334,46.89473684210526,0.0,0.0,0.0,29.70571398409282
2.6636974789915966,3.44,1.371604938271605,-2.0995454545454546,-2.068395061728395,2.46,117.2918767507003,138.2,81.6530303030303,82.87613168724279,-55.3238683127572,-56.54696969696968,0.5908323466210587,28978758058.690765,426410626447.7848,452514215630.786,14.71459286088707,0.0476275046039014,0.0504631691535756,0.3403361344537815,0.0294117647058823,0.0,1.7045454545454546,perovskites,-1.2404793677466681,1.1677482500770644,4.064705882352934,288.53801680672274,-2.6931910595790964,14783.770382819794,8.53409090909091,92.16017316017316,87.80681818181819,0.6653781224447001,22857981725480.73,132179.72869989328,26.04228404978536
2.444655172413793,3.16,1.33,-2.1235039370078743,-1.83,2.18,140.4205031446541,181.0,71.64169491525423,82.39999999999999,-98.6,-109.35830508474577,0.395810469145051,6449680150.445432,158975485576.78375,248904804628.4526,24.648584405508,0.0226276960995386,0.042922131631809,0.1031446540880503,0.2679245283018868,0.0,1.694915254237288,halides,-0.8405050895384496,1.3917919823341403,48.49433962264151,306.116696855346,-2.474526493418254,22527.457974842768,4.447457627118644,107.24226804123712,40.41016949152542,0.6931471805599453,12476906796755.213,265740.25,26.09611986555276
2.615336048879837,3.44,1.399032258064516,-2.119947643979057,-2.040967741935484,2.46,114.88934147997284,138.2,78.27574171029669,80.77849462365592,-57.42150537634407,-59.9242582897033,0.566394657816908,28978758058.690765,427807785086.9501,498287186040.5917,14.762806060235905,0.0452149256486318,0.0522755965519699,0.3156822810590631,0.0733197556008146,0.0,1.5706806282722514,perovskites,-1.2007270204012783,1.1691689144416377,10.132790224032577,282.62778004073317,-2.7094708831183425,14318.77694048427,7.303664921465969,90.85714285714286,76.67015706806284,0.7784649914224222,30771096559642.12,132210.26763787723,24.067339087669676
1.839384615384616,2.640333333333334,2.19,-1.487476190476191,-0.4503333333333339,1.98,118.95384615384616,187.4,60.285714285714285,17.0,-170.4,-127.11428571428571,0.3216953803933526,10836283329.554789,5666901083931.938,38922178734970.95,522.9561567918846,0.0547152194211017,0.2941176470588235,0.0769230769230769,0.4615384615384615,0.0302048488753146,0.8571428571428571,argyrodites,-0.4785142189212933,2.7184652803366856,86.49230769230769,235.5286153846154,-6.955086034413756,18348.561538461538,0.0,106.82857142857142,12.857142857142856,0.0,0.0,0.0,17.648109612226538
2.364,3.153333333333333,1.78,-1.973333333333333,-1.3733333333333329,2.18,137.15,181.5,70.625,80.0,-101.5,-110.875,0.3891184573002755,6404001523.164452,149288957386.92316,224091403271.3816,23.311824153526125,0.0204861111111111,0.0375,0.1,0.3,0.0148351647579462,1.5,halides,-0.7678604224058768,1.3675762584546856,54.449999999999996,298.987,-2.2713975694444435,21776.575,5.0,105.57142857142856,31.75,0.0,0.0,0.0,24.847214896388717
2.831182795698924,3.44,1.9624,-1.7157575757575758,-1.4775999999999998,2.46,104.02150537634408,138.2,41.87878787878788,33.67999999999999,-104.52,-96.32121212121211,0.303030303030303,28978758058.690765,17933018272911.242,23631790581440.027,618.8332238597475,0.156310022922277,0.2015884895166649,0.2688172043010752,0.086021505376344,0.0,1.8181818181818183,nasicon,-0.5199265381083562,2.7915736220144325,11.888172043010739,255.89290322580644,-15.055970874568171,13131.955913978492,1.3333333333333337,79.34117647058824,37.939393939393945,0.9173573878312138,44130254516481.93,533090.57840736,18.8635081477052
1.8407692307692307,2.643333333333333,2.19,-1.4904761904761905,-0.4533333333333331,1.98,118.3076923076923,186.0,60.285714285714285,17.0,-169.0,-125.71428571428572,0.3241167434715822,11078757388.627398,5666901083931.938,38922178734970.95,511.5105318353793,0.0547152194211017,0.2941176470588235,0.0769230769230769,0.4615384615384615,0.0240437416935461,0.8571428571428571,argyrodites,-0.48308828907907253,2.708854580122278,85.84615384615384,234.24923076923076,-6.878484727224214,18101.73076923077,0.0,105.71428571428572,12.857142857142856,0.0,0.0,0.0,16.92913193567327
1.7981481481481485,2.643333333333333,2.045,-1.521333333333333,-0.5983333333333332,1.98,117.01851851851852,186.0,61.833333333333336,25.0,-161.0,-124.16666666666666,0.3324372759856631,11078757388.627398,2986378518721.3027,21589532633477.76,269.55897795784296,0.0405281573909024,0.2076648841354723,0.074074074074074,0.4814814814814814,0.0240437416935461,0.8,argyrodites,-0.505747909199522,2.4306538010602874,89.55555555555554,231.69666666666666,-5.032246209370381,17629.675925925927,0.0,106.07142857142856,12.6,0.6931471805599453,244604574391.77417,469019.5225,16.31995547505281
2.8497267759562845,3.44,1.9192,-1.7146031746031742,-1.5208,2.46,105.14890710382512,138.2,42.19444444444444,35.614999999999995,-102.585,-96.00555555555556,0.3053143592217398,28978758058.690765,18756820756469.164,23601261902873.867,647.2610288709033,0.1627229215057967,0.2011790292454519,0.2732240437158469,0.0710382513661202,0.0,1.9047619047619049,nasicon,-0.523492969573529,2.8110794592412742,9.817486338797812,258.6663114754098,-15.622304480787072,13342.054576502733,0.5873015873015872,79.80000000000001,39.31746031746032,0.8420953021316528,57817793569570.34,618798.9683999999,18.920751729438308
1.933402366863905,2.7232835820895525,2.19,-1.565864227250843,-0.5332835820895525,2.18,122.16346153846156,185.3432835820896,60.09530791788856,17.0,-168.34328358208958,-125.24797566420102,0.3242378507407419,10334124045.108196,5813185296473.166,38922178734970.95,562.5232744544923,0.0557683092787457,0.2941176470588235,0.0739644970414201,0.4304733727810651,0.0247432841921134,0.9824046920821116,argyrodites,-0.507712451595626,2.7501404961310327,79.78534840589953,266.3163461538462,-6.984867843377978,19016.758505917154,0.0,104.94805194805194,12.958944281524923,0.0,0.0,0.0,17.839332317322654
1.7922556390977442,2.5933333333333333,2.103,-1.4594977168949772,-0.4903333333333335,1.6800000000000002,119.32706766917292,190.0,61.23972602739725,21.8,-168.2,-128.76027397260276,0.3223143475126171,10830828501.851728,4014524160171.957,28522591074075.035,370.657162513985,0.0459697702244035,0.2422459893048128,0.075187969924812,0.4736842105263157,0.0706126729736776,0.8219178082191781,argyrodites,-0.47041705431715897,2.5689723967692277,89.99999999999999,200.46947368421053,-5.919080208551792,18564.91541353384,0.0,108.64285714285714,12.6986301369863,0.6108643020548935,205467842489.09027,393976.3989,17.141449823811115
2.323913043478261,3.44,1.2580000000000002,-2.333636363636364,-2.1819999999999995,2.55,112.01138716356108,138.2,83.44199134199134,102.57238095238094,-35.62761904761905,-54.75800865800865,0.6037770719391559,28978758058.690765,216585841722.4245,327263081278.80945,7.473951826499001,0.0281592564346013,0.0441725863783451,0.217391304347826,0.2608695652173913,0.0,1.0909090909090908,garnet,-1.408996130607103,0.8735502942691603,36.052173913043475,285.6290372670807,-1.5419448076489837,13682.514096914125,8.181818181818182,91.76470588235296,58.909090909090914,1.0549201679861442,71022756502415.97,635859.76,19.86703901813948
1.8903614457831324,2.58,2.136,-1.3311627906976746,-0.4440000000000004,1.6,118.60843373493977,184.0,57.77906976744187,25.7,-158.3,-126.22093023255812,0.3140166835187058,12278644599.949677,6541254868842.25,27717025067117.727,532.7342782499836,0.065315860081815,0.2319693094629155,0.1204819277108433,0.3975903614457831,0.0,0.9302325581395348,thio_lisicon,-0.4180073247583889,2.726510641924434,73.15662650602408,189.77349397590365,-8.2442286184663,18228.521084337342,0.6976744186046512,105.2,17.232558139534884,0.6108643020548935,661036384116.5388,167877.11010000002,17.920799412476796
2.289052631578948,3.2445283018867923,1.414,-2.161194968553459,-1.8305283018867924,2.46,123.71526315789474,168.07924528301885,67.73214285714286,68.475,-99.60424528301886,-100.347102425876,0.4029774333118444,13250911217.085531,231312733152.5152,573578091212.4985,17.45636427284064,0.0244676911343578,0.0553568953568953,0.1052631578947368,0.3368421052631579,0.1169000409944832,1.261904761904762,halides,-0.8709128013141451,1.2419537960326454,56.61616683217477,304.33954736842105,-2.4552619083841,18026.842394736843,2.0000000000000004,96.2063492063492,26.0952380952381,0.6108643020548935,104449050561455.23,299649.403389,19.02797259058081
2.3283838383838384,3.16,1.249,-2.111025641025641,-1.911,2.18,139.12348484848485,181.0,74.69807692307693,95.5725,-85.42750000000001,-106.30192307692307,0.4126965575860604,6449680150.445432,129279451766.19946,143560916487.74387,20.04431983456902,0.0194298402594763,0.0328134140489946,0.101010101010101,0.2929292929292929,0.0,1.5384615384615383,halides,-0.8712130150271885,1.3019913238888512,53.02020202020201,303.289196969697,-2.0654293846597525,22115.912935606066,4.923076923076923,108.14285714285714,42.48717948717949,0.3250829733914482,6504977922218.657,9564.84,25.56149172878801
2.458333333333333,3.1391666666666667,1.33,-2.0425,-1.8091666666666664,2.18,145.41666666666666,182.625,71.0,78.0,-104.625,-111.625,0.3887748117727584,6330599644.6502905,190358750788.19165,322366634847.03424,30.06962396509396,0.0269705603038936,0.0512820512820512,0.1111111111111111,0.2222222222222222,0.0426733811109277,2.0,halides,-0.794072553045859,1.4781279970760473,40.58333333333333,317.0083333333333,-3.010588793922123,23963.58333333333,4.0,106.78571428571428,39.33333333333333,0.0,0.0,0.0,28.39609167514908
2.403376623376624,3.2195744680851064,1.414,-2.09490780141844,-1.8055744680851065,2.46,131.3474025974026,171.8936170212766,67.825,68.475,-103.41861702127662,-104.0686170212766,0.3945754425052605,11243100981.986992,274095902910.01303,573578091212.4985,24.379030602780563,0.0283288416621749,0.0553568953568953,0.1298701298701298,0.2597402597402597,0.101903012481685,1.5666666666666669,halides,-0.8265991727524034,1.3870164325279182,44.647692732799115,323.1146103896104,-2.948143373597264,20042.592045454545,2.8000000000000003,99.70175438596492,32.93333333333334,0.6108643020548935,104449050561455.23,299649.403389,22.56910396511751
1.8940677966101696,2.58,2.1302000000000003,-1.33,-0.4497999999999997,1.6,119.43946731234868,184.0,58.81924882629108,30.520000000000003,-153.48,-125.18075117370891,0.3196698305776689,12278644599.949677,6884714899408.426,28923488794926.3,560.7064235279391,0.0659661546685309,0.2327195225916453,0.1210653753026634,0.3946731234866828,0.0,0.9389671361502347,lgps,-0.42516087466829966,2.7487355314627866,72.61985472154964,191.1031476997579,-8.257692793447763,18369.13983050848,1.2206572769953052,106.212,19.244131455399064,0.5730569171314204,3343282333402.87,6784.279584159999,18.208491985548516
2.4421739130434785,2.986666666666667,2.25,-0.7366666666666668,-0.7366666666666668,1.39,170.26666666666668,196.0,67.33333333333333,67.33333333333333,-128.66666666666669,-128.66666666666669,0.3435374149659864,5079321332.016004,250561046304.5572,250561046304.5572,49.32963085544904,0.0297029702970297,0.0297029702970297,0.7391304347826086,0.0,0.0,0.3529411764705882,hybrid_halide,-0.2530725623582767,1.6931078655525253,0.0,236.67066666666668,-3.821782178217822,8393.294685990337,0.5882352941176471,60.99999999999999,8.235294117647058,0.7529746827658885,3948685472446.216,2533451.3474089964,5.00088236320605
2.2861946902654866,3.316756756756757,1.33,-2.2685749385749387,-1.986756756756757,3.0,121.71533923303834,165.14324324324326,69.54545454545455,78.0,-87.14324324324326,-95.59778869778872,0.4211220100783624,13087503326.511244,162928541113.62698,322366634847.03424,12.44916903161996,0.02191882191882192,0.05128205128205129,0.08849557522123894,0.3657817109144543,0.13106516090903036,1.2012987012987013,oxyhalides,-0.9553468381460758,1.0951403637188108,60.40637805947542,365.146017699115,-2.095390906299998,17343.771718289085,2.337662337662338,94.62790697674419,26.72727272727273,0.0,0.0,0.0,18.410467648529984
1.8925806451612903,2.58,2.0525,-1.331875,-0.5275000000000003,1.69,119.57603686635947,184.0,59.17857142857143,34.21428571428571,-149.78571428571428,-124.82142857142856,0.3216226708074534,12278644599.949677,6298015954246.223,24818999390708.57,512.9243625368906,0.0640724387791854,0.2118453106722972,0.1290322580645161,0.3870967741935484,0.0,0.9375,lgps,-0.42836119468167694,2.7100533273832808,71.2258064516129,202.08350230414752,-7.99761334047332,18429.55793285056,1.09375,106.48684210526316,19.625,0.8305236914828464,132797559949900.95,175214.778125,18.49121221376227
2.6207142857142856,3.173,1.5,-1.933,-1.673,2.46,144.30714285714285,174.73,68.25,69.0,-105.73,-106.48,0.3906026440794368,10120490059.157444,353226757859.6738,582098706960.5773,34.90213969827078,0.0436392914653784,0.072463768115942,0.1428571428571428,0.1428571428571428,0.0879039826087897,2.5,oxyhalides,-0.7550349110055513,1.5428520524797225,24.96142857142856,354.9955714285714,-4.6467117552334924,23307.097142857147,11.5,100.5,76.5,0.0,0.0,0.0,32.43580845490234
2.2538,3.2533333333333334,1.4420000000000002,-2.172898550724637,-1.8113333333333328,2.46,120.866,166.73333333333332,67.02173913043478,65.3,-101.43333333333332,-99.71159420289854,0.4019696469238392,13959372786.527208,240215772796.9333,657315243334.32,17.208206734673343,0.0239235891409804,0.0567151767151767,0.0999999999999999,0.3599999999999999,0.1210082776280857,1.1739130434782608,halides,-0.8734392632361042,1.2357356149054715,60.02399999999997,297.33036,-2.3854592123023077,17322.6757,1.565217391304348,94.8125,23.217391304347824,0.6730116670092565,119370343498806.0,342456.461016,17.880303782562386
1.7894444444444444,2.55,1.985,-1.3689999999999998,-0.565,1.5699999999999998,124.38888888888889,198.0,65.5,57.5,-140.5,-132.5,0.3308080808080808,9853904009.223562,303218394443.2184,1018672737181.0104,30.7713972207763,0.0263446054750402,0.072463768115942,0.1111111111111111,0.4444444444444444,0.0,0.8,chalcogenidotetrelates,-0.4528762626262625,1.4881472164780887,88.0,195.29055555555553,-3.4906602254428267,19831.055555555555,3.0,119.1,23.6,0.6931471805599453,1433213986011.6338,124721.98560000004,27.283832043176837
2.3637500000000005,3.171666666666667,1.6675,-2.019791666666667,-1.5041666666666669,2.46,135.73,179.21666666666667,70.5,79.5,-99.71666666666668,-108.71666666666668,0.3933785920208314,7388391729.955655,155431159360.40143,248660211165.29477,21.03721148544655,0.0213474893162393,0.0409455128205128,0.1,0.3,0.0477219355523538,1.5,oxyhalides,-0.7945428020087418,1.3229881728989024,53.765,333.89579999999995,-2.320827880163816,21314.030999999995,4.5,103.96428571428572,31.75,0.5623351446188083,65646206696655.31,540759.94921875,23.82775639873161
1.7720963327859875,2.58,1.951860465116279,-1.4372346640701072,-0.6281395348837211,1.6,116.72112753147232,184.0,64.31304771178188,48.47093023255815,-135.52906976744185,-119.68695228821812,0.3495274332162058,12278644599.949677,324737294985.15936,1320824653843.0815,26.44732424183776,0.0253433845149194,0.0776801699427649,0.094143404488232,0.4679802955665024,0.0,0.7789678675754624,thio_lisicon,-0.5023529430617804,1.422381739668454,86.10837438423644,186.7538040503557,-3.033272453259124,17179.561165845647,1.6747809152872442,106.39094650205762,18.211295034079846,0.6027751876921472,623600600431.7219,170181.8512915766,16.902643211603024
1.7841641566265056,2.5928,1.9825,-1.4750939560439562,-0.6103000000000001,1.6800000000000002,121.25828313253012,189.76,64.80082417582418,47.85,-141.91,-124.95917582417582,0.3414883230176232,10888741145.775646,437288707749.987,2402513593414.827,40.15971193507854,0.0265681078181078,0.1003787878787878,0.0753012048192771,0.4728915662650602,0.0695500527059065,0.8241758241758241,halides,-0.5037273613428822,1.6037905889613029,89.73590361445781,203.71391566265063,-3.319928856158593,18688.368975903617,1.5109890109890112,110.85714285714286,17.543956043956044,0.6881388137135884,773562388176.0525,151824.808179,18.070958789981844
1.8616814159292037,2.58,2.05225,-1.3603910614525143,-0.5277500000000002,1.6,117.42330383480824,184.0,57.91340782122905,24.6,-159.4,-126.08659217877096,0.3147467816371144,12278644599.949677,5114703441114.893,22456164938552.42,416.55277172334274,0.0588757550308651,0.2119875222816399,0.1179941002949852,0.4100294985250737,0.0,0.8938547486033519,lgps,-0.42817870836007677,2.6196700285914347,75.44542772861357,187.8772861356932,-7.42344331379391,17926.367994100296,0.0,105.07500000000002,15.033519553072626,0.6918966592050799,243993062955.79477,467846.97369375,16.957619610686518
2.6815541835213965,3.44,1.3682926829268294,-2.086947861745753,-2.0717073170731704,2.46,118.02835142999076,138.2,82.69546963483693,83.31626016260162,-54.883739837398366,-55.50453036516306,0.5983753229727709,28978758058.690765,435130436625.81726,447826758008.1906,15.01549637650262,0.0487681719827728,0.0501552908426833,0.3491590376836279,0.0142644241004896,0.0,1.751611013473931,perovskites,-1.2487781007994485,1.1765396935122108,1.9713434106876626,290.34974451777725,-2.7068544826713072,14930.851549452367,9.045108377270063,92.55507559395248,91.83538371411834,0.6688570623740269,23023349097254.566,133135.99048185605,26.80095638341265
2.324323144104804,3.44,1.233,-2.3439449541284407,-2.207,2.46,112.07871179039302,138.2,83.32133027522936,101.9905,-36.20949999999999,-54.87866972477063,0.6029039817310373,28978758058.690765,173246685300.3625,230939099619.4412,5.978402695846573,0.0264729220695769,0.0402294886301962,0.2183406113537118,0.2576419213973799,0.0,1.1009174311926606,garnet,-1.4131737458024105,0.776585165084963,35.6061135371179,275.7136310043668,-1.452798746905902,13564.834474163026,9.917431192660551,90.98529411764709,70.92660550458716,0.8862772033041759,14235151860824.71,907321.9275,21.10721031768096
2.340869565217392,3.44,1.336,-2.2981818181818183,-2.104,2.46,111.23043478260868,138.2,81.80909090909091,98.98,-39.22,-56.39090909090908,0.5919615840021051,28978758058.690765,196202084552.9277,282418815505.9165,6.7705484187955545,0.0271959742259546,0.0420533655193223,0.217391304347826,0.2608695652173913,0.0,1.0909090909090908,garnet,-1.360435349415747,0.8306238482435263,36.052173913043475,273.62686956521736,-1.5336057102145124,13420.503623188406,8.636363636363637,91.05882352941175,62.36363636363636,0.9502705392332348,79707592210953.75,174893.369344,20.096054542350583
1.884832,2.58,2.1202666666666663,-1.3368615384615388,-0.4597333333333337,1.6,119.05728,184.0,59.11015384615385,31.144,-152.856,-124.88984615384616,0.3212508361204013,12278644599.949677,6154898103159.978,26256709084497.33,501.2685278947811,0.0620317252133108,0.2194214265416311,0.12,0.4,0.0,0.9230769230769232,lgps,-0.42946788700797534,2.700070438324008,73.60000000000001,190.49164800000003,-7.747132618548046,18242.9272,1.2184615384615385,106.08426666666668,19.001846153846152,0.8628368472087351,2700860404917.0767,91944.46508551396,18.12063117597588
1.7840298507462689,2.5933333333333333,2.074,-1.4654954954954955,-0.5193333333333334,1.6800000000000002,119.05970149253731,190.0,61.54054054054053,23.4,-166.6,-128.45945945945948,0.3238975817923186,10830828501.851728,3493504409436.828,25056061853776.4,322.5519090104279,0.0432121961533726,0.2249554367201426,0.0746268656716417,0.4776119402985074,0.0706126729736776,0.8108108108108107,argyrodites,-0.47467044711852674,2.508599616592001,90.74626865671641,200.0202985074627,-5.551015359918378,18466.34328358209,0.0,108.71428571428572,12.64864864864865,0.6730116670092565,234820391416.1032,450258.74160000007,17.013758283982032
2.8661538461538463,3.44,1.9416,-1.684516129032258,-1.4984,2.46,104.98076923076924,138.2,40.685483870967744,34.25,-103.95,-97.51451612903224,0.2943956864758882,28978758058.690765,19078193438510.152,23627114709650.484,658.3509686602521,0.1660825275228593,0.20238677857279,0.2747252747252747,0.0659340659340659,0.0,1.9354838709677415,nasicon,-0.49591428218615746,2.8184574788973777,9.112087912087906,258.2526923076923,-16.195457308878304,13338.348489010988,0.7741935483870968,79.41176470588236,39.80645161290323,0.8030448563658358,52507085886132.56,623253.4775999999,19.077268545250565
2.211428571428572,3.44,1.915,-2.263157894736842,-1.525,2.46,97.21285714285712,138.2,62.69736842105263,44.6875,-93.5125,-75.50263157894736,0.453671262091553,28978758058.690765,495065762902.7629,1885231840942.7356,17.083746718893362,0.0318837459969832,0.0958922379301147,0.1142857142857142,0.4285714285714285,0.0,0.8421052631578947,lisicon,-1.0267296984177252,1.232583124016646,59.22857142857141,239.1436285714285,-2.40730672736696,10912.575785714283,1.736842105263158,74.65,20.57894736842105,0.5623351446188083,25948465104138.41,177001.22999999998,13.163145654228998
2.326,3.16,1.36,-2.085,-1.8,2.18,136.925,181.0,70.8125,80.75,-100.25,-110.1875,0.3912292817679558,6449680150.445432,147742402801.1409,217905184928.2526,22.906934817680444,0.020399036807705537,0.03715170278637771,0.1,0.3,0.0,1.5,halides,-0.8157130524861879,1.3599669800306469,54.3,298.4965,-2.247718868249054,21675.53125,0.25,105.42857142857142,22.75,0.0,0.0,0.0,22.258561250413376
2.3520000000000003,3.1333333333333333,1.78,-1.9533333333333331,-1.3533333333333333,2.18,138.05,183.0,70.625,80.0,-103.0,-112.375,0.3859289617486339,6266965641.321509,149288957386.92316,224091403271.3816,23.82156946937445,0.0204861111111111,0.0375,0.1,0.3,0.0278634946097966,1.5,halides,-0.7538479052823315,1.376970371312777,54.9,300.94900000000007,-2.3021267361111097,22115.875,5.0,106.85714285714286,31.75,0.0,0.0,0.0,26.088712563756637
1.7394444444444446,2.58,1.1042857142857143,-1.513,-1.4757142857142858,1.65,131.2579365079365,184.0,89.06428571428572,98.3061224489796,-85.6938775510204,-94.93571428571428,0.4840450310559006,12278644599.949677,188574529203.9825,216097266537.64493,15.357927144886611,0.0220756453937127,0.0251874299275261,0.3888888888888889,0.1666666666666666,0.0,0.8,sulfides,-0.7323601319875775,1.1863326030466221,30.666666666666654,216.57559523809522,-2.0957671637702533,19787.080782312925,0.4,124.86666666666667,28.0,0.5982695885852573,4070472034027.149,503124.1258979593,23.684213978713
2.3880365296803654,3.44,1.2924,-2.3038,-2.1476,2.46,112.77168949771688,138.2,82.512,97.524,-40.67599999999999,-55.68799999999999,0.5970477568740956,28978758058.690765,224154233625.11685,323953658491.4634,7.735122159864015,0.0301871753350757,0.0455595358553366,0.228310502283105,0.228310502283105,0.0,1.19,garnet,-1.3754786222865414,0.8884671768506309,31.55251141552511,277.4183561643835,-1.6810634200596952,13751.770243531202,9.07,90.3846153846154,64.09,0.7524177643476055,15429997157737.092,564009.0516,20.87162422297464
2.348974358974359,3.16,1.2475,-2.108666666666667,-1.9125,2.18,139.80384615384617,181.0,73.89,91.4625,-89.53750000000001,-107.11,0.408232044198895,6449680150.445432,138661708461.27438,178005682643.16052,21.49900541218281,0.0205362578543054,0.0362702262129046,0.1025641025641025,0.282051282051282,0.0,1.6,halides,-0.8608253038674035,1.33241836903226,51.051282051282044,304.7723846153847,-2.1996385787746515,22309.896346153848,3.0,107.39285714285714,33.266666666666666,0.5623351446188083,1213537498145.8296,20295.1875,24.611251720170404
2.626196319018405,3.4526000000000003,1.3851923076923078,-2.138155555555556,-2.0674076923076923,3.0,115.0242501704158,138.02325,78.5179012345679,80.8486111111111,-57.17463888888889,-59.50534876543209,0.5688744558222467,28702966486.1497,424785982233.1797,488338730468.1509,14.799375612905916,0.0449939869973775,0.0513780426513812,0.3190184049079755,0.0674846625766871,0.008284989516597,1.587301587301587,perovskites,-1.2163420781299805,1.1702433928551093,9.314452453987727,345.07275051124736,-2.6773828886262647,14343.194861821175,7.206349206349207,91.05701754385966,77.06349206349206,0.8154148624558937,32509149725421.617,147975.8911110577,24.09626838459647
2.3630000000000004,3.1516666666666677,1.78,-1.9716666666666676,-1.3716666666666673,2.18,137.24,181.65,70.625,80.0,-101.65,-111.025,0.3887971373520506,6402047948.127376,149288957386.92316,224091403271.3816,23.31893772063841,0.0204861111111111,0.0375,0.1,0.3,0.0274855201547734,1.5,halides,-0.7665783558124601,1.3677087625289623,54.495,299.18320000000006,-2.27447048611111,21819.865,5.0,105.62857142857143,31.75,0.0,0.0,0.0,24.760399339986435
2.622453987730061,3.4472,1.383846153846154,-2.133866666666667,-2.063353846153846,3.0,115.1581458759373,138.099,78.74409171075837,81.12264957264956,-56.976350427350425,-59.35490828924162,0.5702003034834313,28821162874.381588,417342909298.23193,479321161335.4258,14.480432698612503,0.0450138415626867,0.0514020972208903,0.3190184049079755,0.0674846625766871,0.0062913913349937,1.5873015873015872,perovskites,-1.2167314209265114,1.1607815394724579,9.319564417177912,345.4744376278119,-2.6717924376997217,14365.020241422402,7.238095238095237,91.09649122807018,77.5079365079365,0.7604822988741512,28192019742223.96,140236.11197514794,24.155690752226672
2.327724867724868,3.232,1.33,-2.163392405063291,-1.902,2.46,128.18148148148148,169.85272727272726,70.15822784810126,78.0,-91.85272727272726,-99.694499424626,0.413053290192099,12376706518.815298,174484384983.64728,322366634847.03424,14.097804187114956,0.0240470265786721,0.0512820512820512,0.1058201058201058,0.3121693121693122,0.1118187503155221,1.3924050632911391,oxyhalides,-0.8935963508879905,1.1491514740963726,53.022809042809044,315.32644444444446,-2.397356277411392,19067.051375661376,3.037974683544303,98.16153846153848,32.0379746835443,0.0,0.0,0.0,20.933701164365736
2.599048582995952,3.44,1.3712025316455696,-2.14139175257732,-2.0687974683544303,2.46,115.1772604588394,138.2,79.5750859106529,82.32637130801686,-55.87362869198313,-58.62491408934709,0.5757965695416274,28978758058.690765,387020796541.6631,446868743125.1071,13.355327228234858,0.0433804562992945,0.0498890834729734,0.3198380566801619,0.0728744939271255,0.0,1.5463917525773196,perovskites,-1.2330060251787542,1.1256545334413075,10.071255060728744,283.33606072874494,-2.5431755237028155,14348.82324111561,7.257731958762887,91.53275109170303,76.98969072164948,0.7830305464705478,26044214631731.98,144057.92100624897,24.056849455546832
2.801950113378685,3.44,1.487596899224806,-1.9956028368794323,-1.9524031007751936,2.46,118.12932728647014,138.2,75.425768321513,76.16304909560724,-62.036950904392754,-62.77423167848698,0.5457725638314979,28978758058.690765,548059426317.5458,587473809346.269,18.912453915642605,0.0620724277647631,0.0664684847833629,0.2925170068027211,0.0272108843537414,0.0,2.127659574468085,other,-1.0891452766730982,1.2767478827784207,3.760544217687061,290.59814512471655,-3.896548961351386,14968.91658856135,14.24822695035461,86.71561771561771,87.82978723404256,0.5329240503429367,11556038370889.336,422469.9296917253,26.865026620395057
2.620577319587629,3.44,1.321301775147929,-2.148216216216216,-2.118698224852071,2.49,119.59072164948454,138.2,89.41351351351351,91.4881656804734,-46.7118343195266,-48.78648648648648,0.64698634959127,28978758058.690765,355707890466.30457,377611140805.4794,12.274780366566722,0.0438647391567668,0.0466150278518628,0.3484536082474227,0.0329896907216494,0.0,1.6216216216216215,perovskites,-1.3898665678625002,1.089013730005476,4.559175257731947,297.7808969072165,-2.140006504104858,15233.34828178694,14.405405405405403,96.4904051172708,105.1027027027027,1.008970590934084,79831032535747.52,1528621.2837491687,31.121506966748687
2.422083333333333,3.16,1.7440000000000002,-1.9677777777777778,-1.416,2.18,139.40104166666666,181.0,70.06944444444443,76.75,-104.25,-110.93055555555557,0.38712400245549405,6449680150.445432,180614331152.1455,326889089374.921,28.003610557288148,0.02339022028564512,0.04568627450980392,0.10416666666666666,0.2708333333333333,0.0,1.6666666666666665,halides,-0.7617740092763111,1.447214029342827,49.02083333333333,303.89427083333334,-2.5946901308534387,22327.610677083332,5.222222222222223,104.91428571428571,33.22222222222223,0.5004024235381879,113112909062095.47,861369.6100000001,25.649960641990127
2.858752397128925,3.44,1.934012802560512,-1.6970644696848505,-1.505987197439488,2.46,104.6981124321955,138.2,40.384778435450336,33.593768753750744,-104.60623124624924,-97.81522156454966,0.2922198150177303,28978758058.690765,18946560781220.945,23660583961361.496,653.8085843033169,0.1652079496418413,0.2028739237973597,0.2739027998465838,0.0685989808777601,0.0,1.9196928491441367,nasicon,-0.4959158654044696,2.8154506184332257,9.480379157306446,257.55735658320094,-16.15985219844167,13295.254564818366,0.5496720524716046,79.46943937878697,38.28763397856344,0.8353131895763111,50650873897262.055,576155.5595310213,18.82245980026459
2.835675675675676,3.44,1.942,-1.72,-1.4979999999999998,2.46,104.44054054054054,138.2,42.11538461538461,34.5,-103.7,-96.08461538461538,0.3047422909941,28978758058.690765,18190143354169.457,23609879917792.664,627.7061051867339,0.1581752247723292,0.2011833477595835,0.2702702702702703,0.081081081081081,0.0,1.8461538461538465,nasicon,-0.524156740509852,2.79775635270044,11.205405405405394,256.9237297297297,-15.198205635624337,13203.986756756756,0.8461538461538463,79.20588235294119,37.23076923076923,0.8979457248567797,50642105528385.81,684445.0115999999,18.777734264205822
2.674630021141649,3.44,1.3699386503067486,-2.092601156069364,-2.070061349693251,2.46,117.71649048625792,138.2,82.19595375722544,83.09754601226994,-55.10245398773005,-56.00404624277455,0.5947608810218918,28978758058.690765,431323663065.6243,450156108115.1245,14.884132100901745,0.0482566398768081,0.0503082855861328,0.3446088794926004,0.0211416490486257,0.0,1.7341040462427746,perovskites,-1.2445973072112442,1.1727235158535336,2.9217758985200715,289.5825665961945,-2.7025670911816793,14868.927632135305,8.803468208092486,92.32613390928724,89.95375722543352,0.6671581372394269,22942543372412.875,132668.71918401145,26.42849611653968
2.590140845070423,3.44,1.3894736842105264,-2.144060913705584,-2.0505263157894733,2.46,114.15244802146208,138.2,77.53181049069373,80.5017543859649,-57.69824561403509,-60.66818950930626,0.5610116533335292,28978758058.690765,397065189952.04266,477801815963.2088,13.701939508513972,0.0436016679844762,0.0521240916202312,0.3058350100603622,0.090543259557344,0.0,1.5228426395939088,perovskites,-1.202843158045767,1.1367820458591364,12.51307847082494,280.8150221327967,-2.6452342562040534,14158.526709143753,6.558375634517766,90.46017699115043,72.55329949238578,0.6424220210762541,21776716058790.863,125927.14681440443,23.18631041177257
2.60369168356998,3.44,1.385714285714286,-2.136269430051813,-2.0542857142857143,2.46,114.73975659229208,138.2,78.27305699481865,81.00129870129871,-57.19870129870128,-59.92694300518134,0.5663752315109888,28978758058.690765,402134709581.1176,472481567581.5822,13.876878669771596,0.0443060828983096,0.0517746507895842,0.3123732251521298,0.0791075050709939,0.0,1.5544041450777202,perovskites,-1.2099300930154435,1.1422917911232982,10.932657200811356,282.2598012170385,-2.655128104629839,14275.367971602433,6.911917098445596,90.80616740088108,75.26943005181347,0.6478476860936295,22030712292905.49,127395.91836734694,23.700675209996216
2.878808864265928,3.44,1.9307000000000003,-1.6742975206611568,-1.5092999999999996,2.46,105.29432132963989,138.2,40.02685950413223,34.2575,-103.9425,-98.17314049586776,0.2896299529966153,28978758058.690765,19554083232426.73,23634326201397.0,674.772990368455,0.1702607206297487,0.2029043608508849,0.2770083102493074,0.0581717451523545,0.0,1.9834710743801651,nasicon,-0.4849267122114404,2.8291576904424276,8.03933518005539,259.0240304709141,-16.715029647312008,13411.98798476454,0.6446280991735537,79.56764705882354,40.33884297520662,0.7197744066642688,54500956376490.125,623154.94340691,19.174926229357386
2.8581318681318684,3.44,1.9124000000000003,-1.7080645161290324,-1.5275999999999996,2.46,105.66446886446886,138.2,42.692473118279565,36.73866666666667,-101.46133333333331,-95.50752688172042,0.308918039929664,28978758058.690765,19060141084456.99,23604729790624.56,657.7280173930997,0.1651907117659903,0.2012809270342724,0.2747252747252747,0.0659340659340659,0.0,1.9354838709677415,nasicon,-0.5276519423959907,2.818046341996187,9.112087912087906,259.93459340659336,-15.776956344600848,13458.485909645908,1.2580645161290325,80.02352941176471,42.38709677419355,0.8030448563658358,66127781317833.64,595924.0344,19.26925526696242
1.8259149582384209,2.643333333333333,2.1407,-1.5014504881450486,-0.5026333333333333,1.98,117.85839028094156,186.0,60.83612273361228,19.72,-166.28,-125.16387726638771,0.3270759286753348,11078757388.627398,4713577159066.23,33029079060463.26,425.4608160211927,0.0496696115860936,0.2647237076648841,0.0759301442672741,0.4684889901290812,0.0240437416935461,0.8368200836820083,argyrodites,-0.49108831277007653,2.628859568722881,87.1389521640091,233.35961275626428,-6.216841168430968,17937.210516324983,0.0,105.83571428571427,12.765690376569038,0.4558862130273584,138054821786.71738,264714.6184990001,16.714283070061136
2.350888888888889,3.44,1.245,-2.333809523809524,-2.1950000000000003,2.46,112.57388888888887,138.2,83.28690476190475,100.6525,-37.54749999999999,-54.91309523809524,0.6026548825029288,28978758058.690765,184164470546.7228,249955098513.4705,6.355154012250419,0.0277395393221236,0.0419567362801633,0.2222222222222222,0.2444444444444444,0.0,1.1428571428571428,garnet,-1.4064817043556446,0.803126079808992,33.78222222222222,276.93176666666665,-1.523263964656661,13674.009287037035,10.333333333333332,90.57352941176472,73.28571428571428,0.8237197315118312,8635271747446.21,978938.7475,21.55557203592383
2.6172708757637477,3.44,1.4051612903225803,-2.114973821989529,-2.03483870967742,2.46,115.05227427019686,138.2,78.69458987783594,81.29462365591397,-56.90537634408602,-59.50541012216405,0.5694253970899851,28978758058.690765,403468016856.078,468294310349.64624,13.9228884840038,0.0446274808133733,0.0515517129162643,0.3156822810590631,0.0733197556008146,0.0,1.5706806282722514,perovskites,-1.204319808421311,1.1437293446516028,10.132790224032577,283.0285947046843,-2.655576548518786,14336.373681828463,7.486910994764399,90.9010989010989,77.11518324607331,0.7784649914224222,22870995833081.11,153337.41519250782,24.148426344078835
1.8839112177564483,2.58,2.1141,-1.3383852364475204,-0.4659,1.6,119.40881823635272,184.0,59.80911188004615,34.16,-149.84,-124.19088811995384,0.3250495210872073,12278644599.949677,6146772110329.556,26231533811068.13,500.6067290484772,0.0612679736376996,0.2161892583120205,0.1199760047990401,0.400119976004799,0.0,0.922722029988466,lgps,-0.4350414801374552,2.699496683004887,73.622075584883,191.05410917816437,-7.608924059375832,18282.40596880624,1.5224913494809689,106.64600000000002,20.100346020761243,0.6341786357122057,3841994407044.568,7796.279709239998,18.25599170491025
2.883888888888889,3.44,1.93,-1.6683333333333332,-1.5099999999999998,2.46,105.43888888888888,138.2,39.91666666666666,34.4,-103.79999999999998,-98.28333333333332,0.2888326097443319,28978758058.690765,19712090022666.45,23629637065447.984,680.2254942307567,0.1715665268249938,0.2029168692270296,0.2777777777777778,0.0555555555555555,0.0,2.0,nasicon,-0.481869070590127,2.8326529048625826,7.677777777777769,259.37966666666665,-16.862130144783137,13440.812777777775,0.6666666666666666,79.58823529411765,40.83333333333333,0.6730116670092565,55248708209701.625,632736.4055999999,19.259772348743912
1.988,3.04,1.9,-1.7533333333333334,-1.14,2.06,92.0,146.0,56.0,33.0,-113.0,-90.0,0.3835616438356164,36866897357.61785,1501865383167.3728,4256886531984.5776,40.737504124605714,0.0502805836139169,0.1212121212121212,0.2,0.4,0.0,0.6666666666666666,nitride,-0.6725114155251142,1.6099944174448093,58.400000000000006,189.52,-4.525252525252521,10566.7,0.0,85.99999999999999,18.0,0.0,0.0,0.0,12.156248810328774
1.8686350148367952,2.58,2.06675,-1.354406779661017,-0.5132500000000002,1.6,117.62462908011868,184.0,57.62429378531074,23.8,-160.2,-126.37570621468926,0.3131755097027757,12278644599.949677,5562789778237.407,24189429548701.74,453.0459150401833,0.0613273535174498,0.220632798573975,0.1186943620178041,0.4065281899109791,0.0,0.903954802259887,lgps,-0.42416703356523405,2.656142218873951,74.80118694362015,188.1994065281899,-7.750287611045626,18000.96810089021,0.0,105.025,15.101694915254235,0.6818546087307834,239100971467.95923,458466.58324374986,17.057662449641793
2.2848936170212766,3.44,1.209,-2.360434782608696,-2.231,2.46,110.87446808510636,138.2,82.36086956521739,101.68,-36.52,-55.83913043478261,0.5959541936701692,28978758058.690765,155420316036.23718,195805475496.9441,5.363249719724495,0.0247915391529192,0.037761280792455,0.2127659574468085,0.2765957446808511,0.0,1.0434782608695652,garnet,-1.4067110075805866,0.7294280187369824,38.225531914893615,272.75119148936164,-1.3843379884388751,13309.455673758865,8.043478260869566,91.02941176470588,61.95652173913044,0.8979457248567797,323201429960.7137,461712.36,19.691566200277112
2.244654161781946,3.44,1.9275,-2.25083885209713,-1.5125000000000002,2.46,97.35345838218052,138.2,61.28587196467992,39.35,-98.85,-76.91412803532006,0.4434578289774235,28978758058.690765,1969813912113.0403,8484284546953.613,67.97440760309915,0.0411101267981355,0.1339325780992578,0.1172332942555686,0.4138335287221571,0.0,0.8830022075055189,lisicon,-0.9981521107290293,1.8323454314000127,57.19179366940211,239.48950762016406,-3.161949556100036,11036.361811254395,1.357615894039735,74.31,20.05960264900662,1.0044989032880594,31708274008377.21,404871.18459374993,13.12291068825388
1.753404255319149,2.58,1.85,-1.438888888888889,-0.7300000000000002,1.6,114.79787234042551,184.0,63.53703703703704,46.1,-137.9,-120.46296296296296,0.3453099838969404,12278644599.949677,361862282637.1896,1406895167702.2346,29.470865427497813,0.0265379711434461,0.0781198589894242,0.1063829787234042,0.4680851063829787,0.0,0.7407407407407407,sulfides,-0.49686269905170877,1.4693928893235664,86.12765957446808,183.67659574468084,-3.1968426349651273,16765.60904255319,1.1111111111111112,106.92,17.11111111111111,0.6730116670092565,344804189618.8247,18538.82037600001,16.38386647151532
1.886,2.58,2.13,-1.3346153846153843,-0.4500000000000002,1.6,118.52,184.0,58.07692307692308,26.666666666666668,-157.33333333333334,-125.92307692307692,0.3156354515050167,12278644599.949677,6204582466640.243,26472007992911.816,505.3149324531856,0.0633338433849942,0.2250639386189258,0.12,0.4,0.0,0.9230769230769232,thio_lisicon,-0.42125192950861834,2.703562132170942,73.60000000000001,189.632,-7.975192432402731,18181.14,0.7692307692307693,105.26666666666668,17.384615384615387,0.6365141682948128,699509401181.5226,177647.73555555558,17.913909051392793
1.7955555555555551,2.5575,2.01,-1.3715000000000002,-0.5475000000000003,1.6,121.55555555555556,194.5,63.2,46.0,-148.5,-131.3,0.3249357326478149,10460089156.90509,413817148765.728,1571666508793.5586,39.561531700000096,0.0292431561996779,0.0869565217391304,0.1111111111111111,0.4444444444444444,0.0311680093906995,0.8,chalcogenidotetrelates,-0.4456493573264782,1.5972730977881446,86.44444444444444,194.4888888888889,-3.8396264090177086,19089.88888888889,2.0,114.4,20.0,0.0,0.0,0.0,24.019752029029277
2.872569832402235,3.44,1.8514000000000004,-1.7215254237288131,-1.5885999999999996,2.46,107.52653631284916,138.2,45.139830508474574,41.115,-97.085,-93.0601694915254,0.3266268488312198,28978758058.690765,19926230529217.63,23490568158900.223,687.6150623453557,0.1696551371526446,0.197526395173454,0.2793296089385475,0.0502793296089385,0.0,2.0338983050847457,nasicon,-0.5622964243353726,2.8373453814266285,6.9486033519553,264.5152793296089,-15.788135818533094,13749.972695530723,4.101694915254237,81.0529411764706,53.25423728813559,0.7524177643476055,159309772571322.7,821485.3336,20.819231239461
2.83972972972973,3.44,1.957,-1.7084615384615385,-1.483,2.46,104.25135135135136,138.2,41.57692307692308,33.8,-104.4,-96.62307692307692,0.300846042524769,28978758058.690765,18206721619027.426,23631431662108.023,628.2781885322103,0.1586571773688488,0.201809886135059,0.2702702702702703,0.081081081081081,0.0,1.8461538461538465,nasicon,-0.5139838926519322,2.7981519828982915,11.205405405405394,256.45832432432434,-15.329944653308536,13182.040810810811,1.2307692307692308,79.38235294117649,38.38461538461539,0.8979457248567797,46255202608855.92,555064.893969,18.927208885648
2.872375690607735,3.44,1.9264,-1.684262295081967,-1.5136,2.46,105.34116022099444,138.2,40.700819672131146,34.80499999999999,-103.395,-97.49918032786884,0.2945066546463903,28978758058.690765,19383226832664.105,23620178677923.28,668.8770717298236,0.1685220069610079,0.2023375892331704,0.2762430939226519,0.0607734806629834,0.0,1.9672131147540983,nasicon,-0.4960264540716416,2.825346309135646,8.398895027624306,259.1392541436463,-16.430757545905678,13407.52962707182,0.639344262295082,79.65882352941178,40.31147540983606,0.7524177643476055,56108664700890.61,628103.4964000001,19.144843506746856
1.7866666666666664,2.55,1.96,-1.374,-0.5899999999999999,1.5699999999999998,125.66666666666669,198.0,67.8,69.0,-129.0,-130.2,0.3424242424242424,9853904009.223562,192619640120.70865,465678965568.46185,19.547545819444824,0.0234460547504025,0.0579710144927536,0.1111111111111111,0.4444444444444444,0.0,0.8,chalcogenidotetrelates,-0.4704909090909091,1.291092239789305,88.0,197.29666666666668,-3.0526763285024052,19978.0,4.0,121.2,27.2,0.0,0.0,0.0,28.03857931305641
1.4230769230769231,2.19,1.9,-1.1077777777777778,-0.29,1.21,109.3076923076923,212.0,63.66666666666666,33.0,-179.0,-148.33333333333334,0.300314465408805,12041693654.298868,583525000228.3044,4256886531984.5776,48.45871494330756,0.0266367377478488,0.1212121212121212,0.0769230769230769,0.6153846153846154,0.0,0.4444444444444444,phosphates,-0.33268169112508733,1.6853718930777912,130.46153846153848,132.2623076923077,-3.951116099264239,16716.53846153846,0.0,112.0,12.0,0.0,0.0,0.0,12.245802677138878
2.2763440860215054,3.247843137254902,1.4700000000000002,-2.1511764705882355,-1.777843137254902,2.46,121.80053763440858,167.57254901960786,66.22023809523809,62.125,-105.44754901960786,-101.35231092436976,0.3951735441315605,13517626160.87534,271187567496.23965,741052395456.1414,20.06177447643505,0.0251144917811584,0.058073458073458,0.1075268817204301,0.3440860215053763,0.1185126557846358,1.2142857142857142,halides,-0.8500880299347746,1.3023693440004998,57.65937170567152,299.6293225806451,-2.545411779711495,17625.141424731184,1.4285714285714284,95.4590163934426,23.047619047619044,0.6931471805599453,124344107811256.23,356725.48022499995,18.2895579136931
1.922204724409449,2.7823333333333333,2.132,-1.6303930348258706,-0.6503333333333332,2.46,117.01811023622044,180.1966666666667,60.44029850746269,20.200000000000003,-159.99666666666667,-119.756368159204,0.3354129664299896,11934744384.82302,4880289955865.472,31989120294373.67,408.9144935581158,0.0513404457214817,0.2595365418894831,0.0787401574803149,0.4488188976377952,0.0626938695124927,0.8955223880597015,argyrodites,-0.5468549642577386,2.6116325039531154,80.87566929133858,287.8645511811023,-6.148345319279392,17481.135511811026,0.0,101.14285714285712,13.029850746268655,0.5004024235381879,156546927610.73547,300172.4944,15.90490963718158
2.132,3.25,1.71153801534892,-2.27,-1.5947,2.46,92.34,163.35,67.5,69.0,-102.29,-95.85,0.4132231404958678,17371629399.960743,124354808758.77036,582098706960.5773,7.158499982681612,0.0148148148148148,0.0617753623188405,0.0,0.4,0.1573496419937833,0.6666666666666666,antiperovskite,-0.9380165289256198,0.8548220282446077,65.34,227.15640000000002,-1.4199999999999984,12760.048,0.0,67.16666666666666,9.0,0.0,0.0,0.0,8.381054103888163
2.2842857142857143,3.066666666666667,1.242,-2.0177192982456145,-1.8246666666666669,2.18,143.81224489795918,188.0,74.04210526315791,92.35999999999999,-95.64000000000001,-113.95789473684209,0.3938409854423293,5810179368.511699,135940811496.6998,168381619162.90228,23.397007712607262,0.020197610356958703,0.03526943787496159,0.1020408163265306,0.2857142857142857,0.039804865816744056,1.5789473684210527,halides,-0.7946605567670579,1.3691603182221381,53.71428571428571,313.51069387755103,-2.3016771549940516,23850.961428571427,2.947368421052632,113.5142857142857,32.94736842105263,0.5004024235381879,1035551998417.7748,17318.56,30.83933644947227
2.5261849579641,3.1880000000000006,1.2335203366058909,-2.078977872947895,-1.95447966339411,2.46,147.58717715670684,176.72000000000003,85.20425886271711,102.28775128564747,-74.43224871435254,-91.51574113728292,0.482142705198716,8702587941.269966,183057372382.00037,239701641348.03427,21.03482017273207,0.028134985398202,0.0409881093271928,0.1620086344012724,0.1563281072483526,0.0726573110004527,2.1413276231263385,oxyhalides,-1.0023640157113705,1.3229388035731726,27.626303112928877,363.0644558054988,-2.574794040603089,23897.977094852176,11.027123483226267,107.2897926205225,77.70449678800856,0.6368377286186921,692358531552.4363,977886.3137799512,32.93621617762541
2.5780000000000003,3.44,1.338823529411765,-2.155,-2.1011764705882348,2.51,115.50380952380952,138.2,81.4595238095238,83.92296918767506,-54.27703081232493,-56.74047619047619,0.5894321549169595,28978758058.690765,383721809408.8034,429492456582.3387,13.241485664487431,0.042465972467674,0.0473455885240609,0.3399999999999999,0.06,0.0,1.5,perovskites,-1.2702262938460478,1.1219367146876404,8.292,289.91456190476185,-2.409539499707474,14394.917410430837,6.25,92.95744680851064,71.85,0.923840705630872,19118000884948.586,290797.03012802766,23.860970384014344
2.665714285714286,3.216,1.6,-1.926,-1.616,2.46,141.92142857142858,172.44,65.625,63.75,-108.69,-106.815,0.3805671537926235,10955495732.0945,431217321273.92456,738079833789.0787,39.36082235061794,0.0466230936819172,0.0784313725490196,0.1428571428571428,0.1428571428571428,0.0992809093017861,2.5,oxyhalides,-0.7329723382045928,1.5950641634027163,24.634285714285703,349.1267142857143,-4.980045751633986,22680.5075,7.0,98.83333333333334,45.0,0.0,0.0,0.0,28.76625462381268
1.9327777777777777,2.6166666666666663,2.19,-1.3677777777777775,-0.4266666666666663,2.18,121.05555555555556,185.83333333333331,56.27777777777778,17.0,-168.83333333333334,-129.55555555555557,0.3028400597907324,11472207875.611237,8746093459028.143,38922178734970.95,762.3722960618121,0.0768821108690389,0.2941176470588235,0.1111111111111111,0.3888888888888889,0.0447442858592517,1.0,sulfides,-0.4142179040026573,2.8821671060378127,72.26851851851852,263.9011111111111,-9.960504585922152,19105.56944444444,0.0,105.63636363636364,15.0,0.0,0.0,0.0,18.353070364206104
2.1803197442046365,3.3,1.71153801534892,-2.32,-1.5947,2.46,89.20263788968825,159.6,67.5,69.0,-102.29,-92.1,0.4229323308270676,17714219104.5681,124354808758.77036,582098706960.5773,7.020055923701544,0.0148148148148148,0.0617753623188405,0.0,0.3764988009592326,0.1340852130325815,0.6657789613848203,antiperovskite,-0.9812030075187967,0.8463405718532024,60.08920863309352,219.4384892086331,-1.364444444444443,12079.179656274982,0.0,63.41025641025641,9.0,0.0,0.0,0.0,7.376905715618861
2.84792349726776,3.44,1.9126,-1.7198412698412695,-1.5274,2.46,105.07923497267758,138.2,41.99206349206349,35.36,-102.84,-96.2079365079365,0.3038499529092872,28978758058.690765,17128612526623.877,21549719533268.805,591.0747621389862,0.1558685631175233,0.1925425376762275,0.2732240437158469,0.0710382513661202,0.0,1.9047619047619049,nasicon,-0.5225736888527184,2.771642416128162,9.817486338797812,258.49491803278687,-14.995792823993975,13308.278961748634,0.6349206349206349,79.6764705882353,39.31746031746032,0.8680614510441254,54583515452764.64,631796.079156,18.909854352470852
2.3231707317073176,3.44,2.154,-2.1804761904761905,-1.286,2.46,96.53658536585364,138.2,56.85714285714285,22.800000000000004,-115.39999999999998,-81.34285714285713,0.4114120322513955,28978758058.690765,7583336113753.223,31452076289735.47,261.6860287247186,0.0714506736672124,0.2526854219948849,0.1219512195121951,0.3902439024390244,0.0,0.9523809523809524,lisicon,-0.8970741407995905,2.4177805365117524,53.93170731707317,237.47999999999996,-5.812001940872962,11174.556097560971,0.4761904761904761,73.0,16.761904761904763,0.5004024235381879,503646768850.6964,127906.36960000002,12.781588651430347
2.8389189189189192,3.44,1.954,-1.7107692307692306,-1.486,2.46,104.94054054054054,138.2,43.53846153846154,36.35,-101.85,-94.66153846153844,0.3150395190916175,28978758058.690765,18169438609451.08,23582963749658.77,626.9916251294296,0.1573074949411848,0.2000552989790957,0.2702702702702703,0.081081081081081,0.0,1.8461538461538465,nasicon,-0.5389599157382747,2.7972617398987127,11.205405405405394,258.1537297297297,-14.890969482663227,13274.736756756756,2.0,79.88235294117649,41.15384615384616,0.8979457248567797,46244704647214.58,543827.301225,19.18410513096929
2.0017391304347827,2.58,2.055,-1.2090909090909092,-0.5250000000000004,1.6,123.28260869565216,184.0,57.04545454545455,38.75,-145.25,-126.95454545454544,0.3100296442687747,12278644599.949677,4046151083878.456,10909294565337.906,329.5275020742142,0.0598809923618107,0.1387468030690537,0.1739130434782608,0.3043478260869565,0.0,1.0909090909090908,argyrodites,-0.374854024434064,2.5178916662764337,55.99999999999999,197.25217391304346,-7.602164166660785,19339.25,2.727272727272727,106.875,26.454545454545453,0.5623351446188083,590211057246.9097,149890.276875,22.357760084476126
2.364913728432108,3.44,1.7073764705882353,-2.150710355177589,-1.732623529411765,2.46,100.81245311327832,138.2,63.40620310155078,57.87235294117647,-80.32764705882352,-74.79379689844922,0.4588003118780809,28978758058.690765,388761015633.80896,746175994103.714,13.415378769733682,0.0334863553913799,0.0587258849472309,0.2125531382845711,0.2873218304576144,0.0,1.0005002501250624,oxides,-0.9867465817148959,1.1276029390491815,39.70787696924231,247.99863465866468,-2.5045716640121585,11583.782070517627,2.6323161580790395,79.04842105263157,32.38669334667334,0.982077869473551,1510881504962.7864,12510.51324705882,16.465986046956697
2.817717391304348,3.44,1.8388,-1.7890625,-1.6011999999999995,2.46,106.05434782608695,138.2,45.78125,39.7,-98.5,-92.41875,0.3312680897250362,28978758058.690765,18388058175462.54,23501895118139.598,634.5357567850613,0.1573192581126017,0.1972205022359821,0.2717391304347826,0.0760869565217391,0.0,1.875,nasicon,-0.5926593167736975,2.802456100090136,10.515217391304342,260.8936956521739,-14.539249185694008,13442.35081521739,5.5625,81.0,58.84375,0.8731726364245316,149547486074667.38,1039542.5176,21.09238854310107
2.2724472573839662,3.44,1.2022,-2.365042735042735,-2.2378,2.46,110.584388185654,138.2,82.26068376068378,102.04,-36.16,-55.93931623931621,0.5952292602075527,28978758058.690765,150449417243.22845,185416192612.4024,5.191713769738606,0.0242589162269022,0.0369140121190994,0.2109704641350211,0.2827004219409282,0.0,1.0256410256410258,garnet,-1.4077426375387343,0.7153107408705672,39.069198312236274,272.03759493670884,-1.3570271864397618,13246.753516174402,7.717948717948716,91.15882352941176,60.299145299145295,0.8420953021316527,210600675524.1384,364193.6016,19.406561472706223
1.7832608695652177,2.58,1.97,-1.409615384615385,-0.6100000000000001,1.6,116.0,184.0,63.692307692307686,47.7,-136.3,-120.30769230769232,0.3461538461538461,12278644599.949677,369495674879.705,1399087312587.6304,30.092545791350567,0.0274608872933563,0.0805743917032309,0.108695652173913,0.4565217391304348,0.0,0.7692307692307692,thio_lisicon,-0.48794378698224855,1.4784589300586963,84.0,185.60000000000002,-3.3037559789853277,17048.59782608696,1.9230769230769231,106.76,19.57692307692308,0.5004024235381879,483897709197.9558,132056.65281600002,17.411589434399584
1.975672371638142,2.7262000000000004,2.095192307692308,-1.4687358851674643,-0.6310076923076928,2.46,114.90537897310514,176.21400000000003,56.236842105263165,22.230769230769237,-153.9832307692308,-119.97715789473686,0.3191394673820647,15117663887.935663,6957736993984.919,27589294745533.094,460.2388997110457,0.0702423427444536,0.237590840532017,0.1271393643031785,0.3838630806845965,0.0976311882905418,0.9569377990430624,sulfides,-0.46873158811726995,2.6629833227548136,67.6420488997555,282.66723227383864,-8.427476646347532,17147.74916870416,0.0,99.59126984126983,15.717703349282298,0.6319781608682513,215295446395.12668,412820.4377034024,16.677631459904575
2.8672354815883447,3.44,1.9277269464330755,-1.675949633243985,-1.5122730535669249,2.46,104.359219266825,138.2,39.17947370110589,33.26734474128398,-104.932655258716,-99.0205262988941,0.2834983625260918,28978758058.690765,19054173027462.938,23005919026594.863,657.5220714729204,0.1669038063797811,0.1986535599688046,0.2827325935393274,0.0590226161939189,0.0,1.9260709757154555,nasicon,-0.4751289767008738,2.8179103356530706,8.15692555799959,256.72367939638946,-16.526902749014646,13263.224602379009,0.4693192944159992,79.7771695726436,37.90745228961687,0.9420588274604405,44365999613134.086,503606.89304049546,18.910160480927946
1.8710059171597635,2.58,2.109,-1.3462921348314607,-0.4710000000000001,1.6,118.21597633136096,184.0,59.08426966292135,30.05,-153.95,-124.91573033707866,0.3211101612115291,12278644599.949677,5065948836721.097,22114448233191.12,412.58208880334064,0.0566306183766455,0.2008951406649616,0.1183431952662721,0.408284023668639,0.0,0.898876404494382,lgps,-0.43230808445354396,2.6155103702616653,75.12426035502958,189.14556213017755,-7.074055053959061,18018.25,1.0112359550561798,105.5,17.898876404494384,0.6881388137135884,779078595565.9208,197855.165475,17.890241090375387
2.1758620689655173,3.44,1.9000000000000004,-2.2774749498997995,-1.5399999999999996,2.46,95.05700778642937,138.2,60.47344689378757,32.083333333333336,-106.11666666666665,-77.72655310621242,0.437579210519447,28978758058.690765,3031908690307.001,14779601141006.926,104.62521147961095,0.0436319615619391,0.1600648777119365,0.1101223581757508,0.4449388209121245,0.0,0.8016032064128256,lisicon,-0.9965756905549713,2.019636348844425,61.4905450500556,233.84023915461623,-3.391361977472279,10654.348234149053,0.0,73.77955911823648,14.356713426853709,1.0986122886681096,1527890808977.0098,313727.891088889,11.76427872484147
2.627443762781186,3.4544,1.3856410256410256,-2.1395851851851853,-2.0687589743589747,3.0,114.97961826857532,137.998,78.44250440917108,80.75726495726497,-57.24073504273503,-59.55549559082891,0.5684321831415752,28663567690.072403,427267006544.829,491344586845.726,14.906274444433953,0.0449873688089412,0.0513700244615448,0.3190184049079754,0.0674846625766871,0.0088435168867161,1.5873015873015872,perovskites,-1.2162090778321863,1.1733691129096637,9.312748466257666,344.93885480572595,-2.6792450447438916,14335.919735287433,7.1957671957671945,91.0438596491228,76.9153439153439,0.831524109152622,33923730404654.73,150388.96727587114,24.076493430377983
1.893636363636364,2.58,2.1175,-1.3323529411764703,-0.4624999999999999,1.6,118.34848484848484,184.0,56.55882352941177,21.0,-163.0,-127.44117647058825,0.3073849104859335,12278644599.949677,7214119720633.025,30255855684224.355,587.533881440187,0.0703622149988932,0.2508912655971479,0.1212121212121212,0.3939393939393939,0.0,0.9411764705882352,thio_lisicon,-0.4095451895591996,2.769032916217359,72.48484848484848,189.35757575757577,-8.96704345853542,18269.1893939394,0.0,104.85,15.352941176470589,0.5623351446188083,183453430793.83063,351764.64187500003,17.422262827156626
2.3200000000000003,3.2363636363636363,1.3,-2.1763636363636363,-1.9363636363636365,2.46,126.92631578947368,169.3272727272727,68.625,72.0,-97.32727272727271,-100.70227272727271,0.405280253409213,12593974125.42143,195731311539.9884,409860819883.6426,15.541663782276403,0.025,0.0555555555555555,0.1052631578947368,0.3157894736842105,0.1125718468711694,1.375,halides,-0.8820372060560507,1.191497509496016,53.47177033492822,312.23873684210525,-2.517556818181818,18794.274736842104,5.5,97.6153846153846,42.75,0.0,0.0,0.0,22.14783701700799
2.8538251366120218,3.44,1.9342,-1.7026984126984126,-1.5058,2.46,104.58333333333331,138.2,40.5515873015873,33.545,-104.655,-97.64841269841268,0.2934268256265362,28978758058.690765,18801669945570.93,23657771881142.09,648.8086862622562,0.1640425958904865,0.2028418189701612,0.2732240437158469,0.0710382513661202,0.0,1.9047619047619049,nasicon,-0.4996173902374371,2.812116655584286,9.817486338797812,257.275,-16.01849910363316,13270.226707650274,0.5396825396825397,79.46470588235294,37.98412698412699,0.8420953021316528,50315704950021.03,572202.28233876,18.763058445135812
1.758695652173913,2.5933333333333333,2.046,-1.4766666666666666,-0.5473333333333334,1.6800000000000002,118.78260869565216,190.0,64.0,40.2,-149.8,-126.0,0.3368421052631579,10830828501.851728,1267613032511.369,9041768954029.035,117.037494619608,0.0293755753261294,0.128388746803069,0.072463768115942,0.4927536231884057,0.0706126729736776,0.7692307692307693,argyrodites,-0.4974035087719298,2.0683250164278726,93.62318840579708,199.55478260869563,-3.7013224910923044,18145.876811594208,1.0256410256410258,109.57142857142856,15.333333333333336,0.5004024235381879,503646768850.6963,127906.36960000003,17.4665036293372
1.8816,2.58,2.0933333333333333,-1.343076923076923,-0.4866666666666668,1.6,118.0,184.0,57.07692307692308,22.33333333333333,-161.66666666666666,-126.92307692307692,0.3102006688963211,12278644599.949677,6411137853039.552,27367081333975.49,522.1372604160094,0.0659688894983012,0.2364824717765894,0.12,0.4,0.0,0.9230769230769232,lgps,-0.4166233599176743,2.7177846861539607,73.60000000000001,188.8,-8.372974436322844,18140.06,0.0,104.93333333333334,15.230769230769232,0.6365141682948128,217426288348.2437,416906.2422222222,17.24577111844002
1.898256400118612,2.596,2.19,-1.3795333203048663,-0.4060000000000001,1.6800000000000002,123.64312543244044,191.2,57.63093609536838,17.0,-174.2,-133.5690639046316,0.3014170297874915,10541265282.232138,7706497456054.486,38922178734970.95,731.0789786349649,0.0693981316496807,0.2941176470588235,0.0988435306909162,0.4069388158545023,0.0753138075313808,0.9771350400625366,argyrodites,-0.41581483589916896,2.863964296427859,77.80670159138084,207.72045072649996,-9.26944348117824,20052.493945833747,0.0,109.33333333333331,14.276529216337698,0.0,0.0,0.0,19.640080559706625
2.707058823529412,3.2048,1.6,-1.880355555555556,-1.6048,2.46,145.36911764705883,174.152,65.41666666666667,63.75,-110.402,-108.73533333333332,0.3756297181006631,10054332615.764688,465313155997.8305,738079833789.0787,46.27986498758187,0.050157346889373,0.0784313725490196,0.1470588235294117,0.1176470588235294,0.0900979556911709,2.7777777777777777,oxyhalides,-0.7063174272623493,1.6653920833126914,20.48847058823529,357.60802941176473,-5.453875833131602,23615.390367647055,7.777777777777779,100.03333333333336,49.0,0.0,0.0,0.0,30.70486276030139
2.6278189300411525,3.44,1.3802547770700635,-2.1221505376344085,-2.059745222929936,2.46,115.73786008230454,138.2,79.50860215053764,81.72675159235668,-56.47324840764331,-58.69139784946235,0.5753155003656849,28978758058.690765,411682144802.6983,464755347001.8952,14.206341899432584,0.0455837488935851,0.0512671825769248,0.3230452674897119,0.0596707818930041,0.0,1.6129032258064515,perovskites,-1.220906098410447,1.1524822624865467,8.246502057613165,284.71513580246915,-2.675373941783392,14474.59488340192,7.510752688172043,91.3194748358862,79.94086021505377,0.6551570100274259,22374419250797.61,129383.45571828472,24.57396588324536
2.224080459770115,3.44,1.9635,-2.250744680851064,-1.4765,2.46,97.6206896551724,138.2,63.08510638297872,46.75,-91.45,-75.11489361702127,0.4564768913384857,28978758058.690765,437342663074.1379,1595397724040.9976,15.09183596441181,0.0311435993865117,0.0915601023017902,0.1149425287356322,0.4252873563218391,0.0,0.851063829787234,lisicon,-1.0274129351115258,1.1787420761381586,58.774712643678164,240.1468965517241,-2.339348154768955,10970.555747126436,2.574468085106383,74.87,23.255319148936167,0.4227090878059908,46187708900793.09,786454.2923999999,13.562449660797196
2.597918088737201,3.44,1.3160215053763442,-2.183451327433628,-2.123978494623656,2.49,117.4505119453925,138.2,84.39823008849558,88.03225806451614,-50.167741935483846,-53.80176991150441,0.610696310336437,28978758058.690765,366430654416.2501,418489976063.02,12.64480188123028,0.0441538226110765,0.0504632866532833,0.3174061433447099,0.068259385665529,0.0,1.5929203539823011,perovskites,-1.3334256694629123,1.1019120292073117,9.433447098976107,292.4517747440274,-2.3755538048345186,14805.54050056883,10.300884955752212,93.88644688644688,88.84955752212389,1.0918304893478594,37420565125629.28,915666.6877095618,26.73001658251785
2.8430265015748883,3.44,1.9371540000000005,-1.7138556283130648,-1.5028459999999997,2.46,104.19046649288582,138.2,40.56177892111007,32.943650000000005,-105.25634999999998,-97.63822107888991,0.2935005710644723,28978758058.690765,18485132191116.246,23677560034846.938,637.885590323721,0.1613491294453227,0.2027890336228304,0.2715325295970457,0.0767893993700445,0.0,1.8709073900841908,nasicon,-0.5030176056319445,2.8047427916573153,10.61229499294015,256.3085475724991,-15.753841971668844,13198.84819634517,0.4642968506392267,79.37782352941178,36.54786404739632,0.9003305609739729,46204276097247.78,525248.5797327117,18.525801980677432
1.8022727272727277,2.5933333333333333,2.154,-1.4502777777777778,-0.4393333333333333,1.6800000000000002,119.79545454545456,190.0,61.29166666666666,22.800000000000004,-167.2,-128.70833333333334,0.3225877192982456,10830828501.851728,4475427236672.2,31452076289735.47,413.2119011862337,0.0478523991453801,0.2526854219948849,0.0757575757575757,0.4696969696969697,0.0706126729736776,0.8333333333333333,argyrodites,-0.46784180068226117,2.6161728214271482,89.24242424242425,201.2563636363637,-6.159002540003297,18680.541666666668,0.2777777777777778,108.71428571428572,13.52777777777778,0.5004024235381879,503646768850.6964,127906.36960000002,17.52253680948367
2.66155462184874,3.44,1.3560240963855423,-2.105340909090909,-2.0839759036144576,2.49,117.94215686274508,138.2,83.41174242424242,84.37028112449798,-53.82971887550201,-54.78825757575757,0.603558194097268,28978758058.690765,423270241457.9257,441277195234.9833,14.60622434545591,0.0473097604563788,0.0492672873022561,0.3487394957983193,0.0210084033613445,0.0,1.7045454545454546,perovskites,-1.2706957570500095,1.1645379669370404,2.9033613445378097,293.67597058823526,-2.5920193417314716,14918.492450980391,8.386363636363637,93.29184549356223,88.37500000000001,0.8411289678148688,28971055463282.645,142929.12033676877,26.449058871138256
2.841976548504425,3.44,1.935894,-1.7156502102476243,-1.504106,2.46,104.24614570327344,138.2,40.79088148263511,33.200149999999994,-104.99985,-97.40911851736487,0.2951583320017012,28978758058.690765,18458543238427.0,23669119590138.71,636.9680578112718,0.1612069140867943,0.2028115486998909,0.2714293469409912,0.0771402204006297,0.0,1.8688677776047349,nasicon,-0.5063884543550567,2.8041176542127006,10.660778459367025,256.4455184300527,-15.703023400099203,13202.996108381738,0.4918237034729793,79.41488235294119,36.910294346674974,0.8788590191281012,48022796805448.13,545718.4102289713,18.570833641994263
2.9102197802197804,3.44,2.102,-1.5551612903225809,-1.338,2.46,103.43131868131869,138.2,36.13709677419355,28.610000000000003,-109.59,-102.06290322580644,0.2614840577003875,28978758058.690765,19351082148784.65,23965496710390.86,667.7678218505032,0.1725202308157509,0.2103695306559757,0.2747252747252747,0.0659340659340659,0.0,1.9354838709677415,nasicon,-0.40664988457211887,2.8246254876002554,9.112087912087906,254.44104395604396,-17.607915622241773,13173.73585164835,2.903225806451613,78.34117647058824,38.903225806451616,0.8030448563658358,912715123309.2666,182897.89943616,19.722387136852348
2.835851063829787,3.44,2.054,-1.6702941176470587,-1.386,2.46,102.29255319148936,138.2,38.92647058823529,28.64,-109.56,-99.2735294117647,0.2816676598280412,28978758058.690765,17618259587659.277,23916065308063.46,607.9715201036898,0.1566557832091155,0.2077185318310637,0.2659574468085106,0.0957446808510638,0.0,1.7647058823529411,nasicon,-0.47046783534218994,2.783883235602492,13.231914893617017,251.63968085106382,-15.551772501933161,12899.44574468085,1.7647058823529411,78.48235294117649,33.794117647058826,0.942216333812959,1356865698239.4272,154529.82891456003,18.482384186322253
2.85,3.44,2.0324,-1.6627272727272726,-1.4076,2.46,102.9758064516129,138.2,38.93181818181818,29.79,-108.41,-99.2681818181818,0.281706354427049,28978758058.690765,18107476231185.605,23862075086362.195,624.8534252058863,0.1603603585651453,0.2069349325652511,0.2688172043010752,0.086021505376344,0.0,1.8181818181818183,nasicon,-0.4684008384064296,2.7957781548003915,11.888172043010739,253.32048387096773,-15.918681230473672,13022.119220430106,1.6363636363636365,78.69411764705883,35.3939393939394,1.0848728726350858,16399248345477.13,269929.03300704004,18.709442721111223
2.3106709956709954,3.44,1.2237,-2.350225225225225,-2.2163,2.46,111.98350649350648,138.2,83.64135135135135,103.3338,-34.86619999999999,-54.55864864864864,0.605219619040169,28978758058.690765,167237040579.03012,219553363399.747,5.771021664914847,0.0257919320579491,0.039184015094573,0.2164502164502164,0.264069264069264,0.0,1.0810810810810811,garnet,-1.4224024154694062,0.7612527046907989,36.49437229437228,275.47942597402596,-1.4071729591194624,13542.46525339105,9.671171171171173,91.28823529411764,69.8108108108108,0.9082791779509328,25393094333343.465,887352.5274999999,20.869965979347505
2.6212065439672805,3.4454000000000007,1.3833974358974357,-2.132437037037038,-2.062002564102565,3.0,115.20277777777775,138.12425,78.81948853615519,81.21399572649572,-56.910254273504265,-59.3047614638448,0.5706419295392026,28860561670.45888,414861884986.5827,476315304957.85065,14.374698930798266,0.045020459751123,0.0514101154107267,0.3190184049079754,0.0674846625766871,0.0054567028136497,1.5873015873015872,perovskites,-1.2168579854356751,1.1575987574269035,9.321268404907972,345.60833333333323,-2.669927626532975,14372.295367956143,7.248677248677249,91.109649122807,77.65608465608466,0.7391989786469677,26728513765991.96,137489.3353826882,24.175530754265267
2.4239644970414207,3.19,1.55575,-1.876231884057971,-1.63425,2.46,115.65236686390531,152.95999999999998,61.58333333333333,57.29375,-95.66624999999998,-91.37666666666664,0.4026107043235704,25591345177.812386,513905713835.6704,796330120016.423,20.08123098903081,0.0443913071054046,0.0658342640160822,0.2366863905325444,0.1715976331360947,0.1929916317991632,1.4492753623188406,nasicon,-0.7553910403149191,1.3027903317477354,26.24757396449704,284.50482248520706,-4.056329672268186,15927.0400147929,0.8985507246376812,89.12142857142858,37.231884057971016,0.5331638407372986,25952362636426.234,177010.97471943748,18.84551071690495
2.37816091954023,3.44,1.281,-2.3095,-2.159,2.46,112.81839080459768,138.2,82.99499999999999,98.49,-39.71,-55.205,0.6005426917510853,28978758058.69077,215031316596.90872,305707824435.04706,7.420308218916944,0.0294796990146882,0.0441445832145617,0.2298850574712643,0.2298850574712643,0.0,1.175,garnet,-1.3869533465991315,0.8704219450357344,31.770114942528725,277.5332413793103,-1.627426784105862,13750.355555555554,9.025,90.88059701492536,64.375,0.8237197315118312,14660102155375.324,535936.3875,20.90357863804715
2.298565310492505,3.44,1.2239423076923075,-2.348237885462555,-2.216057692307692,2.46,111.13811563169163,138.2,82.52643171806167,100.2980769230769,-37.90192307692308,-55.67356828193832,0.5971521831987097,28978758058.690765,160407976993.44104,203047781732.5227,5.535364099060639,0.0251657497953163,0.0374077209741786,0.2226980728051391,0.2633832976445396,0.0,1.0572687224669604,garnet,-1.4022553799738862,0.7431461926966318,36.39957173447537,273.39976445396144,-1.4010670895957174,13366.266416845108,8.083700440528634,91.5843023255814,62.65638766519824,0.9550618328711268,17269202300545.566,390746.8541457101,20.071823579338453
2.6606382978723406,3.412142857142857,2.19,-1.8589849624060144,-1.222142857142857,2.46,101.68936170212766,141.12142857142857,43.578947368421055,17.0,-124.12142857142857,-97.54248120300753,0.3088046075608112,28072079128.429024,18502271405385.59,38922178734970.95,659.0987194335761,0.1471161564040821,0.2941176470588235,0.1914893617021276,0.2127659574468085,0.1075682715436054,1.473684210526316,glass,-0.5740631217772386,2.8189504678479227,30.025835866261396,250.15582978723404,-14.350074920703893,13026.446382978724,0.0,76.56756756756758,21.789473684210527,0.0,0.0,0.0,15.885812079479743
1.829809523809524,2.643333333333333,2.15375,-1.49859649122807,-0.489583333333333,1.98,117.97619047619048,186.0,60.69298245614035,19.0,-167.0,-125.30701754385964,0.3263063572910771,11078757388.627398,4961500408876.508,34589017209597.65,447.8390702886592,0.0509817820447335,0.2725044563279857,0.0761904761904762,0.4666666666666667,0.0240437416935461,0.8421052631578947,argyrodites,-0.4890015621018211,2.65112197953017,86.8,233.59285714285716,-6.388375057096649,17980.345238095237,0.0,105.80357142857142,12.789473684210526,0.3767701612564367,107014501296.4012,205196.04109375,16.770348046205942
1.8446153846153843,2.651666666666667,2.19,-1.498809523809524,-0.4616666666666669,2.18,118.01923076923076,185.375,60.285714285714285,17.0,-168.375,-125.08928571428572,0.3252095173875349,11135855672.728624,5666901083931.938,38922178734970.95,508.8877990588553,0.0547152194211017,0.2941176470588235,0.0769230769230769,0.4615384615384615,0.0219020657706159,0.8571428571428571,argyrodites,-0.48742712189393633,2.706622038483957,85.5576923076923,257.2819230769231,-6.8442877150860255,17992.98076923077,0.0,105.17857142857144,12.857142857142856,0.0,0.0,0.0,16.66663223945845
2.61,3.418461538461538,2.04,-1.7639160839160837,-1.3784615384615382,2.46,89.64166666666665,141.4923076923077,28.363636363636363,6.0,-135.4923076923077,-113.12867132867132,0.2004606245119456,27245752065.748817,338068616110858.1,531179622569200.6,12408.122018252196,0.3235690235690235,0.5,0.2916666666666667,0.1666666666666666,0.080604299841196,1.181818181818182,boracites,-0.3535957197684836,4.093706055565789,23.58205128205127,220.51849999999996,-36.60493371947916,11684.536666666663,0.0,72.5,13.454545454545457,0.0,0.0,0.0,12.835179346804974
1.758723404255319,2.58,1.9,-1.4296296296296296,-0.6800000000000002,1.6,116.61702127659576,184.0,66.7037037037037,63.2,-120.8,-117.2962962962963,0.3625201288244766,12278644599.949677,205569768330.59885,562915590446.6443,16.742057045241083,0.0225900263897575,0.0568009573195053,0.1063829787234042,0.4680851063829787,0.0,0.7407407407407407,thio_lisicon,-0.518269517504622,1.2238088173676693,86.12765957446808,186.58723404255323,-2.6497264287541484,16969.808510638297,2.962962962962963,109.44,23.185185185185183,0.6730116670092565,103050716072.51208,9809.450135999996,17.602611519203492
2.423763440860215,3.16,1.327,-2.074848484848485,-1.833,2.18,141.75806451612902,181.0,70.40909090909092,77.1,-103.9,-110.59090909090908,0.3890005022601708,6449680150.445432,179020382198.91638,304751201111.2523,27.75647443331787,0.0247971164637831,0.0477564102564102,0.1075268817204301,0.2473118279569892,0.0,1.8181818181818183,halides,-0.8071171027198151,1.4433643021505345,44.76344086021504,309.0325806451613,-2.7423356525629217,22902.620967741936,3.0909090909090917,105.37857142857142,33.66666666666667,0.4227090878059908,40329386159111.49,185133.1875,25.66666450200833
2.825851063829788,3.44,2.0164,-1.697941176470588,-1.4236,2.46,102.60106382978722,138.2,39.77941176470589,29.8,-108.4,-98.4205882352941,0.2878394483697966,28978758058.690765,17566445355445.75,23845597952253.062,606.1835127602217,0.1554298526644219,0.2060512662902804,0.2659574468085106,0.0957446808510638,0.0,1.7647058823529411,nasicon,-0.4887344515996575,2.782604120064214,13.231914893617017,252.39861702127655,-15.2974975285575,12932.302127659574,1.2941176470588236,78.74117647058824,33.794117647058826,1.0949797342037142,16439921215302.71,261523.60268736,18.31909264109896
2.6822929936305737,3.44,1.3665454545454547,-2.087017543859649,-2.073454545454545,2.46,118.09087048832272,138.2,82.81169590643275,83.36848484848485,-54.831515151515134,-55.38830409356724,0.5992163234908303,28978758058.690765,447068184533.9095,458803216380.2782,15.427444600229622,0.0484863751710151,0.0497107955476042,0.3503184713375796,0.0127388535031847,0.0,1.7543859649122808,perovskites,-1.2505749796924417,1.1882939955428964,1.7605095541401254,290.5035414012739,-2.6855780923669728,14956.36857395612,9.192982456140353,92.64516129032258,91.96491228070175,0.8101907911589732,31927511151568.01,147928.13870261156,26.78394178370889
2.2630541871921186,3.250810810810812,1.4,-2.1795064629847243,-1.8508108108108112,2.46,122.22389162561576,167.11891891891892,68.05706521739131,70.0625,-97.05641891891892,-99.0618537015276,0.4072373472593522,13756408120.687162,212910179713.73068,531709515151.5878,15.477163649539598,0.0234806713067582,0.0546777546777546,0.0985221674876847,0.354679802955665,0.1198883697705921,1.2065217391304348,halides,-0.8875764303205126,1.1896913746790512,59.273705232325916,300.67077339901476,-2.3260388258037374,17609.127844827584,1.9565217391304348,95.36641221374046,25.30434782608696,0.5623351446188083,93258080858442.2,267544.11016875,18.390203120444458
1.798490566037736,2.5933333333333333,2.145,-1.4526436781609195,-0.4483333333333332,1.6800000000000002,119.70754716981132,190.0,61.53448275862069,24.25,-165.75,-128.4655172413793,0.3238656987295826,10830828501.851728,4187830101126.7466,29584550678426.6,386.6583337009501,0.0461958563202059,0.2423273657289002,0.0754716981132075,0.4716981132075472,0.0706126729736776,0.8275862068965517,argyrodites,-0.4704614598326971,2.587327375024433,89.62264150943396,201.10867924528304,-5.9345745765836915,18634.13679245283,0.3448275862068966,108.78571428571428,13.689655172413794,0.5623351446188083,590211057246.9097,149890.27687500004,17.517666436897326
1.92,3.04,1.0,-2.053333333333333,-2.04,2.06,76.57142857142857,146.0,81.33333333333333,109.0,-37.0,-64.66666666666667,0.5570776255707762,36866897357.61785,102591276054.84462,59064210646.99316,2.782747760401,0.0159927511609468,0.018348623853211,0.1428571428571428,0.2857142857142857,0.0,0.4,other,-1.1438660578386601,0.44447384189614386,41.714285714285715,157.73714285714286,-1.0341979084078932,9089.357142857143,0.0,76.00000000000001,27.33333333333333,0.0,0.0,0.0,6.279119306070566
2.3814678899082566,3.4399999999999995,1.2848000000000002,-2.3075999999999994,-2.1552,2.46,112.80275229357795,138.2,82.83399999999999,98.168,-40.032,-55.366,0.5993777134587553,28978758058.69076,218072288939.6448,311789769120.5192,7.525246199232636,0.0297155244548174,0.04461623409482,0.2293577981651376,0.2293577981651376,0.0,1.1800000000000002,garnet,-1.3831240115774235,0.8765207130657606,31.697247706422015,277.4947706422018,-1.6452297269654201,13750.829281345565,9.04,90.71428571428572,64.28,0.8030448563658358,14922422591207.016,545474.8224,20.892872861898343
1.909,2.596,2.19,-1.374,-0.4060000000000001,1.6800000000000002,124.3,191.2,57.4,17.0,-174.2,-133.79999999999998,0.3002092050209205,10541265282.232138,7883919594001.205,38922178734970.95,747.9101780400091,0.0706753812636165,0.2941176470588235,0.1,0.4,0.0753138075313808,1.0,thio_lisicon,-0.41248744769874485,2.8738494434207023,76.48,208.824,-9.456366013071886,20233.800000000003,0.0,109.33333333333331,14.4,0.0,0.0,0.0,19.88055036799466
2.2759326424870467,3.44,1.2187614496216643,-2.3584879783271244,-2.2212385503783354,2.46,110.2517131873642,138.2,81.57466982729427,100.60434090003982,-37.59565909996017,-56.62533017270572,0.590265338837151,28978758058.690765,200286320667.14105,302949595429.7529,6.911487381947168,0.0250494646738151,0.0388872330016949,0.2098445595854922,0.2837205415343473,0.0,1.026075177785303,garnet,-1.3921337056706073,0.8395715194813285,39.210178840046794,271.21921444091595,-1.4184342078043084,13206.311147556966,7.455976972570268,90.79512308948782,58.91821876058246,0.941116567659865,17973509707293.18,331669.0797058656,19.159023869485537
2.177633333333333,3.44,1.9187000000000003,-2.27226,-1.5212999999999997,2.46,95.2336111111111,138.2,60.8605,34.3025,-103.89749999999998,-77.33949999999999,0.4403798842257598,28978758058.690765,2943061165201.862,14217886590974.229,101.55925796548186,0.0426224314991578,0.1538528982365299,0.1111111111111111,0.4444444444444444,0.0,0.8,lisicon,-1.000657595730825,2.006719519075711,61.42222222222222,234.27468333333331,-3.296397540929114,10663.118958333334,0.3399999999999999,74.034,15.351999999999997,1.334182658441101,1513060655134.478,234165.21497659004,11.988933135582664
2.26,3.251636363636364,1.414,-2.177288537549407,-1.837636363636364,2.46,121.7757425742574,166.99272727272728,67.71195652173914,68.475,-98.51772727272729,-99.28077075098814,0.4054784757850807,13822832920.416632,222012044074.79825,573578091212.4985,16.061254979569455,0.0236283105848323,0.0553568953568953,0.099009900990099,0.3564356435643564,0.1202598441182276,1.1956521739130437,halides,-0.8828436375498611,1.2057794767712928,59.522160216021604,299.5683267326732,-2.3458368864058823,17514.58918316832,1.8260869565217392,95.18461538461538,24.608695652173918,0.6108643020548935,104449050561455.23,299649.403389,18.220331915882134
1.9545,2.3266666666666667,2.09,-0.9304166666666668,-0.2366666666666668,1.6,111.125,154.66666666666666,45.8125,9.666666666666666,-145.0,-108.85416666666666,0.2962015086206896,13384653356.6845,137737899739645.77,367093807957790.8,10290.733429480812,0.1710239651416122,0.4313725490196078,0.15,0.25,0.1341064585008969,1.5,argyrodites,-0.2755908203125,4.0124463284092124,38.666666666666664,177.8,-18.616671205519243,15768.3125,0.0,63.266666666666666,14.125,0.6365141682948128,4819300881.795722,917289.9755555555,4.907631176525847
2.341515151515152,3.16,1.36,-2.077692307692308,-1.8,2.18,137.6931818181818,181.0,71.06730769230771,80.75,-100.25,-109.93269230769228,0.3926370590735232,6449680150.445433,149541448496.7079,217905184928.25256,23.18587046310818,0.0208285923456202,0.0371517027863777,0.106060606060606,0.2878787878787879,0.0,1.5384615384615388,halides,-0.8157789973519894,1.3652234051802037,52.10606060606061,300.1711363636364,-2.28974323353342,21858.374053030304,0.2692307692307693,105.70212765957449,23.80769230769231,0.0,0.0,0.0,22.735617804141107
2.3039655172413798,3.44,1.2192000000000005,-2.353214285714285,-2.2208,2.46,111.31896551724138,138.2,82.51785714285715,101.14,-37.05999999999999,-55.68214285714284,0.597090138515609,28978758058.690765,163209536912.78214,211389399823.75668,5.632040427068453,0.0256261402557405,0.0390321838024884,0.2155172413793103,0.2672413793103448,0.0,1.0714285714285714,garnet,-1.4050810438140524,0.7506657635328013,36.93275862068965,273.8446551724138,-1.4269184025973216,13405.535919540229,8.553571428571429,90.83529411764708,64.55357142857143,0.9422163338129592,467368259309.7032,599889.0336,20.13642869935881
2.358888888888889,3.44,1.281,-2.3166666666666664,-2.159,2.46,112.09333333333332,138.2,82.25714285714285,98.49,-39.71,-55.942857142857136,0.5952036386189787,28978758058.690765,210713387652.23544,305707824435.04706,7.271304975371167,0.0287813711956466,0.0441445832145617,0.2222222222222222,0.2444444444444444,0.0,1.1428571428571428,garnet,-1.3788884294673005,0.8616123603422787,33.78222222222222,275.7496,-1.610112137173601,13605.474148148149,8.595238095238095,90.47058823529412,61.738095238095234,0.8237197315118312,14660102155375.324,535936.3875,20.337168429910676
1.8087345679012348,2.5932,2.0412,-1.460728735632184,-0.552,1.6800000000000002,123.36882716049382,189.94,65.97988505747126,56.92,-133.01999999999998,-123.9601149425287,0.3473722494338805,10845306662.832708,255381436993.7953,1036300141274.5438,23.547645533067083,0.0247739556147852,0.0841304347826087,0.0771604938271605,0.4598765432098766,0.0703511622940749,0.8620689655172414,halides,-0.5074166267092599,1.3719474896765829,87.34895061728396,207.25962962962964,-3.0709823855898777,19132.972993827163,2.557471264367816,111.93142857142855,20.936781609195403,0.5269079614313803,165767317455.07892,16238.519051040012,19.36135182441326
2.4048101265822783,3.4346666666666668,1.33,-2.3929019607843136,-2.1046666666666667,3.0,120.42151898734177,159.00666666666666,69.3529411764706,78.0,-81.00666666666666,-89.65372549019607,0.43616373219028926,13811346154.776304,159298072186.11105,322366634847.03424,11.533855599660129,0.021250209485503605,0.05128205128205129,0.0759493670886076,0.35443037974683544,0.14874161335276034,1.3235294117647058,oxyhalides,-1.0436970499811473,1.0619745098750035,56.356793248945145,361.2645569620253,-1.9051604478225008,16797.3525,2.1176470588235294,89.82352941176471,25.058823529411764,0.0,0.0,0.0,17.7536280109508
1.817692307692308,2.5933333333333333,2.19,-1.4404761904761905,-0.4033333333333333,1.6800000000000002,120.15384615384616,190.0,60.285714285714285,17.0,-173.0,-129.71428571428572,0.3172932330827067,10830828501.851728,5666901083931.938,38922178734970.95,523.2195379109805,0.0547152194211017,0.2941176470588235,0.0769230769230769,0.4615384615384615,0.0706126729736776,0.8571428571428571,argyrodites,-0.4570533476548513,2.7186839529165523,87.6923076923077,201.85846153846157,-7.097345604908621,18869.730769230773,0.0,108.42857142857144,12.857142857142856,0.0,0.0,0.0,17.5424069615194
1.894467408585056,2.6956666666666664,2.19,-1.5317760891590677,-0.5056666666666665,2.18,119.09777424483303,184.1,59.82522796352583,17.0,-167.1,-124.27477203647416,0.324960499530287,10947184361.635618,6020680633411.076,38922178734970.95,549.9752661981776,0.0572620537576732,0.2941176470588235,0.0794912559618441,0.4435612082670905,0.01601238780335,0.9118541033434652,argyrodites,-0.4977667231016801,2.740343158593905,81.65961844197136,259.63314785373603,-7.116228677075166,18213.18561208267,0.0,104.04285714285714,13.103343465045594,0.0,0.0,0.0,16.709558416270273
2.4018518518518523,3.2278787878787885,1.5,-2.1240692640692647,-1.7278787878787885,2.46,130.65925925925927,170.62424242424242,67.85714285714286,69.0,-101.62424242424242,-102.76709956709956,0.3976993063413693,11911274794.868544,233341451187.772,582098706960.5773,19.589964567713363,0.0285407560769879,0.072463768115942,0.0925925925925926,0.2962962962962963,0.1074989174680646,1.5714285714285712,halides,-0.8447408729413693,1.2920336504888412,50.55533108866442,321.4217777777778,-2.9330507214841175,19787.48,5.476190476190476,96.0263157894737,41.14285714285714,0.0,0.0,0.0,22.60271659778361
1.8384615384615384,2.6383333333333336,2.19,-1.4854761904761908,-0.4483333333333337,1.98,119.3846153846154,188.33333333333331,60.285714285714285,17.0,-171.33333333333334,-128.0476190476191,0.3201011378002528,10674633956.839712,5666901083931.938,38922178734970.95,530.8754479867578,0.0547152194211017,0.2941176470588235,0.0769230769230769,0.4615384615384615,0.0326835138276449,0.8571428571428571,argyrodites,-0.4755026187466137,2.724992640484434,86.9230769230769,236.3815384615385,-7.00615357254012,18513.115384615387,0.0,107.57142857142856,12.857142857142856,0.0,0.0,0.0,18.14431294298805
1.7795698924731185,2.6815,1.61,-1.5826320754716978,-1.0714999999999997,2.18,115.09677419354838,183.475,63.49056603773585,46.25,-137.22499999999997,-119.98443396226412,0.3460447801484445,11258575821.286434,319710157307.1625,1159738156065.2483,28.397033726298748,0.0242582204846355,0.0648648648648648,0.1075268817204301,0.4623655913978495,0.0062128426843864,0.7547169811320755,halides,-0.54766156861248,1.453272977244901,84.83252688172044,250.9109677419355,-2.910608853780791,16815.961021505376,0.0,106.84,14.09433962264151,0.0,0.0,0.0,15.63008980420912
2.3889473684210527,3.16,1.285,-2.092857142857143,-1.875,2.18,141.3171052631579,181.0,73.28928571428571,87.76249999999999,-93.2375,-107.71071428571427,0.40491318074191,6449680150.445432,152547756155.52982,223030124647.42847,23.651987788106744,0.0223024955144924,0.0410216972636865,0.1052631578947368,0.2631578947368421,0.0,1.7142857142857142,halides,-0.8474254425527117,1.373867646094055,47.63157894736842,308.07128947368426,-2.402217722219915,22710.96713815789,4.571428571428571,107.0,41.285714285714285,0.6931471805599453,18069383117274.047,26569.0,26.323231042383025
2.341428571428571,3.16,1.242,-2.1110526315789477,-1.918,2.18,139.5265306122449,181.0,74.04210526315791,92.36,-88.64000000000001,-106.95789473684208,0.4090724047688282,6449680150.445432,135940811496.6998,168381619162.90228,21.07714000163425,0.0201976103569587,0.0352694378749615,0.1020408163265306,0.2857142857142857,0.0,1.5789473684210529,halides,-0.8635733765935633,1.3238116802703515,51.71428571428571,304.1678367346939,-2.16029388249534,22235.247142857144,2.947368421052632,107.5142857142857,32.94736842105263,0.5004024235381879,1035551998417.7748,17318.56,24.44961452967948
1.7619148936170212,2.58,1.93,-1.4240740740740745,-0.6500000000000004,1.6,115.14893617021278,184.0,64.14814814814815,49.4,-134.6,-119.85185185185183,0.3486312399355878,12278644599.949677,328457273133.3874,1226508116381.702,26.75028749791598,0.0258106383060216,0.0741922616673314,0.1063829787234042,0.4680851063829787,0.0,0.7407407407407407,thio_lisicon,-0.49647671020456874,1.4273284539493036,86.12765957446808,184.23829787234047,-3.093452798455033,16800.978723404256,1.851851851851852,106.92,19.185185185185183,0.6730116670092565,725846563796.9336,198084.97922400007,17.059310686747924
2.9230939226519337,3.44,2.1100000000000003,-1.5337704918032784,-1.3299999999999996,2.46,103.628453038674,138.2,35.618852459016395,28.605,-109.595,-102.5811475409836,0.2577340988351403,28978758058.690765,19673027324075.703,23973735277445.426,678.877517257015,0.1754677238137051,0.2108113637934609,0.2762430939226519,0.0607734806629834,0.0,1.9672131147540983,nasicon,-0.3953049555248479,2.83179142615429,8.398895027624306,254.92599447513803,-17.999680465214244,13221.218853591155,3.114754098360656,78.31764705882354,39.85245901639344,0.7524177643476055,834667311942.0203,187409.62495204003,19.945342787281632
2.148,3.29,1.71153801534892,-2.31,-1.5947,2.46,91.14,160.35,67.5,69.0,-102.29,-92.85,0.4209541627689429,17645701163.64663,124354808758.77036,582098706960.5773,7.047314674860527,0.0148148148148148,0.0617753623188405,0.0,0.4,0.1395534028107905,0.6666666666666666,antiperovskite,-0.9724041159962581,0.8480236639343885,64.14,224.2044,-1.375555555555554,12307.648,0.0,65.16666666666666,9.0,0.0,0.0,0.0,7.8535389476340915
2.437254901960784,3.22125,1.5,-2.104407894736842,-1.72125,2.46,132.98823529411763,171.6375,67.89473684210526,69.0,-102.6375,-103.74276315789471,0.3955705299955153,11377915942.874098,244813729338.19324,582098706960.5773,21.516570395435046,0.0299855919993219,0.072463768115942,0.0980392156862745,0.2745098039215686,0.1030862247046505,1.6842105263157896,halides,-0.8324417462477992,1.3327730487305756,47.11617647058823,327.15105882352935,-3.1107881689349144,20398.27803921569,6.052631578947368,96.91891891891892,44.52631578947368,0.0,0.0,0.0,23.834735049296288
1.809541984732825,2.5933333333333333,2.1670000000000003,-1.446150234741784,-0.426333333333333,1.6800000000000002,120.14885496183209,190.0,61.11971830985916,22.200000000000003,-167.8,-128.88028169014083,0.3216827279466271,10830828501.851728,5047196210064.676,35076528758030.7,466.002781707952,0.0508272329820545,0.2705029838022165,0.0763358778625954,0.465648854961832,0.0706126729736776,0.8450704225352114,argyrodites,-0.46520155253239226,2.6683885091295028,88.47328244274809,201.85007633587793,-6.5506281042576004,18794.604961832065,0.2816901408450705,108.87142857142857,13.704225352112676,0.3250829733914482,1563905457412.9854,3173.5195559999997,17.598252092687773
1.8400769230769236,2.641833333333334,2.19,-1.4889761904761911,-0.451833333333334,1.98,118.63076923076925,186.7,60.285714285714285,17.0,-169.70000000000002,-126.41428571428574,0.3229015226872752,10957520359.091091,5666901083931.938,38922178734970.95,517.1700255368722,0.0547152194211017,0.2941176470588235,0.0769230769230769,0.4615384615384615,0.0275778589434515,0.8571428571428571,argyrodites,-0.4807926791498604,2.713633345827126,86.16923076923077,234.8889230769231,-6.916785380818986,18225.14615384615,0.0,106.27142857142856,12.857142857142856,0.0,0.0,0.0,17.28488287610322
2.3124137931034485,3.44,1.2584000000000002,-2.3357142857142854,-2.1815999999999995,2.46,111.14655172413794,138.2,82.16071428571429,100.34,-37.85999999999999,-56.0392857142857,0.594505892081869,28978758058.690765,198706893931.53348,290903479545.75964,6.856984468730227,0.0265673729361036,0.0411405450065018,0.2155172413793103,0.2672413793103448,0.0,1.0714285714285714,garnet,-1.3885959050769368,0.8361331657768232,36.93275862068965,273.42051724137934,-1.4888166026442908,13389.363505747126,7.875,91.0,60.73214285714287,0.8731726364245317,1826264958550.2812,322160.72640000004,19.68353830927874
1.8565116279069769,2.58,2.118,-1.352608695652174,-0.4620000000000002,1.6,117.1627906976744,184.0,59.04347826086956,28.6,-155.4,-124.95652173913044,0.3208884688090737,12278644599.949677,5310793729572.079,23981973844499.99,432.52279894100405,0.0575188109270173,0.2112531969309463,0.1162790697674418,0.4186046511627907,0.0,0.8695652173913044,thio_lisicon,-0.43403653324566444,2.636009004733333,77.0232558139535,187.46046511627904,-7.1873505480107704,17772.825581395347,0.8695652173913044,105.4,17.304347826086957,0.6730116670092565,755470153276.0444,191859.5544,17.510235295762744
2.936111111111112,3.44,2.118,-1.5116666666666665,-1.322,2.46,103.82777777777775,138.2,35.083333333333336,28.6,-109.6,-103.11666666666665,0.2538591413410516,28978758058.690765,20005704005209.79,23981973844499.992,690.3575358437438,0.1785134665782577,0.2112531969309462,0.2777777777777778,0.0555555555555555,0.0,2.0,nasicon,-0.3837504019938896,2.8390740699088988,7.677777777777769,255.41633333333328,-18.407713628661337,13269.22944444444,3.333333333333333,78.29411764705884,40.83333333333333,0.6730116670092565,755470153276.0444,191859.5544,20.173338439258547
2.32,3.44,1.24,-2.341818181818182,-2.2,2.46,110.79710144927536,138.2,80.90303030303029,96.98666666666664,-41.21333333333334,-57.2969696969697,0.5854054291102048,28978758058.690765,191425078025.15363,271909401144.8136,6.605703309902372,0.0275090312995274,0.0427420910811826,0.217391304347826,0.2608695652173913,0.0,1.0909090909090908,garnet,-1.3709130776253522,0.8199190637898776,36.052173913043475,272.5608695652174,-1.5761841327620123,13314.674589371978,8.0,90.3529411764706,63.09090909090909,1.0549201679861442,2697479748415.537,1082522.16,19.95507695188962
1.8773809523809528,2.58,2.118,-1.3413636363636363,-0.4620000000000002,1.6,118.34523809523812,184.0,58.65909090909092,28.6,-155.4,-125.34090909090908,0.3187994071146245,12278644599.949677,5546540953245.412,23981973844499.99,451.72257475944406,0.0594599016593901,0.2112531969309463,0.119047619047619,0.4047619047619048,0.0,0.9090909090909092,thio_lisicon,-0.42762593199784404,2.6548717948971787,74.47619047619048,189.352380952381,-7.4527581284440085,18087.505952380958,0.9090909090909092,105.4,17.68181818181818,0.6730116670092565,755470153276.0444,191859.5544,17.90030017533909
2.2467836257309943,2.632727272727273,2.04,-0.9166161616161616,-0.5927272727272728,2.18,116.80701754385969,183.72727272727272,24.791666666666664,6.0,-177.72727272727272,-158.93560606060606,0.1349373247567211,11748738740.903835,368912735197954.5,531179622569200.6,31400.19906252285,0.3517489711934156,0.5,0.2923976608187135,0.1286549707602339,0.0046941281447328,1.375,halides,-0.12368573267725914,4.4969324013051,23.637426900584792,254.63929824561413,-55.90543591782017,20139.92105263158,0.0,96.71812080536914,13.86111111111111,0.0,0.0,0.0,19.26467987906093
2.6195824634655533,3.44,1.3913907284768212,-2.124216216216216,-2.048609271523179,2.46,114.9125260960334,138.2,77.90432432432432,80.24701986754967,-57.95298013245032,-60.29567567567567,0.5637071224625494,28978758058.69076,415058361262.8539,480514790303.5084,14.32284849551644,0.0454126944990186,0.0523022833020844,0.3152400835073068,0.0709812108559499,0.0,1.5891891891891892,perovskites,-1.197435810731528,1.1560293980599616,9.809603340292275,282.68481419624214,-2.738189099071366,14317.161830201809,6.87027027027027,90.65393258426964,75.94594594594594,0.6395306588828067,21641756298591.414,125146.72163501605,23.85919753821735
2.282340425531915,3.44,1.197,-2.3656521739130434,-2.243,2.55,112.11671732522797,138.2,84.89937888198757,107.51857142857143,-30.681428571428555,-53.300621118012415,0.6143225678870302,28978758058.690765,183523760279.1353,260443397255.60983,6.33304435985297,0.0260346427154866,0.04062041898636,0.2127659574468085,0.2765957446808511,0.0,1.0434782608695652,garnet,-1.4532735182057963,0.8016125300566715,38.225531914893615,285.8976291793313,-1.3876626273209731,13708.973709654072,9.347826086956522,92.61764705882354,67.69565217391303,1.0888999753452238,122300965205581.23,1160333.49,20.556504045969263
2.5383333333333336,3.16,1.61,-1.865,-1.55,2.18,139.625,181.0,56.875,46.25,-134.75,-124.125,0.3142265193370165,6449680150.445433,642046482412.0094,1159738156065.2483,99.54702674173195,0.0398398398398398,0.0648648648648648,0.1666666666666666,0.1666666666666666,0.0,2.0,halides,-0.5860324585635358,1.9980282931033315,30.166666666666654,304.38250000000005,-4.945120120120115,22956.55208333333,0.0,104.2,22.5,0.0,0.0,0.0,25.81369175251025
2.8554010695187166,3.44,2.09,-1.6316417910447762,-1.35,2.46,102.78609625668447,138.2,39.35820895522389,29.79,-108.41,-98.8417910447761,0.2847916711665983,28978758058.690765,17838394807562.555,23861168407155.844,615.5679539970071,0.1580766738379505,0.2067857059058166,0.267379679144385,0.0909090909090909,0.0,1.791044776119403,nasicon,-0.46467799241690344,2.7892760027050465,12.56363636363636,252.8537967914438,-15.624581564543927,12975.05240641711,2.985074626865672,78.45882352941177,37.507462686567166,0.9319903226231094,1637960347098.5518,154768.99293204,19.35381592295445
2.809355793307535,3.44,1.4837298541826556,-1.988815506101938,-1.9562701458173444,2.46,118.47755520145688,138.2,76.00279971284996,76.59009976976209,-61.6099002302379,-62.197200287150025,0.5499478995141097,28978758058.690765,552705672521.529,582292455129.8547,19.072786742693825,0.0627462323212181,0.0660569211743081,0.2966082403824266,0.020487138629638,0.0,2.1536252692031588,other,-1.0937449101018517,1.2804141528547883,2.8313225586159714,291.4547857955839,-3.902639978946849,15037.610866530084,14.618090452261306,86.96421101557053,90.05168700646087,0.5423276323424384,11834344158606.512,432644.3357291662,27.246622417361102
1.819216799091941,2.58,1.9735,-1.3934511434511436,-0.6065000000000003,1.6,120.41146424517594,184.0,67.53118503118502,67.65,-116.35,-116.46881496881498,0.3670173099520925,12278644599.949677,208402047348.5255,528622026375.4928,16.972724118864036,0.0245779224040093,0.0617753623188405,0.1135073779795686,0.4324631101021566,0.0,0.8316008316008315,chalcogenidotetrelates,-0.5114206902191061,1.229751552090474,79.57321225879681,192.6583427922815,-2.8625614967904514,17862.674517593645,4.158004158004158,110.74,27.918918918918923,0.4227090878059908,254015245598.0247,20267.615475,19.20099886492418
1.8885542168674696,2.58,2.121,-1.3346511627906976,-0.4590000000000001,1.6,119.43975903614457,184.0,59.38372093023256,32.599999999999994,-151.4,-124.61627906976744,0.3227376137512639,12278644599.949677,6464092947221.894,27385228804150.2,526.4500405238854,0.0632936153902073,0.2232736572890025,0.1204819277108433,0.3975903614457831,0.0,0.9302325581395348,lgps,-0.4307421314694194,2.7213571634526006,73.15662650602408,191.10361445783133,-7.8874148388006,18324.1234939759,1.3953488372093024,106.46,19.74418604651163,0.6108643020548935,3649112733963.632,7404.878963999998,18.24178916438418
2.3505128205128205,3.16,1.2625,-2.1046666666666667,-1.8975,2.18,139.92499999999998,181.0,74.205,92.64375,-88.35625,-106.795,0.4099723756906077,6449680150.445432,137423358302.46507,173361869547.6256,21.30700361830722,0.0204352695987319,0.0358915202545041,0.1025641025641025,0.282051282051282,0.0,1.6,halides,-0.8628551933701657,1.32852237962825,51.051282051282044,305.0365,-2.1823846167965733,22333.336586538466,4.8,107.7142857142857,42.06666666666666,0.5623351446188083,13552037337955.535,19926.75,25.837229640331163
2.3254353562005274,3.2341818181818183,1.33,-2.166131503716409,-1.9041818181818184,2.46,127.8688654353562,169.59,70.14150943396226,78.0,-91.59,-99.44849056603776,0.4135946071935978,12485340322.118364,174169104630.03168,322366634847.03424,13.949888440083845,0.0239889623537422,0.0512820512820512,0.1055408970976253,0.3139841688654354,0.1122055935498728,1.3836477987421385,oxyhalides,-0.8959003084092656,1.1445707344877727,53.24857519788919,314.55740897097627,-2.385666096325166,18977.79659630607,3.018867924528302,97.96538461538462,31.893081761006293,0.0,0.0,0.0,20.78443073744044
2.83554347826087,3.44,1.9044,-1.7378125,-1.5356,2.46,105.38478260869566,138.2,43.85625,37.236,-100.96399999999998,-94.34375,0.3173390014471779,28978758058.690765,18452797872052.117,23584761929774.25,636.7697965067932,0.1595914562020982,0.2001289157905376,0.2717391304347826,0.0760869565217391,0.0,1.875,nasicon,-0.5514756834524238,2.803982455606624,10.515217391304342,259.2465652173913,-15.0564564460667,13368.238641304348,1.1875,80.29411764705884,41.09375,0.8731726364245316,85439725914321.48,612086.1976,19.09243227131326
2.58,3.44,1.393333333333333,-2.15,-2.046666666666667,2.46,113.66666666666666,138.2,76.86666666666666,79.98888888888888,-58.21111111111111,-61.33333333333333,0.5561987457790641,28978758058.690765,393536655415.95166,483263937635.01215,13.580176714920656,0.0430658418584753,0.0524828508730289,0.3,0.1,0.0,1.5,perovskites,-1.1958273034249878,1.1329054213300183,13.82,279.61999999999995,-2.6413716339864846,14062.525777777775,6.25,90.11111111111111,70.25,0.6365141682948128,21501249906936.07,124334.22222222222,22.74487733338916
2.266302521008404,3.44,1.1988,-2.3672881355932205,-2.2412,2.46,110.44117647058825,138.2,82.21186440677965,102.22,-35.97999999999999,-55.988135593220335,0.5948760087321249,28978758058.690765,148027157238.16068,180221551170.1315,5.108126336482773,0.0239993753943092,0.0364903777824215,0.2100840336134453,0.2857142857142857,0.0,1.0169491525423728,garnet,-1.4082429176206082,0.7082616298910693,39.48571428571428,271.68529411764706,-1.3436802837291792,13215.797619047618,7.559322033898306,91.22352941176472,59.49152542372883,0.8030448563658358,149353437844.6761,313813.9296,19.267380051495987
2.761777777777778,3.44,1.4081879194630875,-2.0346666666666664,-2.0318120805369126,2.51,119.10878306878308,138.2,80.9263492063492,81.01645893256631,-57.18354106743368,-57.27365079365079,0.5855741621298785,28978758058.690765,508432385470.737,511010087327.8643,17.545002599525052,0.0579997844199348,0.0582896164307074,0.3311111111111111,0.0022222222222222,0.0,2.0,perovskites,-1.191448228546926,1.2441534368979226,0.307111111111108,298.9630455026455,-3.3218593989743734,15118.547053413957,12.833333333333332,89.73942093541203,82.06,0.8612469358188495,27988278149552.305,903147.7896806452,27.13964861763653
2.2743040136635355,3.4400000000000004,1.2029411764705882,-2.361643598615917,-2.237058823529412,2.46,110.63362510674636,138.2,82.35185986159169,101.1642156862745,-37.035784313725486,-55.8481401384083,0.5958890004456707,28978758058.690765,156603442705.62637,197451712371.644,5.404077096349573,0.0243153007279118,0.036349249551168,0.2177625960717335,0.2758326216908625,0.0,1.0259515570934254,garnet,-1.4072774433881556,0.7327215361827755,38.120068317677195,272.15871776259604,-1.3579643225599594,13261.922464062056,7.474048442906573,91.72641509433964,59.73529411764705,0.7834491387902851,14010411416037.47,213836.8005101211,19.440039450158427
2.873756906077348,3.44,1.9314,-1.6801639344262294,-1.5086,2.46,105.15055248618783,138.2,40.135245901639344,34.114999999999995,-104.085,-98.06475409836064,0.2904142250480416,28978758058.690765,19398666717436.844,23639015337346.02,669.4098718153713,0.1689763210934421,0.2028918524747401,0.2762430939226519,0.0607734806629834,0.0,1.9672131147540983,nasicon,-0.487943506970062,2.8256921126278676,8.398895027624306,258.67035911602204,-16.57062137647403,13383.32244475138,0.6229508196721312,79.54705882352943,39.85245901639344,0.7524177643476055,53723438392584.52,613370.45787364,19.090919561385576
2.328504837291117,3.44,1.209,-2.353389199255121,-2.231,2.46,112.32409850483728,138.2,83.41247672253257,101.68,-36.52,-54.787523277467415,0.6035635073989333,28978758058.690765,157618620089.39127,195805475496.9441,5.43910887313272,0.025497527094908,0.037761280792455,0.2198768689533861,0.2524186455584872,0.0,1.11731843575419,garnet,-1.4204198393771879,0.7355277520542848,34.884256816182926,276.3172823218997,-1.396946359230128,13601.999047200232,8.61266294227188,91.02941176470588,65.70391061452514,0.8979457248567797,323201429960.7137,461712.36,20.389912537912128
2.332087912087912,3.44,1.2280000000000002,-2.3446511627906976,-2.212,2.46,112.40329670329668,138.2,83.60697674418604,102.13,-36.06999999999999,-54.59302325581395,0.6049708881634301,28978758058.690765,182438624679.3872,249235012988.09653,6.295598462497727,0.0269074968081981,0.0408140811005889,0.2197802197802197,0.2527472527472527,0.0,1.1162790697674418,garnet,-1.4184456963869077,0.7990370206403015,34.929670329670316,276.5121098901098,-1.4689615990056986,13637.022893772892,8.953488372093025,91.33823529411764,64.46511627906979,0.9376369622724492,30167693525985.39,471135.75,20.38228311537665
2.678474576271187,3.44,1.3682926829268294,-2.089767441860465,-2.0717073170731704,2.46,117.9319209039548,138.2,82.58062015503876,83.31626016260162,-54.883739837398366,-55.61937984496123,0.597544284768732,28978758058.690765,432781551066.35706,447826758008.1906,14.934440951190638,0.0485115477716196,0.0501552908426833,0.3474576271186441,0.0169491525423728,0.0,1.744186046511628,perovskites,-1.248728591379494,1.1741889700698933,2.342372881355921,290.1125254237288,-2.698182202376693,14911.10876647834,8.976744186046512,92.49137931034484,91.2093023255814,0.6688570623740269,23023349097254.566,133135.99048185605,26.672248464189018
2.638550724637681,3.44,1.376729559748428,-2.115300546448087,-2.063270440251572,2.46,116.25058661145616,138.2,80.267941712204,82.195178197065,-56.00482180293498,-57.93205828779598,0.5808099979175398,28978758058.690765,415778088910.7319,459766508556.3111,14.3476848824458,0.0462018443467408,0.0509395091817485,0.3291925465838509,0.0496894409937888,0.0,1.639344262295082,perovskites,-1.2285877059774843,1.1567818297186079,6.867080745341612,285.97644306418215,-2.6765679396990656,14575.93788589832,7.863387978142076,91.65795206971676,82.57923497267761,0.6595222664388065,22580522330174.945,130575.27787666628,25.076903804490147
2.8724324324324324,3.44,2.0780000000000003,-1.6153846153846154,-1.3619999999999997,2.46,102.8527027027027,138.2,37.59615384615385,28.625,-109.575,-100.60384615384616,0.2720416341979294,28978758058.690765,18444682655272.92,23940781009227.164,636.4897563214009,0.164221904375357,0.2090440312435197,0.2702702702702703,0.081081081081081,0.0,1.8461538461538465,nasicon,-0.43945187062742447,2.8037914185020245,11.205405405405394,253.01764864864865,-16.52135520287005,13034.366824324325,2.307692307692308,78.41176470588236,36.23076923076923,0.8979457248567797,1139962473618.6294,168991.94648100002,19.082271726117167
2.3421052631578947,3.0766666666666667,1.34,-1.993809523809524,-1.7366666666666666,2.18,145.23289473684213,187.25,73.20357142857142,87.46249999999999,-99.7875,-114.04642857142858,0.3909403013541865,5878697309.43317,173968813305.79443,298003824673.3545,29.59308910609121,0.023042297357717,0.0436110037149725,0.1052631578947368,0.2631578947368421,0.0394931894732951,1.7142857142857142,halides,-0.7794604960809424,1.4711903018184826,49.276315789473685,316.6077105263159,-2.6278917197284897,24206.30809210526,4.071428571428571,112.21428571428572,38.14285714285714,0.5623351446188083,9217894194822.562,674028.0,32.0982248060729
1.9188888888888889,2.588888888888889,2.19,-1.3400000000000003,-0.398888888888889,1.6800000000000002,122.13888888888889,188.0,56.27777777777778,17.0,-171.0,-131.72222222222223,0.2993498817966903,11313433867.884377,8746093459028.143,38922178734970.95,773.0715149054627,0.0768821108690389,0.2941176470588235,0.1111111111111111,0.3888888888888889,0.0601793005265147,1.0,sulfides,-0.4011288416075651,2.888219671269164,73.11111111111111,205.19333333333336,-10.12708249280507,19539.98611111111,0.0,107.1818181818182,15.0,0.0,0.0,0.0,19.01484228934834
2.116,3.21,1.71153801534892,-2.23,-1.5947,2.46,93.54,166.35,67.5,69.0,-102.29,-98.85,0.405770964833183,17097557636.274857,124354808758.77036,582098706960.5773,7.27324986435105,0.0148148148148148,0.0617753623188405,0.0,0.4,0.1702991843485434,0.6666666666666666,antiperovskite,-0.904869251577998,0.8617285075281115,66.54,230.10840000000002,-1.4644444444444429,13212.448,0.0,69.16666666666666,9.0,0.0,0.0,0.0,8.944001979319314
2.5787500000000003,3.44,1.3576923076923075,-2.153125,-2.082307692307692,2.51,114.81488095238096,138.2,79.73720238095238,82.56117216117215,-55.63882783882784,-58.462797619047606,0.5769696264902489,28978758058.690765,387402376661.484,448105661562.1102,13.368494808399891,0.0426909234892245,0.0491238716448575,0.325,0.075,0.0,1.5,perovskites,-1.2422877270368171,1.126082511734281,10.364999999999998,288.1853511904762,-2.4958308201207777,14270.27054818594,6.25,91.91891891891892,71.25,0.8587409130062869,19947386966121.92,238640.14605207104,23.43615778031066
2.38009009009009,3.44,1.2924,-2.306862745098039,-2.1476,2.46,112.47837837837838,138.2,82.21764705882353,97.524,-40.67599999999999,-55.98235294117646,0.5949178513663064,28978758058.690765,222197382157.1493,323953658491.4634,7.667595060738362,0.0298857565013451,0.0455595358553366,0.2252252252252252,0.2342342342342342,0.0,1.1764705882352942,garnet,-1.3723938277107046,0.8846591689516472,32.37117117117116,276.6968108108108,-1.6730749683723602,13693.01542042042,8.892156862745098,90.2235294117647,63.00980392156863,0.7524177643476055,15429997157737.092,564009.0516,20.64090215582659
2.41904761904762,3.224615384615385,1.5,-2.114615384615385,-1.7246153846153849,2.46,131.7904761904762,171.12307692307692,67.875,69.0,-102.12307692307692,-103.24807692307692,0.3966443405556055,11648698129.271278,238790783309.22208,582098706960.5773,20.499353718264857,0.0292270531400966,0.072463768115942,0.0952380952380952,0.2857142857142857,0.1053786094633692,1.625,halides,-0.8387502247595074,1.3117401692988901,48.89230769230769,324.20457142857146,-3.0176370308435505,20084.15333333333,5.75,96.46666666666668,42.75,0.0,0.0,0.0,23.192961276481437
2.324782608695652,3.44,1.262,-2.331818181818182,-2.178,2.46,111.47391304347823,138.2,82.31818181818181,100.1,-38.1,-55.881818181818176,0.5956453098276543,28978758058.690765,192965396144.6414,275298101007.68665,6.658856661621868,0.0270745939050218,0.0417863288132702,0.217391304347826,0.2608695652173913,0.0,1.0909090909090908,garnet,-1.3889365633708486,0.8233996663812561,36.052173913043475,274.22582608695643,-1.5129775339469909,13464.64688405797,8.136363636363637,90.88235294117646,59.77272727272727,0.8979457248567798,13263168450550.332,485531.01,19.857903576284087
2.361111111111111,2.9933333333333336,1.33,-1.896666666666667,-1.6633333333333336,2.18,153.0,194.0,71.0,78.0,-116.0,-123.0,0.3659793814432989,5497036104.084285,190358750788.19165,322366634847.03424,34.62934337410583,0.0269705603038936,0.0512820512820512,0.1111111111111111,0.2222222222222222,0.094766888200259,2.0,halides,-0.6941408934707903,1.5394442567326512,43.11111111111111,333.54,-3.3173789173789126,27004.5,4.0,115.28571428571428,39.33333333333333,0.0,0.0,0.0,36.38702555587453
1.8396153846153849,2.640833333333333,2.19,-1.4879761904761903,-0.4508333333333332,1.98,118.84615384615384,187.16666666666663,60.285714285714285,17.0,-170.16666666666666,-126.88095238095238,0.3220964253911716,10876695672.733557,5666901083931.938,38922178734970.95,521.0131141333773,0.0547152194211017,0.2941176470588235,0.0769230769230769,0.4615384615384615,0.0294125459749131,0.8571428571428571,argyrodites,-0.479271812019554,2.7168486548236745,86.38461538461536,235.3153846153846,-6.942319149882166,18307.42307692308,0.0,106.64285714285714,12.857142857142856,0.0,0.0,0.0,17.526193759455847
2.272588512981904,3.438133333333333,2.1,-2.2077607550919023,-1.338133333333333,2.46,96.76136900078676,138.48533333333333,59.45230998509688,31.5,-106.98533333333332,-79.03302334823645,0.4293040176463708,28828564205.96913,4622693366088.908,20246922621882.254,160.351148016305,0.0540969913239419,0.1905370843989769,0.1180173092053501,0.4099134539732493,0.0251502243488312,0.8941877794336811,oxides,-0.9478005621629388,2.205072073558888,56.76700131130342,238.0329677419354,-4.275448778374445,11068.74295043273,1.1177347242921016,73.792,18.165424739195235,0.6931471805599453,786948076329.2129,199853.70250000004,12.948666539245542
2.8385869565217394,3.44,1.9156,-1.7290625,-1.5243999999999998,2.46,105.05434782608695,138.2,42.90625,36.02,-102.17999999999998,-95.29375,0.3104649059334298,28978758058.690765,18458299110782.51,23591803515349.164,636.9596334459491,0.1599592948435475,0.2005997492515927,0.2717391304347826,0.0760869565217391,0.0,1.875,nasicon,-0.536813226415521,2.804111910314678,10.515217391304342,258.4336956521739,-15.243121052997306,13309.85081521739,0.5625,79.87058823529412,38.84375,0.8731726364245316,58666965947061.11,614127.3496,18.811496925209813
2.279279661016949,3.44,1.2086,-2.3614655172413794,-2.2314,2.46,110.60690324858756,138.2,82.06232040229887,101.28458333333332,-36.91541666666666,-56.13767959770112,0.5937939247633782,28978758058.690765,153578770897.77924,192154400921.27094,5.2997016154638406,0.0245881165659061,0.0374888748773467,0.211864406779661,0.2796610169491525,0.0,1.0344827586206895,garnet,-1.4022238776761398,0.7242514185808878,38.649152542372875,272.0929819915254,-1.3803198096877638,13251.771193797078,7.77155172413793,91.04264705882356,60.64655172413792,0.977095760474038,468886196544.9492,408295.5679000001,19.50179498983396
2.8884444444444446,3.44,2.078181818181818,-1.6546666666666667,-1.3618181818181818,2.46,104.55277777777776,138.2,37.25833333333333,26.26136363636364,-111.93863636363636,-100.94166666666666,0.2695972021225277,28978758058.690765,19819779999933.48,26981752796724.28,683.9416637452999,0.1690901301983995,0.2251902448833395,0.2444444444444444,0.0888888888888888,0.0,2.0,nasicon,-0.4460935037787425,2.835019060500892,12.28444444444443,257.1998333333333,-17.068239559110108,13351.339861111108,1.3333333333333333,76.87804878048782,32.53333333333333,0.8427803021302686,1247525307891.2903,136315.6523126033,18.04882818488496
2.35659793814433,3.16,1.253,-2.1062162162162164,-1.907,2.18,140.0840206185567,181.0,73.73378378378378,90.565,-90.435,-107.26621621621622,0.4073689711811258,6449680150.445432,141456143181.64832,187629746123.4188,21.932272590584045,0.0208840579867156,0.0372710145508477,0.1030927835051546,0.2783505154639176,0.0,1.6216216216216215,halides,-0.8580071330850036,1.3410836349795803,50.38144329896908,305.38316494845367,-2.2401538794750326,22385.31512886598,3.054054054054054,107.27142857142856,33.5945945945946,0.6108643020548935,1359161997923.329,22730.61,24.77564046809695
2.410585106382979,3.17025,1.286,-2.10025,-1.88425,3.0,141.42573138297874,180.3703125,72.7,85.17999999999999,-95.1903125,-107.67031249999998,0.4030596775730485,6583548139.008643,159948725890.00504,245374127004.96823,24.295216274379708,0.0231856765100182,0.0432757445785064,0.1063829787234042,0.2553191489361702,0.0310294130147022,1.7647058823529411,halides,-0.8465260878227951,1.3855207694764737,46.05199468085106,424.27719414893625,-2.4964090353575683,22729.425829454784,3.4117647058823533,106.16785714285712,35.76470588235294,0.6730116670092565,1553327997626.662,25977.840000000004,25.695448234814208
2.783898495396362,3.44,1.4927729772191674,-2.010750172057812,-1.9472270227808328,2.46,117.44394790029192,138.2,74.58905712319338,75.59143754909663,-62.60856245090336,-63.61094287680661,0.5397182136265802,28978758058.690765,536178013691.28735,594409103155.4294,18.50244971179801,0.0605521820557315,0.0670193667402288,0.2858746912194027,0.0404221872894677,0.0,2.064693737095664,other,-1.0852384909123811,1.2672292325048216,5.586346283404436,288.91211183471813,-3.851781393813131,14831.730294932251,13.58086717136958,86.38825181371402,83.91741225051618,0.519798464961467,11171107669307.402,408397.490572523,26.214626440674028
2.8659340659340664,3.44,1.9408,-1.6851612903225806,-1.4992,2.46,104.95604395604396,138.2,40.612903225806456,34.160000000000004,-104.04,-97.58709677419353,0.2938705009103217,28978758058.690765,19080806498559.76,23630354904112.0,658.4411402281405,0.1661529286659653,0.2024740759902414,0.2747252747252747,0.0659340659340659,0.0,1.9354838709677415,nasicon,-0.49521919250178076,2.818516958315815,9.112087912087906,258.19186813186815,-16.214381929041227,13335.5978021978,0.903225806451613,79.50588235294119,39.80645161290323,0.8030448563658358,51977552941568.2,608107.81418304,19.123855055385715
2.645915492957746,3.2216,1.6,-1.946361904761905,-1.6216,2.46,140.27042253521128,171.584,65.71428571428571,63.75,-107.834,-105.8697142857143,0.3829860926093674,11406077290.259403,416604820677.9648,738079833789.0787,36.52481129807337,0.0451084137358647,0.0784313725490196,0.1408450704225352,0.1549295774647887,0.1033298080921882,2.380952380952381,oxyhalides,-0.7454295407084877,1.562587980871436,26.583436619718302,345.0652394366197,-4.775614874097786,22232.817112676057,6.666666666666666,98.23333333333332,43.285714285714285,0.0,0.0,0.0,27.881734740769463
2.6758273381294964,3.2132,1.6,-1.9152512820512813,-1.6131999999999995,2.46,142.76474820143883,172.868,65.57692307692308,63.75,-109.118,-107.29107692307691,0.3793468026293072,10730204953.012045,439085590825.5952,738079833789.0787,40.92052227784714,0.0474386905759454,0.0784313725490196,0.1438848920863309,0.1366906474820143,0.0971289002621577,2.5641025641025643,oxyhalides,-0.726544450077835,1.6119411680738356,23.629438848920845,351.20128057553956,-5.089748199713802,22909.183884892085,7.179487179487181,99.13333333333333,45.92307692307693,0.0,0.0,0.0,29.228831516713107
2.3580412371134023,3.16,1.267,-2.1024324324324324,-1.893,2.18,140.19768041237114,181.0,74.03175675675675,91.6675,-89.33250000000001,-106.96824324324324,0.4090152307003135,6449680150.445432,140284730869.2611,183295520567.58615,21.75064927205308,0.0207885285557677,0.0369175556563405,0.1030927835051546,0.2783505154639176,0.0,1.6216216216216215,halides,-0.8599268863831726,1.3374722254773819,50.38144329896908,305.6309432989691,-2.223712379222467,22407.305457474227,4.756756756756757,107.57142857142856,41.91891891891892,0.6108643020548935,15178281818510.195,22317.96,25.931713876931408
2.112,3.2,1.71153801534892,-2.22,-1.5947,2.46,93.84,167.1,67.5,69.0,-102.29,-99.6,0.4039497307001795,17029039695.353384,124354808758.77036,582098706960.5773,7.302514468429029,0.0148148148148148,0.0617753623188405,0.0,0.4,0.172950329144225,0.6666666666666666,antiperovskite,-0.8967684021543986,0.8634724261115462,66.84,230.84640000000002,-1.475555555555554,13325.548,0.0,69.66666666666666,9.0,0.0,0.0,0.0,9.090550782458326
2.849502762430939,3.44,1.8436,-1.7521311475409835,-1.5964,2.46,106.5441988950276,138.2,44.27049180327868,39.16,-99.04,-93.92950819672132,0.320336409575099,28978758058.690765,19295814949615.336,23513536180603.78,665.8606594021546,0.1652384906603807,0.1983316993464052,0.2762430939226519,0.0607734806629834,0.0,1.9672131147540983,nasicon,-0.5612714009079768,2.8233833565215103,8.398895027624306,262.09872928176793,-15.520770162898089,13566.815193370165,7.180327868852459,80.98823529411766,65.81967213114754,0.7524177643476055,161546852022374.2,1125126.880225,22.09538327521625
2.704041025641026,3.4400000000000004,1.3796273291925467,-2.08593023255814,-2.0603726708074537,2.46,117.96129914529914,138.2,80.83740310077519,81.74865424430641,-56.45134575569358,-57.3625968992248,0.5849305578927294,28978758058.69077,446454965517.03735,468461808525.3661,15.406283616876566,0.0487911317011088,0.051112494966632,0.3302564102564103,0.0225641025641025,0.0,1.8343023255813955,perovskites,-1.2201243346555437,1.1876978885992266,3.1183589743589653,290.1847958974359,-2.798786020027692,14935.924295156692,8.366279069767442,90.86568730325288,87.59883720930233,0.7181868361001992,25381880996092.645,135490.3332065198,25.590276816555352
2.8740331491712707,3.44,1.9324,-1.6793442622950818,-1.5076,2.46,105.23480662983424,138.2,40.385245901639344,34.42,-103.78,-97.81475409836064,0.2922231975516595,28978758058.690765,19387740732658.89,23625685635916.92,669.0328375492437,0.1687126427809833,0.2025701649335404,0.2762430939226519,0.0607734806629834,0.0,1.9672131147540983,nasicon,-0.49074335011790154,2.8254474343843343,8.398895027624306,258.8776243093922,-16.50258566690644,13392.400828729282,0.7049180327868853,79.51176470588237,40.0655737704918,0.7524177643476055,54341449642514.445,643169.5203999999,19.160238174293035
2.565,3.44,1.3433333333333335,-2.1875,-2.0966666666666667,2.49,116.02833333333334,138.2,82.77083333333334,87.86111111111113,-50.33888888888886,-55.429166666666646,0.5989206464061747,28978758058.690765,319871543383.3921,385043788258.26605,11.038138443875177,0.040841157104235,0.0495166045340417,0.3,0.1,0.0,1.5,perovskites,-1.3101389140135071,1.042895836824188,13.82,288.91055000000006,-2.2637913039901583,14491.14261111111,11.75,92.16666666666669,87.375,1.0114042647073516,38079375328023.445,1009880.5555555556,26.62541039172124
1.865147928994083,2.58,2.0595,-1.3574157303370786,-0.5205000000000002,1.6,117.52366863905328,184.0,57.76966292134831,24.200000000000003,-159.8,-126.2303370786517,0.3139655593551538,12278644599.949677,5337487940189.852,23322797243627.08,434.6968345522215,0.0600946677615547,0.2163101604278074,0.1183431952662722,0.4082840236686391,0.0,0.898876404494382,lgps,-0.4261817890527655,2.6381864776844917,75.12426035502959,188.03786982248528,-7.585770168170633,17963.557692307695,0.0,105.05,15.067415730337078,0.6881388137135884,242158528647.85645,464329.3272750001,17.007419479136185
2.039333333333333,2.58,2.01,-1.1585714285714288,-0.5700000000000003,1.6,122.88888888888889,184.0,53.04761904761904,33.77777777777778,-150.22222222222223,-130.95238095238096,0.2883022774327122,12278644599.949677,11227476821611.646,26031639505415.484,914.3905689442026,0.0967425033819908,0.2059794214715589,0.2,0.2666666666666666,0.0,1.1428571428571428,sulfides,-0.33401878142561375,2.9611317380820923,49.066666666666656,196.62222222222223,-12.668661157165461,19612.31851851852,1.4285714285714286,106.0909090909091,24.571428571428573,0.6365141682948128,11181706554189.4,31313.36542222221,22.255510996829912
2.368,3.16,1.78,-1.98,-1.38,2.18,136.85,181.0,70.625,80.0,-101.0,-110.375,0.3901933701657458,6449680150.445432,149288957386.92316,224091403271.3816,23.146722613308643,0.0204861111111111,0.0375,0.1,0.3,0.0,1.5,halides,-0.7725828729281766,1.3644895071588188,54.3,298.333,-2.2611545138888878,21663.475,5.0,105.14285714285714,31.75,0.0,0.0,0.0,24.44665285218012
1.9562903225806452,2.58,1.9736363636363636,-1.2474193548387098,-0.6063636363636367,1.6,122.20967741935485,184.0,60.41935483870968,47.54545454545454,-136.45454545454547,-123.58064516129032,0.3283660589060309,12278644599.949678,582246316446.6216,1414776330424.533,47.41942905074456,0.0383547333892818,0.0811545853428581,0.1774193548387097,0.3225806451612903,0.0,1.0,glass,-0.4096101773514908,1.6759563205910548,59.354838709677416,195.53548387096777,-4.739902697236729,18800.733870967742,3.548387096774193,107.90476190476193,28.516129032258064,0.4741393130578374,449904894915.4547,122779.9458,22.5983389301108
2.535,3.216,1.618,-1.990615384615385,-1.5980000000000003,2.46,136.97368421052633,172.44,68.76923076923077,70.8,-101.64,-103.67076923076922,0.3988009207215888,10955495732.0945,287118239731.4309,547539729287.6877,26.207690345796784,0.0337716414639491,0.0641025641025641,0.131578947368421,0.2105263157894737,0.0992809093017861,1.923076923076923,oxyhalides,-0.7938592481871751,1.4184287487499587,36.30315789473684,336.95526315789476,-3.5011320487533446,21384.689473684208,5.846153846153847,100.33333333333334,44.0,0.6730116670092565,121691206471622.38,359691.50601600006,26.043051834882235
2.5808,3.44,1.396,-2.148,-2.044,2.46,113.50533333333333,138.2,76.46333333333334,79.45111111111112,-58.74888888888887,-61.73666666666665,0.553280270139894,28978758058.690765,394335533038.46594,484329107798.3645,13.607744411952265,0.0431575543582322,0.052605134206038,0.3,0.1,0.0,1.5,perovskites,-1.1884460202604923,1.133786143526235,13.82,279.22312,-2.664403547562728,14025.44062222222,6.2,90.22222222222224,70.25,0.8033149761408755,21542349633312.277,118092.37333333332,22.76203289836032
2.897486338797814,3.44,2.094,-1.575873015873016,-1.346,2.46,103.2363387978142,138.2,36.638888888888886,28.615,-109.585,-101.5611111111111,0.2651149702524522,28978758058.690765,19039357455248.87,23957258143336.293,657.0108151870554,0.1696663090240811,0.2099276975184903,0.2732240437158469,0.0710382513661202,0.0,1.9047619047619049,nasicon,-0.41778752772481675,2.8175725186273604,9.817486338797812,253.96139344262292,-17.231498862606813,13126.771789617484,2.698412698412698,78.36470588235295,37.98412698412699,0.8420953021316528,989613587377.7834,178324.37785236002,19.504319824371745
2.315681818181818,3.2384,1.4420000000000002,-2.136821052631579,-1.7963999999999998,2.46,124.92954545454546,169.016,66.92105263157896,65.3,-103.716,-102.09494736842105,0.3959450740260032,12757821964.754126,264607554699.70447,657315243334.32,20.74080947600088,0.0258412258412258,0.0567151767151767,0.1136363636363636,0.3181818181818181,0.1137001960670644,1.3157894736842106,halides,-0.8460637698645326,1.316825702106066,53.77781818181817,307.32668181818184,-2.63825859219543,18402.506931818185,1.8947368421052635,96.93333333333337,26.21052631578948,0.6730116670092565,119370343498806.0,342456.461016,19.585217021775364
2.394545454545455,3.44,1.3,-2.3,-2.14,2.46,112.74090909090908,138.2,82.19,96.88,-41.31999999999999,-56.00999999999999,0.5947178002894357,28978758058.690765,230236178310.58896,336117547862.4076,7.944998120495397,0.030658826215334,0.0465028376158532,0.2272727272727272,0.2272727272727272,0.0,1.2,garnet,-1.367850940665702,0.9000937988047484,31.4090909090909,277.34263636363636,-1.7172008563208572,13752.70265151515,9.1,90.05882352941177,63.89999999999999,0.6730116670092565,15914816650756.09,581819.76,20.85059007022923
2.2543760399334443,3.44,1.2014285714285715,-2.367308970099668,-2.2385714285714284,2.46,109.90671797004993,138.2,81.70743355481727,101.43998015873017,-36.76001984126984,-56.49256644518272,0.5912260025674188,28978758058.690765,154331012983.0527,195964629961.22263,5.325660011739828,0.0237548134001443,0.0361714781019908,0.2096505823627288,0.2911813643926789,0.0,0.9966777408637874,garnet,-1.3996146192340198,0.7263734377810436,40.24126455906822,270.37052620632284,-1.3419703744005687,13118.28006274265,7.116279069767443,91.30281690140843,57.25913621262459,0.7812157893815553,14169252689545.414,212257.99020455996,18.900871060021547
2.2968522483940044,3.44,1.21625,-2.3517621145374448,-2.22375,2.46,111.06745182012844,138.2,82.38105726872247,99.98076923076924,-38.21923076923076,-55.81894273127752,0.5961002696723768,28978758058.690765,168354543130.90942,220392690513.3431,5.809584482190039,0.0253387717037785,0.0377853745628414,0.2226980728051391,0.2633832976445396,0.0,1.0572687224669604,garnet,-1.40188603068105,0.76414507153917,36.39957173447537,273.225931477516,-1.4143834466141274,13359.14703783012,7.9074889867841405,91.5843023255814,62.16299559471366,0.9550618328711268,18139467644435.902,343785.52503328404,19.90926711820423
2.4432608695652176,3.16,1.362,-2.060625,-1.798,2.18,142.54710144927537,181.0,70.44791666666666,76.93333333333334,-104.06666666666666,-110.55208333333334,0.3892150092081031,6449680150.445432,183989579769.4004,315186075992.7865,28.526930867524275,0.0255364799300442,0.0491241431835491,0.108695652173913,0.2391304347826087,0.0,1.875,halides,-0.8020261783494474,1.455255049645238,43.28260869565217,310.7526811594203,-2.8231110572662406,23099.861714975847,3.6875,105.22857142857144,36.3125,0.3250829733914482,29750245016981.168,185412.915216,26.505613982810363
2.667368421052632,3.44,1.3707692307692307,-2.097142857142857,-2.069230769230769,2.46,117.45087719298245,138.2,81.88095238095238,82.98717948717947,-55.212820512820514,-56.31904761904761,0.5924815657087726,28978758058.690765,427976053639.77686,451331534015.2389,14.76861267736166,0.0478447266393979,0.0503854890874427,0.3421052631578947,0.0263157894736842,0.0,1.7142857142857142,perovskites,-1.2425184835149687,1.169339700805215,3.636842105263156,288.9291578947368,-2.694569437924566,14815.403918128652,8.642857142857142,92.24324324324326,88.64285714285714,0.666278442414676,22900739545849.07,132426.9822485207,26.197377626348
2.3397250509164973,3.16,1.23,-2.108664921465969,-1.93,2.18,140.75539714867617,181.0,77.54397905759163,102.7,-78.3,-103.45602094240836,0.4284197737988487,6449680150.445432,119095022047.7972,105921427808.38744,18.46526017876595,0.0189227110030344,0.0292112950340798,0.1109979633401222,0.2780040733197556,0.0,1.5706806282722512,halides,-0.9033937486720175,1.266355431315798,50.31873727087576,306.84676578411404,-1.957668385817068,22454.28804480652,5.706806282722513,109.30042313117067,47.52094240837696,0.0,0.0,0.0,26.722028121558743
2.57086332627617,3.174,1.2335203366058909,-2.04950759392486,-1.9404796633941093,2.46,151.9233513683055,178.86,87.32707167599254,102.28775128564747,-76.57224871435253,-91.53292832400749,0.4882426013417899,7576134045.8577,190096049075.4332,239701641348.03427,25.09143158302081,0.0297321281540039,0.0409881093271928,0.1677252411197365,0.1265584568336862,0.0521527660694232,2.3980815347721824,oxyhalides,-1.0006569191276264,1.3995254405441733,22.636245589273113,373.73144436603155,-2.721468755240644,25062.53203821323,12.349320543565147,108.7441422030703,85.94244604316546,0.6368377286186921,692358531552.4363,977886.3137799512,35.78728764791279
1.8341682600382407,2.643333333333333,2.16825,-1.4953828032979974,-0.4750833333333331,1.98,118.10803059273424,186.0,60.53180212014135,18.200000000000003,-167.8,-125.46819787985864,0.325439796344846,11078757388.627398,5240669580629.894,36322281819746.97,473.0376699113894,0.0524593261654163,0.2811497326203209,0.0764818355640535,0.4646271510516253,0.0240437416935461,0.8480565371024735,argyrodites,-0.4866570749628852,2.6748957267488747,86.4206500956023,233.8539005736138,-6.581977115966498,18028.620936902484,0.0,105.76785714285714,12.81625441696113,0.2663844632679204,67877769393.71733,130152.91749375,16.833318126918133
2.39129840546697,3.44,1.2962,-2.3019,-2.1438,2.46,112.75626423690206,138.2,82.351,97.202,-40.99799999999999,-55.84899999999999,0.5958827785817656,28978758058.690765,227195205967.8529,330035603176.9355,7.840060140179707,0.0304230007752049,0.0460311867355949,0.2277904328018223,0.2277904328018223,0.0,1.1949999999999998,garnet,-1.3716625680173662,0.8943193941191337,31.48063781321184,277.3804100227791,-1.699094170294418,13752.237509491266,9.085,90.22123893805308,63.995,0.7197744066642688,15675251288435.477,573004.8459,20.86108053864352
2.393469387755102,3.16,1.7520000000000002,-1.9768421052631582,-1.408,2.18,138.1530612244898,181.0,70.5,78.9,-102.1,-110.5,0.38950276243093923,6449680150.445432,160022525832.85742,259892133640.30115,24.81092427843974,0.021704699550809392,0.04099637681159421,0.1020408163265306,0.2857142857142857,0.0,1.5789473684210527,halides,-0.7699854608897937,1.3946429432947487,51.71428571428571,301.1736734693878,-2.398369300364438,21995.87755102041,5.342105263157896,105.02857142857142,34.10526315789474,0.3250829733914482,25042850535596.477,736292.7056250001,25.19963704068294
2.279915254237288,3.44,1.2116,-2.3601724137931037,-2.2284,2.46,110.4849929378531,138.2,81.81429597701148,100.70916666666668,-37.49083333333331,-56.385704022988506,0.5919992473010962,28978758058.690765,154244101443.72653,193697967787.86868,5.322660865290897,0.0246533012303757,0.0376401032989162,0.211864406779661,0.2796610169491525,0.0,1.0344827586206895,garnet,-1.3972202924663288,0.7261287958693892,38.649152542372875,271.7930826271186,-1.3900937463655425,13225.570636181732,7.663793103448274,90.99117647058824,60.17241379310344,1.045274226258228,659352788822.5404,402639.0123999999,19.45575827576457
2.272,3.0933333333333337,1.22,-2.0533333333333337,-1.8733333333333335,2.18,141.445,186.0,74.6125,95.95,-90.05000000000001,-111.3875,0.4011424731182795,5992893877.635623,125737447879.54507,129885365241.86926,20.981090345813413,0.0189276822419084,0.0312662845231891,0.1,0.3,0.0380164936121799,1.5,halides,-0.823679211469534,1.3218280538702025,55.8,308.3501,-2.108307205720572,23075.115250000003,2.75,112.28571428571428,31.75,0.0,0.0,0.0,28.034611854374106
2.397010309278351,3.16,1.645,-2.0002702702702706,-1.5150000000000001,2.18,138.93298969072166,181.0,70.71621621621621,79.4,-101.6,-110.28378378378379,0.39069732716141553,6449680150.445432,159278907133.17764,253573972744.07733,24.695628840164645,0.022063409563409565,0.04163461538461538,0.10309278350515465,0.2783505154639176,0.0,1.6216216216216215,halides,-0.7815002481950369,1.3926200893490104,50.38144329896908,302.8739175257732,-2.4332362898241278,22182.791237113404,4.756756756756757,105.27142857142856,33.5945945945946,0.6108643020548935,73523751500253.95,605651.143125,25.23718704907639
1.8284090909090909,2.58,2.046,-1.377916666666667,-0.5340000000000003,1.6,117.35227272727272,184.0,61.8125,40.2,-143.8,-122.1875,0.3359375,12278644599.949677,1982149422356.7424,9041768954029.035,161.4306372516773,0.0384760506457011,0.128388746803069,0.1136363636363636,0.4318181818181817,0.0,0.8333333333333334,thio_lisicon,-0.4628938802083334,2.2079859611584056,79.45454545454544,187.76363636363635,-4.7012924382716035,17555.494318181816,1.6666666666666672,106.2,19.29166666666667,0.5004024235381879,503646768850.6963,127906.36960000003,17.82317303184867
2.2870212765957447,3.44,1.219,-2.356086956521739,-2.221,2.46,110.7627659574468,138.2,82.13260869565217,101.155,-37.04499999999999,-56.06739130434782,0.5943025231233876,28978758058.690765,162202104159.2155,211403588179.79425,5.59727590225596,0.0250510002152269,0.0383580412357627,0.2127659574468085,0.2765957446808511,0.0,1.0434782608695652,garnet,-1.4002284229589728,0.747976714781322,38.225531914893615,272.47640425531915,-1.4045442316324281,13294.627216312054,7.6521739130434785,91.02941176470588,59.21739130434783,0.8979457248567797,5852997330420.437,314421.96,19.41424544838485
1.8892771084337352,2.58,2.09,-1.3332558139534882,-0.4900000000000002,1.69,119.04589787722318,184.0,58.6234772978959,30.56221198156681,-153.4377880184332,-125.3765227021041,0.318605854879869,12278644599.949677,6250937065142.434,25618842262742.4,509.0901535799849,0.0637002783092441,0.218241420969053,0.1244979919678715,0.3935742971887551,0.0,0.9302325581395348,lgps,-0.42478310837820665,2.7067946973374113,72.41767068273093,201.18756741250718,-7.986519389569292,18304.850135234818,0.930232558139535,105.88079470198676,18.496124031007756,0.7584873205812663,71079219484787.67,176536.36566077007,18.19911264917187
2.8464088397790053,3.44,1.8324,-1.7613114754098358,-1.6076,2.46,106.63232044198894,138.2,44.531967213114754,39.479,-98.721,-93.66803278688523,0.3222284168821618,28978758058.690765,19294270588336.164,23511652059843.19,665.8073665289389,0.1651362986033838,0.198207025036869,0.2762430939226519,0.0607734806629834,0.0,1.9672131147540983,nasicon,-0.567544608357696,2.823348595905014,8.398895027624306,262.3155082872928,-15.467992231886624,13582.320179558008,7.032786885245902,81.1058823529412,65.81967213114754,0.7524177643476055,167364066652590.84,1122357.0244,22.064182434237
1.787313432835821,2.5933333333333333,2.118,-1.4595495495495494,-0.4753333333333334,1.6800000000000002,119.44776119402984,190.0,62.24324324324324,28.6,-161.4,-127.75675675675676,0.3275960170697012,10830828501.851728,3348357381156.2324,23981973844499.99,309.1506232033652,0.0413605421278055,0.2112531969309463,0.0746268656716417,0.4776119402985074,0.0706126729736776,0.8108108108108107,argyrodites,-0.4781426191483089,2.4901701263112317,90.74626865671641,200.67223880597015,-5.284088719949638,18497.0,0.5405405405405406,109.0,14.16216216216216,0.6730116670092565,755470153276.0444,191859.5544,17.503281305590125
2.8402702702702705,3.44,1.959,-1.7069230769230768,-1.481,2.46,104.31216216216217,138.2,41.75,34.025,-104.17499999999998,-96.45,0.3020984081041968,28978758058.690765,18200490475832.207,23623331175954.24,628.0631640241689,0.1584892977199038,0.2015916425914306,0.2702702702702703,0.081081081081081,0.0,1.8461538461538465,nasicon,-0.515658744294779,2.7980033227303553,11.205405405405394,256.6079189189189,-15.286292765084722,13188.806013513513,0.9230769230769232,79.14705882352942,38.38461538461539,0.8979457248567797,48233749978570.734,608927.6856,18.81401093741378
2.2693684210526315,3.44,1.2005,-2.366170212765957,-2.2395,2.46,110.51263157894736,138.2,82.23617021276596,102.13,-36.06999999999999,-55.96382978723403,0.5950518828709549,28978758058.690765,149233133496.00293,182818871891.2669,5.149742207508018,0.0241285935960683,0.0367021949507605,0.2105263157894736,0.2842105263157894,0.0,1.0212765957446808,garnet,-1.4079940402995508,0.7117854891074118,39.27789473684209,271.8610736842105,-1.3503285050157114,13231.24298245614,7.638297872340425,91.19117647058825,59.89361702127659,0.8237197315118312,180389295056.17175,339138.79000000004,19.33669903280714
1.9226923076923077,2.5861538461538465,2.19,-1.326923076923077,-0.3961538461538465,1.6800000000000002,121.3076923076923,186.7692307692308,55.84615384615385,17.0,-169.76923076923077,-130.92307692307693,0.2990115321252059,11610421785.442932,9077698791730.81,38922178734970.95,781.8577963388348,0.0792693145634322,0.2941176470588235,0.1153846153846153,0.3846153846153846,0.0513622974237888,1.0,sulfides,-0.3967653022430618,2.893127771114475,71.83431952662723,203.7969230769231,-10.378182568227816,19273.134615384617,0.0,106.375,15.230769230769232,0.0,0.0,0.0,18.69200676124249
2.206590909090909,3.44,1.934,-2.26125,-1.506,2.46,97.07386363636364,138.2,62.802083333333336,44.95,-93.25,-75.39791666666665,0.4544289676796913,28978758058.690765,478138968290.8808,1822518774512.9,16.499636296438393,0.0313336231225446,0.0941050946919178,0.1136363636363636,0.4318181818181817,0.0,0.8333333333333334,lisicon,-1.027577503165702,1.2174743711114369,59.67727272727271,238.80170454545456,-2.3624899050583568,10879.048011363637,1.791666666666667,74.64,20.458333333333336,0.5004024235381879,22142690222198.117,151041.04959999997,13.141837333300796
1.56,2.9133333333333336,1.71153801534892,-1.9333333333333336,-1.5947,2.06,98.45,170.66666666666666,67.5,69.0,-102.29,-103.16666666666666,0.3955078125,25775180908.86589,124354808758.77036,582098706960.5773,4.82459499308484,0.0148148148148148,0.0617753623188405,0.0,0.7,0.2043980539367364,0.4285714285714285,halides,-0.7646484375000001,0.6834608617936077,119.46666666666665,202.80700000000002,-1.5283950617283935,12292.575,0.0,91.66666666666666,9.0,0.0,0.0,0.0,10.68095999464886
2.3282222222222217,3.2353846153846155,1.386,-2.148542510121458,-1.8493846153846156,2.46,126.8811111111111,169.4769230769231,68.59210526315789,71.65,-97.8269230769231,-100.8848178137652,0.4047282899514581,12515201125.742254,220535369372.43,489840939090.6771,17.621400340008556,0.0251263409158146,0.053998613998614,0.1111111111111111,0.3111111111111111,0.1120174471341481,1.3684210526315788,halides,-0.869575936009471,1.2460404180245646,52.726153846153856,312.1275333333333,-2.5348663256185104,18809.24983333333,2.5263157894736845,97.6451612903226,29.57894736842105,0.5004024235381879,79580228999204.0,228304.307344,20.389759321656477
2.087407407407408,2.585714285714286,2.04,-1.0349450549450552,-0.5457142857142858,1.6800000000000002,113.29629629629628,186.57142857142856,34.38461538461539,6.0,-180.57142857142856,-152.1868131868132,0.184297325951231,11658151986.479128,286077191295150.56,531179622569200.6,24538.81126502182,0.2760683760683761,0.5,0.2592592592592592,0.2222222222222222,0.0496936622958283,1.0769230769230769,halides,-0.1907376061328235,4.38985352034918,41.460317460317455,190.33777777777777,-42.01396637550484,19115.462962962964,0.0,98.42857142857144,12.76923076923077,0.0,0.0,0.0,18.115681756392476
2.353414634146342,3.2300000000000004,1.4420000000000002,-2.114117647058824,-1.7880000000000005,2.46,127.40731707317074,170.3,66.8529411764706,65.3,-105.0,-103.44705882352942,0.3925598424924873,12081949627.506763,281107877751.5791,657315243334.32,23.26676458835631,0.0271384506678624,0.0567151767151767,0.1219512195121951,0.2926829268292683,0.1088252709394421,1.411764705882353,halides,-0.8299176905399999,1.3667359957012055,49.84390243902439,313.422,-2.8073929026178126,19060.9406097561,2.117647058823529,98.10344827586206,28.235294117647054,0.6730116670092565,119370343498806.0,342456.461016,20.703624064245663
2.814864864864865,3.44,1.865,-1.7792307692307692,-1.5749999999999995,2.46,104.9608108108108,138.2,43.59615384615385,36.425,-101.775,-94.60384615384616,0.3154569742847601,28978758058.690765,18176573650139.86,23592239302554.188,627.237841363898,0.1569755275637628,0.1996237413884472,0.2702702702702703,0.081081081081081,0.0,1.8461538461538465,nasicon,-0.5612707550158846,2.7974322515255157,11.205405405405394,258.20359459459456,-14.850488659561053,13283.12358108108,5.0769230769230775,80.44117647058825,54.69230769230769,0.8979457248567797,141681110591357.75,959238.830361,20.52519138305758
2.405,3.2133333333333334,2.305,-1.0287878787878788,-0.9083333333333332,2.46,124.25,181.0,67.5,69.0,-102.29,-113.5,0.3729281767955801,6449680150.445433,124354808758.77036,582098706960.5773,19.28077142711985,0.0148148148148148,0.0617753623188405,0.7142857142857143,0.0714285714285714,0.0,0.2727272727272727,organic_salts,-0.3836639879457559,1.2851244061144786,12.928571428571423,305.655,-1.6814814814814798,5044.089285714286,0.0,52.46153846153848,5.818181818181818,0.6108643020548935,38776525740.32975,3010081.2588210003,3.7302077494288617
2.3847597254004573,3.44,1.2886000000000002,-2.3057,-2.1514,2.46,112.78718535469103,138.2,82.673,97.846,-40.354,-55.52699999999999,0.5982127351664255,28978758058.69076,221113261282.3808,317871713805.99133,7.630184179548325,0.0299513498949465,0.0450878849750783,0.22883295194508,0.22883295194508,0.0,1.185,garnet,-1.3792991034732272,0.8825350212046997,31.62471395881005,277.4564759725399,-1.663108605616694,13751.300839054156,9.055,90.54896142433232,64.185,0.7795654523164246,15179054258660.938,554832.3770999999,20.882221527825443
1.7964150943396224,2.5933333333333333,2.1175,-1.4564367816091954,-0.4758333333333331,1.6800000000000002,119.4622641509434,190.0,61.08620689655172,21.0,-169.0,-128.91379310344828,0.3215063520871143,10830828501.851728,4280423895029.8857,30255855684224.355,395.2074298192487,0.04737708388824,0.2508912655971479,0.0754716981132075,0.4716981132075472,0.0706126729736776,0.8275862068965517,argyrodites,-0.4682536767006696,2.596825100640211,89.62264150943396,200.69660377358494,-6.107559590213285,18614.759433962263,0.0,108.60714285714286,12.724137931034484,0.5623351446188083,183453430793.83063,351764.64187500003,17.20638274720407
2.847431693989072,3.44,1.9108,-1.7212698412698413,-1.5292,2.46,105.39808743169398,138.2,42.91825396825397,36.527,-101.673,-95.28174603174602,0.3105517653274527,28978758058.690765,18752629336484.1,23595980713692.684,647.1163912029751,0.1624426634932639,0.2008259041496606,0.2732240437158469,0.0710382513661202,0.0,1.9047619047619049,nasicon,-0.5345433878112535,2.810982400469476,9.817486338797812,259.2792950819672,-15.477820607685551,13386.084740437158,1.0634920634920633,80.11764705882354,41.031746031746025,0.8420953021316528,78083888257188.7,617272.9463999999,19.133446176181145
2.2423853211009175,3.278857142857143,1.33,-2.2297781954887217,-1.9488571428571428,3.0,121.77446483180428,167.1157142857143,69.57236842105263,78.0,-89.11571428571429,-97.54334586466166,0.4163125455820761,12854839560.28319,163436090223.5593,322366634847.03424,12.713973555027305,0.022012295696506225,0.05128205128205129,0.09174311926605504,0.37308868501529047,0.12311080843191624,1.1513157894736843,oxyhalides,-0.9282846366473179,1.1042813037660082,62.348982088248135,365.32339449541286,-2.14715297239951,17430.57249617737,2.3684210526315788,96.12195121951218,26.960526315789473,0.0,0.0,0.0,18.50284056633051
2.365111111111111,3.44,1.3090000000000002,-2.303333333333333,-2.131,2.46,111.91611111111108,138.2,81.87738095238095,97.6925,-40.50749999999999,-56.32261904761904,0.5924557232444353,28978758058.690765,212956388557.7,310418126336.5227,7.348706529327406,0.0289297929927136,0.0444562689884023,0.2222222222222222,0.2444444444444444,0.0,1.1428571428571428,garnet,-1.3646230158730157,0.8662109041712398,33.78222222222222,275.31363333333326,-1.629401709855087,13574.291898148149,8.809523809523808,90.1764705882353,61.738095238095234,0.8237197315118312,36504212690823.88,620781.1079687501,20.39504667845249
1.890754375377188,2.58,2.1256,-1.3326487747957994,-0.4544000000000001,1.6,119.40826795413398,184.0,59.11260210035006,31.56,-152.44,-124.88739789964994,0.3212641418497285,12278644599.949677,6665779310690.971,28154358799538.246,542.875824479706,0.064565520795097,0.2279965899403239,0.1207000603500301,0.3964996982498491,0.0,0.9334889148191364,lgps,-0.4281322650218646,2.734700501945169,72.95594447797224,191.05322872661438,-8.063419886135401,18338.254828002413,1.306884480746791,106.336,19.4830805134189,0.5929533174474745,3503148224605.0864,7108.683805439999,18.21455840425852
2.014,2.66,1.24,-1.6150000000000002,-1.4200000000000002,1.6800000000000002,162.0025,220.00000000000003,75.00625,97.525,-122.47500000000004,-144.99375000000003,0.3409374999999999,3591748011.3619866,124189510181.03345,123693614447.82272,34.576342713402354,0.0188014469224415,0.0307613432453217,0.1,0.3,0.0,1.5,halides,-0.5506140624999999,1.5387790541956297,66.0,272.1642,-2.726092294710753,31357.98756250001,5.0,137.57142857142856,42.75,0.0,0.0,0.0,54.55715496145409
2.579466,3.44,1.381124106562703,-2.151335,-2.058875893437297,2.49,114.1697,138.2,78.12424999999999,81.30669265756984,-56.89330734243015,-60.07575,0.5652984804630969,28978758058.690765,391637263861.9706,471700429425.6972,13.514632444523208,0.0430297332106659,0.0514813754332047,0.3078,0.0922,0.0,1.5,perovskites,-1.2161464064670766,1.1308042387520194,12.74204,284.28255300000006,-2.585043494930662,14162.60658111111,6.39,91.02643754130868,71.8045,0.754279222057952,25277491471997.67,132381.393067657,23.17781969901861
2.1877777777777774,3.44,2.01,-2.254,-1.4300000000000002,2.46,96.53333333333332,138.2,63.2,46.0,-92.2,-74.99999999999999,0.4573082489146166,28978758058.690765,413817148765.728,1571666508793.5586,14.280016691109498,0.0292431561996779,0.0869565217391304,0.1111111111111111,0.4444444444444444,0.0,0.8,lisicon,-1.0307727930535457,1.1547287150628809,61.42222222222222,237.47199999999995,-2.193236714975842,10748.66222222222,2.0,74.60000000000001,20.0,0.0,0.0,0.0,13.059299032359554
1.943052922590837,2.7451085141903167,2.0595,-1.5223423972487875,-0.6856085141903168,2.46,113.33056872037916,175.20701168614357,57.76236881559221,24.2,-151.00701168614358,-117.44464287055138,0.3296806917697141,15484843344.115326,5341395836090.474,23322797243627.08,344.9434855355093,0.0601286106798056,0.2163101604278074,0.1184834123222748,0.4083728278041074,0.1029576862571707,0.8980509745127436,lisicon,-0.5018868946353452,2.5377479474484455,71.54978281337775,278.7931990521327,-7.06178320759219,16615.835584518165,0.0,98.91121495327104,15.071964017991004,0.6881388137135884,242158528647.85645,464329.3272750001,15.964243173849209
2.335394794883105,3.44,1.215703125,-2.346897844423617,-2.224296875,2.46,112.18180414644904,138.2,82.92047797563262,99.63603515625,-38.56396484374999,-55.27952202436737,0.6000034585791073,28978758058.690765,167473494209.03113,214213475507.6537,5.779181215076456,0.0255378001828124,0.0371613487750755,0.2258491398323776,0.2448169386854874,0.0,1.1246485473289598,garnet,-1.408146823586022,0.7618663126483936,33.83370092633436,275.96723820026466,-1.4117173876596711,13584.553907146008,7.964386129334584,91.2803738317757,63.23430178069354,0.8582706762990924,21706386189876.664,231383.28216911625,20.163394998120875
1.88516,2.58,2.123,-1.336230769230769,-0.4570000000000003,1.6,118.778,184.0,58.573076923076925,28.816666666666663,-155.18333333333334,-125.42692307692307,0.3183319397993311,12278644599.949677,5765695397055.37,24570164024710.703,469.5709978509355,0.0609017166881617,0.2145247229326513,0.12,0.4,0.0,0.9230769230769232,lgps,-0.42536493278878307,2.6717012657049293,73.60000000000001,190.0448,-7.63871493429862,18201.006,1.0,105.55666666666669,18.123076923076923,0.8141038104734264,897522234603.572,176506.71916622226,18.0616502845071
2.447659574468086,3.16,1.696,-1.9694117647058822,-1.4640000000000002,2.18,140.92553191489364,181.0,70.20588235294119,76.7,-104.3,-110.79411764705881,0.3878778030549237,6449680150.445432,185277980999.76154,331493594378.14026,28.726692902277605,0.024571966467746523,0.047989130434782604,0.10638297872340427,0.25531914893617025,0.0,1.7647058823529413,halides,-0.7638911086046379,1.4582856316667963,46.21276595744681,307.21765957446814,-2.7224293436470925,22703.117021276597,6.147058823529413,104.79999999999998,39.64705882352942,0.6108643020548935,58433317916391.766,1718016.3131249999,26.87979456410639
2.818763440860215,3.44,1.9162,-1.7507575757575755,-1.5238,2.46,104.4005376344086,138.2,42.946969696969695,35.09,-103.11,-95.2530303030303,0.3107595491821251,28978758058.690765,17909300723619.31,23600483416374.68,618.0147778364949,0.1555737382467248,0.2006165937449359,0.2688172043010752,0.086021505376344,0.0,1.8181818181818183,nasicon,-0.5440646349696144,2.790998859969255,11.888172043010739,256.82532258064515,-14.81887000357098,13178.790591397848,0.5151515151515151,79.65882352941178,36.66666666666667,0.8420953021316528,50184939519293.36,572174.364,18.433423783018476
2.7422222222222223,3.44,1.42,-2.0933333333333333,-2.02,2.46,117.8259259259259,138.2,77.07777777777777,78.99333333333333,-59.20666666666666,-61.12222222222222,0.5577263225598971,28978758058.690765,420148721196.5066,479307503684.0538,14.49850681473575,0.054981172489832,0.0630144440248354,0.2777777777777778,0.0555555555555555,0.0,2.0,perovskites,-1.167507101892051,1.161323277027195,7.677777777777769,289.8517777777777,-3.3605714429618425,14830.23320987654,18.83333333333333,85.94117647058823,121.5,0.5004024235381879,498149299356.788,703585.4400000001,29.52568525551385
1.828679245283019,2.6525,2.19,-1.505603448275862,-0.4624999999999999,2.18,116.27358490566036,183.625,60.53448275862069,17.0,-166.625,-123.0905172413793,0.3296636229196498,11550024043.761644,5475778798581.139,38922178734970.95,474.0924155511776,0.0533393434001953,0.2941176470588235,0.0754716981132075,0.4716981132075472,0.0054031680961155,0.8275862068965517,argyrodites,-0.4963426874389382,2.675863007606197,86.61556603773585,253.4764150943396,-6.56556736844559,17440.023584905663,0.0,103.71428571428574,12.724137931034482,0.0,0.0,0.0,15.626819813649698
2.8441046831955923,3.44,1.8427,-1.7586178861788615,-1.5973,2.46,107.20206611570248,138.2,46.71829268292682,41.9385,-96.26149999999998,-91.48170731707316,0.3380484275175602,28978758058.690765,19109822002315.24,23476479456833.227,659.4424082499346,0.1624311732949237,0.1963829357453487,0.2754820936639118,0.0633608815426997,0.0,1.951219512195122,nasicon,-0.5944980110270198,2.8191768728597695,8.756473829201097,263.7170826446281,-14.859481054535001,13660.271508264465,3.8780487804878048,81.26764705882354,51.76422764227643,0.7795654523164246,155818357215446.94,768576.1599000001,20.500183107138
2.8740659340659342,3.44,1.9704,-1.6612903225806448,-1.4695999999999998,2.46,104.54670329670328,138.2,39.41129032258065,32.67,-105.53,-98.78870967741936,0.2851757621026096,28978758058.690765,19152182354158.52,23718860965054.453,660.9041807578346,0.1678142393699916,0.204534101263234,0.2747252747252747,0.0659340659340659,0.0,1.9354838709677424,nasicon,-0.4737597338156255,2.8201384991458345,9.112087912087906,257.1848901098901,-16.57815217285906,13292.524313186812,1.096774193548387,79.24705882352941,38.90322580645161,0.9937390880265916,44729882021231.08,513939.73935936,19.09966113389236
2.874972375690608,3.44,1.9358,-1.6765573770491802,-1.5042,2.46,105.20856353591158,138.2,40.30737704918033,34.325,-103.875,-97.89262295081966,0.291659747099713,28978758058.690765,19389945856947.68,23628375887549.234,669.1089320555824,0.1687795763599746,0.2026518238999098,0.2762430939226519,0.0607734806629834,0.0,1.9672131147540983,nasicon,-0.48898430058832204,2.8254968273933447,8.398895027624306,258.8130662983425,-16.52227543040607,13389.297582872929,0.7213114754098361,79.5,40.31147540983606,0.7524177643476055,53888623876064.31,628001.7016,19.16779909742713
2.8488043478260874,3.44,1.9532000000000005,-1.6996874999999998,-1.4867999999999997,2.46,104.53260869565216,138.2,41.40625,34.1,-104.1,-96.79375,0.2996110709117222,28978758058.690765,18483915390863.625,23624592353852.99,637.8436009379041,0.1609412781771082,0.2018566879185503,0.2717391304347826,0.0760869565217391,0.0,1.875,nasicon,-0.5092451920902678,2.8047142028961733,10.515217391304342,257.1502173913043,-15.578109844555469,13238.111684782609,0.875,79.23529411764707,38.84375,0.8731726364245316,49679648937385.78,613716.4696,18.90040573544991
2.572514619883041,3.16,1.5160000000000002,-1.9698039215686274,-1.644,2.18,147.43421052631578,181.0,68.45588235294119,69.9375,-111.0625,-112.54411764705881,0.3782092947676309,6449680150.445432,301379629965.13776,575768102835.0071,46.72784121617623,0.034691011567704357,0.06549911653468314,0.11695906432748537,0.18128654970760233,0.0,2.3529411764705883,halides,-0.7449981520069843,1.6695757174771513,32.81286549707602,321.4065789473684,-3.9042692871711973,24396.78179824561,6.235294117647058,104.75714285714284,47.62745098039216,1.5047882836811906,10456958247370.268,177315.15,30.20803894932715
2.438333333333333,2.96,1.81,-1.565,-1.15,1.98,151.0,196.0,61.0,54.5,-141.5,-135.0,0.3112244897959184,5079321332.016004,416562668261.3441,708770527763.9178,82.01148165910753,0.0349303431872239,0.055045871559633,0.1666666666666666,0.1666666666666666,0.0,2.0,halides,-0.48706632653061227,1.9138746581413526,32.66666666666666,298.98,-4.715596330275226,26865.08333333333,5.0,116.2,36.5,0.0,0.0,0.0,51.98108800868945
2.241428571428571,3.44,1.938,-2.207894736842105,-1.502,2.46,97.35809523809525,138.2,62.96491228070176,50.266666666666666,-87.93333333333332,-75.23508771929824,0.4556071800340214,28978758058.690765,435694442321.1356,1307445416295.7583,15.03495910482852,0.0307861297189978,0.0755058114507103,0.1428571428571428,0.4,0.0,0.8421052631578947,lisicon,-1.0059326948645892,1.1771022511547629,55.28,239.5009142857143,-2.316197169946494,10924.94622222222,2.631578947368421,76.80952380952381,23.473684210526315,0.5004024235381879,4527181671467.281,43051.27014400002,14.17742599474698
2.4199999999999995,3.16,1.7240000000000002,-1.9733333333333336,-1.436,2.18,139.51041666666663,181.0,70.3611111111111,77.8,-103.2,-110.6388888888889,0.38873542050337623,6449680150.445432,171948712995.00656,295692864009.2207,26.660037239696504,0.0230586867060297,0.04449275362318841,0.10416666666666666,0.2708333333333333,0.0,1.6666666666666665,halides,-0.7671045631266625,1.4258607517163777,49.02083333333333,304.13270833333326,-2.551187476392119,22342.130208333332,5.722222222222223,104.91428571428571,36.72222222222223,0.5004024235381879,44520623174393.734,1308964.8099999998,26.00866847682436
2.3292307692307697,3.44,1.96,-2.166,-1.48,2.46,102.17435897435898,138.2,67.95,69.0,-69.19999999999999,-70.24999999999999,0.4916787264833575,28978758058.69076,226752055801.67783,465678965568.46185,7.824767898694493,0.0277616747181964,0.0579710144927536,0.1538461538461538,0.358974358974359,0.0,0.95,oxides,-1.0649761215629523,0.8934714641978856,49.610256410256405,251.34892307692309,-1.9502576489532968,11672.796410256413,6.0,81.96000000000001,36.3,0.0,0.0,0.0,16.136727061993763
2.266078431372549,3.25,1.386,-2.1817391304347824,-1.864,2.46,122.66764705882352,167.24285714285713,68.40217391304347,71.65,-95.59285714285711,-98.84068322981366,0.4089990752466937,13691169478.09572,203808315352.6631,489840939090.6771,14.886114416940986,0.0233330320286842,0.053998613998614,0.0980392156862745,0.3529411764705882,0.1195187973756347,1.217391304347826,halides,-0.8923292867773517,1.1727813527221662,59.026890756302514,301.76241176470586,-2.3062528275382714,17702.739656862745,2.086956521739131,95.54545454545456,26.0,0.5004024235381879,79580228999204.0,228304.307344,18.559969397134974
1.7656934306569343,2.5933333333333333,2.064,-1.4725541125541126,-0.5293333333333337,1.6800000000000002,118.94525547445257,190.0,63.57792207792208,37.3,-152.7,-126.42207792207792,0.3346206425153793,10830828501.851728,1767532129263.7058,12776820176646.771,163.19454499362757,0.0322550803369217,0.1491048593350383,0.072992700729927,0.4890510948905109,0.0706126729736776,0.7792207792207793,argyrodites,-0.4927470032815214,2.212705637758769,92.91970802919707,199.82802919708033,-4.077754279737198,18231.735401459853,0.909090909090909,109.42857142857144,15.05194805194805,0.6108643020548935,661036384116.5388,167877.11010000005,17.475489566748188
1.8820768307322928,2.58,2.0943,-1.3426558891454967,-0.4857,1.6,118.01380552220888,184.0,57.05658198614319,22.28,-161.72,-126.9434180138568,0.3100901194899086,12278644599.949677,6442663700035.139,27482632307985.445,524.7047951906306,0.0661413757188787,0.2370588235294118,0.120048019207683,0.3997599039615846,0.0,0.9237875288683602,thio_lisicon,-0.4163443250989566,2.7199150331621555,73.55582232893157,188.82208883553423,-8.396212305893176,18145.17557022809,0.0,104.93,15.235565819861431,0.6341786357122057,216328285592.08508,414800.8656990001,17.25272885516131
1.8992682926829267,2.58,1.9841176470588235,-1.329047619047619,-0.5958823529411765,1.69,120.6492450638792,184.0,60.31519274376417,40.87394957983193,-143.12605042016807,-123.68480725623584,0.3277999605639357,12278644599.949677,6394415584315.883,23360462388764.543,520.7753618296022,0.064834481646208,0.200181815425272,0.1382113821138211,0.3739837398373983,0.0,0.9523809523809524,lgps,-0.43566175711140215,2.7166504293340203,68.81300813008129,203.89722415795586,-8.019040365969197,18682.015181682436,1.4285714285714288,107.67532467532467,21.93650793650794,0.923840705630872,234723048716551.7,172108.04809688585,19.096966428720183
2.8451933701657457,3.44,1.828,-1.7649180327868852,-1.612,2.46,106.6307550644567,138.2,44.52732240437159,39.47333333333333,-98.72666666666666,-93.6726775956284,0.3221948075569579,28978758058.690765,19294289563007.92,23511675208942.73,665.8080213075777,0.1651378166442728,0.1982088770467536,0.2762430939226519,0.0607734806629834,0.0,1.9672131147540983,nasicon,-0.5686474259275752,2.82334902300544,8.398895027624306,262.31165745856345,-15.468901457364963,13582.02022713321,7.19672131147541,81.1058823529412,66.54098360655738,0.7524177643476055,168912342017904.38,1125794.8084,22.14686670173417
2.337488986784141,3.44,1.239,-2.338971962616822,-2.201,2.46,112.32411894273127,138.2,83.30443925233645,101.3215,-36.8785,-54.89556074766354,0.6027817601471523,28978758058.690765,178603542547.40842,240447099066.4558,6.163257313708273,0.0270943931514339,0.0410931124551798,0.2202643171806167,0.2511013215859031,0.0,1.121495327102804,garnet,-1.4098896365610074,0.7898102997428171,34.7022026431718,276.3173325991189,-1.4873619051656186,13618.94093428781,10.121495327102805,90.77941176470588,72.0841121495327,0.8585022429370206,11514162706952.164,944293.1475,21.328238103291635
2.6305428571428573,3.18676,1.5,-1.94676,-1.68676,2.46,143.7837142857143,173.9972,68.25,69.0,-104.9972,-105.7472,0.3922476913421595,10387691874.497305,353226757859.6738,582098706960.5773,34.004354588806834,0.0436392914653784,0.072463768115942,0.1428571428571428,0.1428571428571428,0.0918390895571929,2.5,oxyhalides,-0.7636121155972624,1.5315345362420485,24.856742857142844,353.7079371428572,-4.6147328824476626,23138.44845714285,11.5,99.96666666666668,76.5,0.0,0.0,0.0,32.17911727585904
2.286876876876877,3.106666666666667,1.2757000000000005,-2.052556390977444,-1.8309666666666664,2.18,140.6662162162162,185.0,73.99887218045112,93.4305,-91.5695,-111.00112781954888,0.3999939036781141,6084251132.197586,129656372568.18349,145508048358.32877,21.31016122625967,0.0192163947377549,0.0323771187073458,0.1001001001001,0.2992992992992993,0.0358554031389772,1.5037593984962407,halides,-0.8210100433465292,1.3285867354678405,55.370370370370374,306.65235135135134,-2.1330414885164384,22822.807304804803,2.764411027568922,110.99571428571429,31.175438596491222,0.5807150411914491,37899568642927.69,140018.765,27.101686162296662
1.858941176470588,2.58,2.051,-1.3620000000000003,-0.5289999999999999,1.6,117.7470588235294,184.0,58.85555555555556,28.6,-155.4,-125.14444444444445,0.3198671497584541,12278644599.949677,4810145268331.521,21210411876836.152,391.7488798683232,0.0562650278478638,0.2013407734635356,0.1176470588235294,0.4117647058823529,0.0,0.8888888888888888,lgps,-0.43565905797101456,2.5930077633596404,75.76470588235294,188.39529411764704,-7.041255651672111,17932.59705882353,0.4444444444444445,105.62,16.42222222222222,0.9433483923290392,1468860829679.5615,432856.079876,17.197432455590548
2.7963157894736845,3.44,1.978,-1.7471428571428569,-1.4619999999999995,2.46,104.46842105263156,138.2,46.642857142857146,38.3,-99.9,-91.55714285714284,0.3375025842464338,28978758058.690765,16847165969552.186,23536290433869.555,581.3625944711491,0.1450854676122055,0.1971937287311618,0.2631578947368421,0.1052631578947368,0.0,1.7142857142857142,nasicon,-0.5896652293334121,2.7644470853336647,14.547368421052624,256.99231578947365,-13.28361088466607,13117.401578947369,3.1428571428571423,80.1764705882353,41.42857142857143,0.9502705392332348,35758405985471.84,409240.6656,19.11269463870512
1.8357692307692308,2.58,1.9966666666666668,-1.3821428571428571,-0.5833333333333333,1.6,116.5673076923077,184.0,58.767857142857146,26.75,-157.25,-125.23214285714286,0.3193905279503106,12278644599.949677,5740857037310.972,26334698542002.38,467.54810684352736,0.0582902229961053,0.2177000529941706,0.1153846153846153,0.4230769230769231,0.0,0.8571428571428571,thio_lisicon,-0.4414433368456078,2.6698263028273903,77.84615384615384,186.5076923076923,-7.299809533422972,17657.99278846154,0.0,105.53333333333336,14.785714285714285,0.6365141682948128,1963923462812.0107,84370.1042,16.626868547591936
2.5222222222222226,3.206666666666667,1.5,-2.0533333333333337,-1.706666666666667,2.46,138.57777777777778,173.86666666666667,68.0,69.0,-104.86666666666667,-105.86666666666667,0.3911042944785275,10204526468.486322,276936108159.3726,582098706960.5773,27.138555523826444,0.0340311325818572,0.072463768115942,0.1111111111111111,0.2222222222222222,0.0917405190155205,2.0,halides,-0.8030674846625766,1.4335867281901076,38.63703703703704,340.90133333333335,-3.602762569332616,21864.193333333333,7.666666666666666,98.85714285714286,54.0,0.0,0.0,0.0,27.07257602487203
2.346913580246914,3.231489361702128,1.4700000000000002,-2.107371714643304,-1.7614893617021274,2.46,126.3537037037037,170.07234042553188,65.91911764705883,62.125,-107.94734042553188,-104.15322277847304,0.3875945817063784,12201785148.295303,305736451905.056,741052395456.1414,25.05669852314766,0.027537945185004,0.058073458073458,0.1234567901234568,0.2962962962962963,0.1097329028406112,1.3823529411764708,halides,-0.8168058582370249,1.398923847678293,50.39180457052796,310.8301111111111,-2.8681657397151006,18843.10114197531,1.7647058823529411,97.73684210526316,26.35294117647059,0.6931471805599453,124344107811256.23,356725.48022499995,20.25960404301592
2.29125,3.44,1.63,-2.2975,-1.81,2.46,99.50625,138.2,60.8125,40.75,-97.45,-77.38749999999999,0.4400325615050651,28978758058.690765,799748065916.6443,2825927837390.266,27.597734323082864,0.0417859577368779,0.1226993865030674,0.125,0.375,0.0,1.0,lisicon,-1.010974810057887,1.4408734294792735,51.824999999999996,244.785375,-3.2337108043626377,11465.7840625,0.75,74.80000000000001,22.75,0.0,0.0,0.0,13.519763073921355
2.8983060109289616,3.44,2.097,-1.5734920634920633,-1.343,2.46,103.4863387978142,138.2,37.36507936507937,29.53,-108.67,-100.83492063492062,0.2703696046677233,28978758058.690765,19007620070893.87,23917269039049.0,655.9156204140178,0.1689003863069389,0.2089626348948911,0.2732240437158469,0.0710382513661202,0.0,1.9047619047619049,nasicon,-0.42542442715414935,2.816847973604939,9.817486338797812,254.57639344262293,-17.03105704846762,13153.709289617484,2.9365079365079363,78.25882352941179,38.6031746031746,0.8420953021316528,8228066520739.885,307127.061264,19.715208214773288
2.05737658424178,2.58,2.0639864291772687,-1.1161764149157674,-0.5160135708227314,1.6,120.92049986705663,184.0,49.27995457126633,26.678753180661577,-157.32124681933843,-134.72004542873367,0.26782584006123,12278644599.949677,11871518805182.14,26443382541203.49,966.8427739353896,0.0997959262208923,0.2052114270108739,0.2089869715501196,0.2592395639457591,0.0,1.1357183418512211,thio_phosphate,-0.2989408859813474,2.98535585571284,47.70007976601967,193.47279978729063,-13.444511714081164,19443.002093858016,0.0677645277304561,106.67049533381191,22.94851410183608,0.4258592726937474,38505780002474.914,288466.2030184721,21.663528645646373
2.297478632478633,3.44,1.2418,-2.345175438596491,-2.1982,2.46,110.89316239316238,138.2,82.14912280701755,100.9,-37.29999999999998,-56.05087719298244,0.5944220174169143,28978758058.690765,184127119272.78214,260635676730.7172,6.35386509317856,0.0257583986820639,0.0397661860321428,0.2136752136752137,0.2735042735042735,0.0,1.0526315789473684,garnet,-1.3940239154071228,0.8030379895421029,37.79829059829059,272.79717948717945,-1.4437808412162445,13329.18304843305,7.710526315789474,91.08823529411764,59.99122807017544,0.8420953021316527,1401447063788.3826,294781.83359999995,19.504757303316136
2.8424175824175824,3.44,1.8552,-1.7541935483870967,-1.5848,2.46,106.11813186813188,138.2,44.024193548387096,38.39,-99.81,-94.17580645161289,0.3185542224919472,28978758058.690765,18996623320074.05,23525967762789.723,655.536144150834,0.1630166784159545,0.198585125680228,0.2747252747252747,0.0659340659340659,0.0,1.9354838709677415,nasicon,-0.5588057619068416,2.816596642284693,9.112087912087906,261.0506043956044,-15.35222715488575,13489.049038461537,6.580645161290323,80.68235294117648,63.03225806451613,0.8030448563658358,155981389644099.84,1095230.9736,21.729305899509665
2.857222222222222,3.44,1.834,-1.7483333333333333,-1.606,2.46,106.71666666666664,138.2,43.75,39.0,-99.2,-94.45,0.3165701881331404,28978758058.690765,19618435442239.816,23517251568936.023,676.9936586829064,0.1680464778503994,0.1986928104575163,0.2777777777777778,0.0555555555555555,0.0,2.0,nasicon,-0.5534702122527738,2.830584600720713,7.677777777777769,262.5229999999999,-15.871989832970224,13610.11833333333,7.333333333333333,81.0,67.5,0.6730116670092565,166379555997766.44,1149697.8456,22.29255159951561
2.3864,3.16,1.8000000000000003,-1.9340000000000002,-1.3599999999999999,2.18,136.72,181.0,70.3,76.83333333333334,-104.16666666666666,-110.7,0.3883977900552486,6449680150.445432,151495916114.3294,214825166610.6339,23.4889037255385,0.020565042501517913,0.03398224043715847,0.12,0.27999999999999997,0.0,1.5,halides,-0.7511613259668508,1.370862747852126,50.67999999999999,298.0496,-2.276550204918033,21646.769999999997,5.5,105.49999999999999,33.75,0.4505612088663047,170660912896.66406,119614.04450000002,25.553637459124587
1.8,3.04,1.71153801534892,-2.06,-1.5947,2.06,70.25,146.0,67.5,69.0,-102.29,-78.5,0.4623287671232877,36866897357.61785,124354808758.77036,582098706960.5773,3.3730749716337267,0.0148148148148148,0.0617753623188405,0.0,0.5,0.0,0.3333333333333333,other,-0.9523972602739726,0.5280259941405739,73.0,144.715,-1.1629629629629619,7607.125,0.0,51.5,9.0,0.0,0.0,0.0,5.106856434909739
2.0414743589743587,2.58,1.9736363636363636,-1.1508219178082193,-0.6063636363636367,1.6,125.26282051282053,184.0,58.47945205479452,47.54545454545455,-136.45454545454544,-125.52054794520548,0.3178231089934485,12278644599.949677,707696044580.2795,1414776330424.5332,57.63633264401024,0.0448040261494097,0.0811545853428581,0.2115384615384615,0.2564102564102564,0.0,1.136986301369863,glass,-0.36575779981561113,1.760696339193652,47.179487179487175,200.42051282051284,-5.62382591242522,19661.868589743583,4.52054794520548,108.32758620689656,33.86301369863014,0.4741393130578373,449904894915.4547,122779.9458,25.70755436039309
1.990952380952381,2.58,2.19,-1.237,-0.3900000000000001,1.6,121.3095238095238,184.0,52.35,17.0,-167.0,-131.65,0.2845108695652174,12278644599.949677,11763701986622.424,38922178734970.95,958.061933535452,0.0986056644880174,0.2941176470588235,0.1428571428571428,0.3333333333333333,0.0,1.1,thio_lisicon,-0.3519399456521739,2.9813935847813493,61.33333333333333,194.09523809523807,-12.981435729847492,19294.130952380958,0.0,104.71428571428572,17.099999999999998,0.0,0.0,0.0,19.157845229472827
2.322931034482759,3.44,1.3072,-2.313928571428572,-2.1328,2.46,111.00862068965516,138.2,81.875,99.7,-38.49999999999999,-56.32499999999999,0.592438494934877,28978758058.690765,184866727197.6457,259901506061.8512,6.37938750940377,0.0264025377712685,0.040771314237271,0.2155172413793103,0.2672413793103448,0.0,1.0714285714285714,garnet,-1.370860360243953,0.8047789837281749,36.93275862068965,273.0812068965517,-1.487122939966698,13365.501436781607,8.339285714285715,91.11764705882354,61.41071428571429,0.9422163338129592,67014565656318.95,191469.26896896,19.86322350290544
1.7893768996960486,2.5924,1.957,-1.4759474860335196,-0.6354000000000002,1.6800000000000002,121.31762917933132,189.58000000000004,64.1145251396648,43.260000000000005,-146.32000000000005,-125.46547486033523,0.3381924524721215,10932175628.718586,522585060439.2398,2975683410790.932,47.80247575481867,0.0276644470778548,0.1068181818181818,0.0759878419452887,0.4680851063829787,0.0687233284577606,0.8379888268156425,halides,-0.4991543000217383,1.6794503898927173,88.73957446808512,203.81361702127663,-3.470932989371666,18751.64133738602,1.0614525139664803,110.14571428571428,16.167597765363126,0.6640641265641081,736368883451.6282,144524.94871504002,17.831156702739833
2.3169565217391304,3.44,1.2260000000000002,-2.348181818181818,-2.2139999999999995,2.46,111.62173913043478,138.2,82.62727272727273,100.78,-37.41999999999999,-55.57272727272726,0.5978818576503092,28978758058.690765,168638387826.7376,221778682708.2984,5.81937940491424,0.0262078319334644,0.0398794524758441,0.217391304347826,0.2608695652173913,0.0,1.0909090909090908,garnet,-1.403935307555226,0.7648766727268691,36.052173913043475,274.58947826086956,-1.4564406964478895,13470.98188405797,8.909090909090908,90.7058823529412,66.36363636363636,0.9502705392332348,546989944005.114,686605.8400000001,20.445191652913408
2.2982418524871355,3.44,1.216705426356589,-2.352102473498233,-2.223294573643411,2.46,111.12240566037735,138.2,82.41824204946994,100.22761627906976,-37.97238372093023,-55.78175795053005,0.5963693346560778,28978758058.690765,158886541699.3332,200110470946.20663,5.482862356541982,0.024802049224333,0.0367247941783315,0.2212692967409948,0.2641509433962264,0.0,1.060070671378092,garnet,-1.402721787163056,0.7390073433584725,36.50566037735849,273.3611179245283,-1.383501906508875,13363.236326829614,7.706713780918728,91.51282051282053,61.03533568904594,0.8490562829871828,19373205520515.64,251897.375576968,19.78176039474648
1.822919937205652,2.5934666666666666,2.038,-1.4564933728981204,-0.5554666666666668,1.6800000000000002,124.46232339089482,190.06000000000003,66.06676557863501,57.84,-132.22000000000003,-123.99323442136502,0.3476100472410555,10816350340.870749,277273434140.487,1155026343831.5403,25.634657292190266,0.0254303669733936,0.0863636363636363,0.0784929356357927,0.4505494505494505,0.0708714772235209,0.8902077151335311,halides,-0.5062917301593999,1.4088275157648886,85.63142857142857,209.0967032967033,-3.1531934535533317,19417.381083202512,2.729970326409496,112.34,21.74183976261128,0.2787693717685874,230037138463.6665,45148.71063424001,19.744247153576627
2.3001203783319,3.44,1.2080769230769233,-2.354671403197158,-2.231923076923077,2.46,111.33276010318144,138.2,82.69982238010658,100.41346153846152,-37.786538461538456,-55.50017761989341,0.5984068189588031,28978758058.690765,162939530525.67917,207905571661.73047,5.622723037187352,0.0249526018024938,0.0367670227919813,0.2235597592433362,0.2605331040412725,0.0,1.065719360568384,garnet,-1.4090514240804726,0.7499466916574336,36.005674978503855,273.8785898538263,-1.384873832116878,13407.427808827742,7.726465364120781,91.74418604651164,61.61101243339253,0.8101502323878819,18148209796926.934,216587.4356841716,19.84399201535009
2.250714879467997,3.44,1.19068,-2.372653399668325,-2.24932,2.46,110.09671654197838,138.2,82.13325041459369,102.7954,-35.40459999999999,-56.0667495854063,0.5943071665310687,28978758058.690765,142251858630.89203,167522493050.3278,4.908832129478735,0.0233505134438134,0.0354029199079596,0.2078137988362427,0.2934330839567747,0.0,0.9950248756218908,garnet,-1.4100849191171896,0.6909781805032836,40.55245220282626,270.8379226932668,-1.309187389944949,13141.003843862563,7.208955223880597,91.41294117647058,57.67330016583749,0.7269085342811632,103439732168.6078,206667.649296,18.946576028156688
1.9026530612244896,2.58,1.9528571428571424,-1.3276,-0.6271428571428574,1.69,121.19241982507288,184.0,60.89714285714285,43.91836734693878,-140.0816326530612,-123.10285714285716,0.3309627329192546,12278644599.949677,6443772194911.55,22693702616447.27,524.7950734674705,0.0652246475941236,0.1948499318837747,0.1428571428571428,0.3673469387755102,0.0,0.96,lgps,-0.43938612422360235,2.7199897494317518,67.59183673469389,204.81518950437317,-8.0293404749726,18809.789462723864,1.6,108.25806451612902,23.12,0.9556998911125344,276748910840939.84,170388.07265306124,19.41107527354653
2.384228751311648,3.16,1.2823,-2.094362606232295,-1.8777,2.18,141.14619622245542,181.0,73.40601983002834,88.34825,-92.65175,-107.59398016997166,0.4055581206078913,6449680150.445432,150619716769.1618,217069934035.4521,23.353052129067148,0.0220644638821717,0.0404060760225846,0.1049317943336831,0.2654774396642183,0.0,1.69971671388102,halides,-0.8493857624550146,1.368343648764593,48.051416579223506,307.6987077649528,-2.374003489399438,22664.605360047222,4.600566572237961,107.08571428571427,41.38526912181303,0.6913460990017393,18004333338051.86,26473.3516,26.263075712323765
2.3526086956521737,3.44,1.39,-2.2736363636363635,-2.05,2.49,112.28985507246377,138.2,84.02424242424242,103.85333333333332,-34.346666666666664,-54.17575757575757,0.6079901767311319,28978758058.690765,162636509611.33612,208574550634.41504,5.612266380841716,0.0260332771912637,0.0394954320430024,0.217391304347826,0.2608695652173913,0.0,1.0909090909090908,garnet,-1.3823485745496007,0.7491382762166386,36.052173913043475,279.6017391304348,-1.4103725140164012,13613.635942028985,10.181818181818183,93.3529411764706,66.36363636363637,1.0549201679861442,127169157215328.84,89395.54240000002,20.90557706173926
2.348,3.126666666666667,1.78,-1.946666666666667,-1.346666666666667,2.18,138.35,183.5,70.625,80.0,-103.5,-112.875,0.3848773841961853,6221287014.040528,149288957386.92316,224091403271.3816,23.996474853193558,0.0204861111111111,0.0375,0.1,0.3,0.0304641413828309,1.5,halides,-0.7492279745685742,1.3801474473678184,55.05,301.603,-2.3123697916666655,22228.975,5.0,107.28571428571428,31.75,0.0,0.0,0.0,26.516180000648585
2.3560000000000003,3.140000000000001,1.78,-1.9600000000000009,-1.3600000000000003,2.18,137.75,182.5,70.625,80.0,-102.5,-111.875,0.386986301369863,6312644268.60249,149288957386.92316,224091403271.3816,23.64919533474253,0.0204861111111111,0.0375,0.1,0.3,0.0246575342465753,1.5,halides,-0.7584931506849318,1.373816368430014,54.75,300.295,-2.2918836805555545,22002.775,5.0,106.42857142857144,31.75,0.0,0.0,0.0,25.668136331012423
2.7633333333333336,3.44,1.4577777777777778,-2.03,-1.982222222222222,2.51,117.67989417989416,138.2,76.63968253968254,77.65520282186948,-60.54479717813051,-61.56031746031745,0.5545563136011762,28978758058.690765,517592908410.742,561286030594.2944,17.86111424659606,0.0585596625180161,0.0634202011517051,0.3,0.0333333333333333,0.0,2.0,perovskites,-1.1257493166103876,1.2519085483965193,4.606666666666661,295.37653439153434,-3.6049514149781237,14860.020228017129,12.833333333333332,87.57471264367817,80.56666666666666,0.7273876291758028,19512090520234.805,652392.6744101509,26.14706464122391
2.624312114989733,3.44,1.3811501597444091,-2.12427807486631,-2.058849840255591,2.46,115.58596851471592,138.2,79.30677361853833,81.60777422790201,-56.592225772097976,-58.89322638146166,0.5738550913063556,28978758058.690765,410295934765.5137,466022480089.51154,14.158506514825104,0.0453913954149671,0.0513504095255399,0.3213552361396303,0.0626283367556468,0.0,1.6042780748663104,perovskites,-1.2190277886124956,1.151017444979603,8.655236139630388,284.3414825462011,-2.6732457259440983,14444.375676477295,7.414438502673796,91.2343921139102,79.20053475935829,0.6540041591532465,22320092228515.13,129069.30151374414,24.43496928692392
2.2817622080679407,3.44,1.2073,-2.3616017316017315,-2.2327,2.46,110.80148619957536,138.2,82.33549783549782,101.77,-36.42999999999999,-55.86450216450217,0.5957706066244416,28978758058.690765,154161452056.1895,193208154775.80865,5.319808797325471,0.0246566541262006,0.0375494636241161,0.2123142250530785,0.2781316348195329,0.0,1.0389610389610389,garnet,-1.4069728962416952,0.725896023317845,38.43779193205945,272.57165605095537,-1.3774317078025147,13293.680290162773,7.961038961038961,91.06176470588235,61.53679653679654,0.8862772033041759,296287956466.8635,437737.7436000001,19.619469524862293
2.427777777777778,3.0933333333333337,1.33,-1.996666666666667,-1.7633333333333336,2.18,147.66666666666666,186.0,71.0,78.0,-108.0,-115.0,0.3817204301075269,5992893877.635623,190358750788.19165,322366634847.03424,31.764078369312607,0.0269705603038936,0.0512820512820512,0.1111111111111111,0.2222222222222222,0.0380164936121799,2.0,halides,-0.7621684587813622,1.5019362588550185,41.33333333333333,321.91333333333336,-3.1016144349477637,24785.83333333333,4.0,109.85714285714285,39.33333333333333,0.0,0.0,0.0,32.832219675475855
2.561,3.44,1.33,-2.1975,-2.11,2.49,115.55333333333331,138.2,81.58333333333334,86.27777777777779,-51.9222222222222,-56.616666666666646,0.5903280270139895,28978758058.690765,358158709727.91266,436093343384.2935,12.359353323649438,0.0422145507339672,0.0513477960403513,0.3,0.1,0.0,1.5,perovskites,-1.2972458393632418,1.0919957478306386,13.82,287.7278,-2.390047147388109,14430.00511111111,8.75,92.77777777777776,79.25,1.0986122886681096,39830372993841.44,847920.2222222222,24.80982597491804
1.868,3.2,1.71153801534892,-2.22,-1.5947,2.46,107.34,167.1,67.5,69.0,-102.29,-99.6,0.4039497307001795,17029039695.353384,124354808758.77034,582098706960.5773,7.302514468429028,0.0148148148148148,0.0617753623188405,0.0,0.6,0.172950329144225,0.6666666666666666,antiperovskite,-0.8967684021543986,0.8634724261115462,100.25999999999999,264.0564,-1.475555555555554,14236.798,0.0,88.5,9.0,0.0,0.0,0.0,13.371732193392813
2.860989010989011,3.44,1.9228,-1.6996774193548383,-1.5172,2.46,105.24450549450547,138.2,41.45967741935484,35.21,-102.98999999999998,-96.74032258064514,0.2999976658419308,28978758058.690765,19064972132661.84,23610720290398.57,657.8947273740818,0.1655756974152151,0.2017583092393112,0.2747252747252747,0.0659340659340659,0.0,1.9354838709677415,nasicon,-0.5098992584906881,2.818156405805124,9.112087912087906,258.90148351648344,-16.0178463794632,13374.612225274725,0.6129032258064516,79.7294117647059,39.80645161290323,0.8030448563658358,56965026487513.52,623457.6839999999,19.031852185485647
2.576268,3.44,1.348468137254902,-2.15933,-2.091531862745098,2.49,115.50225333333331,138.2,81.45563333333334,84.60249183006536,-53.59750816993463,-56.74436666666665,0.5894040038591414,28978758058.690765,386056273832.8607,445067388506.4301,13.32204344475287,0.0426307743608014,0.0489030005329357,0.3264,0.0736,0.0,1.5,perovskites,-1.27271774765316,1.1245708456086103,10.17152,287.60061079999997,-2.4190562916132463,14434.287760444442,6.371,93.45164075993092,74.1,0.9214051264190778,36322735108314.33,153713.39769409606,24.10085818311111
2.85978021978022,3.44,1.9184,-1.7032258064516128,-1.5216000000000005,2.46,105.1978021978022,138.2,41.32258064516129,35.04,-103.16,-96.87741935483872,0.2990056486625274,28978758058.690765,17961992364056.96,22243025377328.523,619.8330628137509,0.1609324223779976,0.1960006481931615,0.2747252747252747,0.0659340659340659,0.0,1.9354838709677415,nasicon,-0.5092741370768208,2.7922747384321385,9.112087912087906,258.7865934065934,-15.590717770503305,13351.971428571427,0.6451612903225807,79.64705882352942,39.80645161290322,0.8199696830860377,54806029106381.69,633610.3837759999,19.024503759486343
1.872142857142857,2.58,2.074,-1.3513636363636363,-0.5060000000000002,1.6,117.7261904761905,184.0,57.47727272727273,23.4,-160.6,-126.52272727272728,0.3123764822134387,12278644599.949677,5790651864444.596,25056061853776.4,471.60350780641767,0.0625740470660256,0.2249554367201426,0.119047619047619,0.4047619047619048,0.0,0.9090909090909092,thio_lisicon,-0.42213421891843333,2.6735770267354035,74.47619047619048,188.3619047619048,-7.917039091285557,18038.601190476194,0.0,105.0,15.136363636363637,0.6730116670092565,234820391416.1032,450258.74160000007,17.108354240948575
2.6192260692464355,3.4399999999999995,1.392820512820513,-2.121052631578947,-2.047179487179487,2.46,114.24412763068564,138.2,76.29298245614035,78.2094017094017,-59.990598290598285,-61.90701754385964,0.5520476299286567,28978758058.690765,411367567982.6402,473921630890.40674,14.19548647148702,0.0454992854734379,0.0521869265144199,0.3177189409368635,0.0692464358452138,0.0,1.5842105263157893,perovskites,-1.1709220782170982,1.1521502801491104,9.569857433808545,281.04055397148664,-2.816725064037198,14145.329861959715,6.947368421052632,91.945295404814,77.73684210526315,0.652825793916348,202437667015855.25,123636.52202498355,24.192530741912687
2.455714285714286,3.16,1.3290000000000002,-2.0674193548387096,-1.831,2.18,143.45604395604397,181.0,70.79032258064517,77.69999999999999,-103.3,-110.20967741935485,0.3911067545891998,6449680150.445432,186335458708.12625,316494823601.7736,28.890651065116376,0.0261993382961124,0.0501068376068376,0.1098901098901098,0.2307692307692307,0.0,1.9354838709677424,halides,-0.808581674245865,1.460757328995508,41.76923076923076,312.7341758241759,-2.8874206222150978,23315.728021978022,3.67741935483871,105.50714285714284,37.32258064516129,0.1985152433458726,15024673274963.104,68971.1875,26.801804200208377
2.226279069767442,3.44,1.858,-2.2691304347826087,-1.5820000000000003,2.46,97.63953488372094,138.2,62.36956521739132,43.9,-94.29999999999998,-75.83043478260868,0.4512993141634683,28978758058.690765,548053989513.87286,2073371040232.2417,18.91226630223067,0.0336058697778344,0.1012536676447052,0.1162790697674418,0.4186046511627907,0.0,0.8695652173913044,lisicon,-1.024057008964844,1.2767435745128703,57.85116279069767,240.1932558139535,-2.548347716500911,11015.498255813953,1.565217391304348,74.68,20.95652173913044,0.6730116670092565,33214035333297.164,226561.5744,13.228773303474968
2.343061224489796,3.16,1.258,-2.106842105263158,-1.902,2.18,139.6551020408163,181.0,74.37368421052632,93.62,-87.38,-106.62631578947368,0.4109043326548415,6449680150.445432,134637285013.74265,163428218527.66504,20.87503285018626,0.0200913069300392,0.0348654848526676,0.1020408163265306,0.2857142857142857,0.0,1.5789473684210529,halides,-0.8657105492722793,1.3196271675876587,51.71428571428571,304.4481224489796,-2.142262037345601,22260.1225,4.842105263157896,107.85714285714285,42.21052631578947,0.5004024235381879,11564405195055.39,17004.16,25.74404854216354
2.8542391304347827,3.44,1.9732,-1.6840624999999998,-1.4668,2.46,103.9891304347826,138.2,39.84375,32.1,-106.1,-98.35625,0.28830499276411,28978758058.690765,18572216293205.453,23737617508850.523,640.890691574535,0.16299391867719,0.204484067758655,0.2717391304347826,0.0760869565217391,0.0,1.875,nasicon,-0.4855236268768089,2.806783963849362,10.515217391304342,255.81326086956517,-16.03147061389337,13181.030163043475,1.0,79.16470588235296,37.09375,1.0531198827025503,40037917396670.17,466442.77621984,18.77332383464204
1.8666147859922175,2.676666666666667,2.0347826086956524,-1.5195863746958644,-0.6418840579710148,2.18,118.2178988326848,183.5,61.03649635036496,29.0,-154.5,-122.46350364963504,0.3326239583126156,11307150525.032305,5786840989269.049,33853076840493.91,511.7859691049365,0.0556663335885035,0.2581477744667871,0.0894941634241245,0.4435797665369649,0.0060928282765661,0.875912408759124,argyrodites,-0.5054508349492559,2.7090883752912402,81.39688715953307,257.7150194552529,-6.817094246577501,17905.274319066146,0.0,105.04895104895104,14.145985401459852,0.3872123751863605,47784539636321.02,72173.00075614367,16.390015197761944
1.3704,2.19,1.9,-1.14744,-0.29,1.21,107.11,212.0,65.15400000000001,33.0,-179.0,-146.846,0.3073301886792453,12041693654.298868,405366965938.1253,4256886531984.578,33.663617226585885,0.0220498316498316,0.1212121212121212,0.0485714285714285,0.6657142857142857,0.0,0.4,other,-0.3526429516981132,1.5271607800041107,141.13142857142856,129.60309999999998,-3.2379295784511712,15927.197857142855,0.0,111.72649572649574,10.836,0.0,0.0,0.0,11.38937248075777
1.9109904153354629,2.721,2.19,-1.5554171779141106,-0.5310000000000001,2.18,119.72843450479232,184.9,59.75460122699386,17.0,-167.89999999999998,-125.14539877300612,0.3231725323255482,10467229477.106709,6074941300509.1045,38922178734970.95,580.3771966398415,0.0576526725209511,0.2941176470588235,0.0798722044728434,0.4408945686900958,0.0226181975839118,0.9202453987730062,argyrodites,-0.5026681082091609,2.763710340416219,81.52140575079872,261.00798722044726,-7.214966692963957,18424.32108626198,0.0,104.67142857142856,13.141104294478527,0.0,0.0,0.0,17.276763011588347
1.8398461538461537,2.6413333333333333,2.19,-1.4884761904761905,-0.4513333333333333,1.98,118.73846153846154,186.9333333333333,60.285714285714285,17.0,-169.9333333333333,-126.64761904761905,0.3224984715712248,10917108015.912325,5666901083931.938,38922178734970.95,519.0844567693293,0.0547152194211017,0.2941176470588235,0.0769230769230769,0.4615384615384615,0.0285395849126142,0.8571428571428571,argyrodites,-0.4800312963987307,2.7152380247556076,86.27692307692305,235.10215384615384,-6.929552265350575,18266.28461538461,0.0,106.45714285714286,12.857142857142856,0.0,0.0,0.0,17.40512012012802
2.8075,3.44,1.7299999999999998,-1.8975,-1.7100000000000002,2.46,110.675,138.2,55.625,51.66666666666666,-86.53333333333333,-82.57499999999999,0.4024963820549928,28978758058.690765,10052682739412.717,13362125382964.031,346.898328736276,0.1134649995263806,0.1463483944302358,0.25,0.0833333333333333,0.0,2.0,oxides,-0.7637368849493488,2.540202207531995,11.51666666666666,272.2605,-9.369372335890876,13930.097499999998,11.5,80.27272727272728,83.25,0.6365141682948128,120067056500143.05,1963765.62,23.62450481552001
2.5089230769230766,3.192558139534884,1.51,-2.0198308668076117,-1.6825581395348836,2.46,140.03076923076924,176.02325581395348,69.68181818181819,73.5,-102.52325581395348,-106.3414376321353,0.395867113465211,9069340372.334423,247534812436.46936,463099818872.4426,27.293585009948693,0.0309893809893809,0.0592948717948717,0.123076923076923,0.2153846153846154,0.0779438877777066,1.9545454545454544,oxyhalides,-0.7995846149310643,1.4360605839579574,37.91270125223614,344.4756923076923,-3.295455325740728,22275.47230769231,5.090909090909091,102.49019607843135,42.09090909090909,0.5623351446188083,95071255055955.0,281008.98907500005,26.601506116160696
2.2755391120507404,3.44,1.2039000000000002,-2.363905579399142,-2.2360999999999995,2.46,110.65644820295982,138.2,82.28540772532187,101.95,-36.25,-55.914592274678114,0.5954081600963956,28978758058.690765,151676141194.29285,188013513333.53775,5.234045602889631,0.0243903575069279,0.0371258292874383,0.2114164904862579,0.281183932346723,0.0,1.0300429184549356,garnet,-1.4074886716716473,0.7188375022161753,38.85961945031712,272.21486257928115,-1.363776895433508,13262.329633544749,7.798283261802575,91.12647058823528,60.708154506437765,0.8585022429370206,239987579248.57584,388978.3644,19.476973327683552
1.8578048780487808,2.419058823529412,2.1189473684210527,-1.1651347728965005,-0.3001114551083592,1.6,111.76829268292684,165.36470588235292,54.1012658227848,11.789473684210526,-153.5752321981424,-111.26344005956813,0.3271633177957249,12981285457.169449,65535438974658.75,272096757393290.28,5048.455269771771,0.105443865309837,0.391640866873065,0.1158536585365853,0.3658536585365854,0.1314741035856573,1.0759493670886076,hydrides,-0.38118935797998754,3.7031585126849964,60.49928263988522,178.82926829268297,-11.732047187550224,16104.469512195124,0.0,77.63461538461539,13.21518987341772,0.6917614988524178,5406694895.089383,1029092.6318559556,8.057769587437386
2.823783783783784,3.44,1.898,-1.7538461538461536,-1.5419999999999998,2.46,105.37162162162164,138.2,44.76538461538462,37.945,-100.255,-93.43461538461536,0.3239173995324502,28978758058.690765,18162191991141.117,23573543145855.816,626.741558570494,0.1568279783660454,0.1994319274314147,0.2702702702702703,0.081081081081081,0.0,1.8461538461538465,nasicon,-0.5681012853338356,2.7970884932629745,11.205405405405394,259.21418918918926,-14.65316184017823,13350.585472972973,1.307692307692308,80.47058823529413,41.15384615384616,0.8979457248567797,92667619058772.78,606883.3176,19.051948256375784
1.9084049079754604,2.58,2.1465,-1.3189156626506024,-0.4335,1.6,118.77607361963192,184.0,55.90963855421687,19.4,-164.6,-128.09036144578312,0.3038567312729178,12278644599.949677,8220265675207.98,33722384904522.99,669.4766354945782,0.0758671047827674,0.2681818181818182,0.1226993865030675,0.3865030674846626,0.0,0.9638554216867472,thio_lisicon,-0.4007614020776664,2.8257354248837414,71.11656441717793,190.0417177914111,-9.717844873469778,18427.63036809816,0.0,104.75,15.50602409638554,0.4227090878059908,124748332939.80482,239199.95647499996,17.641286706799104
2.3774747474747477,3.16,1.735,-1.9864102564102568,-1.425,2.18,137.53030303030303,181.0,70.65384615384616,79.8,-101.2,-110.34615384615384,0.3903527411814705,6449680150.445432,152448172263.94382,233918926428.94684,23.636547659408404,0.0209849148951713,0.0388782051282051,0.101010101010101,0.2929292929292929,0.0,1.5384615384615383,halides,-0.7754006887007314,1.3735840440383602,53.02020202020201,299.8160606060606,-2.3156046474710172,21833.083333333336,4.923076923076923,105.18571428571428,32.333333333333336,0.3250829733914482,31510179214394.547,259564.775625,24.70207929535156
2.3276086956521738,3.44,1.2481818181818185,-2.325909090909091,-2.191818181818181,2.46,111.73043478260868,138.2,82.85454545454546,98.2090909090909,-39.990909090909085,-55.34545454545453,0.5995263781081438,28978758058.690765,171590732134.83133,218826655510.8923,5.921259005900395,0.0261109057096934,0.037406996604572,0.2391304347826087,0.2391304347826087,0.0,1.0909090909090908,garnet,-1.3944438530815328,0.7724140582738845,33.04782608695652,274.8568695652174,-1.4451199450964853,13494.025362318838,8.363636363636363,92.31428571428572,64.86363636363636,0.9164648855394713,38581108100742.695,322799.7957107437,20.86605897108184
2.33843137254902,3.44,1.2783783783783786,-2.308767123287671,-2.161621621621621,2.46,111.83061002178648,138.2,82.93264840182647,97.9481981981982,-40.25180180180179,-55.26735159817352,0.6000915224444753,28978758058.690765,210219339158.2634,293763206573.9863,7.254256332604232,0.0292490983526807,0.043293266119253,0.2418300653594771,0.2352941176470588,0.0,1.095890410958904,garnet,-1.38547157798345,0.8605928975180144,32.51764705882352,275.1033006535948,-1.6165202025871621,13528.2765885984,8.808219178082192,92.63247863247864,64.05479452054794,0.968195890192702,13448513518711.943,491459.0357925493,21.16993091087224
1.8971428571428568,2.515,2.795,-1.0812500000000005,0.2799999999999998,2.06,111.47619047619048,188.66666666666663,53.583333333333336,11.833333333333334,-176.83333333333331,-135.08333333333331,0.2840106007067138,12239152775.674543,46029690020110.5,183745695654165.7,3760.855907575158,0.0997660024154589,0.3546195652173913,0.1428571428571428,0.4285714285714285,0.0553091019169559,0.75,nitrides,-0.3070864620141344,3.5752866942988186,80.85714285714283,229.6409523809524,-13.47672415962157,17276.876984126986,0.0,96.5,10.75,0.6931471805599453,34612617713.798416,3491198.825625,14.587150737016051
2.614122448979592,3.44,1.382051282051282,-2.129894736842105,-2.057948717948718,2.46,115.2390476190476,138.2,78.98491228070175,81.48803418803419,-56.7119658119658,-59.21508771929824,0.5715261380658593,28978758058.690765,405929001507.9883,467297735825.1255,14.007812228731783,0.0448812327401078,0.0514341699802358,0.3183673469387755,0.0693877551020408,0.0,1.5789473684210524,perovskites,-1.2172905134341678,1.146370311503987,9.589387755102038,283.4880571428571,-2.6576461336557236,14374.043460317458,7.242105263157895,91.14912280701756,77.73684210526315,0.652825793916348,22264607891797.707,128748.45496383958,24.17338534955783
2.136263736263736,2.5865306122448977,2.04,-0.9755782312925168,-0.5465306122448976,1.6800000000000002,114.91758241758242,186.93877551020407,30.892857142857142,6.0,-180.93877551020407,-156.04591836734693,0.1652565502183406,11569510184.554762,316228680856640.8,531179622569200.6,27332.935950806677,0.3036155202821869,0.5,0.2747252747252747,0.1868131868131868,0.0527282405174623,1.1666666666666667,halides,-0.1612206929715117,4.436686283677722,34.922628392016136,193.06153846153848,-47.37796269301371,19730.50824175824,0.0,98.54054054054056,13.166666666666666,0.0,0.0,0.0,18.98537007600089
2.152,3.3,1.71153801534892,-2.32,-1.5947,2.46,90.84,159.6,67.5,69.0,-102.29,-92.1,0.4229323308270676,17714219104.5681,124354808758.77036,582098706960.5773,7.020055923701544,0.0148148148148148,0.0617753623188405,0.0,0.4,0.1340852130325815,0.6666666666666666,antiperovskite,-0.9812030075187967,0.8463405718532024,63.84,223.4664,-1.364444444444443,12194.548,0.0,64.66666666666666,9.0,0.0,0.0,0.0,7.726932016907488
2.3971052631578957,3.2208695652173915,1.4420000000000002,-2.086869565217391,-1.7788695652173914,2.46,130.2763157894737,171.69565217391306,66.76666666666667,65.3,-106.39565217391306,-104.9289855072464,0.3888663796741791,11347305782.67268,302008286950.6202,657315243334.32,26.614977399462205,0.0287816021149354,0.0567151767151767,0.131578947368421,0.2631578947368421,0.1028200687681995,1.5333333333333332,halides,-0.8115134126783151,1.4251261017207586,45.183066361556065,320.4797368421053,-3.020024311193389,19823.3375,2.4000000000000004,99.35714285714286,30.800000000000004,0.6730116670092565,119370343498806.0,342456.461016,22.078647254062563
2.4664,3.324,1.78,-2.144,-1.5439999999999998,3.0,130.805,170.92499999999998,70.625,80.0,-90.92499999999998,-100.29999999999998,0.4131929208717274,8591567967.456787,149288957386.92316,224091403271.3816,17.37621793279191,0.0204861111111111,0.0375,0.1,0.3,0.1178879625566769,1.5,halides,-0.8858856223489835,1.2399552548709663,51.277499999999996,392.415,-2.054756944444443,19779.701875,5.0,99.14285714285715,31.75,0.0,0.0,0.0,22.683345024475216
2.381351228389445,3.44,1.2415714285714283,-2.331573146292585,-2.1984285714285714,2.46,113.41264786169242,138.2,83.60821643286572,100.3081632653061,-37.89183673469388,-54.59178356713427,0.6049798584143685,28978758058.690765,184453159852.63016,246759205476.4684,6.365116112949238,0.028089277765086,0.0418513740482244,0.2229299363057325,0.2311191992720655,0.0,1.2024048096192383,garnet,-1.4105547919268318,0.8038063304960654,31.94067333939945,278.9951137397633,-1.533443772308692,13847.029269032451,10.261523046092185,90.0526627218935,73.56312625250501,0.864562734053713,691971235401.1708,905383.7864056644,21.58615912198397
2.7618888888888886,3.44,1.411418918918919,-2.034333333333333,-2.028581081081081,2.51,119.00671957671956,138.2,80.62015873015874,80.79745817245816,-57.40254182754183,-57.57984126984125,0.5833586015206855,28978758058.690765,509086708537.8802,514285788264.62494,17.567582002887264,0.0580397757126549,0.0586238968058689,0.3288888888888889,0.0044444444444444,0.0,2.0,perovskites,-1.1867458483602478,1.2447119894367116,0.614222222222216,298.70686613756607,-3.3419210728718567,15100.080851599896,12.833333333333332,89.58928571428572,81.95333333333333,0.8546090225013814,27501137337303.094,888781.0755837974,27.06751678452026
2.6805,3.44,1.878,-1.89875,-1.5619999999999998,2.46,102.98,138.2,50.150000000000006,39.74,-98.45999999999998,-88.04999999999998,0.3628798842257598,28978758058.690765,14744018023687.557,23515815952644.83,508.78709135244696,0.1265232570031331,0.1935483223161241,0.25,0.15,0.0,1.5,nasicon,-0.6890181801736613,2.7065360841153603,20.729999999999997,253.3308,-11.140372779125867,12750.757749999995,0.2,80.5529411764706,31.475,0.8731726364245316,63085226134840.36,468173.7602582399,17.106804697029435
2.365892857142857,3.44,1.2848000000000002,-2.3134615384615382,-2.1552,2.46,112.22053571428572,138.2,82.24423076923075,98.168,-40.032,-55.95576923076924,0.5951102081709896,28978758058.690765,214467770471.14963,311789769120.5192,7.40086134943352,0.0291424202378942,0.04461623409482,0.2232142857142857,0.2410714285714286,0.0,1.1538461538461535,garnet,-1.376764577749424,0.8692822680467207,33.31607142857143,276.06251785714284,-1.6306865416577072,13634.394032738091,8.692307692307692,90.38823529411766,62.15384615384614,0.8030448563658358,14922422591207.016,545474.8224,20.43701140935167
2.6493762993762995,3.44,1.3713855421686747,-2.101049723756906,-2.068614457831325,2.46,116.75790020790018,138.2,81.2185082872928,82.45813253012048,-55.74186746987951,-56.98149171270718,0.5876881931063156,28978758058.690765,455684529002.2452,485623961554.36646,15.724777717504178,0.0468473019421325,0.0497418037909865,0.3451143451143451,0.0311850311850311,0.0,1.6574585635359116,perovskites,-1.2347621157812196,1.1965845150557062,4.309771309771298,287.2244345114344,-2.669429147378314,14709.824138946637,8.596685082872929,92.59442060085836,86.29281767955801,0.9266665667182652,44029994630535.305,163295.59792199524,25.868255476825706
1.9433333333333331,2.58,1.96,-1.2733333333333334,-0.6200000000000001,1.6,126.0,184.0,68.0,69.0,-115.0,-116.0,0.3695652173913043,12278644599.949677,238129527695.3342,465678965568.46185,19.39379593219191,0.029200214707461,0.0579710144927536,0.1666666666666666,0.3333333333333333,0.0,1.0,sulfides,-0.47057971014492755,1.2876628215108443,61.33333333333333,201.60000000000002,-3.387224906065476,19240.25,6.666666666666666,112.75,39.33333333333333,0.0,0.0,0.0,23.94625048770438
1.7947368421052632,2.5933333333333333,2.136,-1.4549771689497717,-0.4573333333333336,1.6800000000000002,119.6203007518797,190.0,61.773972602739725,25.7,-164.3,-128.22602739726028,0.325126171593367,10830828501.851728,3904172652369.5854,27717025067117.727,360.4685137154648,0.0445620058624998,0.2319693094629155,0.075187969924812,0.4736842105263157,0.0706126729736776,0.8219178082191781,argyrodites,-0.4730511566963948,2.5568673358603697,89.99999999999999,200.96210526315792,-5.714008984601773,18588.080827067668,0.410958904109589,108.85714285714286,13.84931506849315,0.6108643020548935,661036384116.5388,167877.11010000002,17.512834022140947
1.819056603773585,2.643333333333333,2.1175,-1.5064367816091953,-0.5258333333333329,1.98,117.6509433962264,186.0,61.08620689655172,21.0,-165.0,-124.91379310344828,0.3284204671857619,11078757388.627398,4280423895029.8857,30255855684224.355,386.36317638148125,0.04737708388824,0.2508912655971479,0.0754716981132075,0.4716981132075472,0.0240437416935461,0.8275862068965517,argyrodites,-0.4947446716019075,2.5869957278459363,87.73584905660377,232.94886792452826,-5.918051254660325,17861.25,0.0,105.89285714285714,12.724137931034484,0.5623351446188083,183453430793.83063,351764.64187500003,16.616007566506614
2.4611111111111112,3.143333333333334,1.33,-2.0466666666666677,-1.813333333333334,2.18,145.16666666666666,182.25,71.0,78.0,-104.25,-111.25,0.3895747599451303,6335483582.242981,190358750788.19165,322366634847.03424,30.046443703480968,0.0269705603038936,0.0512820512820512,0.1111111111111111,0.2222222222222222,0.0227477694811755,2.0,halides,-0.797329675354367,1.4777930762937357,40.5,316.4633333333333,-3.000474833808163,23843.333333333336,4.0,106.64285714285714,39.33333333333333,0.0,0.0,0.0,28.673518620710936
2.7620555555555555,3.44,1.4163481228668946,-2.033833333333333,-2.0236518771331053,2.51,118.85362433862434,138.2,80.16087301587301,80.46335121079149,-57.7366487892085,-58.03912698412698,0.5800352606068959,28978758058.690765,510068193138.59503,519283188669.8537,17.60145110793059,0.058099762651735,0.0591338740335045,0.3255555555555555,0.0077777777777777,0.0,2.0,perovskites,-1.1796950475309915,1.2455484736202984,1.0748888888888781,298.32259708994707,-3.3720595022916857,15072.381548878808,12.833333333333332,89.36282194848825,81.79333333333334,0.8440080064374161,26740469232881.062,866333.9389355148,26.95967833591151
1.8954545454545453,2.58,2.1325000000000003,-1.3288235294117647,-0.4474999999999998,1.6,119.43939393939394,184.0,58.6764705882353,30.0,-154.0,-125.3235294117647,0.3188938618925831,12278644599.949677,6991107510843.842,29308053792620.33,569.3712733466115,0.0666421498977539,0.235080988917306,0.1212121212121212,0.3939393939393939,0.0,0.9411764705882352,lgps,-0.42375366706785017,2.7553955517786775,72.48484848484848,191.10303030303032,-8.351829432774393,18380.46212121212,1.1764705882352942,106.15,19.11764705882353,0.5623351446188083,3258136369610.3857,6611.499074999998,18.200126810649525
1.864705882352941,2.58,2.1,-1.3511111111111112,-0.48,1.6,118.08823529411764,184.0,59.5,31.5,-152.5,-124.5,0.3233695652173913,12278644599.949677,4596036545008.434,20246922621882.254,374.3113914240396,0.0538642080557397,0.1905370843989769,0.1176470588235294,0.4117647058823529,0.0,0.8888888888888888,lgps,-0.4369082125603865,2.573233044205849,75.76470588235294,188.94117647058823,-6.7060939029395925,17949.808823529413,1.1111111111111112,105.6,18.11111111111111,0.6931471805599453,786948076329.2129,199853.70250000004,17.880305900946606
2.6268571428571432,3.1816000000000004,1.5,-1.9416000000000004,-1.6816000000000004,2.46,143.98,174.272,68.25,69.0,-105.272,-106.022,0.391629177377892,10287491193.744856,353226757859.6738,582098706960.5773,34.33555870982885,0.0436392914653784,0.072463768115942,0.1428571428571428,0.1428571428571428,0.0903988984243168,2.5,oxyhalides,-0.7603872107969153,1.5357441186479899,24.895999999999987,354.19079999999997,-4.626724959742349,23201.691714285716,11.5,100.16666666666669,76.5,0.0,0.0,0.0,32.27513754482624
2.0989655172413797,2.58,1.9585714285714284,-1.0730769230769237,-0.6214285714285717,1.6,124.79310344827586,184.0,51.92307692307692,38.57142857142857,-145.42857142857144,-132.0769230769231,0.282190635451505,12278644599.949677,12091271302411.545,22348628296971.062,984.7399038213956,0.1041898760011747,0.180797071303769,0.2413793103448276,0.2068965517241379,0.0,1.2307692307692308,sulfides,-0.3028122588114229,2.9933215368412873,38.068965517241374,199.6689655172414,-13.761078238001307,20130.718390804595,2.307692307692308,106.7391304347826,30.0,0.6829081047004717,12322697018902.604,34508.60679183672,25.0311047872278
2.517232704402516,3.2,1.5459999999999998,-2.010370370370371,-1.6540000000000004,2.46,139.05660377358492,174.88571428571427,69.3888888888889,72.6,-102.28571428571428,-105.49682539682536,0.3967670496832399,9668119851.623337,260240603913.8644,491246455677.5243,26.917395306199936,0.0318824522528226,0.0608974358974358,0.1257861635220125,0.2138364779874214,0.0856380991595491,1.9444444444444449,oxyhalides,-0.7976487206224543,1.4300330325625705,37.396945193171604,342.0792452830189,-3.3634974985386474,21991.616981132072,5.333333333333333,101.8,42.7037037037037,0.6108643020548935,106479805662669.6,314730.067764,26.42226213731483
2.865604395604396,3.44,1.9396,-1.6861290322580644,-1.5004,2.46,105.23626373626372,138.2,41.43548387096774,35.18,-103.01999999999998,-96.76451612903224,0.299822603986742,28978758058.690765,19065171688092.26,23610967739132.297,657.9016136398776,0.1655869328092029,0.2017722411278561,0.2747252747252747,0.0659340659340659,0.0,1.9354838709677415,nasicon,-0.5055395971092581,2.818160951595597,9.112087912087906,258.88120879120873,-16.022939430573093,13373.28736263736,1.2258064516129032,79.70588235294119,40.96774193548387,0.8030448563658358,51824982196617.484,602654.0676000001,19.22897061883584
2.290106382978724,3.44,1.2214285714285715,-2.349782608695652,-2.2185714285714284,2.46,110.92765957446808,138.2,82.4695652173913,100.29047619047618,-37.909523809523805,-55.73043478260868,0.596740703454351,28978758058.690765,156832306792.282,195495994927.4149,5.41197474628309,0.0247451831328548,0.0365670501781405,0.2234042553191489,0.2659574468085106,0.0,1.0434782608695652,garnet,-1.4022109268778433,0.7333557613964852,36.75531914893616,272.88204255319147,-1.379059814769273,13320.732269503544,7.782608695652174,91.84057971014492,61.2391304347826,0.8324075743474855,21179186414268.52,272291.04435827665,19.88889894613296
2.4388888888888887,3.11,1.33,-2.013333333333333,-1.7799999999999998,2.18,146.83333333333334,184.75,71.0,78.0,-106.75,-113.75,0.3843031123139377,6107090445.838077,190358750788.19165,322366634847.03424,31.17012143121596,0.0269705603038936,0.0512820512820512,0.1111111111111111,0.2222222222222222,0.0351566469736578,2.0,halides,-0.7737302661253945,1.4937384941858645,41.05555555555555,320.0966666666667,-3.0679012345678967,24471.666666666664,4.0,108.78571428571428,39.33333333333333,0.0,0.0,0.0,31.382954457340468
2.86875,3.548,2.115,-1.811333333333333,-1.4329999999999994,3.0,103.78229166666664,136.685,48.94444444444444,39.66666666666666,-97.01833333333336,-87.74055555555557,0.3580820459044111,26614830294.05305,44389940499121.17,66522733344302.36,1667.864871151926,0.1815059283706148,0.2648514851485148,0.25,0.125,0.022167757983685,1.6666666666666667,oxyhalides,-0.6486059458148565,3.2221608615952864,17.085625,311.3468749999999,-15.925430991864618,12836.734800347222,3.333333333333333,77.14285714285714,36.33333333333333,0.6931471805599453,14701224856693.492,23152.66559999999,19.154809425667903
2.316521739130435,3.44,1.224,-2.349090909090909,-2.216,2.55,112.07453416149066,138.2,83.57402597402597,102.86285714285714,-35.33714285714285,-54.62597402597402,0.6047324600146597,28978758058.690765,188747746134.00583,266019270984.2884,6.513313847050811,0.0271605113582647,0.0419753472104045,0.217391304347826,0.2608695652173913,0.0,1.0909090909090908,garnet,-1.420571524252619,0.8138020053594637,36.052173913043475,285.79006211180115,-1.48366938798874,13634.246215123729,9.363636363636363,91.55882352941175,68.36363636363637,1.1935496040981333,52952085101392.63,1116386.36,20.848043298803283
1.93125,2.58,2.19,-1.2975,-0.3900000000000001,1.6,119.4375,184.0,54.875,17.0,-167.0,-129.125,0.2982336956521739,12278644599.949677,9823810790311.814,38922178734970.95,800.0728997687642,0.084640522875817,0.2941176470588235,0.125,0.375,0.0,1.0,glass,-0.3869582201086956,2.9031295601480576,69.0,191.10000000000002,-10.92920751633987,18672.71875,0.0,104.6,15.75,0.0,0.0,0.0,17.98552557725434
2.5852,3.44,1.3837500000000005,-2.137,-2.0562499999999995,2.46,114.126,138.2,78.015,80.64375000000001,-57.55624999999998,-60.18499999999999,0.564507959479016,28978758058.690765,437617408997.08215,515933059056.6602,15.101316906362044,0.0434608747393077,0.0506223897204309,0.3199999999999999,0.08,0.0,1.5,perovskites,-1.206353509406657,1.1790148214804677,11.056,280.74996,-2.6156927461852337,14193.61463333333,7.1,91.52173913043478,74.19999999999999,0.9743147528693494,50205546183058.94,171509.09791093747,23.60210646754083
2.610621181262729,3.44,1.3840967741935486,-2.132068062827225,-2.055903225806452,2.46,115.02248811948404,138.2,78.61801919720769,81.2002688172043,-56.999731182795685,-59.5819808027923,0.5688713400666259,28978758058.690765,405976617858.1581,471385554165.11273,14.00945537541438,0.0446660800198035,0.0515992770996719,0.3156822810590631,0.0733197556008146,0.0,1.5706806282722514,perovskites,-1.2128724160137787,1.146421252198712,10.132790224032577,282.95532077393074,-2.6612935222759173,14332.953429791804,7.089005235602095,90.97032967032968,76.59685863874347,0.6706997156813217,22903357319544.31,129624.97319227993,23.951347108826116
2.58,3.44,1.393333333333333,-2.15,-2.046666666666667,2.46,113.66666666666666,138.2,76.86666666666666,79.98888888888888,-58.21111111111111,-61.33333333333333,0.5561987457790641,28978758058.690765,393536655415.95166,483263937635.01215,13.580176714920656,0.0430658418584753,0.0524828508730289,0.3,0.1,0.0,1.5,perovskites,-1.1958273034249878,1.1329054213300183,13.82,279.61999999999995,-2.6413716339864846,14062.525777777775,6.25,90.11111111111111,70.25,0.6365141682948128,21501249906936.07,124334.22222222222,22.74487733338916
2.6081910569105693,3.44,1.3842948717948715,-2.131510416666667,-2.0557051282051284,2.46,114.90016937669375,138.2,78.49418402777778,81.03130341880342,-57.16869658119657,-59.70581597222221,0.5679752824007076,28978758058.690765,415207228534.0826,482327017713.00085,14.32798561253599,0.0445354669905091,0.0513940790310539,0.3170731707317073,0.073170731707317,0.0,1.5624999999999998,perovskites,-1.2106452308463,1.156185136743867,10.112195121951208,282.65441666666663,-2.6590263963723135,14318.674508243,7.114583333333334,91.07236842105264,76.29166666666667,0.7800791550354971,29643294394206.223,142899.46346069613,23.911366115132743
2.834838709677419,3.44,1.976,-1.7054545454545451,-1.4639999999999995,2.46,103.44354838709675,138.2,40.25,31.53,-106.67,-97.95,0.2912445730824892,28978758058.690765,18027399690491.97,23756374052646.59,622.0901411296171,0.158465738632437,0.2044340342540761,0.2688172043010752,0.086021505376344,0.0,1.8181818181818183,nasicon,-0.49670438100249964,2.793853318708153,11.888172043010739,254.471129032258,-15.521719099047203,13071.933736559138,0.9090909090909092,79.08235294117648,35.3939393939394,1.0848728726350858,34869694361003.523,415697.43963744,18.459402437835887
2.8524590163934427,3.44,1.9292,-1.7066666666666666,-1.5107999999999997,2.46,104.77185792349724,138.2,41.09920634920635,34.235,-103.965,-97.10079365079363,0.2973893368249374,28978758058.690765,18786720215870.336,23638935221719.348,648.2928004651385,0.1636027044289232,0.2022875557285914,0.2732240437158469,0.0710382513661202,0.0,1.9047619047619049,nasicon,-0.5075444681812264,2.8117711986264666,9.817486338797812,257.7387704918032,-15.885952443464653,13294.169330601091,0.5555555555555557,79.57647058823531,38.42857142857144,0.8802861522293415,52980436885729.09,588354.77749056,18.815476298517886
2.578374,3.44,1.3694780394653083,-2.154065,-2.070521960534691,2.49,114.62763333333332,138.2,79.26908333333333,82.482919584129,-55.717080415871,-58.93091666666666,0.573582368547998,28978758058.690765,389721506186.05255,462186377730.4854,13.448523411415644,0.0428938204020217,0.0505614801072487,0.3142,0.0858,0.0,1.5,perovskites,-1.2355337047063435,1.1286746033363835,11.85756,285.422807,-2.527772155626507,14255.94435222222,6.385,91.87070662874646,72.60050000000001,0.8344025099997009,29427489375191.73,140409.64349457726,23.49197030831372
2.4206382978723404,3.16,1.4420000000000002,-2.044117647058824,-1.718,2.18,139.7127659574468,181.0,66.8529411764706,65.3,-115.7,-114.1470588235294,0.3693532661683458,6449680150.445432,281107877751.5791,657315243334.32,43.584778034638674,0.0271384506678624,0.0567151767151767,0.1063829787234042,0.2553191489361702,0.0,1.7647058823529411,halides,-0.7550015293735305,1.639334838584227,46.212765957446805,304.57382978723405,-3.09777432476394,22553.93882978724,2.117647058823529,104.42857142857142,28.235294117647054,0.6730116670092565,119370343498806.0,342456.461016,24.54602489865376
1.830791476407915,2.643333333333333,2.1558823529411764,-1.4953501400560223,-0.4874509803921567,1.98,117.83561643835615,186.0,60.55462184873949,18.88235294117647,-167.11764705882354,-125.44537815126051,0.3255624830577392,11078757388.627398,5084291130940.57,34843909064031.37,458.9225084177503,0.0518092441967874,0.2737758204886232,0.0776255707762557,0.4657534246575342,0.0240437416935461,0.8403361344537814,argyrodites,-0.48682990463737674,2.6617393587229903,86.63013698630137,233.3145205479452,-6.499230229996995,17958.22146118721,0.0,105.8148148148148,12.857142857142856,0.362210557135449,101565913242.2592,194748.59065743943,16.792277195895046
2.5379310344827593,3.16,1.4540000000000002,-2.0044444444444447,-1.706,2.18,146.36494252873564,181.0,69.39814814814814,72.62500000000001,-108.37499999999999,-111.60185185185186,0.38341518313893996,6449680150.445432,260260785825.528,491300946839.0162,40.352510474113004,0.03183158517370038,0.06076009478380586,0.11494252873563218,0.19540229885057472,0.0,2.222222222222222,halides,-0.7685344337584975,1.605870558912817,35.367816091954026,319.07557471264374,-3.552463852764914,24097.60416666667,5.407407407407407,105.02857142857141,44.555555555555564,1.2275294114572126,7654534533124.38,161134.60000000003,29.21152769545315
1.838692307692308,2.638833333333333,2.19,-1.48597619047619,-0.448833333333333,1.98,119.27692307692308,188.1,60.285714285714285,17.0,-171.1,-127.81428571428572,0.3204982152350573,10715046300.01848,5666901083931.938,38922178734970.95,528.8732241802973,0.0547152194211017,0.2941176470588235,0.0769230769230769,0.4615384615384615,0.0321582501538258,0.8571428571428571,argyrodites,-0.4762527169294084,2.723351580093088,86.8153846153846,236.1683076923077,-6.993386688008527,18471.976923076923,0.0,107.38571428571429,12.857142857142856,0.0,0.0,0.0,18.01896924136858
2.601008064516129,3.44,1.377710843373494,-2.1231632653061223,-2.0622891566265062,2.46,114.83729838709677,138.2,79.0780612244898,81.17048192771084,-57.02951807228915,-59.12193877551019,0.5722001535780739,28978758058.690765,466213907164.8653,527995671937.0512,16.088125868632495,0.0443001087220974,0.0496287762957027,0.3346774193548387,0.0604838709677419,0.0,1.530612244897959,perovskites,-1.214874346479488,1.206505455390693,8.35887096774193,282.49975403225807,-2.6191083156162875,14356.756750672042,7.7857142857142865,92.36909871244634,78.23469387755102,1.040013081326038,62455367353038.0,176005.88174161708,24.432012412725022
2.59,3.13,1.5,-1.89,-1.63,2.46,145.94285714285715,177.02,68.25,69.0,-108.02,-108.77,0.3855496554061687,9285484386.22039,353226757859.6738,582098706960.5773,38.04074652086653,0.0436392914653784,0.072463768115942,0.1428571428571428,0.1428571428571428,0.0732735005471501,2.5,oxyhalides,-0.7286888487176588,1.580249031049597,25.28857142857142,359.0194285714286,-4.746645732689208,23834.12428571429,11.5,102.16666666666666,76.5,0.0,0.0,0.0,33.25124062927193
2.3191666666666664,3.073333333333333,1.276,-2.011111111111111,-1.7973333333333328,2.18,144.9020833333333,187.5,73.90555555555555,90.55999999999999,-96.94000000000001,-113.59444444444445,0.39416296296296294,5855857995.79268,151014037877.33716,220328033585.6109,25.788541659623203,0.021673416600071736,0.03950578124173974,0.10416666666666666,0.2708333333333333,0.03964284999284935,1.6666666666666665,halides,-0.7927055144032921,1.4114267835072292,50.78125,315.88654166666663,-2.461979717898149,24107.559583333335,3.7222222222222223,112.77142857142857,36.72222222222223,0.5004024235381879,3348046980248.489,355692.9600000001,31.72800546570937
2.270421052631579,3.44,1.2055000000000002,-2.364042553191489,-2.2345,2.46,110.45736842105262,138.2,82.12446808510639,101.8675,-36.3325,-56.0755319148936,0.5942436185608277,28978758058.690765,152551880875.33276,190617928232.692,5.264265658534054,0.024255563903155,0.0370005751724143,0.2105263157894736,0.2842105263157894,0.0,1.0212765957446808,garnet,-1.4048172012402886,0.7213377976127787,39.27789473684209,271.72512631578945,-1.3601436477651094,13223.906798245613,7.446808510638298,91.19117647058825,58.553191489361694,0.8237197315118312,3090112055705.1577,263085.19,19.201488010599803
2.3643273542600896,3.44,1.2501000000000002,-2.3288834951456314,-2.1899,2.46,112.86937219730942,138.2,83.35796116504854,100.1674,-38.03259999999999,-54.84203883495145,0.6031690388209012,28978758058.690765,189692759813.52863,258950987931.57245,6.545924412265817,0.0283856642879716,0.0427707647295179,0.2242152466367712,0.2376681614349775,0.0,1.1650485436893203,garnet,-1.4047104192928515,0.815970986073515,32.84573991031389,277.65865560538117,-1.556727703236833,13738.76685171898,10.53883495145631,90.39411764705883,74.53398058252426,0.7795654523164246,8170654898241.007,1018632.2475,21.78290674176553
2.8642857142857143,3.44,1.9348,-1.6899999999999995,-1.5052,2.46,105.03296703296704,138.2,40.83870967741936,34.44,-103.76,-97.36129032258064,0.2955044115587508,28978758058.690765,19073854322974.16,23621734206385.85,658.2012343090696,0.1659508195125861,0.2022234606400512,0.2747252747252747,0.0659340659340659,0.0,1.9354838709677415,nasicon,-0.4994024555342887,2.8183586923811976,9.112087912087906,258.3810989010989,-16.157185917835076,13344.520879120875,0.7419354838709677,79.43529411764706,39.322580645161295,0.8030448563658358,53427160090789.28,653556.9383999999,19.062303734569632
2.404636929460581,3.16,1.6468367346938777,-2.000467032967033,-1.5131632653061229,2.18,139.353734439834,181.0,70.70604395604396,79.40816326530611,-101.59183673469389,-110.29395604395604,0.3906411268289721,6449680150.445432,159036588917.91824,253172849349.89105,24.658058261530183,0.022020385241539,0.0415783621140763,0.1016597510373443,0.2759336099585062,0.0,1.6483516483516485,halides,-0.7814646959424523,1.3919588743884703,49.94398340248962,303.79114107883817,-2.428715401901281,22289.002593360998,4.747252747252747,105.16189111747852,33.5,0.6073661737030347,72946305483830.22,600894.4375325385,25.299137574144694
2.498924731182796,3.2104918032786887,1.5,-2.0679918032786886,-1.7104918032786889,2.46,137.0451612903226,173.28196721311477,67.96875,69.0,-104.28196721311475,-105.31321721311475,0.3922436425043991,10512300756.85033,267399776946.83505,582098706960.5773,25.43684614165783,0.032830112721417,0.072463768115942,0.1075268817204301,0.2365591397849462,0.094960263060511,1.90625,halides,-0.8111566375872735,1.4054632631012018,40.99143310417768,337.13109677419357,-3.4574447921616303,21462.2488172043,7.1875,98.35211267605636,51.1875,0.0,0.0,0.0,26.143359778192504
2.350555555555556,3.44,1.2435,-2.3345238095238097,-2.1965,2.46,112.64199999999998,138.2,83.43285714285715,100.959,-37.241,-54.76714285714285,0.6037109778788506,28978758058.690765,183758034015.83972,249101581798.6161,6.341128686180204,0.0277001779128942,0.0418740773207816,0.2222222222222222,0.2444444444444444,0.0,1.1428571428571428,garnet,-1.4093776519290788,0.80216656680167,33.78222222222222,277.09932,-1.5170596009237498,13688.382774814814,10.30952380952381,90.61764705882354,73.28571428571428,0.8237197315118312,12827179724668.406,990351.9475,21.54484374957442
2.075537414965986,2.58,1.9753012048192768,-1.106805970149254,-0.6046987951807232,1.6,124.0156462585034,184.0,52.39253731343283,37.01204819277108,-146.9879518072289,-131.60746268656715,0.2847420506164828,12278644599.949677,11730659299204.26,23546716280440.934,955.370863918672,0.1011219834304179,0.188988920153532,0.2258503401360544,0.2299319727891156,0.0,1.1940298507462686,sulfides,-0.31515420157486423,2.980171992408615,42.30748299319727,198.42503401360545,-13.308407661110385,19919.096031746038,1.9701492537313436,106.51236749116607,27.895522388059703,0.6720225379194756,12051701431972.172,33749.70797793583,23.931605179123693
2.313809523809524,3.16,1.36,-2.090588235294118,-1.8,2.18,136.32142857142856,181.0,70.61764705882352,80.75,-100.25,-110.38235294117648,0.3901527461813454,6449680150.445433,146366661975.1191,217905184928.2526,22.69363108882393,0.0200705531610649,0.0371517027863777,0.0952380952380952,0.3095238095238095,0.0,1.4705882352941175,halides,-0.8156487411344127,1.355903990625884,56.02380952380952,297.18071428571426,-2.215434882749311,21531.86904761905,0.2352941176470588,105.20689655172416,21.94117647058824,0.0,0.0,0.0,21.8907639971167
2.6964963503649644,3.2076000000000007,1.6,-1.8924648648648656,-1.6076000000000006,2.46,144.48832116788324,173.72400000000002,65.47297297297297,63.75,-109.97400000000002,-108.25102702702704,0.3768792623527719,10279623394.84714,456098065531.91,738079833789.0787,44.36914155440149,0.0492021433197903,0.0784313725490196,0.145985401459854,0.1240875912408759,0.0925438270772602,2.702702702702702,oxyhalides,-0.7132307622988088,1.647081026151916,21.55699270072993,355.4412700729928,-5.326182546298278,23376.55167883212,7.567567567567567,99.73333333333332,47.91891891891892,0.0,0.0,0.0,30.197510641787478
2.856149732620321,3.44,2.0928,-1.62955223880597,-1.3472,2.46,102.87032085561496,138.2,39.59328358208955,30.105,-108.09499999999998,-98.60671641791043,0.2864926453117912,28978758058.690765,17829931613073.527,23849827726540.543,615.2759057845927,0.1578486581953535,0.2064801649447367,0.267379679144385,0.0909090909090909,0.0,1.791044776119403,nasicon,-0.46685473156927404,2.7890699084413857,12.56363636363636,253.0609893048128,-15.564937875616895,12984.422393048126,2.567164179104478,78.12941176470589,37.507462686567166,0.9319903226231094,11340166321957.502,325210.978144,19.193684777956364
2.276,3.1,1.22,-2.06,-1.88,2.18,141.145,185.5,74.6125,95.95,-89.55000000000001,-110.8875,0.4022237196765498,6038572504.916604,125737447879.54507,129885365241.86926,20.822379424469887,0.0189276822419084,0.0312662845231891,0.1,0.3,0.0370558681532817,1.5,halides,-0.8285808625336926,1.318530355908053,55.65,307.69610000000006,-2.098843364599618,22962.01525,2.75,111.85714285714286,31.75,0.0,0.0,0.0,27.58266577189326
1.750212765957447,2.58,1.82,-1.4444444444444444,-0.76,1.6,116.26595744680851,184.0,66.09259259259258,59.9,-124.1,-117.90740740740742,0.3591988727858292,12278644599.949677,238974777834.40112,743302641767.1765,19.46263497482292,0.023317359227182,0.0607285546415981,0.1063829787234042,0.4680851063829787,0.0,0.7407407407407407,sulfides,-0.5188428162461977,1.289201637451194,86.12765957446808,186.02553191489363,-2.749289374064219,16934.438829787236,2.2222222222222223,109.44,21.11111111111111,0.6730116670092565,343139530687.1499,44044.318104000005,16.9056559187132
2.8398924731182795,3.44,1.9948,-1.6912121212121214,-1.4451999999999998,2.46,103.28763440860212,138.2,39.810606060606055,30.95,-107.25,-98.38939393939393,0.2880651668640091,28978758058.690765,18054091870723.18,23791607730551.79,623.0112358217068,0.1590972786100064,0.2052676670244677,0.2688172043010752,0.086021505376344,0.0,1.818181818181818,nasicon,-0.48717930189940456,2.7944958791011683,11.888172043010739,254.0875806451612,-15.65348481984543,13055.32889784946,1.1515151515151514,78.9529411764706,35.39393939393939,1.1085716571473458,29287319977028.44,368811.38247264,18.54237568333652
2.3671642910727684,3.44,1.707691415313225,-2.1462081040520262,-1.732308584686775,2.46,100.79294823705926,138.2,63.36718359179591,57.91589327146172,-80.28410672853826,-74.83281640820408,0.4585179709970761,28978758058.690765,391797597095.8406,744561460598.4495,13.520165229383942,0.0337109504160821,0.0586354355421158,0.215553888472118,0.2843210802700675,0.0,1.0005002501250626,oxides,-0.9840749852074167,1.1309819991330738,39.29317329332333,247.95065266316578,-2.522685363432743,11581.467741935485,2.671335667833917,79.20545073375261,32.71685842921461,0.9811744868492892,1515973797107.6216,12488.581668111176,16.570165855150883
1.7727941176470587,2.5933333333333333,2.082,-1.4683333333333333,-0.5113333333333334,1.6800000000000002,119.11029411764709,190.0,63.14473684210527,34.4,-155.6,-126.85526315789474,0.3323407202216066,10830828501.851728,2280606991720.0527,16511871399264.514,210.56625458801616,0.0352103617953665,0.1698209718670076,0.0735294117647058,0.4852941176470588,0.0706126729736776,0.7894736842105263,argyrodites,-0.48798695752539234,2.323388772260225,92.20588235294117,200.10529411764713,-4.4666197114359,18318.856617647063,0.7894736842105263,109.28571428571428,14.763157894736842,0.6730116670092565,755470153276.0444,191859.55440000008,17.484612375753652
2.471875,3.1866666666666665,1.33,-2.079393939393939,-1.8566666666666665,2.46,140.621875,176.92380952380952,71.31818181818181,78.0,-98.92380952380952,-105.60562770562773,0.4031010976427351,8595306617.89737,196359109154.50266,322366634847.03424,22.84492198866282,0.028075628075628,0.0512820512820512,0.125,0.21875,0.0710117132279356,1.9090909090909087,halides,-0.8382059794013479,1.358789679356,38.702083333333334,345.92981249999997,-2.9649443261564397,22402.7259375,4.363636363636363,103.48,42.09090909090909,0.0,0.0,0.0,26.57282059115656
2.43945945945946,3.16,1.4,-2.050769230769231,-1.76,2.18,141.39864864864865,181.0,68.28846153846153,70.0625,-110.9375,-112.71153846153848,0.3772843178920527,6449680150.445432,249694718418.0988,531709515151.5878,38.71427925008874,0.0270803347726424,0.0546777546777546,0.1081081081081081,0.2432432432432432,0.0,1.8461538461538465,halides,-0.7737230703847789,1.5878711783451778,44.02702702702702,308.24905405405406,-3.0522661942780216,22909.765202702703,2.769230769230769,104.85714285714285,32.07692307692307,0.5623351446188083,93258080858442.2,267544.11016875,25.553817554598613
1.895910931174089,2.58,2.017272727272728,-1.330472440944882,-0.5627272727272725,1.69,120.11046847888952,184.0,59.74240719910011,37.64502164502165,-146.35497835497836,-124.25759280089989,0.3246869956472832,12278644599.949677,6345836243178.415,24067631844252.56,516.8189527372119,0.0644504600439289,0.2058368434238296,0.1336032388663967,0.3805668016194332,0.0,0.9448818897637794,lgps,-0.4319870996419012,2.7133384316864504,70.02429149797571,202.98669172932327,-8.008459019969186,18555.275510204083,1.2598425196850394,107.08496732026144,20.771653543307085,0.8832853412536135,187017697752540.1,173726.7384756658,18.790422516988027
2.571,3.44,1.3633333333333333,-2.1725,-2.0766666666666667,2.49,115.02833333333334,138.2,80.27083333333334,84.52777777777779,-53.6722222222222,-57.929166666666646,0.5808309213699953,28978758058.690765,397153991435.038,488087052327.12726,13.70500387320536,0.0437064518422366,0.0533369975180438,0.3,0.1,0.0,1.5,perovskites,-1.2618551766763146,1.1368791626125823,13.82,286.42055000000005,-2.5318783331775636,14360.31136111111,6.5,92.77777777777776,63.5,1.0986122886681096,63163389250836.97,482040.2222222223,23.20988143495865
2.610663951120163,3.44,1.384232258064516,-2.131958115183246,-2.055767741935484,2.46,115.01378139850644,138.2,78.5956369982548,81.17268817204301,-57.02731182795698,-59.60436300174519,0.5687093849367207,28978758058.690765,406713131358.00366,472293128864.9224,14.03487100911248,0.0446641153533933,0.0515968561236439,0.3156822810590631,0.0733197556008146,0.0,1.5706806282722512,perovskites,-1.2124645883967142,1.1472084254999844,10.132790224032577,282.93390224032584,-2.662176144675475,14332.023987327446,7.085863874345551,90.96571428571428,76.55287958115184,0.6804515597296686,23353830379373.55,130538.07040595313,23.942959165600584
2.3220224719101124,3.23686274509804,1.414,-2.142652218782251,-1.82286274509804,2.46,125.91629213483144,169.2509803921569,67.75657894736842,68.475,-100.7759803921569,-101.49440144478848,0.4003319732055642,12634132909.571604,242571462036.06723,573578091212.4985,19.19969211755683,0.0254837833785202,0.0553568953568953,0.1123595505617977,0.3146067415730337,0.1128514853830062,1.3421052631578947,halides,-0.8577721906383787,1.2832942644994754,53.2474994492179,309.75407865168535,-2.5864613405515575,18608.16345505618,2.210526315789473,97.2950819672131,27.89473684210526,0.6108643020548935,104449050561455.23,299649.403389,19.98795978378657
2.347000077700008,3.16,1.57,-2.032500110625028,-1.59,2.18,136.88750565125056,181.0,70.7187475859369,80.375,-100.625,-110.2812524140631,0.3907113126294856,6449680150.445433,148515661973.374,220998294099.81705,23.02682590595087,0.0204425697385879,0.0373258513931888,0.0999999099999909,0.3000000300000029,0.0,1.5000003750000936,halides,-0.7941207861418794,1.3622340774981374,54.300005430000525,298.41476231972626,-2.2544321933333,21669.50464592234,2.624998031249508,105.28570889795844,27.24998631249657,0.6931471805599453,28776531302357.254,479037.015625,23.326962885360988
2.4048000000000003,3.16,1.8142857142857145,-1.8880000000000001,-1.3457142857142856,2.18,136.59,181.0,69.975,74.57142857142858,-106.42857142857142,-111.025,0.38660220994475136,6449680150.445432,153702874841.73566,208206426138.67126,23.831084837768355,0.02064397389192471,0.031469555035128806,0.13999999999999999,0.26,0.0,1.5,halides,-0.7299049723756906,1.3771438127339009,47.06,297.7662,-2.291997201350941,21630.065,6.0,105.83783783783784,35.75,0.5982695885852573,250767055684.89417,175759.4123265306,26.71074814784482
2.6992857142857143,3.44,2.0775,-1.7283333333333333,-1.3624999999999998,2.46,91.11428571428571,138.2,28.33333333333333,8.75,-129.45,-109.86666666666666,0.2050168837433671,28978758058.690765,272118292676681.72,408115261610643.25,9390.267592750515,0.3039578794480755,0.4485294117647059,0.2857142857142857,0.1428571428571428,0.0,1.3333333333333333,borophosphates,-0.35433751406978614,3.9726779684534446,19.742857142857133,224.14114285714285,-33.39483902202856,11593.101428571428,0.0,72.5,17.000000000000004,0.5623351446188083,4066285119.015141,773963.4168750001,13.686886267107049
1.8938181818181816,2.692418300653595,1.9,-1.488915475794838,-0.7924183006535948,2.46,114.24242424242424,178.01307189542484,59.11864406779661,33.0,-145.01307189542484,-118.89442782762823,0.3321028250247055,14461665967.105371,1128303193497.2434,4256886531984.5776,78.02027761280694,0.0406627480073807,0.1212121212121212,0.1303030303030303,0.406060606060606,0.0867287267861397,0.864406779661017,glass,-0.4944730357344692,1.8922074912910207,72.28409586056644,281.0363636363636,-4.834574158236558,16794.537272727273,0.0,101.77040816326532,15.559322033898304,0.0,0.0,0.0,16.231631346420883
2.617551020408164,3.44,1.392820512820513,-2.121052631578947,-2.047179487179487,2.46,114.19523809523808,138.2,76.29298245614035,78.2094017094017,-59.990598290598285,-61.90701754385964,0.5520476299286567,28978758058.690765,411367567982.6402,473921630890.40674,14.19548647148702,0.0454992854734379,0.0521869265144199,0.3183673469387755,0.0693877551020408,0.0,1.5789473684210524,perovskites,-1.1709220782170982,1.1521502801491104,9.589387755102038,280.9202857142857,-2.816725064037198,14135.21984126984,6.947368421052632,92.00877192982458,77.73684210526315,0.652825793916348,202437667015855.25,123636.52202498355,24.212954532151272
2.839405405405405,3.44,1.9558,-1.7093846153846153,-1.4842,2.46,103.87162162162164,138.2,40.49615384615385,32.395,-105.80499999999998,-97.70384615384614,0.2930257152398977,28978758058.690765,18268514265746.914,23711762102843.355,630.4105313536087,0.1600537405233987,0.2036254182359739,0.2702702702702703,0.081081081081081,0.0,1.8461538461538465,nasicon,-0.5008936495431543,2.7996234596695633,11.205405405405394,255.52418918918923,-15.637866040445758,13142.88168918919,0.7076923076923077,79.2529411764706,36.23076923076923,1.0157480650250454,42259746115555.28,485482.649841,18.53110621477296
2.06,2.2,2.79,-0.3149999999999999,0.5899999999999999,2.06,95.77777777777776,140.0,40.5,13.5,-126.5,-99.5,0.2892857142857143,13937657735.05191,76963914753875.47,153803474698992.2,5522.012106834737,0.1402199074074074,0.265625,0.2222222222222222,0.2222222222222222,0.0,1.25,other,-0.09112499999999998,3.742097354481034,31.11111111111111,197.30222222222218,-13.951880787037036,11946.055555555557,0.0,44.142857142857146,12.5,0.5623351446188083,278814824223.66846,979793.88796875,2.737687015285836
2.8418681318681323,3.44,1.8532,-1.7558064516129033,-1.5868,2.46,106.37362637362638,138.2,44.774193548387096,39.32,-98.88,-93.42580645161289,0.323981140002801,28978758058.690765,18983601569656.16,23509820792271.53,655.0867891304595,0.1625210837022981,0.1979705882352941,0.2747252747252747,0.0659340659340659,0.0,1.9354838709677415,nasicon,-0.5688481758178212,2.8162988412796053,9.112087912087906,261.6791208791209,-15.183663310277279,13523.98791208791,7.03225806451613,80.97647058823532,64.19354838709678,0.8030448563658358,156401587241057.25,1097107.2636,21.902096923272094
2.282978723404256,3.44,1.2,-2.3643478260869566,-2.24,2.46,110.49148936170212,138.2,81.57826086956521,99.88,-38.31999999999999,-56.621739130434776,0.590291323224061,28978758058.690765,166832601041.01218,222053731007.92657,5.757065251144497,0.0253489527538111,0.0390433320745063,0.2127659574468085,0.2765957446808511,0.0,1.0434782608695652,garnet,-1.3956540068228016,0.7602011518194554,38.225531914893615,271.8090638297872,-1.4353017900560083,13252.008865248225,9.347826086956523,90.94117647058825,67.69565217391305,0.8979457248567797,786337436891.4993,592598.64,20.55355491963373
2.6168024439918534,3.44,1.3756024096385542,-2.116178010471204,-2.064397590361445,2.46,115.46446028513236,138.2,79.75418848167538,81.59969879518071,-56.60030120481928,-58.44581151832461,0.5770925360468552,28978758058.690765,462887873225.1895,513871768476.15625,15.973350972726342,0.0451047194949183,0.049666452127464,0.3380855397148676,0.0509164969450101,0.0,1.5706806282722512,perovskites,-1.2212305347894157,1.203396034253839,7.036659877800394,284.0425723014256,-2.636181934186897,14472.048952817378,8.041884816753928,92.4442060085837,80.78010471204189,1.0107786491356252,56583627892536.93,173611.0363867216,24.892018964500384
2.3246553446553446,3.16,1.36,-2.0852369077306734,-1.8,2.18,136.85564435564436,181.0,70.80423940149625,80.75,-100.25,-110.19576059850375,0.3911836431021892,6449680150.445432,147684079623.9779,217905184928.2526,22.897892016207727,0.0203851110670748,0.0371517027863777,0.0999000999000999,0.3006993006993007,0.0,1.4962593516209477,halides,-0.8157105702972284,1.359795502957027,54.42657342657342,298.3453046953047,-2.246352818921284,21658.42907092907,0.2493765586034912,105.42857142857142,22.71571072319202,0.0,0.0,0.0,22.232664762916222
2.2566666666666664,3.44,1.3975000000000002,-2.337804878048781,-2.0424999999999995,2.46,103.44135802469135,138.2,69.53048780487805,74.4375,-63.76249999999999,-68.66951219512194,0.503114962408669,28978758058.690765,212727528512.0704,426294934582.5454,7.340809018841756,0.0274746880198817,0.0580693815987933,0.1481481481481481,0.3580246913580246,0.0,0.975609756097561,oxides,-1.1761846133383156,0.8657439254551746,49.479012345678996,254.46574074074073,-1.886673424038437,11889.494290123455,3.6585365853658542,81.28846153846155,34.2439024390244,0.5623351446188083,11634807728492.88,72540.75,15.365597538489936
2.3286956521739133,3.44,1.28,-2.3236363636363637,-2.16,2.46,110.34057971014492,138.2,79.94848484848484,94.88666666666666,-43.31333333333333,-58.25151515151515,0.5784984431872999,28978758058.690765,219785282903.063,334301851876.2142,7.584358255033953,0.0285940502873597,0.0451291328544136,0.217391304347826,0.2608695652173913,0.0,1.0909090909090908,garnet,-1.3442200188970352,0.8799188391651387,36.052173913043475,271.4378260869565,-1.6656467535573198,13254.071328502414,6.363636363636363,90.3529411764706,51.63636363636363,1.0549201679861442,24972109872925.39,602224.56,18.83123493572737
1.835,2.6308333333333334,2.19,-1.4779761904761906,-0.4408333333333334,1.98,118.76923076923076,187.0,60.285714285714285,17.0,-170.0,-126.71428571428572,0.322383498854087,11016775166.93348,5666901083931.938,38922178734970.95,514.3883757327617,0.0547152194211017,0.2941176470588235,0.0769230769230769,0.4615384615384615,0.0424452081988972,0.8571428571428571,argyrodites,-0.47647513550874887,2.7112911457401174,86.3076923076923,235.16307692307691,-6.933199946645315,18293.73076923077,0.0,106.39285714285714,12.857142857142856,0.0,0.0,0.0,17.080410840308808
2.2709243697479,3.44,1.2208,-2.357966101694915,-2.2192,2.46,110.36554621848738,138.2,82.0593220338983,101.86,-36.34,-56.14067796610169,0.5937722288994088,28978758058.690765,153166151543.04355,192349577729.65512,5.285462932291152,0.024183605313248,0.0369251603911172,0.2100840336134453,0.2857142857142857,0.0,1.0169491525423728,garnet,-1.4000947878726397,0.7230830314040418,39.48571428571428,271.49924369747896,-1.3576839979503619,13206.041316526607,7.508474576271188,91.29411764705884,58.74576271186442,0.8030448563658358,19200189474684.742,212421.64736256,19.203344596997116
2.4084337349397593,3.4578723404255323,1.33,-2.419539007092199,-2.127872340425532,3.0,119.39216867469878,157.79893617021278,69.25,78.0,-79.79893617021278,-88.54893617021278,0.4388495998813464,13953804583.743364,157356779773.48102,322366634847.03424,11.276980326699341,0.020892687559354226,0.05128205128205129,0.07228915662650602,0.3614457831325301,0.15108309788609608,1.3055555555555556,oxyhalides,-1.0618137251597217,1.0521928227839785,57.035760061522694,358.17650602409634,-1.850025257117456,16508.78468373494,2.0,88.84905660377358,24.166666666666664,0.0,0.0,0.0,17.384739930323583
2.8146739130434786,3.44,1.8276,-1.7978125,-1.6124,2.46,106.38478260869564,138.2,46.73125,40.916,-97.284,-91.46875,0.3381421852387843,28978758058.690765,18382556936732.14,23494853532564.684,634.3459198459055,0.1569514194711524,0.196749668774927,0.2717391304347826,0.0760869565217391,0.0,1.875,nasicon,-0.6079162473996019,2.802326150801293,10.515217391304342,261.7065652173913,-14.356150149751972,13500.738641304348,6.1875,81.42352941176472,61.09375,0.8731726364245316,170306953531048.66,1037935.2856,21.40738726431201
1.8055133079847907,2.5933333333333333,2.1555,-1.448927738927739,-0.4378333333333333,1.6800000000000002,120.14638783269962,190.0,61.52797202797203,24.8,-165.2,-128.47202797202797,0.3238314317261686,10830828501.851728,4743844173905.875,33153703769560.57,437.9945793708051,0.0489240228370663,0.258695652173913,0.0760456273764258,0.467680608365019,0.0706126729736776,0.8391608391608392,argyrodites,-0.46920834416472995,2.64146873570064,88.85931558935361,201.84593155893538,-6.2853684304277175,18757.470532319392,0.4195804195804196,109.09285714285714,14.118881118881118,0.4227090878059908,2215532731335.062,4495.819370999999,17.62592177094614
2.8794182825484764,3.44,1.9329,-1.672479338842975,-1.5071,2.46,105.32340720221606,138.2,40.11363636363637,34.3625,-103.8375,-98.0863636363636,0.2902578608077885,28978758058.690765,19549686765568.555,23629006476498.61,674.621276935834,0.1701615352682486,0.2027843465634697,0.2770083102493074,0.0581717451523545,0.0,1.9834710743801651,nasicon,-0.4854502751377864,2.8290600343185033,8.03933518005539,259.0955817174515,-16.690526225243342,13414.983829639888,0.6942148760330578,79.54411764705884,40.570247933884296,0.7197744066642688,54571347749919.78,630370.7435999999,19.213603304161072
2.138392101551481,2.58,1.9342105263157892,-1.0132686084142395,-0.6457894736842107,1.6,126.08251057827928,184.0,51.10841423948221,40.84210526315789,-143.1578947368421,-132.89158576051778,0.2777631208667511,12278644599.949677,12717043980280.902,20604044040339.5,1035.7042161097345,0.1095404368788931,0.1688685896453422,0.2679830747531734,0.1678420310296191,0.0,1.2944983818770228,sulfides,-0.2814486509494491,3.0152357441616124,30.88293370944991,201.73201692524685,-14.557002361736007,20481.71191819464,2.912621359223301,107.10169491525424,33.75728155339806,0.6917614988524178,12544573835032.43,35129.95289750691,27.01855943460898
2.835714285714286,3.44,1.8308,-1.7738709677419355,-1.6092,2.46,106.5489010989011,138.2,45.28870967741935,39.958,-98.242,-92.91129032258064,0.3277041221231501,28978758058.690765,18980562665203.6,23506052550750.355,654.9819225089705,0.1623199961062719,0.1977212396162216,0.2747252747252747,0.0659340659340659,0.0,1.9354838709677415,nasicon,-0.5813048282436136,2.816229313636145,9.112087912087906,262.1102967032967,-15.081360283389987,13554.827499999998,6.741935483870968,81.21176470588236,64.19354838709678,0.8030448563658358,168346803126412.7,1094616.324,21.84062394300216
2.6837230769230764,3.44,1.40044776119403,-2.0654621848739496,-2.03955223880597,2.46,116.00001709401708,138.2,77.56979458450044,78.23109452736317,-59.96890547263682,-60.630205415499546,0.561286502058614,28978758058.690765,527573855419.41406,554053912215.0385,18.20553711621861,0.0495869926709564,0.0518705386794194,0.3435897435897436,0.0225641025641025,0.0,1.7310924369747898,perovskites,-1.1593160448822415,1.2602034964074977,3.1183589743589653,285.360042051282,-3.006469551576957,14618.21569430199,7.689075630252101,91.31584470094438,82.0672268907563,1.012484194084304,55762282078872.96,180483.8318365783,25.117365786069676
2.6028571428571428,3.44,1.3374999999999997,-2.1589473684210523,-2.1025,2.49,117.26020408163264,138.2,84.19736842105264,87.32812500000001,-50.87187499999997,-54.002631578947344,0.6092428974026964,28978758058.690765,406827735432.2098,459791409183.4796,14.038825770526824,0.0452612276179408,0.0509699300185269,0.3265306122448979,0.0612244897959183,0.0,1.5789473684210529,perovskites,-1.3153233500767687,1.1473307842391511,8.461224489795908,291.9779081632653,-2.444225399862533,14808.779166666664,7.368421052631579,94.91304347826087,71.1578947368421,1.094780226007948,60303815748226.336,495618.96484375,25.052150106321943
2.36,3.44,1.286,-2.314285714285714,-2.154,2.62,112.08037037037036,138.2,82.22936507936508,98.43166666666666,-39.76833333333333,-55.97063492063491,0.5950026416741323,28978758058.690765,223841568840.7448,333277004930.9167,7.724332712512999,0.0294626713630773,0.0455753135661661,0.2222222222222222,0.2444444444444444,0.0,1.1428571428571428,garnet,-1.377006113588706,0.8878609720074695,33.78222222222222,293.65057037037036,-1.6490444226494445,13641.08072839506,8.166666666666666,90.55882352941175,59.02380952380952,0.8451132568429528,25110919831129.37,670003.90249275,20.06252203869609
2.2811016949152543,3.44,1.2080769230769233,-2.357758620689655,-2.231923076923077,2.46,110.70127118644066,138.2,82.25431034482759,100.41346153846152,-37.786538461538456,-55.9456896551724,0.5951831428714008,28978758058.690765,161808599025.61456,207905571661.73047,5.583696813296937,0.0246554597700963,0.0367670227919813,0.2203389830508474,0.2711864406779661,0.0,1.0344827586206895,garnet,-1.4032981859942077,0.7469218286898055,37.47796610169491,272.32512711864405,-1.3793667006033958,13279.910840395478,7.5,91.74418604651164,60.06896551724138,0.8101502323878819,18148209796926.934,216587.4356841716,19.545940387626874
1.829230769230769,2.6183333333333336,2.19,-1.4654761904761908,-0.4283333333333337,1.98,119.23076923076924,188.0,60.285714285714285,17.0,-171.0,-127.71428571428572,0.3206686930091185,10954792945.239565,5666901083931.938,38922178734970.95,517.2987853133734,0.0547152194211017,0.2941176470588235,0.0769230769230769,0.4615384615384615,0.0542448884424764,0.8571428571428571,argyrodites,-0.4699323346359821,2.7137414586288418,86.76923076923076,236.0769230769231,-6.987915166066418,18485.73076923077,0.0,107.07142857142856,12.857142857142856,0.0,0.0,0.0,17.233041574859474
1.9220967741935489,2.725,2.0818181818181816,-1.555625,-0.6431818181818185,2.18,119.7701612903226,183.25,60.2578125,25.36363636363636,-157.88636363636363,-122.9921875,0.3288284447476125,10821403487.573616,6185494631633.927,35389168323668.766,571.5981886025066,0.0585110981191661,0.2690477358583132,0.0887096774193548,0.4274193548387097,0.0070888846148794,0.9375,argyrodites,-0.5115337493605048,2.7570908438397472,78.32459677419355,261.0989516129033,-7.1964079507033745,18316.026209677417,0.0,104.28169014084509,14.078125,0.3046360973492381,34818211387897.824,52588.86694214877,16.858145463205762
2.40948717948718,3.2183333333333333,1.386,-2.103,-1.8323333333333327,2.46,132.39102564102564,172.08333333333334,68.88333333333334,71.65,-100.43333333333334,-103.2,0.4002905569007264,11143238047.996544,246183518869.4059,489840939090.6771,22.09263750886732,0.0278760812094145,0.053998613998614,0.1282051282051282,0.2564102564102564,0.1010079413941461,1.6,halides,-0.8418110411622277,1.3442475668071414,44.123931623931625,325.68192307692306,-2.8768115808115766,20256.224679487183,3.2,100.03448275862068,35.06666666666667,0.5004024235381879,79580228999204.0,228304.307344,23.057462467906607
2.252784166666667,3.44,1.185364,-2.3744316666666667,-2.254636,2.46,110.2949375,138.2,82.389875,103.2357,-34.964299999999994,-55.81012499999999,0.5961640738060783,28978758058.690765,141150951508.71472,164665551358.63687,4.8708419878740585,0.0233513904288724,0.0353025962885531,0.2083333333333333,0.2916666666666667,0.0,1.0,garnet,-1.4155508553741563,0.6876040411079124,40.30833333333333,271.32554625,-1.303244018759172,13178.804508680554,7.368500000000001,91.52023529411764,58.496,0.7835397491076983,2919549128613.739,206615.265984,19.049165200496923
2.88956043956044,3.44,2.0268,-1.6158064516129031,-1.4131999999999998,2.46,104.06868131868131,138.2,38.00806451612903,30.93,-107.26999999999998,-100.19193548387096,0.2750221745016573,28978758058.690765,19237425123284.0,23824561998770.05,663.845741226121,0.1698310928467456,0.207034999574409,0.2747252747252747,0.0659340659340659,0.0,1.9354838709677415,nasicon,-0.4443826038963875,2.82206717346833,9.112087912087906,256.008956043956,-17.015705897656435,13241.61497252747,1.870967741935484,78.85882352941178,38.903225806451616,1.0503510239408722,29397741935038.305,382285.13537856,19.364099167594325
2.162040816326531,3.327,1.71153801534892,-2.347,-1.5947,3.0,92.53928571428573,159.22125,67.5,69.0,-102.29,-91.72125,0.4239383876209991,17123237163.40867,124354808758.77036,582098706960.5773,7.262342252930369,0.0148148148148148,0.0617753623188405,0.0,0.4081632653061225,0.1371547481641241,0.6896551724137931,antiperovskite,-0.9949833957464849,0.8610767120867289,64.98826530612246,277.6178571428572,-1.358833333333332,12401.858176020409,0.0,65.82758620689657,9.0,0.0,0.0,0.0,8.083181153706649
2.4302127659574464,3.201,1.286,-2.131,-1.915,3.0,140.21994680851066,178.48125000000002,72.7,85.17999999999999,-93.30125000000002,-105.78125,0.4073256994782365,6985152104.698273,159948725890.00504,245374127004.96823,22.89838839478129,0.0231856765100182,0.0432757445785064,0.1063829787234042,0.2553191489361702,0.0615133338322264,1.7647058823529411,halides,-0.8680110655881219,1.3598049174541655,45.56968085106383,420.65984042553197,-2.4526098433253627,22353.67321143617,3.4117647058823533,105.04285714285716,35.76470588235294,0.6730116670092565,1553327997626.662,25977.840000000004,25.31459772499918
2.4166666666666665,3.0766666666666667,1.33,-1.98,-1.7466666666666666,2.18,148.66666666666666,187.5,71.0,78.0,-109.5,-116.5,0.3786666666666666,5973358127.264858,190358750788.19165,322366634847.03424,31.867962163412933,0.0269705603038936,0.0512820512820512,0.1111111111111111,0.2222222222222222,0.0775170232199927,2.0,halides,-0.7497599999999999,1.5033542928593282,41.666666666666664,324.09333333333336,-3.1420702754036043,25266.833333333336,4.0,110.42857142857144,39.33333333333333,0.0,0.0,0.0,31.57988641910993
2.8933879781420764,3.44,2.079,-1.5877777777777775,-1.3610000000000002,2.46,103.801912568306,138.2,38.28174603174603,30.685,-107.515,-99.91825396825396,0.2770025038476558,28978758058.690765,18994508266147.105,23900748165068.074,655.4631577957023,0.1683466346393912,0.2082649077937811,0.2732240437158469,0.0710382513661202,0.0,1.9047619047619049,nasicon,-0.43981841999811117,2.8165482859335134,9.817486338797812,255.35270491803274,-16.82090179459955,13198.599658469946,2.7460317460317456,78.70000000000002,39.31746031746032,0.8420953021316528,16319364933796.238,251132.39918400004,19.66824300673484
2.2843829787234045,3.44,1.2066,-2.361478260869565,-2.2334,2.55,111.1229179331307,138.2,82.86857142857143,102.84771428571428,-35.35228571428571,-55.33142857142856,0.5996278685135416,28978758058.690765,161041004884.81683,208733059848.67725,5.557208647750191,0.0250401598654327,0.038333108431236,0.2127659574468085,0.2765957446808511,0.0,1.0434782608695652,garnet,-1.4160081761062824,0.7448567028615835,38.225531914893615,283.3634407294833,-1.3855078170113417,13389.359280937904,8.304347826086959,91.3470588235294,63.10434782608697,1.137266117847828,31094158694758.0,614957.6244,19.861592144835427
2.8079787234042555,3.44,1.9492,-1.7473529411764703,-1.4908,2.46,103.86702127659574,138.2,43.27941176470589,34.56,-103.64,-94.9205882352941,0.3131650634204478,28978758058.690765,17384406882612.229,23598025629199.477,599.901722751663,0.1510857119209185,0.2001432348791159,0.2659574468085106,0.0957446808510638,0.0,1.7647058823529411,nasicon,-0.5472098946414353,2.778080109112762,13.231914893617017,255.5128723404255,-14.34114464948177,13067.937765957447,0.9411764705882352,78.97647058823532,35.32352941176471,0.942216333812959,47793772105140.44,714921.8136,18.50629440091561
2.070909090909091,2.2,1.876,-0.4733333333333336,-0.324,1.2200000000000002,110.33863636363635,140.0,31.241666666666664,23.99,-116.01,-108.75833333333334,0.2231547619047618,13937657735.05191,354162121741800.56,424969675128408.9,25410.44761424409,0.341013516556334,0.4062532569046378,0.2272727272727272,0.0454545454545454,0.0,2.6666666666666665,hydrides,-0.10562658730158732,4.405012315372449,6.363636363636356,134.6131363636364,-37.08806170480596,14886.666022727271,1.8333333333333333,48.285714285714285,28.83333333333333,0.5004024235381879,125136205035612.42,48400.0,2.076384417049975
2.865675675675676,3.44,2.053,-1.6346153846153846,-1.387,2.46,103.78513513513512,138.2,40.25,32.075,-106.125,-97.95,0.2912445730824892,28978758058.690765,18372233965185.457,23846597712113.46,633.9896943815231,0.1620901226770119,0.206272715035671,0.2702702702702703,0.081081081081081,0.0,1.8461538461538465,nasicon,-0.47607285984637654,2.8020821984028474,11.205405405405394,255.31143243243238,-15.876727516213316,13152.785743243245,2.384615384615385,78.97058823529413,38.38461538461539,0.8979457248567797,25732061713236.645,289195.122,19.347395559866108
2.267063525452251,3.44,1.1947,-2.368793542905692,-2.2453,2.46,110.54112326461927,138.2,82.34175870858114,102.4375,-35.76249999999999,-55.85824129141885,0.5958159096134671,28978758058.690765,145440021807.30045,173989400275.01022,5.018849376247951,0.0237781909859791,0.0359146023217356,0.2103491796381994,0.284812789230122,0.0,1.0195412064570943,garnet,-1.4113648794528624,0.7006041620008547,39.361127471602856,271.9311632309634,-1.3282079295682614,13233.609548099845,7.40016992353441,91.32058823529412,58.79184367034835,0.719774406664269,656415527545.8713,220622.9916,19.18210591354012
1.828394495412844,2.58,1.978,-1.3885593220338983,-0.6020000000000001,1.6,120.90596330275228,184.0,67.43644067796609,67.2,-116.8,-116.56355932203392,0.3665023949889461,12278644599.949677,214449774412.52728,549603046644.5031,17.46526440006303,0.0250327519855891,0.0630434782608695,0.1146788990825688,0.4266055045871559,0.0,0.8474576271186439,chalcogenidotetrelates,-0.508910317109651,1.2421751646441046,78.4954128440367,193.44954128440367,-2.9179066710659773,17993.354357798165,4.237288135593221,110.72,28.279661016949152,0.5004024235381879,318764229770.07025,25433.870400000003,19.406530876526396
1.9909523809523813,2.58,2.19,-1.237,-0.3900000000000001,1.6,121.3095238095238,184.0,52.35,17.0,-167.0,-131.65,0.2845108695652174,12278644599.949677,11763701986622.422,38922178734970.95,958.061933535452,0.0986056644880174,0.2941176470588235,0.1428571428571428,0.3333333333333333,0.0,1.1,glass,-0.3519399456521739,2.9813935847813493,61.33333333333333,194.09523809523807,-12.981435729847492,19294.130952380958,0.0,104.71428571428572,17.099999999999998,0.0,0.0,0.0,19.157845229472827
2.349555555555556,3.44,1.239,-2.3366666666666664,-2.201,2.55,112.83470899470898,138.2,83.84580498866212,101.82619047619048,-36.37380952380951,-54.354195011337865,0.6066990230728084,28978758058.690765,193375311178.02637,269297863839.20792,6.673002023978486,0.0282128412000783,0.0429506702238681,0.2222222222222222,0.2444444444444444,0.0,1.1428571428571428,garnet,-1.4176533839134622,0.8243212565760155,33.78222222222222,287.72850793650787,-1.5334862724129632,13778.778501385736,10.333333333333332,90.91176470588236,73.28571428571428,0.9433483923290392,51911175202201.37,1091108.25,21.58373595214119
1.92328,2.728595041322314,2.0818181818181816,-1.5606880645781278,-0.6467768595041323,2.18,119.806,183.23140495867767,60.31395348837209,25.36363636363636,-157.8677685950413,-122.91745147030558,0.3291682094670075,10785273542.638672,6138509051611.639,35389168323668.766,569.156547336844,0.0581723672408378,0.2690477358583132,0.088,0.428,0.007147235206122,0.9379844961240312,argyrodites,-0.5137288957537117,2.755231736155423,78.42304132231405,261.17708,-7.150399127238474,18318.767,0.0,104.24475524475524,14.038759689922482,0.3046360973492381,34818211387897.824,52588.86694214877,16.848437012574013
2.252,3.06,1.22,-2.02,-1.84,2.18,142.945,188.5,74.6125,95.95,-92.55,-113.8875,0.3958222811671087,5764500741.230718,125737447879.54507,129885365241.86926,21.812374310268577,0.0189276822419084,0.0312662845231891,0.1,0.3,0.039787798408488,1.5,halides,-0.7995610079575596,1.3387029417696592,56.55,311.62010000000004,-2.155626411325343,23640.61525,2.75,114.42857142857142,31.75,0.0,0.0,0.0,30.407877048600024
2.3772,3.16,1.7909090909090908,-1.957,-1.3690909090909094,2.18,136.785,181.0,70.4625,78.27272727272727,-102.72727272727273,-110.5375,0.38929558011049725,6449680150.445432,150392436750.62628,219037092365.51917,23.31781316942357,0.02052557680631451,0.03558122205663189,0.11000000000000001,0.29,0.0,1.5,halides,-0.7618514502762431,1.367687818257417,52.489999999999995,298.1913,-2.26884594622799,21655.122499999998,5.25,105.32394366197184,32.75,0.30463609734923813,101550295277.35382,71175.29920661157,24.99401736563541
2.8247311827956985,3.44,1.9384,-1.733939393939394,-1.5015999999999998,2.46,103.755376344086,138.2,41.12878787878788,32.69,-105.51,-97.07121212121211,0.2976033855194492,28978758058.690765,17974015330029.543,23685906696836.19,620.2479517454377,0.1572026586772981,0.2027667687132927,0.2688172043010752,0.086021505376344,0.0,1.8181818181818183,nasicon,-0.5160262339219055,2.7925653387691196,11.888172043010739,255.23822580645157,-15.25985262648251,13105.143413978492,0.4242424242424242,79.34117647058824,35.3939393939394,0.9173573878312138,44311120265352.52,504359.31883104,18.294568149057167
2.825136612021858,3.44,1.8292,-1.786031746031746,-1.6107999999999998,2.46,106.46639344262292,138.2,46.02142857142857,40.437,-97.763,-92.17857142857142,0.3330059954517263,28978758058.690765,18676813723757.777,23500453041657.52,644.5001433785247,0.1595931000376398,0.1972354541955743,0.2732240437158469,0.0710382513661202,0.0,1.9047619047619049,nasicon,-0.5947592794956864,2.80922301830462,9.817486338797812,261.90732786885235,-14.711063971326723,13527.635286885246,6.46031746031746,81.31764705882354,62.61904761904762,0.8420953021316528,169327765419231.97,1066475.7444,21.62173693543852
1.8838323353293407,2.58,2.127,-1.33632183908046,-0.4529999999999998,1.6,118.4760479041916,184.0,58.22413793103448,27.15,-156.85,-125.77586206896552,0.316435532233883,12278644599.949677,6038181164402.469,25849499455808.86,491.76284200189457,0.0623542259371403,0.2216112531969309,0.1197604790419161,0.4011976047904191,0.0,0.9195402298850576,lgps,-0.4228597123851867,2.6917557100000913,73.82035928143712,189.5616766467066,-7.842656520886871,18157.59131736527,0.8045977011494253,105.3,17.45977011494253,0.6474466390346325,716122749459.5837,181866.86927500003,17.910485486294924
2.851092896174863,3.44,1.9242,-1.710634920634921,-1.5157999999999998,2.46,104.9603825136612,138.2,41.64682539682539,34.925,-103.275,-96.5531746031746,0.3013518480233386,28978758058.690765,18771770486169.75,23620098562296.605,647.7769146680208,0.1631628129673599,0.2017332924870217,0.2732240437158469,0.0710382513661202,0.0,1.9047619047619049,nasicon,-0.5155029946265905,2.8114254666581986,9.817486338797812,258.2025409836065,-15.753887569182622,13318.111953551912,0.5714285714285715,79.68823529411765,38.87301587301588,0.8802861522293415,55481133092245.52,603887.0061776398,18.86804059025176
2.847182320441989,3.44,1.8352,-1.7590163934426226,-1.6048,2.46,106.54834254143644,138.2,44.28278688524591,39.175,-99.025,-93.91721311475408,0.3204253754359327,28978758058.690765,19295713536199.875,23513412456236.92,665.8571598244552,0.1652327808699935,0.1983247334021327,0.2762430939226519,0.0607734806629834,0.0,1.9672131147540983,nasicon,-0.5636334882668126,2.823381073984982,8.398895027624306,262.10892265193365,-15.518202294510639,13567.481284530386,6.868852459016393,81.0,65.22950819672133,0.7524177643476055,162269548162769.88,1122733.6504000002,21.98121467186652
2.8594505494505498,3.44,1.9172,-1.7041935483870967,-1.5228,2.46,105.41153846153846,138.2,41.95,35.818,-102.382,-96.25,0.3035455861070912,28978758058.690765,19062132783639.69,23607199497611.12,657.7967470183885,0.1653858452131767,0.2015228925087836,0.2747252747252747,0.0659340659340659,0.0,1.9354838709677415,nasicon,-0.5173004294850848,2.818091721449073,9.112087912087906,259.3123846153846,-15.918387601768258,13404.12695054945,0.935483870967742,79.94117647058825,40.96774193548387,0.8030448563658358,70600106087374.47,622443.564,19.175000346692315
1.8727142857142856,2.58,2.0788,-1.3502727272727275,-0.5012000000000003,1.6,118.0690476190476,184.0,58.13181818181817,26.28,-157.72,-125.86818181818182,0.3159337944664031,12278644599.949677,5721720817782.483,24752765248463.11,465.9896107593124,0.0614242087620371,0.2198961481825931,0.119047619047619,0.4047619047619047,0.0,0.9090909090909092,lgps,-0.42659678629177145,2.668376234200303,74.47619047619047,188.91047619047617,-7.731353476498043,18073.572619047623,0.3636363636363637,105.416,16.3,0.8731726364245316,1280717338912.633,397661.07013504,17.344835600444874
2.4007999999999994,3.214666666666666,1.78,-2.0346666666666664,-1.434666666666666,3.0,134.83499999999998,177.64166666666665,70.625,80.0,-97.64166666666664,-107.01666666666664,0.397570014542384,7163642756.115884,149288957386.92316,224091403271.3816,20.839810480424823,0.0204861111111111,0.0375,0.1,0.3,0.0707364041314396,1.5,halides,-0.8089224562555706,1.31889376512269,53.2925,404.50499999999994,-2.1923553240740725,21035.550625,5.0,103.14285714285712,31.75,0.0,0.0,0.0,23.844156842686044
2.618810046330164,3.16,1.2335203366058909,-2.0158219800181656,-1.9264796633941093,2.18,156.5767292530277,181.0,90.02830759915227,102.28775128564747,-78.71224871435251,-90.97169240084772,0.4973939646362004,6449680150.445432,199052621325.6597,239701641348.03427,30.86240196142325,0.0317644596716045,0.0409881093271928,0.1738600341380151,0.0946110704706169,0.0,2.724795640326976,halides,-1.002657686642031,1.4894297233472622,17.12460375518166,341.3372697716004,-2.889666654524337,26312.27754070823,14.03178928247048,110.1984917856181,96.425068119891,0.6368377286186921,692358531552.4363,977886.3137799512,39.12203135846361
1.833346007604563,2.643333333333333,2.162380952380952,-1.4896969696969693,-0.480952380952381,1.98,117.6577946768061,186.0,60.30769230769232,18.52380952380952,-167.47619047619048,-125.69230769230768,0.3242349048800662,11078757388.627398,5337108081797.113,35620722334686.53,481.7424819931321,0.053413055552093,0.2776504541210424,0.0798479087452471,0.4638783269961977,0.0240437416935461,0.8391608391608393,argyrodites,-0.48301175526981965,2.6828149458404655,86.28136882129277,232.96243346007608,-6.713610213239996,17937.07794676806,0.0,105.822695035461,12.965034965034963,0.3144922012814107,84308152624.82921,161657.52249433106,16.8408647067919
2.36,3.1466666666666665,1.78,-1.9666666666666663,-1.3666666666666665,2.18,137.45,182.0,70.625,80.0,-102.0,-111.375,0.3880494505494505,6358322895.883472,149288957386.92316,224091403271.3816,23.47929789529505,0.0204861111111111,0.0375,0.1,0.3,0.0205585570701864,1.5,halides,-0.7631639194139191,1.3706851060015535,54.6,299.641,-2.2816406249999988,21889.675,5.0,106.0,31.75,0.0,0.0,0.0,25.254340209288145
2.2612678936605315,3.44,1.286271186440678,-2.314859437751004,-2.153728813559322,2.46,108.89468302658486,138.2,80.64859437751002,95.2457627118644,-42.9542372881356,-57.551405622489966,0.5835643587374097,28978758058.690765,184865768175.5358,252043189222.96185,6.379354415435148,0.0260878608020912,0.0386028525337287,0.2413087934560327,0.2678936605316973,0.0,0.9638554216867468,garnet,-1.3508694633584055,0.8047767307587141,37.02290388548056,267.8809202453987,-1.501393058844207,12938.02641445126,7.710843373493975,93.04469273743018,60.12449799196787,0.9974427300587624,60339041403452.21,384377.1581858661,20.299417583516327
2.417127659574468,3.1805000000000003,1.286,-2.1105,-1.8945000000000003,3.0,141.02380319148935,179.740625,72.7,85.17999999999999,-94.560625,-107.040625,0.4044717214041066,6717416127.571853,159948725890.00504,245374127004.96823,23.811049196950936,0.0231856765100182,0.0432757445785064,0.1063829787234042,0.2553191489361702,0.0437563536581281,1.7647058823529411,halides,-0.853637568023367,1.376778532339239,45.891223404255314,423.071409574468,-2.481809304680167,22604.17495678192,3.4117647058823533,105.79285714285714,35.76470588235294,0.6730116670092565,1553327997626.662,25977.840000000004,25.5678656424415
1.798530986993114,2.5932,1.999,-1.469069872701556,-0.5941999999999998,1.6800000000000002,122.4319051262433,189.94,65.14073550212164,50.82,-139.11999999999998,-124.79926449787833,0.3429542776778017,10845306662.832708,394126265186.2253,2031639005700.8772,36.3407211468636,0.0263278708823263,0.0962121212121212,0.0765110941086457,0.4644223412394797,0.0703511622940749,0.8486562942008486,halides,-0.5038237970505822,1.5603935412162644,88.21237949502677,205.68560061208876,-3.285698921909429,18969.950841622034,1.8670438472418671,111.36285714285714,18.793493635077795,0.6410354778811556,701363231946.2876,137654.49274896004,18.637634030602428
2.874035087719298,3.44,1.715384615384615,-1.8976470588235295,-1.7246153846153849,2.46,113.03508771929825,138.2,53.8235294117647,49.61538461538461,-88.58461538461538,-84.37647058823529,0.3894611390142164,28978758058.690765,1500753005431.6174,1924260142869.4165,51.78803737524355,0.09366094625610195,0.1179212943918826,0.22807017543859648,0.07017543859649122,0.0,2.3529411764705883,silicates,-0.7390597849763896,1.714229452758528,9.698245614035086,278.06631578947366,-7.902780077044273,14289.396491228068,16.941176470588236,79.16981132075472,105.88235294117648,0.2711893730418441,27888048283822.875,286300.4023668639,25.47817942289018
2.098888888888889,2.273846153846154,1.81,-0.6298461538461537,-0.4638461538461538,2.18,114.6287037037037,143.15384615384616,40.46333333333333,33.704166666666666,-109.4496794871795,-102.69051282051282,0.2826562779867455,13361659459.31295,318747039471943.4,398402710637739.5,23855.3482404298,0.3080992163514634,0.3814203167356256,0.2222222222222222,0.0555555555555555,0.076318197861713,2.6,argyrodites,-0.17802996955042089,4.37758576077309,7.952991452991445,249.8905740740741,-31.63886652672991,15903.965756172838,4.2,53.0,40.2,0.5623351446188083,45144231649816.734,307680.1875,2.6710842417598317
1.896969696969697,2.58,2.145,-1.3258823529411763,-0.435,1.6,118.74242424242424,184.0,57.3235294117647,24.25,-159.75,-126.6764705882353,0.3115409207161125,12278644599.949677,7056165601621.789,29584550678426.6,574.6697482921453,0.068347179735776,0.2423273657289002,0.1212121212121212,0.3939393939393939,0.0,0.9411764705882352,thio_lisicon,-0.4130666089965397,2.759418335648415,72.48484848484848,189.9878787878788,-8.65797950358786,18300.310606060608,0.5882352941176471,105.1,17.0,0.5623351446188083,590211057246.9097,149890.27687500004,17.931244403758832
2.3251396648044698,3.236116504854369,1.4,-2.145590189064895,-1.8361165048543688,2.46,126.40139664804472,169.3650485436893,68.17434210526316,70.0625,-99.30254854368933,-101.19070643842616,0.4025289910254237,12574089678.900473,231553415704.24863,531709515151.5878,18.415123608733207,0.0253050621471674,0.0546777546777546,0.111731843575419,0.3128491620111732,0.1124326380336092,1.355263157894737,halides,-0.8636622539583404,1.2651746383367681,52.98571351087487,310.94743575419,-2.560637115140146,18709.268337988826,2.368421052631579,97.47154471544717,28.73684210526316,0.5623351446188083,93258080858442.2,267544.11016875,20.18898230679936
2.3854545454545457,3.44,1.2600000000000002,-2.32,-2.18,2.46,113.2181818181818,138.2,83.24,98.98,-39.22,-54.96,0.6023154848046309,28978758058.690765,199039952944.88867,273725097131.007,6.868477680850658,0.0294653053287185,0.0441157958426222,0.2272727272727272,0.2272727272727272,0.0,1.2,garnet,-1.3973719247467438,0.8368604913437849,31.4090909090909,278.5167272727272,-1.6194131808663688,13816.060606060604,10.9,90.05882352941177,76.5,0.6730116670092565,747223949035.1819,1055378.16,22.15324015262341
2.271479264643009,3.4399999999999995,1.207302504816956,-2.358213977566868,-2.232697495183044,2.46,110.4936938862762,138.2,82.28537532355479,100.51782273603082,-37.682177263969166,-55.9146246764452,0.5954079256407727,28978758058.69076,160947572660.61057,206071597510.664,5.553984485278596,0.0246207665819213,0.0367128843679487,0.221889696451475,0.2736212056434374,0.0,1.018119068162209,garnet,-1.4040992926001645,0.7446046622404352,37.81445061992304,271.81448696023944,-1.3766609226744941,13234.91480155337,7.506471095772218,92.0629782224838,60.08973252804142,0.8053864336271026,17308089137455.432,216288.3842818745,19.57673290698788
1.82937547600914,2.643333333333333,2.1523,-1.4989153810191678,-0.4910333333333332,1.98,117.96306169078449,186.0,60.70897615708275,19.08,-166.92000000000002,-125.29102384291724,0.3263923449305524,11078757388.627398,4933798839589.619,34415690748582.72,445.33864823633365,0.0508351673932071,0.2716399286987522,0.0761614623000761,0.4668697638994669,0.0240437416935461,0.8415147265077139,argyrodites,-0.4892345060633186,2.6486903865469698,86.83777608530085,233.56686214775328,-6.369190169921,17975.537890327498,0.0,105.80714285714284,12.786816269284714,0.3863867062886037,110659109454.83864,212184.43197900004,16.764090326588356
2.3270085470085466,3.350769230769231,1.33,-2.3034615384615384,-2.020769230769231,3.0,121.6602564102564,163.37307692307692,69.51923076923077,78.0,-85.37307692307692,-93.85384615384615,0.42552440144077974,13296304142.356936,162434006083.4365,322366634847.03424,12.216477928327762,0.021827744904667983,0.05128205128205129,0.08547008547008547,0.358974358974359,0.13720102433616263,1.25,oxyhalides,-0.9801790923957038,1.0869460146815808,58.64674556213018,364.98076923076917,-2.048617812168108,17262.906036324788,2.307692307692308,93.26666666666665,26.500000000000004,0.0,0.0,0.0,18.324825813835094
1.8446511627906972,2.58,2.016,-1.3747826086956525,-0.5640000000000001,1.6,116.93023255813952,184.0,58.60869565217392,26.6,-157.4,-125.3913043478261,0.3185255198487712,12278644599.949677,4037104505371.8906,18123003413179.125,328.7907286923539,0.0529799271487251,0.1903743315508021,0.1162790697674418,0.4186046511627906,0.0,0.8695652173913042,thio_lisicon,-0.4379033451138325,2.5169195627167964,77.02325581395347,187.08837209302325,-6.643222169431443,17743.662790697676,0.0,105.2,14.869565217391305,0.6730116670092565,234820391416.1032,450258.74160000007,16.715073125067914
2.848369565217392,3.44,1.9516,-1.7009375,-1.4883999999999995,2.46,104.48369565217392,138.2,41.265625,33.92,-104.28,-96.934375,0.2985935238784371,28978758058.690765,18488978194709.74,23631072742776.016,638.0183083506876,0.161077680391876,0.2020312827534532,0.2717391304347826,0.0760869565217391,0.0,1.875,nasicon,-0.5078889220219791,2.8048331412628436,10.515217391304342,257.0298913043478,-15.613964275236256,13232.670108695653,1.125,79.42352941176472,38.84375,0.8731726364245316,48271401710494.97,574892.53845216,18.991820658476023
2.289468085106383,3.44,1.2305,-2.3510869565217387,-2.2095,2.46,110.831914893617,138.2,82.27391304347826,101.48,-36.72,-55.92608695652173,0.5953249858428239,28978758058.690765,165525199375.08493,219046707176.29388,5.711949388577876,0.0250849602875502,0.0384361494021062,0.2127659574468085,0.2765957446808511,0.0,1.0434782608695652,garnet,-1.399660809106552,0.7567843506660996,38.225531914893615,272.6465106382978,-1.4029036703424267,13306.242907801416,7.739130434782609,91.22058823529412,60.04347826086957,0.8237197315118312,25816540596175.71,224786.000491,19.47610458398468
2.6529018789144048,3.44,1.373291925465839,-2.106256983240224,-2.0667080745341613,2.46,116.87258176757132,138.2,81.12830540037244,82.651966873706,-55.54803312629399,-57.07169459962755,0.587035494937572,28978758058.690765,421662272621.6047,454901616407.51166,14.55073650042596,0.0470194576641648,0.0506199767404896,0.336116910229645,0.0375782881002087,0.0,1.675977653631285,perovskites,-1.2364476106221423,1.1628849761381326,5.193319415448841,287.5065511482254,-2.6834801280493306,14699.679821387148,8.273743016759775,91.99349240780911,85.73184357541899,0.6635141518578722,22769542453817.184,131668.31526561477,25.666448349309885
2.3120000000000003,3.16,1.22,-2.12,-1.94,2.18,138.445,181.0,74.6125,95.95,-85.05000000000001,-106.3875,0.4122237569060773,6449680150.445432,125737447879.54507,129885365241.86926,19.495144712077128,0.0189276822419084,0.0312662845231891,0.1,0.3,0.0,1.5,halides,-0.873914364640884,1.2899264632953973,54.3,301.81010000000003,-2.01366879451103,21944.11525,2.75,108.0,31.75,0.0,0.0,0.0,23.829308597796224
2.415531914893617,3.16,1.394,-2.0582352941176474,-1.766,2.18,140.83687943262413,181.0,69.96078431372548,75.86666666666667,-105.13333333333333,-111.03921568627452,0.3865236702415772,6449680150.445432,178369722988.11398,308005517138.5388,27.655592033629038,0.0242711148942948,0.0469662350850469,0.1063829787234042,0.2553191489361702,0.0,1.764705882352941,halides,-0.7955566601031052,1.4417829600095262,46.212765957446805,307.0243971631206,-2.6950455616939504,22688.82505910166,3.411764705882353,104.88571428571429,33.647058823529406,0.5004024235381879,52889324474633.18,329622.9603840001,25.669638290855143
2.870550964187328,3.44,1.9387,-1.680569105691057,-1.5013,2.46,105.09435261707988,138.2,40.49796747967479,34.2875,-103.9125,-97.7020325203252,0.2930388384925817,28978758058.690765,19232802361475.1,23627745298599.86,663.6862187993995,0.1674200883282579,0.2025193012363499,0.2754820936639118,0.0633608815426997,0.0,1.951219512195122,nasicon,-0.49247201873822416,2.821962799770243,8.756473829201097,258.5321074380165,-16.35728291440317,13363.752858126722,0.7479674796747968,79.45588235294119,40.0569105691057,0.7795654523164246,53200536588135.24,625629.2795999999,19.12235554995286
2.284553191489361,3.44,1.2074,-2.3611304347826083,-2.2326,2.55,111.04010131712258,138.2,82.69933747412007,102.45847619047618,-35.74152380952381,-55.50066252587992,0.5984033102324173,28978758058.690765,159167441935.29028,204423865064.76617,5.492555671741625,0.0249572862945949,0.038142499218309,0.2127659574468085,0.2765957446808511,0.0,1.0434782608695652,garnet,-1.4129082680644196,0.7397744675602591,38.225531914893615,283.15225835866255,-1.3851459241980797,13362.724745211555,8.217391304347828,91.24117647058824,62.72173913043479,1.0789483386998906,21191362079251.86,564627.0384,19.80475433267304
2.6455717255717257,3.44,1.3758620689655174,-2.111160220994475,-2.0641379310344825,2.46,116.50679140679138,138.2,80.551197053407,82.31044932079415,-55.88955067920584,-57.648802946592994,0.5828596024124963,28978758058.690765,418842953558.3204,458538847684.9055,14.453447339255757,0.0465773980787112,0.0508588748196126,0.3316008316008315,0.0446985446985446,0.0,1.6574585635359116,perovskites,-1.2305100070379176,1.1599714444528089,6.177338877338863,286.60670686070677,-2.685131243604641,14627.57569184569,8.00828729281768,91.74211099020675,83.76519337016575,0.6605542093996428,22629336042618.03,130857.55053507732,25.289844807726084
2.4450000000000003,3.16,1.33,-2.1450000000000005,-1.83,2.18,139.42371134020618,181.0,72.00270270270269,84.16,-96.84,-108.99729729729732,0.3978049873077496,6449680150.445432,150075150321.54053,219520072541.02,23.268619035499917,0.0215076118301924,0.0395781637717121,0.1030927835051546,0.2783505154639176,0.0,1.6216216216216215,halides,-0.853291697775123,1.3667706091973952,50.38144329896908,303.9436907216495,-2.34427156081035,22264.643608247425,4.756756756756757,108.07142857142856,41.91891891891892,0.6108643020548935,10480601709274.38,223221.81,25.99537938078469
2.49223602484472,3.19,1.54175,-1.841639344262295,-1.64825,2.46,118.7531055900621,152.95999999999998,62.67622950819672,60.14375,-92.81624999999998,-90.28377049180328,0.4097556845462652,25591345177.812386,503497492219.3019,702547401036.0808,19.6745223324889,0.0484342356175441,0.0660844315389769,0.248447204968944,0.1304347826086956,0.1929916317991632,1.639344262295082,nasicon,-0.7546221901955317,1.2939041971488912,19.951304347826074,292.1326397515528,-4.3728254124402754,16567.635170807454,1.278688524590164,89.52142857142857,44.60655737704919,0.116906849137531,3627749615844.5273,24743.469584437506,20.3766902561204
2.8843956043956047,3.44,2.008,-1.6309677419354838,-1.432,2.46,104.22802197802196,138.2,38.4758064516129,31.51,-106.68999999999998,-99.72419354838708,0.2784067037019747,28978758058.690765,19209010866908.84,23789328320864.85,662.8652210700254,0.1691588083544942,0.2062013668040173,0.2747252747252747,0.0659340659340659,0.0,1.9354838709677415,nasicon,-0.45407235287651093,2.821425233237457,9.112087912087906,256.400934065934,-16.869225744758097,13258.58475274725,1.6129032258064515,78.98823529411766,38.903225806451616,1.0503510239408722,35082896251636.285,427873.4150841601,19.27554884072406
1.8105992509363296,2.643333333333333,2.0885,-1.5125170068027207,-0.5548333333333333,1.98,117.39513108614231,186.0,61.39115646258504,22.6,-163.4,-124.60884353741496,0.3300599809816399,11078757388.627398,3752242108781.485,26789326463925.72,338.6879933514248,0.0445816036852451,0.2336007130124777,0.0749063670411985,0.4756554307116105,0.0240437416935461,0.8163265306122449,argyrodites,-0.4992213344997129,2.5297998009739833,88.47191011235955,232.44235955056178,-5.555262078261749,17767.57958801498,0.0,105.96428571428572,12.673469387755103,0.6474466390346325,222590162696.51453,426807.765475,16.495614769553686
2.826344086021505,3.44,1.9444,-1.7293939393939397,-1.4956,2.46,104.24731182795698,138.2,42.51515151515152,34.52,-103.68,-95.68484848484846,0.3076349603122397,28978758058.690765,17913425778079.098,23605928488261.6,618.157125360548,0.1557404425809357,0.2008366434660943,0.2688172043010752,0.086021505376344,0.0,1.8181818181818183,nasicon,-0.5320220359096824,2.791098879625619,11.888172043010739,256.4483870967742,-14.902000651320073,13158.149462365587,0.8787878787878789,79.12941176470589,36.57575757575758,0.9173573878312138,49699692038508.68,694649.6423999998,18.685839566884475
2.286904761904762,3.44,2.118,-2.201363636363636,-1.322,2.46,96.5357142857143,138.2,58.65909090909092,28.6,-109.6,-79.54090909090907,0.4244507301670834,28978758058.690765,5546540953245.412,23981973844499.99,191.40022985153425,0.0594599016593901,0.2112531969309463,0.119047619047619,0.4047619047619048,0.0,0.9090909090909092,lisicon,-0.9343704028178113,2.281942454983108,55.938095238095244,237.47785714285718,-4.7294946324439415,11060.47738095238,0.9090909090909092,73.4,17.68181818181818,0.6730116670092565,755470153276.0444,191859.5544,12.855391019618263
2.8308510638297872,3.44,2.0352,-1.6841176470588233,-1.4047999999999998,2.46,102.44680851063828,138.2,39.352941176470594,29.22,-108.98,-98.8470588235294,0.2847535540989189,28978758058.690765,17592352471552.516,23880831630158.26,607.0775164319558,0.1560428179367687,0.2068848990606721,0.2659574468085106,0.0957446808510638,0.0,1.7647058823529411,nasicon,-0.4795584855207086,2.7832441487511397,13.231914893617017,252.01914893617015,-15.424373603585062,12915.873936170212,1.5294117647058825,78.61176470588236,33.794117647058826,1.0503510239408722,9185613934037.926,208878.42165696,18.400557277909268
2.406451612903226,3.218947368421053,1.4,-2.0989473684210527,-1.8189473684210529,2.46,131.8725806451613,171.98947368421054,68.35416666666667,70.0625,-101.92697368421054,-103.63530701754388,0.3974322683966787,11192643920.602345,260139710889.7095,531709515151.5878,23.242025095685328,0.0281024614357947,0.0546777546777546,0.1290322580645161,0.2580645161290322,0.1014527738647882,1.5833333333333333,halides,-0.8341894138768183,1.3662739657821967,44.38438030560271,324.4065483870968,-2.912407218847271,20150.0975,3.0,99.8695652173913,34.0,0.5623351446188083,93258080858442.2,267544.11016875,22.8135517816829
2.429247311827957,3.16,1.378,-2.05939393939394,-1.782,2.18,141.68279569892474,181.0,70.1969696969697,76.39999999999999,-104.6,-110.8030303030303,0.387828561861711,6449680150.445432,181094502033.5862,311595796565.66266,28.07805934703279,0.0248846252146582,0.048045189134298,0.1075268817204301,0.2473118279569892,0.0,1.8181818181818183,halides,-0.7986917898218754,1.4483670876457868,44.76344086021504,308.8684946236559,-2.7572918817393246,22892.1335125448,3.545454545454546,105.05714285714284,34.939393939393945,0.4227090878059908,42146180440723.31,262668.296556,26.07978341244854
2.683869346733669,3.44,1.8574,-1.9046835443037973,-1.5825999999999998,2.46,103.83793969849248,138.2,51.64240506329114,42.445,-95.755,-86.55759493670885,0.3736787631207753,28978758058.690765,14882711603185.02,23442558543952.246,513.5731342607237,0.1267129550078172,0.1916138763197586,0.2512562814070352,0.1457286432160804,0.0,1.5189873417721518,nasicon,-0.7117397909719374,2.7106022970945,20.13969849246231,255.4413316582915,-10.967968632800055,12877.81275125628,0.3924050632911392,81.00588235294119,33.63291139240506,0.7524177643476055,76326643507471.58,550838.2263999999,17.423624099616724
2.884891304347826,3.44,2.086,-1.5959375,-1.354,2.46,103.04347826086958,138.2,37.125,28.620000000000005,-109.57999999999998,-101.075,0.2686324167872648,28978758058.690765,18737374158386.08,23949019576281.727,646.5899649818402,0.1669015722884009,0.209485864381005,0.2717391304347826,0.0760869565217391,0.0,1.875,nasicon,-0.4287205476664254,2.810628960116503,10.515217391304342,253.48695652173916,-16.869576419050123,13080.31820652174,2.5,78.38823529411766,37.09375,0.8731726364245316,1065362704147.5712,173689.06020064003,19.29099487024844
1.8773809523809528,2.58,2.118,-1.3413636363636363,-0.4620000000000002,1.6,118.3452380952381,184.0,58.65909090909092,28.6,-155.4,-125.34090909090908,0.3187994071146245,12278644599.949677,5546540953245.412,23981973844499.99,451.72257475944406,0.0594599016593901,0.2112531969309462,0.119047619047619,0.4047619047619047,0.0,0.9090909090909092,lgps,-0.42762593199784404,2.6548717948971787,74.47619047619047,189.35238095238097,-7.4527581284440085,18087.505952380958,0.9090909090909092,105.4,17.681818181818183,0.6730116670092565,755470153276.0444,191859.5544,17.900300175339083
2.3052991452991454,3.44,1.2784,-2.329122807017544,-2.1616,2.46,110.7905982905983,138.2,81.93859649122805,100.42,-37.78,-56.261403508771934,0.5928986721507096,28978758058.690765,173929101679.39117,237384196617.7858,6.001951544201171,0.0256369411921854,0.0394892629552198,0.2136752136752137,0.2735042735042735,0.0,1.0526315789473684,garnet,-1.3809338195566352,0.7782924848957323,37.79829059829059,272.5448717948718,-1.4423702931441993,13311.43945868946,8.05263157894737,91.1764705882353,60.49122807017545,0.917357387831214,52698989682062.53,203249.28184704,19.637001440233306
1.6575000000000002,2.786666666666666,1.71153801534892,-1.8066666666666664,-1.5947,2.06,115.4375,195.33333333333331,67.5,69.0,-102.29,-127.83333333333334,0.3455631399317406,14683464460.113943,124354808758.77036,582098706960.5773,8.469037337650583,0.0148148148148148,0.0617753623188405,0.0,0.625,0.1785866955897765,0.6,other,-0.6243174061433446,0.9278340475554318,122.08333333333331,237.80125,-1.8938271604938253,17612.156250000004,0.0,112.33333333333331,9.0,0.0,0.0,0.0,15.669314089715328
2.9173446327683616,3.44,1.9342,-1.6229824561403507,-1.5058,2.46,105.84039548022598,138.2,37.71491228070176,33.545,-104.655,-100.48508771929824,0.272900957168609,28978758058.690765,20767703117866.945,23657771881142.09,716.6526279630774,0.1797507833721362,0.2028418189701612,0.2824858757062147,0.03954802259887,0.0,2.105263157894737,nasicon,-0.4429134657485617,2.8553086977663353,5.465536723163833,260.3673728813559,-18.062273234761683,13565.61574858757,0.5964912280701755,79.46470588235294,41.03508771929825,0.8420953021316528,50315704950021.03,572202.28233876,19.406342197564783
2.45,3.126666666666667,1.33,-2.03,-1.7966666666666669,2.18,146.0,183.5,71.0,78.0,-105.5,-112.5,0.3869209809264305,6221287014.040528,190358750788.19165,322366634847.03424,30.597969577449167,0.0269705603038936,0.0512820512820512,0.1111111111111111,0.2222222222222222,0.0304641413828309,2.0,halides,-0.7854495912806538,1.4856926084892128,40.77777777777778,318.28000000000003,-3.03418803418803,24157.5,4.0,107.71428571428572,39.33333333333333,0.0,0.0,0.0,29.99766205899177
2.8546448087431693,3.44,1.9372,-1.70031746031746,-1.5028,2.46,104.83333333333331,138.2,41.27777777777777,34.46,-103.73999999999998,-96.92222222222222,0.2986814600418073,28978758058.690765,18769932561215.93,23617782776854.79,647.7134914892188,0.1632766731733443,0.201876756346562,0.2732240437158469,0.0710382513661202,0.0,1.9047619047619049,nasicon,-0.5078533015821967,2.81138294324549,9.817486338797812,257.88999999999993,-15.825138001012025,13297.164207650274,0.7777777777777777,79.35882352941178,38.6031746031746,0.8420953021316528,52505839554526.11,663898.6595999999,18.965932025457256
2.292146596858639,3.24373831775701,1.4,-2.1637383177570104,-1.84373831775701,2.46,124.18141361256542,168.20000000000002,68.11011904761905,70.0625,-98.13750000000002,-100.08988095238097,0.4049353094388766,13187348309.920671,221344024566.584,531709515151.5878,16.784574075446976,0.0243059909726576,0.0546777546777546,0.1047120418848167,0.3350785340314136,0.1165036738541345,1.2738095238095235,halides,-0.8761740452456893,1.2249103250877522,56.36020942408377,305.4862774869109,-2.4327837428829455,18124.63870418848,2.142857142857143,96.38582677165356,26.857142857142858,0.5623351446188083,93258080858442.2,267544.11016875,19.2122110565834
2.435454545454545,3.44,1.48,-2.21,-1.96,2.46,112.4,138.2,81.44,95.38,-42.81999999999999,-56.75999999999999,0.5892908827785818,28978758058.690765,259680085742.5068,395005362726.2432,8.961049511389547,0.0316392183721968,0.0484636219295787,0.2272727272727272,0.2272727272727272,0.0,1.2,garnet,-1.3023328509406658,0.9523588768845394,31.4090909090909,276.504,-1.7958420348058899,13710.51515151515,10.3,90.76470588235296,67.69999999999999,0.6730116670092565,118834483689803.34,20075.570016000005,21.36960280598384
1.9904344048653344,2.58,1.980049261083744,-1.2315607985480943,-0.5999507389162562,1.6,124.01303214596004,184.0,58.69147005444646,43.59113300492611,-140.40886699507388,-125.30852994555354,0.3189753807306873,12278644599.949677,3630157062002.045,9640103781847.66,295.6480279604252,0.0576708737290984,0.1311384032964419,0.1763683753258036,0.3023457862728062,0.0,1.088929219600726,lgps,-0.3928375746098677,2.470774986501836,55.631624674196345,198.4208514335361,-7.226652407668964,19437.72545612511,2.8130671506352085,108.546699875467,27.94918330308529,1.0518765781772288,3013798604423.8086,382973.0635746561,21.805580444714774
2.404042553191489,3.16,1.286,-2.09,-1.874,2.18,141.8276595744681,181.0,72.7,85.17999999999999,-95.82,-108.3,0.4016574585635359,6449680150.445432,159948725890.00504,245374127004.96823,24.799481859415703,0.0231856765100182,0.0432757445785064,0.1063829787234042,0.2553191489361702,0.0,1.7647058823529411,halides,-0.83946408839779,1.394442607118662,46.212765957446805,309.1842978723405,-2.511008766034971,22854.67670212766,3.4117647058823533,106.54285714285712,35.76470588235294,0.6730116670092565,1553327997626.662,25977.840000000004,25.823667459047563
2.3185714285714285,3.16,1.63,-1.9633333333333336,-1.5300000000000002,2.18,134.0,181.0,71.33333333333333,79.0,-102.0,-109.66666666666669,0.3941068139963167,6449680150.445433,134616400704.74188,155139584596.68484,20.87179481225048,0.0183153617752773,0.0253164556962025,0.1428571428571428,0.2857142857142857,0.0,1.3333333333333333,chlorides,-0.7737630448127686,1.319559796623719,51.71428571428571,292.12,-2.0085846746887444,20913.92857142857,1.0,103.6,27.33333333333333,0.0,0.0,0.0,23.430938434237408
2.817996798536474,3.44,1.480807311500381,-1.9810779315367808,-1.959192688499619,2.46,118.82839393246434,138.2,76.50150521971352,76.91284589997461,-61.287154100025376,-61.69849478028647,0.5535564777113858,28978758058.690765,558535895459.2181,578376615338.9034,19.273976280419397,0.0635201956705145,0.0657458794872259,0.3002515435627715,0.0137205579693574,0.0,2.184996358339403,other,-1.0966385218532584,1.2849713201823039,1.8961811113651925,292.31784907386225,-3.9191004610200144,15107.493188759305,14.983976693372178,87.15441687920242,92.21558630735616,0.5492116278281541,12039412183181.797,440141.2885034476,27.60607082126484
2.282499041451881,3.44,1.2095257234726688,-2.3607628812233905,-2.230474276527331,2.46,110.76330677800026,138.2,82.24192371187766,101.5966237942122,-36.60337620578778,-55.95807628812233,0.5950935145577255,28978758058.690765,155513243420.96585,196421212401.69803,5.366456461177681,0.0247620451475897,0.037821783042288,0.2119882418097388,0.2783197716525369,0.0,1.0395342775219394,garnet,-1.4048746800246499,0.7296876102180525,38.463792442380594,272.4777346738806,-1.3856364114187538,13287.407588150923,7.9933964723260065,90.9785123966942,61.63359110261534,0.8998051134779737,324714972920.32184,462774.6944174481,19.629733966433207
2.315217391304348,3.44,1.218,-2.3518181818181816,-2.222,2.55,112.4679089026915,138.2,84.3965367965368,104.67238095238096,-33.52761904761904,-53.8034632034632,0.6106840578620608,28978758058.690765,188225636844.51517,264870630547.40887,6.495296881367421,0.027074237446769,0.041785544605114,0.217391304347826,0.2608695652173913,0.0,1.0909090909090908,garnet,-1.436217870626501,0.8125990062162839,36.052173913043475,286.7931677018633,-1.4566877382290615,13743.11735778369,9.818181818181818,91.76470588235296,70.36363636363637,1.0549201679861442,92429088954383.4,1126093.36,21.05269748724813
1.8651479289940824,2.58,2.0595,-1.3574157303370789,-0.5205000000000002,1.6,117.52366863905324,184.0,57.76966292134831,24.2,-159.8,-126.2303370786517,0.3139655593551538,12278644599.949677,5337487940189.852,23322797243627.08,434.6968345522215,0.0600946677615547,0.2163101604278074,0.1183431952662721,0.408284023668639,0.0,0.898876404494382,lgps,-0.4261817890527656,2.6381864776844917,75.12426035502958,188.0378698224852,-7.585770168170633,17963.55769230769,0.0,105.05,15.067415730337078,0.6881388137135884,242158528647.85645,464329.3272750001,17.00741947913618
2.8098913043478264,3.44,1.81,-1.8115625,-1.63,2.46,106.3786231884058,138.2,46.71354166666667,40.89333333333333,-97.30666666666666,-91.48645833333332,0.3380140496864448,28978758058.690765,18382629277668.21,23494946128962.85,634.348416189466,0.156957207002042,0.1967570768144656,0.2717391304347826,0.0760869565217391,0.0,1.875,nasicon,-0.6123335768851002,2.802327859878417,10.515217391304342,261.69141304347824,-14.359458978508687,13499.558393719806,6.8125,81.42352941176472,63.84375,0.8731726364245316,176448317975697.47,1052465.404,21.724787193599976
2.517747440273038,3.16,1.4167999999999998,-2.0234408602150538,-1.7432000000000003,2.18,145.74089874857793,181.0,69.91487455197135,74.2375,-106.7625,-111.08512544802865,0.386270025149013,6449680150.445432,237711742265.09702,440620653241.42145,36.85636135749771,0.03026351263505305,0.05791668173327947,0.11376564277588172,0.20364050056882824,0.0,2.1505376344086025,halides,-0.7815945519628092,1.5665124572975295,36.85893060295791,317.7151592718999,-3.361826097562868,23922.998791240047,4.953405017921147,105.19142857142856,42.870967741935495,0.9811157385610441,5645130367835.63,130822.51000000002,28.645207574692378
2.358,3.143333333333333,1.78,-1.9633333333333327,-1.363333333333333,2.18,137.63,182.3,70.625,80.0,-102.29999999999998,-111.67499999999998,0.3874108612177729,6354415745.809319,149288957386.92316,224091403271.3816,23.49373464985792,0.0204861111111111,0.0375,0.1,0.3,0.0384021626400156,1.5,halides,-0.7606166575242272,1.3709520593022428,54.690000000000005,300.03340000000003,-2.287786458333332,21976.255,5.0,106.11428571428571,31.75,0.0,0.0,0.0,25.07817242641161
2.457582417582418,3.16,1.346,-2.061935483870968,-1.814,2.18,143.43040293040295,181.0,70.71505376344086,77.46666666666665,-103.53333333333336,-110.28494623655914,0.3906909047703915,6449680150.445432,187071436713.97684,318776355419.91034,29.004761840950703,0.0262303897883584,0.0502030972328002,0.1098901098901098,0.2307692307692307,0.0,1.9354838709677424,halides,-0.8055794397717233,1.4624693038120433,41.76923076923076,312.67827838827844,-2.892817127573096,23312.155372405374,3.838709677419355,105.4,37.774193548387096,0.1985152433458726,15701518203406.729,97856.81636400004,26.947988179798703
2.3054354354354354,3.1466666666666665,1.2211,-2.10624060150376,-1.9255666666666664,2.18,139.09864864864863,182.0,74.58533834586464,95.77049999999998,-86.22950000000002,-107.41466165413536,0.4098095513509046,6358322895.883472,126223322337.50482,131810177937.9209,19.851669127911823,0.0189881550092917,0.0314664421907777,0.1001001001001,0.2992992992992993,0.0205585570701864,1.5037593984962403,halides,-0.8631575159393152,1.297797028104995,54.472472472472475,303.23505405405405,-2.039606245759343,22184.82141891892,2.759398496240601,108.83285714285714,31.80701754385965,0.0560015343548473,64074779902.09981,1071.5858999999998,24.64844971226813
2.624948875255624,3.4508,1.3847435897435898,-2.136725925925925,-2.06605641025641,3.0,115.06888207225632,138.04849999999996,78.59329805996472,80.93995726495726,-57.108542735042704,-59.45520194003524,0.569316566713617,28742365282.22699,422304957921.5304,485332874090.5759,14.692769846003772,0.0450006051858139,0.0513860608412176,0.3190184049079755,0.0674846625766871,0.0076820827462811,1.5873015873015872,perovskites,-1.2164734681561218,1.167103675670542,9.316156441717787,345.20664621676895,-2.675520068746362,14350.469988354918,7.216931216931217,91.0701754385965,77.21164021164022,0.7983177955192995,31082337721938.777,145479.3898393327,24.116059580748825
2.437222222222222,3.16,1.33,-2.168333333333333,-1.83,2.18,138.14848484848486,181.0,72.22307692307693,85.92,-95.08,-108.77692307692308,0.3990225244368891,6449680150.445432,141221611757.44138,190135340453.5873,21.895909326245928,0.0203069638139944,0.0362341959116152,0.101010101010101,0.2929292929292929,0.0,1.5384615384615383,halides,-0.8652138404873211,1.3403629859369328,53.02020202020201,301.163696969697,-2.2089290407207294,21936.19606060606,4.923076923076923,108.78571428571428,42.48717948717949,0.3250829733914482,4491686446831.877,95666.49,25.640573890285708
1.9144,2.725,2.19,-1.558846153846154,-0.5350000000000001,2.18,119.02,183.25,59.73076923076923,17.0,-166.25,-123.51923076923076,0.3259523559659985,10821403487.573616,6093250797406.797,38922178734970.95,563.0739861427189,0.057784481313893,0.2941176470588235,0.08,0.44,0.0070888846148794,0.9230769230769232,argyrodites,-0.5081095764346892,2.750565463523497,80.63,259.4636,-7.137494682291052,18147.35,0.0,103.28571428571428,13.153846153846152,0.0,0.0,0.0,16.50573327772189
2.4048936170212767,3.16,1.294,-2.0876470588235296,-1.866,2.18,141.8946808510638,181.0,72.88529411764706,85.81,-95.19,-108.11470588235294,0.4026811829704257,6449680150.445432,159220284620.1172,242897426687.34964,24.686539627724176,0.0231262716537985,0.0430737680673594,0.1063829787234042,0.2553191489361702,0.0,1.7647058823529411,halides,-0.8406561872717888,1.392460218084755,46.212765957446805,309.33040425531914,-2.5002900580058203,22867.643643617022,4.470588235294118,106.71428571428572,40.94117647058824,0.6730116670092565,17346607792583.086,25506.24,26.527543391552943
1.852307692307692,2.668333333333333,2.19,-1.5154761904761906,-0.4783333333333335,2.18,117.4423076923077,184.125,60.285714285714285,17.0,-167.125,-123.83928571428572,0.3274173213073417,11250052240.931076,5666901083931.938,38922178734970.95,503.7222016902328,0.0547152194211017,0.2941176470588235,0.0769230769230769,0.4615384615384615,0.0144811466447396,0.8571428571428571,argyrodites,-0.4961931547907691,2.7021910929245476,84.98076923076923,256.02423076923077,-6.7758936908096485,17775.48076923077,0.0,104.10714285714286,12.857142857142856,0.0,0.0,0.0,16.153780535901188
2.857103825136612,3.44,1.9462,-1.693174603174603,-1.4938,2.46,104.71857923497268,138.2,40.94444444444444,34.04,-104.16,-97.25555555555556,0.2962694967036501,28978758058.690765,18780195296604.195,23630713823444.008,648.0676383221327,0.1635750247807136,0.2022526793718473,0.2732240437158469,0.0710382513661202,0.0,1.9047619047619049,nasicon,-0.5016359875139421,2.81162033521796,9.817486338797812,257.60770491803277,-15.908579910062068,13283.852732240435,1.0158730158730158,79.46470588235294,39.31746031746032,0.8420953021316528,50178851821399.05,592573.51185684,19.057362767748653
1.8846298519407765,2.58,2.1193645484949832,-1.3377444187836798,-0.4606354515050168,1.6,119.156462585034,184.0,59.25481139337951,31.678929765886284,-152.3210702341137,-124.74518860662047,0.3220370184422799,12278644599.949677,6151955629153.707,26311155697364.195,501.02888629734593,0.0618429533491089,0.2191276976109623,0.1196478591436574,0.4001600640256102,0.0,0.9237875288683602,lgps,-0.4308032240628969,2.699862765384,73.62945178071229,190.6503401360544,-7.714610879525021,18257.424569827926,1.2702078521939957,106.18078719146098,19.177829099307164,0.845709674354749,2937711992950.814,76376.83269121376,18.13763883341171
1.9094174757281557,2.616,2.0313207547169814,-1.3731698113207542,-0.5846792452830183,2.46,118.09101941747574,182.78,57.06367924528302,25.75471698113208,-157.0252830188679,-125.71632075471696,0.3121987047011874,12550423325.1806,5081860441790.094,19954377340884.062,404.91546062785625,0.060988351887353,0.1995089631049675,0.1286407766990291,0.3859223300970874,0.039139140546989,0.9433962264150946,oxyhalides,-0.42870183642911336,2.6073643594732197,70.53888349514563,290.5039077669903,-7.6672312081720175,18094.422208737866,0.0,104.3794466403162,15.75,0.6886905739680003,242427602387.57544,464845.2654467783,17.4374184903752
2.3090384615384614,3.2253333333333334,1.33,-2.165787878787879,-1.895333333333333,2.46,128.22884615384615,171.01333333333332,69.88636363636363,78.0,-93.01333333333332,-101.1269696969697,0.4086603206554867,11706464995.702677,169357496506.10306,322366634847.03424,14.467005758636144,0.0231028231028231,0.0512820512820512,0.0961538461538461,0.3269230769230769,0.1058535628277014,1.3636363636363635,halides,-0.8850715690172208,1.1603786543351506,55.908205128205125,315.44296153846153,-2.336318491833643,19136.037115384617,2.7272727272727275,98.37142857142857,29.681818181818183,0.0,0.0,0.0,20.46758648016296
2.86010752688172,3.44,2.07,-1.6342424242424245,-1.37,2.46,102.66397849462363,138.2,38.05303030303031,28.629999999999995,-109.57,-100.14696969696968,0.275347541990089,28978758058.690765,18160860591648.03,23932542442172.598,626.6956145900658,0.1616234385202842,0.2086021981060344,0.2688172043010752,0.086021505376344,0.0,1.8181818181818183,nasicon,-0.4499846345310758,2.7970566556605596,11.888172043010739,252.55338709677414,-16.186097599810946,12988.90954301075,2.121212121212121,78.43529411764706,35.3939393939394,0.9173573878312138,1213412895790.958,164233.03669344002,18.878015034994437
1.88578,2.58,2.1281666666666665,-1.3350384615384616,-0.4518333333333335,1.6,118.494,184.0,58.02692307692308,26.45,-157.55,-125.97307692307692,0.3153637123745819,12278644599.949677,6214910235960.208,26516761659965.0,506.1560488513268,0.0634655956906596,0.225634865276809,0.12,0.4,0.0,0.9230769230769232,thio_lisicon,-0.4210226853936197,2.7042844312804677,73.60000000000001,189.59040000000002,-7.994956367908361,18179.086,0.7307692307692306,105.25,17.276923076923076,0.7026859160767704,678657971626.5306,190804.46973333336,17.879895558344444
1.8383333333333336,2.58,1.33,-1.4833333333333334,-1.25,1.6,127.5,184.0,71.0,78.0,-106.0,-113.0,0.3858695652173913,12278644599.949677,190358750788.19165,322366634847.03424,15.503238100805673,0.0269705603038936,0.0512820512820512,0.1666666666666666,0.3333333333333333,0.0,1.0,thio_lisicon,-0.5723731884057971,1.190422417037288,61.33333333333333,204.0,-3.047673314339977,19460.75,4.0,113.5,39.33333333333333,0.0,0.0,0.0,22.917882518228623
2.3251063829787237,3.44,1.398,-2.2782608695652176,-2.042,2.46,110.29999999999998,138.2,81.18695652173913,98.98,-39.22,-57.013043478260855,0.5874598880010068,28978758058.690765,174113228739.0321,238799174713.3724,6.008305407236572,0.0256640126151847,0.0397679697556657,0.2127659574468085,0.2765957446808511,0.0,1.0434782608695652,garnet,-1.338386875271859,0.778752000112374,38.225531914893615,271.33799999999997,-1.4631834670561605,13225.008865248225,9.08695652173913,90.76470588235296,61.95652173913044,0.8979457248567798,89281038466192.97,581700.028944,20.0253905875436
2.2474747474747474,3.255094339622642,1.4700000000000002,-2.1685726004922072,-1.785094339622642,2.46,119.9378787878788,166.46415094339622,66.33152173913044,62.125,-104.33915094339622,-100.13262920426578,0.3984733131020236,14101065100.415546,258419501519.06845,741052395456.1414,18.32623987470656,0.0242188676971285,0.058073458073458,0.101010101010101,0.3636363636363636,0.1217635928263497,1.1521739130434785,halides,-0.8641183088204009,1.2630733668071676,60.532418524871346,295.04718181818185,-2.4250988988637383,17126.88517676768,1.3043478260869563,94.42857142857144,21.826086956521745,0.6931471805599453,124344107811256.23,356725.48022499995,17.5399447651845
1.8158064516129035,2.58,1.362,-1.480625,-1.218,1.6,125.39247311827955,184.0,70.44791666666666,76.93333333333334,-107.06666666666666,-113.55208333333334,0.3828691123188405,12278644599.949677,183989579769.4004,315186075992.7865,14.984518712281522,0.0255364799300442,0.0491241431835491,0.1612903225806451,0.3548387096774194,0.0,0.9375,thio_lisicon,-0.5668855794270833,1.1756427984023126,65.29032258064517,200.6279569892473,-2.8997204970563732,18954.95609318996,3.6875,112.9,36.3125,0.3250829733914482,29750245016981.168,185412.915216,21.93362185961412
2.3956000000000004,3.16,1.8076923076923077,-1.911,-1.3523076923076924,2.18,136.655,181.0,70.1375,75.61538461538461,-105.38461538461539,-110.8625,0.3875,6449680150.445432,152599395478.03253,211261229433.42325,23.65999428165343,0.02060450819672131,0.032629255989911725,0.13,0.27,0.0,1.5,halides,-0.7405125,1.3740146353279783,48.870000000000005,297.90790000000004,-2.284267289959016,21638.4175,5.75,105.67123287671234,34.75,0.5402041423888609,218122823583.902,152879.48882840236,26.125787537067858
1.8234615384615385,2.605833333333333,2.19,-1.4529761904761906,-0.4158333333333335,1.98,119.6923076923077,189.0,60.285714285714285,17.0,-172.0,-128.71428571428572,0.3189720332577475,10892810723.545645,5666901083931.938,38922178734970.95,520.2423164925191,0.0547152194211017,0.2941176470588235,0.0769230769230769,0.4615384615384615,0.0632712208629704,0.8571428571428571,argyrodites,-0.4634587697512867,2.7162056747951646,87.23076923076923,236.99076923076922,-7.042630385487519,18677.73076923077,0.0,107.75,12.857142857142856,0.0,0.0,0.0,17.387036219291893
2.27864406779661,3.44,1.2056,-2.362758620689655,-2.2344,2.46,110.72881355932202,138.2,82.31034482758622,101.86,-36.33999999999999,-55.88965517241377,0.5955886022256601,28978758058.690765,152913440351.83194,190610834054.67325,5.276742365636784,0.0245229319014365,0.0373376464557772,0.211864406779661,0.2796610169491525,0.0,1.0344827586206895,garnet,-1.4072321042931804,0.722365890479243,38.649152542372875,272.39288135593216,-1.370578207787871,13277.971751412428,7.879310344827584,91.09411764705882,61.120689655172406,0.8731726364245317,268550006229.48425,413493.07840000006,19.54794063715656
2.287796727856616,3.4399999999999995,1.2123248145094805,-2.3598097946849164,-2.227675185490519,2.46,110.76595206064026,138.2,82.01274849642995,101.152706787579,-37.047293212421,-56.18725150357004,0.593435227904703,28978758058.690765,156847274066.88773,199699558796.2041,5.41249123752041,0.0248755013873019,0.0381439130479255,0.2105628607386191,0.2776982163780758,0.0,1.0480846147009155,garnet,-1.400394263320594,0.7333972062668049,38.37789350345007,272.484242069175,-1.3976860527257373,13290.141523769573,7.945249311172341,90.68637346791638,61.35267976179896,0.9094448770750604,332766153902.38525,468242.6189487477,19.57175821287601
2.5162025316455696,3.408181818181818,2.19,-2.013324675324675,-1.2181818181818185,2.46,101.9151898734177,143.06363636363633,50.18571428571429,17.0,-126.06363636363632,-92.87792207792204,0.3507929447435072,26418635569.117428,13426465869174.371,38922178734970.95,508.2195041468946,0.1105757858699035,0.2941176470588235,0.1518987341772151,0.291139240506329,0.0949465390279772,1.2571428571428571,glass,-0.7062600915819084,2.706051328130387,41.651438434982715,250.71136708860755,-10.27004922372989,12872.62164556962,0.0,76.50000000000001,18.25714285714286,0.0,0.0,0.0,14.586843099211531
2.2877106382978725,3.44,1.2111450381679392,-2.354678260869565,-2.2288549618320608,2.46,110.84893617021277,138.2,82.30869565217392,100.0,-38.19999999999999,-55.89130434782607,0.5955766689737622,28978758058.690765,165735617540.30527,215171469252.59705,5.719210506007208,0.0249151177264033,0.0369815101360491,0.2229787234042553,0.2663829787234043,0.0,1.0434782608695652,garnet,-1.4023914351136268,0.7573360818439004,36.81412765957447,272.6883829787234,-1.3925384277083233,13312.91843971631,7.565217391304348,91.82134570765662,60.60695652173912,0.8281491124988698,21443545148988.547,217745.1457184896,19.677664823215224
2.561333333333333,3.44,1.296,-2.1966666666666663,-2.144,2.49,117.33111111111111,138.2,86.02777777777779,89.73333333333333,-48.466666666666654,-52.1722222222222,0.6224875381894196,28978758058.690765,359802693683.99225,406892270669.0366,12.416083979695845,0.0417396371568301,0.0471246016252332,0.3333333333333333,0.0666666666666666,0.0,1.5,perovskites,-1.3673976255560916,1.0939846413976146,9.213333333333322,292.1544666666667,-2.177649625221063,14799.008814814812,7.833333333333333,96.21428571428572,80.16666666666666,1.0549201679861442,47783752108981.79,674013.04,25.827310385960025
2.7952127659574466,3.44,1.9012,-1.7826470588235297,-1.5388,2.46,104.68617021276594,138.2,45.54411764705883,37.64,-100.56,-92.65588235294116,0.329552226100281,28978758058.690765,17352013012061.396,23553969965250.336,598.7838739299424,0.1497176195658008,0.1982826292761558,0.2659574468085106,0.0957446808510638,0.0,1.7647058823529411,nasicon,-0.5874753065864128,2.777270095683128,13.231914893617017,257.5279787234042,-13.87221814465124,13184.46170212766,0.4705882352941177,80.15294117647059,37.08823529411765,0.942216333812959,62027708411363.33,595311.8424,18.392077473156515
2.295208333333333,3.242962962962963,1.386,-2.1662962962962964,-1.856962962962963,2.46,124.64270833333332,168.3185185185185,68.48809523809523,71.65,-96.66851851851848,-99.83042328042326,0.4068957821213245,13124962493.629234,211375315980.6529,489840939090.6771,16.104832001101187,0.0241442908109574,0.053998613998614,0.1041666666666666,0.3333333333333333,0.1161100731976729,1.2857142857142858,halides,-0.88145682578801,1.2069561988002138,56.10617283950616,306.62106249999994,-2.410334771463511,18221.416302083333,2.2857142857142856,96.5625,27.61904761904762,0.5004024235381879,79580228999204.0,228304.307344,19.396286426623604
2.060046461758399,2.5955945419103315,1.973636363636364,-1.1902013727284408,-0.6219581782739678,1.6800000000000002,131.59506790564689,191.0175438596491,58.95710881652106,47.54545454545455,-143.47208931419453,-132.06043504312805,0.3086476122834038,10585292438.431608,676806913745.1454,1414776330424.5327,63.93842377824999,0.0432160350805935,0.0811545853428581,0.1926375982844889,0.2573266619013581,0.0746598142281469,1.2223987291501193,glass,-0.3673528118290628,1.8057619257604114,49.15390692599977,221.0797140814868,-5.707128393582261,21791.395461043605,4.281175536139794,112.18864292589028,32.54646544876887,0.4741393130578374,449904894915.4547,122779.9458,29.299359965424543
2.55162037037037,3.16,1.4788000000000001,-1.9910606060606062,-1.6812,2.18,146.78819444444443,181.0,69.03409090909089,71.55000000000001,-109.44999999999999,-111.96590909090911,0.38140381717729777,6449680150.445432,276147611970.3772,525087809237.41254,42.81570644263743,0.03293636355320192,0.06265570348415676,0.11574074074074073,0.1898148148148148,0.0,2.2727272727272725,halides,-0.7593981153828592,1.6316031141083118,34.35648148148148,319.99826388888886,-3.687749887382938,24216.028645833336,5.7272727272727275,104.91999999999999,45.74242424242424,1.357768260427509,8857491503008.037,172757.75999999998,29.6019877140067
1.8523255813953483,2.58,2.082,-1.3604347826086958,-0.4980000000000002,1.6,117.83720930232558,184.0,60.30434782608695,34.4,-149.6,-123.69565217391305,0.3277410207939508,12278644599.949677,3686858415390.4536,16511871399264.514,300.26591171191353,0.048511805478335,0.1698209718670076,0.1162790697674418,0.4186046511627906,0.0,0.8695652173913042,thio_lisicon,-0.4458702843757705,2.4775060308479033,77.02325581395347,188.53953488372093,-6.000699416776656,17815.313953488374,1.3043478260869563,105.8,18.521739130434785,0.6730116670092565,755470153276.0444,191859.55440000008,17.86079817004176
2.3091954022988506,3.24,1.4700000000000002,-2.131052631578948,-1.77,2.46,123.92011494252874,168.77142857142857,66.08552631578948,62.125,-106.64642857142856,-102.68590225563908,0.3915682107757968,12886559552.80124,286643647363.3417,741052395456.1414,22.243613292504588,0.0261986683039314,0.058073458073458,0.1149425287356322,0.3218390804597701,0.114563639626889,1.2894736842105263,halides,-0.834452466016422,1.347205336216442,54.317241379310346,304.8434827586207,-2.6902338926854092,18192.1226724138,1.5789473684210529,96.55932203389833,24.526315789473685,0.6931471805599453,124344107811256.23,356725.48022499995,19.181611445342245
2.8343243243243244,3.44,1.937,-1.7238461538461536,-1.503,2.46,104.02837837837838,138.2,40.94230769230769,32.975,-105.225,-97.2576923076923,0.2962540354002004,28978758058.690765,18241411436589.062,23676528424938.16,629.4752659739482,0.1594124845461743,0.2027917854655822,0.2702702702702703,0.081081081081081,0.0,1.8461538461538465,nasicon,-0.5106963794860376,2.798978670008509,11.205405405405394,255.9098108108108,-15.504090371996572,13159.576283783785,0.4615384615384615,79.38235294117649,36.23076923076923,0.8979457248567797,46431713096351.805,527785.7333609998,18.44773617613037
2.854032697547684,3.44,1.9537,-1.693307086614173,-1.4863,2.46,104.28542234332424,138.2,40.19488188976378,32.822500000000005,-105.37749999999998,-98.0051181102362,0.2908457444990143,28978758058.690765,18686039758552.105,23697694694996.305,644.8185157109637,0.1635141286333922,0.2036629433644081,0.2724795640326975,0.0735694822888283,0.0,1.8897637795275597,nasicon,-0.49249116027175605,2.8094374995719225,10.16730245231607,256.54213896457765,-16.025221489407958,13225.506914168936,0.7716535433070867,79.31470588235295,37.53543307086615,0.980382173080086,45609677473015.08,520863.82191579,18.76820442359768
2.2523255813953487,3.44,2.082,-2.220434782608696,-1.358,2.46,96.53488372093022,138.2,60.30434782608695,34.4,-103.79999999999998,-77.89565217391304,0.4363556282640156,28978758058.690765,3686858415390.4536,16511871399264.514,127.226239576018,0.048511805478335,0.1698209718670076,0.1162790697674418,0.4186046511627906,0.0,0.8695652173913042,lisicon,-0.9688992145844905,2.1045766909338326,57.85116279069766,237.47581395348834,-3.778858725868912,10951.70465116279,1.3043478260869563,73.80000000000001,18.521739130434785,0.6730116670092565,755470153276.0444,191859.55440000008,12.926157557446247
2.8477173913043483,3.44,1.9492,-1.7028125,-1.4908,2.46,105.03804347826087,138.2,42.859375,35.96,-102.23999999999998,-95.340625,0.3101257235890015,28978758058.690765,18458685749428.96,23592298412816.613,636.9729755859283,0.1599810634193989,0.2006276130286825,0.2717391304347826,0.0760869565217391,0.0,1.875,nasicon,-0.5280859586988966,2.8041210072130998,10.515217391304342,258.39358695652174,-15.25269457457013,13307.229891304349,1.75,79.82352941176472,41.09375,0.8731726364245316,48164088967652.45,565263.3245999999,19.198886158151435
2.3669376102979345,3.16,1.26037,-2.1028268648499866,-1.89963,2.18,140.46401432575522,181.0,73.51771263418661,89.36234999999999,-91.63765,-107.4822873658134,0.4061752079236829,6449680150.445432,145321277910.48917,200525991186.9648,22.531548002493256,0.0213651192763828,0.0386120709236915,0.1038098204090107,0.2733312571369252,0.0,1.6515276630883566,halides,-0.8541161390579495,1.35279103042094,49.47295754178346,306.21155123014637,-2.2963718896690555,22487.60376128932,3.1288191577208915,107.10871428571429,34.04816955684008,0.6573397035288462,1503563251902.6978,25145.574951,25.000352761350182
2.461098901098901,3.16,1.378,-2.0516129032258066,-1.782,2.18,143.23076923076923,181.0,70.12903225806451,75.65,-105.35,-110.87096774193547,0.387453216895384,6449680150.445432,200694233074.884,361007024138.7226,31.11692803262865,0.0266998530390066,0.0516584333098094,0.1098901098901098,0.2307692307692307,0.0,1.9354838709677415,halides,-0.7949040191789168,1.4929967154278343,41.76923076923076,312.24307692307696,-2.9602385450021185,23286.456043956045,3.8064516129032255,105.28571428571428,37.193548387096776,0.3250829733914482,42620606569293.88,299785.815729,26.91766398344299
2.287966101694915,3.44,1.2496000000000005,-2.3437931034482755,-2.1903999999999995,2.46,110.57627118644066,138.2,82.0,101.14,-37.05999999999999,-56.19999999999999,0.593342981186686,28978758058.690765,163368635661.7661,214866887173.7205,5.637530612281421,0.0248977444951396,0.0382072116731685,0.211864406779661,0.2796610169491525,0.0,1.0344827586206895,garnet,-1.3906731872847946,0.7510889131492193,38.649152542372875,272.01762711864404,-1.3992532406268452,13258.293785310732,7.775862068965516,91.23529411764709,59.603448275862064,0.8731726364245317,36760864288184.46,210233.40797824,19.417125120116008
1.806083650190114,2.5933333333333333,2.163,-1.447878787878788,-0.4303333333333334,1.6800000000000002,119.88403041825094,190.0,61.04545454545454,21.35,-168.65,-128.95454545454547,0.3212918660287081,10830828501.851728,4767046709777.73,33319601901044.336,440.13684723774514,0.0495321104016756,0.2630434782608695,0.0760456273764258,0.467680608365019,0.0706126729736776,0.8391608391608392,argyrodites,-0.4651916775409598,2.643587728213386,88.85931558935361,201.4051711026616,-6.3873907822524405,18727.2994296578,0.2097902097902098,108.64285714285714,13.363636363636363,0.4227090878059908,401343518927.89856,101925.38827500002,17.52744558870175
2.3327848658161026,3.44,1.2252694610778443,-2.345479962721342,-2.214730538922156,2.46,111.88627364716234,138.2,82.45806150978565,99.53592814371255,-38.66407185628742,-55.74193849021434,0.5966574638913579,28978758058.690765,198815293876.2676,283828063311.8133,6.860725137827039,0.0264298126948548,0.039690848198613,0.2204135503739551,0.2516498020237572,0.0,1.1183597390493945,garnet,-1.3994481261653124,0.8363700204754912,34.778002639683244,275.2402331720194,-1.4732489935444824,13552.320263235077,8.10810810810811,90.8583186360964,63.26561043802424,0.9712718852733634,24480096325655.28,424482.2243979704,19.992455889009133
2.4331182795698925,3.16,1.414,-2.048484848484849,-1.7460000000000002,2.18,140.8306451612903,181.0,67.79545454545455,68.475,-112.525,-113.20454545454544,0.3745605223505776,6449680150.445432,260483076168.991,573578091212.4985,40.38697580235841,0.0271002937669604,0.0553568953568953,0.1075268817204301,0.2473118279569892,0.0,1.8181818181818183,halides,-0.7672815548757287,1.6062413341920123,44.76344086021504,307.0108064516129,-3.067876437573403,22789.881048387106,2.5454545454545454,104.7142857142857,30.75757575757576,0.6108643020548935,104449050561455.23,299649.403389,25.209735181120745
2.5009638554216864,3.185454545454545,1.474,-2.029025974025974,-1.7114545454545456,2.46,140.96385542168673,177.10909090909092,69.96428571428571,74.4,-102.70909090909092,-107.14480519480522,0.3950349773417219,8497778142.104099,235282799226.1241,434953182067.36096,27.68756671351116,0.0301282051282051,0.0576923076923076,0.1204819277108433,0.216867469879518,0.0694720685017999,1.9642857142857144,oxyhalides,-0.8015362296751158,1.4422847900059659,38.40920043811609,346.77108433734935,-3.228080669330667,22547.357831325306,4.857142857142858,103.15384615384616,41.50000000000001,0.5004024235381879,81127470981081.58,239794.337344,26.77433163306955
2.314,3.16,1.24,-2.115,-1.92,2.18,138.60250000000002,181.0,75.00625,97.525,-83.47500000000001,-105.99375,0.4143991712707182,6449680150.445432,124189510181.03345,123693614447.82272,19.25514246973264,0.0188014469224415,0.0307613432453217,0.1,0.3,0.0,1.5,halides,-0.876454247237569,1.2845467363365644,54.3,302.1534500000001,-1.992835864735534,21974.5875625,5.0,108.42857142857142,42.75,0.0,0.0,0.0,25.38384208478218
2.417368421052632,3.16,1.5550000000000002,-2.015714285714286,-1.605,2.18,140.39473684210526,181.0,70.78571428571429,79.0,-102.0,-110.21428571428572,0.3910812943962115,6449680150.445432,166890297416.03824,273229019059.2079,25.87574787015017,0.0232651607651607,0.0443910256410256,0.1052631578947368,0.2631578947368421,0.0,1.7142857142857142,halides,-0.7883081519900779,1.4128929107813286,47.63157894736842,306.0605263157895,-2.5641530757602116,22547.223684210523,4.571428571428571,105.35714285714285,35.0,0.6931471805599453,87528275595540.4,721013.265625,25.80716352122047
2.792307692307692,3.44,1.4897116134060795,-2.00364270760642,-1.95028838659392,2.46,117.78537484021356,138.2,75.0471505001163,75.92951415952196,-62.27048584047803,-63.152849499883686,0.5430329269183525,28978758058.690765,541533451874.7084,590307260500.8898,18.68725536056235,0.0612631176267533,0.0666935505353978,0.2894202571621926,0.0338371306113241,0.0,2.09351011863224,other,-1.088043964010127,1.27154552025027,4.676291450484991,289.7520221069254,-3.8689404473760227,14899.7379158834,13.916957431960924,86.58113471865515,85.90509420795534,0.5276369951572004,11400490071122.05,416783.3373529621,26.55112352216837
2.437826086956522,3.16,1.312,-2.07625,-1.848,2.18,143.0875,181.0,72.00156249999999,81.905,-99.095,-108.9984375,0.3977986878453038,6449680150.445432,173816440636.40213,282632030767.192,26.949621776887327,0.0249282819585306,0.0471779096747053,0.108695652173913,0.2391304347826087,0.0,1.875,halides,-0.8259295256388121,1.4305526744814436,43.28260869565217,311.93075000000005,-2.717143783039275,23191.2146875,4.25,106.14285714285714,40.1875,0.5004024235381879,11564405195055.39,17004.160000000003,26.9545259887469
1.7993645990922846,2.5933333333333333,2.132,-1.4537765466297323,-0.4613333333333331,1.6800000000000002,119.51966717095311,190.0,60.94875346260388,20.200000000000003,-169.8,-129.0512465373961,0.3207829129610731,10830828501.851728,4537757230589.09,31989120294373.67,418.96676969940734,0.0487097908639378,0.2595365418894831,0.075642965204236,0.470499243570348,0.0706126729736776,0.8310249307479225,argyrodites,-0.46634667542237485,2.6221795783159614,89.39485627836612,200.79304084720124,-6.286059229567042,18643.6365355522,0.0,108.57142857142856,12.739612188365651,0.5004024235381879,156546927610.73547,300172.4944,17.248251346332694
2.8978888888888887,3.44,1.9804,-1.6263333333333334,-1.4595999999999998,2.46,105.7222222222222,138.2,40.766666666666666,35.42,-102.78,-97.43333333333332,0.2949831162566329,28978758058.690765,19689575463106.94,23602619593976.57,679.4485610194055,0.1707520580263353,0.2019395066686394,0.2777777777777778,0.0555555555555555,0.0,2.0,nasicon,-0.479740874738704,2.8321565832009052,7.677777777777769,260.0766666666666,-16.636942187032602,13477.50444444444,2.4666666666666663,79.94117647058825,44.43333333333333,0.9173573878312138,43993703737591.08,514733.00544384,19.851783000715127
1.7521428571428572,2.58,2.19,-1.4487500000000002,-0.3900000000000001,1.6,113.82142857142856,184.0,61.1875,17.0,-167.0,-122.8125,0.3325407608695652,12278644599.949677,4974082799535.292,38922178734970.95,405.1003153520445,0.0497276688453159,0.2941176470588235,0.0714285714285714,0.5,0.0,0.75,thio_phosphate,-0.48176842730978264,2.607562581262086,92.0,182.1142857142857,-6.107179330065359,16808.48214285714,0.0,104.14285714285714,12.375,0.0,0.0,0.0,14.881700240693434
2.2986021505376346,3.44,1.2075,-2.358888888888889,-2.2325,2.55,112.29042498719916,138.2,84.65354497354497,106.0954761904762,-32.1045238095238,-53.54645502645502,0.6125437407637119,28978758058.690765,185822455488.87656,262657013901.50937,6.41236781481559,0.026542889028558,0.041202981795737,0.2150537634408602,0.2688172043010752,0.0,1.0666666666666669,garnet,-1.444922624045956,0.8070184256227383,37.150537634408586,286.34058371735784,-1.4212776136398673,13725.861965718184,9.57777777777778,92.19117647058825,69.0,1.080527626604172,108695781767605.31,1143306.5475,20.800453953839096
2.4770833333333337,3.214193548387097,1.5,-2.081252371916509,-1.714193548387097,2.46,135.60833333333332,172.71612903225804,67.94117647058823,69.0,-103.71612903225804,-104.7749525616698,0.3933690318979932,10810146842.363884,258985367053.41943,582098706960.5773,23.9576178594061,0.0317703893151463,0.072463768115942,0.1041666666666666,0.25,0.0979027314922117,1.823529411764706,halides,-0.8187002306761992,1.379443633335522,43.17903225806451,333.59649999999993,-3.328741033360235,21085.42583333333,6.764705882352941,97.86111111111111,48.70588235294117,0.0,0.0,0.0,25.301206349142134
2.619959100204499,3.4436,1.382948717948718,-2.131007407407407,-2.060651282051281,3.0,115.24740967961826,138.1495,78.89488536155204,81.30534188034189,-56.8441581196581,-59.25461463844795,0.5710833941603266,28899960466.53617,412380860674.9334,473309448580.2756,14.269253452870194,0.0450270779395594,0.0514181336005631,0.3190184049079755,0.0674846625766871,0.0044620578329603,1.5873015873015872,perovskites,-1.2169829432030197,1.154401252036847,9.322972392638034,345.74222903885476,-2.6680621516039533,14379.570494489888,7.2592592592592595,91.12280701754386,77.80423280423281,0.7156713793520737,25252776465510.26,134659.13368331688,24.195387051664053
2.440215053763441,3.16,1.48,-2.0284848484848483,-1.6800000000000002,2.18,141.1693548387097,181.0,68.75,71.625,-109.375,-112.25,0.3798342541436464,6449680150.445432,212121940729.06564,413986344260.7448,32.88875351662453,0.0260092547904589,0.0517564667344403,0.1075268817204301,0.2473118279569892,0.0,1.8181818181818183,halides,-0.77048802946593,1.51704741403875,44.76344086021504,307.74919354838715,-2.9195388502290114,22824.76814516129,3.090909090909091,104.37142857142857,33.303030303030305,0.6108643020548935,49035834988386.39,21102.69,25.80828663022923
1.7908333333333333,2.55,1.9975,-1.3664999999999998,-0.5525,1.5699999999999998,123.75,198.0,64.35,51.75,-146.25,-133.65,0.3249999999999999,9853904009.223562,358517771604.47314,1295169622987.2844,36.38332292144203,0.0277938808373591,0.0797101449275362,0.1111111111111111,0.4444444444444444,0.0,0.8,chalcogenidotetrelates,-0.4441124999999998,1.5609023610425568,88.0,194.2875,-3.7146521739130436,19757.58333333333,2.5,118.05,21.8,0.5623351446188083,1074910489508.7252,93541.48920000004,26.914111594026718
2.284808510638298,3.44,1.2086,-2.360608695652174,-2.2314,2.55,110.91587639311044,138.2,82.44548654244306,101.87461904761903,-36.32538095238094,-55.754513457556925,0.5965664728107314,28978758058.690765,156357097511.00046,197960072888.8996,5.395576207728777,0.0248329759383381,0.0378565853989185,0.2127659574468085,0.2765957446808511,0.0,1.0434782608695652,garnet,-1.4082600032515589,0.7320378309419071,38.225531914893615,282.8354848024316,-1.3845504911452589,13322.772941622035,8.086956521739133,91.08235294117648,62.14782608695654,0.9591388233798186,5673062519568.356,487722.71789999993,19.71980244228969
2.362874251497006,3.227878787878788,1.4,-2.124349376114082,-1.827878787878788,2.46,128.94041916167663,170.6242424242424,68.25367647058823,70.0625,-100.5617424242424,-102.37056595365416,0.4000233231857017,11911274794.868544,244165016521.3637,531709515151.5878,20.49864693127151,0.02653920889215,0.0546777546777546,0.1197604790419161,0.2874251497005988,0.1074989174680646,1.4558823529411766,halides,-0.8497892970406273,1.3117251952178979,49.04169842133913,317.19343113772453,-2.7168338342516467,19377.91660179641,2.647058823529412,98.63025210084034,31.058823529411768,0.5623351446188083,93258080858442.2,267544.11016875,21.367152759317054
2.7622222222222224,3.44,1.4213793103448276,-2.033333333333333,-2.0186206896551724,2.51,118.70052910052908,138.2,79.70158730158731,80.12233169129722,-58.07766830870277,-58.49841269841268,0.5767119196931065,28978758058.690765,511049677739.3099,524383983566.225,17.635320212973912,0.0581597495908152,0.0596544025141255,0.3222222222222222,0.0111111111111111,0.0,2.0,perovskites,-1.17264757004265,1.246383349768467,1.5355555555555538,297.93832804232795,-3.4022530339998456,15044.68224615772,12.833333333333332,89.13483146067416,81.63333333333333,0.8325712617888918,25942276306802.19,842762.9242449465,26.85226952150568
1.8562725137039937,2.643333333333333,2.19,-1.484603643525357,-0.4533333333333331,1.98,119.22278778386844,186.0,60.04062038404727,17.0,-169.0,-125.95937961595274,0.3227990343228347,11078757388.627398,5855200292689.668,38922178734970.95,528.5069513933184,0.056070772310237,0.2941176470588235,0.0783085356303837,0.451840250587314,0.0240437416935461,0.8862629246676514,argyrodites,-0.4792286224821471,2.723050703908167,84.04228660924039,236.0611198120595,-7.062639694784794,18345.69792482381,0.0,105.71428571428572,12.988183161004432,0.0,0.0,0.0,17.203181143761665
2.856612021857924,3.44,1.9444000000000004,-1.6946031746031744,-1.4955999999999996,2.46,105.13661202185791,138.2,42.158730158730165,35.57,-102.63,-96.04126984126982,0.3050559345783659,28978758058.690765,18757115338295.027,23601633075974.453,647.2711943108875,0.1627395070873977,0.2011999270782693,0.2732240437158469,0.0710382513661202,0.0,1.9047619047619049,nasicon,-0.5169487551680372,2.8110862799204543,9.817486338797812,258.63606557377045,-15.629708914016007,13340.078142076503,1.492063492063492,79.76470588235296,41.03174603174603,0.8420953021316528,50024181484120.07,584872.2467249999,19.213840302554523
2.858681318681319,3.44,1.9144,-1.7064516129032257,-1.5255999999999998,2.46,105.43681318681318,138.2,42.024193548387096,35.910000000000004,-102.29,-96.17580645161289,0.3040824424630036,28978758058.690765,19053086393103.24,23595981973345.914,657.4845738563043,0.1650971925378832,0.2011649631914197,0.2747252747252747,0.0659340659340659,0.0,1.9354838709677415,nasicon,-0.5189019743965448,2.8178855677052534,9.112087912087906,259.3745604395604,-15.87835563522812,13401.246840659338,0.935483870967742,79.88235294117649,40.96774193548387,0.9286244108693272,68172767870215.22,639450.8215999999,19.167204664493628
2.5966058763931104,3.44,1.340210843373494,-2.1509819121447027,-2.099789156626506,2.49,116.52104018912527,138.2,82.91024978466838,85.46315261044175,-52.73684738955824,-55.28975021533161,0.599929448514243,28978758058.690765,393271410337.2738,437820847345.76086,13.57102362843777,0.0434888660063349,0.0482390853302313,0.3363728470111449,0.055724417426545,0.0,1.550387596899225,perovskites,-1.2904373923170833,1.132612606643948,7.7011144883485185,290.137390070922,-2.4044885386382826,14642.315177304965,6.633074935400517,94.11802575107296,77.2170542635659,0.9420632340365882,38564516660077.945,158183.82670743213,24.814840610529416
2.365652173913044,3.44,1.45,-2.246363636363636,-1.99,2.49,110.89855072463769,138.2,81.11515151515151,97.45333333333332,-40.746666666666655,-57.08484848484848,0.5869403148708503,28978758058.690765,244397248875.87665,388448177016.4042,8.433668840496829,0.0292230698547406,0.0465129759026516,0.217391304347826,0.2608695652173913,0.0,1.0909090909090908,garnet,-1.3184813800417008,0.9260165438488139,36.052173913043475,276.1373913043479,-1.6681945149200101,13424.418550724637,8.363636363636363,92.05882352941175,58.36363636363637,1.0549201679861442,143883288204992.12,16730.056416000007,19.94628776330669
2.847914438502674,3.44,2.0620000000000003,-1.6525373134328356,-1.3779999999999997,2.46,102.47727272727272,138.2,38.49626865671642,28.635,-109.56499999999998,-99.70373134328358,0.2785547659675573,28978758058.690765,17885510828429.855,23924303875118.027,617.193835298472,0.1591025388101389,0.2081603649685491,0.267379679144385,0.0909090909090909,0.0,1.791044776119403,nasicon,-0.4603221445959394,2.790421579560218,12.56363636363636,252.09409090909088,-15.863116785560436,12943.938435828875,1.9402985074626864,78.45882352941177,34.58208955223881,0.9319903226231094,1285713970664.5574,159412.33083796,18.678094403625146
2.387692307692308,3.171666666666667,1.5550000000000002,-2.0383333333333336,-1.6166666666666667,2.46,137.42820512820512,179.21666666666667,70.56666666666666,79.0,-100.21666666666668,-108.65,0.3937505812331442,7388391729.955655,164054598172.22037,273229019059.2079,22.20437196190801,0.022701804368471,0.0443910256410256,0.1025641025641025,0.282051282051282,0.0477219355523538,1.6,oxyhalides,-0.8025949347468924,1.3464384939098264,50.54829059829059,338.0733846153846,-2.4665510446343744,21735.615128205125,4.266666666666668,104.07142857142858,33.26666666666667,0.6931471805599453,87528275595540.4,721013.265625,24.44874050187076
2.250833333333333,3.44,1.176,-2.3783333333333334,-2.264,2.55,111.78015873015872,138.2,85.36031746031746,110.36476190476188,-27.835238095238097,-52.83968253968253,0.6176578687432523,28978758058.690765,179213706760.8705,256016163963.8108,6.184312881798055,0.0250816808784777,0.0394552933676059,0.2083333333333333,0.2916666666666667,0.0,1.0,garnet,-1.4689962978277018,0.7912914536465198,40.30833333333333,285.03940476190473,-1.3253080551803873,13676.252713529855,8.916666666666666,93.47058823529412,65.25,1.0549201679861442,141526803955794.97,1193828.64,20.09196301040283
