ID,True Composition,Z_by_element,χₐₗₗ,χ⁻,χ⁺(incl Li⁺),χ⁺(excl Li⁺),χ⁺(incl Li⁺) - χ⁻,χ⁺(excl Li⁺) - χ⁻,χₘₐₓ - χₘᵢₙ,rₐₗₗ (pm),r⁻ (pm),r⁺(incl Li⁺) (pm),r⁺(excl Li⁺) (pm),r⁺(excl Li⁺) - r⁻,r⁺(incl Li⁺) - r⁻,r⁺(excl Li⁺) / r⁻,r⁺(incl Li⁺) / r⁻,ρₐₗₗ (C m⁻³),ρ⁻ (C m⁻³),ρ⁺(incl Li⁺) (C m⁻³),ρ⁺(excl Li⁺) (C m⁻³),ρ⁺(incl Li⁺) / ρ⁻,ρ⁺(incl Li⁺) - ρ⁻,Φ⁺(incl Li⁺) (|Z| pm⁻¹),Φ⁺(excl Li⁺) (|Z| pm⁻¹),nₕₐₗᵢdₑ,nₕₒₛₜ cₐₜᵢₒₙ,nₐₙᵢₒₙ,n_Li,Ionic conductivity (S cm-1),ir_mean_square_all,d_mean_c,r_mean_l,s_mean_square_c,entropy_c_l,Vs_variance_c_l,mp_variance_c_l,atwt_geometric_mean_all
jqc,Li7.0Bi1.0O6.0,"[{""element"": ""Li"", ""value"": 1.0}, {""element"": ""O"", ""value"": -2.0}, {""element"": ""Bi"", ""value"": 5.0}]",2.1,3.44,1.095,1.9,-2.345,-1.54,2.46,98.40714285714284,138.2,68.5625,76.0,-62.19999999999999,-69.63749999999999,0.5499276410998554,0.4961107091172214,105712251046.94514,28978758058.690765,163262370788.13593,435615304993.695,5.633863620293187,134283612729.44516,0.0211866471734892,0.0657894736842105,0.0,0.0714285714285714,0.4285714285714285,0.5,1.58489e-06,10876.085,3.75,75.57142857142857,25.875,0.0,0.0,0.0,12.661270546621433
mdp,Li14.0P6.0S22.0,"[{""element"": ""Li"", ""value"": 1.0}, {""element"": ""P"", ""value"": 5.0}, {""element"": ""S"", ""value"": -2.0}]",1.990952380952381,2.58,1.343,2.19,-1.237,-0.3900000000000001,1.6,121.3095238095238,184.0,52.35,17.0,-167.0,-131.65,0.092391304347826,0.2845108695652174,5608194521753.509,12278644599.949677,11763701986622.424,38922178734970.95,958.061933535452,11751423342022.477,0.0986056644880174,0.2941176470588235,0.0,0.1428571428571428,0.5238095238095238,0.3333333333333333,0.0032,19294.130952380954,0.0,104.71428571428572,17.099999999999998,0.0,0.0,0.0,19.157845229472827
ptg,Li14.0P6.0S22.0,"[{""element"": ""Li"", ""value"": 1.0}, {""element"": ""P"", ""value"": 5.0}, {""element"": ""S"", ""value"": -2.0}]",1.990952380952381,2.58,1.343,2.19,-1.237,-0.3900000000000001,1.6,121.3095238095238,184.0,52.35,17.0,-167.0,-131.65,0.092391304347826,0.2845108695652174,5608194521753.509,12278644599.949677,11763701986622.424,38922178734970.95,958.061933535452,11751423342022.477,0.0986056644880174,0.2941176470588235,0.0,0.1428571428571428,0.5238095238095238,0.3333333333333333,0.0086,19294.130952380954,0.0,104.71428571428572,17.099999999999998,0.0,0.0,0.0,19.157845229472827
o4u,Li91.2Ge19.2P4.8S96.0,"[{""element"": ""Li"", ""value"": 1.0}, {""element"": ""Ge"", ""value"": 4.0}, {""element"": ""P"", ""value"": 5.0}, {""element"": ""S"", ""value"": -2.0}]",1.8284090909090909,2.58,1.2020833333333332,2.046,-1.377916666666667,-0.5340000000000003,1.6,117.35227272727272,184.0,61.8125,40.2,-143.8,-122.1875,0.2184782608695652,0.3359375,1086753614285.4728,12278644599.949677,1982149422356.7424,9041768954029.035,161.43063725167727,1969870777756.7925,0.0384760506457011,0.128388746803069,0.0,0.1136363636363636,0.4545454545454546,0.4318181818181819,1.78e-06,17555.49431818182,1.6666666666666667,106.2,19.291666666666668,0.500402423538188,503646768850.69635,127906.36960000005,17.823173031848675
2yl,Li80.4Ge8.4P15.6S96.0,"[{""element"": ""Li"", ""value"": 1.0}, {""element"": ""Ge"", ""value"": 4.0}, {""element"": ""P"", ""value"": 5.0}, {""element"": ""S"", ""value"": -2.0}]",1.8838323353293407,2.58,1.2436781609195402,2.127,-1.33632183908046,-0.4529999999999998,1.6,118.4760479041916,184.0,58.22413793103448,27.15,-156.85,-125.77586206896552,0.1475543478260869,0.316435532233883,3151521274676.711,12278644599.949677,6038181164402.469,25849499455808.86,491.76284200189457,6025902519802.52,0.0623542259371403,0.2216112531969309,0.0,0.1197604790419161,0.4790419161676646,0.4011976047904191,0.00154,18157.59131736527,0.8045977011494253,105.30000000000001,17.45977011494253,0.6474466390346325,716122749459.5837,181866.86927500003,17.910485486294924
5qm,Li79.2Ge7.2P16.8S96.0,"[{""element"": ""Li"", ""value"": 1.0}, {""element"": ""Ge"", ""value"": 4.0}, {""element"": ""P"", ""value"": 5.0}, {""element"": ""S"", ""value"": -2.0}]",1.8903614457831328,2.58,1.2488372093023254,2.136,-1.3311627906976746,-0.4439999999999999,1.6,118.60843373493977,184.0,57.77906976744186,25.7,-158.3,-126.22093023255816,0.1396739130434782,0.3140166835187057,3394760302942.3457,12278644599.949677,6541254868842.249,27717025067117.73,532.7342782499835,6528976224242.3,0.065315860081815,0.2319693094629156,0.0,0.1204819277108433,0.4819277108433735,0.3975903614457832,0.00174,18228.521084337346,0.6976744186046512,105.20000000000002,17.232558139534884,0.6108643020548934,661036384116.5388,167877.11010000002,17.920799412476807
3jh,Li78.0Ge6.0P18.0S96.0,"[{""element"": ""Li"", ""value"": 1.0}, {""element"": ""Ge"", ""value"": 4.0}, {""element"": ""P"", ""value"": 5.0}, {""element"": ""S"", ""value"": -2.0}]",1.8969696969696968,2.58,1.2541176470588236,2.145,-1.3258823529411763,-0.435,1.6,118.74242424242424,184.0,57.3235294117647,24.25,-159.75,-126.6764705882353,0.1317934782608695,0.3115409207161125,3640947683065.7456,12278644599.949677,7056165601621.789,29584550678426.6,574.6697482921453,7043886957021.84,0.068347179735776,0.2423273657289002,0.0,0.1212121212121212,0.4848484848484848,0.3939393939393939,0.0022,18300.310606060608,0.5882352941176471,105.10000000000001,17.0,0.5623351446188083,590211057246.9097,149890.27687500004,17.931244403758832
j3x,Li76.8Ge4.8P19.2S96.0,"[{""element"": ""Li"", ""value"": 1.0}, {""element"": ""Ge"", ""value"": 4.0}, {""element"": ""P"", ""value"": 5.0}, {""element"": ""S"", ""value"": -2.0}]",1.9036585365853655,2.58,1.2595238095238093,2.1539999999999995,-1.3204761904761908,-0.4260000000000006,1.6,118.8780487804878,184.0,56.85714285714285,22.8,-161.2,-127.14285714285714,0.1239130434782608,0.3090062111801242,3890137348312.6006,12278644599.949677,7583336113753.222,31452076289735.47,617.6036819067392,7571057469153.272,0.0714506736672124,0.2526854219948849,0.0,0.1219512195121951,0.4878048780487805,0.3902439024390243,0.000555,18372.975609756097,0.47619047619047616,105.0,16.761904761904763,0.500402423538188,503646768850.69635,127906.36960000002,17.941822972590185
dj2,Li81.6Si9.6P14.4S96.0,"[{""element"": ""Li"", ""value"": 1.0}, {""element"": ""Si"", ""value"": 4.0}, {""element"": ""P"", ""value"": 5.0}, {""element"": ""S"", ""value"": -2.0}]",1.872142857142857,2.58,1.2286363636363635,2.074,-1.3513636363636363,-0.5060000000000002,1.6,117.72619047619048,184.0,57.477272727272734,23.4,-160.6,-126.52272727272728,0.1271739130434782,0.3123764822134388,3039045569280.478,12278644599.949677,5790651864444.596,25056061853776.4,471.60350780641767,5778373219844.646,0.0625740470660256,0.2249554367201426,0.0,0.119047619047619,0.4761904761904762,0.4047619047619047,0.000662,18038.60119047619,0.0,105.0,15.136363636363637,0.6730116670092565,234820391416.1032,450258.74159999995,17.108354240948575
10u,Li76.8Si4.8P19.2S96.0,"[{""element"": ""Li"", ""value"": 1.0}, {""element"": ""Si"", ""value"": 4.0}, {""element"": ""P"", ""value"": 5.0}, {""element"": ""S"", ""value"": -2.0}]",1.9009756097560973,2.58,1.2542857142857142,2.132,-1.3257142857142858,-0.4480000000000004,1.6,118.56097560975608,184.0,56.238095238095234,20.2,-163.8,-127.76190476190476,0.1097826086956521,0.3056418219461697,3955630519609.9424,12278644599.949677,7711203733905.175,31989120294373.67,628.0175039789635,7698925089305.226,0.0730818926897358,0.2595365418894831,0.0,0.1219512195121951,0.4878048780487805,0.3902439024390243,3.2e-06,18347.926829268294,0.0,104.80000000000001,15.428571428571427,0.500402423538188,156546927610.7355,300172.49439999997,17.53076499271374
s3r,Li8.0Al0.66Si0.66P0.66O8.0,"[{""element"": ""Li"", ""value"": 1.0}, {""element"": ""Al"", ""value"": 3.0}, {""element"": ""Si"", ""value"": 4.0}, {""element"": ""O"", ""value"": -2.0}, {""element"": ""P"", ""value"": 5.0}]",2.1758620689655173,3.44,1.1625250501002002,1.9000000000000004,-2.2774749498997995,-1.5399999999999996,2.46,95.05700778642937,138.2,60.47344689378757,32.083333333333336,-106.11666666666665,-77.72655310621242,0.2321514712976363,0.437579210519447,1695788586970.712,28978758058.690765,3031908690307.001,14779601141006.926,104.62521147961095,3002929932248.3105,0.0436319615619391,0.1600648777119365,0.0,0.1101223581757508,0.4449388209121245,0.4449388209121245,3.25e-06,10654.348234149053,0.0,73.77955911823648,14.356713426853709,1.0986122886681096,1527890808977.0098,313727.891088889,11.76427872484147
de5,Li6.0In2.0Cl12.0,"[{""element"": ""Li"", ""value"": 1.0}, {""element"": ""In"", ""value"": 3.0}, {""element"": ""Cl"", ""value"": -1.0}]",2.368,3.16,1.18,1.78,-1.98,-1.38,2.18,136.85,181.0,70.625,80.0,-101.0,-110.375,0.4419889502762431,0.3901933701657458,63585391045.03652,6449680150.445432,149288957386.92316,224091403271.3816,23.146722613308643,142839277236.47772,0.0204861111111111,0.0375,0.6,0.1,0.0,0.3,0.00204,21663.475,5.0,105.14285714285714,31.75,0.0,0.0,0.0,24.446652852180122
opo,Li4.8Sn4.8S12.0,"[{""element"": ""Li"", ""value"": 1.0}, {""element"": ""Sn"", ""value"": 4.0}, {""element"": ""S"", ""value"": -2.0}]",2.0866666666666664,2.58,1.47,1.96,-1.11,-0.6200000000000001,1.6,132.55555555555554,184.0,68.25000000000001,69.0,-115.0,-115.75,0.375,0.3709239130434783,137940085739.35696,12278644599.949677,295016887163.6161,465678965568.46185,24.02682843062541,282738242563.6664,0.0363929146537842,0.0579710144927536,0.0,0.2222222222222222,0.5555555555555555,0.2222222222222222,0.00012,20879.38888888889,10.0,114.14285714285714,54.5,0.0,0.0,0.0,30.52557687327385
elz,Li6.0Y2.0Br12.0,"[{""element"": ""Li"", ""value"": 1.0}, {""element"": ""Y"", ""value"": 3.0}, {""element"": ""Br"", ""value"": -1.0}]",2.192,2.9599999999999995,1.04,1.22,-1.9199999999999997,-1.7399999999999995,1.98,147.445,196.0,74.6125,95.95,-100.05,-121.3875,0.4895408163265305,0.3806760204081632,53342571951.02763,5079321332.016004,125737447879.54507,129885365241.86926,24.75477325819025,120658126547.52908,0.0189276822419084,0.0312662845231891,0.6,0.1,0.0,0.3,0.00192,25337.11525,2.75,120.85714285714283,31.75,0.0,0.0,0.0,38.80259399084234
p81,Li4.0Al4.0Cl16.0,"[{""element"": ""Li"", ""value"": 1.0}, {""element"": ""Al"", ""value"": 3.0}, {""element"": ""Cl"", ""value"": -1.0}]",2.5383333333333336,3.16,1.295,1.61,-1.865,-1.55,2.18,139.625,181.0,56.875,46.25,-134.75,-124.125,0.255524861878453,0.3142265193370165,218315280904.30008,6449680150.445433,642046482412.0094,1159738156065.2483,99.54702674173195,635596802261.564,0.0398398398398398,0.0648648648648648,0.6666666666666666,0.1666666666666666,0.0,0.1666666666666666,1e-06,22956.552083333332,0.0,104.2,22.5,0.0,0.0,0.0,25.813691752510252
be9,Li4.0Ga4.0Br16.0,"[{""element"": ""Li"", ""value"": 1.0}, {""element"": ""Ga"", ""value"": 3.0}, {""element"": ""Br"", ""value"": -1.0}]",2.438333333333333,2.96,1.395,1.81,-1.565,-1.15,1.98,151.0,196.0,61.0,54.5,-141.5,-135.0,0.2780612244897959,0.3112244897959184,142240436975.12537,5079321332.016004,416562668261.3441,708770527763.9178,82.01148165910753,411483346929.3281,0.0349303431872239,0.055045871559633,0.6666666666666666,0.1666666666666666,0.0,0.1666666666666666,7e-06,26865.083333333332,5.0,116.19999999999999,36.5,0.0,0.0,0.0,51.98108800868945
xas,Li16.0Sn8.0S24.0,"[{""element"": ""Li"", ""value"": 1.0}, {""element"": ""Sn"", ""value"": 4.0}, {""element"": ""S"", ""value"": -2.0}]",1.9433333333333331,2.58,1.3066666666666666,1.96,-1.2733333333333334,-0.6200000000000001,1.6,126.0,184.0,68.0,69.0,-115.0,-116.0,0.375,0.3695652173913043,125204086147.64192,12278644599.949677,238129527695.3342,465678965568.46185,19.39379593219191,225850883095.3845,0.029200214707461,0.0579710144927536,0.0,0.1666666666666666,0.5,0.3333333333333333,1.5e-05,19240.25,6.666666666666666,112.75,39.33333333333333,0.0,0.0,0.0,23.94625048770438
qy4,Li12.0Na20.0Ti8.0S32.0,"[{""element"": ""Li"", ""value"": 1.0}, {""element"": ""Na"", ""value"": 1.0}, {""element"": ""Ti"", ""value"": 4.0}, {""element"": ""S"", ""value"": -2.0}]",1.7394444444444446,2.58,1.067,1.1042857142857143,-1.513,-1.4757142857142858,1.65,131.2579365079365,184.0,89.06428571428572,98.3061224489796,-85.6938775510204,-94.93571428571428,0.5342724046140195,0.4840450310559006,110220802713.30128,12278644599.949677,188574529203.9825,216097266537.64493,15.357927144886611,176295884604.03287,0.0220756453937127,0.0251874299275261,0.0,0.3888888888888889,0.4444444444444444,0.1666666666666666,8.8e-06,19787.080782312925,0.4,124.86666666666667,28.0,0.5982695885852573,4070472034027.1494,503124.1258979593,23.684213978712997
ard,Li8.0Ta16.0P8.0O64.0,"[{""element"": ""Li"", ""value"": 1.0}, {""element"": ""Ta"", ""value"": 5.0}, {""element"": ""O"", ""value"": -2.0}, {""element"": ""P"", ""value"": 5.0}]",2.8075,3.44,1.5425,1.7299999999999998,-1.8975,-1.7100000000000002,2.46,110.675,138.2,55.625,51.66666666666666,-86.53333333333333,-82.57499999999999,0.3738543174143753,0.4024963820549928,3370213418510.0327,28978758058.690765,10052682739412.717,13362125382964.031,346.898328736276,10023703981354.023,0.1134649995263806,0.1463483944302358,0.0,0.25,0.6666666666666666,0.0833333333333333,0.0016,13930.097499999998,11.5,80.27272727272728,83.25,0.6365141682948128,120067056500143.03,1963765.6199999999,23.62450481552001
9wf,Li12.0Er4.0I24.0,"[{""element"": ""Li"", ""value"": 1.0}, {""element"": ""Er"", ""value"": 3.0}, {""element"": ""I"", ""value"": -1.0}]",2.014,2.66,1.045,1.24,-1.6150000000000002,-1.4200000000000002,1.6800000000000002,162.0025,220.00000000000003,75.00625,97.525,-122.47500000000004,-144.99375000000003,0.4432954545454544,0.3409374999999999,51830852879.23057,3591748011.3619866,124189510181.03345,123693614447.82272,34.576342713402354,120597762169.67143,0.0188014469224415,0.0307613432453217,0.6,0.1,0.0,0.3,0.00065,31357.987562500006,5.0,137.57142857142856,42.75,0.0,0.0,0.0,54.55715496145409
fwz,Li8.0Si4.0S12.0,"[{""element"": ""Li"", ""value"": 1.0}, {""element"": ""Si"", ""value"": 4.0}, {""element"": ""S"", ""value"": -2.0}]",1.9333333333333331,2.58,1.2866666666666666,1.9,-1.2933333333333334,-0.6800000000000002,1.6,120.0,184.0,56.0,33.0,-151.0,-128.0,0.1793478260869565,0.3043478260869565,757072013883.6611,12278644599.949677,1501865383167.3728,4256886531984.5776,122.31524179578648,1489586738567.423,0.0502805836139169,0.1212121212121212,0.0,0.1666666666666666,0.5,0.3333333333333333,2e-06,18628.25,0.0,106.25,18.0,0.0,0.0,0.0,18.832298540831772
cy2,La1.28Li0.16Ti2.0O6.0,"[{""element"": ""La"", ""value"": 3.0}, {""element"": ""Li"", ""value"": 1.0}, {""element"": ""O"", ""value"": -2.0}, {""element"": ""Ti"", ""value"": 4.0}]",2.678474576271187,3.44,1.350232558139535,1.3682926829268294,-2.089767441860465,-2.0717073170731704,2.46,117.9319209039548,138.2,82.58062015503876,83.31626016260162,-54.883739837398366,-55.61937984496123,0.6028672949537021,0.597544284768732,176127233476.73865,28978758058.690765,432781551066.35706,447826758008.1906,14.934440951190638,403802793007.6663,0.0485115477716196,0.0501552908426833,0.0,0.3474576271186441,0.6355932203389831,0.0169491525423728,0.000335,14911.10876647834,8.976744186046512,92.49137931034484,91.20930232558139,0.6688570623740269,23023349097254.566,133135.99048185605,26.672248464189018
5tl,La1.24Li0.28Ti2.0O6.0,"[{""element"": ""La"", ""value"": 3.0}, {""element"": ""Li"", ""value"": 1.0}, {""element"": ""O"", ""value"": -2.0}, {""element"": ""Ti"", ""value"": 4.0}]",2.6636974789915966,3.44,1.3404545454545451,1.371604938271605,-2.0995454545454546,-2.068395061728395,2.46,117.2918767507003,138.2,81.6530303030303,82.87613168724279,-55.3238683127572,-56.54696969696968,0.5996825737137684,0.5908323466210587,175928356454.6583,28978758058.690765,426410626447.7848,452514215630.786,14.71459286088707,397431868389.094,0.0476275046039014,0.0504631691535756,0.0,0.3403361344537815,0.6302521008403361,0.0294117647058823,0.000442,14783.770382819794,8.53409090909091,92.16017316017316,87.80681818181819,0.6653781224447001,22857981725480.73,132179.72869989328,26.042284049785362
u2y,La1.19Li0.43Ti2.0O6.0,"[{""element"": ""La"", ""value"": 3.0}, {""element"": ""Li"", ""value"": 1.0}, {""element"": ""O"", ""value"": -2.0}, {""element"": ""Ti"", ""value"": 4.0}]",2.6455717255717257,3.44,1.3288397790055246,1.3758620689655174,-2.111160220994475,-2.0641379310344825,2.46,116.50679140679138,138.2,80.551197053407,82.31044932079415,-55.88955067920584,-57.648802946592994,0.59558935832702,0.5828596024124963,175684411666.6595,28978758058.690765,418842953558.3204,458538847684.9055,14.453447339255757,389864195499.6296,0.0465773980787112,0.0508588748196126,0.0,0.3316008316008315,0.6237006237006236,0.0446985446985446,0.000853,14627.57569184569,8.00828729281768,91.74211099020675,83.76519337016575,0.6605542093996428,22629336042618.03,130857.55053507732,25.289844807726084
ku9,Li0.4Na0.1La0.5Nb2.0O6.0,"[{""element"": ""Li"", ""value"": 1.0}, {""element"": ""Na"", ""value"": 1.0}, {""element"": ""La"", ""value"": 3.0}, {""element"": ""Nb"", ""value"": 5.0}, {""element"": ""O"", ""value"": -2.0}]",2.763888888888889,3.44,1.4116666666666668,1.478076923076923,-2.0283333333333333,-1.9619230769230769,2.51,117.1695767195767,138.2,75.10873015873015,76.27930402930403,-61.92069597069596,-63.09126984126984,0.5519486543364981,0.543478510555211,192940679954.6132,28978758058.690765,520864523746.4582,581866018359.9485,17.97401126340714,491885765687.76746,0.0587596189816166,0.0655203580842014,0.0,0.2888888888888889,0.6666666666666666,0.0444444444444444,9.92e-06,14767.689218946834,12.833333333333332,86.76744186046511,80.03333333333333,0.6441798059733927,15425656504240.295,531079.2600924557,25.801438041925504
9n0,Li0.3Na0.2La0.5Nb2.0O6.0,"[{""element"": ""Li"", ""value"": 1.0}, {""element"": ""Na"", ""value"": 1.0}, {""element"": ""La"", ""value"": 3.0}, {""element"": ""Nb"", ""value"": 5.0}, {""element"": ""O"", ""value"": -2.0}]",2.7633333333333336,3.44,1.41,1.4577777777777778,-2.03,-1.982222222222222,2.51,117.67989417989416,138.2,76.63968253968254,77.65520282186948,-60.54479717813051,-61.56031746031745,0.5619045066705463,0.5545563136011762,191850141509.3745,28978758058.690765,517592908410.742,561286030594.2944,17.86111424659606,488614150352.0513,0.0585596625180161,0.0634202011517051,0.0,0.3,0.6666666666666666,0.0333333333333333,1.11e-05,14860.020228017129,12.833333333333332,87.57471264367817,80.56666666666666,0.7273876291758028,19512090520234.805,652392.6744101509,26.14706464122391
h5i,Li0.1Na0.4La0.5Nb2.0O6.0,"[{""element"": ""Li"", ""value"": 1.0}, {""element"": ""Na"", ""value"": 1.0}, {""element"": ""La"", ""value"": 3.0}, {""element"": ""Nb"", ""value"": 5.0}, {""element"": ""O"", ""value"": -2.0}]",2.7622222222222224,3.44,1.406666666666667,1.4213793103448276,-2.033333333333333,-2.0186206896551724,2.51,118.70052910052908,138.2,79.70158730158731,80.12233169129722,-58.07766830870277,-58.49841269841268,0.5797563798212535,0.5767119196931065,189669064618.89716,28978758058.690765,511049677739.3099,524383983566.225,17.635320212973912,482070919680.6192,0.0581597495908152,0.0596544025141255,0.0,0.3222222222222222,0.6666666666666666,0.0111111111111111,1.21e-05,15044.68224615772,12.833333333333332,89.13483146067416,81.63333333333333,0.8325712617888918,25942276306802.19,842762.9242449465,26.852269521505676
o9h,Li0.07Na0.43La0.5Nb2.0O6.0,"[{""element"": ""Li"", ""value"": 1.0}, {""element"": ""Na"", ""value"": 1.0}, {""element"": ""La"", ""value"": 3.0}, {""element"": ""Nb"", ""value"": 5.0}, {""element"": ""O"", ""value"": -2.0}]",2.7620555555555555,3.44,1.4061666666666668,1.4163481228668946,-2.033833333333333,-2.0236518771331053,2.51,118.85362433862434,138.2,80.16087301587301,80.46335121079149,-57.7366487892085,-58.03912698412698,0.5822239595571019,0.5800352606068959,189341903085.32556,28978758058.690765,510068193138.59503,519283188669.8537,17.60145110793059,481089435079.9043,0.058099762651735,0.0591338740335045,0.0,0.3255555555555555,0.6666666666666666,0.0077777777777777,1.23e-05,15072.381548878808,12.833333333333332,89.36282194848825,81.79333333333334,0.8440080064374161,26740469232881.062,866333.9389355148,26.95967833591151
0ii,Li0.02Na0.48La0.5Nb2.0O6.0,"[{""element"": ""Li"", ""value"": 1.0}, {""element"": ""Na"", ""value"": 1.0}, {""element"": ""La"", ""value"": 3.0}, {""element"": ""Nb"", ""value"": 5.0}, {""element"": ""O"", ""value"": -2.0}]",2.761777777777778,3.44,1.405333333333333,1.4081879194630875,-2.0346666666666664,-2.0318120805369126,2.51,119.10878306878308,138.2,80.9263492063492,81.01645893256631,-57.18354106743368,-57.27365079365079,0.5862261861980197,0.5855741621298785,188796633862.70615,28978758058.690765,508432385470.737,511010087327.8643,17.545002599525052,479453627412.0463,0.0579997844199348,0.0582896164307074,0.0,0.3311111111111111,0.6666666666666666,0.0022222222222222,3.99e-06,15118.547053413955,12.833333333333332,89.73942093541203,82.06,0.8612469358188495,27988278149552.305,903147.7896806451,27.13964861763653
5fj,Ag0.27Li0.27La1.14Ti2.0O6.0,"[{""element"": ""Ag"", ""value"": 1.0}, {""element"": ""Li"", ""value"": 1.0}, {""element"": ""La"", ""value"": 3.0}, {""element"": ""O"", ""value"": -2.0}, {""element"": ""Ti"", ""value"": 4.0}]",2.6611260330578514,3.44,1.3912228260869566,1.423782991202346,-2.048777173913044,-2.016217008797654,2.46,117.0150383707202,138.2,82.4743400621118,83.65999162128193,-54.540008378718056,-55.72565993788818,0.6053544979832267,0.5967752537055847,173080082233.52042,28978758058.690765,408027893388.134,430488812112.45306,14.080240863385306,379049135329.4432,0.0455224714347011,0.0479538694661877,0.0,0.3522727272727273,0.6198347107438017,0.027892561983471,2.3e-05,14702.740435922302,9.059782608695652,92.54410201912859,85.99456521739131,0.880041738841591,21241846431352.99,132903.83528609318,26.667190012396123
kxh,Pr1.12Li0.68Ti2.0O6.02,"[{""element"": ""Li"", ""value"": 1.0}, {""element"": ""O"", ""value"": -2.0}, {""element"": ""Pr"", ""value"": 3.0}, {""element"": ""Ti"", ""value"": 4.0}]",2.6192260692464355,3.4399999999999995,1.3189473684210526,1.392820512820513,-2.121052631578947,-2.047179487179487,2.46,114.24412763068564,138.2,76.29298245614035,78.2094017094017,-59.990598290598285,-61.90701754385964,0.565914628866872,0.5520476299286567,176949987968.16205,28978758058.690765,411367567982.6402,473921630890.40674,14.19548647148702,382388809923.9495,0.0454992854734379,0.0521869265144199,0.0,0.3177189409368635,0.6130346232179226,0.0692464358452138,1e-06,14145.329861959717,6.947368421052632,91.945295404814,77.73684210526315,0.652825793916348,202437667015855.25,123636.52202498357,24.192530741912687
ubi,Li16.0In8.0Ti8.0P24.0O96.0,"[{""element"": ""Li"", ""value"": 1.0}, {""element"": ""In"", ""value"": 3.0}, {""element"": ""O"", ""value"": -2.0}, {""element"": ""Ti"", ""value"": 4.0}, {""element"": ""P"", ""value"": 5.0}]",2.7963157894736845,3.44,1.692857142857143,1.978,-1.7471428571428569,-1.4619999999999995,2.46,104.46842105263156,138.2,46.642857142857146,38.3,-99.9,-91.55714285714284,0.2771345875542692,0.3375025842464338,6225152993872.084,28978758058.690765,16847165969552.186,23536290433869.555,581.3625944711491,16818187211493.494,0.1450854676122055,0.1971937287311618,0.0,0.2631578947368421,0.631578947368421,0.1052631578947368,8.3e-06,13117.401578947367,3.1428571428571423,80.1764705882353,41.42857142857142,0.9502705392332347,35758405985471.84,409240.6656,19.112694638705122
pbz,Li15.0Ge3.0V1.0O16.0,"[{""element"": ""Li"", ""value"": 1.0}, {""element"": ""Ge"", ""value"": 4.0}, {""element"": ""O"", ""value"": -2.0}, {""element"": ""V"", ""value"": 5.0}]",2.2114285714285717,3.44,1.1768421052631577,1.915,-2.2631578947368425,-1.525,2.46,97.21285714285712,138.2,62.69736842105263,44.6875,-93.5125,-75.50263157894736,0.3233538350217076,0.453671262091553,281997417831.1872,28978758058.690765,495065762902.7631,1885231840942.7356,17.083746718893366,466087004844.07227,0.0318837459969832,0.0958922379301147,0.0,0.1142857142857142,0.4571428571428571,0.4285714285714285,5.66e-06,10912.575785714283,1.736842105263158,74.65,20.57894736842105,0.5623351446188083,25948465104138.41,177001.22999999998,13.163145654228998
7ek,Li14.8Ge3.4W0.6O16.0,"[{""element"": ""Li"", ""value"": 1.0}, {""element"": ""Ge"", ""value"": 4.0}, {""element"": ""O"", ""value"": -2.0}, {""element"": ""W"", ""value"": 6.0}]",2.224080459770115,3.44,1.189255319148936,1.9635,-2.250744680851064,-1.4765,2.46,97.6206896551724,138.2,63.08510638297872,46.75,-91.45,-75.11489361702127,0.3382778581765557,0.4564768913384857,249589143526.80588,28978758058.690765,437342663074.1379,1595397724040.9976,15.09183596441181,408363905015.4472,0.0311435993865117,0.0915601023017902,0.0,0.1149425287356322,0.4597701149425288,0.4252873563218391,3.8e-05,10970.555747126435,2.574468085106383,74.87,23.255319148936167,0.42270908780599087,46187708900793.09,786454.2923999999,13.562449660797196
2uv,Li16.0Sn4.0Se16.0,"[{""element"": ""Li"", ""value"": 1.0}, {""element"": ""Sn"", ""value"": 4.0}, {""element"": ""Se"", ""value"": -2.0}]",1.7866666666666664,2.55,1.176,1.96,-1.374,-0.5899999999999999,1.5699999999999998,125.66666666666669,198.0,67.8,69.0,-129.0,-130.2,0.3484848484848485,0.3424242424242424,111390424071.15971,9853904009.223562,192619640120.70865,465678965568.46185,19.547545819444824,182765736111.48508,0.0234460547504025,0.0579710144927536,0.0,0.1111111111111111,0.4444444444444444,0.4444444444444444,2e-05,19978.0,4.0,121.2,27.2,0.0,0.0,0.0,28.03857931305641
kmv,Li16.0Sn4.0S16.0,"[{""element"": ""Li"", ""value"": 1.0}, {""element"": ""Sn"", ""value"": 4.0}, {""element"": ""S"", ""value"": -2.0}]",1.7999999999999998,2.58,1.176,1.96,-1.404,-0.6200000000000001,1.6,119.44444444444444,184.0,67.8,69.0,-115.0,-116.2,0.375,0.3684782608695652,112468086555.92688,12278644599.949677,192619640120.70865,465678965568.46185,15.687369933445105,180340995520.75897,0.0234460547504025,0.0579710144927536,0.0,0.1111111111111111,0.4444444444444444,0.4444444444444444,7e-05,17601.11111111111,4.0,110.80000000000001,27.2,0.0,0.0,0.0,18.78499839005281
kmr,Li20.0Ge1.9Si0.1P4.0S24.0,"[{""element"": ""Li"", ""value"": 1.0}, {""element"": ""Ge"", ""value"": 4.0}, {""element"": ""Si"", ""value"": 4.0}, {""element"": ""P"", ""value"": 5.0}, {""element"": ""S"", ""value"": -2.0}]",1.88578,2.58,1.2449615384615385,2.1281666666666665,-1.3350384615384616,-0.4518333333333335,1.6,118.494,184.0,58.02692307692308,26.45,-157.55,-125.97307692307692,0.14375,0.3153637123745819,3237647072107.284,12278644599.949677,6214910235960.208,26516761659965.0,506.1560488513268,6202631591360.259,0.0634655956906596,0.225634865276809,0.0,0.12,0.48,0.4,0.0086,18179.086,0.7307692307692306,105.25,17.276923076923076,0.7026859160767704,678657971626.5306,190804.46973333336,17.879895558344444
e6e,Li12.8Ge0.8P3.2O16.0,"[{""element"": ""Li"", ""value"": 1.0}, {""element"": ""Ge"", ""value"": 4.0}, {""element"": ""O"", ""value"": -2.0}, {""element"": ""P"", ""value"": 5.0}]",2.3231707317073176,3.44,1.2595238095238095,2.154,-2.1804761904761905,-1.286,2.46,96.53658536585364,138.2,56.85714285714285,22.800000000000004,-115.39999999999998,-81.34285714285713,0.1649782923299566,0.4114120322513955,3898283745121.744,28978758058.690765,7583336113753.223,31452076289735.47,261.6860287247186,7554357355694.532,0.0714506736672124,0.2526854219948849,0.0,0.1219512195121951,0.4878048780487805,0.3902439024390244,1.14e-06,11174.556097560973,0.47619047619047616,73.0,16.761904761904763,0.5004024235381879,503646768850.69635,127906.36960000002,12.781588651430347
ylh,Li12.8Ge0.8V3.2O16.0,"[{""element"": ""Li"", ""value"": 1.0}, {""element"": ""Ge"", ""value"": 4.0}, {""element"": ""O"", ""value"": -2.0}, {""element"": ""V"", ""value"": 5.0}]",2.2685365853658537,3.44,1.152857142857143,1.706,-2.287142857142857,-1.734,2.46,98.85365853658536,138.2,61.38095238095238,41.8,-96.39999999999998,-76.81904761904761,0.3024602026049204,0.4441458204121012,376698291699.2382,28978758058.690765,707859752309.2832,2575075571670.925,24.42684917261301,678880994250.5924,0.038799576418497,0.11555081355028,0.0,0.1219512195121951,0.4878048780487805,0.3902439024390244,1.9e-05,11308.36707317073,1.0476190476190474,74.76,22.095238095238095,0.5004024235381879,22142690222198.117,151041.0496,13.41731434923518
eij,Li13.6Ge1.6P2.4O16.0,"[{""element"": ""Li"", ""value"": 1.0}, {""element"": ""Ge"", ""value"": 4.0}, {""element"": ""O"", ""value"": -2.0}, {""element"": ""P"", ""value"": 5.0}]",2.286904761904762,3.44,1.2386363636363638,2.118,-2.201363636363636,-1.322,2.46,96.5357142857143,138.2,58.65909090909092,28.6,-109.6,-79.54090909090907,0.2069464544138929,0.4244507301670834,2919130384108.878,28978758058.690765,5546540953245.412,23981973844499.99,191.40022985153425,5517562195186.722,0.0594599016593901,0.2112531969309463,0.0,0.119047619047619,0.4761904761904763,0.4047619047619048,4.5e-06,11060.477380952381,0.9090909090909091,73.4,17.68181818181818,0.6730116670092565,755470153276.0444,191859.55440000002,12.855391019618265
efb,Li14.4Ge2.4P1.6O16.0,"[{""element"": ""Li"", ""value"": 1.0}, {""element"": ""Ge"", ""value"": 4.0}, {""element"": ""O"", ""value"": -2.0}, {""element"": ""P"", ""value"": 5.0}]",2.2523255813953487,3.44,1.2195652173913043,2.082,-2.220434782608696,-1.358,2.46,96.53488372093022,138.2,60.30434782608695,34.4,-103.79999999999998,-77.89565217391304,0.2489146164978292,0.4363556282640156,1985519039887.308,28978758058.690765,3686858415390.4536,16511871399264.514,127.226239576018,3657879657331.762,0.048511805478335,0.1698209718670076,0.0,0.1162790697674418,0.4651162790697674,0.4186046511627906,1.1e-05,10951.70465116279,1.3043478260869563,73.80000000000001,18.521739130434785,0.6730116670092565,755470153276.0444,191859.55440000008,12.926157557446247
lcm,Li14.4Ge2.4V1.6O16.0,"[{""element"": ""Li"", ""value"": 1.0}, {""element"": ""Ge"", ""value"": 4.0}, {""element"": ""O"", ""value"": -2.0}, {""element"": ""V"", ""value"": 5.0}]",2.226279069767441,3.44,1.1708695652173913,1.858,-2.2691304347826087,-1.5820000000000003,2.46,97.63953488372093,138.2,62.369565217391305,43.9,-94.29999999999998,-75.83043478260868,0.3176555716353111,0.4512993141634682,306623649302.1602,28978758058.690765,548053989513.8728,2073371040232.2417,18.912266302230663,519075231455.182,0.0336058697778344,0.1012536676447052,0.0,0.1162790697674418,0.4651162790697674,0.4186046511627906,3.19e-05,11015.498255813953,1.565217391304348,74.68,20.956521739130434,0.6730116670092565,33214035333297.164,226561.57439999998,13.228773303474963
mgs,Li15.2Ge3.2P0.8O16.0,"[{""element"": ""Li"", ""value"": 1.0}, {""element"": ""Ge"", ""value"": 4.0}, {""element"": ""O"", ""value"": -2.0}, {""element"": ""P"", ""value"": 5.0}]",2.2193181818181817,3.44,1.2020833333333334,2.046,-2.2379166666666666,-1.394,2.46,96.5340909090909,138.2,61.8125,40.2,-98.0,-76.38749999999999,0.2908827785817656,0.4472684515195369,1094344574948.5372,28978758058.690765,1982149422356.7424,9041768954029.035,68.40008182346149,1953170664298.052,0.0384760506457011,0.128388746803069,0.0,0.1136363636363636,0.4545454545454545,0.4318181818181817,1.03e-06,10847.876136363637,1.6666666666666672,74.2,19.29166666666667,0.5004024235381879,503646768850.6963,127906.36960000005,12.994070802588205
85t,La4.56Li2.32Ti8.0O24.0,"[{""element"": ""La"", ""value"": 3.0}, {""element"": ""Li"", ""value"": 1.0}, {""element"": ""O"", ""value"": -2.0}, {""element"": ""Ti"", ""value"": 4.0}]",2.6278189300411525,3.44,1.3178494623655914,1.3802547770700635,-2.1221505376344085,-2.059745222929936,2.46,115.73786008230454,138.2,79.50860215053764,81.72675159235668,-56.47324840764331,-58.69139784946235,0.5913657857623493,0.5753155003656849,175445486318.74304,28978758058.690765,411682144802.6983,464755347001.8952,14.206341899432584,382703386744.0076,0.0455837488935851,0.0512671825769248,0.0,0.3230452674897119,0.617283950617284,0.0596707818930041,0.0016,14474.59488340192,7.510752688172043,91.31947483588621,79.94086021505377,0.6551570100274259,22374419250797.61,129383.45571828473,24.573965883245357
i9a,Li5.0Zn0.5P2.0S8.0,"[{""element"": ""Li"", ""value"": 1.0}, {""element"": ""Zn"", ""value"": 2.0}, {""element"": ""P"", ""value"": 5.0}, {""element"": ""S"", ""value"": -2.0}]",1.9835483870967745,2.58,1.3473333333333335,2.082,-1.2326666666666666,-0.4980000000000002,1.6,121.10752688172045,184.0,54.02222222222223,27.066666666666663,-156.93333333333334,-129.97777777777776,0.1471014492753623,0.2935990338164251,5076751044754.039,12278644599.949677,10478854938251.736,31187855197237.668,853.4211453839688,10466576293651.787,0.0902881137786981,0.2412347117064647,0.0,0.1612903225806451,0.5161290322580645,0.3225806451612903,0.00084,19127.363799283154,0.6666666666666666,105.38095238095238,19.866666666666667,0.5004024235381879,8050828719016.369,22545.62310399999,19.93830262785189
dco,Li4.0Zn1.0P2.0S8.0,"[{""element"": ""Li"", ""value"": 1.0}, {""element"": ""Zn"", ""value"": 2.0}, {""element"": ""P"", ""value"": 5.0}, {""element"": ""S"", ""value"": -2.0}]",2.039333333333333,2.58,1.4214285714285713,2.01,-1.1585714285714288,-0.5700000000000003,1.6,122.88888888888889,184.0,53.04761904761904,33.77777777777778,-150.22222222222223,-130.95238095238096,0.1835748792270531,0.2883022774327122,5246037793872.075,12278644599.949677,11227476821611.646,26031639505415.484,914.3905689442026,11215198177011.695,0.0967425033819908,0.2059794214715589,0.0,0.2,0.5333333333333333,0.2666666666666666,0.00013,19612.318518518518,1.4285714285714286,106.0909090909091,24.571428571428573,0.6365141682948128,11181706554189.4,31313.36542222221,22.255510996829912
tqb,Li3.0Zn1.5P2.0S8.0,"[{""element"": ""Li"", ""value"": 1.0}, {""element"": ""Zn"", ""value"": 2.0}, {""element"": ""P"", ""value"": 5.0}, {""element"": ""S"", ""value"": -2.0}]",2.0989655172413797,2.58,1.5069230769230766,1.9585714285714284,-1.0730769230769237,-0.6214285714285717,1.6,124.79310344827586,184.0,51.92307692307692,38.57142857142857,-145.42857142857144,-132.0769230769231,0.2096273291925465,0.282190635451505,5426999491205.146,12278644599.949677,12091271302411.545,22348628296971.062,984.7399038213956,12078992657811.594,0.1041898760011747,0.180797071303769,0.0,0.2413793103448276,0.5517241379310345,0.2068965517241379,1.65e-05,20130.718390804595,2.307692307692308,106.7391304347826,30.0,0.6829081047004717,12322697018902.604,34508.60679183672,25.0311047872278
1sz,Li0.66La1.12Ti1.94Al0.06O5.94F0.06,"[{""element"": ""Li"", ""value"": 1.0}, {""element"": ""La"", ""value"": 3.0}, {""element"": ""Al"", ""value"": 3.0}, {""element"": ""O"", ""value"": -2.0}, {""element"": ""F"", ""value"": -1.0}, {""element"": ""Ti"", ""value"": 4.0}]",2.6212065439672805,3.4454000000000007,1.3129629629629629,1.3833974358974357,-2.132437037037038,-2.062002564102565,3.0,115.20277777777775,138.12425,78.81948853615519,81.21399572649572,-56.910254273504265,-59.3047614638448,0.587977822333846,0.5706419295392026,178051257185.27972,28860561670.45888,414861884986.5827,476315304957.85065,14.374698930798266,386001323316.12384,0.045020459751123,0.0514101154107267,0.0061349693251533,0.3190184049079754,0.607361963190184,0.0674846625766871,0.000928,14372.295367956145,7.248677248677249,91.109649122807,77.65608465608466,0.7391989786469677,26728513765991.96,137489.3353826882,24.175530754265267
yh8,Li0.66La1.12Ti1.92Al0.08O5.92F0.08,"[{""element"": ""Li"", ""value"": 1.0}, {""element"": ""La"", ""value"": 3.0}, {""element"": ""Al"", ""value"": 3.0}, {""element"": ""O"", ""value"": -2.0}, {""element"": ""F"", ""value"": -1.0}, {""element"": ""Ti"", ""value"": 4.0}]",2.622453987730061,3.4472,1.3133333333333332,1.383846153846154,-2.133866666666667,-2.063353846153846,3.0,115.1581458759373,138.099,78.74409171075837,81.12264957264956,-56.976350427350425,-59.35490828924162,0.5874238739791713,0.5702003034834313,178986009651.698,28821162874.381588,417342909298.23193,479321161335.4258,14.480432698612503,388521746423.8504,0.0450138415626867,0.0514020972208903,0.0081799591002045,0.3190184049079755,0.6053169734151329,0.0674846625766871,0.000622,14365.020241422402,7.238095238095237,91.09649122807018,77.5079365079365,0.7604822988741512,28192019742223.957,140236.11197514794,24.155690752226672
coh,Li0.66La1.12Ti1.9Al0.1O5.9F0.1,"[{""element"": ""Li"", ""value"": 1.0}, {""element"": ""La"", ""value"": 3.0}, {""element"": ""Al"", ""value"": 3.0}, {""element"": ""O"", ""value"": -2.0}, {""element"": ""F"", ""value"": -1.0}, {""element"": ""Ti"", ""value"": 4.0}]",2.623701431492843,3.449,1.3137037037037036,1.3842948717948715,-2.135296296296296,-2.0647051282051283,3.0,115.1135139740968,138.07375,78.66869488536155,81.03130341880342,-57.04244658119657,-59.40505511463845,0.5868697230197878,0.5697585159044464,179920762118.11624,28781764078.30429,419823933609.8812,482327017713.00085,14.586455940216142,391042169531.5769,0.0450072233742503,0.0513940790310539,0.0102249488752556,0.3190184049079755,0.6032719836400818,0.0674846625766871,0.000176,14357.745114888661,7.227513227513226,91.08333333333334,77.35978835978834,0.7800791550354971,29643294394206.223,142899.46346069613,24.13586703217521
1pw,Li0.66La1.12Ti1.88Al0.12O5.88F0.12,"[{""element"": ""Li"", ""value"": 1.0}, {""element"": ""La"", ""value"": 3.0}, {""element"": ""Al"", ""value"": 3.0}, {""element"": ""O"", ""value"": -2.0}, {""element"": ""F"", ""value"": -1.0}, {""element"": ""Ti"", ""value"": 4.0}]",2.624948875255624,3.4508,1.314074074074074,1.3847435897435898,-2.136725925925925,-2.06605641025641,3.0,115.06888207225632,138.04849999999996,78.59329805996472,80.93995726495726,-57.108542735042704,-59.45520194003524,0.5863153693445222,0.569316566713617,180855514584.5345,28742365282.22699,422304957921.5304,485332874090.5759,14.692769846003772,393562592639.3034,0.0450006051858139,0.0513860608412176,0.0122699386503067,0.3190184049079755,0.6012269938650308,0.0674846625766871,0.000106,14350.469988354918,7.216931216931217,91.0701754385965,77.21164021164022,0.7983177955192995,31082337721938.777,145479.3898393327,24.116059580748825
my5,Li0.66La1.12Ti1.84Al0.16O5.84F0.16,"[{""element"": ""Li"", ""value"": 1.0}, {""element"": ""La"", ""value"": 3.0}, {""element"": ""Al"", ""value"": 3.0}, {""element"": ""O"", ""value"": -2.0}, {""element"": ""F"", ""value"": -1.0}, {""element"": ""Ti"", ""value"": 4.0}]",2.627443762781186,3.4544,1.3148148148148149,1.3856410256410256,-2.1395851851851853,-2.0687589743589747,3.0,114.97961826857532,137.998,78.44250440917108,80.75726495726497,-57.24073504273503,-59.55549559082891,0.5852060534012448,0.5684321831415752,182725019517.37097,28663567690.072403,427267006544.829,491344586845.726,14.906274444433953,398603438854.7566,0.0449873688089412,0.0513700244615448,0.0163599182004089,0.3190184049079754,0.5971370143149284,0.0674846625766871,0.000494,14335.919735287433,7.1957671957671945,91.0438596491228,76.9153439153439,0.831524109152622,33923730404654.734,150388.96727587114,24.076493430377983
hta,La1.13Li0.61Ti2.0O6.0,"[{""element"": ""La"", ""value"": 3.0}, {""element"": ""Li"", ""value"": 1.0}, {""element"": ""O"", ""value"": -2.0}, {""element"": ""Ti"", ""value"": 4.0}]",2.624312114989733,3.44,1.3157219251336898,1.3811501597444091,-2.12427807486631,-2.058849840255591,2.46,115.58596851471592,138.2,79.30677361853833,81.60777422790201,-56.592225772097976,-58.89322638146166,0.5905048786389437,0.5738550913063556,175398289976.91638,28978758058.690765,410295934765.5137,466022480089.51154,14.158506514825104,381317176706.8229,0.0453913954149671,0.0513504095255399,0.0,0.3213552361396303,0.6160164271047228,0.0626283367556468,0.000957,14444.375676477297,7.4144385026737964,91.23439211391019,79.20053475935829,0.6540041591532465,22320092228515.13,129069.30151374414,24.434969286923916
s3h,La1.0Li1.0Ti2.0O6.0,"[{""element"": ""La"", ""value"": 3.0}, {""element"": ""Li"", ""value"": 1.0}, {""element"": ""O"", ""value"": -2.0}, {""element"": ""Ti"", ""value"": 4.0}]",2.58,3.44,1.29,1.393333333333333,-2.15,-2.046666666666667,2.46,113.66666666666666,138.2,76.86666666666666,79.98888888888888,-58.21111111111111,-61.33333333333333,0.5787908023798038,0.5561987457790641,174801917001.59512,28978758058.690765,393536655415.95166,483263937635.01215,13.580176714920656,364557897357.26086,0.0430658418584753,0.0524828508730289,0.0,0.3,0.6,0.1,0.000925,14062.525777777775,6.25,90.11111111111111,70.25,0.6365141682948128,21501249906936.07,124334.22222222222,22.74487733338916
2lu,La1.1Li0.72Ti2.0O6.0,"[{""element"": ""La"", ""value"": 3.0}, {""element"": ""Li"", ""value"": 1.0}, {""element"": ""O"", ""value"": -2.0}, {""element"": ""Ti"", ""value"": 4.0}]",2.610549898167006,3.44,1.3077486910994764,1.3838709677419354,-2.1322513089005235,-2.0561290322580645,2.46,115.03699932111338,138.2,78.65532286212915,81.24623655913979,-56.9537634408602,-59.54467713787084,0.5878888318316917,0.5691412652831342,175154184584.6529,28978758058.690765,404749095358.4154,469872929665.42975,13.967095985917542,375770337299.7246,0.0446693544638205,0.0516033120597186,0.0,0.3156822810590631,0.6109979633401221,0.0733197556008146,0.000688,14334.502500565737,7.0942408376963355,90.97802197802199,76.67015706806284,0.650390640876698,22150090955116.246,128086.24349635796,23.96533354482229
bd5,La1.08Li0.78Ti2.0O6.0,"[{""element"": ""La"", ""value"": 3.0}, {""element"": ""Li"", ""value"": 1.0}, {""element"": ""O"", ""value"": -2.0}, {""element"": ""Ti"", ""value"": 4.0}]",2.60369168356998,3.44,1.3037305699481865,1.385714285714286,-2.136269430051813,-2.0542857142857143,2.46,114.73975659229208,138.2,78.27305699481865,81.00129870129871,-57.19870129870128,-59.92694300518134,0.5861164884319733,0.5663752315109888,175062122447.79498,28978758058.690765,402134709581.1176,472481567581.5822,13.876878669771596,373155951522.4269,0.0443060828983096,0.0517746507895842,0.0,0.3123732251521298,0.6085192697768763,0.0791075050709939,0.000651,14275.367971602433,6.9119170984455955,90.80616740088107,75.26943005181347,0.6478476860936295,22030712292905.49,127395.91836734694,23.700675209996216
ukw,La1.04Li0.9Ti2.0O6.0,"[{""element"": ""La"", ""value"": 3.0}, {""element"": ""Li"", ""value"": 1.0}, {""element"": ""O"", ""value"": -2.0}, {""element"": ""Ti"", ""value"": 4.0}]",2.590140845070423,3.44,1.2959390862944162,1.3894736842105264,-2.144060913705584,-2.0505263157894733,2.46,114.15244802146208,138.2,77.53181049069373,80.5017543859649,-57.69824561403509,-60.66818950930626,0.5825018407088633,0.5610116533335292,174880221002.33328,28978758058.690765,397065189952.04266,477801815963.2088,13.701939508513972,368086431893.3519,0.0436016679844762,0.0521240916202312,0.0,0.3058350100603622,0.6036217303822938,0.090543259557344,0.000501,14158.526709143753,6.558375634517766,90.46017699115045,72.55329949238578,0.6424220210762541,21776716058790.863,125927.14681440443,23.18631041177257
5h8,La1.16Li0.54Ti2.0O6.0,"[{""element"": ""La"", ""value"": 3.0}, {""element"": ""Li"", ""value"": 1.0}, {""element"": ""O"", ""value"": -2.0}, {""element"": ""Ti"", ""value"": 4.0}]",2.6314639175257737,3.44,1.3203243243243243,1.3784810126582276,-2.1196756756756754,-2.0615189873417723,2.46,115.94343642611685,138.2,79.8517117117117,81.96244725738396,-56.23755274261603,-58.34828828828829,0.5930712536713746,0.577798203413254,175434926647.35983,28978758058.690765,412931416250.607,462245140315.6677,14.24945180239594,383952658191.91626,0.0458062962823654,0.0511023089382127,0.0,0.3257731958762887,0.6185567010309279,0.0556701030927835,0.000599,14514.832332187856,7.664864864864865,91.4890829694323,81.05405405405405,0.6573879873908817,22479675635756.75,129992.11664797309,24.79079229345515
vwy,La1.12Li0.66Ti2.0O6.0,"[{""element"": ""La"", ""value"": 3.0}, {""element"": ""Li"", ""value"": 1.0}, {""element"": ""O"", ""value"": -2.0}, {""element"": ""Ti"", ""value"": 4.0}]",2.6174642126789363,3.44,1.3118518518518518,1.382051282051282,-2.1281481481481483,-2.057948717948718,2.46,115.33667348329922,138.2,79.04567901234569,81.48803418803419,-56.7119658119658,-59.1543209876543,0.5896384528801317,0.5719658394525737,175246999786.02496,28978758058.690765,407418812051.6349,467297735825.1255,14.059222663251765,378440053992.9441,0.0450403143164321,0.0514341699802358,0.0,0.3190184049079754,0.6134969325153373,0.0674846625766871,0.000668,14394.12074755737,7.28042328042328,91.14912280701755,78.10052910052909,0.652825793916348,22264607891797.707,128748.45496383958,24.235148586089117
sib,La2.52Li0.44Mg2.0W2.0O12.0,"[{""element"": ""La"", ""value"": 3.0}, {""element"": ""Li"", ""value"": 1.0}, {""element"": ""Mg"", ""value"": 2.0}, {""element"": ""O"", ""value"": -2.0}, {""element"": ""W"", ""value"": 6.0}]",2.6636708860759493,3.44,1.3251724137931036,1.3484662576687116,-2.1148275862068964,-2.091533742331288,2.46,117.82151898734176,138.2,82.68620689655172,83.71104294478529,-54.4889570552147,-55.513793103448265,0.6057238997451903,0.5983082988173063,234377153670.07156,28978758058.690765,588512318517.2798,619835831445.7682,20.308403739227334,559533560458.589,0.0518556614691614,0.0543553505071848,0.0,0.3438818565400843,0.6329113924050632,0.0232067510548523,6.8e-06,14896.1688185654,14.5,92.54211663066954,104.43103448275863,1.0924018062946081,55169883456894.086,1473845.7450412135,28.2777490339813
r99,La2.48Li0.56Mg2.0W2.0O12.0,"[{""element"": ""La"", ""value"": 3.0}, {""element"": ""Li"", ""value"": 1.0}, {""element"": ""Mg"", ""value"": 2.0}, {""element"": ""O"", ""value"": -2.0}, {""element"": ""W"", ""value"": 6.0}]",2.6563445378151265,3.44,1.320568181818182,1.35,-2.119431818181818,-2.09,2.46,117.50196078431374,138.2,82.22121212121213,83.49341563786008,-54.70658436213991,-55.978787878787855,0.6041491724881338,0.594943647765645,234032967595.19385,28978758058.690765,583557188396.0513,623241344661.0015,20.137411935120586,554578430337.3605,0.0513756385932848,0.0545352159568563,0.0,0.3403361344537815,0.6302521008403361,0.0294117647058823,1.2e-05,14832.562399626517,14.215909090909088,92.37662337662337,102.57954545454544,1.093246752419975,55234713466385.9,1480032.098765432,27.93494990859533
52b,Li20.1Ge2.1P3.9S24.0,"[{""element"": ""Li"", ""value"": 1.0}, {""element"": ""Ge"", ""value"": 4.0}, {""element"": ""P"", ""value"": 5.0}, {""element"": ""S"", ""value"": -2.0}]",1.8838323353293407,2.58,1.2436781609195402,2.127,-1.33632183908046,-0.4529999999999998,1.6,118.4760479041916,184.0,58.22413793103448,27.15,-156.85,-125.77586206896552,0.1475543478260869,0.316435532233883,3151521274676.711,12278644599.949677,6038181164402.469,25849499455808.86,491.76284200189457,6025902519802.52,0.0623542259371403,0.2216112531969309,0.0,0.1197604790419161,0.4790419161676646,0.4011976047904191,0.0122,18157.59131736527,0.8045977011494253,105.30000000000001,17.45977011494253,0.6474466390346325,716122749459.5837,181866.86927500003,17.910485486294924
8po,Li20.4Ge2.4P3.6S24.0,"[{""element"": ""Li"", ""value"": 1.0}, {""element"": ""Ge"", ""value"": 4.0}, {""element"": ""P"", ""value"": 5.0}, {""element"": ""S"", ""value"": -2.0}]",1.8773809523809528,2.58,1.2386363636363635,2.118,-1.3413636363636363,-0.4620000000000002,1.6,118.3452380952381,184.0,58.65909090909092,28.6,-155.4,-125.34090909090908,0.1554347826086956,0.3187994071146245,2911177949128.525,12278644599.949677,5546540953245.412,23981973844499.99,451.72257475944406,5534262308645.463,0.0594599016593901,0.2112531969309462,0.0,0.119047619047619,0.4761904761904762,0.4047619047619047,0.0132,18087.505952380954,0.9090909090909092,105.4,17.681818181818183,0.6730116670092565,755470153276.0444,191859.55440000002,17.900300175339083
j8q,Li20.0Ge2.0P4.0S24.0,"[{""element"": ""Li"", ""value"": 1.0}, {""element"": ""Ge"", ""value"": 4.0}, {""element"": ""P"", ""value"": 5.0}, {""element"": ""S"", ""value"": -2.0}]",1.886,2.58,1.2453846153846155,2.13,-1.3346153846153843,-0.4500000000000002,1.6,118.52,184.0,58.07692307692308,26.666666666666668,-157.33333333333334,-125.92307692307692,0.144927536231884,0.3156354515050167,3232276632060.902,12278644599.949677,6204582466640.243,26472007992911.816,505.3149324531856,6192303822040.294,0.0633338433849942,0.2250639386189258,0.0,0.12,0.48,0.4,0.0121,18181.14,0.7692307692307693,105.26666666666668,17.384615384615387,0.6365141682948128,699509401181.5226,177647.73555555558,17.913909051392793
izs,Li20.85Si2.85P3.15S24.0,"[{""element"": ""Li"", ""value"": 1.0}, {""element"": ""Si"", ""value"": 4.0}, {""element"": ""P"", ""value"": 5.0}, {""element"": ""S"", ""value"": -2.0}]",1.8616814159292037,2.58,1.219608938547486,2.05225,-1.360391061452514,-0.5277500000000002,1.6,117.42330383480828,184.0,57.91340782122904,24.6,-159.4,-126.08659217877096,0.133695652173913,0.3147467816371144,2706479348364.477,12278644599.949677,5114703441114.893,22456164938552.414,416.55277172334274,5102424796514.943,0.0588757550308651,0.2119875222816399,0.0,0.1179941002949852,0.471976401179941,0.4100294985250737,0.00527,17926.367994100296,0.0,105.075,15.033519553072626,0.6918966592050799,243993062955.79474,467846.97369375004,16.957619610686518
8nc,Li20.55Si2.55P3.45S24.0,"[{""element"": ""Li"", ""value"": 1.0}, {""element"": ""Si"", ""value"": 4.0}, {""element"": ""P"", ""value"": 5.0}, {""element"": ""S"", ""value"": -2.0}]",1.8686350148367952,2.58,1.225593220338983,2.0667500000000003,-1.354406779661017,-0.5132499999999998,1.6,117.62462908011872,184.0,57.62429378531074,23.8,-160.2,-126.37570621468926,0.1293478260869565,0.3131755097027757,2927532266718.139,12278644599.949677,5562789778237.407,24189429548701.74,453.0459150401833,5550511133637.458,0.0613273535174499,0.220632798573975,0.0,0.1186943620178041,0.4747774480712166,0.4065281899109793,0.00565,18000.968100890208,0.0,105.025,15.101694915254237,0.6818546087307833,239100971467.95923,458466.5832437499,17.057662449641803
xga,Li20.01Sn1.98P4.02S24.0,"[{""element"": ""Li"", ""value"": 1.0}, {""element"": ""Sn"", ""value"": 4.0}, {""element"": ""P"", ""value"": 5.0}, {""element"": ""S"", ""value"": -2.0}]",1.8839112177564483,2.58,1.2416147635524797,2.1141,-1.3383852364475204,-0.4659,1.6,119.40881823635272,184.0,59.80911188004613,34.16,-149.84,-124.19088811995388,0.1856521739130434,0.3250495210872072,3202804040393.3315,12278644599.949677,6146772110329.556,26231533811068.125,500.6067290484772,6134493465729.606,0.0612679736376996,0.2161892583120205,0.0,0.1199760047990401,0.4799040191961607,0.400119976004799,0.00373,18282.405968806237,1.5224913494809689,106.64600000000002,20.100346020761243,0.6341786357122057,3841994407044.5664,7796.279709239998,18.25599170491026
sg4,Li19.71Sn1.68P4.32S24.0,"[{""element"": ""Li"", ""value"": 1.0}, {""element"": ""Sn"", ""value"": 4.0}, {""element"": ""P"", ""value"": 5.0}, {""element"": ""S"", ""value"": -2.0}]",1.890754375377188,2.58,1.2473512252042007,2.1256,-1.3326487747957994,-0.4544000000000001,1.6,119.40826795413398,184.0,59.11260210035006,31.56,-152.44,-124.88739789964994,0.1715217391304348,0.3212641418497285,3453467582946.362,12278644599.949677,6665779310690.971,28154358799538.254,542.875824479706,6653500666091.021,0.064565520795097,0.2279965899403239,0.0,0.1207000603500301,0.4828002414001207,0.3964996982498491,0.00436,18338.254828002413,1.306884480746791,106.33600000000001,19.483080513418905,0.5929533174474744,3503148224605.086,7108.683805439998,18.214558404258522
ns3,Li19.62Sn1.62P4.38S24.0,"[{""element"": ""Li"", ""value"": 1.0}, {""element"": ""Sn"", ""value"": 4.0}, {""element"": ""P"", ""value"": 5.0}, {""element"": ""S"", ""value"": -2.0}]",1.892684401451028,2.58,1.2488290398126465,2.1279,-1.3311709601873538,-0.4521000000000001,1.6,119.43954050785972,184.0,58.961358313817335,31.040000000000003,-152.96,-125.03864168618269,0.168695652173913,0.3204421647490073,3506007085885.5195,12278644599.949677,6778820614021.886,28538923797232.28,552.0821584859349,6766541969421.937,0.0652933256933089,0.2303580562659846,0.0,0.120918984280532,0.4836759371221281,0.3954050785973397,0.00496,18357.84492140266,1.2646370023419207,106.274,19.37002341920375,0.583258840128597,3424952951734.437,6950.007827639998,18.216840761157627
9lx,Li20.0Sn2.0P4.0S24.0,"[{""element"": ""Li"", ""value"": 1.0}, {""element"": ""Sn"", ""value"": 4.0}, {""element"": ""P"", ""value"": 5.0}, {""element"": ""S"", ""value"": -2.0}]",1.884,2.58,1.2415384615384617,2.1133333333333333,-1.3384615384615386,-0.4666666666666668,1.6,119.44,184.0,59.84615384615385,34.333333333333336,-149.66666666666666,-124.15384615384616,0.1865942028985507,0.3252508361204013,3188037130331.898,12278644599.949677,6119506501776.774,26103345478503.453,498.3861575244107,6107227857176.825,0.0611041889814268,0.2154021028701336,0.0,0.12,0.48,0.4,0.007,18286.94,1.5384615384615385,106.66666666666667,20.153846153846153,0.6365141682948128,3861494956575.2715,7835.8507555555525,18.269338548160913
mtn,Li20.0Ge2.0P4.0S24.0,"[{""element"": ""Li"", ""value"": 1.0}, {""element"": ""Ge"", ""value"": 4.0}, {""element"": ""P"", ""value"": 5.0}, {""element"": ""S"", ""value"": -2.0}]",1.886,2.58,1.2453846153846155,2.13,-1.3346153846153843,-0.4500000000000002,1.6,118.52,184.0,58.07692307692308,26.666666666666668,-157.33333333333334,-125.92307692307692,0.144927536231884,0.3156354515050167,3232276632060.902,12278644599.949677,6204582466640.243,26472007992911.816,505.3149324531856,6192303822040.294,0.0633338433849942,0.2250639386189258,0.0,0.12,0.48,0.4,0.0246,18181.14,0.7692307692307693,105.26666666666668,17.384615384615387,0.6365141682948128,699509401181.5226,177647.73555555558,17.913909051392793
9rc,Li20.0Ge1.55Sn0.45P4.0S24.0,"[{""element"": ""Li"", ""value"": 1.0}, {""element"": ""Ge"", ""value"": 4.0}, {""element"": ""Sn"", ""value"": 4.0}, {""element"": ""P"", ""value"": 5.0}, {""element"": ""S"", ""value"": -2.0}]",1.88555,2.58,1.2445192307692308,2.12625,-1.3354807692307693,-0.4537499999999999,1.6,118.727,184.0,58.475,28.391666666666666,-155.60833333333335,-125.525,0.154302536231884,0.3177989130434782,3222322744171.8755,12278644599.949677,6185440374545.962,26389058927169.934,503.7559580942112,6173161729946.013,0.0628321711441916,0.2228900255754475,0.0,0.12,0.48,0.4,0.0141,18204.945,0.9423076923076923,105.58166666666668,18.00769230769231,0.8142354485405789,1522030235061.0176,149106.0153595556,17.993272955893186
13q,Li20.0Sn2.0P4.0S24.0,"[{""element"": ""Li"", ""value"": 1.0}, {""element"": ""Sn"", ""value"": 4.0}, {""element"": ""P"", ""value"": 5.0}, {""element"": ""S"", ""value"": -2.0}]",1.884,2.58,1.2415384615384617,2.1133333333333333,-1.3384615384615386,-0.4666666666666668,1.6,119.44,184.0,59.84615384615385,34.333333333333336,-149.66666666666666,-124.15384615384616,0.1865942028985507,0.3252508361204013,3188037130331.898,12278644599.949677,6119506501776.774,26103345478503.453,498.3861575244107,6107227857176.825,0.0611041889814268,0.2154021028701336,0.0,0.12,0.48,0.4,0.00398,18286.94,1.5384615384615385,106.66666666666667,20.153846153846153,0.6365141682948128,3861494956575.2715,7835.8507555555525,18.269338548160913
ik8,Li20.0Ge0.83Sn1.17P4.0S24.0,"[{""element"": ""Li"", ""value"": 1.0}, {""element"": ""Ge"", ""value"": 4.0}, {""element"": ""Sn"", ""value"": 4.0}, {""element"": ""P"", ""value"": 5.0}, {""element"": ""S"", ""value"": -2.0}]",1.88483,2.58,1.2431346153846154,2.12025,-1.3368653846153846,-0.4597500000000001,1.6,119.0582,184.0,59.11192307692308,31.151666666666667,-152.84833333333333,-124.88807692307692,0.169302536231884,0.3212604515050167,3206396523549.4346,12278644599.949677,6154813027195.113,26256340421982.92,501.2615991198522,6142534382595.164,0.0620294955589073,0.2194117647058823,0.0,0.12,0.48,0.4,0.00743,18243.033,1.2192307692307691,106.08566666666667,19.004615384615384,0.8627230891133999,2703914740177.5215,91765.28519379557,18.12098719030218
nip,Li19.62Sn1.62P4.38S24.0,"[{""element"": ""Li"", ""value"": 1.0}, {""element"": ""Sn"", ""value"": 4.0}, {""element"": ""P"", ""value"": 5.0}, {""element"": ""S"", ""value"": -2.0}]",1.892684401451028,2.58,1.2488290398126465,2.1279,-1.3311709601873538,-0.4521000000000001,1.6,119.43954050785972,184.0,58.961358313817335,31.040000000000003,-152.96,-125.03864168618269,0.168695652173913,0.3204421647490073,3506007085885.5195,12278644599.949677,6778820614021.886,28538923797232.28,552.0821584859349,6766541969421.937,0.0652933256933089,0.2303580562659846,0.0,0.120918984280532,0.4836759371221281,0.3954050785973397,0.0055,18357.84492140266,1.2646370023419207,106.274,19.37002341920375,0.583258840128597,3424952951734.437,6950.007827639998,18.216840761157627
1hh,Li20.0Ge2.0P4.0S24.0,"[{""element"": ""Li"", ""value"": 1.0}, {""element"": ""Ge"", ""value"": 4.0}, {""element"": ""P"", ""value"": 5.0}, {""element"": ""S"", ""value"": -2.0}]",1.886,2.58,1.2453846153846155,2.13,-1.3346153846153843,-0.4500000000000002,1.6,118.52,184.0,58.07692307692308,26.666666666666668,-157.33333333333334,-125.92307692307692,0.144927536231884,0.3156354515050167,3232276632060.902,12278644599.949677,6204582466640.243,26472007992911.816,505.3149324531856,6192303822040.294,0.0633338433849942,0.2250639386189258,0.0,0.12,0.48,0.4,0.012,18181.14,0.7692307692307693,105.26666666666668,17.384615384615387,0.6365141682948128,699509401181.5226,177647.73555555558,17.913909051392793
8ub,Li21.0Sn0.6Si2.4P3.0S24.0,"[{""element"": ""Li"", ""value"": 1.0}, {""element"": ""Si"", ""value"": 4.0}, {""element"": ""Sn"", ""value"": 4.0}, {""element"": ""P"", ""value"": 5.0}, {""element"": ""S"", ""value"": -2.0}]",1.858941176470588,2.58,1.2179999999999995,2.051,-1.3620000000000003,-0.5289999999999999,1.6,117.7470588235294,184.0,58.85555555555556,28.6,-155.4,-125.14444444444445,0.1554347826086956,0.3198671497584541,2552325680693.135,12278644599.949677,4810145268331.521,21210411876836.152,391.7488798683232,4797866623731.572,0.0562650278478638,0.2013407734635356,0.0,0.1176470588235294,0.4705882352941176,0.4117647058823529,0.00879,17932.59705882353,0.4444444444444445,105.62,16.42222222222222,0.9433483923290393,1468860829679.5615,432856.07987599995,17.197432455590548
7tu,Li20.4Sn0.48Si1.92P3.6S24.0,"[{""element"": ""Li"", ""value"": 1.0}, {""element"": ""Si"", ""value"": 4.0}, {""element"": ""Sn"", ""value"": 4.0}, {""element"": ""P"", ""value"": 5.0}, {""element"": ""S"", ""value"": -2.0}]",1.8727142857142856,2.58,1.2297272727272728,2.0788,-1.3502727272727273,-0.5012000000000003,1.6,118.06904761904762,184.0,58.131818181818176,26.28,-157.72,-125.86818181818182,0.1428260869565217,0.3159337944664031,3002938830552.705,12278644599.949677,5721720817782.483,24752765248463.11,465.9896107593124,5709442173182.534,0.0614242087620371,0.2198961481825931,0.0,0.119047619047619,0.4761904761904762,0.4047619047619047,0.00782,18073.57261904762,0.36363636363636365,105.41600000000001,16.3,0.8731726364245316,1280717338912.633,397661.07013504,17.344835600444874
ui6,Li20.7Sn0.54Si2.16P3.3S24.0,"[{""element"": ""Li"", ""value"": 1.0}, {""element"": ""Si"", ""value"": 4.0}, {""element"": ""Sn"", ""value"": 4.0}, {""element"": ""P"", ""value"": 5.0}, {""element"": ""S"", ""value"": -2.0}]",1.8657869822485205,2.58,1.2237977528089887,2.0649,-1.3562022471910111,-0.5151000000000003,1.6,117.90710059171596,184.0,58.49775280898877,27.44,-156.56,-125.50224719101124,0.1491304347826086,0.3179225696140694,2776299080623.335,12278644599.949677,5260811832105.03,22981588562649.63,428.45216255600326,5248533187505.081,0.0588156341425113,0.2106184608230644,0.0,0.1183431952662721,0.4733727810650887,0.408284023668639,0.011,18002.66775147929,0.404494382022472,105.518,16.361797752808993,0.913319904305773,1381390876494.159,418469.58789516,17.27054067580625
fnu,Li19.2Ba0.4Ge2.0P4.0S24.0,"[{""element"": ""Li"", ""value"": 1.0}, {""element"": ""Ba"", ""value"": 2.0}, {""element"": ""Ge"", ""value"": 4.0}, {""element"": ""P"", ""value"": 5.0}, {""element"": ""S"", ""value"": -2.0}]",1.8925806451612903,2.58,1.248125,2.0525,-1.331875,-0.5275000000000003,1.69,119.57603686635947,184.0,59.17857142857143,34.21428571428571,-149.78571428571428,-124.82142857142856,0.185947204968944,0.3216226708074534,3256530159256.0903,12278644599.949677,6298015954246.223,24818999390708.57,512.9243625368906,6285737309646.273,0.0640724387791854,0.2118453106722972,0.0,0.1290322580645161,0.4838709677419355,0.3870967741935484,0.000572,18429.55793285056,1.09375,106.48684210526315,19.625,0.8305236914828464,132797559949900.95,175214.778125,18.49121221376227
pfi,Li18.8Ba0.6Ge2.0P4.0S24.0,"[{""element"": ""Li"", ""value"": 1.0}, {""element"": ""Ba"", ""value"": 2.0}, {""element"": ""Ge"", ""value"": 4.0}, {""element"": ""P"", ""value"": 5.0}, {""element"": ""S"", ""value"": -2.0}]",1.895910931174089,2.58,1.249527559055118,2.017272727272728,-1.330472440944882,-0.5627272727272725,1.69,120.11046847888952,184.0,59.74240719910011,37.64502164502165,-146.35497835497836,-124.25759280089989,0.204592508940335,0.3246869956472832,3268804211480.3745,12278644599.949677,6345836243178.415,24067631844252.56,516.8189527372119,6333557598578.466,0.0644504600439289,0.2058368434238296,0.0,0.1336032388663967,0.4858299595141699,0.3805668016194332,0.000707,18555.275510204083,1.2598425196850394,107.08496732026144,20.771653543307085,0.8832853412536135,187017697752540.1,173726.7384756658,18.790422516988027
f0h,Li18.4Ba0.8Ge2.0P4.0S24.0,"[{""element"": ""Li"", ""value"": 1.0}, {""element"": ""Ba"", ""value"": 2.0}, {""element"": ""Ge"", ""value"": 4.0}, {""element"": ""P"", ""value"": 5.0}, {""element"": ""S"", ""value"": -2.0}]",1.8992682926829267,2.58,1.250952380952381,1.9841176470588235,-1.329047619047619,-0.5958823529411765,1.69,120.6492450638792,184.0,60.31519274376417,40.87394957983193,-143.12605042016807,-123.68480725623584,0.2221410303251735,0.3277999605639357,3281178052747.135,12278644599.949677,6394415584315.883,23360462388764.543,520.7753618296022,6382136939715.934,0.064834481646208,0.200181815425272,0.0,0.1382113821138211,0.4878048780487805,0.3739837398373983,0.000316,18682.015181682433,1.4285714285714288,107.67532467532469,21.93650793650794,0.923840705630872,234723048716551.66,172108.04809688585,19.096966428720183
7iw,Li18.0Ba1.0Ge2.0P4.0S24.0,"[{""element"": ""Li"", ""value"": 1.0}, {""element"": ""Ba"", ""value"": 2.0}, {""element"": ""Ge"", ""value"": 4.0}, {""element"": ""P"", ""value"": 5.0}, {""element"": ""S"", ""value"": -2.0}]",1.9026530612244896,2.58,1.2524000000000002,1.9528571428571424,-1.3276,-0.6271428571428574,1.69,121.19241982507288,184.0,60.89714285714285,43.91836734693878,-140.0816326530612,-123.10285714285716,0.2386867790594498,0.3309627329192546,3293652904963.0107,12278644599.949677,6443772194911.55,22693702616447.27,524.7950734674705,6431493550311.601,0.0652246475941236,0.1948499318837747,0.0,0.1428571428571428,0.4897959183673469,0.3673469387755102,9.98e-05,18809.789462723864,1.6,108.25806451612902,23.119999999999997,0.9556998911125343,276748910840939.84,170388.07265306124,19.41107527354653
ikh,Li19.2P6.0S24.0,"[{""element"": ""Li"", ""value"": 1.0}, {""element"": ""P"", ""value"": 5.0}, {""element"": ""S"", ""value"": -2.0}]",1.9080487804878048,2.58,1.2680952380952382,2.19,-1.311904761904762,-0.3900000000000001,1.6,118.17073170731706,184.0,55.47619047619048,17.0,-167.0,-128.52380952380952,0.092391304347826,0.3015010351966873,4801125451390.099,12278644599.949677,9361931934047.385,38922178734970.95,762.4564631576479,9349653289447.434,0.0813154891586264,0.2941176470588235,0.0,0.1219512195121951,0.4878048780487805,0.3902439024390243,0.0012,18328.414634146342,0.0,104.60000000000001,15.428571428571427,0.0,0.0,0.0,17.57266949656064
hd3,Li14.0Ge2.0P2.0S16.0,"[{""element"": ""Li"", ""value"": 1.0}, {""element"": ""Ge"", ""value"": 4.0}, {""element"": ""P"", ""value"": 5.0}, {""element"": ""S"", ""value"": -2.0}]",1.8647058823529408,2.58,1.2288888888888887,2.1,-1.3511111111111114,-0.4800000000000004,1.6,118.08823529411764,184.0,59.5,31.5,-152.5,-124.5,0.171195652173913,0.3233695652173913,2438974003639.735,12278644599.949677,4596036545008.434,20246922621882.25,374.3113914240396,4583757900408.484,0.0538642080557397,0.1905370843989769,0.0,0.1176470588235294,0.4705882352941176,0.4117647058823529,0.007,17949.808823529413,1.1111111111111112,105.60000000000001,18.11111111111111,0.6931471805599453,786948076329.2129,199853.70250000004,17.880305900946606
ete,Li19.08Si3.48P2.88S23.4Cl0.6,"[{""element"": ""Li"", ""value"": 1.0}, {""element"": ""Si"", ""value"": 4.0}, {""element"": ""Cl"", ""value"": -1.0}, {""element"": ""P"", ""value"": 5.0}, {""element"": ""S"", ""value"": -2.0}]",1.898980582524272,2.5945,1.2428301886792454,2.0313207547169814,-1.3516698113207546,-0.5631792452830187,2.18,118.64684466019418,183.925,57.06367924528302,25.75471698113208,-158.1702830188679,-126.86132075471696,0.140028364720033,0.3102551542491941,2620827664459.326,12132920488.712069,5081860441790.094,19954377340884.062,418.848903404422,5069727521301.382,0.060988351887353,0.1995089631049675,0.012135922330097,0.1286407766990291,0.4733009708737864,0.3859223300970874,0.025,18273.50910194175,0.0,105.16996047430831,15.75,0.6886905739680003,242427602387.57544,464845.26544677827,17.585161445103285
k4x,Li20.7Si2.7P3.3S24.0,"[{""element"": ""Li"", ""value"": 1.0}, {""element"": ""Si"", ""value"": 4.0}, {""element"": ""P"", ""value"": 5.0}, {""element"": ""S"", ""value"": -2.0}]",1.8651479289940824,2.58,1.2225842696629212,2.0595,-1.3574157303370789,-0.5205000000000002,1.6,117.52366863905324,184.0,57.76966292134831,24.2,-159.8,-126.2303370786517,0.1315217391304347,0.3139655593551538,2816678806182.797,12278644599.949677,5337487940189.852,23322797243627.08,434.6968345522215,5325209295589.902,0.0600946677615547,0.2163101604278074,0.0,0.1183431952662721,0.4733727810650887,0.408284023668639,0.0065,17963.55769230769,0.0,105.05000000000001,15.067415730337078,0.6881388137135884,242158528647.85645,464329.32727500005,17.00741947913618
wyu,Li56.0La24.0Zr16.0O96.0,"[{""element"": ""Li"", ""value"": 1.0}, {""element"": ""La"", ""value"": 3.0}, {""element"": ""Zr"", ""value"": 4.0}, {""element"": ""O"", ""value"": -2.0}]",2.254166666666667,3.44,1.0683333333333334,1.1920000000000002,-2.3716666666666666,-2.248,2.46,110.15833333333332,138.2,82.11666666666666,102.58,-35.61999999999999,-56.08333333333333,0.7422575976845153,0.594187168355041,86141254143.4846,28978758058.690765,143303750228.27844,169832268285.58978,4.945130841633894,114324992169.58768,0.0234932707707527,0.0356431091090659,0.0,0.2083333333333333,0.5,0.2916666666666667,1.63e-06,13154.65972222222,7.25,91.3529411764706,57.916666666666664,0.6730116670092565,16965241563.40223,209814.0,18.995422409020712
019,Li6.0Ti12.0P18.0O72.0,"[{""element"": ""Li"", ""value"": 1.0}, {""element"": ""O"", ""value"": -2.0}, {""element"": ""Ti"", ""value"": 4.0}, {""element"": ""P"", ""value"": 5.0}]",2.8838888888888894,3.44,1.7716666666666667,1.93,-1.6683333333333332,-1.5099999999999998,2.46,105.43888888888888,138.2,39.91666666666666,34.4,-103.79999999999998,-98.28333333333332,0.2489146164978292,0.2888326097443319,6590015846261.276,28978758058.690765,19712090022666.45,23629637065447.984,680.2254942307567,19683111264607.76,0.1715665268249938,0.2029168692270296,0.0,0.2777777777777778,0.6666666666666666,0.0555555555555555,0.000161,13440.812777777775,0.6666666666666666,79.58823529411765,40.83333333333333,0.6730116670092565,55248708209701.625,632736.4055999999,19.259772348743912
ob9,Li2.67Mg0.67P2.0S6.0,"[{""element"": ""Li"", ""value"": 1.0}, {""element"": ""Mg"", ""value"": 2.0}, {""element"": ""P"", ""value"": 4.0}, {""element"": ""S"", ""value"": -2.0}]",2.059462081128748,2.58,1.4745880149812731,1.9691760299625467,-1.1054119850187267,-0.6108239700374534,1.6,120.49955908289245,184.0,49.15074906367042,30.801498127340828,-153.19850187265916,-134.84925093632958,0.1673994463442436,0.2671236362156001,5539549255520.295,12278644599.949677,11749965672284.729,23375576535810.688,956.9432176848644,11737687027684.78,0.0990177719027686,0.1832207289907224,0.0,0.2354497354497354,0.5291005291005291,0.2354497354497354,4e-06,19343.25110229277,0.0,107.39561707035756,22.5,0.5633614718504291,10544087673368.123,68960.0270167908,21.866905527823203
ei3,Li9.0Y3.0Cl18.0,"[{""element"": ""Li"", ""value"": 1.0}, {""element"": ""Y"", ""value"": 3.0}, {""element"": ""Cl"", ""value"": -1.0}]",2.312,3.16,1.04,1.22,-2.12,-1.94,2.18,138.44500000000002,181.0,74.6125,95.95,-85.05000000000001,-106.3875,0.530110497237569,0.4122237569060773,54164787242.0853,6449680150.445433,125737447879.54507,129885365241.86926,19.495144712077128,119287767729.09966,0.0189276822419084,0.0312662845231891,0.6,0.1,0.0,0.3,0.000539,21944.11525,2.75,107.99999999999999,31.75,0.0,0.0,0.0,23.829308597796224
deu,Li8.8Al0.8Ge1.2S8.0,"[{""element"": ""Li"", ""value"": 1.0}, {""element"": ""Al"", ""value"": 3.0}, {""element"": ""Ge"", ""value"": 4.0}, {""element"": ""S"", ""value"": -2.0}]",1.753404255319149,2.58,1.141111111111111,1.85,-1.438888888888889,-0.7300000000000002,1.6,114.79787234042551,184.0,63.53703703703704,46.1,-137.9,-120.46296296296296,0.2505434782608695,0.3453099838969404,213103287727.72583,12278644599.949677,361862282637.1896,1406895167702.2346,29.470865427497813,349583638037.24,0.0265379711434461,0.0781198589894242,0.0,0.1063829787234042,0.425531914893617,0.4680851063829787,4.3e-05,16765.60904255319,1.1111111111111112,106.92,17.11111111111111,0.6730116670092565,344804189618.8247,18538.82037600001,16.38386647151532
usu,Li8.8Al0.8Sn1.2S8.0,"[{""element"": ""Li"", ""value"": 1.0}, {""element"": ""Al"", ""value"": 3.0}, {""element"": ""Sn"", ""value"": 4.0}, {""element"": ""S"", ""value"": -2.0}]",1.750212765957447,2.58,1.1355555555555557,1.82,-1.4444444444444444,-0.76,1.6,116.26595744680851,184.0,66.09259259259258,59.9,-124.1,-117.90740740740742,0.3255434782608695,0.3591988727858292,142508338160.16647,12278644599.949677,238974777834.40112,743302641767.1765,19.46263497482292,226696133234.45145,0.023317359227182,0.0607285546415981,0.0,0.1063829787234042,0.425531914893617,0.4680851063829787,4.3e-06,16934.438829787236,2.2222222222222223,109.44,21.11111111111111,0.6730116670092565,343139530687.1499,44044.318104000005,16.9056559187132
0o6,Li7.2Ti10.8Sc1.2P18.0O72.0,"[{""element"": ""Li"", ""value"": 1.0}, {""element"": ""Sc"", ""value"": 3.0}, {""element"": ""O"", ""value"": -2.0}, {""element"": ""Ti"", ""value"": 4.0}, {""element"": ""P"", ""value"": 5.0}]",2.860989010989011,3.44,1.7403225806451614,1.9228,-1.6996774193548383,-1.5172,2.46,105.2445054945055,138.2,41.45967741935484,35.21000000000001,-102.98999999999998,-96.74032258064514,0.2547756874095515,0.2999976658419308,6513767709846.575,28978758058.690765,19064972132661.832,23610720290398.57,657.8947273740816,19035993374603.14,0.1655756974152151,0.2017583092393112,0.0,0.2747252747252747,0.6593406593406593,0.0659340659340659,9.98e-05,13374.612225274723,0.6129032258064516,79.7294117647059,39.80645161290323,0.8030448563658357,56965026487513.52,623457.6839999999,19.031852185485647
qea,Li6.0Ti12.0P18.0O72.0,"[{""element"": ""Li"", ""value"": 1.0}, {""element"": ""O"", ""value"": -2.0}, {""element"": ""Ti"", ""value"": 4.0}, {""element"": ""P"", ""value"": 5.0}]",2.8838888888888894,3.44,1.7716666666666667,1.93,-1.6683333333333332,-1.5099999999999998,2.46,105.43888888888888,138.2,39.91666666666666,34.4,-103.79999999999998,-98.28333333333332,0.2489146164978292,0.2888326097443319,6590015846261.276,28978758058.690765,19712090022666.45,23629637065447.984,680.2254942307567,19683111264607.76,0.1715665268249938,0.2029168692270296,0.0,0.2777777777777778,0.6666666666666666,0.0555555555555555,2e-06,13440.812777777775,0.6666666666666666,79.58823529411765,40.83333333333333,0.6730116670092565,55248708209701.625,632736.4055999999,19.259772348743912
0fh,Li7.2Al1.2Ge10.8P18.0O72.0,"[{""element"": ""Li"", ""value"": 1.0}, {""element"": ""Al"", ""value"": 3.0}, {""element"": ""Ge"", ""value"": 4.0}, {""element"": ""O"", ""value"": -2.0}, {""element"": ""P"", ""value"": 5.0}]",2.91021978021978,3.44,1.8848387096774195,2.102,-1.5551612903225809,-1.338,2.46,103.43131868131869,138.2,36.13709677419354,28.61,-109.59,-102.06290322580644,0.2070188133140376,0.2614840577003874,6611233759295.006,28978758058.690765,19351082148784.645,23965496710390.86,667.7678218505031,19322103390725.957,0.1725202308157509,0.2103695306559756,0.0,0.2747252747252747,0.6593406593406593,0.0659340659340659,4.83e-05,13173.73585164835,2.903225806451613,78.34117647058824,38.903225806451616,0.8030448563658357,912715123309.2666,182897.89943616005,19.722387136852348
gw2,Li8.4Al2.4Ge9.6P18.0O72.0,"[{""element"": ""Li"", ""value"": 1.0}, {""element"": ""Al"", ""value"": 3.0}, {""element"": ""Ge"", ""value"": 4.0}, {""element"": ""O"", ""value"": -2.0}, {""element"": ""P"", ""value"": 5.0}]",2.884891304347826,3.44,1.8440625,2.086,-1.5959375,-1.354,2.46,103.04347826086956,138.2,37.125,28.62,-109.57999999999998,-101.075,0.2070911722141823,0.2686324167872648,6536246723389.955,28978758058.690765,18737374158386.08,23949019576281.727,646.5899649818401,18708395400327.387,0.1669015722884009,0.209485864381005,0.0,0.2717391304347826,0.6521739130434783,0.0760869565217391,0.000188,13080.318206521739,2.5,78.38823529411766,37.09375,0.8731726364245316,1065362704147.5713,173689.06020064003,19.290994870248436
1xf,Li9.0Al3.0Ge9.0P18.0O72.0,"[{""element"": ""Li"", ""value"": 1.0}, {""element"": ""Al"", ""value"": 3.0}, {""element"": ""Ge"", ""value"": 4.0}, {""element"": ""O"", ""value"": -2.0}, {""element"": ""P"", ""value"": 5.0}]",2.872432432432433,3.44,1.8246153846153843,2.078,-1.6153846153846154,-1.362,2.46,102.8527027027027,138.2,37.59615384615385,28.625,-109.575,-100.60384615384616,0.2071273516642547,0.2720416341979294,6499361208431.257,28978758058.690765,18444682655272.92,23940781009227.16,636.4897563214009,18415703897214.227,0.164221904375357,0.2090440312435197,0.0,0.2702702702702703,0.6486486486486487,0.081081081081081,0.000336,13034.366824324325,2.307692307692308,78.41176470588236,36.23076923076923,0.8979457248567797,1139962473618.6294,168991.94648100002,19.082271726117167
tjh,Li10.2Al4.2Ge7.8P18.0O72.0,"[{""element"": ""Li"", ""value"": 1.0}, {""element"": ""Al"", ""value"": 3.0}, {""element"": ""Ge"", ""value"": 4.0}, {""element"": ""O"", ""value"": -2.0}, {""element"": ""P"", ""value"": 5.0}]",2.8479144385026736,3.44,1.787462686567164,2.062,-1.652537313432836,-1.378,2.46,102.47727272727272,138.2,38.49626865671642,28.635,-109.565,-99.70373134328358,0.2071997105643994,0.2785547659675573,6426773670972.424,28978758058.690765,17885510828429.855,23924303875118.023,617.193835298472,17856532070371.164,0.1591025388101389,0.2081603649685491,0.0,0.267379679144385,0.6417112299465241,0.0909090909090909,0.000264,12943.938435828875,1.9402985074626866,78.45882352941177,34.582089552238806,0.9319903226231094,1285713970664.5576,159412.33083796003,18.678094403625142
mdj,Li7.2Ti12.0Si1.2P16.8O72.0,"[{""element"": ""Li"", ""value"": 1.0}, {""element"": ""Si"", ""value"": 4.0}, {""element"": ""O"", ""value"": -2.0}, {""element"": ""Ti"", ""value"": 4.0}, {""element"": ""P"", ""value"": 5.0}]",2.85978021978022,3.44,1.7367741935483871,1.9184000000000003,-1.7032258064516128,-1.5215999999999996,2.46,105.19780219780218,138.2,41.32258064516128,35.04,-103.16,-96.87741935483872,0.2535455861070912,0.2990056486625274,6138027349113.047,28978758058.690765,17961992364056.96,22243025377328.527,619.8330628137509,17933013605998.27,0.1609324223779976,0.1960006481931615,0.0,0.2747252747252747,0.6593406593406593,0.0659340659340659,8.6e-05,13351.971428571427,0.6451612903225806,79.64705882352942,39.806451612903224,0.8199696830860377,54806029106381.69,633610.383776,19.024503759486343
t1l,Li7.8Ti12.0Si1.8P16.2O72.0,"[{""element"": ""Li"", ""value"": 1.0}, {""element"": ""Si"", ""value"": 4.0}, {""element"": ""O"", ""value"": -2.0}, {""element"": ""Ti"", ""value"": 4.0}, {""element"": ""P"", ""value"": 5.0}]",2.84792349726776,3.44,1.72015873015873,1.9126,-1.71984126984127,-1.5274,2.46,105.0792349726776,138.2,41.9920634920635,35.36,-102.84,-96.2079365079365,0.2558610709117221,0.3038499529092873,5915737924286.049,28978758058.690765,17128612526623.871,21549719533268.8,591.0747621389862,17099633768565.182,0.1558685631175233,0.1925425376762275,0.0,0.273224043715847,0.6557377049180328,0.0710382513661202,0.00032,13308.278961748634,0.634920634920635,79.6764705882353,39.31746031746032,0.8680614510441254,54583515452764.64,631796.0791559999,18.909854352470855
my9,Li7.2Al1.2Ti10.8P18.0O72.0,"[{""element"": ""Li"", ""value"": 1.0}, {""element"": ""Al"", ""value"": 3.0}, {""element"": ""O"", ""value"": -2.0}, {""element"": ""Ti"", ""value"": 4.0}, {""element"": ""P"", ""value"": 5.0}]",2.863736263736264,3.44,1.7483870967741937,1.9328,-1.6916129032258065,-1.5072,2.46,104.8653846153846,138.2,40.346774193548384,33.830000000000005,-104.36999999999998,-97.8532258064516,0.2447901591895804,0.2919448205032445,6524117522716.212,28978758058.690765,19095353841408.188,23648393609244.05,658.9431404456433,19066375083349.496,0.1664696703854889,0.2028668357224506,0.0,0.2747252747252747,0.6593406593406593,0.0659340659340659,0.000595,13326.463873626371,0.5806451612903226,79.5058823529412,38.903225806451616,0.8030448563658357,52079103972691.0,593192.4167865601,18.92537838708905
9s4,Li7.8Al1.8Ti10.2P18.0O72.0,"[{""element"": ""Li"", ""value"": 1.0}, {""element"": ""Al"", ""value"": 3.0}, {""element"": ""O"", ""value"": -2.0}, {""element"": ""Ti"", ""value"": 4.0}, {""element"": ""P"", ""value"": 5.0}]",2.853825136612022,3.44,1.7373015873015876,1.9342,-1.7026984126984124,-1.5058,2.46,104.58333333333334,138.2,40.5515873015873,33.544999999999995,-104.655,-97.64841269841268,0.2427279305354558,0.2934268256265362,6491708511136.674,28978758058.690765,18801669945570.93,23657771881142.08,648.8086862622562,18772691187512.234,0.1640425958904865,0.2028418189701612,0.0,0.273224043715847,0.6557377049180328,0.0710382513661202,0.000722,13270.226707650274,0.5396825396825397,79.46470588235294,37.98412698412699,0.8420953021316528,50315704950021.03,572202.28233876,18.763058445135815
xa0,Li9.0Al3.0Ti9.0P18.0O72.0,"[{""element"": ""Li"", ""value"": 1.0}, {""element"": ""Al"", ""value"": 3.0}, {""element"": ""O"", ""value"": -2.0}, {""element"": ""Ti"", ""value"": 4.0}, {""element"": ""P"", ""value"": 5.0}]",2.8343243243243244,3.44,1.7161538461538464,1.937,-1.7238461538461536,-1.503,2.46,104.02837837837838,138.2,40.94230769230769,32.975,-105.225,-97.2576923076923,0.2386034732272069,0.2962540354002004,6427941591055.849,28978758058.690765,18241411436589.062,23676528424938.152,629.4752659739481,18212432678530.37,0.1594124845461743,0.2027917854655822,0.0,0.2702702702702703,0.6486486486486487,0.081081081081081,0.000248,13159.576283783785,0.46153846153846156,79.38235294117649,36.23076923076923,0.8979457248567797,46431713096351.805,527785.7333609998,18.44773617613037
txm,Li7.8Cr1.8Ti10.2P18.0O72.0,"[{""element"": ""Li"", ""value"": 1.0}, {""element"": ""O"", ""value"": -2.0}, {""element"": ""Cr"", ""value"": 3.0}, {""element"": ""Ti"", ""value"": 4.0}, {""element"": ""P"", ""value"": 5.0}]",2.8546448087431693,3.44,1.7396825396825395,1.9372,-1.7003174603174604,-1.5028,2.46,104.83333333333331,138.2,41.27777777777778,34.46,-103.73999999999998,-96.92222222222222,0.2493487698986975,0.2986814600418074,6480782526358.724,28978758058.690765,18769932561215.93,23617782776854.797,647.7134914892188,18740953803157.24,0.1632766731733443,0.201876756346562,0.0,0.273224043715847,0.6557377049180328,0.0710382513661202,3.51e-05,13297.164207650274,0.7777777777777778,79.35882352941178,38.6031746031746,0.8420953021316528,52505839554526.11,663898.6595999999,18.965932025457256
v1t,Li8.4Cr2.4Ti9.6P18.0O72.0,"[{""element"": ""Li"", ""value"": 1.0}, {""element"": ""O"", ""value"": -2.0}, {""element"": ""Cr"", ""value"": 3.0}, {""element"": ""Ti"", ""value"": 4.0}, {""element"": ""P"", ""value"": 5.0}]",2.845108695652174,3.44,1.7296875,1.9396,-1.7103125,-1.5004,2.46,104.63586956521738,138.2,41.70312500000001,34.480000000000004,-103.71999999999998,-96.496875,0.249493487698987,0.3017592257597685,6445162965520.935,28978758058.690765,18475508354512.645,23613831347323.727,637.5534906324882,18446529596453.957,0.1606860939072038,0.2015300520530727,0.0,0.2717391304347826,0.6521739130434783,0.0760869565217391,0.000149,13250.322282608695,0.8125,79.28235294117647,37.90625,0.8731726364245316,51577488033724.96,674194.6839999999,18.87108714717807
d6b,Li9.0Cr3.0Ti9.0P18.0O72.0,"[{""element"": ""Li"", ""value"": 1.0}, {""element"": ""O"", ""value"": -2.0}, {""element"": ""Cr"", ""value"": 3.0}, {""element"": ""Ti"", ""value"": 4.0}, {""element"": ""P"", ""value"": 5.0}]",2.835675675675676,3.44,1.72,1.942,-1.72,-1.4979999999999998,2.46,104.44054054054054,138.2,42.11538461538461,34.5,-103.7,-96.08461538461538,0.2496382054992764,0.3047422909941,6409928481016.527,28978758058.690765,18190143354169.457,23609879917792.664,627.7061051867339,18161164596110.77,0.1581752247723292,0.2011833477595835,0.0,0.2702702702702703,0.6486486486486487,0.081081081081081,0.000386,13203.986756756756,0.8461538461538463,79.20588235294119,37.23076923076923,0.8979457248567797,50642105528385.81,684445.0115999999,18.777734264205822
3ta,Li7.8Ga1.8Ti10.2P18.0O72.0,"[{""element"": ""Li"", ""value"": 1.0}, {""element"": ""Ga"", ""value"": 3.0}, {""element"": ""O"", ""value"": -2.0}, {""element"": ""Ti"", ""value"": 4.0}, {""element"": ""P"", ""value"": 5.0}]",2.8571038251366123,3.44,1.746825396825397,1.9462,-1.6931746031746029,-1.4938,2.46,104.71857923497268,138.2,40.94444444444444,34.04,-104.16,-97.25555555555556,0.2463096960926194,0.2962694967036501,6484315599197.307,28978758058.690765,18780195296604.195,23630713823444.004,648.0676383221327,18751216538545.504,0.1635750247807136,0.2022526793718473,0.0,0.273224043715847,0.6557377049180328,0.0710382513661202,0.000261,13283.852732240437,1.0158730158730158,79.46470588235294,39.317460317460316,0.8420953021316528,50178851821399.05,592573.51185684,19.057362767748653
gjy,Li8.4Ga2.4Ti9.6P18.0O72.0,"[{""element"": ""Li"", ""value"": 1.0}, {""element"": ""Ga"", ""value"": 3.0}, {""element"": ""O"", ""value"": -2.0}, {""element"": ""Ti"", ""value"": 4.0}, {""element"": ""P"", ""value"": 5.0}]",2.8483695652173915,3.44,1.7390625000000002,1.9516,-1.7009374999999998,-1.4884,2.46,104.4836956521739,138.2,41.265625,33.919999999999995,-104.28,-96.934375,0.2454413892908827,0.2985935238784371,6449848127328.62,28978758058.690765,18488978194709.742,23631072742776.01,638.0183083506878,18459999436651.05,0.161077680391876,0.2020312827534532,0.0,0.2717391304347826,0.6521739130434783,0.0760869565217391,0.000128,13232.670108695651,1.125,79.42352941176472,38.84375,0.8731726364245316,48271401710494.97,574892.53845216,18.991820658476026
6st,Li7.2Fe1.2Ti10.8P18.0O72.0,"[{""element"": ""Li"", ""value"": 1.0}, {""element"": ""O"", ""value"": -2.0}, {""element"": ""Fe"", ""value"": 3.0}, {""element"": ""Ti"", ""value"": 4.0}, {""element"": ""P"", ""value"": 5.0}]",2.8661538461538463,3.44,1.7554838709677418,1.9416,-1.684516129032258,-1.4983999999999995,2.46,104.98076923076924,138.2,40.68548387096774,34.25,-103.95,-97.51451612903224,0.2478292329956584,0.2943956864758881,6518271671179.518,28978758058.690765,19078193438510.15,23627114709650.484,658.350968660252,19049214680451.457,0.1660825275228593,0.20238677857279,0.0,0.2747252747252747,0.6593406593406593,0.0659340659340659,0.00018,13338.348489010987,0.7741935483870968,79.41176470588238,39.80645161290323,0.8030448563658357,52507085886132.58,623253.4776,19.077268545250554
t9r,Li7.8Fe1.8Ti10.2P18.0O72.0,"[{""element"": ""Li"", ""value"": 1.0}, {""element"": ""O"", ""value"": -2.0}, {""element"": ""Fe"", ""value"": 3.0}, {""element"": ""Ti"", ""value"": 4.0}, {""element"": ""P"", ""value"": 5.0}]",2.857431693989071,3.44,1.747777777777778,1.9474,-1.692222222222222,-1.4926,2.46,104.75546448087432,138.2,41.0515873015873,34.175,-104.025,-97.14841269841268,0.247286541244573,0.2970447706337721,6482987650647.506,28978758058.690765,18776337922245.25,23625853531751.73,647.9345279123928,18747359164186.56,0.1634710992837476,0.2021217332456702,0.0,0.273224043715847,0.6557377049180328,0.0710382513661202,0.000246,13287.956215846994,0.8253968253968254,79.32352941176472,39.317460317460316,0.8420953021316528,51104094239906.38,618491.7335999999,18.988148001973176
xr7,Li8.4Fe2.4Ti9.6P18.0O72.0,"[{""element"": ""Li"", ""value"": 1.0}, {""element"": ""O"", ""value"": -2.0}, {""element"": ""Fe"", ""value"": 3.0}, {""element"": ""Ti"", ""value"": 4.0}, {""element"": ""P"", ""value"": 5.0}]",2.848804347826087,3.44,1.7403125000000002,1.9532,-1.6996874999999998,-1.4868,2.46,104.53260869565216,138.2,41.40625,34.1,-104.1,-96.79375,0.2467438494934877,0.2996110709117222,6448087152077.799,28978758058.690765,18483915390863.63,23624592353852.984,637.8436009379043,18454936632804.938,0.1609412781771082,0.2018566879185503,0.0,0.2717391304347826,0.6521739130434783,0.0760869565217391,0.000392,13238.111684782609,0.875,79.23529411764707,38.84375,0.8731726364245316,49679648937385.78,613716.4696,18.90040573544991
pg8,Li9.0Fe3.0Ti9.0P18.0O72.0,"[{""element"": ""Li"", ""value"": 1.0}, {""element"": ""O"", ""value"": -2.0}, {""element"": ""Fe"", ""value"": 3.0}, {""element"": ""Ti"", ""value"": 4.0}, {""element"": ""P"", ""value"": 5.0}]",2.84027027027027,3.44,1.7330769230769232,1.959,-1.7069230769230768,-1.481,2.46,104.31216216216217,138.2,41.75,34.025,-104.17499999999998,-96.45,0.2462011577424023,0.3020984081041968,6413563956195.331,28978758058.690765,18200490475832.207,23623331175954.234,628.0631640241689,18171511717773.52,0.1584892977199038,0.2015916425914305,0.0,0.2702702702702703,0.6486486486486487,0.081081081081081,0.000174,13188.806013513513,0.9230769230769231,79.14705882352942,38.38461538461539,0.8979457248567797,48233749978570.734,608927.6856,18.81401093741378
1wm,Li7.2Sc1.2Ti10.8P18.0O72.0,"[{""element"": ""Li"", ""value"": 1.0}, {""element"": ""Sc"", ""value"": 3.0}, {""element"": ""O"", ""value"": -2.0}, {""element"": ""Ti"", ""value"": 4.0}, {""element"": ""P"", ""value"": 5.0}]",2.860989010989011,3.44,1.7403225806451614,1.9228,-1.6996774193548383,-1.5172,2.46,105.2445054945055,138.2,41.45967741935484,35.21000000000001,-102.98999999999998,-96.74032258064514,0.2547756874095515,0.2999976658419308,6513767709846.575,28978758058.690765,19064972132661.832,23610720290398.57,657.8947273740816,19035993374603.14,0.1655756974152151,0.2017583092393112,0.0,0.2747252747252747,0.6593406593406593,0.0659340659340659,0.00069,13374.612225274723,0.6129032258064516,79.7294117647059,39.80645161290323,0.8030448563658357,56965026487513.52,623457.6839999999,19.031852185485647
do2,Li7.8Sc1.8Ti10.2P18.0O72.0,"[{""element"": ""Li"", ""value"": 1.0}, {""element"": ""Sc"", ""value"": 3.0}, {""element"": ""O"", ""value"": -2.0}, {""element"": ""Ti"", ""value"": 4.0}, {""element"": ""P"", ""value"": 5.0}]",2.849726775956284,3.44,1.7253968253968257,1.9192,-1.7146031746031745,-1.5208,2.46,105.14890710382512,138.2,42.19444444444444,35.614999999999995,-102.585,-96.00555555555556,0.2577062228654124,0.3053143592217398,6476268626363.936,28978758058.690765,18756820756469.164,23601261902873.867,647.2610288709033,18727841998410.477,0.1627229215057967,0.2011790292454519,0.0,0.273224043715847,0.6557377049180328,0.0710382513661202,0.000703,13342.054576502733,0.5873015873015873,79.80000000000001,39.317460317460316,0.8420953021316528,57817793569570.34,618798.9683999999,18.920751729438315
5u3,Li7.2In1.2Ti10.8P18.0O72.0,"[{""element"": ""Li"", ""value"": 1.0}, {""element"": ""In"", ""value"": 3.0}, {""element"": ""O"", ""value"": -2.0}, {""element"": ""Ti"", ""value"": 4.0}, {""element"": ""P"", ""value"": 5.0}]",2.8656043956043957,3.44,1.7538709677419353,1.9396,-1.6861290322580649,-1.5004,2.46,105.23626373626372,138.2,41.435483870967744,35.18,-103.01999999999998,-96.76451612903224,0.2545586107091172,0.299822603986742,6513835690267.928,28978758058.690765,19065171688092.258,23610967739132.297,657.9016136398775,19036192930033.566,0.1655869328092029,0.2017722411278561,0.0,0.2747252747252747,0.6593406593406593,0.0659340659340659,0.00039,13373.28736263736,1.2258064516129032,79.70588235294119,40.96774193548387,0.8030448563658357,51824982196617.49,602654.0676000001,19.22897061883584
2eq,Li7.8In1.8Ti10.2P18.0O72.0,"[{""element"": ""Li"", ""value"": 1.0}, {""element"": ""In"", ""value"": 3.0}, {""element"": ""O"", ""value"": -2.0}, {""element"": ""Ti"", ""value"": 4.0}, {""element"": ""P"", ""value"": 5.0}]",2.856612021857924,3.44,1.7453968253968255,1.9444,-1.6946031746031744,-1.4955999999999998,2.46,105.13661202185791,138.2,42.15873015873016,35.57,-102.63,-96.04126984126984,0.2573806078147612,0.3050559345783659,6476370039779.396,28978758058.690765,18757115338295.027,23601633075974.453,647.2711943108875,18728136580236.336,0.1627395070873977,0.2011999270782693,0.0,0.273224043715847,0.6557377049180328,0.0710382513661202,0.000393,13340.078142076503,1.492063492063492,79.76470588235296,41.03174603174603,0.8420953021316528,50024181484120.07,584872.2467249999,19.21384030255453
yn6,Li8.4In2.4Ti9.6P18.0O72.0,"[{""element"": ""Li"", ""value"": 1.0}, {""element"": ""In"", ""value"": 3.0}, {""element"": ""O"", ""value"": -2.0}, {""element"": ""Ti"", ""value"": 4.0}, {""element"": ""P"", ""value"": 5.0}]",2.847717391304348,3.44,1.7371875,1.9492,-1.7028124999999998,-1.4908,2.46,105.03804347826086,138.2,42.859375,35.96,-102.23999999999998,-95.340625,0.2602026049204052,0.3101257235890015,6439311624622.262,28978758058.690765,18458685749428.96,23592298412816.61,636.9729755859285,18429706991370.27,0.159981063419399,0.2006276130286825,0.0,0.2717391304347826,0.6521739130434783,0.0760869565217391,0.000302,13307.229891304347,1.75,79.82352941176472,41.09375,0.8731726364245316,48164088967652.45,565263.3245999999,19.198886158151435
p4l,Li7.2La1.2Ti10.8P18.0O72.0,"[{""element"": ""Li"", ""value"": 1.0}, {""element"": ""La"", ""value"": 3.0}, {""element"": ""O"", ""value"": -2.0}, {""element"": ""Ti"", ""value"": 4.0}, {""element"": ""P"", ""value"": 5.0}]",2.858131868131868,3.44,1.7319354838709675,1.9124,-1.7080645161290324,-1.5275999999999998,2.46,105.66446886446886,138.2,42.692473118279565,36.73866666666667,-101.46133333333331,-95.50752688172042,0.2658369512783406,0.308918039929664,6512121968150.418,28978758058.690765,19060141084456.984,23604729790624.56,657.7280173930995,19031162326398.293,0.1651907117659903,0.2012809270342724,0.0,0.2747252747252747,0.6593406593406593,0.0659340659340659,8e-05,13458.485909645908,1.2580645161290323,80.02352941176471,42.38709677419355,0.8030448563658357,66127781317833.64,595924.0344,19.26925526696242
qkr,Li7.8La1.8Ti10.2P18.0O72.0,"[{""element"": ""Li"", ""value"": 1.0}, {""element"": ""La"", ""value"": 3.0}, {""element"": ""O"", ""value"": -2.0}, {""element"": ""Ti"", ""value"": 4.0}, {""element"": ""P"", ""value"": 5.0}]",2.845464480874317,3.44,1.713015873015873,1.9036,-1.7269841269841266,-1.5363999999999998,2.46,105.77540983606558,138.2,44.01428571428571,37.908,-100.292,-94.18571428571428,0.2742981186685962,0.3184825304941079,6473813503505.734,28978758058.690765,18749689209119.152,23592276153212.848,647.0149331846917,18720710451060.46,0.162154609356941,0.2004629559378938,0.0,0.273224043715847,0.6557377049180328,0.0710382513661202,0.000523,13467.17761384335,1.5396825396825395,80.24117647058824,43.12698412698413,0.8420953021316528,71451211122402.19,576846.4439999999,19.27392070988778
e0z,Li8.4La2.4Ti9.6P18.0O72.0,"[{""element"": ""Li"", ""value"": 1.0}, {""element"": ""La"", ""value"": 3.0}, {""element"": ""O"", ""value"": -2.0}, {""element"": ""Ti"", ""value"": 4.0}, {""element"": ""P"", ""value"": 5.0}]",2.8329347826086955,3.44,1.6946875,1.8948,-1.7453125,-1.5452,2.46,105.88514492753622,138.2,45.29479166666667,39.07733333333333,-99.12266666666666,-92.90520833333332,0.2827592860588518,0.3277481307284129,6435921435215.883,28978758058.690765,18448938954885.62,23579822515801.137,636.6366328577964,18419960196826.93,0.1592133851481745,0.1996449848415152,0.0,0.2717391304347826,0.6521739130434783,0.0760869565217391,0.000498,13475.774842995168,1.8125,80.45882352941177,43.84375,0.8731726364245316,76697236427305.78,557321.2503999998,19.27853655271549
vus,Li9.0La3.0Ti9.0P18.0O72.0,"[{""element"": ""Li"", ""value"": 1.0}, {""element"": ""La"", ""value"": 3.0}, {""element"": ""O"", ""value"": -2.0}, {""element"": ""Ti"", ""value"": 4.0}, {""element"": ""P"", ""value"": 5.0}]",2.820540540540541,3.44,1.676923076923077,1.886,-1.763076923076923,-1.554,2.46,105.99369369369369,138.2,46.53589743589744,40.24666666666667,-97.95333333333332,-91.66410256410256,0.2912204534491076,0.3367286355708932,6398439010907.544,28978758058.690765,18157442554628.504,23567368878389.426,626.5776648486516,18128463796569.81,0.1563626601458316,0.1988270137451366,0.0,0.2702702702702703,0.6486486486486487,0.081081081081081,0.000281,13484.279129129129,2.076923076923077,80.6764705882353,44.53846153846154,0.8979457248567797,81865857232544.4,537348.4535999999,19.283103582109216
h7r,Li6.0Ti8.4Sn3.6P18.0O72.0,"[{""element"": ""Li"", ""value"": 1.0}, {""element"": ""O"", ""value"": -2.0}, {""element"": ""Ti"", ""value"": 4.0}, {""element"": ""Sn"", ""value"": 4.0}, {""element"": ""P"", ""value"": 5.0}]",2.8978888888888887,3.44,1.8136666666666668,1.9804,-1.6263333333333332,-1.4595999999999998,2.46,105.72222222222224,138.2,40.76666666666667,35.419999999999995,-102.78,-97.43333333333332,0.2562952243125904,0.294983116256633,6582510993074.773,28978758058.690765,19689575463106.938,23602619593976.57,679.4485610194054,19660596705048.246,0.1707520580263353,0.2019395066686394,0.0,0.2777777777777778,0.6666666666666666,0.0555555555555555,2.28e-05,13477.504444444441,2.466666666666667,79.94117647058825,44.43333333333334,0.9173573878312138,43993703737591.08,514733.0054438402,19.851783000715127
9ky,Li6.0Ti3.6Sn8.4P18.0O72.0,"[{""element"": ""Li"", ""value"": 1.0}, {""element"": ""O"", ""value"": -2.0}, {""element"": ""Ti"", ""value"": 4.0}, {""element"": ""Sn"", ""value"": 4.0}, {""element"": ""P"", ""value"": 5.0}]",2.916555555555556,3.44,1.8696666666666664,2.0476,-1.5703333333333336,-1.3924,2.46,106.1,138.2,41.900000000000006,36.78,-101.42,-96.29999999999998,0.2661360347322721,0.3031837916063676,6572504522159.4375,28978758058.690765,19659556050360.93,23566596298681.363,678.4126500709372,19630577292302.24,0.1696660996281239,0.2006363565907857,0.0,0.2777777777777778,0.6666666666666666,0.0555555555555555,9.42e-06,13526.426666666664,4.866666666666667,80.41176470588236,49.233333333333334,0.9173573878312138,23562386274950.95,265023.53073024,20.669533696984647
4ea,Li6.0Ti2.4Sn9.6P18.0O72.0,"[{""element"": ""Li"", ""value"": 1.0}, {""element"": ""O"", ""value"": -2.0}, {""element"": ""Ti"", ""value"": 4.0}, {""element"": ""Sn"", ""value"": 4.0}, {""element"": ""P"", ""value"": 5.0}]",2.9212222222222226,3.44,1.8836666666666664,2.0644,-1.5563333333333331,-1.3756,2.46,106.19444444444444,138.2,42.18333333333333,37.12,-101.07999999999998,-96.01666666666664,0.2685962373371924,0.3052339604438012,6570002904430.603,28978758058.690765,19652051197174.426,23557590474857.56,678.15367233382,19623072439115.73,0.1693946100285711,0.2003105690713224,0.0,0.2777777777777778,0.6666666666666666,0.0555555555555555,3.15e-06,13538.65722222222,5.466666666666667,80.52941176470588,50.43333333333334,0.8731726364245316,17485870331941.021,186101.23208064,20.87918147448822
7kf,Li10.2Al1.8Ti9.6P18.0O72.0,"[{""element"": ""Li"", ""value"": 1.0}, {""element"": ""Al"", ""value"": 3.0}, {""element"": ""O"", ""value"": -2.0}, {""element"": ""Ti"", ""value"": 4.0}, {""element"": ""P"", ""value"": 5.0}]",2.8205913978494626,3.44,1.6943939393939391,1.942244897959184,-1.7456060606060606,-1.497755102040816,2.46,104.02284946236558,138.2,41.88257575757576,32.994897959183675,-105.20510204081631,-96.31742424242424,0.2387474526713724,0.3030577117046003,6385963721569.262,28978758058.690765,17944118200679.39,24126485091753.89,619.2162605566848,17915139442620.7,0.1564822287557662,0.2056321478781372,0.0,0.2634408602150537,0.6451612903225806,0.0913978494623656,0.00122,13134.495900537633,0.4848484848484848,79.15384615384616,35.83333333333333,0.8368574844023513,49328063968524.89,561586.1328797168,18.27381067039194
i8k,Li7.2In1.2Ti10.8P18.0O72.0,"[{""element"": ""Li"", ""value"": 1.0}, {""element"": ""In"", ""value"": 3.0}, {""element"": ""O"", ""value"": -2.0}, {""element"": ""Ti"", ""value"": 4.0}, {""element"": ""P"", ""value"": 5.0}]",2.8656043956043957,3.44,1.7538709677419353,1.9396,-1.6861290322580649,-1.5004,2.46,105.23626373626372,138.2,41.435483870967744,35.18,-103.01999999999998,-96.76451612903224,0.2545586107091172,0.299822603986742,6513835690267.928,28978758058.690765,19065171688092.258,23610967739132.297,657.9016136398775,19036192930033.566,0.1655869328092029,0.2017722411278561,0.0,0.2747252747252747,0.6593406593406593,0.0659340659340659,8.22e-05,13373.28736263736,1.2258064516129032,79.70588235294119,40.96774193548387,0.8030448563658357,51824982196617.49,602654.0676000001,19.22897061883584
hzf,Li7.8Al1.2Sc0.6Ti10.2P18.0O72.0,"[{""element"": ""Li"", ""value"": 1.0}, {""element"": ""Al"", ""value"": 3.0}, {""element"": ""Sc"", ""value"": 3.0}, {""element"": ""O"", ""value"": -2.0}, {""element"": ""Ti"", ""value"": 4.0}, {""element"": ""P"", ""value"": 5.0}]",2.852459016393443,3.44,1.7333333333333338,1.9292,-1.706666666666666,-1.5107999999999997,2.46,104.77185792349728,138.2,41.09920634920635,34.235,-103.965,-97.10079365079363,0.2477206946454414,0.2973893368249374,6486561882879.094,28978758058.690765,18786720215870.34,23638935221719.348,648.2928004651386,18757741457811.65,0.1636027044289232,0.2022875557285914,0.0,0.273224043715847,0.6557377049180328,0.0710382513661202,0.000972,13294.169330601093,0.5555555555555556,79.57647058823531,38.42857142857143,0.8802861522293415,52980436885729.09,588354.77749056,18.815476298517893
x61,Li7.8Al0.9Sc0.9Ti10.2P18.0O72.0,"[{""element"": ""Li"", ""value"": 1.0}, {""element"": ""Al"", ""value"": 3.0}, {""element"": ""Sc"", ""value"": 3.0}, {""element"": ""O"", ""value"": -2.0}, {""element"": ""Ti"", ""value"": 4.0}, {""element"": ""P"", ""value"": 5.0}]",2.851775956284153,3.44,1.7313492063492062,1.9267,-1.7086507936507938,-1.5133,2.46,104.86612021857924,138.2,41.37301587301587,34.58,-103.62,-96.82698412698412,0.2502170767004341,0.299370592424138,6483988568750.304,28978758058.690765,18779245351020.043,23629516892007.977,648.0348575665797,18750266592961.35,0.1633827586981416,0.2020104241078066,0.0,0.273224043715847,0.6557377049180328,0.0710382513661202,0.00124,13306.140642076503,0.5634920634920635,79.63235294117648,38.650793650793645,0.8836841329652496,54251289455136.266,596198.42514219,18.8417401140488
czo,Li7.8Al0.6Sc1.2Ti10.2P18.0O72.0,"[{""element"": ""Li"", ""value"": 1.0}, {""element"": ""Al"", ""value"": 3.0}, {""element"": ""Sc"", ""value"": 3.0}, {""element"": ""O"", ""value"": -2.0}, {""element"": ""Ti"", ""value"": 4.0}, {""element"": ""P"", ""value"": 5.0}]",2.851092896174864,3.44,1.7293650793650797,1.9242,-1.7106349206349205,-1.5158,2.46,104.9603825136612,138.2,41.6468253968254,34.925,-103.275,-96.5531746031746,0.2527134587554269,0.3013518480233386,6481415254621.515,28978758058.690765,18771770486169.75,23620098562296.605,647.7769146680208,18742791728111.06,0.16316281296736,0.2017332924870217,0.0,0.273224043715847,0.6557377049180328,0.0710382513661202,0.000429,13318.111953551912,0.5714285714285714,79.68823529411765,38.87301587301587,0.8802861522293415,55481133092245.52,603887.0061776398,18.86804059025176
o8s,Li7.8Sc1.8Ti10.2P18.0O72.0,"[{""element"": ""Li"", ""value"": 1.0}, {""element"": ""Sc"", ""value"": 3.0}, {""element"": ""O"", ""value"": -2.0}, {""element"": ""Ti"", ""value"": 4.0}, {""element"": ""P"", ""value"": 5.0}]",2.849726775956284,3.44,1.7253968253968257,1.9192,-1.7146031746031745,-1.5208,2.46,105.14890710382512,138.2,42.19444444444444,35.614999999999995,-102.585,-96.00555555555556,0.2577062228654124,0.3053143592217398,6476268626363.936,28978758058.690765,18756820756469.164,23601261902873.867,647.2610288709033,18727841998410.477,0.1627229215057967,0.2011790292454519,0.0,0.273224043715847,0.6557377049180328,0.0710382513661202,0.000452,13342.054576502733,0.5873015873015873,79.80000000000001,39.317460317460316,0.8420953021316528,57817793569570.34,618798.9683999999,18.920751729438315
lap,Li7.8Al1.8Ti10.2P18.0O72.0,"[{""element"": ""Li"", ""value"": 1.0}, {""element"": ""Al"", ""value"": 3.0}, {""element"": ""O"", ""value"": -2.0}, {""element"": ""Ti"", ""value"": 4.0}, {""element"": ""P"", ""value"": 5.0}]",2.853825136612022,3.44,1.7373015873015876,1.9342,-1.7026984126984124,-1.5058,2.46,104.58333333333334,138.2,40.5515873015873,33.544999999999995,-104.655,-97.64841269841268,0.2427279305354558,0.2934268256265362,6491708511136.674,28978758058.690765,18801669945570.93,23657771881142.08,648.8086862622562,18772691187512.234,0.1640425958904865,0.2028418189701612,0.0,0.273224043715847,0.6557377049180328,0.0710382513661202,0.00113,13270.226707650274,0.5396825396825397,79.46470588235294,37.98412698412699,0.8420953021316528,50315704950021.03,572202.28233876,18.763058445135815
yp3,Li6.0Ti12.0P18.0O72.0,"[{""element"": ""Li"", ""value"": 1.0}, {""element"": ""O"", ""value"": -2.0}, {""element"": ""Ti"", ""value"": 4.0}, {""element"": ""P"", ""value"": 5.0}]",2.8838888888888894,3.44,1.7716666666666667,1.93,-1.6683333333333332,-1.5099999999999998,2.46,105.43888888888888,138.2,39.91666666666666,34.4,-103.79999999999998,-98.28333333333332,0.2489146164978292,0.2888326097443319,6590015846261.276,28978758058.690765,19712090022666.45,23629637065447.984,680.2254942307567,19683111264607.76,0.1715665268249938,0.2029168692270296,0.0,0.2777777777777778,0.6666666666666666,0.0555555555555555,6e-05,13440.812777777775,0.6666666666666666,79.58823529411765,40.83333333333333,0.6730116670092565,55248708209701.625,632736.4055999999,19.259772348743912
tzl,Li6.3Al0.3Ti11.7P18.0O72.0,"[{""element"": ""Li"", ""value"": 1.0}, {""element"": ""Al"", ""value"": 3.0}, {""element"": ""O"", ""value"": -2.0}, {""element"": ""Ti"", ""value"": 4.0}, {""element"": ""P"", ""value"": 5.0}]",2.878808864265928,3.44,1.7657024793388432,1.9307000000000003,-1.6742975206611568,-1.5092999999999996,2.46,105.29432132963989,138.2,40.02685950413223,34.2575,-103.9425,-98.17314049586776,0.247883502170767,0.2896299529966153,6573404357500.609,28978758058.690765,19554083232426.73,23634326201397.0,674.772990368455,19525104474368.04,0.1702607206297487,0.2029043608508849,0.0,0.2770083102493075,0.6648199445983379,0.0581717451523545,0.0011,13411.98798476454,0.6446280991735537,79.56764705882354,40.33884297520661,0.7197744066642688,54500956376490.125,623154.9434069099,19.174926229357382
hyj,Li6.6Al0.6Ti11.4P18.0O72.0,"[{""element"": ""Li"", ""value"": 1.0}, {""element"": ""Al"", ""value"": 3.0}, {""element"": ""O"", ""value"": -2.0}, {""element"": ""Ti"", ""value"": 4.0}, {""element"": ""P"", ""value"": 5.0}]",2.8737569060773485,3.44,1.7598360655737704,1.9314,-1.6801639344262296,-1.5085999999999995,2.46,105.15055248618783,138.2,40.135245901639344,34.115,-104.08499999999998,-98.06475409836064,0.2468523878437048,0.2904142250480416,6556884644920.94,28978758058.690765,19398666717436.84,23639015337346.016,669.4098718153712,19369687959378.15,0.1689763210934421,0.2028918524747401,0.0,0.2762430939226519,0.6629834254143647,0.0607734806629834,0.00067,13383.32244475138,0.6229508196721312,79.54705882352943,39.85245901639344,0.7524177643476055,53723438392584.516,613370.45787364,19.090919561385583
mg4,Li7.8Al1.8Ti10.2P18.0O72.0,"[{""element"": ""Li"", ""value"": 1.0}, {""element"": ""Al"", ""value"": 3.0}, {""element"": ""O"", ""value"": -2.0}, {""element"": ""Ti"", ""value"": 4.0}, {""element"": ""P"", ""value"": 5.0}]",2.853825136612022,3.44,1.7373015873015876,1.9342,-1.7026984126984124,-1.5058,2.46,104.58333333333334,138.2,40.5515873015873,33.544999999999995,-104.655,-97.64841269841268,0.2427279305354558,0.2934268256265362,6491708511136.674,28978758058.690765,18801669945570.93,23657771881142.08,648.8086862622562,18772691187512.234,0.1640425958904865,0.2028418189701612,0.0,0.273224043715847,0.6557377049180328,0.0710382513661202,0.0062,13270.226707650274,0.5396825396825397,79.46470588235294,37.98412698412699,0.8420953021316528,50315704950021.03,572202.28233876,18.763058445135815
d4q,Li6.3Cr0.3Ti11.7P18.0O72.0,"[{""element"": ""Li"", ""value"": 1.0}, {""element"": ""O"", ""value"": -2.0}, {""element"": ""Cr"", ""value"": 3.0}, {""element"": ""Ti"", ""value"": 4.0}, {""element"": ""P"", ""value"": 5.0}]",2.878947368421053,3.44,1.766115702479339,1.9312,-1.673884297520661,-1.5087999999999997,2.46,105.3365650969529,138.2,40.15289256198347,34.41,-103.79,-98.04710743801652,0.2489869753979739,0.2905419143414144,6571558138466.108,28978758058.690765,19548575091340.324,23627661350682.45,674.5829152425558,19519596333281.637,0.1701277918937158,0.202743517080285,0.0,0.2770083102493075,0.6648199445983379,0.0581717451523545,0.00018,13416.539750692518,0.6859504132231404,79.55000000000001,40.446280991735534,0.7197744066642688,54795957799175.27,637958.6751,19.209802937649513
6he,Li6.6Cr0.6Ti11.4P18.0O72.0,"[{""element"": ""Li"", ""value"": 1.0}, {""element"": ""O"", ""value"": -2.0}, {""element"": ""Cr"", ""value"": 3.0}, {""element"": ""Ti"", ""value"": 4.0}, {""element"": ""P"", ""value"": 5.0}]",2.8740331491712707,3.44,1.760655737704918,1.9324,-1.679344262295082,-1.5075999999999998,2.46,105.23480662983424,138.2,40.38524590163934,34.419999999999995,-103.78,-97.81475409836064,0.2490593342981186,0.2922231975516595,6553202406957.101,28978758058.690765,19387740732658.89,23625685635916.92,669.0328375492435,19358761974600.2,0.1687126427809833,0.2025701649335404,0.0,0.2762430939226519,0.6629834254143647,0.0607734806629834,0.00026,13392.400828729282,0.7049180327868853,79.51176470588237,40.0655737704918,0.7524177643476055,54341449642514.445,643169.5203999999,19.160238174293045
pwy,Li7.2Cr1.2Ti10.8P18.0O72.0,"[{""element"": ""Li"", ""value"": 1.0}, {""element"": ""O"", ""value"": -2.0}, {""element"": ""Cr"", ""value"": 3.0}, {""element"": ""Ti"", ""value"": 4.0}, {""element"": ""P"", ""value"": 5.0}]",2.864285714285714,3.44,1.7499999999999998,1.9348,-1.6900000000000002,-1.5052,2.46,105.03296703296704,138.2,40.83870967741935,34.440000000000005,-103.76,-97.36129032258064,0.2492040520984081,0.2955044115587508,6516793510941.982,28978758058.690765,19073854322974.16,23621734206385.85,658.2012343090696,19044875564915.47,0.165950819512586,0.2022234606400512,0.0,0.2747252747252747,0.6593406593406593,0.0659340659340659,0.00043,13344.520879120877,0.7419354838709677,79.43529411764706,39.322580645161295,0.8030448563658357,53427160090789.266,653556.9384000001,19.062303734569632
rc1,Li6.3Fe0.3Ti11.7P18.0O72.0,"[{""element"": ""Li"", ""value"": 1.0}, {""element"": ""O"", ""value"": -2.0}, {""element"": ""Fe"", ""value"": 3.0}, {""element"": ""Ti"", ""value"": 4.0}, {""element"": ""P"", ""value"": 5.0}]",2.8794182825484764,3.44,1.7675206611570249,1.9329,-1.672479338842975,-1.5071,2.46,105.32340720221606,138.2,40.11363636363637,34.3625,-103.8375,-98.0863636363636,0.2486432706222865,0.2902578608077885,6571930749495.515,28978758058.690765,19549686765568.555,23629006476498.61,674.621276935834,19520708007509.863,0.1701615352682486,0.2027843465634697,0.0,0.2770083102493075,0.6648199445983379,0.0581717451523545,0.00013,13414.983829639887,0.6942148760330578,79.54411764705884,40.570247933884296,0.7197744066642688,54571347749919.766,630370.7435999999,19.213603304161072
lzt,Li6.6Fe0.6Ti11.4P18.0O72.0,"[{""element"": ""Li"", ""value"": 1.0}, {""element"": ""O"", ""value"": -2.0}, {""element"": ""Fe"", ""value"": 3.0}, {""element"": ""Ti"", ""value"": 4.0}, {""element"": ""P"", ""value"": 5.0}]",2.874972375690608,3.44,1.7634426229508195,1.9358,-1.6765573770491804,-1.5042,2.46,105.2085635359116,138.2,40.30737704918032,34.325,-103.875,-97.89262295081966,0.2483719247467438,0.2916597470997129,6553945570391.442,28978758058.690765,19389945856947.67,23628375887549.234,669.1089320555822,19360967098888.98,0.1687795763599746,0.2026518238999098,0.0,0.2762430939226519,0.6629834254143647,0.0607734806629834,0.00063,13389.297582872929,0.7213114754098361,79.5,40.31147540983606,0.7524177643476055,53888623876064.31,628001.7016,19.16779909742714
kbp,Li7.2Fe1.2Ti10.8P18.0O72.0,"[{""element"": ""Li"", ""value"": 1.0}, {""element"": ""O"", ""value"": -2.0}, {""element"": ""Fe"", ""value"": 3.0}, {""element"": ""Ti"", ""value"": 4.0}, {""element"": ""P"", ""value"": 5.0}]",2.8661538461538463,3.44,1.7554838709677418,1.9416,-1.684516129032258,-1.4983999999999995,2.46,104.98076923076924,138.2,40.68548387096774,34.25,-103.95,-97.51451612903224,0.2478292329956584,0.2943956864758881,6518271671179.518,28978758058.690765,19078193438510.15,23627114709650.484,658.350968660252,19049214680451.457,0.1660825275228593,0.20238677857279,0.0,0.2747252747252747,0.6593406593406593,0.0659340659340659,0.0014,13338.348489010987,0.7741935483870968,79.41176470588238,39.80645161290323,0.8030448563658357,52507085886132.58,623253.4776,19.077268545250554
b9u,Li7.8Fe1.8Ti10.2P18.0O72.0,"[{""element"": ""Li"", ""value"": 1.0}, {""element"": ""O"", ""value"": -2.0}, {""element"": ""Fe"", ""value"": 3.0}, {""element"": ""Ti"", ""value"": 4.0}, {""element"": ""P"", ""value"": 5.0}]",2.857431693989071,3.44,1.747777777777778,1.9474,-1.692222222222222,-1.4926,2.46,104.75546448087432,138.2,41.0515873015873,34.175,-104.025,-97.14841269841268,0.247286541244573,0.2970447706337721,6482987650647.506,28978758058.690765,18776337922245.25,23625853531751.73,647.9345279123928,18747359164186.56,0.1634710992837476,0.2021217332456702,0.0,0.273224043715847,0.6557377049180328,0.0710382513661202,0.0023,13287.956215846994,0.8253968253968254,79.32352941176472,39.317460317460316,0.8420953021316528,51104094239906.38,618491.7335999999,18.988148001973176
3uq,Li7.8Al1.8Ge10.2P18.0O72.0,"[{""element"": ""Li"", ""value"": 1.0}, {""element"": ""Al"", ""value"": 3.0}, {""element"": ""Ge"", ""value"": 4.0}, {""element"": ""O"", ""value"": -2.0}, {""element"": ""P"", ""value"": 5.0}]",2.8974863387978145,3.44,1.8641269841269843,2.094,-1.5758730158730156,-1.346,2.46,103.2363387978142,138.2,36.63888888888889,28.615,-109.58499999999998,-101.5611111111111,0.20705499276411,0.2651149702524522,6573535358730.719,28978758058.690765,19039357455248.867,23957258143336.293,657.0108151870553,19010378697190.176,0.1696663090240811,0.2099276975184903,0.0,0.273224043715847,0.6557377049180328,0.0710382513661202,8.24e-05,13126.771789617487,2.698412698412698,78.36470588235295,37.98412698412699,0.8420953021316528,989613587377.7837,178324.37785236002,19.504319824371745
1dm,Li9.6Al3.6Ge8.4P18.0O72.0,"[{""element"": ""Li"", ""value"": 1.0}, {""element"": ""Al"", ""value"": 3.0}, {""element"": ""Ge"", ""value"": 4.0}, {""element"": ""O"", ""value"": -2.0}, {""element"": ""P"", ""value"": 5.0}]",2.8601075268817207,3.44,1.805757575757576,2.07,-1.634242424242424,-1.37,2.46,102.66397849462363,138.2,38.05303030303031,28.630000000000003,-109.57,-100.14696969696968,0.2071635311143271,0.275347541990089,6462872311912.973,28978758058.690765,18160860591648.03,23932542442172.59,626.6956145900658,18131881833589.34,0.1616234385202842,0.2086021981060344,0.0,0.2688172043010753,0.6451612903225806,0.086021505376344,0.000284,12988.909543010752,2.121212121212121,78.43529411764706,35.39393939393939,0.9173573878312138,1213412895790.958,164233.03669344005,18.87801503499444
rg6,Li8.4Al2.4Ti9.6P18.0O72.0,"[{""element"": ""Li"", ""value"": 1.0}, {""element"": ""Al"", ""value"": 3.0}, {""element"": ""O"", ""value"": -2.0}, {""element"": ""Ti"", ""value"": 4.0}, {""element"": ""P"", ""value"": 5.0}]",2.8440217391304348,3.44,1.7265625,1.9356,-1.7134375,-1.5044,2.46,104.30434782608694,138.2,40.75,33.26,-104.94,-97.45,0.2406657018813314,0.2948625180897251,6459651771422.128,28978758058.690765,18517163671478.57,23667150153040.12,638.9909337720998,18488184913419.883,0.161691367473453,0.2028168022178717,0.0,0.2717391304347826,0.6521739130434783,0.0760869565217391,0.00338,13214.60081521739,0.5,79.42352941176472,37.09375,0.8731726364245316,48433241324574.64,550400.05453024,18.603872468654586
ed4,Li7.2Al1.2Ge10.8P18.0O72.0,"[{""element"": ""Li"", ""value"": 1.0}, {""element"": ""Al"", ""value"": 3.0}, {""element"": ""Ge"", ""value"": 4.0}, {""element"": ""O"", ""value"": -2.0}, {""element"": ""P"", ""value"": 5.0}]",2.91021978021978,3.44,1.8848387096774195,2.102,-1.5551612903225809,-1.338,2.46,103.43131868131869,138.2,36.13709677419354,28.61,-109.59,-102.06290322580644,0.2070188133140376,0.2614840577003874,6611233759295.006,28978758058.690765,19351082148784.645,23965496710390.86,667.7678218505031,19322103390725.957,0.1725202308157509,0.2103695306559756,0.0,0.2747252747252747,0.6593406593406593,0.0659340659340659,7.94e-05,13173.73585164835,2.903225806451613,78.34117647058824,38.903225806451616,0.8030448563658357,912715123309.2666,182897.89943616005,19.722387136852348
vg0,Li9.0Al3.0Ge9.0P18.0O72.0,"[{""element"": ""Li"", ""value"": 1.0}, {""element"": ""Al"", ""value"": 3.0}, {""element"": ""Ge"", ""value"": 4.0}, {""element"": ""O"", ""value"": -2.0}, {""element"": ""P"", ""value"": 5.0}]",2.872432432432433,3.44,1.8246153846153843,2.078,-1.6153846153846154,-1.362,2.46,102.8527027027027,138.2,37.59615384615385,28.625,-109.575,-100.60384615384616,0.2071273516642547,0.2720416341979294,6499361208431.257,28978758058.690765,18444682655272.92,23940781009227.16,636.4897563214009,18415703897214.227,0.164221904375357,0.2090440312435197,0.0,0.2702702702702703,0.6486486486486487,0.081081081081081,0.00019,13034.366824324325,2.307692307692308,78.41176470588236,36.23076923076923,0.8979457248567797,1139962473618.6294,168991.94648100002,19.082271726117167
z9y,Li7.2Al1.2Ti10.8P18.0O72.0,"[{""element"": ""Li"", ""value"": 1.0}, {""element"": ""Al"", ""value"": 3.0}, {""element"": ""O"", ""value"": -2.0}, {""element"": ""Ti"", ""value"": 4.0}, {""element"": ""P"", ""value"": 5.0}]",2.863736263736264,3.44,1.7483870967741937,1.9328,-1.6916129032258065,-1.5072,2.46,104.8653846153846,138.2,40.346774193548384,33.830000000000005,-104.36999999999998,-97.8532258064516,0.2447901591895804,0.2919448205032445,6524117522716.212,28978758058.690765,19095353841408.188,23648393609244.05,658.9431404456433,19066375083349.496,0.1664696703854889,0.2028668357224506,0.0,0.2747252747252747,0.6593406593406593,0.0659340659340659,0.00338,13326.463873626371,0.5806451612903226,79.5058823529412,38.903225806451616,0.8030448563658357,52079103972691.0,593192.4167865601,18.92537838708905
w3n,Li8.4Al2.4Ti9.6P18.0O72.0,"[{""element"": ""Li"", ""value"": 1.0}, {""element"": ""Al"", ""value"": 3.0}, {""element"": ""O"", ""value"": -2.0}, {""element"": ""Ti"", ""value"": 4.0}, {""element"": ""P"", ""value"": 5.0}]",2.8440217391304348,3.44,1.7265625,1.9356,-1.7134375,-1.5044,2.46,104.30434782608694,138.2,40.75,33.26,-104.94,-97.45,0.2406657018813314,0.2948625180897251,6459651771422.128,28978758058.690765,18517163671478.57,23667150153040.12,638.9909337720998,18488184913419.883,0.161691367473453,0.2028168022178717,0.0,0.2717391304347826,0.6521739130434783,0.0760869565217391,0.00112,13214.60081521739,0.5,79.42352941176472,37.09375,0.8731726364245316,48433241324574.64,550400.05453024,18.603872468654586
ym6,Li7.8Al1.8Ti10.2P18.0O72.0,"[{""element"": ""Li"", ""value"": 1.0}, {""element"": ""Al"", ""value"": 3.0}, {""element"": ""O"", ""value"": -2.0}, {""element"": ""Ti"", ""value"": 4.0}, {""element"": ""P"", ""value"": 5.0}]",2.853825136612022,3.44,1.7373015873015876,1.9342,-1.7026984126984124,-1.5058,2.46,104.58333333333334,138.2,40.5515873015873,33.544999999999995,-104.655,-97.64841269841268,0.2427279305354558,0.2934268256265362,6491708511136.674,28978758058.690765,18801669945570.93,23657771881142.08,648.8086862622562,18772691187512.234,0.1640425958904865,0.2028418189701612,0.0,0.273224043715847,0.6557377049180328,0.0710382513661202,0.00121,13270.226707650274,0.5396825396825397,79.46470588235294,37.98412698412699,0.8420953021316528,50315704950021.03,572202.28233876,18.763058445135815
oxc,Li8.4Al2.4Ti9.6P18.0O72.0,"[{""element"": ""Li"", ""value"": 1.0}, {""element"": ""Al"", ""value"": 3.0}, {""element"": ""O"", ""value"": -2.0}, {""element"": ""Ti"", ""value"": 4.0}, {""element"": ""P"", ""value"": 5.0}]",2.8440217391304348,3.44,1.7265625,1.9356,-1.7134375,-1.5044,2.46,104.30434782608694,138.2,40.75,33.26,-104.94,-97.45,0.2406657018813314,0.2948625180897251,6459651771422.128,28978758058.690765,18517163671478.57,23667150153040.12,638.9909337720998,18488184913419.883,0.161691367473453,0.2028168022178717,0.0,0.2717391304347826,0.6521739130434783,0.0760869565217391,0.00563,13214.60081521739,0.5,79.42352941176472,37.09375,0.8731726364245316,48433241324574.64,550400.05453024,18.603872468654586
dq4,Li7.8Al0.6Sc1.2Ti10.2P18.0O72.0,"[{""element"": ""Li"", ""value"": 1.0}, {""element"": ""Al"", ""value"": 3.0}, {""element"": ""Sc"", ""value"": 3.0}, {""element"": ""O"", ""value"": -2.0}, {""element"": ""Ti"", ""value"": 4.0}, {""element"": ""P"", ""value"": 5.0}]",2.851092896174864,3.44,1.7293650793650797,1.9242,-1.7106349206349205,-1.5158,2.46,104.9603825136612,138.2,41.6468253968254,34.925,-103.275,-96.5531746031746,0.2527134587554269,0.3013518480233386,6481415254621.515,28978758058.690765,18771770486169.75,23620098562296.605,647.7769146680208,18742791728111.06,0.16316281296736,0.2017332924870217,0.0,0.273224043715847,0.6557377049180328,0.0710382513661202,0.000426,13318.111953551912,0.5714285714285714,79.68823529411765,38.87301587301587,0.8802861522293415,55481133092245.52,603887.0061776398,18.86804059025176
0fa,Li7.8Al1.2Sc0.6Ti10.2P18.0O72.0,"[{""element"": ""Li"", ""value"": 1.0}, {""element"": ""Al"", ""value"": 3.0}, {""element"": ""Sc"", ""value"": 3.0}, {""element"": ""O"", ""value"": -2.0}, {""element"": ""Ti"", ""value"": 4.0}, {""element"": ""P"", ""value"": 5.0}]",2.852459016393443,3.44,1.7333333333333338,1.9292,-1.706666666666666,-1.5107999999999997,2.46,104.77185792349728,138.2,41.09920634920635,34.235,-103.965,-97.10079365079363,0.2477206946454414,0.2973893368249374,6486561882879.094,28978758058.690765,18786720215870.34,23638935221719.348,648.2928004651386,18757741457811.65,0.1636027044289232,0.2022875557285914,0.0,0.273224043715847,0.6557377049180328,0.0710382513661202,0.000269,13294.169330601093,0.5555555555555556,79.57647058823531,38.42857142857143,0.8802861522293415,52980436885729.09,588354.77749056,18.815476298517893
6j9,Li6.9Fe0.9Ti11.1P18.0O72.0,"[{""element"": ""Li"", ""value"": 1.0}, {""element"": ""O"", ""value"": -2.0}, {""element"": ""Fe"", ""value"": 3.0}, {""element"": ""Ti"", ""value"": 4.0}, {""element"": ""P"", ""value"": 5.0}]",2.870550964187328,3.44,1.7594308943089432,1.9387,-1.6805691056910568,-1.5013,2.46,105.09435261707988,138.2,40.4979674796748,34.2875,-103.9125,-97.7020325203252,0.2481005788712011,0.2930388384925818,6536059483183.26,28978758058.690765,19232802361475.1,23627745298599.86,663.6862187993995,19203823603416.41,0.167420088328258,0.2025193012363499,0.0,0.2754820936639118,0.6611570247933884,0.0633608815426997,0.000522,13363.752858126722,0.7479674796747968,79.45588235294119,40.056910569105696,0.7795654523164246,53200536588135.24,625629.2795999999,19.12235554995286
0x9,Li7.2Sc1.2Ti10.8P18.0O72.0,"[{""element"": ""Li"", ""value"": 1.0}, {""element"": ""Sc"", ""value"": 3.0}, {""element"": ""O"", ""value"": -2.0}, {""element"": ""Ti"", ""value"": 4.0}, {""element"": ""P"", ""value"": 5.0}]",2.860989010989011,3.44,1.7403225806451614,1.9228,-1.6996774193548383,-1.5172,2.46,105.2445054945055,138.2,41.45967741935484,35.21000000000001,-102.98999999999998,-96.74032258064514,0.2547756874095515,0.2999976658419308,6513767709846.575,28978758058.690765,19064972132661.832,23610720290398.57,657.8947273740816,19035993374603.14,0.1655756974152151,0.2017583092393112,0.0,0.2747252747252747,0.6593406593406593,0.0659340659340659,0.000246,13374.612225274723,0.6129032258064516,79.7294117647059,39.80645161290323,0.8030448563658357,56965026487513.52,623457.6839999999,19.031852185485647
iwe,Li7.8Sc1.8Ti10.2P18.0O72.0,"[{""element"": ""Li"", ""value"": 1.0}, {""element"": ""Sc"", ""value"": 3.0}, {""element"": ""O"", ""value"": -2.0}, {""element"": ""Ti"", ""value"": 4.0}, {""element"": ""P"", ""value"": 5.0}]",2.849726775956284,3.44,1.7253968253968257,1.9192,-1.7146031746031745,-1.5208,2.46,105.14890710382512,138.2,42.19444444444444,35.614999999999995,-102.585,-96.00555555555556,0.2577062228654124,0.3053143592217398,6476268626363.936,28978758058.690765,18756820756469.164,23601261902873.867,647.2610288709033,18727841998410.477,0.1627229215057967,0.2011790292454519,0.0,0.273224043715847,0.6557377049180328,0.0710382513661202,0.000407,13342.054576502733,0.5873015873015873,79.80000000000001,39.317460317460316,0.8420953021316528,57817793569570.34,618798.9683999999,18.920751729438315
ib2,Li6.6Sc0.6Ti11.4P18.0O72.0,"[{""element"": ""Li"", ""value"": 1.0}, {""element"": ""Sc"", ""value"": 3.0}, {""element"": ""O"", ""value"": -2.0}, {""element"": ""Ti"", ""value"": 4.0}, {""element"": ""P"", ""value"": 5.0}]",2.872375690607735,3.44,1.755737704918033,1.9264,-1.684262295081967,-1.5135999999999998,2.46,105.34116022099448,138.2,40.700819672131146,34.805,-103.39499999999998,-97.49918032786884,0.2518451519536903,0.2945066546463903,6551681147842.835,28978758058.690765,19383226832664.1,23620178677923.277,668.8770717298235,19354248074605.41,0.1685220069610079,0.2023375892331704,0.0,0.2762430939226519,0.6629834254143647,0.0607734806629834,0.000158,13407.529627071823,0.639344262295082,79.65882352941178,40.31147540983606,0.7524177643476055,56108664700890.61,628103.4964000001,19.144843506746867
ppz,Li7.8In1.8Hf10.2P18.0O72.0,"[{""element"": ""Li"", ""value"": 1.0}, {""element"": ""In"", ""value"": 3.0}, {""element"": ""Hf"", ""value"": 4.0}, {""element"": ""O"", ""value"": -2.0}, {""element"": ""P"", ""value"": 5.0}]",2.834316939890711,3.44,1.680634920634921,1.8628,-1.759365079365079,-1.5772,2.46,106.20491803278688,138.2,45.261904761904766,39.48,-98.71999999999998,-92.93809523809524,0.2856729377713459,0.3275101647026394,6450269582939.188,28978758058.690765,18681299725568.707,23506105403939.29,644.6549464864372,18652320967510.016,0.1598899436317737,0.197609477124183,0.0,0.273224043715847,0.6557377049180328,0.0710382513661202,1e-05,13481.62868852459,6.888888888888888,80.96470588235294,62.61904761904762,0.8420953021316528,150943761653815.53,1065638.995725,21.712586259475277
dx2,Li6.6Fe0.6Hf11.4P18.0O72.0,"[{""element"": ""Li"", ""value"": 1.0}, {""element"": ""Hf"", ""value"": 4.0}, {""element"": ""O"", ""value"": -2.0}, {""element"": ""Fe"", ""value"": 3.0}, {""element"": ""P"", ""value"": 5.0}]",2.8497790055248617,3.44,1.6886885245901635,1.8446,-1.7513114754098362,-1.5954,2.46,106.4157458563536,138.2,43.88934426229508,38.695,-99.505,-94.3106557377049,0.2799927641099855,0.3175784678892553,6524452138986.37,28978758058.690765,19302432560483.44,23521609665862.87,666.0890201502137,19273453802424.75,0.1654903502689602,0.1986389680688721,0.0,0.2762430939226519,0.6629834254143647,0.0607734806629834,0.000107,13549.249240331492,6.950819672131147,80.84117647058824,65.22950819672131,0.7524177643476055,161287214669877.8,1122657.6196,22.007571208366
21m,Li6.6Lu0.6Hf11.4P18.0O72.0,"[{""element"": ""Li"", ""value"": 1.0}, {""element"": ""Lu"", ""value"": 3.0}, {""element"": ""Hf"", ""value"": 4.0}, {""element"": ""O"", ""value"": -2.0}, {""element"": ""P"", ""value"": 5.0}]",2.845193370165746,3.44,1.6750819672131148,1.828,-1.7649180327868852,-1.612,2.46,106.63075506445674,138.2,44.52732240437158,39.473333333333336,-98.72666666666666,-93.6726775956284,0.2856246985045828,0.3221948075569579,6521707813870.309,28978758058.690765,19294289563007.914,23511675208942.73,665.8080213075775,19265310804949.223,0.1651378166442728,0.1982088770467536,0.0,0.2762430939226519,0.6629834254143647,0.0607734806629834,5.88e-05,13582.020227133211,7.19672131147541,81.1058823529412,66.54098360655738,0.7524177643476055,168912342017904.38,1125794.8084,22.14686670173419
4k1,Li6.6Sc0.6Hf11.4P18.0O72.0,"[{""element"": ""Li"", ""value"": 1.0}, {""element"": ""Sc"", ""value"": 3.0}, {""element"": ""Hf"", ""value"": 4.0}, {""element"": ""O"", ""value"": -2.0}, {""element"": ""P"", ""value"": 5.0}]",2.847182320441989,3.44,1.680983606557377,1.8352,-1.7590163934426228,-1.6047999999999998,2.46,106.54834254143648,138.2,44.2827868852459,39.175,-99.025,-93.91721311475408,0.283465991316932,0.3204253754359327,6522187716437.764,28978758058.690765,19295713536199.87,23513412456236.92,665.857159824455,19266734778141.18,0.1652327808699934,0.1983247334021327,0.0,0.2762430939226519,0.6629834254143647,0.0607734806629834,2.45e-05,13567.481284530386,6.868852459016393,81.0,65.22950819672131,0.7524177643476055,162269548162769.88,1122733.6504000002,21.981214671866528
gzp,Li7.2Lu1.2Hf10.8P18.0O72.0,"[{""element"": ""Li"", ""value"": 1.0}, {""element"": ""Lu"", ""value"": 3.0}, {""element"": ""Hf"", ""value"": 4.0}, {""element"": ""O"", ""value"": -2.0}, {""element"": ""P"", ""value"": 5.0}]",2.833296703296704,3.44,1.659032258064516,1.822,-1.780967741935484,-1.618,2.46,106.54578754578752,138.2,45.27956989247312,39.94666666666667,-98.25333333333332,-92.92043010752688,0.2890496864447661,0.3276379876445233,6485025555602.308,28978758058.690765,18980600002460.92,23506098848949.44,654.9832109443563,18951621244402.227,0.1623229832189891,0.197724943635991,0.0,0.2747252747252747,0.6593406593406593,0.0659340659340659,9.79e-05,13554.23089133089,7.064516129032259,81.21176470588236,65.61290322580646,0.8030448563658357,171434731020938.8,1101621.7224000003,22.003719194248166
ew5,Li7.8Fe1.8Hf10.2P18.0O72.0,"[{""element"": ""Li"", ""value"": 1.0}, {""element"": ""Hf"", ""value"": 4.0}, {""element"": ""O"", ""value"": -2.0}, {""element"": ""Fe"", ""value"": 3.0}, {""element"": ""P"", ""value"": 5.0}]",2.835136612021858,3.44,1.6830158730158733,1.8658,-1.7569841269841266,-1.5741999999999998,2.46,105.82377049180327,138.2,44.15476190476191,38.085,-100.11499999999998,-94.04523809523808,0.2755788712011577,0.3194990007580456,6456887193807.298,28978758058.690765,18700522309518.93,23530325859716.57,645.3182800879425,18671543551460.24,0.1606215358281236,0.1985312832915838,0.0,0.273224043715847,0.6557377049180328,0.0710382513661202,5.4e-05,13429.506762295083,6.222222222222221,80.52352941176471,60.9047619047619,0.8420953021316528,150462080920432.5,1067417.9076,21.457542839351692
jdk,Li7.8Lu1.8Hf10.2P18.0O72.0,"[{""element"": ""Li"", ""value"": 1.0}, {""element"": ""Lu"", ""value"": 3.0}, {""element"": ""Hf"", ""value"": 4.0}, {""element"": ""O"", ""value"": -2.0}, {""element"": ""P"", ""value"": 5.0}]",2.821530054644809,3.44,1.6434920634920638,1.816,-1.7965079365079362,-1.624,2.46,106.46174863387978,138.2,46.007936507936506,40.42,-97.78,-92.19206349206348,0.2924746743849493,0.3329083683642294,6448744196331.771,28978758058.690765,18676868840661.45,23500522488956.145,644.5020453545708,18647890082602.76,0.1595975095849842,0.1972410102252283,0.0,0.273224043715847,0.6557377049180328,0.0710382513661202,3.56e-05,13526.745264116576,6.936507936507936,81.31764705882354,64.71428571428571,0.8420953021316528,173946723006869.88,1077178.5876,21.863046291112322
h8a,Li7.8Sc1.8Hf10.2P18.0O72.0,"[{""element"": ""Li"", ""value"": 1.0}, {""element"": ""Sc"", ""value"": 3.0}, {""element"": ""Hf"", ""value"": 4.0}, {""element"": ""O"", ""value"": -2.0}, {""element"": ""P"", ""value"": 5.0}]",2.827431693989071,3.44,1.660634920634921,1.8376,-1.779365079365079,-1.6024,2.46,106.2172131147541,138.2,45.29761904761905,39.525,-98.67499999999998,-92.90238095238094,0.2859985528219971,0.3277685893460134,6450168169523.727,28978758058.690765,18681005143742.844,23505734230838.7,644.644781046453,18652026385684.152,0.1598733580501726,0.1975885792913656,0.0,0.273224043715847,0.6557377049180328,0.0710382513661202,8.32e-05,13483.60512295082,5.984126984126983,81.0,60.9047619047619,0.8420953021316528,153853513201220.34,1067655.9864,21.381381730591674
jq7,Li7.8Y1.8Hf10.2P18.0O72.0,"[{""element"": ""Li"", ""value"": 1.0}, {""element"": ""Y"", ""value"": 3.0}, {""element"": ""Hf"", ""value"": 4.0}, {""element"": ""O"", ""value"": -2.0}, {""element"": ""P"", ""value"": 5.0}]",2.8251366120218577,3.44,1.653968253968254,1.8292,-1.786031746031746,-1.6107999999999998,2.46,106.46639344262296,138.2,46.02142857142858,40.437,-97.763,-92.17857142857142,0.2925976845151953,0.3330059954517264,6448725221660.015,28978758058.690765,18676813723757.777,23500453041657.52,644.5001433785247,18647834965699.09,0.1595931000376398,0.1972354541955743,0.0,0.273224043715847,0.6557377049180328,0.0710382513661202,3.19e-05,13527.635286885246,6.46031746031746,81.31764705882354,62.61904761904762,0.8420953021316528,169327765419231.97,1066475.7444,21.621736935438527
ylt,Li8.4In2.4Hf9.6P18.0O72.0,"[{""element"": ""Li"", ""value"": 1.0}, {""element"": ""In"", ""value"": 3.0}, {""element"": ""Hf"", ""value"": 4.0}, {""element"": ""O"", ""value"": -2.0}, {""element"": ""P"", ""value"": 5.0}]",2.8268478260869565,3.44,1.6771875,1.8724,-1.7628125,-1.5676,2.46,106.03804347826085,138.2,45.734375,39.63999999999999,-98.56,-92.465625,0.2868306801736613,0.3309289073806078,6414879994945.749,28978758058.690765,18388444814108.984,23502390015607.043,634.5490989250407,18359466056050.293,0.1573410266884531,0.1972483660130718,0.0,0.2717391304347826,0.6521739130434783,0.0760869565217391,0.000142,13439.729891304347,6.75,80.9529411764706,61.09375,0.8731726364245316,145173375260649.1,1030722.0766,21.526748671436675
gnq,Li8.4Lu2.4Hf9.6P18.0O72.0,"[{""element"": ""Li"", ""value"": 1.0}, {""element"": ""Lu"", ""value"": 3.0}, {""element"": ""Hf"", ""value"": 4.0}, {""element"": ""O"", ""value"": -2.0}, {""element"": ""P"", ""value"": 5.0}]",2.809891304347826,3.44,1.6284375000000002,1.81,-1.8115625,-1.63,2.46,106.37862318840578,138.2,46.71354166666666,40.89333333333333,-97.30666666666666,-91.48645833333332,0.2958996623251326,0.3380140496864448,6412857199662.002,28978758058.690765,18382629277668.21,23494946128962.85,634.348416189466,18353650519609.52,0.156957207002042,0.1967570768144656,0.0,0.2717391304347826,0.6521739130434783,0.0760869565217391,2.06e-05,13499.558393719806,6.8125,81.42352941176472,63.84375,0.8731726364245316,176448317975697.47,1052465.404,21.724787193599976
sso,Li8.4Y2.4Hf9.6P18.0O72.0,"[{""element"": ""Li"", ""value"": 1.0}, {""element"": ""Y"", ""value"": 3.0}, {""element"": ""Hf"", ""value"": 4.0}, {""element"": ""O"", ""value"": -2.0}, {""element"": ""P"", ""value"": 5.0}]",2.814673913043478,3.44,1.6421875,1.8276,-1.7978124999999998,-1.6123999999999998,2.46,106.38478260869564,138.2,46.73125,40.916,-97.284,-91.46875,0.2960636758321274,0.3381421852387844,6412832037597.281,28978758058.690765,18382556936732.14,23494853532564.684,634.3459198459055,18353578178673.45,0.1569514194711525,0.196749668774927,0.0,0.2717391304347826,0.6521739130434783,0.0760869565217391,2.09e-05,13500.738641304346,6.1875,81.42352941176472,61.09375,0.8731726364245316,170306953531048.66,1037935.2856000001,21.407387264312014
lpx,Li6.9Y0.9Zr11.1P18.0O72.0,"[{""element"": ""Li"", ""value"": 1.0}, {""element"": ""Y"", ""value"": 3.0}, {""element"": ""Zr"", ""value"": 4.0}, {""element"": ""O"", ""value"": -2.0}, {""element"": ""P"", ""value"": 5.0}]",2.8441046831955923,3.44,1.6813821138211384,1.8427,-1.7586178861788615,-1.5972999999999995,2.46,107.20206611570248,138.2,46.71829268292683,41.9385,-96.26149999999998,-91.48170731707316,0.3034623733719248,0.3380484275175603,6494388452393.554,28978758058.690765,19109822002315.24,23476479456833.227,659.4424082499346,19080843244256.547,0.1624311732949237,0.1963829357453487,0.0,0.2754820936639118,0.6611570247933884,0.0633608815426997,7.1e-05,13660.27150826446,3.8780487804878057,81.26764705882354,51.76422764227643,0.7795654523164246,155818357215446.97,768576.1599000001,20.500183107137996
l8t,Li7.8Al0.6Y1.2Ti10.2P18.0O72.0,"[{""element"": ""Li"", ""value"": 1.0}, {""element"": ""Al"", ""value"": 3.0}, {""element"": ""Y"", ""value"": 3.0}, {""element"": ""O"", ""value"": -2.0}, {""element"": ""Ti"", ""value"": 4.0}, {""element"": ""P"", ""value"": 5.0}]",2.8495628415300547,3.44,1.724920634920635,1.9186,-1.715079365079365,-1.5214,2.46,105.12650273224044,138.2,42.12936507936508,35.532999999999994,-102.667,-96.07063492063492,0.2571128798842257,0.3048434520938139,6480453289379.04,28978758058.690765,18768976206179.707,23616577769509.15,647.6804895560688,18739997448121.016,0.1629759742923381,0.2014978757564942,0.0,0.273224043715847,0.6557377049180328,0.0710382513661202,7.3e-05,13347.465396174863,0.8888888888888888,79.9,40.01587301587301,0.8802861522293415,69321685718949.016,602848.70545764,19.00917825103095
3tt,Li7.8Al0.9Y0.9Ti10.2P18.0O72.0,"[{""element"": ""Li"", ""value"": 1.0}, {""element"": ""Al"", ""value"": 3.0}, {""element"": ""Y"", ""value"": 3.0}, {""element"": ""O"", ""value"": -2.0}, {""element"": ""Ti"", ""value"": 4.0}, {""element"": ""P"", ""value"": 5.0}]",2.850628415300547,3.44,1.7280158730158732,1.9225,-1.7119841269841267,-1.5175,2.46,104.99071038251364,138.2,41.73492063492064,35.035999999999994,-103.164,-96.46507936507936,0.2535166425470332,0.3019892954769945,6483267094818.448,28978758058.690765,18777149641027.51,23626876297417.383,647.9625387326156,18748170882968.82,0.1632426296918752,0.2018338615599109,0.0,0.273224043715847,0.6557377049180328,0.0710382513661202,1.9e-05,13328.155724043716,0.8015873015873016,79.79117647058825,39.507936507936506,0.8836841329652496,64755387488273.11,595411.84233219,18.947347277667845
ag1,Li7.8Al1.8Ge10.2P18.0O72.0,"[{""element"": ""Li"", ""value"": 1.0}, {""element"": ""Al"", ""value"": 3.0}, {""element"": ""Ge"", ""value"": 4.0}, {""element"": ""O"", ""value"": -2.0}, {""element"": ""P"", ""value"": 5.0}]",2.8974863387978145,3.44,1.8641269841269843,2.094,-1.5758730158730156,-1.346,2.46,103.2363387978142,138.2,36.63888888888889,28.615,-109.58499999999998,-101.5611111111111,0.20705499276411,0.2651149702524522,6573535358730.719,28978758058.690765,19039357455248.867,23957258143336.293,657.0108151870553,19010378697190.176,0.1696663090240811,0.2099276975184903,0.0,0.273224043715847,0.6557377049180328,0.0710382513661202,3.9e-05,13126.771789617487,2.698412698412698,78.36470588235295,37.98412698412699,0.8420953021316528,989613587377.7837,178324.37785236002,19.504319824371745
0y6,Li9.6Al3.6Ge8.4P18.0O72.0,"[{""element"": ""Li"", ""value"": 1.0}, {""element"": ""Al"", ""value"": 3.0}, {""element"": ""Ge"", ""value"": 4.0}, {""element"": ""O"", ""value"": -2.0}, {""element"": ""P"", ""value"": 5.0}]",2.8601075268817207,3.44,1.805757575757576,2.07,-1.634242424242424,-1.37,2.46,102.66397849462363,138.2,38.05303030303031,28.630000000000003,-109.57,-100.14696969696968,0.2071635311143271,0.275347541990089,6462872311912.973,28978758058.690765,18160860591648.03,23932542442172.59,626.6956145900658,18131881833589.34,0.1616234385202842,0.2086021981060344,0.0,0.2688172043010753,0.6451612903225806,0.086021505376344,0.00014,12988.909543010752,2.121212121212121,78.43529411764706,35.39393939393939,0.9173573878312138,1213412895790.958,164233.03669344005,18.87801503499444
yq2,Li6.6Al0.6Ti11.4P18.0O72.0,"[{""element"": ""Li"", ""value"": 1.0}, {""element"": ""Al"", ""value"": 3.0}, {""element"": ""O"", ""value"": -2.0}, {""element"": ""Ti"", ""value"": 4.0}, {""element"": ""P"", ""value"": 5.0}]",2.8737569060773485,3.44,1.7598360655737704,1.9314,-1.6801639344262296,-1.5085999999999995,2.46,105.15055248618783,138.2,40.135245901639344,34.115,-104.08499999999998,-98.06475409836064,0.2468523878437048,0.2904142250480416,6556884644920.94,28978758058.690765,19398666717436.84,23639015337346.016,669.4098718153712,19369687959378.15,0.1689763210934421,0.2028918524747401,0.0,0.2762430939226519,0.6629834254143647,0.0607734806629834,3e-05,13383.32244475138,0.6229508196721312,79.54705882352943,39.85245901639344,0.7524177643476055,53723438392584.516,613370.45787364,19.090919561385583
kab,Li7.8Al1.8Ti10.2P18.0O72.0,"[{""element"": ""Li"", ""value"": 1.0}, {""element"": ""Al"", ""value"": 3.0}, {""element"": ""O"", ""value"": -2.0}, {""element"": ""Ti"", ""value"": 4.0}, {""element"": ""P"", ""value"": 5.0}]",2.853825136612022,3.44,1.7373015873015876,1.9342,-1.7026984126984124,-1.5058,2.46,104.58333333333334,138.2,40.5515873015873,33.544999999999995,-104.655,-97.64841269841268,0.2427279305354558,0.2934268256265362,6491708511136.674,28978758058.690765,18801669945570.93,23657771881142.08,648.8086862622562,18772691187512.234,0.1640425958904865,0.2028418189701612,0.0,0.273224043715847,0.6557377049180328,0.0710382513661202,3.75e-05,13270.226707650274,0.5396825396825397,79.46470588235294,37.98412698412699,0.8420953021316528,50315704950021.03,572202.28233876,18.763058445135815
tp2,Li9.6Al3.6Ti8.4P18.0O72.0,"[{""element"": ""Li"", ""value"": 1.0}, {""element"": ""Al"", ""value"": 3.0}, {""element"": ""O"", ""value"": -2.0}, {""element"": ""Ti"", ""value"": 4.0}, {""element"": ""P"", ""value"": 5.0}]",2.8247311827957,3.44,1.706060606060606,1.9384,-1.733939393939394,-1.5015999999999998,2.46,103.75537634408605,138.2,41.12878787878788,32.690000000000005,-105.51,-97.07121212121211,0.2365412445730825,0.2976033855194492,6396572380370.928,28978758058.690765,17974015330029.54,23685906696836.188,620.2479517454375,17945036571970.848,0.1572026586772981,0.2027667687132927,0.0,0.2688172043010753,0.6451612903225806,0.086021505376344,2.3e-05,13105.143413978492,0.42424242424242425,79.34117647058824,35.39393939393939,0.9173573878312138,44311120265352.52,504359.31883103994,18.294568149057167
nf0,Li9.0Al3.0Ti9.0P18.0O72.0,"[{""element"": ""Li"", ""value"": 1.0}, {""element"": ""Al"", ""value"": 3.0}, {""element"": ""O"", ""value"": -2.0}, {""element"": ""Ti"", ""value"": 4.0}, {""element"": ""P"", ""value"": 5.0}]",2.8343243243243244,3.44,1.7161538461538464,1.937,-1.7238461538461536,-1.503,2.46,104.02837837837838,138.2,40.94230769230769,32.975,-105.225,-97.2576923076923,0.2386034732272069,0.2962540354002004,6427941591055.849,28978758058.690765,18241411436589.062,23676528424938.152,629.4752659739481,18212432678530.37,0.1594124845461743,0.2027917854655822,0.0,0.2702702702702703,0.6486486486486487,0.081081081081081,1.1e-05,13159.576283783785,0.46153846153846156,79.38235294117649,36.23076923076923,0.8979457248567797,46431713096351.805,527785.7333609998,18.44773617613037
fkt,Li7.2La1.2Ti10.8P18.0O72.0,"[{""element"": ""Li"", ""value"": 1.0}, {""element"": ""La"", ""value"": 3.0}, {""element"": ""O"", ""value"": -2.0}, {""element"": ""Ti"", ""value"": 4.0}, {""element"": ""P"", ""value"": 5.0}]",2.858131868131868,3.44,1.7319354838709675,1.9124,-1.7080645161290324,-1.5275999999999998,2.46,105.66446886446886,138.2,42.692473118279565,36.73866666666667,-101.46133333333331,-95.50752688172042,0.2658369512783406,0.308918039929664,6512121968150.418,28978758058.690765,19060141084456.984,23604729790624.56,657.7280173930995,19031162326398.293,0.1651907117659903,0.2012809270342724,0.0,0.2747252747252747,0.6593406593406593,0.0659340659340659,0.000528,13458.485909645908,1.2580645161290323,80.02352941176471,42.38709677419355,0.8030448563658357,66127781317833.64,595924.0344,19.26925526696242
ctg,Li7.8La1.8Ti10.2P18.0O72.0,"[{""element"": ""Li"", ""value"": 1.0}, {""element"": ""La"", ""value"": 3.0}, {""element"": ""O"", ""value"": -2.0}, {""element"": ""Ti"", ""value"": 4.0}, {""element"": ""P"", ""value"": 5.0}]",2.845464480874317,3.44,1.713015873015873,1.9036,-1.7269841269841266,-1.5363999999999998,2.46,105.77540983606558,138.2,44.01428571428571,37.908,-100.292,-94.18571428571428,0.2742981186685962,0.3184825304941079,6473813503505.734,28978758058.690765,18749689209119.152,23592276153212.848,647.0149331846917,18720710451060.46,0.162154609356941,0.2004629559378938,0.0,0.273224043715847,0.6557377049180328,0.0710382513661202,0.000528,13467.17761384335,1.5396825396825395,80.24117647058824,43.12698412698413,0.8420953021316528,71451211122402.19,576846.4439999999,19.27392070988778
cmn,Li10.8Cr4.8Ti7.2P18.0O72.0,"[{""element"": ""Li"", ""value"": 1.0}, {""element"": ""O"", ""value"": -2.0}, {""element"": ""Cr"", ""value"": 3.0}, {""element"": ""Ti"", ""value"": 4.0}, {""element"": ""P"", ""value"": 5.0}]",2.8079787234042555,3.44,1.6926470588235296,1.9492,-1.7473529411764703,-1.4908,2.46,103.86702127659576,138.2,43.27941176470589,34.559999999999995,-103.64,-94.9205882352941,0.2500723589001447,0.3131650634204478,6306474037152.522,28978758058.690765,17384406882612.225,23598025629199.477,599.9017227516629,17355428124553.531,0.1510857119209185,0.2001432348791159,0.0,0.2659574468085106,0.6382978723404256,0.0957446808510638,0.00024,13067.937765957447,0.9411764705882351,78.97647058823532,35.3235294117647,0.942216333812959,47793772105140.44,714921.8136,18.50629440091561
vtr,Li6.0Fe6.0Sb6.0P18.0O72.0,"[{""element"": ""Li"", ""value"": 1.0}, {""element"": ""O"", ""value"": -2.0}, {""element"": ""Fe"", ""value"": 3.0}, {""element"": ""Sb"", ""value"": 5.0}, {""element"": ""P"", ""value"": 5.0}]",2.928333333333333,3.44,1.905,2.0900000000000003,-1.535,-1.3499999999999996,2.46,105.20277777777775,138.2,39.208333333333336,33.55,-104.65,-98.99166666666665,0.2427641099855282,0.2837071876507477,6597316730419.48,28978758058.690765,19733992675141.05,23655920248417.51,680.9813117309493,19705013917082.363,0.1722274209079944,0.2037099421266303,0.0,0.2777777777777778,0.6666666666666666,0.0555555555555555,1.37e-06,13413.038472222219,4.333333333333333,79.1764705882353,46.83333333333333,0.9502705392332347,14992464942452.387,341933.742784,20.459570449630803
tvf,Li12.0N8.0H16.0I4.0,"[{""element"": ""Li"", ""value"": 1.0}, {""element"": ""I"", ""value"": -1.0}, {""element"": ""N"", ""value"": -3.0}, {""element"": ""H"", ""value"": 1.0}]",2.048,2.9133333333333336,0.98,,-1.9333333333333336,,2.06,71.45,170.66666666666666,67.5,,,-103.16666666666666,,0.3955078125,45038996900.29088,25775180908.86589,124354808758.77034,,4.82459499308484,98579627849.90443,0.0148148148148148,,0.1,0.0,0.2,0.3,1e-05,10470.075,0.0,57.57142857142857,9.0,0.0,0.0,0.0,4.936456823815843
gvd,Li3.0N1.0,"[{""element"": ""Li"", ""value"": 1.0}, {""element"": ""N"", ""value"": -3.0}]",1.495,3.04,0.98,,-2.06,,2.06,87.125,146.0,67.5,,,-78.5,,0.4623287671232877,102482830908.48222,36866897357.61785,124354808758.77034,,3.3730749716337267,87487911401.1525,0.0148148148148148,,0.0,0.0,0.25,0.75,0.0005767,8746.1875,0.0,71.0,9.0,0.0,0.0,0.0,8.272761233921429
11b,Li6.0P2.0,"[{""element"": ""Li"", ""value"": 1.0}, {""element"": ""P"", ""value"": -3.0}]",1.2825,2.19,0.98,,-1.21,,1.21,103.625,212.0,67.5,,,-144.5,,0.3183962264150943,96276529982.65248,12041693654.298868,124354808758.77034,,10.327019797117648,112313115104.47148,0.0148148148148148,,0.0,0.0,0.25,0.75,0.000703,14653.1875,0.0,111.00000000000001,9.0,0.0,0.0,0.0,10.088231102138472
fft,Li6.0N2.0,"[{""element"": ""Li"", ""value"": 1.0}, {""element"": ""N"", ""value"": -3.0}]",1.495,3.04,0.98,,-2.06,,2.06,87.125,146.0,67.5,,,-78.5,,0.4623287671232877,102482830908.48222,36866897357.61785,124354808758.77034,,3.3730749716337267,87487911401.1525,0.0148148148148148,,0.0,0.0,0.25,0.75,0.0002085,8746.1875,0.0,71.0,9.0,0.0,0.0,0.0,8.272761233921429
lf5,Li48.0Ba8.0La16.0Nb16.0O96.0,"[{""element"": ""Li"", ""value"": 1.0}, {""element"": ""Ba"", ""value"": 2.0}, {""element"": ""La"", ""value"": 3.0}, {""element"": ""Nb"", ""value"": 5.0}, {""element"": ""O"", ""value"": -2.0}]",2.323913043478261,3.44,1.1063636363636362,1.2580000000000002,-2.333636363636364,-2.1819999999999995,2.55,112.01138716356108,138.2,83.44199134199134,102.57238095238094,-35.62761904761905,-54.75800865800865,0.7422024670939287,0.6037770719391559,118703885028.30254,28978758058.690765,216585841722.4245,327263081278.80945,7.473951826499001,187607083663.73373,0.0281592564346013,0.0441725863783451,0.0,0.217391304347826,0.5217391304347826,0.2608695652173913,6e-06,13682.514096914125,8.181818181818182,91.76470588235296,58.909090909090914,1.0549201679861442,71022756502415.97,635859.76,19.867039018139476
68u,Li40.0La24.0Nb16.0O96.0,"[{""element"": ""Li"", ""value"": 1.0}, {""element"": ""La"", ""value"": 3.0}, {""element"": ""Nb"", ""value"": 5.0}, {""element"": ""O"", ""value"": -2.0}]",2.394545454545455,3.44,1.14,1.3,-2.3,-2.14,2.46,112.74090909090908,138.2,82.19,96.88,-41.31999999999999,-56.00999999999999,0.7010130246020261,0.5947178002894357,120459403627.7354,28978758058.690765,230236178310.58896,336117547862.4076,7.944998120495397,201257420251.8982,0.030658826215334,0.0465028376158532,0.0,0.2272727272727272,0.5454545454545454,0.2272727272727272,8e-06,13752.70265151515,9.1,90.05882352941177,63.89999999999999,0.6730116670092565,15914816650756.09,581819.76,20.85059007022923
gyw,Li48.0Sr8.0La16.0Ta16.0O96.0,"[{""element"": ""Li"", ""value"": 1.0}, {""element"": ""Sr"", ""value"": 2.0}, {""element"": ""La"", ""value"": 3.0}, {""element"": ""Ta"", ""value"": 5.0}, {""element"": ""O"", ""value"": -2.0}]",2.3178260869565217,3.44,1.0936363636363635,1.23,-2.346363636363636,-2.21,2.49,111.68115942028984,138.2,82.75151515151515,101.05333333333331,-37.14666666666666,-55.44848484848484,0.7312108055957549,0.5987808621672588,105639717667.9457,28978758058.690765,189269855423.49652,267167911421.1679,6.531330812734201,160291097364.8058,0.0272467852697603,0.042165149815695,0.0,0.217391304347826,0.5217391304347826,0.2608695652173913,4.2e-06,13525.375072463765,8.90909090909091,91.3529411764706,66.36363636363637,1.0549201679861442,7382102695578.573,1106629.36,20.645378562630448
0v9,Li44.0La24.0Nb14.0In2.0O96.0,"[{""element"": ""Li"", ""value"": 1.0}, {""element"": ""La"", ""value"": 3.0}, {""element"": ""Nb"", ""value"": 5.0}, {""element"": ""In"", ""value"": 3.0}, {""element"": ""O"", ""value"": -2.0}]",2.365111111111111,3.44,1.1366666666666667,1.3090000000000002,-2.303333333333333,-2.131,2.46,111.91611111111108,138.2,81.87738095238095,97.6925,-40.50749999999999,-56.32261904761904,0.7068921852387844,0.5924557232444353,114834985624.89508,28978758058.690765,212956388557.7,310418126336.5227,7.348706529327406,183977630499.00925,0.0289297929927136,0.0444562689884023,0.0,0.2222222222222222,0.5333333333333333,0.2444444444444444,2.4e-05,13574.291898148147,8.809523809523808,90.1764705882353,61.738095238095234,0.8237197315118312,36504212690823.875,620781.1079687501,20.39504667845249
qtc,Li44.0La22.0K2.0Nb16.0O96.0,"[{""element"": ""Li"", ""value"": 1.0}, {""element"": ""La"", ""value"": 3.0}, {""element"": ""K"", ""value"": 1.0}, {""element"": ""Nb"", ""value"": 5.0}, {""element"": ""O"", ""value"": -2.0}]",2.36,3.44,1.1257142857142857,1.286,-2.314285714285714,-2.154,2.62,112.08037037037036,138.2,82.22936507936508,98.43166666666666,-39.76833333333333,-55.97063492063491,0.7122407139411481,0.5950026416741323,119914736423.6493,28978758058.690765,223841568840.7448,333277004930.9167,7.724332712512999,194862810782.054,0.0294626713630773,0.0455753135661661,0.0,0.2222222222222222,0.5333333333333333,0.2444444444444444,1.06e-05,13641.08072839506,8.166666666666666,90.55882352941177,59.02380952380952,0.8451132568429528,25110919831129.37,670003.90249275,20.062522038696105
rwr,Li64.0Ge8.0P32.0,"[{""element"": ""Li"", ""value"": 1.0}, {""element"": ""Ge"", ""value"": 4.0}, {""element"": ""P"", ""value"": -3.0}]",1.4315384615384614,2.19,1.0944444444444443,2.01,-1.0955555555555556,-0.1800000000000001,1.21,110.3076923076923,212.0,65.11111111111111,46.0,-166.0,-146.88888888888889,0.2169811320754717,0.3071278825995807,201128596421.609,12041693654.298868,285167219873.7468,1571666508793.5586,23.68165376570118,273125526219.448,0.0228305600286276,0.0869565217391304,0.0,0.0769230769230769,0.3076923076923077,0.6153846153846154,1.8e-05,16795.53846153846,1.1111111111111112,113.00000000000001,15.11111111111111,0.0,0.0,0.0,13.17446307253026
pql,Li64.0Si8.0P32.0,"[{""element"": ""Li"", ""value"": 1.0}, {""element"": ""Si"", ""value"": 4.0}, {""element"": ""P"", ""value"": -3.0}]",1.4230769230769231,2.19,1.0822222222222222,1.9,-1.1077777777777778,-0.29,1.21,109.3076923076923,212.0,63.66666666666666,33.0,-179.0,-148.33333333333334,0.1556603773584905,0.300314465408805,407683982820.9181,12041693654.298868,583525000228.3044,4256886531984.5776,48.45871494330756,571483306574.0056,0.0266367377478488,0.1212121212121212,0.0,0.0769230769230769,0.3076923076923077,0.6153846153846154,4.5e-05,16716.53846153846,0.0,112.00000000000001,12.0,0.0,0.0,0.0,12.245802677138878
9yt,Li24.0P4.0S20.0Cl1.0Br3.0,"[{""element"": ""Li"", ""value"": 1.0}, {""element"": ""Cl"", ""value"": -1.0}, {""element"": ""Br"", ""value"": -1.0}, {""element"": ""P"", ""value"": 5.0}, {""element"": ""S"", ""value"": -2.0}]",1.8446153846153843,2.651666666666667,1.1528571428571428,2.19,-1.498809523809524,-0.4616666666666669,2.18,118.01923076923076,185.375,60.285714285714285,17.0,-168.375,-125.08928571428572,0.0917060013486176,0.3252095173875349,3056547901658.457,11135855672.728624,5666901083931.938,38922178734970.95,508.8877990588553,5655765228259.21,0.0547152194211017,0.2941176470588235,0.0769230769230769,0.0769230769230769,0.3846153846153846,0.4615384615384615,0.00186,17992.98076923077,0.0,105.17857142857143,12.857142857142856,0.0,0.0,0.0,16.66663223945845
122,Li24.0P4.0S20.0Cl4.0,"[{""element"": ""Li"", ""value"": 1.0}, {""element"": ""Cl"", ""value"": -1.0}, {""element"": ""P"", ""value"": 5.0}, {""element"": ""S"", ""value"": -2.0}]",1.856153846153846,2.676666666666667,1.1528571428571428,2.19,-1.5238095238095244,-0.4866666666666672,2.18,117.15384615384616,183.5,60.285714285714285,17.0,-166.5,-123.21428571428572,0.0926430517711171,0.3285325029194239,3056626960821.059,11307150525.032305,5666901083931.938,38922178734970.95,501.1785304693951,5655593933406.906,0.0547152194211017,0.2941176470588235,0.0769230769230769,0.0769230769230769,0.3846153846153846,0.4615384615384615,0.00205,17666.73076923077,0.0,103.57142857142857,12.857142857142856,0.0,0.0,0.0,15.903303281691851
6jf,Li24.0P4.0S20.0Br4.0,"[{""element"": ""Li"", ""value"": 1.0}, {""element"": ""Br"", ""value"": -1.0}, {""element"": ""P"", ""value"": 5.0}, {""element"": ""S"", ""value"": -2.0}]",1.8407692307692307,2.643333333333333,1.1528571428571428,2.19,-1.4904761904761905,-0.4533333333333331,1.98,118.3076923076923,186.0,60.285714285714285,17.0,-169.0,-125.71428571428572,0.0913978494623656,0.3241167434715822,3056521548604.257,11078757388.627398,5666901083931.938,38922178734970.95,511.5105318353793,5655822326543.312,0.0547152194211017,0.2941176470588235,0.0769230769230769,0.0769230769230769,0.3846153846153846,0.4615384615384615,0.00115,18101.73076923077,0.0,105.71428571428571,12.857142857142856,0.0,0.0,0.0,16.92913193567327
ymc,Li24.0P4.0S20.0Br2.0I2.0,"[{""element"": ""Li"", ""value"": 1.0}, {""element"": ""Br"", ""value"": -1.0}, {""element"": ""I"", ""value"": -1.0}, {""element"": ""P"", ""value"": 5.0}, {""element"": ""S"", ""value"": -2.0}]",1.8292307692307688,2.6183333333333336,1.1528571428571428,2.19,-1.4654761904761908,-0.4283333333333337,1.98,119.23076923076924,188.0,60.285714285714285,17.0,-171.0,-127.71428571428572,0.0904255319148936,0.3206686930091185,3056464334245.77,10954792945.239565,5666901083931.938,38922178734970.95,517.2987853133734,5655946290986.699,0.0547152194211017,0.2941176470588235,0.0769230769230769,0.0769230769230769,0.3846153846153846,0.4615384615384615,2.62e-05,18485.73076923077,0.0,107.07142857142857,12.857142857142856,0.0,0.0,0.0,17.233041574859474
kgl,Li24.0P4.0S20.0Cl3.0Br1.0,"[{""element"": ""Li"", ""value"": 1.0}, {""element"": ""Cl"", ""value"": -1.0}, {""element"": ""Br"", ""value"": -1.0}, {""element"": ""P"", ""value"": 5.0}, {""element"": ""S"", ""value"": -2.0}]",1.852307692307692,2.668333333333333,1.1528571428571428,2.19,-1.5154761904761902,-0.478333333333333,2.18,117.4423076923077,184.125,60.285714285714285,17.0,-167.125,-123.83928571428572,0.0923285811269518,0.3274173213073417,3056600607766.859,11250052240.931076,5666901083931.938,38922178734970.95,503.7222016902328,5655651031691.008,0.0547152194211017,0.2941176470588235,0.0769230769230769,0.0769230769230769,0.3846153846153846,0.4615384615384615,0.00226,17775.48076923077,0.0,104.10714285714286,12.857142857142856,0.0,0.0,0.0,16.153780535901188
vqj,Li24.0P4.0S20.0Br3.0I1.0,"[{""element"": ""Li"", ""value"": 1.0}, {""element"": ""Br"", ""value"": -1.0}, {""element"": ""I"", ""value"": -1.0}, {""element"": ""P"", ""value"": 5.0}, {""element"": ""S"", ""value"": -2.0}]",1.835,2.6308333333333334,1.1528571428571428,2.19,-1.4779761904761906,-0.4408333333333334,1.98,118.76923076923076,187.0,60.285714285714285,17.0,-170.0,-126.71428571428572,0.0909090909090909,0.322383498854087,3056492941425.0137,11016775166.93348,5666901083931.938,38922178734970.95,514.3883757327617,5655884308765.005,0.0547152194211017,0.2941176470588235,0.0769230769230769,0.0769230769230769,0.3846153846153846,0.4615384615384615,0.000112,18293.73076923077,0.0,106.39285714285714,12.857142857142856,0.0,0.0,0.0,17.080410840308808
h82,Li24.0P4.0S20.0Br1.0I3.0,"[{""element"": ""Li"", ""value"": 1.0}, {""element"": ""Br"", ""value"": -1.0}, {""element"": ""I"", ""value"": -1.0}, {""element"": ""P"", ""value"": 5.0}, {""element"": ""S"", ""value"": -2.0}]",1.8234615384615385,2.605833333333333,1.1528571428571428,2.19,-1.4529761904761906,-0.4158333333333335,1.98,119.6923076923077,189.0,60.285714285714285,17.0,-172.0,-128.71428571428572,0.0899470899470899,0.3189720332577475,3056435727066.527,10892810723.545645,5666901083931.938,38922178734970.95,520.2423164925191,5656008273208.393,0.0547152194211017,0.2941176470588235,0.0769230769230769,0.0769230769230769,0.3846153846153846,0.4615384615384615,4.72e-06,18677.730769230773,0.0,107.75,12.857142857142856,0.0,0.0,0.0,17.387036219291893
9zr,Li24.0P4.0S20.0Br4.0,"[{""element"": ""Li"", ""value"": 1.0}, {""element"": ""Br"", ""value"": -1.0}, {""element"": ""P"", ""value"": 5.0}, {""element"": ""S"", ""value"": -2.0}]",1.8407692307692307,2.643333333333333,1.1528571428571428,2.19,-1.4904761904761905,-0.4533333333333331,1.98,118.3076923076923,186.0,60.285714285714285,17.0,-169.0,-125.71428571428572,0.0913978494623656,0.3241167434715822,3056521548604.257,11078757388.627398,5666901083931.938,38922178734970.95,511.5105318353793,5655822326543.312,0.0547152194211017,0.2941176470588235,0.0769230769230769,0.0769230769230769,0.3846153846153846,0.4615384615384615,0.000701,18101.73076923077,0.0,105.71428571428571,12.857142857142856,0.0,0.0,0.0,16.92913193567327
a8v,Li24.1P3.9Si0.1S20.0Br4.0,"[{""element"": ""Li"", ""value"": 1.0}, {""element"": ""Si"", ""value"": 4.0}, {""element"": ""Br"", ""value"": -1.0}, {""element"": ""P"", ""value"": 5.0}, {""element"": ""S"", ""value"": -2.0}]",1.8385604606525916,2.643333333333333,1.1512099644128115,2.18275,-1.4921233689205216,-0.4605833333333331,1.98,118.2408829174664,186.0,60.36832740213522,17.4,-168.6,-125.63167259786478,0.0935483870967741,0.3245609000114797,2984357519923.1973,11078757388.627398,5523812690771.229,38055546429896.29,498.5949684611337,5512733933382.602,0.0539579029426213,0.2897950089126559,0.0767754318618042,0.0767754318618042,0.3838771593090211,0.4625719769673704,0.000878,18077.267274472168,0.0,105.73214285714285,12.84341637010676,0.11690684913753106,23848946003.197987,45729.40344375,16.897010838340737
09w,Li24.2P3.8Si0.2S20.0Br4.0,"[{""element"": ""Li"", ""value"": 1.0}, {""element"": ""Si"", ""value"": 4.0}, {""element"": ""Br"", ""value"": -1.0}, {""element"": ""P"", ""value"": 5.0}, {""element"": ""S"", ""value"": -2.0}]",1.8363601532567049,2.643333333333333,1.1495744680851063,2.1755,-1.4937588652482268,-0.4678333333333331,1.98,118.1743295019157,186.0,60.45035460992907,17.799999999999997,-168.2,-125.54964539007094,0.0956989247311827,0.325001906504995,2912469981773.483,11078757388.627398,5381739108909.53,37188914124821.625,485.7710048271308,5370660351520.903,0.0532059575029954,0.2854723707664884,0.0766283524904214,0.0766283524904214,0.3831417624521072,0.4636015325670498,0.000437,18052.897509578543,0.0,105.74999999999999,12.829787234042554,0.1985152433458726,46474869134.4371,89113.709275,16.865073406795094
x2v,Li24.3P3.7Si0.3S20.0Br4.0,"[{""element"": ""Li"", ""value"": 1.0}, {""element"": ""Si"", ""value"": 4.0}, {""element"": ""Br"", ""value"": -1.0}, {""element"": ""P"", ""value"": 5.0}, {""element"": ""S"", ""value"": -2.0}]",1.8341682600382407,2.643333333333333,1.1479505300353356,2.16825,-1.4953828032979974,-0.4750833333333331,1.98,118.10803059273424,186.0,60.53180212014135,18.200000000000003,-167.8,-125.46819787985864,0.0978494623655914,0.325439796344846,2840857348167.363,11078757388.627398,5240669580629.894,36322281819746.97,473.0376699113894,5229590823241.267,0.0524593261654163,0.2811497326203209,0.0764818355640535,0.0764818355640535,0.3824091778202677,0.4646271510516253,0.000873,18028.620936902487,0.0,105.76785714285714,12.81625441696113,0.2663844632679204,67877769393.71733,130152.91749375,16.83331812691814
x9d,Li24.5P3.5Si0.5S20.0Br4.0,"[{""element"": ""Li"", ""value"": 1.0}, {""element"": ""Si"", ""value"": 4.0}, {""element"": ""Br"", ""value"": -1.0}, {""element"": ""P"", ""value"": 5.0}, {""element"": ""S"", ""value"": -2.0}]",1.829809523809524,2.643333333333333,1.144736842105263,2.15375,-1.49859649122807,-0.489583333333333,1.98,117.97619047619048,186.0,60.69298245614035,19.0,-167.0,-125.30701754385964,0.1021505376344086,0.3263063572910771,2698450511053.4766,11078757388.627398,4961500408876.508,34589017209597.65,447.8390702886592,4950421651487.881,0.0509817820447335,0.2725044563279857,0.0761904761904762,0.0761904761904762,0.3809523809523809,0.4666666666666667,0.000902,17980.345238095237,0.0,105.80357142857142,12.789473684210526,0.37677016125643675,107014501296.4012,205196.04109374998,16.770348046205942
ish,Li24.7P3.3Si0.7S20.0Br4.0,"[{""element"": ""Li"", ""value"": 1.0}, {""element"": ""Si"", ""value"": 4.0}, {""element"": ""Br"", ""value"": -1.0}, {""element"": ""P"", ""value"": 5.0}, {""element"": ""S"", ""value"": -2.0}]",1.825483870967742,2.643333333333333,1.141567944250871,2.13925,-1.501765389082462,-0.5040833333333334,1.98,117.84535104364323,186.0,60.85191637630662,19.8,-166.2,-125.14808362369338,0.1064516129032257,0.3271608407328313,2557124560748.804,11078757388.627398,4686222096659.754,32855752599448.33,422.9916706606708,4675143339271.127,0.0495248308734678,0.2638591800356506,0.0759013282732447,0.0759013282732447,0.3795066413662238,0.4686907020872864,0.000931,17932.435958254267,0.0,105.83928571428571,12.763066202090592,0.4637264398194103,141259141711.24957,270858.77424374997,16.708088802375446
iiy,Li24.8P3.2Si0.8S20.0Br4.0,"[{""element"": ""Li"", ""value"": 1.0}, {""element"": ""Si"", ""value"": 4.0}, {""element"": ""Br"", ""value"": -1.0}, {""element"": ""P"", ""value"": 5.0}, {""element"": ""S"", ""value"": -2.0}]",1.8233333333333333,2.643333333333333,1.14,2.132,-1.5033333333333332,-0.511333333333333,1.98,117.78030303030305,186.0,60.93055555555556,20.200000000000003,-165.8,-125.06944444444444,0.1086021505376344,0.3275836320191159,2486863079773.4707,11078757388.627398,4550016681760.84,31989120294373.67,410.6973843864058,4538937924372.213,0.0488039435751854,0.2595365418894831,0.0757575757575757,0.0757575757575757,0.3787878787878788,0.4696969696969697,0.00169,17908.617424242424,0.0,105.85714285714285,12.75,0.5004024235381879,156546927610.73547,300172.49439999997,16.677222126816478
3zo,Li24.9P3.1Si0.9S20.0Br4.0,"[{""element"": ""Li"", ""value"": 1.0}, {""element"": ""Si"", ""value"": 4.0}, {""element"": ""Br"", ""value"": -1.0}, {""element"": ""P"", ""value"": 5.0}, {""element"": ""S"", ""value"": -2.0}]",1.8211909262759929,2.643333333333333,1.1384429065743944,2.12475,-1.5048904267589387,-0.5185833333333334,1.98,117.71550094517958,186.0,61.00865051903115,20.6,-165.4,-124.99134948096884,0.110752688172043,0.328003497414146,2416867237667.609,11078757388.627398,4414753864888.908,31122487989299.016,398.4881796780527,4403675107500.281,0.0480880451163374,0.2552139037433155,0.0756143667296786,0.0756143667296786,0.3780718336483932,0.4706994328922495,0.00108,17884.888941398865,0.0,105.875,12.737024221453288,0.5331638407372986,170611690638.2625,327141.11694375,16.646528849997196
10s,Li25.4P2.6Si1.4S20.0Br4.0,"[{""element"": ""Li"", ""value"": 1.0}, {""element"": ""Si"", ""value"": 4.0}, {""element"": ""Br"", ""value"": -1.0}, {""element"": ""P"", ""value"": 5.0}, {""element"": ""S"", ""value"": -2.0}]",1.8105992509363296,2.643333333333333,1.130816326530612,2.0885,-1.512517006802721,-0.5548333333333333,1.98,117.39513108614231,186.0,61.39115646258504,22.6,-163.4,-124.60884353741496,0.121505376344086,0.3300599809816399,2070820377818.4028,11078757388.627398,3752242108781.485,26789326463925.72,338.6879933514248,3741163351392.857,0.0445816036852451,0.2336007130124777,0.0749063670411985,0.0749063670411985,0.3745318352059925,0.4756554307116105,0.00234,17767.579588014985,0.0,105.96428571428571,12.6734693877551,0.6474466390346325,222590162696.51453,426807.765475,16.495614769553697
fkj,Li26.0P2.0Si2.0S20.0Br4.0,"[{""element"": ""Li"", ""value"": 1.0}, {""element"": ""Si"", ""value"": 4.0}, {""element"": ""Br"", ""value"": -1.0}, {""element"": ""P"", ""value"": 5.0}, {""element"": ""S"", ""value"": -2.0}]",1.798148148148148,2.643333333333333,1.122,2.045,-1.5213333333333332,-0.5983333333333332,1.98,117.01851851851852,186.0,61.833333333333336,25.0,-161.0,-124.16666666666666,0.1344086021505376,0.3324372759856631,1664023069240.1138,11078757388.627398,2986378518721.3027,21589532633477.76,269.55897795784296,2975299761332.676,0.0405281573909024,0.2076648841354723,0.074074074074074,0.074074074074074,0.3703703703703703,0.4814814814814814,0.00219,17629.675925925927,0.0,106.07142857142856,12.600000000000001,0.6931471805599453,244604574391.77417,469019.52249999996,16.31995547505282
tt3,Li24.0P4.0S20.0Cl4.0,"[{""element"": ""Li"", ""value"": 1.0}, {""element"": ""Cl"", ""value"": -1.0}, {""element"": ""P"", ""value"": 5.0}, {""element"": ""S"", ""value"": -2.0}]",1.856153846153846,2.676666666666667,1.1528571428571428,2.19,-1.5238095238095244,-0.4866666666666672,2.18,117.15384615384616,183.5,60.285714285714285,17.0,-166.5,-123.21428571428572,0.0926430517711171,0.3285325029194239,3056626960821.059,11307150525.032305,5666901083931.938,38922178734970.95,501.1785304693951,5655593933406.906,0.0547152194211017,0.2941176470588235,0.0769230769230769,0.0769230769230769,0.3846153846153846,0.4615384615384615,0.0013,17666.73076923077,0.0,103.57142857142857,12.857142857142856,0.0,0.0,0.0,15.903303281691851
nig,Li24.0P4.0S20.0Br4.0,"[{""element"": ""Li"", ""value"": 1.0}, {""element"": ""Br"", ""value"": -1.0}, {""element"": ""P"", ""value"": 5.0}, {""element"": ""S"", ""value"": -2.0}]",1.8407692307692307,2.643333333333333,1.1528571428571428,2.19,-1.4904761904761905,-0.4533333333333331,1.98,118.3076923076923,186.0,60.285714285714285,17.0,-169.0,-125.71428571428572,0.0913978494623656,0.3241167434715822,3056521548604.257,11078757388.627398,5666901083931.938,38922178734970.95,511.5105318353793,5655822326543.312,0.0547152194211017,0.2941176470588235,0.0769230769230769,0.0769230769230769,0.3846153846153846,0.4615384615384615,0.00277,18101.73076923077,0.0,105.71428571428571,12.857142857142856,0.0,0.0,0.0,16.92913193567327
z16,Li24.0P4.0S19.6Se0.4Br4.0,"[{""element"": ""Li"", ""value"": 1.0}, {""element"": ""Br"", ""value"": -1.0}, {""element"": ""P"", ""value"": 5.0}, {""element"": ""S"", ""value"": -2.0}, {""element"": ""Se"", ""value"": -2.0}]",1.8405384615384617,2.642833333333334,1.1528571428571428,2.19,-1.489976190476191,-0.4528333333333338,1.98,118.4153846153846,186.23333333333332,60.285714285714285,17.0,-169.23333333333335,-125.94761904761909,0.0912833363164488,0.3237106548364826,3056502896753.558,11038345045.44863,5666901083931.938,38922178734970.95,513.3832164694413,5655862738886.49,0.0547152194211017,0.2941176470588235,0.0769230769230769,0.0769230769230769,0.3846153846153846,0.4615384615384615,0.0032,18142.869230769233,0.0,105.9,12.857142857142856,0.0,0.0,0.0,17.046894502088556
hbz,Li24.0P4.0S19.2Se0.8Br4.0,"[{""element"": ""Li"", ""value"": 1.0}, {""element"": ""Br"", ""value"": -1.0}, {""element"": ""P"", ""value"": 5.0}, {""element"": ""S"", ""value"": -2.0}, {""element"": ""Se"", ""value"": -2.0}]",1.8403076923076929,2.642333333333333,1.1528571428571428,2.19,-1.4894761904761904,-0.4523333333333332,1.98,118.5230769230769,186.46666666666667,60.285714285714285,17.0,-169.46666666666667,-126.1809523809524,0.0911691097604576,0.3233055825118749,3056484244902.8604,10997932702.26986,5666901083931.938,38922178734970.95,515.2696636125395,5655903151229.669,0.0547152194211017,0.2941176470588235,0.0769230769230769,0.0769230769230769,0.3846153846153846,0.4615384615384615,0.00392,18184.007692307692,0.0,106.08571428571429,12.857142857142856,0.0,0.0,0.0,17.16547624943417
uut,Li24.0P4.0S18.8Se1.2Br4.0,"[{""element"": ""Li"", ""value"": 1.0}, {""element"": ""Br"", ""value"": -1.0}, {""element"": ""P"", ""value"": 5.0}, {""element"": ""S"", ""value"": -2.0}, {""element"": ""Se"", ""value"": -2.0}]",1.8400769230769236,2.641833333333334,1.1528571428571428,2.19,-1.4889761904761911,-0.451833333333334,1.98,118.63076923076925,186.7,60.285714285714285,17.0,-169.70000000000002,-126.41428571428574,0.0910551687198714,0.3229015226872752,3056465593052.163,10957520359.091091,5666901083931.938,38922178734970.95,517.1700255368722,5655943563572.848,0.0547152194211017,0.2941176470588235,0.0769230769230769,0.0769230769230769,0.3846153846153846,0.4615384615384615,0.00362,18225.14615384615,0.0,106.27142857142857,12.857142857142856,0.0,0.0,0.0,17.28488287610322
cju,Li24.0P4.0S18.4Se1.6Br4.0,"[{""element"": ""Li"", ""value"": 1.0}, {""element"": ""Br"", ""value"": -1.0}, {""element"": ""P"", ""value"": 5.0}, {""element"": ""S"", ""value"": -2.0}, {""element"": ""Se"", ""value"": -2.0}]",1.8398461538461537,2.6413333333333333,1.1528571428571428,2.19,-1.4884761904761905,-0.4513333333333333,1.98,118.73846153846156,186.9333333333333,60.285714285714285,17.0,-169.9333333333333,-126.64761904761905,0.0909415121255349,0.3224984715712248,3056446941201.4644,10917108015.912325,5666901083931.938,38922178734970.95,519.0844567693293,5655983975916.026,0.0547152194211017,0.2941176470588235,0.0769230769230769,0.0769230769230769,0.3846153846153846,0.4615384615384615,0.00364,18266.284615384615,0.0,106.45714285714286,12.857142857142856,0.0,0.0,0.0,17.40512012012803
1kq,Li24.0P4.0S17.2Se2.8Br4.0,"[{""element"": ""Li"", ""value"": 1.0}, {""element"": ""Br"", ""value"": -1.0}, {""element"": ""P"", ""value"": 5.0}, {""element"": ""S"", ""value"": -2.0}, {""element"": ""Se"", ""value"": -2.0}]",1.8391538461538464,2.6398333333333333,1.1528571428571428,2.19,-1.4869761904761905,-0.4498333333333333,1.98,119.06153846153843,187.63333333333333,60.285714285714285,17.0,-170.63333333333333,-127.34761904761903,0.090602238408243,0.321295332842677,3056390985649.3706,10795870986.376017,5666901083931.938,38922178734970.95,524.9137462909065,5656105212945.5625,0.0547152194211017,0.2941176470588235,0.0769230769230769,0.0769230769230769,0.3846153846153846,0.4615384615384615,0.00301,18389.7,0.0,107.01428571428569,12.857142857142856,0.0,0.0,0.0,17.770873537052164
c6e,Li24.0P4.0S16.8Se3.2Br4.0,"[{""element"": ""Li"", ""value"": 1.0}, {""element"": ""Br"", ""value"": -1.0}, {""element"": ""P"", ""value"": 5.0}, {""element"": ""S"", ""value"": -2.0}, {""element"": ""Se"", ""value"": -2.0}]",1.8389230769230769,2.639333333333333,1.1528571428571428,2.19,-1.4864761904761907,-0.4493333333333336,1.98,119.1692307692308,187.86666666666667,60.285714285714285,17.0,-170.86666666666667,-127.5809523809524,0.0904897090134847,0.3208962790226097,3056372333798.673,10755458643.19725,5666901083931.938,38922178734970.95,526.8860466044572,5656145625288.741,0.0547152194211017,0.2941176470588235,0.0769230769230769,0.0769230769230769,0.3846153846153846,0.4615384615384615,0.00348,18430.83846153846,0.0,107.19999999999999,12.857142857142856,0.0,0.0,0.0,17.89449143329851
w87,Li24.0P4.0S20.0Br4.0,"[{""element"": ""Li"", ""value"": 1.0}, {""element"": ""Br"", ""value"": -1.0}, {""element"": ""P"", ""value"": 5.0}, {""element"": ""S"", ""value"": -2.0}]",1.8407692307692307,2.643333333333333,1.1528571428571428,2.19,-1.4904761904761905,-0.4533333333333331,1.98,118.3076923076923,186.0,60.285714285714285,17.0,-169.0,-125.71428571428572,0.0913978494623656,0.3241167434715822,3056521548604.257,11078757388.627398,5666901083931.938,38922178734970.95,511.5105318353793,5655822326543.312,0.0547152194211017,0.2941176470588235,0.0769230769230769,0.0769230769230769,0.3846153846153846,0.4615384615384615,3.2e-05,18101.73076923077,0.0,105.71428571428571,12.857142857142856,0.0,0.0,0.0,16.92913193567327
97p,Li24.0P4.0S20.0Cl4.0,"[{""element"": ""Li"", ""value"": 1.0}, {""element"": ""Cl"", ""value"": -1.0}, {""element"": ""P"", ""value"": 5.0}, {""element"": ""S"", ""value"": -2.0}]",1.856153846153846,2.676666666666667,1.1528571428571428,2.19,-1.5238095238095244,-0.4866666666666672,2.18,117.15384615384616,183.5,60.285714285714285,17.0,-166.5,-123.21428571428572,0.0926430517711171,0.3285325029194239,3056626960821.059,11307150525.032305,5666901083931.938,38922178734970.95,501.1785304693951,5655593933406.906,0.0547152194211017,0.2941176470588235,0.0769230769230769,0.0769230769230769,0.3846153846153846,0.4615384615384615,3.3e-05,17666.73076923077,0.0,103.57142857142857,12.857142857142856,0.0,0.0,0.0,15.903303281691851
p9u,Li24.0P4.0S20.0I4.0,"[{""element"": ""Li"", ""value"": 1.0}, {""element"": ""I"", ""value"": -1.0}, {""element"": ""P"", ""value"": 5.0}, {""element"": ""S"", ""value"": -2.0}]",1.817692307692308,2.5933333333333333,1.1528571428571428,2.19,-1.4404761904761905,-0.4033333333333333,1.6800000000000002,120.15384615384616,190.0,60.285714285714285,17.0,-173.0,-129.71428571428572,0.0894736842105263,0.3172932330827067,3056407119887.283,10830828501.851728,5666901083931.938,38922178734970.95,523.2195379109805,5656070255430.087,0.0547152194211017,0.2941176470588235,0.0769230769230769,0.0769230769230769,0.3846153846153846,0.4615384615384615,0.00022,18869.730769230773,0.0,108.42857142857143,12.857142857142856,0.0,0.0,0.0,17.5424069615194
5wz,Li24.0P4.0S20.0I4.0,"[{""element"": ""Li"", ""value"": 1.0}, {""element"": ""I"", ""value"": -1.0}, {""element"": ""P"", ""value"": 5.0}, {""element"": ""S"", ""value"": -2.0}]",1.817692307692308,2.5933333333333333,1.1528571428571428,2.19,-1.4404761904761905,-0.4033333333333333,1.6800000000000002,120.15384615384616,190.0,60.285714285714285,17.0,-173.0,-129.71428571428572,0.0894736842105263,0.3172932330827067,3056407119887.283,10830828501.851728,5666901083931.938,38922178734970.95,523.2195379109805,5656070255430.087,0.0547152194211017,0.2941176470588235,0.0769230769230769,0.0769230769230769,0.3846153846153846,0.4615384615384615,1.26e-06,18869.730769230773,0.0,108.42857142857143,12.857142857142856,0.0,0.0,0.0,17.5424069615194
t17,Li24.6P3.4Ge0.6S20.0I4.0,"[{""element"": ""Li"", ""value"": 1.0}, {""element"": ""Ge"", ""value"": 4.0}, {""element"": ""I"", ""value"": -1.0}, {""element"": ""P"", ""value"": 5.0}, {""element"": ""S"", ""value"": -2.0}]",1.8060836501901143,2.5933333333333333,1.1454545454545455,2.163,-1.4478787878787878,-0.4303333333333334,1.6800000000000002,119.88403041825094,190.0,61.04545454545454,21.35,-168.65,-128.95454545454547,0.1123684210526315,0.3212918660287081,2596910186001.665,10830828501.851728,4767046709777.73,33319601901044.336,440.13684723774514,4756215881275.879,0.0495321104016756,0.2630434782608695,0.0760456273764258,0.0760456273764258,0.3802281368821292,0.467680608365019,3.93e-05,18727.299429657796,0.2097902097902098,108.64285714285714,13.363636363636365,0.42270908780599087,401343518927.89856,101925.38827500002,17.52744558870174
kf7,Li24.8P3.2Ge0.8S20.0I4.0,"[{""element"": ""Li"", ""value"": 1.0}, {""element"": ""Ge"", ""value"": 4.0}, {""element"": ""I"", ""value"": -1.0}, {""element"": ""P"", ""value"": 5.0}, {""element"": ""S"", ""value"": -2.0}]",1.8022727272727272,2.5933333333333333,1.1430555555555553,2.154,-1.450277777777778,-0.4393333333333333,1.6800000000000002,119.79545454545456,190.0,61.29166666666666,22.800000000000004,-167.2,-128.70833333333334,0.12,0.3225877192982456,2446065232958.406,10830828501.851728,4475427236672.2,31452076289735.47,413.2119011862337,4464596408170.349,0.0478523991453801,0.2526854219948849,0.0757575757575757,0.0757575757575757,0.3787878787878788,0.4696969696969697,3.19e-05,18680.541666666668,0.2777777777777778,108.71428571428572,13.527777777777779,0.5004024235381879,503646768850.69635,127906.36960000002,17.52253680948367
utv,Li25.0P3.0Ge1.0S20.0I4.0,"[{""element"": ""Li"", ""value"": 1.0}, {""element"": ""Ge"", ""value"": 4.0}, {""element"": ""I"", ""value"": -1.0}, {""element"": ""P"", ""value"": 5.0}, {""element"": ""S"", ""value"": -2.0}]",1.798490566037736,2.5933333333333333,1.1406896551724135,2.145,-1.4526436781609195,-0.4483333333333332,1.6800000000000002,119.70754716981132,190.0,61.53448275862069,24.25,-165.75,-128.4655172413793,0.1276315789473684,0.3238656987295826,2296358732390.946,10830828501.851728,4187830101126.747,29584550678426.6,386.6583337009501,4176999272624.896,0.0461958563202059,0.2423273657289002,0.0754716981132075,0.0754716981132075,0.3773584905660377,0.4716981132075472,0.00015,18634.13679245283,0.34482758620689663,108.78571428571428,13.689655172413795,0.5623351446188083,590211057246.9097,149890.27687500004,17.517666436897326
q9f,Li25.2P2.8Ge1.2S20.0I4.0,"[{""element"": ""Li"", ""value"": 1.0}, {""element"": ""Ge"", ""value"": 4.0}, {""element"": ""I"", ""value"": -1.0}, {""element"": ""P"", ""value"": 5.0}, {""element"": ""S"", ""value"": -2.0}]",1.7947368421052632,2.5933333333333333,1.1383561643835616,2.136,-1.4549771689497717,-0.4573333333333336,1.6800000000000002,119.6203007518797,190.0,61.773972602739725,25.7,-164.3,-128.22602739726028,0.1352631578947368,0.325126171593367,2147777844609.7063,10830828501.851728,3904172652369.5854,27717025067117.727,360.4685137154648,3893341823867.735,0.0445620058624998,0.2319693094629155,0.075187969924812,0.075187969924812,0.3759398496240601,0.4736842105263157,0.00065,18588.080827067668,0.410958904109589,108.85714285714286,13.849315068493151,0.6108643020548935,661036384116.5388,167877.11010000002,17.512834022140947
pa1,Li26.4P1.6Ge2.4S20.0I4.0,"[{""element"": ""Li"", ""value"": 1.0}, {""element"": ""Ge"", ""value"": 4.0}, {""element"": ""I"", ""value"": -1.0}, {""element"": ""P"", ""value"": 5.0}, {""element"": ""S"", ""value"": -2.0}]",1.7727941176470592,2.5933333333333333,1.1250000000000002,2.082,-1.468333333333333,-0.5113333333333334,1.6800000000000002,119.11029411764709,190.0,63.14473684210527,34.4,-155.6,-126.85526315789474,0.1810526315789473,0.3323407202216066,1279235155006.1404,10830828501.851728,2280606991720.0527,16511871399264.514,210.56625458801616,2269776163218.201,0.0352103617953665,0.1698209718670076,0.0735294117647058,0.0735294117647058,0.3676470588235294,0.4852941176470588,0.00521,18318.856617647067,0.7894736842105263,109.28571428571428,14.763157894736842,0.6730116670092565,755470153276.0444,191859.55440000008,17.48461237575366
lxk,Li26.8P1.2Ge2.8S20.0I4.0,"[{""element"": ""Li"", ""value"": 1.0}, {""element"": ""Ge"", ""value"": 4.0}, {""element"": ""I"", ""value"": -1.0}, {""element"": ""P"", ""value"": 5.0}, {""element"": ""S"", ""value"": -2.0}]",1.7656934306569343,2.5933333333333333,1.1207792207792209,2.064,-1.4725541125541126,-0.5293333333333337,1.6800000000000002,118.94525547445257,190.0,63.57792207792208,37.3,-152.7,-126.42207792207792,0.1963157894736842,0.3346206425153793,998173895353.4048,10830828501.851728,1767532129263.7058,12776820176646.771,163.19454499362757,1756701300761.854,0.0322550803369217,0.1491048593350383,0.072992700729927,0.072992700729927,0.364963503649635,0.4890510948905109,0.00554,18231.735401459853,0.909090909090909,109.42857142857143,15.051948051948049,0.6108643020548935,661036384116.5388,167877.11010000005,17.47548956674818
1m8,Li27.2P0.8Ge3.2S20.0I4.0,"[{""element"": ""Li"", ""value"": 1.0}, {""element"": ""Ge"", ""value"": 4.0}, {""element"": ""I"", ""value"": -1.0}, {""element"": ""P"", ""value"": 5.0}, {""element"": ""S"", ""value"": -2.0}]",1.758695652173913,2.5933333333333333,1.1166666666666665,2.046,-1.4766666666666668,-0.5473333333333334,1.6800000000000002,118.78260869565216,190.0,64.0,40.2,-149.8,-126.0,0.211578947368421,0.3368421052631579,721185987289.8395,10830828501.851728,1267613032511.369,9041768954029.035,117.037494619608,1256782204009.5168,0.0293755753261294,0.128388746803069,0.072463768115942,0.072463768115942,0.3623188405797101,0.4927536231884057,0.00258,18145.876811594208,1.0256410256410258,109.57142857142857,15.333333333333336,0.5004024235381879,503646768850.6963,127906.36960000005,17.4665036293372
240,Li64.0Ge8.0P32.0,"[{""element"": ""Li"", ""value"": 1.0}, {""element"": ""Ge"", ""value"": 4.0}, {""element"": ""P"", ""value"": -3.0}]",1.4315384615384614,2.19,1.0944444444444443,2.01,-1.0955555555555556,-0.1800000000000001,1.21,110.3076923076923,212.0,65.11111111111111,46.0,-166.0,-146.88888888888889,0.2169811320754717,0.3071278825995807,201128596421.609,12041693654.298868,285167219873.7468,1571666508793.5586,23.68165376570118,273125526219.448,0.0228305600286276,0.0869565217391304,0.0,0.0769230769230769,0.3076923076923077,0.6153846153846154,8.6e-05,16795.53846153846,1.1111111111111112,113.00000000000001,15.11111111111111,0.0,0.0,0.0,13.17446307253026
4p7,Li3.0Cl1.0O1.0,"[{""element"": ""Li"", ""value"": 1.0}, {""element"": ""Cl"", ""value"": -1.0}, {""element"": ""O"", ""value"": -2.0}]",1.908,3.3,0.98,,-2.32,,2.46,104.34,159.6,67.5,,,-92.1,,0.4229323308270676,81698572897.08945,17714219104.5681,124354808758.77034,,7.020055923701543,106640589654.20224,0.0148148148148148,,0.2,0.0,0.2,0.6,0.025,13105.798,0.0,81.0,9.0,0.0,0.0,0.0,11.365919192269052
gas,Li0.31La0.63Ti0.9Co0.1O3.0,"[{""element"": ""Li"", ""value"": 1.0}, {""element"": ""La"", ""value"": 3.0}, {""element"": ""O"", ""value"": -2.0}, {""element"": ""Ti"", ""value"": 4.0}, {""element"": ""Co"", ""value"": 2.0}]",2.609473684210527,3.44,1.325154639175258,1.39079754601227,-2.114845360824742,-2.04920245398773,2.46,115.86518218623485,138.2,81.32680412371134,83.95644171779139,-54.2435582822086,-56.87319587628865,0.6074995782763488,0.5884718098676653,163695689052.7274,28978758058.690765,372020840074.43353,419122968729.5596,12.837708204091376,343042082015.7428,0.0426124183548683,0.0478990791508294,0.0,0.3299595141700405,0.6072874493927126,0.0627530364372469,0.00026,14468.793562753033,8.108247422680414,91.98056155507558,81.19072164948454,0.8665955442280453,27891012268113.363,128255.39275095037,25.073637802761123
f5n,Li2.0O0.9H0.9F0.1Cl1.0,"[{""element"": ""Li"", ""value"": 1.0}, {""element"": ""O"", ""value"": -2.0}, {""element"": ""F"", ""value"": -1.0}, {""element"": ""Cl"", ""value"": -1.0}, {""element"": ""H"", ""value"": 1.0}]",2.1620408163265306,3.327,0.98,,-2.347,,3.0,92.53928571428573,159.22125,67.5,,,-91.72125,,0.4239383876209991,57746141192.72613,17123237163.408672,124354808758.77036,,7.262342252930368,107231571595.36168,0.0148148148148148,,0.2244897959183673,0.0,0.183673469387755,0.4081632653061224,3.86e-05,12401.858176020407,0.0,65.82758620689656,9.0,0.0,0.0,0.0,8.083181153706652
hx7,Li2.0O1.0H1.0Br1.0,"[{""element"": ""Li"", ""value"": 1.0}, {""element"": ""O"", ""value"": -2.0}, {""element"": ""Br"", ""value"": -1.0}, {""element"": ""H"", ""value"": 1.0}]",2.112,3.2,0.98,,-2.22,,2.46,93.84,167.1,67.5,,,-99.6,,0.4039497307001795,56553539381.64949,17029039695.353384,124354808758.77036,,7.302514468429029,107325769063.41698,0.0148148148148148,,0.2,0.0,0.2,0.4,1.2e-06,13325.548,0.0,69.66666666666666,9.0,0.0,0.0,0.0,9.090550782458326
lk8,La0.55Li0.45Ti0.9Al0.1O3.0,"[{""element"": ""La"", ""value"": 3.0}, {""element"": ""Li"", ""value"": 1.0}, {""element"": ""Al"", ""value"": 3.0}, {""element"": ""O"", ""value"": -2.0}, {""element"": ""Ti"", ""value"": 4.0}]",2.5826,3.44,1.2965000000000002,1.3883870967741934,-2.1434999999999995,-2.0516129032258066,2.46,113.89633333333332,138.2,77.44083333333333,80.3268817204301,-57.87311827956989,-60.75916666666666,0.5812364813345159,0.5603533526290401,183618067717.82123,28978758058.690765,415577032206.51697,500125419659.0885,14.340746810641352,386598274147.8262,0.0432633582988915,0.0515226128587847,0.0,0.31,0.6,0.09,0.00151,14128.070205555554,6.675000000000001,90.82417582417582,72.225,0.860121591451826,36626909541088.44,154846.84837898024,23.169527755519894
oi4,Li0.38Sr0.44Hf0.25Ta0.75O3.0,"[{""element"": ""Li"", ""value"": 1.0}, {""element"": ""Sr"", ""value"": 2.0}, {""element"": ""Hf"", ""value"": 4.0}, {""element"": ""Ta"", ""value"": 5.0}, {""element"": ""O"", ""value"": -2.0}]",2.6058921161825728,3.44,1.2309890109890111,1.2972222222222225,-2.209010989010989,-2.142777777777778,2.49,117.61549100968186,138.2,83.68498168498168,87.95601851851852,-50.24398148148147,-54.51501831501831,0.6364400761108432,0.6055353233356128,142901931947.80188,28978758058.690765,330687383413.3697,385136257280.55566,11.411371831174668,301708625354.67896,0.0443244331411072,0.0521116935327677,0.0,0.2987551867219917,0.6224066390041494,0.0788381742738589,0.00038,14783.355578607652,14.917582417582416,92.23873873873876,105.17582417582418,1.0060087993723077,10512336854618.13,966555.2469135805,28.918476754977405
lcx,La0.6Sr0.06Li0.06Ti1.0O3.0,"[{""element"": ""La"", ""value"": 3.0}, {""element"": ""Sr"", ""value"": 2.0}, {""element"": ""Li"", ""value"": 1.0}, {""element"": ""O"", ""value"": -2.0}, {""element"": ""Ti"", ""value"": 4.0}]",2.677076271186441,3.44,1.3463953488372096,1.3596385542168676,-2.0936046511627904,-2.080361445783132,2.49,118.28177966101694,138.2,83.54069767441861,84.12048192771084,-54.07951807228915,-54.65930232558138,0.6086865551932767,0.6044913001043315,175472276257.12683,28978758058.690765,430984226603.2362,442067217609.6627,14.87241881554629,402005468544.5454,0.0482922761721044,0.0495023048958618,0.0,0.3516949152542373,0.6355932203389831,0.0127118644067796,1.13e-05,14984.494138418078,8.837209302325581,93.10300429184551,91.24418604651163,0.793142913973992,26679780650296.703,139378.51066918275,26.855284097237472
mam,La0.56Sr0.1Li0.1Ti1.0O3.0,"[{""element"": ""La"", ""value"": 3.0}, {""element"": ""Sr"", ""value"": 2.0}, {""element"": ""Li"", ""value"": 1.0}, {""element"": ""O"", ""value"": -2.0}, {""element"": ""Ti"", ""value"": 4.0}]",2.66155462184874,3.44,1.334659090909091,1.3560240963855423,-2.105340909090909,-2.0839759036144576,2.49,117.94215686274508,138.2,83.41174242424242,84.37028112449798,-53.82971887550201,-54.78825757575757,0.6104940747069318,0.603558194097268,174767205702.10535,28978758058.690765,423270241457.9257,441277195234.9833,14.60622434545591,394291483399.235,0.0473097604563788,0.0492672873022561,0.0,0.3487394957983193,0.6302521008403361,0.0210084033613445,1.37e-05,14918.492450980391,8.386363636363637,93.29184549356225,88.375,0.8411289678148688,28971055463282.645,142929.12033676877,26.449058871138256
0jx,La0.51Sr0.15Li0.15Ti1.0O3.0,"[{""element"": ""La"", ""value"": 3.0}, {""element"": ""Sr"", ""value"": 2.0}, {""element"": ""Li"", ""value"": 1.0}, {""element"": ""O"", ""value"": -2.0}, {""element"": ""Ti"", ""value"": 4.0}]",2.642515592515592,3.44,1.320718232044199,1.3515060240963854,-2.119281767955801,-2.0884939759036145,2.49,117.52557172557172,138.2,83.25856353591159,84.68253012048191,-53.51746987951808,-54.9414364640884,0.6127534740990008,0.602449808508767,173902358243.76303,28978758058.690765,414107220428.9657,440289667266.634,14.29002649424358,385128462370.2749,0.0461426837774782,0.048973515310249,0.0,0.3451143451143451,0.6237006237006236,0.0311850311850311,5.3e-05,14837.53404019404,7.850828729281767,93.52789699570815,84.96685082872928,0.8851150239933931,31783616820177.348,147333.9884235738,25.959160057098273
lyq,La0.41Sr0.25Li0.25Ti1.0O3.0,"[{""element"": ""La"", ""value"": 3.0}, {""element"": ""Sr"", ""value"": 2.0}, {""element"": ""Li"", ""value"": 1.0}, {""element"": ""O"", ""value"": -2.0}, {""element"": ""Ti"", ""value"": 4.0}]",2.605600814663951,3.44,1.2950261780104713,1.3424698795180725,-2.1449738219895287,-2.0975301204819274,2.49,116.71785471826205,138.2,82.97626527050612,85.3070281124498,-52.89297188755019,-55.22373472949387,0.617272272883139,0.6004071293090169,172225505330.64313,28978758058.690765,397220396333.7097,438314611329.9356,13.707295375778978,368241638275.0189,0.0439918408928029,0.0483859713262348,0.0,0.3380855397148676,0.6109979633401221,0.0509164969450101,7.64e-05,14680.563761031905,6.863874345549738,94.0,78.68586387434556,0.9358108669385266,37236965669507.67,156032.4112715924,25.034998350283956
xy0,La0.36Sr0.3Li0.3Ti1.0O3.0,"[{""element"": ""La"", ""value"": 3.0}, {""element"": ""Sr"", ""value"": 2.0}, {""element"": ""Li"", ""value"": 1.0}, {""element"": ""O"", ""value"": -2.0}, {""element"": ""Ti"", ""value"": 4.0}]",2.587701612903226,3.44,1.2831632653061225,1.3379518072289158,-2.156836734693877,-2.1020481927710843,2.49,116.32620967741934,138.2,82.84591836734694,85.61927710843374,-52.58072289156625,-55.35408163265305,0.619531672275208,0.59946395345403,171412434512.89044,28978758058.690765,389423163779.5226,437327083361.58624,13.4382282011818,360444405720.8318,0.0429987221118686,0.0480921993342277,0.0,0.3346774193548387,0.6048387096774194,0.0604838709677419,1.92e-05,14604.452163978494,6.408163265306123,94.23605150214593,75.78571428571428,0.945965970084894,39877753161943.305,160325.96603280594,24.598809149318242
v7r,La0.56Li0.33Ti1.0O3.0,"[{""element"": ""La"", ""value"": 3.0}, {""element"": ""Li"", ""value"": 1.0}, {""element"": ""O"", ""value"": -2.0}, {""element"": ""Ti"", ""value"": 4.0}]",2.6174642126789363,3.44,1.3118518518518518,1.382051282051282,-2.1281481481481483,-2.057948717948718,2.46,115.33667348329922,138.2,79.04567901234569,81.48803418803419,-56.7119658119658,-59.1543209876543,0.5896384528801317,0.5719658394525737,175246999786.02496,28978758058.690765,407418812051.6349,467297735825.1255,14.059222663251765,378440053992.9441,0.0450403143164321,0.0514341699802358,0.0,0.3190184049079754,0.6134969325153373,0.0674846625766871,0.0013,14394.12074755737,7.28042328042328,91.14912280701755,78.10052910052909,0.652825793916348,22264607891797.707,128748.45496383958,24.235148586089117
yhc,La0.55Li0.36Ti1.0O3.0,"[{""element"": ""La"", ""value"": 3.0}, {""element"": ""Li"", ""value"": 1.0}, {""element"": ""O"", ""value"": -2.0}, {""element"": ""Ti"", ""value"": 4.0}]",2.610549898167006,3.44,1.3077486910994764,1.3838709677419354,-2.1322513089005235,-2.0561290322580645,2.46,115.03699932111338,138.2,78.65532286212915,81.24623655913979,-56.9537634408602,-59.54467713787084,0.5878888318316917,0.5691412652831342,175154184584.6529,28978758058.690765,404749095358.4154,469872929665.42975,13.967095985917542,375770337299.7246,0.0446693544638205,0.0516033120597186,0.0,0.3156822810590631,0.6109979633401221,0.0733197556008146,0.00154,14334.502500565737,7.0942408376963355,90.97802197802199,76.67015706806284,0.650390640876698,22150090955116.246,128086.24349635796,23.96533354482229
sv7,La0.51Li0.34Ti1.0O2.94,"[{""element"": ""La"", ""value"": 3.0}, {""element"": ""Li"", ""value"": 1.0}, {""element"": ""O"", ""value"": -2.0}, {""element"": ""Ti"", ""value"": 4.0}]",2.6195824634655533,3.44,1.3157837837837838,1.3913907284768212,-2.124216216216216,-2.048609271523179,2.46,114.9125260960334,138.2,77.90432432432432,80.24701986754967,-57.95298013245032,-60.29567567567567,0.5806586097507213,0.5637071224625494,178090922135.45523,28978758058.69076,415058361262.8539,480514790303.5084,14.32284849551644,386079603204.1632,0.0454126944990186,0.0523022833020844,0.0,0.3152400835073068,0.6137787056367432,0.0709812108559499,0.001,14317.161830201807,6.87027027027027,90.65393258426965,75.94594594594594,0.6395306588828067,21641756298591.418,125146.72163501603,23.85919753821735
qbb,Li3.0O1.0Br1.0,"[{""element"": ""Li"", ""value"": 1.0}, {""element"": ""O"", ""value"": -2.0}, {""element"": ""Br"", ""value"": -1.0}]",1.868,3.2,0.98,,-2.22,,2.46,107.34,167.1,67.5,,,-99.6,,0.4039497307001795,81424501133.40356,17029039695.353384,124354808758.77034,,7.302514468429028,107325769063.41696,0.0148148148148148,,0.2,0.0,0.2,0.6,1.1e-06,14236.798,0.0,88.5,9.0,0.0,0.0,0.0,13.371732193392813
o23,Li0.25La0.25Ta1.0O3.0,"[{""element"": ""Li"", ""value"": 1.0}, {""element"": ""La"", ""value"": 3.0}, {""element"": ""Ta"", ""value"": 5.0}, {""element"": ""O"", ""value"": -2.0}]",2.7422222222222223,3.44,1.346666666666667,1.42,-2.0933333333333333,-2.02,2.46,117.8259259259259,138.2,77.07777777777777,78.99333333333333,-59.20666666666666,-61.12222222222222,0.5715870718765075,0.5577263225598971,159368745771.29602,28978758058.690765,420148721196.5066,479307503684.0538,14.49850681473575,391169963137.8158,0.054981172489832,0.0630144440248354,0.0,0.2777777777777778,0.6666666666666666,0.0555555555555555,2.61e-05,14830.23320987654,18.833333333333332,85.94117647058823,121.5,0.5004024235381879,498149299356.78796,703585.4400000001,29.52568525551385
w1l,Li0.5Sr0.5Cr0.25Ta0.75O3.0,"[{""element"": ""Li"", ""value"": 1.0}, {""element"": ""Sr"", ""value"": 2.0}, {""element"": ""Ta"", ""value"": 5.0}, {""element"": ""O"", ""value"": -2.0}, {""element"": ""Cr"", ""value"": 3.0}]",2.565,3.44,1.2525,1.343333333333333,-2.1875,-2.0966666666666667,2.49,116.02833333333334,138.2,82.77083333333334,87.86111111111113,-50.33888888888886,-55.429166666666646,0.6357533365492847,0.5989206464061747,145335872188.5713,28978758058.690765,319871543383.3921,385043788258.26605,11.038138443875177,290892785324.7013,0.040841157104235,0.0495166045340417,0.0,0.3,0.6,0.1,6e-05,14491.14261111111,11.75,92.16666666666666,87.375,1.0114042647073518,38079375328023.44,1009880.5555555555,26.62541039172124
jce,Li0.5Sr0.5Fe0.25Ta0.75O3.0,"[{""element"": ""Li"", ""value"": 1.0}, {""element"": ""Sr"", ""value"": 2.0}, {""element"": ""Ta"", ""value"": 5.0}, {""element"": ""O"", ""value"": -2.0}, {""element"": ""Fe"", ""value"": 3.0}]",2.5735,3.44,1.27375,1.3716666666666668,-2.16625,-2.0683333333333334,2.49,115.79083333333332,138.2,82.17708333333334,87.06944444444446,-51.13055555555553,-56.022916666666646,0.6300249236211611,0.5946243367100821,152061501269.35806,28978758058.690765,336685616085.359,407462551860.8885,11.618359054707197,307706858026.6682,0.0413515256440437,0.0501970959204534,0.0,0.3,0.6,0.1,0.0001,14463.05823611111,11.875,92.05555555555556,89.25,1.0114042647073518,47363343549569.01,1050726.8055555555,26.720648048743215
3qz,Li56.0La24.0Zr16.0O96.0,"[{""element"": ""Li"", ""value"": 1.0}, {""element"": ""La"", ""value"": 3.0}, {""element"": ""Zr"", ""value"": 4.0}, {""element"": ""O"", ""value"": -2.0}]",2.254166666666667,3.44,1.0683333333333334,1.1920000000000002,-2.3716666666666666,-2.248,2.46,110.15833333333332,138.2,82.11666666666666,102.58,-35.61999999999999,-56.08333333333333,0.7422575976845153,0.594187168355041,86141254143.4846,28978758058.690765,143303750228.27844,169832268285.58978,4.945130841633894,114324992169.58768,0.0234932707707527,0.0356431091090659,0.0,0.2083333333333333,0.5,0.2916666666666667,0.00012,13154.65972222222,7.25,91.3529411764706,57.916666666666664,0.6730116670092565,16965241563.40223,209814.0,18.995422409020712
cjq,Li48.0Sr8.0La16.0Nb16.0O96.0,"[{""element"": ""Li"", ""value"": 1.0}, {""element"": ""Sr"", ""value"": 2.0}, {""element"": ""La"", ""value"": 3.0}, {""element"": ""Nb"", ""value"": 5.0}, {""element"": ""O"", ""value"": -2.0}]",2.326521739130435,3.44,1.1118181818181818,1.27,-2.328181818181818,-2.17,2.49,111.2246376811594,138.2,81.7969696969697,98.95333333333332,-39.246666666666655,-56.40303030303029,0.7160154365653643,0.5918738762443538,119203293913.90234,28978758058.690765,217630060301.40588,329560362152.5685,7.509985757865781,188651302242.71512,0.0283318042575926,0.0445521915889261,0.0,0.217391304347826,0.5217391304347826,0.2608695652173913,4.2e-06,13464.7718115942,7.272727272727273,91.3529411764706,54.909090909090914,1.0549201679861442,13644702540294.99,620715.76,19.48265972550451
uaz,Li48.0Ca8.0La16.0Nb16.0O96.0,"[{""element"": ""Li"", ""value"": 1.0}, {""element"": ""Ca"", ""value"": 2.0}, {""element"": ""La"", ""value"": 3.0}, {""element"": ""Nb"", ""value"": 5.0}, {""element"": ""O"", ""value"": -2.0}]",2.3286956521739133,3.44,1.1163636363636364,1.28,-2.3236363636363637,-2.16,2.46,110.34057971014492,138.2,79.94848484848484,94.88666666666666,-43.31333333333333,-58.25151515151515,0.6865894838398456,0.5784984431872999,120234052549.47748,28978758058.690765,219785282903.063,334301851876.2142,7.584358255033953,190806524844.37225,0.0285940502873597,0.0451291328544136,0.0,0.217391304347826,0.5217391304347826,0.2608695652173913,1.6e-06,13254.071328502414,6.363636363636363,90.3529411764706,51.63636363636363,1.0549201679861442,24972109872925.39,602224.56,18.83123493572737
aax,Li42.0Ba2.0La22.0Ta16.0O96.0,"[{""element"": ""Li"", ""value"": 1.0}, {""element"": ""Ba"", ""value"": 2.0}, {""element"": ""La"", ""value"": 3.0}, {""element"": ""Ta"", ""value"": 5.0}, {""element"": ""O"", ""value"": -2.0}]",2.3673033707865168,3.44,1.1114634146341464,1.2495,-2.3285365853658533,-2.1905,2.55,113.0242910647405,138.2,83.55029036004646,100.40309523809525,-37.79690476190476,-54.64970963995353,0.7265057542553924,0.604560711722478,105984954836.55598,28978758058.690765,196138551064.30063,271511480485.10748,6.7683560029405205,167159793005.60986,0.0288237993116101,0.0435332330332452,0.0,0.2247191011235955,0.5393258426966292,0.2359550561797752,7.41e-06,13797.210103696907,10.609756097560977,90.48529411764707,74.85365853658537,0.8451132568429528,27659954263241.29,1073336.3275000001,21.863434941518637
3vi,Li52.0Ba12.0La12.0Ta16.0O96.0,"[{""element"": ""Li"", ""value"": 1.0}, {""element"": ""Ba"", ""value"": 2.0}, {""element"": ""La"", ""value"": 3.0}, {""element"": ""Ta"", ""value"": 5.0}, {""element"": ""O"", ""value"": -2.0}]",2.282340425531915,3.44,1.0743478260869566,1.197,-2.3656521739130434,-2.243,2.55,112.11671732522797,138.2,84.89937888198757,107.51857142857143,-30.681428571428555,-53.300621118012415,0.777992557370271,0.6143225678870302,104607163400.61046,28978758058.690765,183523760279.1353,260443397255.60983,6.33304435985297,154545002220.44458,0.0260346427154866,0.04062041898636,0.0,0.2127659574468085,0.5106382978723404,0.2765957446808511,3.08e-05,13708.973709654072,9.347826086956522,92.61764705882354,67.69565217391303,1.0888999753452238,122300965205581.25,1160333.49,20.556504045969263
vwn,Li54.0Ba14.0La10.0Ta16.0O96.0,"[{""element"": ""Li"", ""value"": 1.0}, {""element"": ""Ba"", ""value"": 2.0}, {""element"": ""La"", ""value"": 3.0}, {""element"": ""Ta"", ""value"": 5.0}, {""element"": ""O"", ""value"": -2.0}]",2.266421052631579,3.44,1.067872340425532,1.1865,-2.372127659574468,-2.2535,2.55,111.94666666666666,138.2,85.13475177304964,108.94166666666663,-29.25833333333334,-53.065248226950345,0.7882899179932464,0.6160257002391436,104349008794.7175,28978758058.690765,181322881886.82996,258229780609.7103,6.257096371058972,152344123828.13916,0.0255480239050991,0.0400378561769829,0.0,0.2105263157894736,0.5052631578947369,0.2842105263157894,1.18e-05,13692.44099582289,9.127659574468085,93.04411764705884,66.4468085106383,1.080527626604172,133244639268311.11,1177174.1875,20.32046150899056
tlp,Li56.0Ba16.0La8.0Ta16.0O96.0,"[{""element"": ""Li"", ""value"": 1.0}, {""element"": ""Ba"", ""value"": 2.0}, {""element"": ""La"", ""value"": 3.0}, {""element"": ""Ta"", ""value"": 5.0}, {""element"": ""O"", ""value"": -2.0}]",2.250833333333333,3.44,1.0616666666666663,1.176,-2.3783333333333334,-2.264,2.55,111.78015873015872,138.2,85.36031746031746,110.36476190476188,-27.835238095238097,-52.83968253968253,0.7985872786162221,0.6176578687432523,104096232409.78064,28978758058.690765,179213706760.8705,256016163963.8108,6.184312881798055,150234948702.17975,0.0250816808784777,0.0394552933676059,0.0,0.2083333333333333,0.5,0.2916666666666667,2.85e-06,13676.252713529855,8.916666666666666,93.47058823529412,65.25,1.0549201679861442,141526803955794.97,1193828.64,20.09196301040283
ka6,Li40.0La24.0Ta16.0O96.0,"[{""element"": ""Li"", ""value"": 1.0}, {""element"": ""La"", ""value"": 3.0}, {""element"": ""Ta"", ""value"": 5.0}, {""element"": ""O"", ""value"": -2.0}]",2.3854545454545457,3.44,1.12,1.2600000000000002,-2.32,-2.18,2.46,113.2181818181818,138.2,83.24,98.98,-39.22,-54.96,0.7162083936324167,0.6023154848046309,106279301188.78072,28978758058.690765,199039952944.88867,273725097131.007,6.868477680850658,170061194886.1979,0.0294653053287185,0.0441157958426222,0.0,0.2272727272727272,0.5454545454545454,0.2272727272727272,6.61e-06,13816.060606060604,10.9,90.05882352941177,76.5,0.6730116670092565,747223949035.1819,1055378.1600000001,22.15324015262341
7o7,Li48.0Ba8.0La16.0Ta16.0O96.0,"[{""element"": ""Li"", ""value"": 1.0}, {""element"": ""Ba"", ""value"": 2.0}, {""element"": ""La"", ""value"": 3.0}, {""element"": ""Ta"", ""value"": 5.0}, {""element"": ""O"", ""value"": -2.0}]",2.315217391304348,3.44,1.088181818181818,1.218,-2.3518181818181816,-2.222,2.55,112.4679089026915,138.2,84.3965367965368,104.67238095238096,-33.52761904761904,-53.8034632034632,0.7573978361243195,0.6106840578620608,105140308782.3459,28978758058.690765,188225636844.51517,264870630547.40887,6.495296881367421,159246878785.82437,0.027074237446769,0.041785544605114,0.0,0.217391304347826,0.5217391304347826,0.2608695652173913,2.95e-05,13743.11735778369,9.818181818181818,91.76470588235296,70.36363636363637,1.0549201679861442,92429088954383.39,1126093.36,21.052697487248132
kji,Li51.2La24.0Zr11.2Ta4.8O96.0,"[{""element"": ""Li"", ""value"": 1.0}, {""element"": ""La"", ""value"": 3.0}, {""element"": ""Zr"", ""value"": 4.0}, {""element"": ""Ta"", ""value"": 5.0}, {""element"": ""O"", ""value"": -2.0}]",2.2911965811965813,3.44,1.0819298245614035,1.2124,-2.3580701754385966,-2.2276,2.46,111.02136752136752,138.2,82.41228070175437,101.5,-36.7,-55.78771929824562,0.7344428364688856,0.5963261989996699,91821216130.61942,28978758058.690765,157971171995.80746,201000116939.2149,5.451274746690937,128992413937.1167,0.0250648588123227,0.0381849151291328,0.0,0.2136752136752137,0.5128205128205129,0.2735042735042735,0.001,13341.20868945869,8.210526315789476,90.96470588235294,62.807017543859665,0.9173573878312139,374554946717.8266,508851.4464000001,19.837488189550402
gdr,Li49.6La24.0Zr9.6Ta6.4O96.0,"[{""element"": ""Li"", ""value"": 1.0}, {""element"": ""La"", ""value"": 3.0}, {""element"": ""Zr"", ""value"": 4.0}, {""element"": ""Ta"", ""value"": 5.0}, {""element"": ""O"", ""value"": -2.0}]",2.3039655172413798,3.44,1.0867857142857145,1.2192000000000005,-2.353214285714285,-2.2208,2.46,111.31896551724138,138.2,82.51785714285715,101.14,-37.05999999999999,-55.68214285714284,0.7318379160636759,0.597090138515609,93779823712.39005,28978758058.690765,163209536912.78214,211389399823.75668,5.632040427068453,134230778854.09135,0.0256261402557405,0.0390321838024884,0.0,0.2155172413793103,0.5172413793103449,0.2672413793103448,0.00032,13405.535919540229,8.553571428571429,90.83529411764707,64.55357142857143,0.9422163338129591,467368259309.7032,599889.0336,20.13642869935881
v1q,Li54.4La24.0Zr14.4Ta1.6O96.0,"[{""element"": ""Li"", ""value"": 1.0}, {""element"": ""La"", ""value"": 3.0}, {""element"": ""Zr"", ""value"": 4.0}, {""element"": ""Ta"", ""value"": 5.0}, {""element"": ""O"", ""value"": -2.0}]",2.266302521008404,3.44,1.0727118644067797,1.1988,-2.3672881355932205,-2.2412,2.46,110.44117647058825,138.2,82.21186440677965,102.22,-35.97999999999999,-55.988135593220335,0.7396526772793054,0.5948760087321249,88002754290.52878,28978758058.690765,148027157238.16068,180221551170.1315,5.108126336482773,119048399179.46992,0.0239993753943092,0.0364903777824215,0.0,0.2100840336134453,0.5042016806722689,0.2857142857142857,0.00073,13215.797619047618,7.559322033898306,91.22352941176472,59.49152542372883,0.8030448563658358,149353437844.6761,313813.9296,19.267380051495987
4vd,Li54.0La24.0Zr14.0Ta2.0O96.0,"[{""element"": ""Li"", ""value"": 1.0}, {""element"": ""La"", ""value"": 3.0}, {""element"": ""Zr"", ""value"": 4.0}, {""element"": ""Ta"", ""value"": 5.0}, {""element"": ""O"", ""value"": -2.0}]",2.2693684210526315,3.44,1.0738297872340428,1.2005,-2.366170212765957,-2.2395,2.46,110.51263157894736,138.2,82.23617021276596,102.13,-36.06999999999999,-55.96382978723403,0.7390014471780029,0.5950518828709549,88473028011.88731,28978758058.690765,149233133496.00293,182818871891.2669,5.149742207508018,120254375437.31216,0.0241285935960683,0.0367021949507605,0.0,0.2105263157894736,0.5052631578947369,0.2842105263157894,0.00063,13231.24298245614,7.638297872340425,91.19117647058823,59.89361702127659,0.8237197315118312,180389295056.17178,339138.79000000004,19.33669903280714
2wb,Li52.8La24.0Zr12.8Ta3.2O96.0,"[{""element"": ""Li"", ""value"": 1.0}, {""element"": ""La"", ""value"": 3.0}, {""element"": ""Zr"", ""value"": 4.0}, {""element"": ""Ta"", ""value"": 5.0}, {""element"": ""O"", ""value"": -2.0}]",2.27864406779661,3.44,1.0772413793103448,1.2056,-2.362758620689655,-2.2344,2.46,110.72881355932202,138.2,82.31034482758622,101.86,-36.33999999999999,-55.88965517241377,0.7370477568740955,0.5955886022256601,89895805287.52286,28978758058.690765,152913440351.83194,190610834054.67325,5.276742365636784,123934682293.14116,0.0245229319014365,0.0373376464557772,0.0,0.211864406779661,0.5084745762711864,0.2796610169491525,0.00047,13277.971751412428,7.8793103448275845,91.09411764705882,61.120689655172406,0.8731726364245317,268550006229.48425,413493.07840000006,19.547940637156557
zfg,Li52.4La24.0Zr12.4Ta3.6O96.0,"[{""element"": ""Li"", ""value"": 1.0}, {""element"": ""La"", ""value"": 3.0}, {""element"": ""Zr"", ""value"": 4.0}, {""element"": ""Ta"", ""value"": 5.0}, {""element"": ""O"", ""value"": -2.0}]",2.2817622080679407,3.44,1.0783982683982685,1.2073,-2.3616017316017315,-2.2327,2.46,110.80148619957536,138.2,82.33549783549782,101.77,-36.42999999999999,-55.86450216450217,0.7363965267727931,0.5957706066244416,90374092057.46404,28978758058.690765,154161452056.1895,193208154775.80865,5.319808797325471,125182693997.49876,0.0246566541262006,0.0375494636241161,0.0,0.2123142250530785,0.5095541401273885,0.2781316348195329,0.0004,13293.680290162773,7.961038961038961,91.06176470588235,61.53679653679654,0.8862772033041759,296287956466.8635,437737.7436000001,19.619469524862293
6hq,Li48.0La24.0Zr8.0Ta8.0O96.0,"[{""element"": ""Li"", ""value"": 1.0}, {""element"": ""La"", ""value"": 3.0}, {""element"": ""Zr"", ""value"": 4.0}, {""element"": ""Ta"", ""value"": 5.0}, {""element"": ""O"", ""value"": -2.0}]",2.3169565217391304,3.44,1.0918181818181818,1.2260000000000002,-2.348181818181818,-2.2139999999999995,2.46,111.62173913043478,138.2,82.62727272727273,100.78,-37.41999999999999,-55.57272727272726,0.7292329956584661,0.5978818576503092,95772494034.71317,28978758058.690765,168638387826.7376,221778682708.2984,5.81937940491424,139659629768.04684,0.0262078319334644,0.0398794524758441,0.0,0.217391304347826,0.5217391304347826,0.2608695652173913,0.00035,13470.98188405797,8.909090909090908,90.70588235294119,66.36363636363636,0.9502705392332347,546989944005.114,686605.8400000001,20.445191652913408
hcm,Li40.0La24.0Ta16.0O96.0,"[{""element"": ""Li"", ""value"": 1.0}, {""element"": ""La"", ""value"": 3.0}, {""element"": ""Ta"", ""value"": 5.0}, {""element"": ""O"", ""value"": -2.0}]",2.3854545454545457,3.44,1.12,1.2600000000000002,-2.32,-2.18,2.46,113.2181818181818,138.2,83.24,98.98,-39.22,-54.96,0.7162083936324167,0.6023154848046309,106279301188.78072,28978758058.690765,199039952944.88867,273725097131.007,6.868477680850658,170061194886.1979,0.0294653053287185,0.0441157958426222,0.0,0.2272727272727272,0.5454545454545454,0.2272727272727272,3.4e-05,13816.060606060604,10.9,90.05882352941177,76.5,0.6730116670092565,747223949035.1819,1055378.1600000001,22.15324015262341
g5q,Li52.0La24.0Zr12.0Ta4.0O96.0,"[{""element"": ""Li"", ""value"": 1.0}, {""element"": ""La"", ""value"": 3.0}, {""element"": ""Zr"", ""value"": 4.0}, {""element"": ""Ta"", ""value"": 5.0}, {""element"": ""O"", ""value"": -2.0}]",2.2848936170212766,3.44,1.0795652173913042,1.209,-2.360434782608696,-2.231,2.46,110.87446808510636,138.2,82.36086956521739,101.68,-36.52,-55.83913043478261,0.7357452966714906,0.5959541936701692,90854414090.25604,28978758058.690765,155420316036.23718,195805475496.9441,5.363249719724495,126441557977.54642,0.0247915391529192,0.037761280792455,0.0,0.2127659574468085,0.5106382978723404,0.2765957446808511,0.00028,13309.455673758863,8.043478260869566,91.02941176470588,61.95652173913044,0.8979457248567797,323201429960.7137,461712.36000000004,19.691566200277112
4ie,Li48.4Ga2.0La24.0Zr16.0O94.4F1.6,"[{""element"": ""Li"", ""value"": 1.0}, {""element"": ""Ga"", ""value"": 3.0}, {""element"": ""La"", ""value"": 3.0}, {""element"": ""Zr"", ""value"": 4.0}, {""element"": ""O"", ""value"": -2.0}, {""element"": ""F"", ""value"": -1.0}]",2.305987124463519,3.449,1.0921681415929203,1.2214285714285715,-2.3568318584070798,-2.2275714285714283,3.0,111.23540772532188,138.07375,82.73451327433628,100.29047619047618,-37.783273809523806,-55.33923672566371,0.7263544025600536,0.5992052310764087,91162306236.0146,28781764078.30429,157407129766.32642,195495994927.4149,5.468988257220134,128625365688.02213,0.0249209418641475,0.0365670501781405,0.0085836909871244,0.2253218884120171,0.5064377682403434,0.259656652360515,0.00128,13378.484483190272,7.920353982300884,91.85217391304349,62.16371681415929,0.8324075743474854,21179186414268.51,272291.04435827665,20.09905164161093
5d6,Li54.4La24.0Zr15.2Mo0.8O96.0,"[{""element"": ""Li"", ""value"": 1.0}, {""element"": ""La"", ""value"": 3.0}, {""element"": ""Zr"", ""value"": 4.0}, {""element"": ""O"", ""value"": -2.0}, {""element"": ""Mo"", ""value"": 6.0}]",2.2683613445378152,3.44,1.0768644067796609,1.2086,-2.3631355932203397,-2.2314,2.46,110.39915966386556,138.2,82.12711864406778,102.02,-36.17999999999999,-56.07288135593221,0.738205499276411,0.5942627977139492,92178913939.79364,28978758058.690765,156450258903.62708,200100071100.63223,5.3987910243347175,127471500844.93633,0.0242227187421919,0.0370174680834249,0.0,0.2100840336134453,0.5042016806722689,0.2857142857142857,8e-05,13211.85644257703,7.398305084745763,91.26470588235296,58.584745762711876,0.7524177643476055,496797205294.94305,238608.4704,19.160864894625853
ciq,Li52.8La24.0Zr14.4Mo1.6O96.0,"[{""element"": ""Li"", ""value"": 1.0}, {""element"": ""La"", ""value"": 3.0}, {""element"": ""Zr"", ""value"": 4.0}, {""element"": ""O"", ""value"": -2.0}, {""element"": ""Mo"", ""value"": 6.0}]",2.282796610169492,3.44,1.085689655172414,1.2252000000000005,-2.354310344827586,-2.2147999999999994,2.46,110.64406779661016,138.2,82.13793103448276,101.46,-36.74,-56.06206896551723,0.7341534008683068,0.5943410349817856,98318906952.98927,28978758058.690765,170050095464.33258,230367873915.6747,5.868094661611433,141071337405.6418,0.0249773200919566,0.0383918270577839,0.0,0.211864406779661,0.5084745762711864,0.2796610169491525,0.000311,13270.022598870055,7.551724137931036,91.1764705882353,59.275862068965516,0.8030448563658358,958291146036.6031,266931.0816,19.330589341170658
suz,Li51.2La24.0Zr13.6Mo2.4O96.0,"[{""element"": ""Li"", ""value"": 1.0}, {""element"": ""La"", ""value"": 3.0}, {""element"": ""Zr"", ""value"": 4.0}, {""element"": ""O"", ""value"": -2.0}, {""element"": ""Mo"", ""value"": 6.0}]",2.297478632478633,3.44,1.0948245614035088,1.2418,-2.345175438596491,-2.1982,2.46,110.89316239316238,138.2,82.14912280701755,100.9,-37.29999999999998,-56.05087719298244,0.7301013024602027,0.5944220174169143,104563857111.70964,28978758058.690765,184127119272.78214,260635676730.7172,6.35386509317856,155148361214.09137,0.0257583986820639,0.0397661860321428,0.0,0.2136752136752137,0.5128205128205129,0.2735042735042735,0.000369,13329.18304843305,7.710526315789474,91.08823529411765,59.99122807017544,0.8420953021316527,1401447063788.3826,294781.83359999995,19.504757303316136
1tk,Li49.6La24.0Zr12.8Mo3.2O96.0,"[{""element"": ""Li"", ""value"": 1.0}, {""element"": ""La"", ""value"": 3.0}, {""element"": ""Zr"", ""value"": 4.0}, {""element"": ""O"", ""value"": -2.0}, {""element"": ""Mo"", ""value"": 6.0}]",2.3124137931034485,3.44,1.1042857142857143,1.2584000000000002,-2.3357142857142854,-2.1815999999999995,2.46,111.14655172413794,138.2,82.16071428571429,100.34,-37.85999999999999,-56.0392857142857,0.7260492040520985,0.594505892081869,110916478824.89069,28978758058.690765,198706893931.53348,290903479545.75964,6.856984468730227,169728135872.8427,0.0265673729361036,0.0411405450065018,0.0,0.2155172413793103,0.5172413793103449,0.2672413793103448,0.00034,13389.363505747126,7.875,91.0,60.73214285714287,0.8731726364245317,1826264958550.2815,322160.72640000004,19.68353830927874
9o6,Li52.0La24.0Zr14.0Mo2.0O96.0,"[{""element"": ""Li"", ""value"": 1.0}, {""element"": ""La"", ""value"": 3.0}, {""element"": ""Zr"", ""value"": 4.0}, {""element"": ""O"", ""value"": -2.0}, {""element"": ""Mo"", ""value"": 6.0}]",2.290106382978724,3.44,1.090217391304348,1.2335,-2.349782608695652,-2.2065,2.46,110.76808510638296,138.2,82.14347826086956,101.18,-37.02,-56.05652173913043,0.7321273516642547,0.5943811741018058,101428094904.3522,28978758058.690765,177027402917.21628,245501775323.19595,6.108867832040357,148048644858.5255,0.0253644633931402,0.0390790065449633,0.0,0.2127659574468085,0.5106382978723404,0.2765957446808511,0.000333,13299.476950354607,7.630434782608696,91.13235294117648,59.6304347826087,0.8237197315118312,1182161357786.228,280915.44,19.41710747968583
r07,Li54.0La24.0Zr15.0Te1.0O96.0,"[{""element"": ""Li"", ""value"": 1.0}, {""element"": ""La"", ""value"": 3.0}, {""element"": ""Zr"", ""value"": 4.0}, {""element"": ""O"", ""value"": -2.0}, {""element"": ""Te"", ""value"": 6.0}]",2.2716315789473684,3.44,1.078404255319149,1.2112500000000002,-2.3615957446808507,-2.22875,2.46,110.4915789473684,138.2,82.1936170212766,102.03,-36.16999999999999,-56.006382978723394,0.7382778581765558,0.5947439726575731,90919473451.81888,28978758058.690765,154178076406.5029,194439487730.94183,5.32038247098946,125199318347.81212,0.0242721826619515,0.0370396292555861,0.0,0.2105263157894736,0.5052631578947369,0.2842105263157894,0.00033,13229.65350877193,7.48936170212766,91.28676470588235,58.95744680851064,0.7665283304918402,13261148220981.182,218534.36306775,19.231732294047895
uht,Li52.0La24.0Zr14.0Te2.0O96.0,"[{""element"": ""Li"", ""value"": 1.0}, {""element"": ""La"", ""value"": 3.0}, {""element"": ""Zr"", ""value"": 4.0}, {""element"": ""O"", ""value"": -2.0}, {""element"": ""Te"", ""value"": 6.0}]",2.289468085106383,3.44,1.088913043478261,1.2305,-2.3510869565217387,-2.2095,2.46,110.831914893617,138.2,82.27391304347826,101.48,-36.72,-55.92608695652173,0.7342981186685962,0.5953249858428239,95799357000.756,28978758058.690765,165525199375.08493,219046707176.29388,5.711949388577876,136546441316.39417,0.0250849602875502,0.0384361494021062,0.0,0.2127659574468085,0.5106382978723404,0.2765957446808511,0.00102,13306.242907801416,7.739130434782609,91.22058823529412,60.04347826086957,0.8237197315118312,25816540596175.71,224786.000491,19.47610458398468
kbq,Li40.0La24.0Bi16.0O96.0,"[{""element"": ""Li"", ""value"": 1.0}, {""element"": ""La"", ""value"": 3.0}, {""element"": ""O"", ""value"": -2.0}, {""element"": ""Bi"", ""value"": 5.0}]",2.421818181818182,3.44,1.2,1.42,-2.24,-2.02,2.46,113.85454545454544,138.2,84.64,101.78,-36.41999999999999,-53.55999999999999,0.7364688856729379,0.6124457308248915,92962628282.7005,28978758058.690765,169743272551.5122,215131736344.2541,5.857506805768924,140764514492.82144,0.0281304464423722,0.0414460780699296,0.0,0.2272727272727272,0.5454545454545454,0.2272727272727272,1.9e-05,13908.333333333332,12.3,92.05882352941177,76.5,0.6730116670092565,103458999443646.92,100963.6704,22.445216876788955
uw9,Li48.0La16.0Sr8.0Bi16.0O96.0,"[{""element"": ""Li"", ""value"": 1.0}, {""element"": ""La"", ""value"": 3.0}, {""element"": ""Sr"", ""value"": 2.0}, {""element"": ""O"", ""value"": -2.0}, {""element"": ""Bi"", ""value"": 5.0}]",2.3526086956521737,3.44,1.1663636363636365,1.39,-2.2736363636363635,-2.05,2.49,112.28985507246377,138.2,84.02424242424242,103.85333333333332,-34.346666666666664,-54.17575757575757,0.751471297636276,0.6079901767311319,92902030540.39072,28978758058.690765,162636509611.33612,208574550634.41504,5.612266380841716,133657751552.64536,0.0260332771912637,0.0394954320430024,0.0,0.217391304347826,0.5217391304347826,0.2608695652173913,2e-05,13613.635942028983,10.181818181818183,93.3529411764706,66.36363636363637,1.0549201679861442,127169157215328.83,89395.54240000002,20.90557706173926
xog,Li40.0La24.0Sb16.0O96.0,"[{""element"": ""Li"", ""value"": 1.0}, {""element"": ""La"", ""value"": 3.0}, {""element"": ""O"", ""value"": -2.0}, {""element"": ""Sb"", ""value"": 5.0}]",2.435454545454545,3.44,1.23,1.48,-2.21,-1.96,2.46,112.4,138.2,81.44,95.38,-42.81999999999999,-56.75999999999999,0.6901591895803184,0.5892908827785818,133842997914.97076,28978758058.690765,259680085742.5068,395005362726.2432,8.961049511389547,230701327683.816,0.0316392183721968,0.0484636219295787,0.0,0.2272727272727272,0.5454545454545454,0.2272727272727272,7.8e-06,13710.51515151515,10.3,90.76470588235296,67.69999999999999,0.6730116670092565,118834483689803.34,20075.570016000005,21.369602805983842
bi3,Li48.0Sr8.0La16.0Sb16.0O96.0,"[{""element"": ""Li"", ""value"": 1.0}, {""element"": ""Sr"", ""value"": 2.0}, {""element"": ""La"", ""value"": 3.0}, {""element"": ""O"", ""value"": -2.0}, {""element"": ""Sb"", ""value"": 5.0}]",2.365652173913044,3.44,1.1936363636363636,1.45,-2.246363636363636,-1.99,2.49,110.89855072463769,138.2,81.11515151515151,97.45333333333332,-40.746666666666655,-57.08484848484848,0.7051616015436566,0.5869403148708503,132004992797.34488,28978758058.690765,244397248875.87665,388448177016.4042,8.433668840496829,215418490817.18588,0.0292230698547406,0.0465129759026516,0.0,0.217391304347826,0.5217391304347826,0.2608695652173913,6.3e-06,13424.418550724635,8.363636363636363,92.05882352941177,58.363636363636374,1.0549201679861442,143883288204992.12,16730.056416000007,19.94628776330669
gcj,Li48.0La16.0Ca8.0Nb16.0O96.0,"[{""element"": ""Li"", ""value"": 1.0}, {""element"": ""La"", ""value"": 3.0}, {""element"": ""Ca"", ""value"": 2.0}, {""element"": ""Nb"", ""value"": 5.0}, {""element"": ""O"", ""value"": -2.0}]",2.3286956521739133,3.44,1.1163636363636364,1.28,-2.3236363636363637,-2.16,2.46,110.34057971014492,138.2,79.94848484848484,94.88666666666666,-43.31333333333333,-58.25151515151515,0.6865894838398456,0.5784984431872999,120234052549.47748,28978758058.690765,219785282903.063,334301851876.2142,7.584358255033953,190806524844.37225,0.0285940502873597,0.0451291328544136,0.0,0.217391304347826,0.5217391304347826,0.2608695652173913,1.33e-06,13254.071328502414,6.363636363636363,90.3529411764706,51.63636363636364,1.0549201679861442,24972109872925.39,602224.56,18.83123493572737
20k,Li48.0La16.0Sr8.0Nb16.0O96.0,"[{""element"": ""Li"", ""value"": 1.0}, {""element"": ""La"", ""value"": 3.0}, {""element"": ""Sr"", ""value"": 2.0}, {""element"": ""Nb"", ""value"": 5.0}, {""element"": ""O"", ""value"": -2.0}]",2.326521739130435,3.44,1.1118181818181818,1.27,-2.328181818181818,-2.17,2.49,111.2246376811594,138.2,81.7969696969697,98.95333333333332,-39.246666666666655,-56.40303030303029,0.7160154365653643,0.5918738762443538,119203293913.90234,28978758058.690765,217630060301.40588,329560362152.5685,7.509985757865781,188651302242.71512,0.0283318042575926,0.0445521915889261,0.0,0.217391304347826,0.5217391304347826,0.2608695652173913,3.69e-06,13464.7718115942,7.272727272727273,91.3529411764706,54.909090909090914,1.0549201679861442,13644702540294.99,620715.76,19.48265972550451
jej,Li48.0Ca8.0La16.0Ta16.0O96.0,"[{""element"": ""Li"", ""value"": 1.0}, {""element"": ""Ca"", ""value"": 2.0}, {""element"": ""La"", ""value"": 3.0}, {""element"": ""Ta"", ""value"": 5.0}, {""element"": ""O"", ""value"": -2.0}]",2.32,3.44,1.098181818181818,1.24,-2.341818181818182,-2.2,2.46,110.79710144927536,138.2,80.90303030303029,96.98666666666664,-41.21333333333334,-57.2969696969697,0.7017848528702363,0.5854054291102048,106670476303.52084,28978758058.690765,191425078025.15363,271909401144.8136,6.605703309902372,162446319966.46286,0.0275090312995274,0.0427420910811826,0.0,0.217391304347826,0.5217391304347826,0.2608695652173913,2.2e-06,13314.674589371978,8.0,90.3529411764706,63.09090909090909,1.0549201679861442,2697479748415.537,1082522.1600000001,19.95507695188962
hud,Li48.0Ba8.0La16.0Ta16.0O96.0,"[{""element"": ""Li"", ""value"": 1.0}, {""element"": ""Ba"", ""value"": 2.0}, {""element"": ""La"", ""value"": 3.0}, {""element"": ""Ta"", ""value"": 5.0}, {""element"": ""O"", ""value"": -2.0}]",2.315217391304348,3.44,1.088181818181818,1.218,-2.3518181818181816,-2.222,2.55,112.4679089026915,138.2,84.3965367965368,104.67238095238096,-33.52761904761904,-53.8034632034632,0.7573978361243195,0.6106840578620608,105140308782.3459,28978758058.690765,188225636844.51517,264870630547.40887,6.495296881367421,159246878785.82437,0.027074237446769,0.041785544605114,0.0,0.217391304347826,0.5217391304347826,0.2608695652173913,1.3e-05,13743.11735778369,9.818181818181818,91.76470588235296,70.36363636363637,1.0549201679861442,92429088954383.39,1126093.36,21.052697487248132
4uu,Li49.2La24.0Zr14.0Ta2.0Ga1.6O96.0,"[{""element"": ""Li"", ""value"": 1.0}, {""element"": ""La"", ""value"": 3.0}, {""element"": ""Zr"", ""value"": 4.0}, {""element"": ""Ta"", ""value"": 5.0}, {""element"": ""Ga"", ""value"": 3.0}, {""element"": ""O"", ""value"": -2.0}]",2.298565310492505,3.44,1.091762114537445,1.2239423076923075,-2.348237885462555,-2.216057692307692,2.46,111.13811563169163,138.2,82.52643171806167,100.2980769230769,-37.90192307692308,-55.67356828193832,0.7257458532784147,0.5971521831987097,92864052915.62505,28978758058.690765,160407976993.44104,203047781732.5227,5.535364099060639,131429218934.75027,0.0251657497953163,0.0374077209741786,0.0,0.2226980728051391,0.5139186295503212,0.2633832976445396,0.00041,13366.266416845108,8.083700440528634,91.5843023255814,62.65638766519824,0.9550618328711267,17269202300545.566,390746.8541457101,20.071823579338453
sdz,Li49.2La24.0Zr14.0Ta2.0Al1.6O96.0,"[{""element"": ""Li"", ""value"": 1.0}, {""element"": ""La"", ""value"": 3.0}, {""element"": ""Zr"", ""value"": 4.0}, {""element"": ""Ta"", ""value"": 5.0}, {""element"": ""Al"", ""value"": 3.0}, {""element"": ""O"", ""value"": -2.0}]",2.2968522483940044,3.44,1.0882378854625552,1.21625,-2.3517621145374448,-2.22375,2.46,111.06745182012844,138.2,82.38105726872247,99.98076923076924,-38.21923076923076,-55.81894273127752,0.7234498497161305,0.5961002696723768,96726730674.0947,28978758058.690765,168354543130.90942,220392690513.3431,5.809584482190039,139375785072.21866,0.0253387717037785,0.0377853745628414,0.0,0.2226980728051391,0.5139186295503212,0.2633832976445396,0.00037,13359.14703783012,7.9074889867841405,91.5843023255814,62.16299559471366,0.9550618328711267,18139467644435.906,343785.52503328404,19.90926711820423
7w5,Li54.0La24.0Zr14.0Ta2.0O96.0,"[{""element"": ""Li"", ""value"": 1.0}, {""element"": ""La"", ""value"": 3.0}, {""element"": ""Zr"", ""value"": 4.0}, {""element"": ""Ta"", ""value"": 5.0}, {""element"": ""O"", ""value"": -2.0}]",2.2693684210526315,3.44,1.0738297872340428,1.2005,-2.366170212765957,-2.2395,2.46,110.51263157894736,138.2,82.23617021276596,102.13,-36.06999999999999,-55.96382978723403,0.7390014471780029,0.5950518828709549,88473028011.88731,28978758058.690765,149233133496.00293,182818871891.2669,5.149742207508018,120254375437.31216,0.0241285935960683,0.0367021949507605,0.0,0.2105263157894736,0.5052631578947369,0.2842105263157894,0.00087,13231.24298245614,7.638297872340425,91.19117647058823,59.89361702127659,0.8237197315118312,180389295056.17178,339138.79000000004,19.33669903280714
etz,Li56.0La24.0Zr16.0O96.0,"[{""element"": ""Li"", ""value"": 1.0}, {""element"": ""La"", ""value"": 3.0}, {""element"": ""Zr"", ""value"": 4.0}, {""element"": ""O"", ""value"": -2.0}]",2.254166666666667,3.44,1.0683333333333334,1.1920000000000002,-2.3716666666666666,-2.248,2.46,110.15833333333332,138.2,82.11666666666666,102.58,-35.61999999999999,-56.08333333333333,0.7422575976845153,0.594187168355041,86141254143.4846,28978758058.690765,143303750228.27844,169832268285.58978,4.945130841633894,114324992169.58768,0.0234932707707527,0.0356431091090659,0.0,0.2083333333333333,0.5,0.2916666666666667,1.97e-06,13154.65972222222,7.25,91.3529411764706,57.916666666666664,0.6730116670092565,16965241563.40223,209814.0,18.995422409020712
ner,Li48.0Ba8.0La16.0Ta16.0O96.0,"[{""element"": ""Li"", ""value"": 1.0}, {""element"": ""Ba"", ""value"": 2.0}, {""element"": ""La"", ""value"": 3.0}, {""element"": ""Ta"", ""value"": 5.0}, {""element"": ""O"", ""value"": -2.0}]",2.315217391304348,3.44,1.088181818181818,1.218,-2.3518181818181816,-2.222,2.55,112.4679089026915,138.2,84.3965367965368,104.67238095238096,-33.52761904761904,-53.8034632034632,0.7573978361243195,0.6106840578620608,105140308782.3459,28978758058.690765,188225636844.51517,264870630547.40887,6.495296881367421,159246878785.82437,0.027074237446769,0.041785544605114,0.0,0.217391304347826,0.5217391304347826,0.2608695652173913,1.69e-05,13743.11735778369,9.818181818181818,91.76470588235296,70.36363636363637,1.0549201679861442,92429088954383.39,1126093.36,21.052697487248132
z2s,Nd24.0Zr16.0Al4.0Li44.0O96.0,"[{""element"": ""Nd"", ""value"": 3.0}, {""element"": ""Zr"", ""value"": 4.0}, {""element"": ""Al"", ""value"": 3.0}, {""element"": ""Li"", ""value"": 1.0}, {""element"": ""O"", ""value"": -2.0}]",2.328478260869565,3.44,1.1159090909090907,1.2518181818181815,-2.324090909090909,-2.1881818181818184,2.46,110.49891304347824,138.2,80.27954545454546,93.05909090909093,-45.14090909090908,-57.92045454545453,0.6733653466649125,0.5808939613208789,109072157464.7373,28978758058.690765,196446774998.60623,268538741238.44217,6.778992205281607,167468016939.9155,0.0270574735858775,0.0393001323569402,0.0,0.2391304347826087,0.5217391304347826,0.2391304347826087,3.9e-05,13234.09635869565,7.636363636363636,93.17142857142858,63.590909090909086,0.9164648855394713,40632956376640.99,190694.1822231405,20.54058046648674
72f,Li50.08Al1.92La24.0Zr16.0O96.0,"[{""element"": ""Li"", ""value"": 1.0}, {""element"": ""Al"", ""value"": 3.0}, {""element"": ""La"", ""value"": 3.0}, {""element"": ""Zr"", ""value"": 4.0}, {""element"": ""O"", ""value"": -2.0}]",2.2877106382978725,3.44,1.0853217391304348,1.2111450381679392,-2.354678260869565,-2.2288549618320608,2.46,110.84893617021277,138.2,82.30869565217391,100.0,-38.19999999999999,-55.89130434782608,0.7235890014471781,0.595576668973762,95902327592.2468,28978758058.690765,165735617540.30527,215171469252.59705,5.719210506007208,136756859481.6145,0.0249151177264033,0.0369815101360491,0.0,0.2229787234042553,0.5106382978723404,0.2663829787234043,0.00021,13312.91843971631,7.565217391304349,91.82134570765662,60.606956521739136,0.8281491124988698,21443545148988.555,217745.14571848963,19.677664823215224
j5g,Li48.0La24.0Nb12.0Y4.0O96.0,"[{""element"": ""Li"", ""value"": 1.0}, {""element"": ""La"", ""value"": 3.0}, {""element"": ""Nb"", ""value"": 5.0}, {""element"": ""Y"", ""value"": 3.0}, {""element"": ""O"", ""value"": -2.0}]",2.324782608695652,3.44,1.1081818181818182,1.2620000000000002,-2.331818181818182,-2.178,2.46,111.47391304347823,138.2,82.31818181818181,100.1,-38.1,-55.881818181818176,0.7243125904486252,0.5956453098276543,107407150186.7541,28978758058.690765,192965396144.6414,275298101007.68665,6.658856661621868,163986638085.95062,0.0270745939050218,0.0417863288132702,0.0,0.217391304347826,0.5217391304347826,0.2608695652173913,0.000188,13464.64688405797,8.136363636363638,90.88235294117648,59.77272727272727,0.8979457248567797,13263168450550.336,485531.01,19.857903576284087
dvb,Li41.6La24.0Nb15.2Y0.8O96.0,"[{""element"": ""Li"", ""value"": 1.0}, {""element"": ""La"", ""value"": 3.0}, {""element"": ""Nb"", ""value"": 5.0}, {""element"": ""Y"", ""value"": 3.0}, {""element"": ""O"", ""value"": -2.0}]",2.38009009009009,3.44,1.133137254901961,1.2924,-2.306862745098039,-2.1476,2.46,112.47837837837838,138.2,82.21764705882353,97.524,-40.67599999999999,-55.98235294117646,0.705672937771346,0.5949178513663064,117754882644.469,28978758058.690765,222197382157.1493,323953658491.4634,7.667595060738362,193218624098.45856,0.0298857565013451,0.0455595358553366,0.0,0.2252252252252252,0.5405405405405406,0.2342342342342342,6.39e-05,13693.01542042042,8.892156862745098,90.2235294117647,63.009803921568626,0.7524177643476055,15429997157737.092,564009.0516,20.640902155826602
cti,Li43.2La24.0Nb14.4Y1.6O96.0,"[{""element"": ""Li"", ""value"": 1.0}, {""element"": ""La"", ""value"": 3.0}, {""element"": ""Nb"", ""value"": 5.0}, {""element"": ""Y"", ""value"": 3.0}, {""element"": ""O"", ""value"": -2.0}]",2.365892857142857,3.44,1.1265384615384617,1.2848000000000002,-2.3134615384615382,-2.1552,2.46,112.22053571428572,138.2,82.24423076923075,98.168,-40.032,-55.95576923076924,0.7103328509406657,0.5951102081709896,115098656678.76096,28978758058.690765,214467770471.14963,311789769120.5192,7.40086134943352,185489012412.4589,0.0291424202378942,0.04461623409482,0.0,0.2232142857142857,0.5357142857142857,0.2410714285714286,6.74e-05,13634.394032738093,8.692307692307692,90.38823529411766,62.15384615384614,0.8030448563658358,14922422591207.016,545474.8224000001,20.43701140935167
2d1,Li44.0La24.0Nb14.0Y2.0O96.0,"[{""element"": ""Li"", ""value"": 1.0}, {""element"": ""La"", ""value"": 3.0}, {""element"": ""Nb"", ""value"": 5.0}, {""element"": ""Y"", ""value"": 3.0}, {""element"": ""O"", ""value"": -2.0}]",2.358888888888889,3.44,1.1233333333333333,1.281,-2.3166666666666664,-2.159,2.46,112.09333333333332,138.2,82.25714285714285,98.49,-39.71,-55.942857142857136,0.7126628075253256,0.5952036386189787,113788251869.0116,28978758058.690765,210713387652.23544,305707824435.04706,7.271304975371167,181734629593.54468,0.0287813711956467,0.0441445832145617,0.0,0.2222222222222222,0.5333333333333333,0.2444444444444444,9.18e-05,13605.474148148147,8.595238095238095,90.47058823529412,61.738095238095234,0.8237197315118312,14660102155375.322,535936.3875,20.337168429910673
sqm,Li48.0Ba4.0Sr4.0La16.0Ta16.0O96.0,"[{""element"": ""Li"", ""value"": 1.0}, {""element"": ""Ba"", ""value"": 2.0}, {""element"": ""Sr"", ""value"": 2.0}, {""element"": ""La"", ""value"": 3.0}, {""element"": ""Ta"", ""value"": 5.0}, {""element"": ""O"", ""value"": -2.0}]",2.316521739130435,3.44,1.0909090909090908,1.224,-2.349090909090909,-2.216,2.55,112.07453416149066,138.2,83.57402597402597,102.86285714285714,-35.33714285714285,-54.62597402597402,0.7443043208600373,0.6047324600146597,105390013225.1458,28978758058.690765,188747746134.00583,266019270984.2884,6.513313847050811,159768988075.31506,0.0271605113582647,0.0419753472104045,0.0,0.217391304347826,0.5217391304347826,0.2608695652173913,7.1e-06,13634.246215123729,9.363636363636363,91.55882352941177,68.36363636363637,1.1935496040981333,52952085101392.625,1116386.36,20.848043298803283
zxr,Li48.0Sr8.0La16.0Ta16.0O96.0,"[{""element"": ""Li"", ""value"": 1.0}, {""element"": ""Sr"", ""value"": 2.0}, {""element"": ""La"", ""value"": 3.0}, {""element"": ""Ta"", ""value"": 5.0}, {""element"": ""O"", ""value"": -2.0}]",2.3178260869565217,3.44,1.0936363636363635,1.23,-2.346363636363636,-2.21,2.49,111.68115942028984,138.2,82.75151515151515,101.05333333333331,-37.14666666666666,-55.44848484848484,0.7312108055957549,0.5987808621672588,105639717667.9457,28978758058.690765,189269855423.49652,267167911421.1679,6.531330812734201,160291097364.8058,0.0272467852697603,0.042165149815695,0.0,0.217391304347826,0.5217391304347826,0.2608695652173913,5.4e-06,13525.375072463765,8.90909090909091,91.3529411764706,66.36363636363637,1.0549201679861442,7382102695578.573,1106629.36,20.645378562630448
h89,Li48.0Ba8.0La16.0Ta16.0O96.0,"[{""element"": ""Li"", ""value"": 1.0}, {""element"": ""Ba"", ""value"": 2.0}, {""element"": ""La"", ""value"": 3.0}, {""element"": ""Ta"", ""value"": 5.0}, {""element"": ""O"", ""value"": -2.0}]",2.315217391304348,3.44,1.088181818181818,1.218,-2.3518181818181816,-2.222,2.55,112.4679089026915,138.2,84.3965367965368,104.67238095238096,-33.52761904761904,-53.8034632034632,0.7573978361243195,0.6106840578620608,105140308782.3459,28978758058.690765,188225636844.51517,264870630547.40887,6.495296881367421,159246878785.82437,0.027074237446769,0.041785544605114,0.0,0.217391304347826,0.5217391304347826,0.2608695652173913,1.5e-05,13743.11735778369,9.818181818181818,91.76470588235296,70.36363636363637,1.0549201679861442,92429088954383.39,1126093.36,21.052697487248132
l9r,Li48.0Ca8.0La16.0Ta16.0O96.0,"[{""element"": ""Li"", ""value"": 1.0}, {""element"": ""Ca"", ""value"": 2.0}, {""element"": ""La"", ""value"": 3.0}, {""element"": ""Ta"", ""value"": 5.0}, {""element"": ""O"", ""value"": -2.0}]",2.32,3.44,1.098181818181818,1.24,-2.341818181818182,-2.2,2.46,110.79710144927536,138.2,80.90303030303029,96.98666666666664,-41.21333333333334,-57.2969696969697,0.7017848528702363,0.5854054291102048,106670476303.52084,28978758058.690765,191425078025.15363,271909401144.8136,6.605703309902372,162446319966.46286,0.0275090312995274,0.0427420910811826,0.0,0.217391304347826,0.5217391304347826,0.2608695652173913,2.2e-06,13314.674589371978,8.0,90.3529411764706,63.09090909090909,1.0549201679861442,2697479748415.537,1082522.1600000001,19.95507695188962
544,Li48.0Ba8.0La16.0Ta16.0O96.0,"[{""element"": ""Li"", ""value"": 1.0}, {""element"": ""Ba"", ""value"": 2.0}, {""element"": ""La"", ""value"": 3.0}, {""element"": ""Ta"", ""value"": 5.0}, {""element"": ""O"", ""value"": -2.0}]",2.315217391304348,3.44,1.088181818181818,1.218,-2.3518181818181816,-2.222,2.55,112.4679089026915,138.2,84.3965367965368,104.67238095238096,-33.52761904761904,-53.8034632034632,0.7573978361243195,0.6106840578620608,105140308782.3459,28978758058.690765,188225636844.51517,264870630547.40887,6.495296881367421,159246878785.82437,0.027074237446769,0.041785544605114,0.0,0.217391304347826,0.5217391304347826,0.2608695652173913,4e-05,13743.11735778369,9.818181818181818,91.76470588235296,70.36363636363637,1.0549201679861442,92429088954383.39,1126093.36,21.052697487248132
wa3,Li51.2Al1.6La24Zr16O96,"[{""element"": ""Li"", ""value"": 1.0}, {""element"": ""Al"", ""value"": 3.0}, {""element"": ""La"", ""value"": 3.0}, {""element"": ""Zr"", ""value"": 4.0}, {""element"": ""O"", ""value"": -2.0}]",2.2811016949152543,3.44,1.0822413793103447,1.208076923076923,-2.3577586206896552,-2.231923076923077,2.46,110.70127118644066,138.2,82.25431034482757,100.41346153846152,-37.786538461538456,-55.945689655172416,0.7265807636647,0.5951831428714007,94268001923.7889,28978758058.690765,161808599025.61453,207905571661.73047,5.583696813296936,132829840966.92377,0.0246554597700963,0.0367670227919812,0.0,0.2203389830508474,0.5084745762711864,0.2711864406779661,0.000254,13279.910840395478,7.499999999999999,91.74418604651163,60.068965517241374,0.8101502323878818,18148209796926.934,216587.4356841716,19.545940387626874
gz8,Li40.0La24.0Ta16.0O96.0,"[{""element"": ""Li"", ""value"": 1.0}, {""element"": ""La"", ""value"": 3.0}, {""element"": ""Ta"", ""value"": 5.0}, {""element"": ""O"", ""value"": -2.0}]",2.3854545454545457,3.44,1.12,1.2600000000000002,-2.32,-2.18,2.46,113.2181818181818,138.2,83.24,98.98,-39.22,-54.96,0.7162083936324167,0.6023154848046309,106279301188.78072,28978758058.690765,199039952944.88867,273725097131.007,6.868477680850658,170061194886.1979,0.0294653053287185,0.0441157958426222,0.0,0.2272727272727272,0.5454545454545454,0.2272727272727272,1.59e-05,13816.060606060604,10.9,90.05882352941177,76.5,0.6730116670092565,747223949035.1819,1055378.1600000001,22.15324015262341
419,Li42.4La24.0Ta14.8Sm1.2O96.0,"[{""element"": ""Li"", ""value"": 1.0}, {""element"": ""La"", ""value"": 3.0}, {""element"": ""Ta"", ""value"": 5.0}, {""element"": ""Sm"", ""value"": 3.0}, {""element"": ""O"", ""value"": -2.0}]",2.3643273542600896,3.44,1.1111165048543687,1.2501000000000002,-2.3288834951456314,-2.1899,2.46,112.86937219730942,138.2,83.35796116504854,100.1674,-38.0326,-54.84203883495145,0.7248002894356005,0.6031690388209012,103209888914.06432,28978758058.690765,189692759813.52863,258950987931.5724,6.545924412265816,160714001754.83786,0.0283856642879716,0.0427707647295179,0.0,0.2242152466367712,0.5381165919282511,0.2376681614349775,7.11e-06,13738.766851718981,10.538834951456312,90.39411764705883,74.53398058252428,0.7795654523164246,8170654898241.007,1018632.2474999998,21.782906741765526
fam,Li47.2La24.0Ta12.4Sm3.6O96.0,"[{""element"": ""Li"", ""value"": 1.0}, {""element"": ""La"", ""value"": 3.0}, {""element"": ""Ta"", ""value"": 5.0}, {""element"": ""Sm"", ""value"": 3.0}, {""element"": ""O"", ""value"": -2.0}]",2.3237336244541487,3.44,1.0948165137614678,1.2303000000000002,-2.345183486238532,-2.2097,2.46,112.19917030567686,138.2,83.57440366972477,102.5422,-35.65779999999998,-54.625596330275215,0.7419840810419683,0.6047351929791952,97312328211.55246,28978758058.690765,172541946728.4644,229402769532.70337,5.954083552477116,143563188669.77362,0.0264046715526562,0.0400807025033092,0.0,0.2183406113537118,0.5240174672489083,0.2576419213973799,1.18e-05,13590.254834643376,9.876146788990827,91.06470588235295,70.92660550458717,0.8862772033041759,21438399442219.637,924712.0875000001,21.08863492046017
dae,Li48.8La24.0Ta11.6Sm4.4O96.0,"[{""element"": ""Li"", ""value"": 1.0}, {""element"": ""La"", ""value"": 3.0}, {""element"": ""Ta"", ""value"": 5.0}, {""element"": ""Sm"", ""value"": 3.0}, {""element"": ""O"", ""value"": -2.0}]",2.3106709956709954,3.44,1.0897747747747748,1.2236999999999998,-2.350225225225225,-2.2163000000000004,2.46,111.98350649350648,138.2,83.64135135135135,103.3338,-34.86619999999999,-54.55864864864864,0.7477120115774241,0.605219619040169,95414556152.8798,28978758058.690765,167237040579.03012,219553363399.74704,5.771021664914847,138258282520.33936,0.0257919320579491,0.039184015094573,0.0,0.2164502164502164,0.5194805194805194,0.264069264069264,1.4e-05,13542.46525339105,9.67117117117117,91.28823529411764,69.8108108108108,0.9082791779509328,25393094333343.47,887352.5275000001,20.869965979347505
9p1,Li56.0La24.0Zr16.0O96.0,"[{""element"": ""Li"", ""value"": 1.0}, {""element"": ""La"", ""value"": 3.0}, {""element"": ""Zr"", ""value"": 4.0}, {""element"": ""O"", ""value"": -2.0}]",2.254166666666667,3.44,1.0683333333333334,1.1920000000000002,-2.3716666666666666,-2.248,2.46,110.15833333333332,138.2,82.11666666666666,102.58,-35.61999999999999,-56.08333333333333,0.7422575976845153,0.594187168355041,86141254143.4846,28978758058.690765,143303750228.27844,169832268285.58978,4.945130841633894,114324992169.58768,0.0234932707707527,0.0356431091090659,0.0,0.2083333333333333,0.5,0.2916666666666667,0.000569,13154.65972222222,7.25,91.3529411764706,57.916666666666664,0.6730116670092565,16965241563.40223,209814.0,18.995422409020712
gkl,Li40.0La24.0Nb16.0O96.0,"[{""element"": ""Li"", ""value"": 1.0}, {""element"": ""La"", ""value"": 3.0}, {""element"": ""Nb"", ""value"": 5.0}, {""element"": ""O"", ""value"": -2.0}]",2.394545454545455,3.44,1.14,1.3,-2.3,-2.14,2.46,112.74090909090908,138.2,82.19,96.88,-41.31999999999999,-56.00999999999999,0.7010130246020261,0.5947178002894357,120459403627.7354,28978758058.690765,230236178310.58896,336117547862.4076,7.944998120495397,201257420251.8982,0.030658826215334,0.0465028376158532,0.0,0.2272727272727272,0.5454545454545454,0.2272727272727272,5.08e-06,13752.70265151515,9.1,90.05882352941177,63.89999999999999,0.6730116670092565,15914816650756.09,581819.76,20.85059007022923
ijh,Li40.0La24.0Nb15.6Y0.4O95.6,"[{""element"": ""Li"", ""value"": 1.0}, {""element"": ""La"", ""value"": 3.0}, {""element"": ""Nb"", ""value"": 5.0}, {""element"": ""Y"", ""value"": 3.0}, {""element"": ""O"", ""value"": -2.0}]",2.39129840546697,3.44,1.1381,1.2962,-2.3019,-2.1438,2.46,112.75626423690206,138.2,82.351,97.202,-40.99799999999999,-55.84899999999999,0.703342981186686,0.5958827785817656,119282378974.02658,28978758058.690765,227195205967.85287,330035603176.9355,7.840060140179704,198216447909.1621,0.0304230007752048,0.0460311867355949,0.0,0.2277904328018223,0.5444191343963554,0.2277904328018223,1.34e-05,13752.237509491266,9.084999999999999,90.22123893805309,63.995,0.719774406664269,15675251288435.475,573004.8459000001,20.86108053864352
8m3,Li40.0La24.0Nb14.8Y1.2O94.8,"[{""element"": ""Li"", ""value"": 1.0}, {""element"": ""La"", ""value"": 3.0}, {""element"": ""Nb"", ""value"": 5.0}, {""element"": ""Y"", ""value"": 3.0}, {""element"": ""O"", ""value"": -2.0}]",2.3847597254004573,3.44,1.1343,1.2886000000000002,-2.3057,-2.1514,2.46,112.78718535469103,138.2,82.673,97.846,-40.354,-55.52699999999999,0.7080028943560057,0.5982127351664255,116912169145.04774,28978758058.69076,221113261282.3808,317871713805.9913,7.630184179548325,192134503223.69003,0.0299513498949465,0.0450878849750783,0.0,0.22883295194508,0.5423340961098397,0.22883295194508,5.71e-06,13751.300839054156,9.055,90.54896142433233,64.185,0.7795654523164246,15179054258660.94,554832.3770999999,20.882221527825443
zyx,Li40.0La24.0Nb14.4Y1.6O94.4,"[{""element"": ""Li"", ""value"": 1.0}, {""element"": ""La"", ""value"": 3.0}, {""element"": ""Nb"", ""value"": 5.0}, {""element"": ""Y"", ""value"": 3.0}, {""element"": ""O"", ""value"": -2.0}]",2.3814678899082566,3.4399999999999995,1.1324,1.2848000000000002,-2.3075999999999994,-2.1552,2.46,112.80275229357795,138.2,82.83399999999999,98.168,-40.032,-55.366,0.7103328509406657,0.5993777134587553,115718909838.9449,28978758058.69076,218072288939.6448,311789769120.5192,7.525246199232636,189093530880.954,0.0297155244548174,0.04461623409482,0.0,0.2293577981651376,0.5412844036697247,0.2293577981651376,9.13e-06,13750.829281345563,9.040000000000001,90.71428571428572,64.28,0.8030448563658358,14922422591207.016,545474.8224000001,20.892872861898343
qvu,Li40.0La24.0Nb14.0Y2.0O94.0,"[{""element"": ""Li"", ""value"": 1.0}, {""element"": ""La"", ""value"": 3.0}, {""element"": ""Nb"", ""value"": 5.0}, {""element"": ""Y"", ""value"": 3.0}, {""element"": ""O"", ""value"": -2.0}]",2.37816091954023,3.44,1.1305,1.281,-2.3095,-2.159,2.46,112.81839080459768,138.2,82.99499999999999,98.49,-39.71,-55.205,0.7126628075253256,0.6005426917510853,114520164283.15878,28978758058.69077,215031316596.90872,305707824435.04706,7.420308218916944,186052558538.218,0.0294796990146882,0.0441445832145617,0.0,0.2298850574712643,0.5402298850574713,0.2298850574712643,9.68e-06,13750.355555555554,9.025,90.88059701492537,64.375,0.8237197315118312,14660102155375.322,535936.3875,20.90357863804715
v07,La24.0Zr16.0Ga4.0Li44.0O96.0,"[{""element"": ""La"", ""value"": 3.0}, {""element"": ""Zr"", ""value"": 4.0}, {""element"": ""Ga"", ""value"": 3.0}, {""element"": ""Li"", ""value"": 1.0}, {""element"": ""O"", ""value"": -2.0}]",2.327608695652174,3.44,1.1140909090909092,1.2481818181818185,-2.3259090909090907,-2.191818181818181,2.46,111.73043478260868,138.2,82.85454545454546,98.2090909090909,-39.990909090909085,-55.34545454545453,0.7106301802394422,0.5995263781081438,97184484790.75798,28978758058.690765,171590732134.83133,218826655510.8923,5.921259005900395,142611974076.14056,0.0261109057096934,0.037406996604572,0.0,0.2391304347826087,0.5217391304347826,0.2391304347826087,0.0001,13494.025362318838,8.363636363636363,92.31428571428572,64.86363636363636,0.9164648855394713,38581108100742.695,322799.79571074375,20.866058971081827
whw,Li54.4La24.0Zr14.4Sb1.6O96.0,"[{""element"": ""Li"", ""value"": 1.0}, {""element"": ""La"", ""value"": 3.0}, {""element"": ""Zr"", ""value"": 4.0}, {""element"": ""O"", ""value"": -2.0}, {""element"": ""Sb"", ""value"": 5.0}]",2.2709243697479,3.44,1.0820338983050848,1.2208,-2.357966101694915,-2.2192,2.46,110.36554621848738,138.2,82.0593220338983,101.86,-36.34,-56.14067796610169,0.7370477568740955,0.5937722288994088,90550659029.9245,28978758058.690765,153166151543.04355,192349577729.65512,5.285462932291152,124187393484.35278,0.024183605313248,0.0369251603911172,0.0,0.2100840336134453,0.5042016806722689,0.2857142857142857,5.9e-05,13206.041316526609,7.508474576271188,91.29411764705884,58.74576271186442,0.8030448563658358,19200189474684.742,212421.64736256,19.203344596997113
duf,Li52.8La24.0Zr12.8Sb3.2O96.0,"[{""element"": ""Li"", ""value"": 1.0}, {""element"": ""La"", ""value"": 3.0}, {""element"": ""Zr"", ""value"": 4.0}, {""element"": ""O"", ""value"": -2.0}, {""element"": ""Sb"", ""value"": 5.0}]",2.287966101694915,3.44,1.0962068965517242,1.2496000000000005,-2.3437931034482755,-2.1903999999999995,2.46,110.57627118644066,138.2,82.0,101.14,-37.05999999999999,-56.19999999999999,0.7318379160636759,0.593342981186686,95034799592.40576,28978758058.690765,163368635661.7661,214866887173.7205,5.637530612281421,134389877603.07536,0.0248977444951396,0.0382072116731685,0.0,0.211864406779661,0.5084745762711864,0.2796610169491525,0.00077,13258.293785310732,7.775862068965516,91.23529411764707,59.603448275862064,0.8731726364245317,36760864288184.46,210233.40797824002,19.417125120116008
dm9,Li48.0La24.0Zr8.0Sb8.0O96.0,"[{""element"": ""Li"", ""value"": 1.0}, {""element"": ""La"", ""value"": 3.0}, {""element"": ""Zr"", ""value"": 4.0}, {""element"": ""O"", ""value"": -2.0}, {""element"": ""Sb"", ""value"": 5.0}]",2.340869565217392,3.44,1.1418181818181816,1.336,-2.2981818181818183,-2.104,2.46,111.23043478260868,138.2,81.80909090909091,98.98,-39.22,-56.39090909090908,0.7162083936324167,0.5919615840021051,108955131599.41277,28978758058.690765,196202084552.9277,282418815505.9165,6.7705484187955545,167223326494.23694,0.0271959742259546,0.0420533655193223,0.0,0.217391304347826,0.5217391304347826,0.2608695652173913,0.00026,13420.503623188406,8.636363636363637,91.05882352941177,62.36363636363636,0.9502705392332347,79707592210953.75,174893.369344,20.096054542350583
32j,Li56.0La24.0Hf16.0O96.0,"[{""element"": ""Li"", ""value"": 1.0}, {""element"": ""La"", ""value"": 3.0}, {""element"": ""Hf"", ""value"": 4.0}, {""element"": ""O"", ""value"": -2.0}]",2.2516666666666665,3.44,1.0633333333333332,1.1800000000000002,-2.376666666666667,-2.26,2.46,109.65833333333332,138.2,81.11666666666666,100.18,-38.02,-57.08333333333333,0.7248914616497829,0.5869512783405693,93432436229.86864,28978758058.690765,157886114401.0465,204829942300.2331,5.44833957622612,128907356342.35574,0.0242055214830035,0.0373525108184676,0.0,0.2083333333333333,0.5,0.2916666666666667,0.00024,13079.65972222222,8.916666666666666,91.23529411764707,65.25,0.6730116670092565,418633431500.4536,413752.56,20.08819985349386
8y4,Li52.8La23.0Y1.0Zr12.8Ta3.2O96.0,"[{""element"": ""Li"", ""value"": 1.0}, {""element"": ""La"", ""value"": 3.0}, {""element"": ""Y"", ""value"": 3.0}, {""element"": ""Zr"", ""value"": 4.0}, {""element"": ""Ta"", ""value"": 5.0}, {""element"": ""O"", ""value"": -2.0}]",2.279279661016949,3.44,1.0785344827586207,1.2086,-2.3614655172413794,-2.2314,2.46,110.60690324858756,138.2,82.06232040229887,101.28458333333332,-36.91541666666666,-56.13767959770112,0.7328841051616016,0.5937939247633782,90222832166.03934,28978758058.690765,153578770897.77924,192154400921.27094,5.2997016154638406,124600012839.08849,0.0245881165659061,0.0374888748773467,0.0,0.211864406779661,0.5084745762711864,0.2796610169491525,0.000317,13251.771193797078,7.77155172413793,91.04264705882355,60.646551724137915,0.977095760474038,468886196544.94916,408295.5679000001,19.50179498983396
ucw,Li52.8La22.0Y2.0Zr12.8Ta3.2O96.0,"[{""element"": ""Li"", ""value"": 1.0}, {""element"": ""La"", ""value"": 3.0}, {""element"": ""Y"", ""value"": 3.0}, {""element"": ""Zr"", ""value"": 4.0}, {""element"": ""Ta"", ""value"": 5.0}, {""element"": ""O"", ""value"": -2.0}]",2.279915254237288,3.44,1.079827586206897,1.2116,-2.3601724137931037,-2.2284,2.46,110.4849929378531,138.2,81.81429597701148,100.70916666666668,-37.49083333333331,-56.385704022988506,0.7287204534491077,0.5919992473010962,90549859044.5558,28978758058.690765,154244101443.72653,193697967787.86868,5.322660865290897,125265343385.03577,0.0246533012303757,0.0376401032989162,0.0,0.211864406779661,0.5084745762711864,0.2796610169491525,0.000436,13225.570636181732,7.663793103448274,90.99117647058824,60.17241379310344,1.045274226258228,659352788822.5404,402639.0123999999,19.455758275764566
ff9,Li52.8La20.0Y4.0Zr12.8Ta3.2O96.0,"[{""element"": ""Li"", ""value"": 1.0}, {""element"": ""La"", ""value"": 3.0}, {""element"": ""Y"", ""value"": 3.0}, {""element"": ""Zr"", ""value"": 4.0}, {""element"": ""Ta"", ""value"": 5.0}, {""element"": ""O"", ""value"": -2.0}]",2.281186440677966,3.44,1.0824137931034483,1.2175999999999998,-2.357586206896552,-2.2224000000000004,2.46,110.24117231638417,138.2,81.31824712643679,99.55833333333334,-38.64166666666665,-56.8817528735632,0.7203931500241197,0.5884098923765325,91203912801.58871,28978758058.690765,155574762535.62112,196785101521.06412,5.368579364945009,126596004476.93036,0.0247836705593149,0.0379425601420552,0.0,0.211864406779661,0.5084745762711864,0.2796610169491525,0.000226,13173.169520951033,7.448275862068964,90.88823529411766,59.22413793103447,1.1435093617443144,1010677179264.1039,389948.7664000001,19.364010619383667
8ee,Li51.2Al1.52La24.0Zr16.0O94.4,"[{""element"": ""Li"", ""value"": 1.0}, {""element"": ""Al"", ""value"": 3.0}, {""element"": ""La"", ""value"": 3.0}, {""element"": ""Zr"", ""value"": 4.0}, {""element"": ""O"", ""value"": -2.0}]",2.271479264643009,3.4399999999999995,1.0817860224331322,1.207302504816956,-2.358213977566868,-2.232697495183044,2.46,110.4936938862762,138.2,82.28537532355479,100.51782273603084,-37.68217726396915,-55.9146246764452,0.7273359098120901,0.5954079256407727,94370744430.48428,28978758058.69076,160947572660.61057,206071597510.664,5.553984485278596,131968814601.9198,0.0246207665819213,0.0367128843679487,0.0,0.2218896964514749,0.5044890979050877,0.2736212056434374,0.00031,13234.91480155337,7.506471095772218,92.0629782224838,60.08973252804142,0.8053864336271024,17308089137455.434,216288.38428187452,19.57673290698788
8k7,Li40.0La24.0Ta16.0O96.0,"[{""element"": ""Li"", ""value"": 1.0}, {""element"": ""La"", ""value"": 3.0}, {""element"": ""Ta"", ""value"": 5.0}, {""element"": ""O"", ""value"": -2.0}]",2.3854545454545457,3.44,1.12,1.2600000000000002,-2.32,-2.18,2.46,113.2181818181818,138.2,83.24,98.98,-39.22,-54.96,0.7162083936324167,0.6023154848046309,106279301188.78072,28978758058.690765,199039952944.88867,273725097131.007,6.868477680850658,170061194886.1979,0.0294653053287185,0.0441157958426222,0.0,0.2272727272727272,0.5454545454545454,0.2272727272727272,1.54e-06,13816.060606060604,10.9,90.05882352941177,76.5,0.6730116670092565,747223949035.1819,1055378.1600000001,22.15324015262341
b7v,Li40.0La24.0Bi16.0O96.0,"[{""element"": ""Li"", ""value"": 1.0}, {""element"": ""La"", ""value"": 3.0}, {""element"": ""O"", ""value"": -2.0}, {""element"": ""Bi"", ""value"": 5.0}]",2.421818181818182,3.44,1.2,1.42,-2.24,-2.02,2.46,113.85454545454544,138.2,84.64,101.78,-36.41999999999999,-53.55999999999999,0.7364688856729379,0.6124457308248915,92962628282.7005,28978758058.690765,169743272551.5122,215131736344.2541,5.857506805768924,140764514492.82144,0.0281304464423722,0.0414460780699296,0.0,0.2272727272727272,0.5454545454545454,0.2272727272727272,2.2e-05,13908.333333333332,12.3,92.05882352941177,76.5,0.6730116670092565,103458999443646.92,100963.6704,22.445216876788955
66a,Li54.0La24.0Zr14.0Nb2.0O96.0,"[{""element"": ""Li"", ""value"": 1.0}, {""element"": ""La"", ""value"": 3.0}, {""element"": ""Zr"", ""value"": 4.0}, {""element"": ""Nb"", ""value"": 5.0}, {""element"": ""O"", ""value"": -2.0}]",2.270421052631579,3.44,1.075957446808511,1.2055000000000002,-2.364042553191489,-2.2345,2.46,110.45736842105262,138.2,82.12446808510639,101.8675,-36.3325,-56.0755319148936,0.737102026049204,0.5942436185608277,90114934610.08208,28978758058.690765,152551880875.33276,190617928232.692,5.264265658534054,123573122816.642,0.024255563903155,0.0370005751724143,0.0,0.2105263157894736,0.5052631578947369,0.2842105263157894,0.0008,13223.906798245613,7.446808510638298,91.19117647058823,58.553191489361694,0.8237197315118312,3090112055705.1577,263085.19,19.201488010599803
3rh,Li52.0La24.0Nb10.0Y6.0O96.0,"[{""element"": ""Li"", ""value"": 1.0}, {""element"": ""La"", ""value"": 3.0}, {""element"": ""Nb"", ""value"": 5.0}, {""element"": ""Y"", ""value"": 3.0}, {""element"": ""O"", ""value"": -2.0}]",2.292127659574468,3.44,1.0943478260869566,1.243,-2.345652173913044,-2.197,2.46,110.88085106382978,138.2,82.37391304347825,101.71,-36.49,-55.826086956521735,0.7359623733719247,0.5960485748442711,101297584746.29475,28978758058.690765,176760708246.4033,244888377580.3261,6.099664722981203,147781950187.71252,0.025516232030973,0.0394280744119787,0.0,0.2127659574468085,0.5106382978723404,0.2765957446808511,0.00027,13329.812269503544,7.717391304347826,91.29411764705884,57.978260869565226,0.9376369622724492,11724015536281.12,430603.6275,19.40962017752769
kh3,Li52.0La24.0Zr12.0Ta4.0O96.0,"[{""element"": ""Li"", ""value"": 1.0}, {""element"": ""La"", ""value"": 3.0}, {""element"": ""Zr"", ""value"": 4.0}, {""element"": ""Ta"", ""value"": 5.0}, {""element"": ""O"", ""value"": -2.0}]",2.2848936170212766,3.44,1.0795652173913042,1.209,-2.360434782608696,-2.231,2.46,110.87446808510636,138.2,82.36086956521739,101.68,-36.52,-55.83913043478261,0.7357452966714906,0.5959541936701692,90854414090.25604,28978758058.690765,155420316036.23718,195805475496.9441,5.363249719724495,126441557977.54642,0.0247915391529192,0.037761280792455,0.0,0.2127659574468085,0.5106382978723404,0.2765957446808511,0.00092,13309.455673758863,8.043478260869566,91.02941176470588,61.95652173913044,0.8979457248567797,323201429960.7137,461712.36000000004,19.691566200277112
zqx,Li52.8La24.0Zr12.8Ta3.2O96.0,"[{""element"": ""Li"", ""value"": 1.0}, {""element"": ""La"", ""value"": 3.0}, {""element"": ""Zr"", ""value"": 4.0}, {""element"": ""Ta"", ""value"": 5.0}, {""element"": ""O"", ""value"": -2.0}]",2.27864406779661,3.44,1.0772413793103448,1.2056,-2.362758620689655,-2.2344,2.46,110.72881355932202,138.2,82.31034482758622,101.86,-36.33999999999999,-55.88965517241377,0.7370477568740955,0.5955886022256601,89895805287.52286,28978758058.690765,152913440351.83194,190610834054.67325,5.276742365636784,123934682293.14116,0.0245229319014365,0.0373376464557772,0.0,0.211864406779661,0.5084745762711864,0.2796610169491525,0.00073,13277.971751412428,7.8793103448275845,91.09411764705882,61.120689655172406,0.8731726364245317,268550006229.48425,413493.07840000006,19.547940637156557
o5q,Li54.4La24.0Zr14.4Ta1.6O96.0,"[{""element"": ""Li"", ""value"": 1.0}, {""element"": ""La"", ""value"": 3.0}, {""element"": ""Zr"", ""value"": 4.0}, {""element"": ""Ta"", ""value"": 5.0}, {""element"": ""O"", ""value"": -2.0}]",2.266302521008404,3.44,1.0727118644067797,1.1988,-2.3672881355932205,-2.2412,2.46,110.44117647058825,138.2,82.21186440677965,102.22,-35.97999999999999,-55.988135593220335,0.7396526772793054,0.5948760087321249,88002754290.52878,28978758058.690765,148027157238.16068,180221551170.1315,5.108126336482773,119048399179.46992,0.0239993753943092,0.0364903777824215,0.0,0.2100840336134453,0.5042016806722689,0.2857142857142857,0.00028,13215.797619047618,7.559322033898306,91.22352941176472,59.49152542372883,0.8030448563658358,149353437844.6761,313813.9296,19.267380051495987
0ew,Li48.0La24.0Zr8.0Ta8.0O96.0,"[{""element"": ""Li"", ""value"": 1.0}, {""element"": ""La"", ""value"": 3.0}, {""element"": ""Zr"", ""value"": 4.0}, {""element"": ""Ta"", ""value"": 5.0}, {""element"": ""O"", ""value"": -2.0}]",2.3169565217391304,3.44,1.0918181818181818,1.2260000000000002,-2.348181818181818,-2.2139999999999995,2.46,111.62173913043478,138.2,82.62727272727273,100.78,-37.41999999999999,-55.57272727272726,0.7292329956584661,0.5978818576503092,95772494034.71317,28978758058.690765,168638387826.7376,221778682708.2984,5.81937940491424,139659629768.04684,0.0262078319334644,0.0398794524758441,0.0,0.217391304347826,0.5217391304347826,0.2608695652173913,0.00016,13470.98188405797,8.909090909090908,90.70588235294119,66.36363636363636,0.9502705392332347,546989944005.114,686605.8400000001,20.445191652913408
tbj,Li40.0La24.0Sb16.0O96.0,"[{""element"": ""Li"", ""value"": 1.0}, {""element"": ""La"", ""value"": 3.0}, {""element"": ""O"", ""value"": -2.0}, {""element"": ""Sb"", ""value"": 5.0}]",2.435454545454545,3.44,1.23,1.48,-2.21,-1.96,2.46,112.4,138.2,81.44,95.38,-42.81999999999999,-56.75999999999999,0.6901591895803184,0.5892908827785818,133842997914.97076,28978758058.690765,259680085742.5068,395005362726.2432,8.961049511389547,230701327683.816,0.0316392183721968,0.0484636219295787,0.0,0.2272727272727272,0.5454545454545454,0.2272727272727272,3.33e-06,13710.51515151515,10.3,90.76470588235296,67.69999999999999,0.6730116670092565,118834483689803.34,20075.570016000005,21.369602805983842
dbs,Li52.0La24.0Zr12.0Ta4.0O96.0,"[{""element"": ""Li"", ""value"": 1.0}, {""element"": ""La"", ""value"": 3.0}, {""element"": ""Zr"", ""value"": 4.0}, {""element"": ""Ta"", ""value"": 5.0}, {""element"": ""O"", ""value"": -2.0}]",2.2848936170212766,3.44,1.0795652173913042,1.209,-2.360434782608696,-2.231,2.46,110.87446808510636,138.2,82.36086956521739,101.68,-36.52,-55.83913043478261,0.7357452966714906,0.5959541936701692,90854414090.25604,28978758058.690765,155420316036.23718,195805475496.9441,5.363249719724495,126441557977.54642,0.0247915391529192,0.037761280792455,0.0,0.2127659574468085,0.5106382978723404,0.2765957446808511,0.000794,13309.455673758863,8.043478260869566,91.02941176470588,61.95652173913044,0.8979457248567797,323201429960.7137,461712.36000000004,19.691566200277112
bt0,Li52.0La23.6Ba0.4Zr11.6Ta4.4O96.0,"[{""element"": ""Li"", ""value"": 1.0}, {""element"": ""La"", ""value"": 3.0}, {""element"": ""Ba"", ""value"": 2.0}, {""element"": ""Zr"", ""value"": 4.0}, {""element"": ""Ta"", ""value"": 5.0}, {""element"": ""O"", ""value"": -2.0}]",2.284808510638298,3.44,1.079391304347826,1.2086,-2.360608695652174,-2.2314,2.55,110.91587639311044,138.2,82.44548654244306,101.87461904761903,-36.32538095238094,-55.754513457556925,0.7371535386947834,0.5965664728107314,91312839067.26784,28978758058.690765,156357097511.00046,197960072888.8996,5.395576207728777,127378339452.3097,0.0248329759383381,0.0378565853989185,0.0,0.2127659574468085,0.5106382978723404,0.2765957446808511,0.000832,13322.772941622037,8.086956521739133,91.08235294117648,62.14782608695654,0.9591388233798186,5673062519568.356,487722.71789999993,19.71980244228969
dti,Li52.0La23.2Ba0.8Zr11.2Ta4.8O96.0,"[{""element"": ""Li"", ""value"": 1.0}, {""element"": ""La"", ""value"": 3.0}, {""element"": ""Ba"", ""value"": 2.0}, {""element"": ""Zr"", ""value"": 4.0}, {""element"": ""Ta"", ""value"": 5.0}, {""element"": ""O"", ""value"": -2.0}]",2.284723404255319,3.44,1.079217391304348,1.2082000000000002,-2.360782608695652,-2.2318,2.55,110.95728470111447,138.2,82.53010351966873,102.06923809523808,-36.13076190476191,-55.66989648033126,0.7385617807180759,0.5971787519512933,91771264044.27968,28978758058.690765,157293878985.76373,200114670280.85516,5.42790269573306,128315120927.07297,0.024874412723757,0.037951890005382,0.0,0.2127659574468085,0.5106382978723404,0.2765957446808511,0.000834,13336.09020948521,8.130434782608697,91.13529411764706,62.33913043478261,1.005044235436352,10934376324319.436,513545.2836,19.748079172974165
7gm,Li52.0La22.4Ba1.6Zr10.4Ta5.6O96.0,"[{""element"": ""Li"", ""value"": 1.0}, {""element"": ""La"", ""value"": 3.0}, {""element"": ""Ba"", ""value"": 2.0}, {""element"": ""Zr"", ""value"": 4.0}, {""element"": ""Ta"", ""value"": 5.0}, {""element"": ""O"", ""value"": -2.0}]",2.284553191489361,3.44,1.0788695652173914,1.2074,-2.3611304347826083,-2.2326,2.55,111.04010131712258,138.2,82.69933747412007,102.45847619047618,-35.74152380952381,-55.50066252587992,0.7413782647646613,0.5984033102324173,92688113998.3033,28978758058.690765,159167441935.29028,204423865064.76617,5.492555671741625,130188683876.59952,0.0249572862945949,0.038142499218309,0.0,0.2127659574468085,0.5106382978723404,0.2765957446808511,0.000631,13362.724745211557,8.217391304347826,91.24117647058824,62.721739130434784,1.0789483386998906,21191362079251.86,564627.0384,19.80475433267304
c71,Li52.0La21.6Ba2.4Zr9.6Ta6.4O96.0,"[{""element"": ""Li"", ""value"": 1.0}, {""element"": ""La"", ""value"": 3.0}, {""element"": ""Ba"", ""value"": 2.0}, {""element"": ""Zr"", ""value"": 4.0}, {""element"": ""Ta"", ""value"": 5.0}, {""element"": ""O"", ""value"": -2.0}]",2.2843829787234045,3.44,1.0785217391304347,1.2066,-2.361478260869565,-2.2334,2.55,111.12291793313072,138.2,82.86857142857143,102.84771428571428,-35.35228571428571,-55.33142857142856,0.7441947488112466,0.5996278685135416,93604963952.32692,28978758058.690765,161041004884.81683,208733059848.67725,5.557208647750191,132062246826.12608,0.0250401598654327,0.038333108431236,0.0,0.2127659574468085,0.5106382978723404,0.2765957446808511,0.000492,13389.359280937904,8.304347826086959,91.34705882352941,63.10434782608697,1.137266117847828,31094158694758.0,614957.6244,19.861592144835427
rgo,Li56.0La24.0Ta16.0O104.0,"[{""element"": ""Li"", ""value"": 1.0}, {""element"": ""La"", ""value"": 3.0}, {""element"": ""Ta"", ""value"": 5.0}, {""element"": ""O"", ""value"": -2.0}]",2.3152,3.44,1.096666666666667,1.2600000000000002,-2.3433333333333333,-2.18,2.46,110.56,138.2,80.61666666666666,98.98,-39.22,-57.58333333333333,0.7162083936324167,0.5833333333333334,104633320069.17628,28978758058.69077,186592428913.86893,273725097131.007,6.438938084784817,157613670855.17816,0.0270235569097345,0.0441157958426222,0.0,0.2,0.52,0.28,2.65e-06,13286.602933333332,9.083333333333332,88.55555555555554,65.25,0.6730116670092565,747223949035.1819,1055378.1600000001,19.92795327525556
ar1,Li16.0Sn4.0S12.0Se4.0,"[{""element"": ""Li"", ""value"": 1.0}, {""element"": ""Sn"", ""value"": 4.0}, {""element"": ""S"", ""value"": -2.0}, {""element"": ""Se"", ""value"": -2.0}]",1.7966666666666669,2.5725,1.176,1.96,-1.3965,-0.6124999999999998,1.6,121.0,187.5,67.8,69.0,-118.5,-119.7,0.368,0.3616,112198670934.73508,11672459452.268148,192619640120.70865,465678965568.46185,16.502061190135855,180947180668.4405,0.0234460547504025,0.0579710144927536,0.0,0.1111111111111111,0.4444444444444444,0.4444444444444444,7.5e-05,18195.333333333332,4.0,113.4,27.2,0.0,0.0,0.0,20.76334751479042
klr,Li16.0Sn4.0S8.0Se8.0,"[{""element"": ""Li"", ""value"": 1.0}, {""element"": ""Sn"", ""value"": 4.0}, {""element"": ""S"", ""value"": -2.0}, {""element"": ""Se"", ""value"": -2.0}]",1.7933333333333334,2.565,1.176,1.96,-1.389,-0.605,1.6,122.55555555555556,191.0,67.8,69.0,-122.0,-123.2,0.3612565445026178,0.3549738219895287,111929255313.5433,11066274304.58662,192619640120.70865,465678965568.46185,17.406006287127177,181553365816.12204,0.0234460547504025,0.0579710144927536,0.0,0.1111111111111111,0.4444444444444444,0.4444444444444444,3.6e-05,18789.555555555555,4.0,116.0,27.2,0.0,0.0,0.0,22.95004721683885
o0a,Li16.0Ge3.0Sn1.0Se16.0,"[{""element"": ""Li"", ""value"": 1.0}, {""element"": ""Ge"", ""value"": 4.0}, {""element"": ""Sn"", ""value"": 4.0}, {""element"": ""Se"", ""value"": -2.0}]",1.7908333333333333,2.55,1.1835,1.9975,-1.3664999999999998,-0.5525,1.5699999999999998,123.75,198.0,64.35,51.75,-146.25,-133.65,0.2613636363636363,0.3249999999999999,203556052673.25116,9853904009.223562,358517771604.4732,1295169622987.2844,36.38332292144204,348663867595.24963,0.0277938808373591,0.0797101449275362,0.0,0.1111111111111111,0.4444444444444444,0.4444444444444444,6e-06,19757.583333333332,2.5,118.05,21.8,0.5623351446188083,1074910489508.7253,93541.48920000004,26.914111594026714
qer,Li16.0Ge2.0Sn2.0Se16.0,"[{""element"": ""Li"", ""value"": 1.0}, {""element"": ""Ge"", ""value"": 4.0}, {""element"": ""Sn"", ""value"": 4.0}, {""element"": ""Se"", ""value"": -2.0}]",1.7894444444444442,2.55,1.1809999999999998,1.985,-1.369,-0.565,1.5699999999999998,124.38888888888889,198.0,65.5,57.5,-140.5,-132.5,0.2904040404040404,0.3308080808080808,172834176472.55402,9853904009.223562,303218394443.2184,1018672737181.0104,30.7713972207763,293364490433.9948,0.0263446054750402,0.072463768115942,0.0,0.1111111111111111,0.4444444444444444,0.4444444444444444,1.8e-06,19831.055555555555,3.0,119.1,23.6,0.6931471805599453,1433213986011.6338,124721.98560000004,27.283832043176847
1ty,Li16.0Ge4.0S12.0Se4.0,"[{""element"": ""Li"", ""value"": 1.0}, {""element"": ""Ge"", ""value"": 4.0}, {""element"": ""S"", ""value"": -2.0}, {""element"": ""Se"", ""value"": -2.0}]",1.8022222222222224,2.5725,1.186,2.01,-1.3864999999999998,-0.5625,1.6,118.44444444444444,187.5,63.2,46.0,-141.5,-124.3,0.2453333333333333,0.3370666666666667,235086175737.52365,11672459452.268148,413817148765.728,1571666508793.5586,35.452438319270975,402144689313.4599,0.0292431561996779,0.0869565217391304,0.0,0.1111111111111111,0.4444444444444444,0.4444444444444444,8.5e-06,17901.444444444445,2.0,109.2,20.0,0.0,0.0,0.0,19.660569711757336
zv5,Li16.0Ge4.0S8.0Se8.0,"[{""element"": ""Li"", ""value"": 1.0}, {""element"": ""Ge"", ""value"": 4.0}, {""element"": ""S"", ""value"": -2.0}, {""element"": ""Se"", ""value"": -2.0}]",1.7988888888888883,2.565,1.186,2.01,-1.379,-0.5550000000000002,1.6,120.0,191.0,63.2,46.0,-145.0,-127.8,0.2408376963350785,0.330890052356021,234816760116.33185,11066274304.58662,413817148765.728,1571666508793.5586,37.394441649997226,402750874461.1414,0.0292431561996779,0.0869565217391304,0.0,0.1111111111111111,0.4444444444444444,0.4444444444444444,2.8e-05,18495.666666666664,2.0,111.80000000000001,20.0,0.0,0.0,0.0,21.731129957410282
xk3,Li16.0Ge4.0Se16.0,"[{""element"": ""Li"", ""value"": 1.0}, {""element"": ""Ge"", ""value"": 4.0}, {""element"": ""Se"", ""value"": -2.0}]",1.7922222222222222,2.55,1.186,2.01,-1.364,-0.54,1.5699999999999998,123.11111111111111,198.0,63.2,46.0,-152.0,-134.8,0.2323232323232323,0.3191919191919192,234277928873.94827,9853904009.223562,413817148765.728,1571666508793.5586,41.995248622107766,403963244756.50446,0.0292431561996779,0.0869565217391304,0.0,0.1111111111111111,0.4444444444444444,0.4444444444444444,5e-06,19684.11111111111,2.0,117.0,20.0,0.0,0.0,0.0,26.5494011892979
zzr,Li20.0Ge2.0P4.0S24.0,"[{""element"": ""Li"", ""value"": 1.0}, {""element"": ""Ge"", ""value"": 4.0}, {""element"": ""P"", ""value"": 5.0}, {""element"": ""S"", ""value"": -2.0}]",1.886,2.58,1.2453846153846155,2.13,-1.3346153846153843,-0.4500000000000002,1.6,118.52,184.0,58.07692307692308,26.666666666666668,-157.33333333333334,-125.92307692307692,0.144927536231884,0.3156354515050167,3232276632060.902,12278644599.949677,6204582466640.243,26472007992911.816,505.3149324531856,6192303822040.294,0.0633338433849942,0.2250639386189258,0.0,0.12,0.48,0.4,0.0076,18181.14,0.7692307692307693,105.26666666666668,17.384615384615387,0.6365141682948128,699509401181.5226,177647.73555555558,17.913909051392793
kop,Li20.0Ge1.32Sn0.66P4.0S24.0,"[{""element"": ""Li"", ""value"": 1.0}, {""element"": ""Ge"", ""value"": 4.0}, {""element"": ""Sn"", ""value"": 4.0}, {""element"": ""P"", ""value"": 5.0}, {""element"": ""S"", ""value"": -2.0}]",1.8852901160464184,2.58,1.2435257890685143,2.1248829431438123,-1.3364742109314858,-0.4551170568561877,1.6,118.85274109643856,184.0,58.67051578137029,29.140468227424744,-154.85953177257525,-125.32948421862972,0.1583721099316562,0.318861498811795,3218336264392.57,12278644599.949677,6180052310390.372,26433221212168.305,503.31714222070576,6167773665790.423,0.0625793057271924,0.2223267669726026,0.0,0.1196478591436574,0.4801920768307322,0.4001600640256102,0.0064,18222.496598639453,1.0161662817551964,105.71847898599066,18.263279445727488,0.845709674354749,1887265454375.246,132790.21708915115,18.020378622260722
rty,Li20.0Ge0.66Sn1.32P4.0S24.0,"[{""element"": ""Li"", ""value"": 1.0}, {""element"": ""Ge"", ""value"": 4.0}, {""element"": ""Sn"", ""value"": 4.0}, {""element"": ""P"", ""value"": 5.0}, {""element"": ""S"", ""value"": -2.0}]",1.8846298519407765,2.58,1.2422555812163203,2.1193645484949832,-1.3377444187836798,-0.4606354515050168,1.6,119.156462585034,184.0,59.25481139337951,31.678929765886284,-152.3210702341137,-124.74518860662047,0.1721680965537298,0.3220370184422799,3203731386870.99,12278644599.949677,6151955629153.707,26311155697364.195,501.02888629734593,6139676984553.758,0.0618429533491089,0.2191276976109623,0.0,0.1196478591436574,0.4801920768307322,0.4001600640256102,0.0048,18257.424569827926,1.2702078521939955,106.18078719146098,19.17782909930716,0.845709674354749,2937711992950.814,76376.83269121376,18.137638833411703
