ID,True Composition,Z_by_element,χₐₗₗ,χ⁻,χ⁺(incl Li⁺),χ⁺(excl Li⁺),χ⁺(incl Li⁺) - χ⁻,χ⁺(excl Li⁺) - χ⁻,χₘₐₓ - χₘᵢₙ,rₐₗₗ (pm),r⁻ (pm),r⁺(incl Li⁺) (pm),r⁺(excl Li⁺) (pm),r⁺(excl Li⁺) - r⁻,r⁺(incl Li⁺) - r⁻,r⁺(excl Li⁺) / r⁻,r⁺(incl Li⁺) / r⁻,ρₐₗₗ (C m⁻³),ρ⁻ (C m⁻³),ρ⁺(incl Li⁺) (C m⁻³),ρ⁺(excl Li⁺) (C m⁻³),ρ⁺(incl Li⁺) / ρ⁻,ρ⁺(incl Li⁺) - ρ⁻,Φ⁺(incl Li⁺) (|Z| pm⁻¹),Φ⁺(excl Li⁺) (|Z| pm⁻¹),nₕₐₗᵢdₑ,nₕₒₛₜ cₐₜᵢₒₙ,nₐₙᵢₒₙ,n_Li,Ionic conductivity (S cm-1),ir_mean_square_all,d_mean_c,r_mean_l,s_mean_square_c,entropy_c_l,Vs_variance_c_l,mp_variance_c_l,atwt_geometric_mean_all
jqc,Li7.0Bi1.0O6.0,"[{""element"": ""Li"", ""value"": 1.0}, {""element"": ""O"", ""value"": -2.0}, {""element"": ""Bi"", ""value"": 5.0}]",2.1,3.44,1.095,1.9,-2.345,-1.54,2.46,98.40714285714284,138.2,68.5625,76.0,-62.19999999999999,-69.63749999999999,0.5499276410998554,0.4961107091172214,105712251046.94514,28978758058.690765,163262370788.13593,435615304993.695,5.633863620293187,134283612729.44516,0.0211866471734892,0.0657894736842105,0.0,0.0714285714285714,0.4285714285714285,0.5,1.58489e-06,10876.085,3.75,75.57142857142857,25.875,0.0,0.0,0.0,12.661270546621433
oi6,Li7.0Sb1.0O6.0,"[{""element"": ""Li"", ""value"": 1.0}, {""element"": ""O"", ""value"": -2.0}, {""element"": ""Sb"", ""value"": 5.0}]",2.1107142857142858,3.44,1.11375,2.05,-2.32625,-1.39,2.46,97.2642857142857,138.2,66.5625,60.0,-78.19999999999999,-71.63749999999999,0.4341534008683068,0.4816389290882779,137832541472.30035,28978758058.690765,219472879032.50757,885299370948.6678,7.573577811306077,190494120973.8168,0.0233796296296296,0.0833333333333333,0.0,0.0714285714285714,0.4285714285714285,0.5,6.7e-08,10720.656428571427,2.5,74.0,20.375,0.0,0.0,0.0,12.182041666022482
2t8,Li2.0V2.0P2.0O8.0F2.0,"[{""element"": ""Li"", ""value"": 1.0}, {""element"": ""O"", ""value"": -2.0}, {""element"": ""F"", ""value"": -1.0}, {""element"": ""V"", ""value"": 3.0}, {""element"": ""P"", ""value"": 5.0}]",2.8175,3.548,1.6,1.91,-1.948,-1.6379999999999997,3.0,103.990625,136.685,49.5,40.5,-96.185,-87.185,0.2963017156235139,0.3621465413176281,4952160777151.8,26614830294.05305,13161404021914.71,19679928628492.68,494.51391861234447,13134789191620.658,0.1186024872912128,0.1704963235294117,0.125,0.25,0.5,0.125,8.1e-07,12800.137578124999,1.0,78.42857142857142,36.33333333333333,0.6931471805599453,45820761442142.7,870209.1225,18.485340384654382
47i,Li8.0P4.0O14.0,"[{""element"": ""Li"", ""value"": 1.0}, {""element"": ""O"", ""value"": -2.0}, {""element"": ""P"", ""value"": 5.0}]",2.49076923076923,3.44,1.3833333333333335,2.19,-2.056666666666666,-1.25,2.46,97.79999999999998,138.2,50.66666666666666,17.0,-121.2,-87.53333333333333,0.1230101302460202,0.3666184273999035,6041894462414.446,28978758058.690765,13056962784162.828,38922178734970.95,450.5701299454767,13027984026104.137,0.107915758896151,0.2941176470588235,0.0,0.1538461538461538,0.5384615384615384,0.3076923076923077,<1E-10,11730.590769230768,0.0,73.66666666666667,18.0,0.0,0.0,0.0,13.697657571247916
clt,Li6.0Cu1.0B4.0O10.0,"[{""element"": ""Li"", ""value"": 1.0}, {""element"": ""B"", ""value"": 3.0}, {""element"": ""O"", ""value"": -2.0}, {""element"": ""Cu"", ""value"": 2.0}]",2.397142857142857,3.44,1.449090909090909,2.012,-1.990909090909091,-1.428,2.46,89.14285714285714,138.2,44.54545454545455,17.0,-121.2,-93.65454545454544,0.1230101302460202,0.3223260097355611,101242447365550.28,28978758058.690765,193254691554179.0,425011095648683.25,6668.839677766027,193225712796120.3,0.1928796158304355,0.4065573770491803,0.0,0.238095238095238,0.4761904761904761,0.2857142857142857,1e-13,10580.709523809524,0.9090909090909092,72.53333333333333,15.181818181818182,0.5004024235381879,9782397763388.92,157205.90606400004,12.490424153896155
ix1,Li5.46Hf12.13P18.0O72.0,"[{""element"": ""Li"", ""value"": 1.0}, {""element"": ""Hf"", ""value"": 4.0}, {""element"": ""O"", ""value"": -2.0}, {""element"": ""P"", ""value"": 5.0}]",2.8647625243981785,3.44,1.701033998314133,1.8316959840690343,-1.738966001685867,-1.6083040159309656,2.46,106.87154940050188,138.2,43.49283506602978,39.1423830069698,-99.0576169930302,-94.7071649339702,0.2832299783427627,0.314709370955353,6583662764297.0,28978758058.690765,19844051874978.6,23417551575660.99,684.7792384610957,19815073116919.91,0.1699605345556785,0.1980752252222937,0.0,0.2800446138116925,0.6692071753880472,0.0507482108002602,3.2e-07,13645.378985035783,7.498173644282101,81.08019191226869,68.66704130373701,0.6740473756584149,166733843651696.75,1152146.0054715879,22.47991991664303
bq9,Li24.0Bi8.0O24.0,"[{""element"": ""Li"", ""value"": 1.0}, {""element"": ""O"", ""value"": -2.0}, {""element"": ""Bi"", ""value"": 3.0}]",2.165714285714286,3.44,1.21,1.9,-2.23,-1.54,2.46,102.87142857142857,138.2,76.375,103.0,-35.19999999999999,-61.82499999999999,0.7452966714905934,0.5526410998552822,80714184902.04243,28978758058.690765,119515755034.55618,104998593861.9137,4.124253868730349,90536996975.86542,0.0183926645091693,0.029126213592233,0.0,0.1428571428571428,0.4285714285714285,0.4285714285714285,2.4e-10,11653.63857142857,7.5,85.0,42.75,0.0,0.0,0.0,16.14721172096452
skm,Li10.0Bi2.0O10.0,"[{""element"": ""Li"", ""value"": 1.0}, {""element"": ""O"", ""value"": -2.0}, {""element"": ""Bi"", ""value"": 5.0}]",2.1818181818181817,3.44,1.1333333333333335,1.9,-2.306666666666666,-1.54,2.46,100.4090909090909,138.2,68.91666666666667,76.0,-62.19999999999999,-69.28333333333332,0.5499276410998554,0.4986734201640135,109298467189.18188,28978758058.690765,176231558131.2578,435615304993.695,6.081404792239043,147252800072.56705,0.0233105912930474,0.0657894736842105,0.0,0.0909090909090909,0.4545454545454545,0.4545454545454545,3.9e-09,11277.586363636363,5.0,77.66666666666666,31.5,0.0,0.0,0.0,13.826208905373788
pwr,Li7.22Si1.5P0.5O8.0,"[{""element"": ""Li"", ""value"": 1.0}, {""element"": ""Si"", ""value"": 4.0}, {""element"": ""O"", ""value"": -2.0}, {""element"": ""P"", ""value"": 5.0}]",2.238130081300813,3.44,1.1952928416485902,1.9725,-2.2447071583514098,-1.4675000000000002,2.46,95.8739837398374,138.2,59.14859002169197,29.0,-109.2,-79.05140997830802,0.2098408104196816,0.4279926919080462,1566555804249.14,28978758058.690765,2900679054739.768,12923209582731.17,100.09673461040028,2871700296681.077,0.0472711462375874,0.1644385026737967,0.0,0.1161440185830429,0.4645760743321719,0.4192799070847851,1.64e-07,10886.646051103367,0.0,73.35000000000001,14.856832971800436,0.5623351446188083,183453430793.83066,351764.641875,12.068576190917717
b4c,Li8.0Si2.0S8.0,"[{""element"": ""Li"", ""value"": 1.0}, {""element"": ""Si"", ""value"": 4.0}, {""element"": ""S"", ""value"": -2.0}]",1.7933333333333334,2.58,1.164,1.9,-1.416,-0.6800000000000002,1.6,115.44444444444444,184.0,60.6,33.0,-151.0,-123.4,0.1793478260869565,0.3293478260869565,533713371713.27313,12278644599.949677,950861153403.932,4256886531984.5776,77.44023745160186,938582508803.9822,0.036094276094276,0.1212121212121212,0.0,0.1111111111111111,0.4444444444444444,0.4444444444444444,1.59e-08,17193.11111111111,0.0,105.60000000000001,14.4,0.0,0.0,0.0,16.004976284093658
7se,Li91.2Si19.2P4.8S96.0,"[{""element"": ""Li"", ""value"": 1.0}, {""element"": ""Si"", ""value"": 4.0}, {""element"": ""P"", ""value"": 5.0}, {""element"": ""S"", ""value"": -2.0}]",1.818409090909091,2.58,1.18375,1.958,-1.3962500000000002,-0.6220000000000001,1.6,116.17045454545456,184.0,59.645833333333336,29.8,-154.2,-124.35416666666666,0.1619565217391304,0.3241621376811594,1330864525484.6565,12278644599.949677,2429686092888.5786,11189944972581.852,197.87901450446225,2417407448288.629,0.0441853172245329,0.1557932263814616,0.0,0.1136363636363636,0.4545454545454546,0.4318181818181819,8.11e-07,17462.130681818184,0.0,105.4,14.625000000000002,0.500402423538188,156546927610.7355,300172.4944000001,16.348104927230448
5e2,Li86.4Si14.4P9.6S96.0,"[{""element"": ""Li"", ""value"": 1.0}, {""element"": ""Si"", ""value"": 4.0}, {""element"": ""P"", ""value"": 5.0}, {""element"": ""S"", ""value"": -2.0}]",1.8446511627906976,2.58,1.2052173913043476,2.016,-1.3747826086956525,-0.5640000000000001,1.6,116.93023255813954,184.0,58.60869565217391,26.6,-157.4,-125.3913043478261,0.1445652173913043,0.3185255198487712,2165092477105.872,12278644599.949677,4037104505371.8906,18123003413179.125,328.7907286923539,4024825860771.941,0.0529799271487251,0.1903743315508021,0.0,0.1162790697674418,0.4651162790697674,0.4186046511627907,7.19e-05,17743.662790697672,0.0,105.2,14.869565217391305,0.6730116670092565,234820391416.1032,450258.7416,16.715073125067914
dj2,Li81.6Si9.6P14.4S96.0,"[{""element"": ""Li"", ""value"": 1.0}, {""element"": ""Si"", ""value"": 4.0}, {""element"": ""P"", ""value"": 5.0}, {""element"": ""S"", ""value"": -2.0}]",1.872142857142857,2.58,1.2286363636363635,2.074,-1.3513636363636363,-0.5060000000000002,1.6,117.72619047619048,184.0,57.477272727272734,23.4,-160.6,-126.52272727272728,0.1271739130434782,0.3123764822134388,3039045569280.478,12278644599.949677,5790651864444.596,25056061853776.4,471.60350780641767,5778373219844.646,0.0625740470660256,0.2249554367201426,0.0,0.119047619047619,0.4761904761904762,0.4047619047619047,0.000662,18038.60119047619,0.0,105.0,15.136363636363637,0.6730116670092565,234820391416.1032,450258.74159999995,17.108354240948575
10u,Li76.8Si4.8P19.2S96.0,"[{""element"": ""Li"", ""value"": 1.0}, {""element"": ""Si"", ""value"": 4.0}, {""element"": ""P"", ""value"": 5.0}, {""element"": ""S"", ""value"": -2.0}]",1.9009756097560973,2.58,1.2542857142857142,2.132,-1.3257142857142858,-0.4480000000000004,1.6,118.56097560975608,184.0,56.238095238095234,20.2,-163.8,-127.76190476190476,0.1097826086956521,0.3056418219461697,3955630519609.9424,12278644599.949677,7711203733905.175,31989120294373.67,628.0175039789635,7698925089305.226,0.0730818926897358,0.2595365418894831,0.0,0.1219512195121951,0.4878048780487805,0.3902439024390243,3.2e-06,18347.926829268294,0.0,104.80000000000001,15.428571428571427,0.500402423538188,156546927610.7355,300172.49439999997,17.53076499271374
y2l,Li10.0Al2.0S8.0,"[{""element"": ""Li"", ""value"": 1.0}, {""element"": ""Al"", ""value"": 3.0}, {""element"": ""S"", ""value"": -2.0}]",1.6830000000000005,2.58,1.0850000000000002,1.61,-1.495,-0.97,1.6,111.975,184.0,63.958333333333336,46.25,-137.75,-120.04166666666666,0.2513586956521739,0.3475996376811594,183062677825.8899,12278644599.949677,296918699976.5167,1159738156065.2483,24.181716276545185,284640055376.567,0.0231564898231564,0.0648648648648648,0.0,0.1,0.4,0.5,1.4e-09,16034.431250000001,0.0,107.4,13.5,0.0,0.0,0.0,14.66324837693397
gl0,Li8.4Si1.6Al0.4S8.0,"[{""element"": ""Li"", ""value"": 1.0}, {""element"": ""Si"", ""value"": 4.0}, {""element"": ""Al"", ""value"": 3.0}, {""element"": ""S"", ""value"": -2.0}]",1.7693478260869566,2.58,1.1457692307692309,1.842,-1.4342307692307694,-0.738,1.6,114.69021739130436,184.0,61.37499999999999,35.650000000000006,-148.35,-122.625,0.19375,0.3335597826086956,457484959998.62463,12278644599.949677,799951356459.1437,3637456856800.712,65.14980948812723,787672711859.194,0.0331086331086331,0.1099426699426699,0.0,0.108695652173913,0.4347826086956522,0.4565217391304348,2.4e-08,16941.22418478261,0.0,105.96000000000001,14.192307692307692,0.5004024235381879,629590944091.5105,90849.19374399999,15.703221786050982
wmr,Li8.8Si1.2Al0.8S8.0,"[{""element"": ""Li"", ""value"": 1.0}, {""element"": ""Si"", ""value"": 4.0}, {""element"": ""Al"", ""value"": 3.0}, {""element"": ""S"", ""value"": -2.0}]",1.7463829787234042,2.58,1.1288888888888888,1.784,-1.4511111111111112,-0.796,1.6,113.96808510638296,184.0,62.09259259259259,38.3,-145.7,-121.90740740740742,0.2081521739130434,0.3374597423510467,384500310484.59937,12278644599.949677,660220062991.7473,3018027181616.846,53.76978359602112,647941418391.7976,0.0303441488626673,0.0986732186732186,0.0,0.1063829787234042,0.425531914893617,0.4680851063829787,3.05e-08,16700.05585106383,0.0,106.32000000000001,14.0,0.6730116670092565,944386416137.2657,136273.79061599998,15.4196405638122
xxq,Li9.2Si0.8Al1.2S8.0,"[{""element"": ""Li"", ""value"": 1.0}, {""element"": ""Si"", ""value"": 4.0}, {""element"": ""Al"", ""value"": 3.0}, {""element"": ""S"", ""value"": -2.0}]",1.7243750000000002,2.58,1.1132142857142855,1.726,-1.4667857142857144,-0.8540000000000001,1.6,113.27604166666669,184.0,62.75892857142858,40.95,-143.05,-121.24107142857142,0.2225543478260869,0.3410811335403726,314556688033.6586,12278644599.949677,530469576200.5936,2398597506432.98,43.20261669620828,518190931600.6439,0.0277771277771277,0.0874037674037674,0.0,0.1041666666666666,0.4166666666666667,0.4791666666666666,1.46e-08,16468.936197916668,0.0,106.68,13.821428571428571,0.6730116670092565,944386416137.2656,136273.79061599998,15.152681945793805
h8o,Li9.6Si0.4Al1.6S8.0,"[{""element"": ""Li"", ""value"": 1.0}, {""element"": ""Si"", ""value"": 4.0}, {""element"": ""Al"", ""value"": 3.0}, {""element"": ""S"", ""value"": -2.0}]",1.703265306122449,2.58,1.0986206896551725,1.668,-1.4813793103448276,-0.912,1.6,112.61224489795916,184.0,63.3793103448276,43.6,-140.4,-120.6206896551724,0.2369565217391304,0.3444527736131934,247467907315.40924,12278644599.949677,409667398843.3125,1779167831249.1145,33.364219927417025,397388754243.3628,0.0253871426285219,0.0761343161343161,0.0,0.1020408163265306,0.4081632653061224,0.4897959183673468,2.29e-07,16247.25,0.0,107.04,13.655172413793103,0.5004024235381879,629590944091.5105,90849.19374399999,14.90096333293285
pe2,Li17.0Sb13.0S28.0,"[{""element"": ""Li"", ""value"": 1.0}, {""element"": ""Sb"", ""value"": 3.0}, {""element"": ""S"", ""value"": -2.0}]",1.992241379310345,2.5800000000000005,1.4436666666666669,2.05,-1.136333333333334,-0.5300000000000007,1.6,125.94540229885057,184.0,71.7611111111111,77.33333333333333,-106.66666666666669,-112.2388888888889,0.4202898550724637,0.3900060386473429,97980994145.39894,12278644599.949677,177969853721.15158,248081835595.03476,14.494258895797095,165691209121.2019,0.0252054065559812,0.0387931034482758,0.0,0.2241379310344827,0.4827586206896552,0.293103448275862,1.05e-09,19020.172892720308,8.666666666666668,114.73170731707317,48.43333333333334,0.0,0.0,0.0,27.613023588948174
opo,Li4.8Sn4.8S12.0,"[{""element"": ""Li"", ""value"": 1.0}, {""element"": ""Sn"", ""value"": 4.0}, {""element"": ""S"", ""value"": -2.0}]",2.0866666666666664,2.58,1.47,1.96,-1.11,-0.6200000000000001,1.6,132.55555555555554,184.0,68.25000000000001,69.0,-115.0,-115.75,0.375,0.3709239130434783,137940085739.35696,12278644599.949677,295016887163.6161,465678965568.46185,24.02682843062541,282738242563.6664,0.0363929146537842,0.0579710144927536,0.0,0.2222222222222222,0.5555555555555555,0.2222222222222222,0.00012,20879.38888888889,10.0,114.14285714285714,54.5,0.0,0.0,0.0,30.52557687327385
lkm,Li24.0Ge8.0O28.0,"[{""element"": ""Li"", ""value"": 1.0}, {""element"": ""Ge"", ""value"": 4.0}, {""element"": ""O"", ""value"": -2.0}]",2.265333333333333,3.44,1.2374999999999998,2.01,-2.2025,-1.4300000000000002,2.46,97.62666666666664,138.2,62.125,46.0,-92.2,-76.07499999999999,0.3328509406657019,0.4495296671490594,272820878436.705,28978758058.690765,486182733767.4674,1571666508793.5586,16.777210837772966,457203975708.7766,0.0328502415458937,0.0869565217391304,0.0,0.1333333333333333,0.4666666666666667,0.4,8.5e-07,11017.612,2.5,75.88888888888889,22.75,0.0,0.0,0.0,14.01653462208843
bv2,Li4.0Y4.0O8.0,"[{""element"": ""Li"", ""value"": 1.0}, {""element"": ""Y"", ""value"": 3.0}, {""element"": ""O"", ""value"": -2.0}]",2.27,3.44,1.1,1.22,-2.34,-2.22,2.46,109.9625,138.2,81.725,95.95,-42.25,-56.475,0.6942836468885673,0.5913531114327062,78049422529.50528,28978758058.690765,127120087000.3198,129885365241.86926,4.386664423053021,98141328941.62904,0.0230405496690019,0.0312662845231891,0.0,0.25,0.5,0.25,1.8e-08,12990.283124999998,5.5,96.0,54.5,0.0,0.0,0.0,19.936088085615726
be9,Li4.0Ga4.0Br16.0,"[{""element"": ""Li"", ""value"": 1.0}, {""element"": ""Ga"", ""value"": 3.0}, {""element"": ""Br"", ""value"": -1.0}]",2.438333333333333,2.96,1.395,1.81,-1.565,-1.15,1.98,151.0,196.0,61.0,54.5,-141.5,-135.0,0.2780612244897959,0.3112244897959184,142240436975.12537,5079321332.016004,416562668261.3441,708770527763.9178,82.01148165910753,411483346929.3281,0.0349303431872239,0.055045871559633,0.6666666666666666,0.1666666666666666,0.0,0.1666666666666666,7e-06,26865.083333333332,5.0,116.19999999999999,36.5,0.0,0.0,0.0,51.98108800868945
n27,Li4.0B4.0O8.0,"[{""element"": ""Li"", ""value"": 1.0}, {""element"": ""B"", ""value"": 3.0}, {""element"": ""O"", ""value"": -2.0}]",2.475,3.44,1.51,2.04,-1.93,-1.4,2.46,87.475,138.2,36.75,6.0,-132.2,-101.45,0.0434153400868306,0.2659189580318379,132840483723519.2,28978758058.690765,265651988688979.7,531179622569200.6,9167.128147830004,265623009930921.0,0.2574074074074074,0.5,0.0,0.25,0.5,0.25,1e-08,10697.682499999999,0.0,70.33333333333333,12.5,0.0,0.0,0.0,11.772638978711848
lrh,Li10.0V8.0P12.0O48.0,"[{""element"": ""Li"", ""value"": 1.0}, {""element"": ""O"", ""value"": -2.0}, {""element"": ""V"", ""value"": 3.0}, {""element"": ""P"", ""value"": 5.0}]",2.7466666666666666,3.44,1.6373333333333335,1.966,-1.8026666666666664,-1.474,2.46,102.87948717948716,138.2,46.36666666666667,35.8,-102.4,-91.83333333333331,0.2590448625180897,0.3355041003376749,6066693608591.944,28978758058.690765,15727037369445.148,23528378649788.336,542.7091574315618,15698058611386.455,0.1350853304284676,0.1952205882352941,0.0,0.2564102564102564,0.6153846153846154,0.1282051282051282,1.9e-07,12802.07717948718,0.8,78.41176470588236,34.46666666666667,0.6730116670092565,43987930984456.99,835400.7576000001,17.91964809161961
1xt,Li8.0Sb8.0O16.0,"[{""element"": ""Li"", ""value"": 1.0}, {""element"": ""O"", ""value"": -2.0}, {""element"": ""Sb"", ""value"": 3.0}]",2.4775,3.44,1.515,2.05,-1.925,-1.39,2.46,105.30833333333332,138.2,72.41666666666666,77.33333333333333,-60.86666666666666,-65.78333333333333,0.5595754944524843,0.5239990352146647,107598540117.79666,28978758058.690765,186218322176.90256,248081835595.0348,6.426028396377582,157239564118.2118,0.0268039591315453,0.0387931034482758,0.0,0.25,0.5,0.25,<1E-10,12183.79361111111,10.0,88.66666666666666,54.5,0.0,0.0,0.0,21.566691156650243
kbo,Li8.0Sr8.0Al4.0P12.0O48.0,"[{""element"": ""Li"", ""value"": 1.0}, {""element"": ""Sr"", ""value"": 2.0}, {""element"": ""Al"", ""value"": 3.0}, {""element"": ""O"", ""value"": -2.0}, {""element"": ""P"", ""value"": 5.0}]",2.666,3.44,1.505,1.68,-1.935,-1.76,2.49,107.46583333333334,138.2,61.364583333333336,59.31944444444445,-78.88055555555553,-76.83541666666665,0.4292289757195691,0.4440273757838881,5929672129962.873,28978758058.690765,14780712187819.145,19666164647505.938,510.05333485595634,14751733429760.451,0.1259719088403139,0.1630242735154803,0.0,0.3,0.6,0.1,<1E-10,13738.18323611111,2.5,88.66666666666666,45.25,1.0114042647073518,199549773516109.44,121868.07301388888,19.772754593614934
5zv,Li16.0Zn4.0P8.0O32.0,"[{""element"": ""Li"", ""value"": 1.0}, {""element"": ""Zn"", ""value"": 2.0}, {""element"": ""O"", ""value"": -2.0}, {""element"": ""P"", ""value"": 5.0}]",2.498,3.44,1.4214285714285713,2.01,-2.0185714285714287,-1.4300000000000002,2.46,98.4622222222222,138.2,53.04761904761904,33.77777777777778,-104.42222222222222,-85.15238095238095,0.244412284933269,0.3838467369581697,5254944521050.071,28978758058.690765,11227476821611.646,26031639505415.484,387.438164150189,11198498063552.955,0.0967425033819908,0.2059794214715589,0.0,0.2,0.5333333333333333,0.2666666666666666,5.55e-18,11742.046518518517,1.4285714285714286,77.0,24.571428571428573,0.6365141682948128,11181706554189.4,31313.36542222221,15.360648270811492
5bz,Li12.0B4.0N8.0,"[{""element"": ""Li"", ""value"": 1.0}, {""element"": ""B"", ""value"": 3.0}, {""element"": ""N"", ""value"": -3.0}]",1.8433333333333333,3.04,1.245,2.04,-1.795,-1.0,2.06,83.41666666666667,146.0,52.125,6.0,-140.0,-93.875,0.0410958904109589,0.3570205479452055,88604403465032.03,36866897357.61785,132888171748869.23,531179622569200.6,3604.539065487983,132851304851511.6,0.1361111111111111,0.5,0.0,0.1666666666666666,0.3333333333333333,0.5,8.7e-08,9389.458333333332,0.0,75.66666666666666,10.75,0.0,0.0,0.0,9.443520825443754
883,Li4.0Al4.0H16.0,"[{""element"": ""Li"", ""value"": 1.0}, {""element"": ""Al"", ""value"": 3.0}, {""element"": ""H"", ""value"": -1.0}]",1.8983333333333332,2.2,1.295,1.61,-0.9050000000000002,-0.5900000000000001,1.2200000000000002,112.29166666666669,140.0,56.875,46.25,-93.75,-83.125,0.3303571428571428,0.40625,223307265960.70444,13937657735.05191,642046482412.0094,1159738156065.2483,46.065593991257394,628108824676.9575,0.0398398398398398,0.0648648648648648,0.0,0.1666666666666666,0.6666666666666666,0.1666666666666666,8.7e-09,14182.552083333332,0.0,50.6,22.5,0.0,0.0,0.0,2.404572704682243
uu4,Li8.0V8.0O24.0,"[{""element"": ""Li"", ""value"": 1.0}, {""element"": ""O"", ""value"": -2.0}, {""element"": ""V"", ""value"": 5.0}]",2.586,3.44,1.305,1.63,-2.135,-1.81,2.46,104.56999999999998,138.2,54.125,40.75,-97.45,-84.07499999999999,0.2948625180897251,0.3916425470332851,607443784065.0217,28978758058.690765,1475141323074.5183,2825927837390.266,50.90422854171011,1446162565015.8276,0.0687571006589411,0.1226993865030674,0.0,0.2,0.6,0.2,2.05e-09,12702.906499999997,1.5,77.75,36.5,0.0,0.0,0.0,17.067148703062117
tws,Li24.0Zr8.0O28.0,"[{""element"": ""Li"", ""value"": 1.0}, {""element"": ""Zr"", ""value"": 4.0}, {""element"": ""O"", ""value"": -2.0}]",2.1746666666666665,3.44,1.0675,1.33,-2.3725,-2.11,2.46,101.89333333333332,138.2,70.125,78.0,-60.19999999999999,-68.07499999999999,0.5643994211287989,0.5074167872648336,106247561910.50172,28978758058.690765,173857765280.8363,322366634847.03424,5.999489865256532,144879007222.14554,0.0239316239316239,0.0512820512820512,0.0,0.1333333333333333,0.4666666666666667,0.4,5.2e-10,11546.678666666667,3.0,81.22222222222223,31.75,0.0,0.0,0.0,14.44879926571346
l9v,Li36.0Al12.0F72.0,"[{""element"": ""Li"", ""value"": 1.0}, {""element"": ""Al"", ""value"": 3.0}, {""element"": ""F"", ""value"": -1.0}]",2.8430000000000004,3.98,1.1375,1.61,-2.8425,-2.37,3.0,103.25,130.625,62.1875,46.25,-84.375,-68.4375,0.354066985645933,0.4760765550239234,163575729775.4573,17159119235.502205,383200645585.3899,1159738156065.2483,22.332186187770525,366041526349.8877,0.0273273273273273,0.0648648648648648,0.6,0.1,0.0,0.3,5e-07,11818.515625,0.0,72.71428571428571,15.75,0.0,0.0,0.0,14.546668592445762
t0h,Li8.0Zr4.0O12.0,"[{""element"": ""Li"", ""value"": 1.0}, {""element"": ""Zr"", ""value"": 4.0}, {""element"": ""O"", ""value"": -2.0}]",2.268333333333333,3.44,1.096666666666667,1.33,-2.3433333333333333,-2.11,2.46,104.59999999999998,138.2,71.0,78.0,-60.19999999999999,-67.19999999999999,0.5643994211287989,0.5137481910274965,109668754423.4412,28978758058.690765,190358750788.19165,322366634847.03424,6.56890645219017,161379992729.5009,0.0269705603038936,0.0512820512820512,0.0,0.1666666666666666,0.5,0.3333333333333333,6.1e-10,12082.369999999999,4.0,83.5,39.33333333333333,0.0,0.0,0.0,16.188653025215
4kt,Li8.0Cr4.0Cl16.0,"[{""element"": ""Li"", ""value"": 1.0}, {""element"": ""Cl"", ""value"": -1.0}, {""element"": ""Cr"", ""value"": 2.0}]",2.322857142857143,3.16,1.2066666666666668,1.66,-1.9533333333333331,-1.5000000000000002,2.18,133.64285714285714,181.0,70.5,76.5,-104.5,-110.5,0.4226519337016574,0.3895027624309392,63622878785.20343,6449680150.445433,139853810298.21408,170851813377.10156,21.683836568012666,133404130147.76865,0.0185911401597676,0.0261437908496732,0.5714285714285714,0.1428571428571428,0.0,0.2857142857142857,<1E-10,20858.392857142855,1.6666666666666665,103.0,22.333333333333332,0.0,0.0,0.0,23.499627302891128
xas,Li16.0Sn8.0S24.0,"[{""element"": ""Li"", ""value"": 1.0}, {""element"": ""Sn"", ""value"": 4.0}, {""element"": ""S"", ""value"": -2.0}]",1.9433333333333331,2.58,1.3066666666666666,1.96,-1.2733333333333334,-0.6200000000000001,1.6,126.0,184.0,68.0,69.0,-115.0,-116.0,0.375,0.3695652173913043,125204086147.64192,12278644599.949677,238129527695.3342,465678965568.46185,19.39379593219191,225850883095.3845,0.029200214707461,0.0579710144927536,0.0,0.1666666666666666,0.5,0.3333333333333333,1.5e-05,19240.25,6.666666666666666,112.75,39.33333333333333,0.0,0.0,0.0,23.94625048770438
kfp,Li16.0Ba8.0P16.0O56.0,"[{""element"": ""Li"", ""value"": 1.0}, {""element"": ""Ba"", ""value"": 2.0}, {""element"": ""O"", ""value"": -2.0}, {""element"": ""P"", ""value"": 5.0}]",2.6091666666666664,3.44,1.4460000000000002,1.7566666666666666,-1.994,-1.6833333333333331,2.55,106.98571428571428,138.2,63.28571428571429,60.47619047619048,-77.7238095238095,-74.9142857142857,0.4375990627799601,0.4579284680587142,6526649062627.52,28978758058.690765,15623387489023.88,25956075942533.957,539.1324037207456,15594408730965.19,0.1262861630440289,0.2006003951968384,0.0,0.25,0.5833333333333334,0.1666666666666666,1.59881e-17,13760.030306122448,4.0,86.1,46.8,0.6365141682948128,513719893848949.5,103573.17555555554,18.589861355964633
qy4,Li12.0Na20.0Ti8.0S32.0,"[{""element"": ""Li"", ""value"": 1.0}, {""element"": ""Na"", ""value"": 1.0}, {""element"": ""Ti"", ""value"": 4.0}, {""element"": ""S"", ""value"": -2.0}]",1.7394444444444446,2.58,1.067,1.1042857142857143,-1.513,-1.4757142857142858,1.65,131.2579365079365,184.0,89.06428571428572,98.3061224489796,-85.6938775510204,-94.93571428571428,0.5342724046140195,0.4840450310559006,110220802713.30128,12278644599.949677,188574529203.9825,216097266537.64493,15.357927144886611,176295884604.03287,0.0220756453937127,0.0251874299275261,0.0,0.3888888888888889,0.4444444444444444,0.1666666666666666,8.8e-06,19787.080782312925,0.4,124.86666666666667,28.0,0.5982695885852573,4070472034027.1494,503124.1258979593,23.684213978712997
00x,Li4.0Gd4.0P16.0O48.0,"[{""element"": ""Li"", ""value"": 1.0}, {""element"": ""Gd"", ""value"": 3.0}, {""element"": ""O"", ""value"": -2.0}, {""element"": ""P"", ""value"": 5.0}]",2.901111111111111,3.44,1.8233333333333333,1.992,-1.6166666666666667,-1.4480000000000002,2.46,105.35277777777776,138.2,39.65833333333333,34.09,-104.11,-98.54166666666666,0.2466714905933429,0.28696333815726,8681528532219.816,28978758058.690765,25986628080542.062,31159082734898.727,896.7474737154461,25957649322483.37,0.2034279966528122,0.2411506330204116,0.0,0.2777777777777778,0.6666666666666666,0.0555555555555555,<1E-10,13633.285138888887,3.5,80.52941176470588,49.5,0.5004024235381879,222528745589666.88,257130.1264,20.083817726561183
9wf,Li12.0Er4.0I24.0,"[{""element"": ""Li"", ""value"": 1.0}, {""element"": ""Er"", ""value"": 3.0}, {""element"": ""I"", ""value"": -1.0}]",2.014,2.66,1.045,1.24,-1.6150000000000002,-1.4200000000000002,1.6800000000000002,162.0025,220.00000000000003,75.00625,97.525,-122.47500000000004,-144.99375000000003,0.4432954545454544,0.3409374999999999,51830852879.23057,3591748011.3619866,124189510181.03345,123693614447.82272,34.576342713402354,120597762169.67143,0.0188014469224415,0.0307613432453217,0.6,0.1,0.0,0.3,0.00065,31357.987562500006,5.0,137.57142857142856,42.75,0.0,0.0,0.0,54.55715496145409
dmq,Li24.0Al8.0S24.0,"[{""element"": ""Li"", ""value"": 1.0}, {""element"": ""Al"", ""value"": 3.0}, {""element"": ""S"", ""value"": -2.0}]",1.7557142857142856,2.58,1.1375,1.61,-1.4425,-0.97,1.6,114.39285714285714,184.0,62.1875,46.25,-137.75,-121.8125,0.2513586956521739,0.3379755434782608,224234073734.48697,12278644599.949677,383200645585.3899,1159738156065.2483,31.208708947155326,370922000985.4402,0.0273273273273273,0.0648648648648648,0.0,0.1428571428571428,0.4285714285714285,0.4285714285714285,1.31e-08,16767.973214285714,0.0,108.5,15.75,0.0,0.0,0.0,16.23639136333672
uox,Li7.4Zn1.4Ga0.6P4.0O16.0,"[{""element"": ""Li"", ""value"": 1.0}, {""element"": ""Zn"", ""value"": 2.0}, {""element"": ""Ga"", ""value"": 3.0}, {""element"": ""O"", ""value"": -2.0}, {""element"": ""P"", ""value"": 5.0}]",2.532244897959184,3.44,1.4483582089552238,2.026,-1.991641791044776,-1.414,2.46,98.83219954648526,138.2,51.82587064676617,32.49444444444444,-105.70555555555556,-86.37412935323383,0.2351262260813635,0.3750062999042415,5369001647453.1455,28978758058.690765,11745148381058.465,26077460453561.414,405.30199248949793,11716169622999.771,0.1015456641206377,0.2085137115978192,0.0,0.2040816326530612,0.54421768707483,0.2517006802721088,5.65e-12,11856.786696900983,1.4925373134328357,77.10909090909091,25.268656716417908,0.8401356023131106,8949152919977.594,25477.975836555546,15.632059483773896
joc,Li6.0P2.0S8.0,"[{""element"": ""Li"", ""value"": 1.0}, {""element"": ""P"", ""value"": 5.0}, {""element"": ""S"", ""value"": -2.0}]",1.93125,2.58,1.2825,2.19,-1.2975,-0.3900000000000001,1.6,119.4375,184.0,54.875,17.0,-167.0,-129.125,0.092391304347826,0.2982336956521739,4918044717455.882,12278644599.949677,9823810790311.814,38922178734970.95,800.0728997687642,9811532145711.863,0.084640522875817,0.2941176470588235,0.0,0.125,0.5,0.375,2.6e-07,18672.71875,0.0,104.60000000000001,15.75,0.0,0.0,0.0,17.98552557725434
mq1,Li6.0Sb2.0S8.0,"[{""element"": ""Li"", ""value"": 1.0}, {""element"": ""Sb"", ""value"": 5.0}, {""element"": ""S"", ""value"": -2.0}]",1.91375,2.58,1.2475,2.05,-1.3325,-0.5300000000000002,1.6,124.8125,184.0,65.625,60.0,-124.0,-118.375,0.3260869565217391,0.3566576086956521,163434796953.09723,12278644599.949677,314590949306.24475,885299370948.6678,25.62098338667886,302312304706.29504,0.0319444444444444,0.0833333333333333,0.0,0.125,0.5,0.375,4.8e-09,19086.59375,5.0,110.4,31.75,0.0,0.0,0.0,21.342091066599096
ssv,Li6.0P0.4V1.6O8.0,"[{""element"": ""Li"", ""value"": 1.0}, {""element"": ""O"", ""value"": -2.0}, {""element"": ""P"", ""value"": 5.0}, {""element"": ""V"", ""value"": 5.0}]",2.30525,3.44,1.1705,1.742,-2.2695,-1.698,2.46,98.9125,138.2,59.625,36.0,-102.2,-78.57499999999999,0.2604920405209841,0.4314399421128799,1316769684427.1846,28978758058.690765,2604560610795.678,10045178016906.402,89.87826895551058,2575581852736.988,0.0503568707646657,0.1569830386142187,0.0,0.125,0.5,0.375,1.31e-13,11431.494999999999,0.6000000000000001,74.36000000000001,21.35,0.5004024235381879,29325287322971.324,556933.8384,13.352639890844431
h6c,Li6.0V2.0O8.0,"[{""element"": ""Li"", ""value"": 1.0}, {""element"": ""O"", ""value"": -2.0}, {""element"": ""V"", ""value"": 5.0}]",2.29125,3.44,1.1425,1.63,-2.2975,-1.81,2.46,99.50625,138.2,60.8125,40.75,-97.45,-77.38749999999999,0.2948625180897251,0.4400325615050651,414363411987.66754,28978758058.690765,799748065916.6443,2825927837390.266,27.597734323082864,770769307857.9535,0.0417859577368779,0.1226993865030674,0.0,0.125,0.5,0.375,9.2e-14,11465.784062499999,0.75,74.80000000000001,22.75,0.0,0.0,0.0,13.519763073921355
bsa,Li4.0Ga4.0O8.0,"[{""element"": ""Li"", ""value"": 1.0}, {""element"": ""Ga"", ""value"": 3.0}, {""element"": ""O"", ""value"": -2.0}]",2.4175,3.44,1.395,1.81,-2.045,-1.63,2.46,99.6,138.2,61.0,54.5,-83.69999999999999,-77.19999999999999,0.394356005788712,0.4413892908827786,222770713160.01743,28978758058.690765,416562668261.3441,708770527763.9178,14.374759174208863,387583910202.6533,0.0349303431872239,0.055045871559633,0.0,0.25,0.5,0.25,2.4e-14,11431.244999999999,5.0,83.66666666666666,36.5,0.0,0.0,0.0,18.760800947647134
mde,Li4.0B24.0O36.0F4.0,"[{""element"": ""Li"", ""value"": 1.0}, {""element"": ""B"", ""value"": 3.0}, {""element"": ""O"", ""value"": -2.0}, {""element"": ""F"", ""value"": -1.0}]",2.832941176470588,3.494,1.8885714285714288,2.04,-1.6054285714285712,-1.4539999999999995,3.0,86.93676470588235,137.4425,14.785714285714286,6.0,-131.4425,-122.6567857142857,0.0436546192043945,0.1075774544679723,187498826950925.1,27796794176.37191,455314584317709.0,531179622569200.7,16380.111369272208,455286787523532.6,0.4306878306878307,0.5,0.0588235294117647,0.3529411764705882,0.5294117647058824,0.0588235294117647,<1E-10,11395.78238970588,0.0,71.3125,15.0,0.0,0.0,0.0,13.399067212209072
1e9,Li12.0Sb4.0S12.0,"[{""element"": ""Li"", ""value"": 1.0}, {""element"": ""Sb"", ""value"": 3.0}, {""element"": ""S"", ""value"": -2.0}]",1.8185714285714287,2.58,1.2475,2.05,-1.3325,-0.5300000000000002,1.6,118.83333333333331,184.0,69.95833333333333,77.33333333333333,-106.66666666666669,-114.04166666666669,0.4202898550724637,0.3802083333333333,93997456524.4564,12278644599.949677,155286565467.83646,248081835595.0348,12.646881681751168,143007920867.88678,0.02080938697318,0.0387931034482758,0.0,0.1428571428571428,0.4285714285714285,0.4285714285714285,1e-09,17316.742063492064,5.0,112.25,31.75,0.0,0.0,0.0,20.136345007878358
an2,Li24.0Si4.0O16.0Cl8.0,"[{""element"": ""Li"", ""value"": 1.0}, {""element"": ""Si"", ""value"": 4.0}, {""element"": ""O"", ""value"": -2.0}, {""element"": ""Cl"", ""value"": -1.0}]",2.143076923076923,3.3466666666666662,1.1114285714285714,1.9,-2.2352380952380946,-1.4466666666666663,2.46,104.06153846153846,152.46666666666667,62.57142857142857,33.0,-119.46666666666668,-89.8952380952381,0.2164407520769567,0.410394153288775,394756136697.9117,21469065422.60899,714716483505.3142,4256886531984.5776,33.290526133133355,693247418082.7052,0.03001443001443,0.1212121212121212,0.1538461538461538,0.0769230769230769,0.3076923076923077,0.4615384615384615,1e-10,13103.496923076924,0.0,80.85714285714288,12.857142857142856,0.0,0.0,0.0,12.843161327543998
tka,Li4.0Si8.0N12.0,"[{""element"": ""Li"", ""value"": 1.0}, {""element"": ""Si"", ""value"": 4.0}, {""element"": ""N"", ""value"": -3.0}]",2.316666666666667,3.0400000000000005,1.593333333333333,1.9,-1.4466666666666674,-1.1400000000000006,2.06,95.25,146.0,44.5,33.0,-113.0,-101.5,0.2260273972602739,0.3047945205479452,1458121427466.7966,36866897357.61785,2879375957575.975,4256886531984.5776,78.1019332775777,2842509060218.3574,0.085746352413019,0.1212121212121212,0.0,0.3333333333333333,0.5,0.1666666666666666,6.17e-08,11780.375,0.0,89.0,27.0,0.0,0.0,0.0,15.712030282885603
cdk,Li8.0P4.0O8.0N4.0,"[{""element"": ""Li"", ""value"": 1.0}, {""element"": ""O"", ""value"": -2.0}, {""element"": ""P"", ""value"": 5.0}, {""element"": ""N"", ""value"": -3.0}]",2.345,3.306666666666666,1.3833333333333335,2.19,-1.923333333333333,-1.1166666666666667,2.46,95.73333333333332,140.79999999999998,50.66666666666666,17.0,-123.79999999999998,-90.13333333333333,0.1207386363636363,0.3598484848484848,6544285460993.914,31608137824.9998,13056962784162.828,38922178734970.95,413.088643704777,13025354646337.828,0.107915758896151,0.2941176470588235,0.0,0.1666666666666666,0.5,0.3333333333333333,<1E-10,11485.996666666668,0.0,77.0,18.0,0.0,0.0,0.0,13.225036445698334
fwz,Li8.0Si4.0S12.0,"[{""element"": ""Li"", ""value"": 1.0}, {""element"": ""Si"", ""value"": 4.0}, {""element"": ""S"", ""value"": -2.0}]",1.9333333333333331,2.58,1.2866666666666666,1.9,-1.2933333333333334,-0.6800000000000002,1.6,120.0,184.0,56.0,33.0,-151.0,-128.0,0.1793478260869565,0.3043478260869565,757072013883.6611,12278644599.949677,1501865383167.3728,4256886531984.5776,122.31524179578648,1489586738567.423,0.0502805836139169,0.1212121212121212,0.0,0.1666666666666666,0.5,0.3333333333333333,2e-06,18628.25,0.0,106.25,18.0,0.0,0.0,0.0,18.832298540831772
hln,Li16.0Ga16.0Ge8.0S48.0,"[{""element"": ""Li"", ""value"": 1.0}, {""element"": ""Ga"", ""value"": 3.0}, {""element"": ""Ge"", ""value"": 4.0}, {""element"": ""S"", ""value"": -2.0}]",2.097272727272727,2.58,1.518,1.8766666666666667,-1.062,-0.7033333333333334,1.6,126.72727272727272,184.0,58.0,51.66666666666666,-132.33333333333334,-126.0,0.2807971014492753,0.3152173913043478,301053549948.9667,12278644599.949677,647583436367.787,996402521440.4648,52.74062874744669,635304791767.8373,0.0453355788976052,0.0656827549527988,0.0,0.2727272727272727,0.5454545454545454,0.1818181818181818,3.8e-08,20027.727272727272,6.0,109.88888888888887,42.0,0.6365141682948128,672080151663.8274,183412.01780000003,30.11719368149565
cy2,La1.28Li0.16Ti2.0O6.0,"[{""element"": ""La"", ""value"": 3.0}, {""element"": ""Li"", ""value"": 1.0}, {""element"": ""O"", ""value"": -2.0}, {""element"": ""Ti"", ""value"": 4.0}]",2.678474576271187,3.44,1.350232558139535,1.3682926829268294,-2.089767441860465,-2.0717073170731704,2.46,117.9319209039548,138.2,82.58062015503876,83.31626016260162,-54.883739837398366,-55.61937984496123,0.6028672949537021,0.597544284768732,176127233476.73865,28978758058.690765,432781551066.35706,447826758008.1906,14.934440951190638,403802793007.6663,0.0485115477716196,0.0501552908426833,0.0,0.3474576271186441,0.6355932203389831,0.0169491525423728,0.000335,14911.10876647834,8.976744186046512,92.49137931034484,91.20930232558139,0.6688570623740269,23023349097254.566,133135.99048185605,26.672248464189018
5tl,La1.24Li0.28Ti2.0O6.0,"[{""element"": ""La"", ""value"": 3.0}, {""element"": ""Li"", ""value"": 1.0}, {""element"": ""O"", ""value"": -2.0}, {""element"": ""Ti"", ""value"": 4.0}]",2.6636974789915966,3.44,1.3404545454545451,1.371604938271605,-2.0995454545454546,-2.068395061728395,2.46,117.2918767507003,138.2,81.6530303030303,82.87613168724279,-55.3238683127572,-56.54696969696968,0.5996825737137684,0.5908323466210587,175928356454.6583,28978758058.690765,426410626447.7848,452514215630.786,14.71459286088707,397431868389.094,0.0476275046039014,0.0504631691535756,0.0,0.3403361344537815,0.6302521008403361,0.0294117647058823,0.000442,14783.770382819794,8.53409090909091,92.16017316017316,87.80681818181819,0.6653781224447001,22857981725480.73,132179.72869989328,26.042284049785362
u2y,La1.19Li0.43Ti2.0O6.0,"[{""element"": ""La"", ""value"": 3.0}, {""element"": ""Li"", ""value"": 1.0}, {""element"": ""O"", ""value"": -2.0}, {""element"": ""Ti"", ""value"": 4.0}]",2.6455717255717257,3.44,1.3288397790055246,1.3758620689655174,-2.111160220994475,-2.0641379310344825,2.46,116.50679140679138,138.2,80.551197053407,82.31044932079415,-55.88955067920584,-57.648802946592994,0.59558935832702,0.5828596024124963,175684411666.6595,28978758058.690765,418842953558.3204,458538847684.9055,14.453447339255757,389864195499.6296,0.0465773980787112,0.0508588748196126,0.0,0.3316008316008315,0.6237006237006236,0.0446985446985446,0.000853,14627.57569184569,8.00828729281768,91.74211099020675,83.76519337016575,0.6605542093996428,22629336042618.03,130857.55053507732,25.289844807726084
kxh,Pr1.12Li0.68Ti2.0O6.02,"[{""element"": ""Li"", ""value"": 1.0}, {""element"": ""O"", ""value"": -2.0}, {""element"": ""Pr"", ""value"": 3.0}, {""element"": ""Ti"", ""value"": 4.0}]",2.6192260692464355,3.4399999999999995,1.3189473684210526,1.392820512820513,-2.121052631578947,-2.047179487179487,2.46,114.24412763068564,138.2,76.29298245614035,78.2094017094017,-59.990598290598285,-61.90701754385964,0.565914628866872,0.5520476299286567,176949987968.16205,28978758058.690765,411367567982.6402,473921630890.40674,14.19548647148702,382388809923.9495,0.0454992854734379,0.0521869265144199,0.0,0.3177189409368635,0.6130346232179226,0.0692464358452138,1e-06,14145.329861959717,6.947368421052632,91.945295404814,77.73684210526315,0.652825793916348,202437667015855.25,123636.52202498357,24.192530741912687
3we,Nd1.1Li0.68Ti2.0O6.0,"[{""element"": ""Nd"", ""value"": 3.0}, {""element"": ""Li"", ""value"": 1.0}, {""element"": ""O"", ""value"": -2.0}, {""element"": ""Ti"", ""value"": 4.0}]",2.6217177914110428,3.44,1.3228571428571427,1.3980645161290322,-2.117142857142857,-2.041935483870968,2.46,114.3241308793456,138.2,76.42592592592592,78.38387096774194,-59.81612903225805,-61.77407407407407,0.5671770692311284,0.5530095942541674,177159019219.45352,28978758058.690765,412365782966.696,475542383760.6926,14.22993290918577,383387024908.0053,0.0455190519719184,0.0522541749612186,0.0,0.3169734151329243,0.6134969325153373,0.0695296523517382,8e-08,14165.938752556236,6.878306878306878,91.58241758241758,77.3862433862434,0.650390640876698,22361589908262.594,94944.76586888658,24.189451573892153
5z0,Li40.0Al8.0O32.0,"[{""element"": ""Li"", ""value"": 1.0}, {""element"": ""Al"", ""value"": 3.0}, {""element"": ""O"", ""value"": -2.0}]",2.027,3.44,1.0850000000000002,1.61,-2.3549999999999995,-1.83,2.46,93.655,138.2,63.958333333333336,46.25,-91.95,-74.24166666666665,0.3346599131693198,0.4627954655089243,189742723209.38632,28978758058.690765,296918699976.5167,1159738156065.2483,10.246080918138947,267939941917.826,0.0231564898231564,0.0648648648648648,0.0,0.1,0.4,0.5,5e-10,10131.72725,0.0,75.4,13.5,0.0,0.0,0.0,11.103481462936907
472,Li28.0Nd10.0Si22.0N38.0O14.0F4.0,"[{""element"": ""Li"", ""value"": 1.0}, {""element"": ""Nd"", ""value"": 3.0}, {""element"": ""Si"", ""value"": 4.0}, {""element"": ""O"", ""value"": -2.0}, {""element"": ""F"", ""value"": -1.0}, {""element"": ""N"", ""value"": -3.0}]",2.2434482758620686,3.207142857142857,1.344,1.6625,-1.863142857142857,-1.544642857142857,3.0,101.12327586206897,142.9517857142857,62.083333333333336,57.34375,-85.6080357142857,-80.86845238095236,0.4011404944224451,0.4342956124900587,860775189383.9819,33487164095.592106,1632910679653.1455,2952897066685.724,48.76228619992592,1599423515557.5537,0.0558665909672822,0.0917868951006913,0.0344827586206896,0.2758620689655172,0.4482758620689655,0.2413793103448276,1.7e-10,12242.845021551726,3.333333333333333,92.36363636363636,41.4,0.6210863745552451,124437597068008.22,32677.734375,16.938812581971458
9zk,Li40.0Ga8.0O32.0,"[{""element"": ""Li"", ""value"": 1.0}, {""element"": ""Ga"", ""value"": 3.0}, {""element"": ""O"", ""value"": -2.0}]",2.047,3.44,1.1183333333333334,1.81,-2.3216666666666663,-1.63,2.46,94.48,138.2,65.33333333333333,54.5,-83.69999999999999,-72.86666666666666,0.394356005788712,0.472744814278823,144645960379.25327,28978758058.690765,221757428592.9616,708770527763.9178,7.652413127706701,192778670534.2708,0.0215199909389511,0.055045871559633,0.0,0.1,0.4,0.5,5e-09,10214.846,1.6666666666666665,75.4,18.166666666666664,0.0,0.0,0.0,12.209281506222538
dnt,Li16.0Cr8.0Ti8.0P24.0O96.0,"[{""element"": ""Li"", ""value"": 1.0}, {""element"": ""O"", ""value"": -2.0}, {""element"": ""Cr"", ""value"": 3.0}, {""element"": ""Ti"", ""value"": 4.0}, {""element"": ""P"", ""value"": 5.0}]",2.7900000000000005,3.44,1.6757142857142855,1.954,-1.7642857142857142,-1.486,2.46,103.49473684210524,138.2,44.0,34.6,-103.6,-94.2,0.2503617945007236,0.3183791606367583,6239319398153.081,28978758058.690765,16885617638314.893,23590122770137.344,582.6894860061428,16856638880256.2,0.1466969658700453,0.1994498262921375,0.0,0.2631578947368421,0.631578947368421,0.1052631578947368,4.41e-07,12979.625263157894,0.9999999999999999,78.82352941176472,34.14285714285714,0.9502705392332347,45859728233620.22,735011.1976000001,18.332200330628417
g5g,Li16.0Cr8.0Zr8.0P24.0O96.0,"[{""element"": ""Li"", ""value"": 1.0}, {""element"": ""Zr"", ""value"": 4.0}, {""element"": ""O"", ""value"": -2.0}, {""element"": ""Cr"", ""value"": 3.0}, {""element"": ""P"", ""value"": 5.0}]",2.7789473684210524,3.44,1.6457142857142857,1.912,-1.7942857142857145,-1.5279999999999998,2.46,104.4157894736842,138.2,46.5,38.1,-100.1,-91.7,0.2756874095513748,0.3364688856729378,6219926875715.371,28978758058.690765,16832980791698.25,23516431184874.043,580.8730918559851,16804002033639.56,0.1445778728418613,0.1964830960526799,0.0,0.2631578947368421,0.631578947368421,0.1052631578947368,5.91e-07,13107.191052631577,2.4285714285714284,79.58823529411765,39.28571428571428,0.9502705392332347,101371178697782.1,809902.4536000001,18.96510596134812
hpu,Li16.0Cr8.0Hf8.0P24.0O96.0,"[{""element"": ""Li"", ""value"": 1.0}, {""element"": ""Hf"", ""value"": 4.0}, {""element"": ""O"", ""value"": -2.0}, {""element"": ""Cr"", ""value"": 3.0}, {""element"": ""P"", ""value"": 5.0}]",2.777368421052632,3.44,1.6414285714285717,1.906,-1.7985714285714285,-1.5339999999999998,2.46,104.1,138.2,45.642857142857146,36.9,-101.29999999999998,-92.55714285714284,0.2670043415340087,0.330266694231962,6224531832822.561,28978758058.690765,16845479960989.191,23533930021881.367,581.3044136284927,16816501202930.502,0.1451883734523619,0.1973377969073808,0.0,0.2631578947368421,0.631578947368421,0.1052631578947368,4.2e-08,13059.822631578945,3.8571428571428568,79.52941176470588,45.57142857142857,0.9502705392332347,109050549944495.48,995458.1176,19.64706266161094
c6h,Li16.0Fe8.0Ti8.0P24.0O96.0,"[{""element"": ""Li"", ""value"": 1.0}, {""element"": ""O"", ""value"": -2.0}, {""element"": ""Fe"", ""value"": 3.0}, {""element"": ""Ti"", ""value"": 4.0}, {""element"": ""P"", ""value"": 5.0}]",2.7989473684210524,3.44,1.7,1.988,-1.74,-1.4519999999999995,2.46,103.24473684210524,138.2,43.32142857142857,33.65,-104.54999999999998,-94.87857142857142,0.2434876989869754,0.3134690924126525,6246399007711.805,28978758058.690765,16904833721402.855,23617025286460.49,583.3525952756652,16875854963344.164,0.1472802442012553,0.2002664159558314,0.0,0.2631578947368421,0.631578947368421,0.1052631578947368,3.34e-07,12950.062763157894,1.1428571428571428,78.70588235294119,36.28571428571428,0.9502705392332347,40682450340079.0,584780.9656,18.401231338379368
vzu,Li16.0Fe8.0Zr8.0P24.0O96.0,"[{""element"": ""Li"", ""value"": 1.0}, {""element"": ""Zr"", ""value"": 4.0}, {""element"": ""O"", ""value"": -2.0}, {""element"": ""Fe"", ""value"": 3.0}, {""element"": ""P"", ""value"": 5.0}]",2.787894736842105,3.44,1.6700000000000002,1.946,-1.7699999999999998,-1.4939999999999998,2.46,104.1657894736842,138.2,45.82142857142857,37.15,-101.04999999999998,-92.37857142857142,0.2688133140376266,0.3315588174488319,6227006485274.094,28978758058.690765,16852196874786.213,23543333701197.19,581.5362011255074,16823218116727.52,0.1451611511730713,0.1972996857163739,0.0,0.2631578947368421,0.631578947368421,0.1052631578947368,1.44e-07,13077.628552631577,2.571428571428571,79.47058823529412,41.42857142857143,0.9502705392332347,97983175272818.42,665192.4616,19.036520213483918
a3e,Li16.0In8.0Hf8.0P24.0O96.0,"[{""element"": ""Li"", ""value"": 1.0}, {""element"": ""In"", ""value"": 3.0}, {""element"": ""Hf"", ""value"": 4.0}, {""element"": ""O"", ""value"": -2.0}, {""element"": ""P"", ""value"": 5.0}]",2.783684210526316,3.44,1.6585714285714286,1.93,-1.7814285714285714,-1.5099999999999998,2.46,105.07368421052632,138.2,48.285714285714285,40.6,-97.6,-89.91428571428571,0.2937771345875543,0.3493901178416374,6210365428541.563,28978758058.690765,16807028292226.486,23480097685613.57,579.977522093499,16778049534167.797,0.1435768751945222,0.1950816993464052,0.0,0.2631578947368421,0.631578947368421,0.1052631578947368,2.74e-08,13197.598947368419,6.0,80.88235294117649,52.85714285714285,0.9502705392332347,103987279977230.47,748798.8856,20.483537296474818
ubi,Li16.0In8.0Ti8.0P24.0O96.0,"[{""element"": ""Li"", ""value"": 1.0}, {""element"": ""In"", ""value"": 3.0}, {""element"": ""O"", ""value"": -2.0}, {""element"": ""Ti"", ""value"": 4.0}, {""element"": ""P"", ""value"": 5.0}]",2.7963157894736845,3.44,1.692857142857143,1.978,-1.7471428571428569,-1.4619999999999995,2.46,104.46842105263156,138.2,46.642857142857146,38.3,-99.9,-91.55714285714284,0.2771345875542692,0.3375025842464338,6225152993872.084,28978758058.690765,16847165969552.186,23536290433869.555,581.3625944711491,16818187211493.494,0.1450854676122055,0.1971937287311618,0.0,0.2631578947368421,0.631578947368421,0.1052631578947368,8.3e-06,13117.401578947367,3.1428571428571423,80.1764705882353,41.42857142857142,0.9502705392332347,35758405985471.84,409240.6656,19.112694638705122
9z8,Li16.0In8.0Zr8.0P24.0O96.0,"[{""element"": ""Li"", ""value"": 1.0}, {""element"": ""In"", ""value"": 3.0}, {""element"": ""Zr"", ""value"": 4.0}, {""element"": ""O"", ""value"": -2.0}, {""element"": ""P"", ""value"": 5.0}]",2.785263157894737,3.44,1.662857142857143,1.936,-1.777142857142857,-1.504,2.46,105.38947368421051,138.2,49.142857142857146,41.8,-96.4,-89.05714285714285,0.3024602026049204,0.3555923092826132,6205760471434.373,28978758058.690765,16794529122935.545,23462598848606.254,579.5462003209914,16765550364876.852,0.1429663745840216,0.1942269984917043,0.0,0.2631578947368421,0.631578947368421,0.1052631578947368,8.22e-08,13244.96736842105,4.571428571428571,80.94117647058825,46.57142857142857,0.9502705392332347,95831588584301.1,510315.6616,19.772546256999547
nhq,Li12.0P4.0S16.0,"[{""element"": ""Li"", ""value"": 1.0}, {""element"": ""P"", ""value"": 5.0}, {""element"": ""S"", ""value"": -2.0}]",1.93125,2.58,1.2825,2.19,-1.2975,-0.3900000000000001,1.6,119.4375,184.0,54.875,17.0,-167.0,-129.125,0.092391304347826,0.2982336956521739,4918044717455.882,12278644599.949677,9823810790311.814,38922178734970.95,800.0728997687642,9811532145711.863,0.084640522875817,0.2941176470588235,0.0,0.125,0.5,0.375,8.93e-07,18672.71875,0.0,104.60000000000001,15.75,0.0,0.0,0.0,17.98552557725434
w7d,Li12.0P4.0O16.0,"[{""element"": ""Li"", ""value"": 1.0}, {""element"": ""O"", ""value"": -2.0}, {""element"": ""P"", ""value"": 5.0}]",2.36125,3.44,1.2825,2.19,-2.1575,-1.25,2.46,96.5375,138.2,54.875,17.0,-121.2,-83.32499999999999,0.1230101302460202,0.3970694645441389,4926394774185.253,28978758058.690765,9823810790311.814,38922178734970.95,339.00040748522144,9794832032253.123,0.084640522875817,0.2941176470588235,0.0,0.125,0.5,0.375,4.2e-18,11294.338749999999,0.0,72.60000000000001,15.75,0.0,0.0,0.0,12.704552124949318
fj5,Li13.0O16.0P3.0Si1.0,"[{""element"": ""Li"", ""value"": 1.0}, {""element"": ""O"", ""value"": -2.0}, {""element"": ""Si"", ""value"": 4.0}, {""element"": ""P"", ""value"": 5.0}]",2.310606060606061,3.44,1.2476470588235296,2.1175,-2.1923529411764706,-1.3224999999999998,2.46,96.14242424242424,138.2,56.55882352941177,21.0,-117.2,-81.64117647058822,0.1519536903039074,0.4092534264067422,3730415011506.075,28978758058.690765,7214119720633.025,30255855684224.355,248.9450964745365,7185140962574.335,0.0703622149988932,0.2508912655971479,0.0,0.1212121212121212,0.4848484848484848,0.3939393939393939,4.49e-07,11114.396666666667,0.0,72.85000000000001,15.352941176470587,0.5623351446188083,183453430793.83066,351764.64187500003,12.436994633622396
gxz,Li8.0Zn2.0P4.0O16.0,"[{""element"": ""Li"", ""value"": 1.0}, {""element"": ""Zn"", ""value"": 2.0}, {""element"": ""O"", ""value"": -2.0}, {""element"": ""P"", ""value"": 5.0}]",2.498,3.44,1.4214285714285713,2.01,-2.0185714285714287,-1.4300000000000002,2.46,98.4622222222222,138.2,53.04761904761904,33.77777777777778,-104.42222222222222,-85.15238095238095,0.244412284933269,0.3838467369581697,5254944521050.071,28978758058.690765,11227476821611.646,26031639505415.484,387.438164150189,11198498063552.955,0.0967425033819908,0.2059794214715589,0.0,0.2,0.5333333333333333,0.2666666666666666,<1E-10,11742.046518518517,1.4285714285714286,77.0,24.571428571428573,0.6365141682948128,11181706554189.4,31313.36542222221,15.360648270811492
tbu,Li7.0Zn1.0Ga1.0P4.0O16.0,"[{""element"": ""Li"", ""value"": 1.0}, {""element"": ""Zn"", ""value"": 2.0}, {""element"": ""Ga"", ""value"": 3.0}, {""element"": ""O"", ""value"": -2.0}, {""element"": ""P"", ""value"": 5.0}]",2.5558620689655176,3.44,1.4676923076923076,2.036666666666666,-1.9723076923076923,-1.403333333333333,2.46,99.08735632183908,138.2,50.94871794871795,31.63888888888889,-106.5611111111111,-87.25128205128203,0.2289355201800932,0.3686593194552673,5447661734627.68,28978758058.690765,12116810013481.82,26108007752325.37,418.1273051433608,12087831255423.129,0.1049940872150508,0.2102032383486594,0.0,0.2068965517241379,0.5517241379310345,0.2413793103448276,<1E-10,11935.917854406129,1.5384615384615385,77.18181818181819,25.76923076923077,0.8675632284814612,7318361502555.162,19899.708858333324,15.822028679514439
uxo,Li11.52P4.0O14.92N0.56,"[{""element"": ""Li"", ""value"": 1.0}, {""element"": ""O"", ""value"": -2.0}, {""element"": ""P"", ""value"": 5.0}, {""element"": ""N"", ""value"": -3.0}]",2.357316129032258,3.425529715762273,1.2918556701030928,2.19,-2.1336740456591805,-1.2355297157622736,2.46,96.4291612903226,138.48217054263566,54.48453608247423,17.0,-121.48217054263566,-83.99763446016144,0.1227594854513496,0.3934408008552958,5083041640952.928,29264117103.096397,10123793964999.02,38922178734970.95,345.9456483629174,10094529847895.926,0.0868000808570851,0.2941176470588235,0.0,0.1290322580645161,0.4993548387096775,0.3716129032258065,1.4e-13,11307.794219354837,0.0,73.08624229979468,15.958762886597938,0.0,0.0,0.0,12.743862125548757
e6b,Li16.0Ge4.0S16.0,"[{""element"": ""Li"", ""value"": 1.0}, {""element"": ""Ge"", ""value"": 4.0}, {""element"": ""S"", ""value"": -2.0}]",1.805555555555556,2.58,1.186,2.01,-1.394,-0.5700000000000003,1.6,116.88888888888889,184.0,63.2,46.0,-138.0,-120.8,0.25,0.3434782608695652,235355591358.71545,12278644599.949677,413817148765.728,1571666508793.5586,33.702184748259924,401538504165.7783,0.0292431561996779,0.0869565217391304,0.0,0.1111111111111111,0.4444444444444444,0.4444444444444444,2e-07,17307.22222222222,2.0,106.60000000000001,20.0,0.0,0.0,0.0,17.787294178831278
pbz,Li15.0Ge3.0V1.0O16.0,"[{""element"": ""Li"", ""value"": 1.0}, {""element"": ""Ge"", ""value"": 4.0}, {""element"": ""O"", ""value"": -2.0}, {""element"": ""V"", ""value"": 5.0}]",2.2114285714285717,3.44,1.1768421052631577,1.915,-2.2631578947368425,-1.525,2.46,97.21285714285712,138.2,62.69736842105263,44.6875,-93.5125,-75.50263157894736,0.3233538350217076,0.453671262091553,281997417831.1872,28978758058.690765,495065762902.7631,1885231840942.7356,17.083746718893366,466087004844.07227,0.0318837459969832,0.0958922379301147,0.0,0.1142857142857142,0.4571428571428571,0.4285714285714285,5.66e-06,10912.575785714283,1.736842105263158,74.65,20.57894736842105,0.5623351446188083,25948465104138.41,177001.22999999998,13.163145654228998
7ek,Li14.8Ge3.4W0.6O16.0,"[{""element"": ""Li"", ""value"": 1.0}, {""element"": ""Ge"", ""value"": 4.0}, {""element"": ""O"", ""value"": -2.0}, {""element"": ""W"", ""value"": 6.0}]",2.224080459770115,3.44,1.189255319148936,1.9635,-2.250744680851064,-1.4765,2.46,97.6206896551724,138.2,63.08510638297872,46.75,-91.45,-75.11489361702127,0.3382778581765557,0.4564768913384857,249589143526.80588,28978758058.690765,437342663074.1379,1595397724040.9976,15.09183596441181,408363905015.4472,0.0311435993865117,0.0915601023017902,0.0,0.1149425287356322,0.4597701149425288,0.4252873563218391,3.8e-05,10970.555747126435,2.574468085106383,74.87,23.255319148936167,0.42270908780599087,46187708900793.09,786454.2923999999,13.562449660797196
86k,Li0.8Ca1.6Ta4.0O12.0,"[{""element"": ""Li"", ""value"": 1.0}, {""element"": ""Ca"", ""value"": 2.0}, {""element"": ""Ta"", ""value"": 5.0}, {""element"": ""O"", ""value"": -2.0}]",2.699130434782609,3.44,1.31,1.3571428571428572,-2.13,-2.0828571428571427,2.46,117.54347826086956,138.2,78.81249999999999,80.42857142857143,-57.77142857142856,-59.3875,0.5819722968782304,0.5702785817655571,155985136336.34805,28978758058.690765,394122095606.9554,432660279442.4104,13.60037910557584,365143337548.2647,0.0517288628876183,0.0570022983265903,0.0,0.3043478260869565,0.6521739130434783,0.0434782608695652,3.53e-09,14722.254347826085,14.375,89.22727272727272,107.125,0.5982695885852573,1508533829175.585,965433.6734693879,28.315499050173656
kmv,Li16.0Sn4.0S16.0,"[{""element"": ""Li"", ""value"": 1.0}, {""element"": ""Sn"", ""value"": 4.0}, {""element"": ""S"", ""value"": -2.0}]",1.7999999999999998,2.58,1.176,1.96,-1.404,-0.6200000000000001,1.6,119.44444444444444,184.0,67.8,69.0,-115.0,-116.2,0.375,0.3684782608695652,112468086555.92688,12278644599.949677,192619640120.70865,465678965568.46185,15.687369933445105,180340995520.75897,0.0234460547504025,0.0579710144927536,0.0,0.1111111111111111,0.4444444444444444,0.4444444444444444,7e-05,17601.11111111111,4.0,110.80000000000001,27.2,0.0,0.0,0.0,18.78499839005281
n7a,Li10.0Y2.0Zr2.0Cl24.0,"[{""element"": ""Li"", ""value"": 1.0}, {""element"": ""Y"", ""value"": 3.0}, {""element"": ""Zr"", ""value"": 4.0}, {""element"": ""Cl"", ""value"": -1.0}]",2.3878947368421053,3.16,1.0642857142857145,1.275,-2.095714285714286,-1.885,2.18,141.2342105263158,181.0,73.06428571428572,86.975,-94.025,-107.93571428571428,0.480524861878453,0.4036700868192581,60601168720.426346,6449680150.445432,153432291983.25076,226126000044.45172,23.78913192658931,146982611832.80533,0.0223746299827592,0.0412741679026202,0.631578947368421,0.1052631578947368,0.0,0.2631578947368421,0.0014,22694.929078947367,3.2857142857142856,106.78571428571428,35.0,0.6931471805599453,1618049997527.773,27060.25,25.462085775192705
i6k,Sm2.08Li1.52Ti4.0O11.88,"[{""element"": ""Sm"", ""value"": 3.0}, {""element"": ""Li"", ""value"": 1.0}, {""element"": ""O"", ""value"": -2.0}, {""element"": ""Ti"", ""value"": 4.0}]",2.615523613963039,3.44,1.3267368421052632,1.413421052631579,-2.1132631578947367,-2.026578947368421,2.46,113.5658316221766,138.2,75.05873684210528,76.94842105263159,-61.2515789473684,-63.14126315789471,0.5567903115241071,0.5431167644146547,178799397964.84955,28978758058.690765,412992714028.6873,485152190346.1665,14.251567068272973,384013955969.9966,0.0453224310011138,0.0529493350476886,0.0,0.3121149897330595,0.6098562628336756,0.0780287474332648,2e-07,14013.751196714577,6.526315789473684,90.99109131403117,74.89473684210526,0.6424220210762541,142616326874290.25,79948.1994459834,23.846673007182652
x94,Li16.0Si4.0S16.0,"[{""element"": ""Li"", ""value"": 1.0}, {""element"": ""Si"", ""value"": 4.0}, {""element"": ""S"", ""value"": -2.0}]",1.7933333333333334,2.58,1.164,1.9,-1.416,-0.6800000000000002,1.6,115.44444444444444,184.0,60.6,33.0,-151.0,-123.4,0.1793478260869565,0.3293478260869565,533713371713.27313,12278644599.949677,950861153403.932,4256886531984.5776,77.44023745160186,938582508803.9822,0.036094276094276,0.1212121212121212,0.0,0.1111111111111111,0.4444444444444444,0.4444444444444444,4.93e-08,17193.11111111111,0.0,105.60000000000001,14.4,0.0,0.0,0.0,16.004976284093658
e6e,Li12.8Ge0.8P3.2O16.0,"[{""element"": ""Li"", ""value"": 1.0}, {""element"": ""Ge"", ""value"": 4.0}, {""element"": ""O"", ""value"": -2.0}, {""element"": ""P"", ""value"": 5.0}]",2.3231707317073176,3.44,1.2595238095238095,2.154,-2.1804761904761905,-1.286,2.46,96.53658536585364,138.2,56.85714285714285,22.800000000000004,-115.39999999999998,-81.34285714285713,0.1649782923299566,0.4114120322513955,3898283745121.744,28978758058.690765,7583336113753.223,31452076289735.47,261.6860287247186,7554357355694.532,0.0714506736672124,0.2526854219948849,0.0,0.1219512195121951,0.4878048780487805,0.3902439024390244,1.14e-06,11174.556097560973,0.47619047619047616,73.0,16.761904761904763,0.5004024235381879,503646768850.69635,127906.36960000002,12.781588651430347
ylh,Li12.8Ge0.8V3.2O16.0,"[{""element"": ""Li"", ""value"": 1.0}, {""element"": ""Ge"", ""value"": 4.0}, {""element"": ""O"", ""value"": -2.0}, {""element"": ""V"", ""value"": 5.0}]",2.2685365853658537,3.44,1.152857142857143,1.706,-2.287142857142857,-1.734,2.46,98.85365853658536,138.2,61.38095238095238,41.8,-96.39999999999998,-76.81904761904761,0.3024602026049204,0.4441458204121012,376698291699.2382,28978758058.690765,707859752309.2832,2575075571670.925,24.42684917261301,678880994250.5924,0.038799576418497,0.11555081355028,0.0,0.1219512195121951,0.4878048780487805,0.3902439024390244,1.9e-05,11308.36707317073,1.0476190476190474,74.76,22.095238095238095,0.5004024235381879,22142690222198.117,151041.0496,13.41731434923518
eij,Li13.6Ge1.6P2.4O16.0,"[{""element"": ""Li"", ""value"": 1.0}, {""element"": ""Ge"", ""value"": 4.0}, {""element"": ""O"", ""value"": -2.0}, {""element"": ""P"", ""value"": 5.0}]",2.286904761904762,3.44,1.2386363636363638,2.118,-2.201363636363636,-1.322,2.46,96.5357142857143,138.2,58.65909090909092,28.6,-109.6,-79.54090909090907,0.2069464544138929,0.4244507301670834,2919130384108.878,28978758058.690765,5546540953245.412,23981973844499.99,191.40022985153425,5517562195186.722,0.0594599016593901,0.2112531969309463,0.0,0.119047619047619,0.4761904761904763,0.4047619047619048,4.5e-06,11060.477380952381,0.9090909090909091,73.4,17.68181818181818,0.6730116670092565,755470153276.0444,191859.55440000002,12.855391019618265
ldd,Li13.6Ge1.6V2.4O16.0,"[{""element"": ""Li"", ""value"": 1.0}, {""element"": ""Ge"", ""value"": 4.0}, {""element"": ""O"", ""value"": -2.0}, {""element"": ""V"", ""value"": 5.0}]",2.246904761904762,3.44,1.1622727272727271,1.7819999999999998,-2.2777272727272724,-1.658,2.46,98.23214285714288,138.2,61.89772727272729,42.85,-95.35,-76.30227272727271,0.3100578871201158,0.447885146691225,340826748567.4007,28978758058.690765,624324921757.137,2324223305951.583,21.54422630854952,595346163698.4462,0.0360846843108779,0.1084022405974926,0.0,0.119047619047619,0.4761904761904763,0.4047619047619048,8.89e-07,11158.446130952381,1.3181818181818181,74.72,21.499999999999996,0.6730116670092565,33214035333297.168,226561.57439999998,13.320465976400625
efb,Li14.4Ge2.4P1.6O16.0,"[{""element"": ""Li"", ""value"": 1.0}, {""element"": ""Ge"", ""value"": 4.0}, {""element"": ""O"", ""value"": -2.0}, {""element"": ""P"", ""value"": 5.0}]",2.2523255813953487,3.44,1.2195652173913043,2.082,-2.220434782608696,-1.358,2.46,96.53488372093022,138.2,60.30434782608695,34.4,-103.79999999999998,-77.89565217391304,0.2489146164978292,0.4363556282640156,1985519039887.308,28978758058.690765,3686858415390.4536,16511871399264.514,127.226239576018,3657879657331.762,0.048511805478335,0.1698209718670076,0.0,0.1162790697674418,0.4651162790697674,0.4186046511627906,1.1e-05,10951.70465116279,1.3043478260869563,73.80000000000001,18.521739130434785,0.6730116670092565,755470153276.0444,191859.55440000008,12.926157557446247
lcm,Li14.4Ge2.4V1.6O16.0,"[{""element"": ""Li"", ""value"": 1.0}, {""element"": ""Ge"", ""value"": 4.0}, {""element"": ""O"", ""value"": -2.0}, {""element"": ""V"", ""value"": 5.0}]",2.226279069767441,3.44,1.1708695652173913,1.858,-2.2691304347826087,-1.5820000000000003,2.46,97.63953488372093,138.2,62.369565217391305,43.9,-94.29999999999998,-75.83043478260868,0.3176555716353111,0.4512993141634682,306623649302.1602,28978758058.690765,548053989513.8728,2073371040232.2417,18.912266302230663,519075231455.182,0.0336058697778344,0.1012536676447052,0.0,0.1162790697674418,0.4651162790697674,0.4186046511627906,3.19e-05,11015.498255813953,1.565217391304348,74.68,20.956521739130434,0.6730116670092565,33214035333297.164,226561.57439999998,13.228773303474963
mgs,Li15.2Ge3.2P0.8O16.0,"[{""element"": ""Li"", ""value"": 1.0}, {""element"": ""Ge"", ""value"": 4.0}, {""element"": ""O"", ""value"": -2.0}, {""element"": ""P"", ""value"": 5.0}]",2.2193181818181817,3.44,1.2020833333333334,2.046,-2.2379166666666666,-1.394,2.46,96.5340909090909,138.2,61.8125,40.2,-98.0,-76.38749999999999,0.2908827785817656,0.4472684515195369,1094344574948.5372,28978758058.690765,1982149422356.7424,9041768954029.035,68.40008182346149,1953170664298.052,0.0384760506457011,0.128388746803069,0.0,0.1136363636363636,0.4545454545454545,0.4318181818181817,1.03e-06,10847.876136363637,1.6666666666666672,74.2,19.29166666666667,0.5004024235381879,503646768850.6963,127906.36960000005,12.994070802588205
31s,Li15.2Ge3.2V0.8O16.0,"[{""element"": ""Li"", ""value"": 1.0}, {""element"": ""Ge"", ""value"": 4.0}, {""element"": ""O"", ""value"": -2.0}, {""element"": ""V"", ""value"": 5.0}]",2.206590909090909,3.44,1.17875,1.934,-2.26125,-1.506,2.46,97.07386363636364,138.2,62.802083333333336,44.95,-93.25,-75.39791666666665,0.3252532561505065,0.4544289676796913,273975236367.158,28978758058.690765,478138968290.8808,1822518774512.9,16.499636296438393,449160210232.18994,0.0313336231225446,0.0941050946919178,0.0,0.1136363636363636,0.4545454545454545,0.4318181818181817,2.71e-06,10879.048011363637,1.7916666666666672,74.64,20.45833333333334,0.5004024235381879,22142690222198.113,151041.04959999997,13.141837333300796
dku,Li12.0P1.6V2.4O16.0,"[{""element"": ""Li"", ""value"": 1.0}, {""element"": ""O"", ""value"": -2.0}, {""element"": ""P"", ""value"": 5.0}, {""element"": ""V"", ""value"": 5.0}]",2.31925,3.44,1.1985,1.854,-2.2415000000000003,-1.586,2.46,98.31875,138.2,58.4375,31.25,-106.95,-79.76249999999999,0.2261215629522431,0.4228473227206947,2219175956866.701,28978758058.690765,4409373155674.712,17264428196422.54,152.15880358793828,4380394397616.021,0.0589277837924535,0.1912666907253699,0.0,0.125,0.5,0.375,3.55e-13,11397.205937499999,0.44999999999999996,73.92,19.95,0.6730116670092565,43987930984456.99,835400.7576000001,13.187582584082724
ndx,Li12.0P2.4V1.6O16.0,"[{""element"": ""Li"", ""value"": 1.0}, {""element"": ""O"", ""value"": -2.0}, {""element"": ""P"", ""value"": 5.0}, {""element"": ""V"", ""value"": 5.0}]",2.33325,3.44,1.2265,1.966,-2.2135,-1.4740000000000002,2.46,97.725,138.2,57.25,26.5,-111.7,-80.94999999999999,0.1917510853835022,0.4142547033285094,3121582229306.2183,28978758058.690765,6214185700553.746,24483678375938.67,214.439338220366,6185206942495.056,0.0674986968202414,0.2255503428365211,0.0,0.125,0.5,0.375,3.2e-13,11362.916874999999,0.30000000000000004,73.48,18.549999999999997,0.6730116670092565,43987930984456.99,835400.7576000001,13.024565616515225
m0j,Li12.0P3.2V0.8O16.0,"[{""element"": ""Li"", ""value"": 1.0}, {""element"": ""O"", ""value"": -2.0}, {""element"": ""P"", ""value"": 5.0}, {""element"": ""V"", ""value"": 5.0}]",2.34725,3.44,1.2545,2.078,-2.1855,-1.362,2.46,97.13125,138.2,56.0625,21.75,-116.45,-82.13749999999999,0.1573806078147612,0.4056620839363242,4023988501745.736,28978758058.690765,8018998245432.781,31702928555454.81,276.71987285279374,7990019487374.091,0.0760696098480292,0.2598339949476723,0.0,0.125,0.5,0.375,2.05e-13,11328.627812499999,0.15000000000000002,73.04,17.15,0.5004024235381879,29325287322971.332,556933.8384,12.863563766695462
9lo,Li12.0P4.0O16.0,"[{""element"": ""Li"", ""value"": 1.0}, {""element"": ""O"", ""value"": -2.0}, {""element"": ""P"", ""value"": 5.0}]",2.36125,3.44,1.2825,2.19,-2.1575,-1.25,2.46,96.5375,138.2,54.875,17.0,-121.2,-83.32499999999999,0.1230101302460202,0.3970694645441389,4926394774185.253,28978758058.690765,9823810790311.814,38922178734970.95,339.00040748522144,9794832032253.123,0.084640522875817,0.2941176470588235,0.0,0.125,0.5,0.375,1.75e-13,11294.338749999999,0.0,72.60000000000001,15.75,0.0,0.0,0.0,12.704552124949318
dth,Li16.0Ge4.0O16.0,"[{""element"": ""Li"", ""value"": 1.0}, {""element"": ""Ge"", ""value"": 4.0}, {""element"": ""O"", ""value"": -2.0}]",2.1877777777777774,3.44,1.186,2.01,-2.254,-1.4300000000000002,2.46,96.53333333333332,138.2,63.2,46.0,-92.2,-74.99999999999999,0.3328509406657019,0.4573082489146166,242777864007.0448,28978758058.690765,413817148765.728,1571666508793.5586,14.280016691109498,384838390707.0372,0.0292431561996779,0.0869565217391304,0.0,0.1111111111111111,0.4444444444444444,0.4444444444444444,1.3e-12,10748.662222222221,2.0,74.60000000000001,20.0,0.0,0.0,0.0,13.059299032359554
45e,Li8.0Mg4.0Br16.0,"[{""element"": ""Li"", ""value"": 1.0}, {""element"": ""Mg"", ""value"": 2.0}, {""element"": ""Br"", ""value"": -1.0}]",2.1585714285714284,2.96,1.09,1.31,-1.87,-1.65,1.98,141.57142857142858,196.0,69.0,72.0,-124.0,-127.0,0.3673469387755102,0.3520408163265306,67708187541.06086,5079321332.016004,151213342486.454,204930409941.8213,29.770383207166933,146134021154.43802,0.0191358024691358,0.0277777777777777,0.5714285714285714,0.1428571428571428,0.0,0.2857142857142857,7.8e-10,23994.35714285714,0.0,118.39999999999999,18.0,0.0,0.0,0.0,33.538592139350165
x2i,Li8.0Bi8.0O16.0,"[{""element"": ""Li"", ""value"": 1.0}, {""element"": ""O"", ""value"": -2.0}, {""element"": ""Bi"", ""value"": 3.0}]",2.44,3.44,1.44,1.9,-2.0,-1.54,2.46,111.725,138.2,85.25,103.0,-35.19999999999999,-52.94999999999999,0.7452966714905934,0.6168596237337193,71827729684.51639,28978758058.690765,114676701310.34204,104998593861.9137,3.9572676330050776,85697943251.65126,0.0219705142035239,0.029126213592233,0.0,0.25,0.5,0.25,3.8e-08,13340.932499999999,15.0,92.33333333333333,76.5,0.0,0.0,0.0,24.68503505426964
xz4,Li2.0Ce2.0Mo4.0O16.0,"[{""element"": ""Li"", ""value"": 1.0}, {""element"": ""O"", ""value"": -2.0}, {""element"": ""Ce"", ""value"": 3.0}, {""element"": ""Mo"", ""value"": 6.0}]",2.828333333333333,3.44,1.605,1.8133333333333332,-1.835,-1.6266666666666665,2.46,115.82638888888889,138.2,71.07916666666667,72.27222222222223,-65.92777777777776,-67.12083333333332,0.5229538511014633,0.5143210323203088,341639438981.89453,28978758058.690765,966960800828.302,1247829464851.4792,33.36791724717511,937982042769.6112,0.0701240204393293,0.0885604223141675,0.0,0.25,0.6666666666666666,0.0833333333333333,1.3e-08,14666.358634259257,12.75,84.27272727272728,78.75,0.6365141682948128,47974467952375.91,742574.2222222222,24.102470749793515
hja,Li2.0Ce1.0Pr1.0Mo4.0O16.0,"[{""element"": ""Li"", ""value"": 1.0}, {""element"": ""O"", ""value"": -2.0}, {""element"": ""Ce"", ""value"": 3.0}, {""element"": ""Pr"", ""value"": 3.0}, {""element"": ""Mo"", ""value"": 6.0}]",2.82875,3.44,1.6062500000000002,1.815,-1.83375,-1.6249999999999998,2.46,115.53541666666666,138.2,70.20625,71.10833333333333,-67.09166666666665,-67.99374999999999,0.5145320791123975,0.5080047033285094,342248610912.4055,28978758058.690765,968788316619.8352,1250266152573.5232,33.43098122623976,939809558561.1444,0.0703281261079353,0.0888325632056421,0.0,0.25,0.6666666666666666,0.0833333333333333,1e-09,14600.40978009259,12.625,84.86363636363637,78.75,0.8675632284814612,72340898771219.69,688425.3333333333,24.108129529533986
3nb,Li2.0Ce1.0Sm1.0Mo4.0O16.0,"[{""element"": ""Li"", ""value"": 1.0}, {""element"": ""Sm"", ""value"": 3.0}, {""element"": ""O"", ""value"": -2.0}, {""element"": ""Ce"", ""value"": 3.0}, {""element"": ""Mo"", ""value"": 6.0}]",2.830416666666667,3.44,1.61125,1.8216666666666663,-1.82875,-1.6183333333333334,2.46,115.48319444444444,138.2,70.04958333333333,70.89944444444444,-67.30055555555555,-68.15041666666666,0.5130205820871523,0.5068710805595755,342375003855.0877,28978758058.690765,969167495447.8816,1250771724344.2522,33.44406594254398,940188737389.1908,0.0703675367814078,0.0888851107702721,0.0,0.25,0.6666666666666666,0.0833333333333333,1.8e-10,14589.00375046296,12.625,84.68181818181819,78.75,0.8675632284814612,53061934001640.23,640707.4722222222,24.173438062522333
qa9,Li6.0B2.0N4.0,"[{""element"": ""Li"", ""value"": 1.0}, {""element"": ""B"", ""value"": 3.0}, {""element"": ""N"", ""value"": -3.0}]",1.8433333333333333,3.04,1.245,2.04,-1.795,-1.0,2.06,83.41666666666667,146.0,52.125,6.0,-140.0,-93.875,0.0410958904109589,0.3570205479452055,88604403465032.03,36866897357.61785,132888171748869.23,531179622569200.6,3604.539065487983,132851304851511.6,0.1361111111111111,0.5,0.0,0.1666666666666666,0.3333333333333333,0.5,1.6e-10,9389.458333333332,0.0,75.66666666666666,10.75,0.0,0.0,0.0,9.443520825443754
ihb,Li0.66La1.12Ti1.98Al0.02O5.98F0.02,"[{""element"": ""Li"", ""value"": 1.0}, {""element"": ""La"", ""value"": 3.0}, {""element"": ""Al"", ""value"": 3.0}, {""element"": ""O"", ""value"": -2.0}, {""element"": ""F"", ""value"": -1.0}, {""element"": ""Ti"", ""value"": 4.0}]",2.6187116564417177,3.4418,1.312222222222222,1.3824999999999998,-2.1295777777777785,-2.0593000000000004,3.0,115.29204158145876,138.17475,78.97028218694885,81.39668803418803,-56.77806196581196,-59.20446781305114,0.589085111673356,0.5715246974353047,176181752252.4432,28939359262.61348,409899836363.2841,470303592202.70056,14.16409508737225,380960477100.67065,0.0450336961279958,0.0514261517903994,0.0020449897750511,0.3190184049079754,0.6114519427402862,0.0674846625766871,0.00098,14386.845621023629,7.269841269841269,91.13596491228071,77.95238095238095,0.6887242133745834,23764807840778.84,131745.506877034,24.21525965780699
3k7,Li0.66La1.12Ti1.96Al0.04O5.96F0.04,"[{""element"": ""Li"", ""value"": 1.0}, {""element"": ""La"", ""value"": 3.0}, {""element"": ""Al"", ""value"": 3.0}, {""element"": ""O"", ""value"": -2.0}, {""element"": ""F"", ""value"": -1.0}, {""element"": ""Ti"", ""value"": 4.0}]",2.619959100204499,3.4436,1.3125925925925928,1.382948717948718,-2.131007407407407,-2.060651282051281,3.0,115.24740967961826,138.1495,78.89488536155204,81.30534188034189,-56.8441581196581,-59.25461463844795,0.588531568194904,0.5710833941603266,177116504718.8615,28899960466.53617,412380860674.9334,473309448580.2756,14.269253452870194,383480900208.3972,0.0450270779395594,0.0514181336005631,0.0040899795501022,0.3190184049079755,0.6094069529652352,0.0674846625766871,0.00106,14379.570494489888,7.2592592592592595,91.12280701754386,77.80423280423281,0.7156713793520737,25252776465510.26,134659.13368331688,24.195387051664053
1sz,Li0.66La1.12Ti1.94Al0.06O5.94F0.06,"[{""element"": ""Li"", ""value"": 1.0}, {""element"": ""La"", ""value"": 3.0}, {""element"": ""Al"", ""value"": 3.0}, {""element"": ""O"", ""value"": -2.0}, {""element"": ""F"", ""value"": -1.0}, {""element"": ""Ti"", ""value"": 4.0}]",2.6212065439672805,3.4454000000000007,1.3129629629629629,1.3833974358974357,-2.132437037037038,-2.062002564102565,3.0,115.20277777777775,138.12425,78.81948853615519,81.21399572649572,-56.910254273504265,-59.3047614638448,0.587977822333846,0.5706419295392026,178051257185.27972,28860561670.45888,414861884986.5827,476315304957.85065,14.374698930798266,386001323316.12384,0.045020459751123,0.0514101154107267,0.0061349693251533,0.3190184049079754,0.607361963190184,0.0674846625766871,0.000928,14372.295367956145,7.248677248677249,91.109649122807,77.65608465608466,0.7391989786469677,26728513765991.96,137489.3353826882,24.175530754265267
yh8,Li0.66La1.12Ti1.92Al0.08O5.92F0.08,"[{""element"": ""Li"", ""value"": 1.0}, {""element"": ""La"", ""value"": 3.0}, {""element"": ""Al"", ""value"": 3.0}, {""element"": ""O"", ""value"": -2.0}, {""element"": ""F"", ""value"": -1.0}, {""element"": ""Ti"", ""value"": 4.0}]",2.622453987730061,3.4472,1.3133333333333332,1.383846153846154,-2.133866666666667,-2.063353846153846,3.0,115.1581458759373,138.099,78.74409171075837,81.12264957264956,-56.976350427350425,-59.35490828924162,0.5874238739791713,0.5702003034834313,178986009651.698,28821162874.381588,417342909298.23193,479321161335.4258,14.480432698612503,388521746423.8504,0.0450138415626867,0.0514020972208903,0.0081799591002045,0.3190184049079755,0.6053169734151329,0.0674846625766871,0.000622,14365.020241422402,7.238095238095237,91.09649122807018,77.5079365079365,0.7604822988741512,28192019742223.957,140236.11197514794,24.155690752226672
coh,Li0.66La1.12Ti1.9Al0.1O5.9F0.1,"[{""element"": ""Li"", ""value"": 1.0}, {""element"": ""La"", ""value"": 3.0}, {""element"": ""Al"", ""value"": 3.0}, {""element"": ""O"", ""value"": -2.0}, {""element"": ""F"", ""value"": -1.0}, {""element"": ""Ti"", ""value"": 4.0}]",2.623701431492843,3.449,1.3137037037037036,1.3842948717948715,-2.135296296296296,-2.0647051282051283,3.0,115.1135139740968,138.07375,78.66869488536155,81.03130341880342,-57.04244658119657,-59.40505511463845,0.5868697230197878,0.5697585159044464,179920762118.11624,28781764078.30429,419823933609.8812,482327017713.00085,14.586455940216142,391042169531.5769,0.0450072233742503,0.0513940790310539,0.0102249488752556,0.3190184049079755,0.6032719836400818,0.0674846625766871,0.000176,14357.745114888661,7.227513227513226,91.08333333333334,77.35978835978834,0.7800791550354971,29643294394206.223,142899.46346069613,24.13586703217521
1pw,Li0.66La1.12Ti1.88Al0.12O5.88F0.12,"[{""element"": ""Li"", ""value"": 1.0}, {""element"": ""La"", ""value"": 3.0}, {""element"": ""Al"", ""value"": 3.0}, {""element"": ""O"", ""value"": -2.0}, {""element"": ""F"", ""value"": -1.0}, {""element"": ""Ti"", ""value"": 4.0}]",2.624948875255624,3.4508,1.314074074074074,1.3847435897435898,-2.136725925925925,-2.06605641025641,3.0,115.06888207225632,138.04849999999996,78.59329805996472,80.93995726495726,-57.108542735042704,-59.45520194003524,0.5863153693445222,0.569316566713617,180855514584.5345,28742365282.22699,422304957921.5304,485332874090.5759,14.692769846003772,393562592639.3034,0.0450006051858139,0.0513860608412176,0.0122699386503067,0.3190184049079755,0.6012269938650308,0.0674846625766871,0.000106,14350.469988354918,7.216931216931217,91.0701754385965,77.21164021164022,0.7983177955192995,31082337721938.777,145479.3898393327,24.116059580748825
bw3,Li0.66La1.12Ti1.86Al0.14O5.86F0.14,"[{""element"": ""Li"", ""value"": 1.0}, {""element"": ""La"", ""value"": 3.0}, {""element"": ""Al"", ""value"": 3.0}, {""element"": ""O"", ""value"": -2.0}, {""element"": ""F"", ""value"": -1.0}, {""element"": ""Ti"", ""value"": 4.0}]",2.626196319018405,3.4526000000000003,1.3144444444444443,1.3851923076923078,-2.138155555555556,-2.0674076923076923,3.0,115.0242501704158,138.02325,78.5179012345679,80.8486111111111,-57.17463888888889,-59.50534876543209,0.5857608128421198,0.5688744558222467,181790267050.9527,28702966486.1497,424785982233.1797,488338730468.1509,14.799375612905916,396083015747.03,0.0449939869973775,0.0513780426513812,0.0143149284253578,0.3190184049079755,0.5991820040899795,0.0674846625766871,0.000645,14343.194861821175,7.206349206349207,91.05701754385966,77.06349206349206,0.8154148624558937,32509149725421.617,147975.8911110577,24.09626838459647
my5,Li0.66La1.12Ti1.84Al0.16O5.84F0.16,"[{""element"": ""Li"", ""value"": 1.0}, {""element"": ""La"", ""value"": 3.0}, {""element"": ""Al"", ""value"": 3.0}, {""element"": ""O"", ""value"": -2.0}, {""element"": ""F"", ""value"": -1.0}, {""element"": ""Ti"", ""value"": 4.0}]",2.627443762781186,3.4544,1.3148148148148149,1.3856410256410256,-2.1395851851851853,-2.0687589743589747,3.0,114.97961826857532,137.998,78.44250440917108,80.75726495726497,-57.24073504273503,-59.55549559082891,0.5852060534012448,0.5684321831415752,182725019517.37097,28663567690.072403,427267006544.829,491344586845.726,14.906274444433953,398603438854.7566,0.0449873688089412,0.0513700244615448,0.0163599182004089,0.3190184049079754,0.5971370143149284,0.0674846625766871,0.000494,14335.919735287433,7.1957671957671945,91.0438596491228,76.9153439153439,0.831524109152622,33923730404654.734,150388.96727587114,24.076493430377983
hta,La1.13Li0.61Ti2.0O6.0,"[{""element"": ""La"", ""value"": 3.0}, {""element"": ""Li"", ""value"": 1.0}, {""element"": ""O"", ""value"": -2.0}, {""element"": ""Ti"", ""value"": 4.0}]",2.624312114989733,3.44,1.3157219251336898,1.3811501597444091,-2.12427807486631,-2.058849840255591,2.46,115.58596851471592,138.2,79.30677361853833,81.60777422790201,-56.592225772097976,-58.89322638146166,0.5905048786389437,0.5738550913063556,175398289976.91638,28978758058.690765,410295934765.5137,466022480089.51154,14.158506514825104,381317176706.8229,0.0453913954149671,0.0513504095255399,0.0,0.3213552361396303,0.6160164271047228,0.0626283367556468,0.000957,14444.375676477297,7.4144385026737964,91.23439211391019,79.20053475935829,0.6540041591532465,22320092228515.13,129069.30151374414,24.434969286923916
s3h,La1.0Li1.0Ti2.0O6.0,"[{""element"": ""La"", ""value"": 3.0}, {""element"": ""Li"", ""value"": 1.0}, {""element"": ""O"", ""value"": -2.0}, {""element"": ""Ti"", ""value"": 4.0}]",2.58,3.44,1.29,1.393333333333333,-2.15,-2.046666666666667,2.46,113.66666666666666,138.2,76.86666666666666,79.98888888888888,-58.21111111111111,-61.33333333333333,0.5787908023798038,0.5561987457790641,174801917001.59512,28978758058.690765,393536655415.95166,483263937635.01215,13.580176714920656,364557897357.26086,0.0430658418584753,0.0524828508730289,0.0,0.3,0.6,0.1,0.000925,14062.525777777775,6.25,90.11111111111111,70.25,0.6365141682948128,21501249906936.07,124334.22222222222,22.74487733338916
nua,Li2.0La2.0Ti2.0O8.0,"[{""element"": ""Li"", ""value"": 1.0}, {""element"": ""La"", ""value"": 3.0}, {""element"": ""O"", ""value"": -2.0}, {""element"": ""Ti"", ""value"": 4.0}]",2.4828571428571427,3.44,1.2066666666666668,1.32,-2.2333333333333334,-2.12,2.46,114.25238095238096,138.2,82.32222222222221,89.73333333333332,-48.46666666666667,-55.87777777777778,0.6493005306319344,0.5956745457469046,142748156105.00452,28978758058.690765,294440686833.42285,379483625870.7491,10.160569553639643,265461928774.7321,0.0353825549848542,0.0456664250698739,0.0,0.2857142857142857,0.5714285714285714,0.1428571428571428,<1E-10,14109.503968253965,7.666666666666667,92.16666666666666,72.33333333333333,0.6931471805599453,24188906145303.08,139876.0,22.613633072920187
3rx,Li2.0Nd2.0Ti2.0O8.0,"[{""element"": ""Li"", ""value"": 1.0}, {""element"": ""Nd"", ""value"": 3.0}, {""element"": ""O"", ""value"": -2.0}, {""element"": ""Ti"", ""value"": 4.0}]",2.488571428571429,3.44,1.22,1.34,-2.22,-2.1,2.46,113.1,138.2,79.63333333333334,85.7,-52.49999999999999,-58.56666666666665,0.6201157742402316,0.5762180414857695,145030663597.90256,28978758058.690765,299766537650.18494,387472402095.8922,10.344354200517044,270787779591.49417,0.0359939716498997,0.0465835500674421,0.0,0.2857142857142857,0.5714285714285714,0.1428571428571428,<1E-10,13844.609999999997,7.333333333333333,93.0,72.33333333333333,0.6931471805599453,24419872615727.67,103684.0,22.73574834410853
7e5,La2.6Li0.2Mg2.0W2.0O12.0,"[{""element"": ""La"", ""value"": 3.0}, {""element"": ""Li"", ""value"": 1.0}, {""element"": ""Mg"", ""value"": 2.0}, {""element"": ""O"", ""value"": -2.0}, {""element"": ""W"", ""value"": 6.0}]",2.6785106382978725,3.44,1.3347058823529412,1.3454545454545457,-2.105294117647059,-2.0945454545454543,2.46,118.46879432624112,138.2,83.64901960784312,84.13838383838383,-54.06161616161616,-54.55098039215687,0.6088160914499554,0.6052751057007462,235074313549.39832,28978758058.690765,598772352650.6469,613148641859.4917,20.662457357142475,569793594591.956,0.0528495911886236,0.0540021601696481,0.0,0.351063829787234,0.6382978723404255,0.0106382978723404,1.8e-07,15025.005650118203,15.088235294117647,92.87096774193547,108.26470588235294,1.0905668491367564,55032736832873.96,1461594.0495867769,28.985043364047694
sib,La2.52Li0.44Mg2.0W2.0O12.0,"[{""element"": ""La"", ""value"": 3.0}, {""element"": ""Li"", ""value"": 1.0}, {""element"": ""Mg"", ""value"": 2.0}, {""element"": ""O"", ""value"": -2.0}, {""element"": ""W"", ""value"": 6.0}]",2.6636708860759493,3.44,1.3251724137931036,1.3484662576687116,-2.1148275862068964,-2.091533742331288,2.46,117.82151898734176,138.2,82.68620689655172,83.71104294478529,-54.4889570552147,-55.513793103448265,0.6057238997451903,0.5983082988173063,234377153670.07156,28978758058.690765,588512318517.2798,619835831445.7682,20.308403739227334,559533560458.589,0.0518556614691614,0.0543553505071848,0.0,0.3438818565400843,0.6329113924050632,0.0232067510548523,6.8e-06,14896.1688185654,14.5,92.54211663066954,104.43103448275863,1.0924018062946081,55169883456894.086,1473845.7450412135,28.2777490339813
r99,La2.48Li0.56Mg2.0W2.0O12.0,"[{""element"": ""La"", ""value"": 3.0}, {""element"": ""Li"", ""value"": 1.0}, {""element"": ""Mg"", ""value"": 2.0}, {""element"": ""O"", ""value"": -2.0}, {""element"": ""W"", ""value"": 6.0}]",2.6563445378151265,3.44,1.320568181818182,1.35,-2.119431818181818,-2.09,2.46,117.50196078431374,138.2,82.22121212121213,83.49341563786008,-54.70658436213991,-55.978787878787855,0.6041491724881338,0.594943647765645,234032967595.19385,28978758058.690765,583557188396.0513,623241344661.0015,20.137411935120586,554578430337.3605,0.0513756385932848,0.0545352159568563,0.0,0.3403361344537815,0.6302521008403361,0.0294117647058823,1.2e-05,14832.562399626517,14.215909090909088,92.37662337662337,102.57954545454544,1.093246752419975,55234713466385.9,1480032.098765432,27.93494990859533
lol,Li8.0P2.0S8.0I2.0,"[{""element"": ""Li"", ""value"": 1.0}, {""element"": ""I"", ""value"": -1.0}, {""element"": ""P"", ""value"": 5.0}, {""element"": ""S"", ""value"": -2.0}]",1.909,2.596,1.222,2.19,-1.374,-0.4060000000000001,1.6800000000000002,124.3,191.2,57.4,17.0,-174.2,-133.79999999999998,0.0889121338912134,0.3002092050209205,3947230429641.718,10541265282.232138,7883919594001.205,38922178734970.95,747.9101780400091,7873378328718.973,0.0706753812636165,0.2941176470588235,0.1,0.1,0.4,0.4,0.00012,20233.800000000003,0.0,109.33333333333333,14.4,0.0,0.0,0.0,19.88055036799466
d7f,Li12.0Bi4.0O16.0,"[{""element"": ""Li"", ""value"": 1.0}, {""element"": ""O"", ""value"": -2.0}, {""element"": ""Bi"", ""value"": 5.0}]",2.325,3.44,1.21,1.9,-2.23,-1.54,2.46,103.9125,138.2,69.625,76.0,-62.19999999999999,-68.57499999999999,0.5499276410998554,0.5037988422575977,115574345438.09616,28978758058.690765,202169932817.50156,435615304993.695,6.976487136130753,173191174758.81076,0.0275584795321637,0.0657894736842105,0.0,0.125,0.5,0.375,4.1e-10,11980.213749999999,7.5,80.60000000000001,42.75,0.0,0.0,0.0,16.128660833682805
52b,Li20.1Ge2.1P3.9S24.0,"[{""element"": ""Li"", ""value"": 1.0}, {""element"": ""Ge"", ""value"": 4.0}, {""element"": ""P"", ""value"": 5.0}, {""element"": ""S"", ""value"": -2.0}]",1.8838323353293407,2.58,1.2436781609195402,2.127,-1.33632183908046,-0.4529999999999998,1.6,118.4760479041916,184.0,58.22413793103448,27.15,-156.85,-125.77586206896552,0.1475543478260869,0.316435532233883,3151521274676.711,12278644599.949677,6038181164402.469,25849499455808.86,491.76284200189457,6025902519802.52,0.0623542259371403,0.2216112531969309,0.0,0.1197604790419161,0.4790419161676646,0.4011976047904191,0.0122,18157.59131736527,0.8045977011494253,105.30000000000001,17.45977011494253,0.6474466390346325,716122749459.5837,181866.86927500003,17.910485486294924
8po,Li20.4Ge2.4P3.6S24.0,"[{""element"": ""Li"", ""value"": 1.0}, {""element"": ""Ge"", ""value"": 4.0}, {""element"": ""P"", ""value"": 5.0}, {""element"": ""S"", ""value"": -2.0}]",1.8773809523809528,2.58,1.2386363636363635,2.118,-1.3413636363636363,-0.4620000000000002,1.6,118.3452380952381,184.0,58.65909090909092,28.6,-155.4,-125.34090909090908,0.1554347826086956,0.3187994071146245,2911177949128.525,12278644599.949677,5546540953245.412,23981973844499.99,451.72257475944406,5534262308645.463,0.0594599016593901,0.2112531969309462,0.0,0.119047619047619,0.4761904761904762,0.4047619047619047,0.0132,18087.505952380954,0.9090909090909092,105.4,17.681818181818183,0.6730116670092565,755470153276.0444,191859.55440000002,17.900300175339083
ya8,Li21.0Ge3.0P3.0S24.0,"[{""element"": ""Li"", ""value"": 1.0}, {""element"": ""Ge"", ""value"": 4.0}, {""element"": ""P"", ""value"": 5.0}, {""element"": ""S"", ""value"": -2.0}]",1.864705882352941,2.58,1.228888888888889,2.1,-1.3511111111111112,-0.48,1.6,118.08823529411764,184.0,59.5,31.5,-152.5,-124.5,0.171195652173913,0.3233695652173913,2438974003639.736,12278644599.949677,4596036545008.434,20246922621882.254,374.3113914240396,4583757900408.484,0.0538642080557397,0.1905370843989769,0.0,0.1176470588235294,0.4705882352941176,0.4117647058823529,0.011,17949.808823529413,1.1111111111111112,105.60000000000001,18.11111111111111,0.6931471805599453,786948076329.2129,199853.70250000004,17.880305900946606
j8q,Li20.0Ge2.0P4.0S24.0,"[{""element"": ""Li"", ""value"": 1.0}, {""element"": ""Ge"", ""value"": 4.0}, {""element"": ""P"", ""value"": 5.0}, {""element"": ""S"", ""value"": -2.0}]",1.886,2.58,1.2453846153846155,2.13,-1.3346153846153843,-0.4500000000000002,1.6,118.52,184.0,58.07692307692308,26.666666666666668,-157.33333333333334,-125.92307692307692,0.144927536231884,0.3156354515050167,3232276632060.902,12278644599.949677,6204582466640.243,26472007992911.816,505.3149324531856,6192303822040.294,0.0633338433849942,0.2250639386189258,0.0,0.12,0.48,0.4,0.0121,18181.14,0.7692307692307693,105.26666666666668,17.384615384615387,0.6365141682948128,699509401181.5226,177647.73555555558,17.913909051392793
824,Li20.7Ge2.7P3.3S24.0,"[{""element"": ""Li"", ""value"": 1.0}, {""element"": ""Ge"", ""value"": 4.0}, {""element"": ""P"", ""value"": 5.0}, {""element"": ""S"", ""value"": -2.0}]",1.8710059171597635,2.58,1.2337078651685394,2.109,-1.3462921348314607,-0.4710000000000001,1.6,118.21597633136096,184.0,59.08426966292135,30.05,-153.95,-124.91573033707866,0.1633152173913043,0.3211101612115291,2673678923290.968,12278644599.949677,5065948836721.097,22114448233191.12,412.58208880334064,5053670192121.147,0.0566306183766455,0.2008951406649616,0.0,0.1183431952662721,0.4733727810650887,0.408284023668639,0.0144,18018.25,1.0112359550561798,105.5,17.898876404494384,0.6881388137135884,779078595565.9208,197855.16547500002,17.890241090375387
mqo,Li20.7Si2.7P3.3S24.0,"[{""element"": ""Li"", ""value"": 1.0}, {""element"": ""Si"", ""value"": 4.0}, {""element"": ""P"", ""value"": 5.0}, {""element"": ""S"", ""value"": -2.0}]",1.8651479289940824,2.58,1.2225842696629212,2.0595,-1.3574157303370789,-0.5205000000000002,1.6,117.52366863905324,184.0,57.76966292134831,24.2,-159.8,-126.2303370786517,0.1315217391304347,0.3139655593551538,2816678806182.797,12278644599.949677,5337487940189.852,23322797243627.08,434.6968345522215,5325209295589.902,0.0600946677615547,0.2163101604278074,0.0,0.1183431952662721,0.4733727810650887,0.408284023668639,0.00673,17963.55769230769,0.0,105.05000000000001,15.067415730337078,0.6881388137135884,242158528647.85645,464329.32727500005,17.00741947913618
izs,Li20.85Si2.85P3.15S24.0,"[{""element"": ""Li"", ""value"": 1.0}, {""element"": ""Si"", ""value"": 4.0}, {""element"": ""P"", ""value"": 5.0}, {""element"": ""S"", ""value"": -2.0}]",1.8616814159292037,2.58,1.219608938547486,2.05225,-1.360391061452514,-0.5277500000000002,1.6,117.42330383480828,184.0,57.91340782122904,24.6,-159.4,-126.08659217877096,0.133695652173913,0.3147467816371144,2706479348364.477,12278644599.949677,5114703441114.893,22456164938552.414,416.55277172334274,5102424796514.943,0.0588757550308651,0.2119875222816399,0.0,0.1179941002949852,0.471976401179941,0.4100294985250737,0.00527,17926.367994100296,0.0,105.075,15.033519553072626,0.6918966592050799,243993062955.79474,467846.97369375004,16.957619610686518
8nc,Li20.55Si2.55P3.45S24.0,"[{""element"": ""Li"", ""value"": 1.0}, {""element"": ""Si"", ""value"": 4.0}, {""element"": ""P"", ""value"": 5.0}, {""element"": ""S"", ""value"": -2.0}]",1.8686350148367952,2.58,1.225593220338983,2.0667500000000003,-1.354406779661017,-0.5132499999999998,1.6,117.62462908011872,184.0,57.62429378531074,23.8,-160.2,-126.37570621468926,0.1293478260869565,0.3131755097027757,2927532266718.139,12278644599.949677,5562789778237.407,24189429548701.74,453.0459150401833,5550511133637.458,0.0613273535174499,0.220632798573975,0.0,0.1186943620178041,0.4747774480712166,0.4065281899109793,0.00565,18000.968100890208,0.0,105.025,15.101694915254237,0.6818546087307833,239100971467.95923,458466.5832437499,17.057662449641803
3sx,Li20.4Si2.4P3.6S24.0,"[{""element"": ""Li"", ""value"": 1.0}, {""element"": ""Si"", ""value"": 4.0}, {""element"": ""P"", ""value"": 5.0}, {""element"": ""S"", ""value"": -2.0}]",1.872142857142857,2.58,1.2286363636363635,2.074,-1.3513636363636363,-0.5060000000000002,1.6,117.72619047619048,184.0,57.477272727272734,23.4,-160.6,-126.52272727272728,0.1271739130434782,0.3123764822134388,3039045569280.478,12278644599.949677,5790651864444.596,25056061853776.4,471.60350780641767,5778373219844.646,0.0625740470660256,0.2249554367201426,0.0,0.119047619047619,0.4761904761904762,0.4047619047619047,0.00421,18038.60119047619,0.0,105.0,15.136363636363637,0.6730116670092565,234820391416.1032,450258.74159999995,17.108354240948575
xga,Li20.01Sn1.98P4.02S24.0,"[{""element"": ""Li"", ""value"": 1.0}, {""element"": ""Sn"", ""value"": 4.0}, {""element"": ""P"", ""value"": 5.0}, {""element"": ""S"", ""value"": -2.0}]",1.8839112177564483,2.58,1.2416147635524797,2.1141,-1.3383852364475204,-0.4659,1.6,119.40881823635272,184.0,59.80911188004613,34.16,-149.84,-124.19088811995388,0.1856521739130434,0.3250495210872072,3202804040393.3315,12278644599.949677,6146772110329.556,26231533811068.125,500.6067290484772,6134493465729.606,0.0612679736376996,0.2161892583120205,0.0,0.1199760047990401,0.4799040191961607,0.400119976004799,0.00373,18282.405968806237,1.5224913494809689,106.64600000000002,20.100346020761243,0.6341786357122057,3841994407044.5664,7796.279709239998,18.25599170491026
xn9,Li19.8Sn1.8P4.2S24.0,"[{""element"": ""Li"", ""value"": 1.0}, {""element"": ""Sn"", ""value"": 4.0}, {""element"": ""P"", ""value"": 5.0}, {""element"": ""S"", ""value"": -2.0}]",1.8885542168674696,2.58,1.245348837209302,2.121,-1.334651162790698,-0.4590000000000001,1.6,119.4397590361446,184.0,59.38372093023256,32.6,-151.4,-124.61627906976744,0.1771739130434782,0.3227376137512639,3354784849572.764,12278644599.949677,6464092947221.893,27385228804150.2,526.4500405238853,6451814302621.943,0.0632936153902073,0.2232736572890026,0.0,0.1204819277108433,0.4819277108433735,0.3975903614457832,0.00365,18324.1234939759,1.3953488372093024,106.46000000000001,19.74418604651163,0.6108643020548934,3649112733963.632,7404.878963999998,18.241789164384187
sg4,Li19.71Sn1.68P4.32S24.0,"[{""element"": ""Li"", ""value"": 1.0}, {""element"": ""Sn"", ""value"": 4.0}, {""element"": ""P"", ""value"": 5.0}, {""element"": ""S"", ""value"": -2.0}]",1.890754375377188,2.58,1.2473512252042007,2.1256,-1.3326487747957994,-0.4544000000000001,1.6,119.40826795413398,184.0,59.11260210035006,31.56,-152.44,-124.88739789964994,0.1715217391304348,0.3212641418497285,3453467582946.362,12278644599.949677,6665779310690.971,28154358799538.254,542.875824479706,6653500666091.021,0.064565520795097,0.2279965899403239,0.0,0.1207000603500301,0.4828002414001207,0.3964996982498491,0.00436,18338.254828002413,1.306884480746791,106.33600000000001,19.483080513418905,0.5929533174474744,3503148224605.086,7108.683805439998,18.214558404258522
ns3,Li19.62Sn1.62P4.38S24.0,"[{""element"": ""Li"", ""value"": 1.0}, {""element"": ""Sn"", ""value"": 4.0}, {""element"": ""P"", ""value"": 5.0}, {""element"": ""S"", ""value"": -2.0}]",1.892684401451028,2.58,1.2488290398126465,2.1279,-1.3311709601873538,-0.4521000000000001,1.6,119.43954050785972,184.0,58.961358313817335,31.040000000000003,-152.96,-125.03864168618269,0.168695652173913,0.3204421647490073,3506007085885.5195,12278644599.949677,6778820614021.886,28538923797232.28,552.0821584859349,6766541969421.937,0.0652933256933089,0.2303580562659846,0.0,0.120918984280532,0.4836759371221281,0.3954050785973397,0.00496,18357.84492140266,1.2646370023419207,106.274,19.37002341920375,0.583258840128597,3424952951734.437,6950.007827639998,18.216840761157627
g8j,Li19.56Sn1.56P4.44S24.0,"[{""element"": ""Li"", ""value"": 1.0}, {""element"": ""Sn"", ""value"": 4.0}, {""element"": ""P"", ""value"": 5.0}, {""element"": ""S"", ""value"": -2.0}]",1.8940677966101696,2.58,1.25,2.1302000000000003,-1.33,-0.4497999999999997,1.6,119.43946731234868,184.0,58.81924882629109,30.52,-153.48,-125.18075117370891,0.1658695652173913,0.3196698305776689,3556658601680.3496,12278644599.949677,6884714899408.426,28923488794926.3,560.7064235279391,6872436254808.477,0.0659661546685309,0.2327195225916454,0.0,0.1210653753026634,0.4842615012106537,0.3946731234866827,0.00453,18369.139830508477,1.2206572769953052,106.21200000000002,19.244131455399064,0.5730569171314204,3343282333402.87,6784.279584159998,18.208491985548513
bim,Li19.5Sn1.5P4.5S24.0,"[{""element"": ""Li"", ""value"": 1.0}, {""element"": ""Sn"", ""value"": 4.0}, {""element"": ""P"", ""value"": 5.0}, {""element"": ""S"", ""value"": -2.0}]",1.8954545454545453,2.58,1.2511764705882351,2.1325,-1.3288235294117647,-0.4475000000000002,1.6,119.43939393939394,184.0,58.6764705882353,30.0,-154.0,-125.3235294117647,0.1630434782608695,0.3188938618925831,3607432909028.621,12278644599.949677,6991107510843.842,29308053792620.324,569.3712733466115,6978828866243.893,0.0666421498977539,0.235080988917306,0.0,0.1212121212121212,0.4848484848484848,0.3939393939393939,0.0036,18380.46212121212,1.1764705882352942,106.15,19.11764705882353,0.5623351446188083,3258136369610.3857,6611.499074999998,18.200126810649525
02p,Li20.0Si2.0P4.0S24.0,"[{""element"": ""Li"", ""value"": 1.0}, {""element"": ""Si"", ""value"": 4.0}, {""element"": ""P"", ""value"": 5.0}, {""element"": ""S"", ""value"": -2.0}]",1.8816,2.58,1.236923076923077,2.0933333333333333,-1.343076923076923,-0.4866666666666668,1.6,118.0,184.0,57.07692307692308,22.33333333333333,-161.66666666666666,-126.92307692307692,0.1213768115942029,0.3102006688963211,3339685432988.5425,12278644599.949677,6411137853039.552,27367081333975.49,522.1372604160094,6398859208439.603,0.0659688894983012,0.2364824717765894,0.0,0.12,0.48,0.4,0.0023,18140.059999999998,0.0,104.93333333333334,15.230769230769232,0.6365141682948128,217426288348.2437,416906.2422222222,17.24577111844002
9lx,Li20.0Sn2.0P4.0S24.0,"[{""element"": ""Li"", ""value"": 1.0}, {""element"": ""Sn"", ""value"": 4.0}, {""element"": ""P"", ""value"": 5.0}, {""element"": ""S"", ""value"": -2.0}]",1.884,2.58,1.2415384615384617,2.1133333333333333,-1.3384615384615386,-0.4666666666666668,1.6,119.44,184.0,59.84615384615385,34.333333333333336,-149.66666666666666,-124.15384615384616,0.1865942028985507,0.3252508361204013,3188037130331.898,12278644599.949677,6119506501776.774,26103345478503.453,498.3861575244107,6107227857176.825,0.0611041889814268,0.2154021028701336,0.0,0.12,0.48,0.4,0.007,18286.94,1.5384615384615385,106.66666666666667,20.153846153846153,0.6365141682948128,3861494956575.2715,7835.8507555555525,18.269338548160913
mtn,Li20.0Ge2.0P4.0S24.0,"[{""element"": ""Li"", ""value"": 1.0}, {""element"": ""Ge"", ""value"": 4.0}, {""element"": ""P"", ""value"": 5.0}, {""element"": ""S"", ""value"": -2.0}]",1.886,2.58,1.2453846153846155,2.13,-1.3346153846153843,-0.4500000000000002,1.6,118.52,184.0,58.07692307692308,26.666666666666668,-157.33333333333334,-125.92307692307692,0.144927536231884,0.3156354515050167,3232276632060.902,12278644599.949677,6204582466640.243,26472007992911.816,505.3149324531856,6192303822040.294,0.0633338433849942,0.2250639386189258,0.0,0.12,0.48,0.4,0.0246,18181.14,0.7692307692307693,105.26666666666668,17.384615384615387,0.6365141682948128,699509401181.5226,177647.73555555558,17.913909051392793
9rc,Li20.0Ge1.55Sn0.45P4.0S24.0,"[{""element"": ""Li"", ""value"": 1.0}, {""element"": ""Ge"", ""value"": 4.0}, {""element"": ""Sn"", ""value"": 4.0}, {""element"": ""P"", ""value"": 5.0}, {""element"": ""S"", ""value"": -2.0}]",1.88555,2.58,1.2445192307692308,2.12625,-1.3354807692307693,-0.4537499999999999,1.6,118.727,184.0,58.475,28.391666666666666,-155.60833333333335,-125.525,0.154302536231884,0.3177989130434782,3222322744171.8755,12278644599.949677,6185440374545.962,26389058927169.934,503.7559580942112,6173161729946.013,0.0628321711441916,0.2228900255754475,0.0,0.12,0.48,0.4,0.0141,18204.945,0.9423076923076923,105.58166666666668,18.00769230769231,0.8142354485405789,1522030235061.0176,149106.0153595556,17.993272955893186
13q,Li20.0Sn2.0P4.0S24.0,"[{""element"": ""Li"", ""value"": 1.0}, {""element"": ""Sn"", ""value"": 4.0}, {""element"": ""P"", ""value"": 5.0}, {""element"": ""S"", ""value"": -2.0}]",1.884,2.58,1.2415384615384617,2.1133333333333333,-1.3384615384615386,-0.4666666666666668,1.6,119.44,184.0,59.84615384615385,34.333333333333336,-149.66666666666666,-124.15384615384616,0.1865942028985507,0.3252508361204013,3188037130331.898,12278644599.949677,6119506501776.774,26103345478503.453,498.3861575244107,6107227857176.825,0.0611041889814268,0.2154021028701336,0.0,0.12,0.48,0.4,0.00398,18286.94,1.5384615384615385,106.66666666666667,20.153846153846153,0.6365141682948128,3861494956575.2715,7835.8507555555525,18.269338548160913
ik8,Li20.0Ge0.83Sn1.17P4.0S24.0,"[{""element"": ""Li"", ""value"": 1.0}, {""element"": ""Ge"", ""value"": 4.0}, {""element"": ""Sn"", ""value"": 4.0}, {""element"": ""P"", ""value"": 5.0}, {""element"": ""S"", ""value"": -2.0}]",1.88483,2.58,1.2431346153846154,2.12025,-1.3368653846153846,-0.4597500000000001,1.6,119.0582,184.0,59.11192307692308,31.151666666666667,-152.84833333333333,-124.88807692307692,0.169302536231884,0.3212604515050167,3206396523549.4346,12278644599.949677,6154813027195.113,26256340421982.92,501.2615991198522,6142534382595.164,0.0620294955589073,0.2194117647058823,0.0,0.12,0.48,0.4,0.00743,18243.033,1.2192307692307691,106.08566666666667,19.004615384615384,0.8627230891133999,2703914740177.5215,91765.28519379557,18.12098719030218
nip,Li19.62Sn1.62P4.38S24.0,"[{""element"": ""Li"", ""value"": 1.0}, {""element"": ""Sn"", ""value"": 4.0}, {""element"": ""P"", ""value"": 5.0}, {""element"": ""S"", ""value"": -2.0}]",1.892684401451028,2.58,1.2488290398126465,2.1279,-1.3311709601873538,-0.4521000000000001,1.6,119.43954050785972,184.0,58.961358313817335,31.040000000000003,-152.96,-125.03864168618269,0.168695652173913,0.3204421647490073,3506007085885.5195,12278644599.949677,6778820614021.886,28538923797232.28,552.0821584859349,6766541969421.937,0.0652933256933089,0.2303580562659846,0.0,0.120918984280532,0.4836759371221281,0.3954050785973397,0.0055,18357.84492140266,1.2646370023419207,106.274,19.37002341920375,0.583258840128597,3424952951734.437,6950.007827639998,18.216840761157627
1hh,Li20.0Ge2.0P4.0S24.0,"[{""element"": ""Li"", ""value"": 1.0}, {""element"": ""Ge"", ""value"": 4.0}, {""element"": ""P"", ""value"": 5.0}, {""element"": ""S"", ""value"": -2.0}]",1.886,2.58,1.2453846153846155,2.13,-1.3346153846153843,-0.4500000000000002,1.6,118.52,184.0,58.07692307692308,26.666666666666668,-157.33333333333334,-125.92307692307692,0.144927536231884,0.3156354515050167,3232276632060.902,12278644599.949677,6204582466640.243,26472007992911.816,505.3149324531856,6192303822040.294,0.0633338433849942,0.2250639386189258,0.0,0.12,0.48,0.4,0.012,18181.14,0.7692307692307693,105.26666666666668,17.384615384615387,0.6365141682948128,699509401181.5226,177647.73555555558,17.913909051392793
8ub,Li21.0Sn0.6Si2.4P3.0S24.0,"[{""element"": ""Li"", ""value"": 1.0}, {""element"": ""Si"", ""value"": 4.0}, {""element"": ""Sn"", ""value"": 4.0}, {""element"": ""P"", ""value"": 5.0}, {""element"": ""S"", ""value"": -2.0}]",1.858941176470588,2.58,1.2179999999999995,2.051,-1.3620000000000003,-0.5289999999999999,1.6,117.7470588235294,184.0,58.85555555555556,28.6,-155.4,-125.14444444444445,0.1554347826086956,0.3198671497584541,2552325680693.135,12278644599.949677,4810145268331.521,21210411876836.152,391.7488798683232,4797866623731.572,0.0562650278478638,0.2013407734635356,0.0,0.1176470588235294,0.4705882352941176,0.4117647058823529,0.00879,17932.59705882353,0.4444444444444445,105.62,16.42222222222222,0.9433483923290393,1468860829679.5615,432856.07987599995,17.197432455590548
7tu,Li20.4Sn0.48Si1.92P3.6S24.0,"[{""element"": ""Li"", ""value"": 1.0}, {""element"": ""Si"", ""value"": 4.0}, {""element"": ""Sn"", ""value"": 4.0}, {""element"": ""P"", ""value"": 5.0}, {""element"": ""S"", ""value"": -2.0}]",1.8727142857142856,2.58,1.2297272727272728,2.0788,-1.3502727272727273,-0.5012000000000003,1.6,118.06904761904762,184.0,58.131818181818176,26.28,-157.72,-125.86818181818182,0.1428260869565217,0.3159337944664031,3002938830552.705,12278644599.949677,5721720817782.483,24752765248463.11,465.9896107593124,5709442173182.534,0.0614242087620371,0.2198961481825931,0.0,0.119047619047619,0.4761904761904762,0.4047619047619047,0.00782,18073.57261904762,0.36363636363636365,105.41600000000001,16.3,0.8731726364245316,1280717338912.633,397661.07013504,17.344835600444874
ui6,Li20.7Sn0.54Si2.16P3.3S24.0,"[{""element"": ""Li"", ""value"": 1.0}, {""element"": ""Si"", ""value"": 4.0}, {""element"": ""Sn"", ""value"": 4.0}, {""element"": ""P"", ""value"": 5.0}, {""element"": ""S"", ""value"": -2.0}]",1.8657869822485205,2.58,1.2237977528089887,2.0649,-1.3562022471910111,-0.5151000000000003,1.6,117.90710059171596,184.0,58.49775280898877,27.44,-156.56,-125.50224719101124,0.1491304347826086,0.3179225696140694,2776299080623.335,12278644599.949677,5260811832105.03,22981588562649.63,428.45216255600326,5248533187505.081,0.0588156341425113,0.2106184608230644,0.0,0.1183431952662721,0.4733727810650887,0.408284023668639,0.011,18002.66775147929,0.404494382022472,105.518,16.361797752808993,0.913319904305773,1381390876494.159,418469.58789516,17.27054067580625
nkr,Li20.0Ge2.0P4.0S24.0,"[{""element"": ""Li"", ""value"": 1.0}, {""element"": ""Ge"", ""value"": 4.0}, {""element"": ""P"", ""value"": 5.0}, {""element"": ""S"", ""value"": -2.0}]",1.886,2.58,1.2453846153846155,2.13,-1.3346153846153843,-0.4500000000000002,1.6,118.52,184.0,58.07692307692308,26.666666666666668,-157.33333333333334,-125.92307692307692,0.144927536231884,0.3156354515050167,3232276632060.902,12278644599.949677,6204582466640.243,26472007992911.816,505.3149324531856,6192303822040.294,0.0633338433849942,0.2250639386189258,0.0,0.12,0.48,0.4,0.00143,18181.14,0.7692307692307693,105.26666666666668,17.384615384615387,0.6365141682948128,699509401181.5226,177647.73555555558,17.913909051392793
906,Li19.6Ba0.2Ge2.0P4.0S24.0,"[{""element"": ""Li"", ""value"": 1.0}, {""element"": ""Ba"", ""value"": 2.0}, {""element"": ""Ge"", ""value"": 4.0}, {""element"": ""P"", ""value"": 5.0}, {""element"": ""S"", ""value"": -2.0}]",1.8892771084337352,2.58,1.2467441860465118,2.09,-1.3332558139534882,-0.4900000000000002,1.69,119.04589787722318,184.0,58.6234772978959,30.56221198156681,-153.4377880184332,-125.3765227021041,0.1660989781606892,0.318605854879869,3244354693796.658,12278644599.949677,6250937065142.434,25618842262742.4,509.0901535799849,6238658420542.484,0.0637002783092441,0.218241420969053,0.0,0.1244979919678715,0.4819277108433735,0.3935742971887551,0.000561,18304.850135234818,0.930232558139535,105.88079470198676,18.496124031007753,0.7584873205812663,71079219484787.67,176536.36566077007,18.19911264917187
fnu,Li19.2Ba0.4Ge2.0P4.0S24.0,"[{""element"": ""Li"", ""value"": 1.0}, {""element"": ""Ba"", ""value"": 2.0}, {""element"": ""Ge"", ""value"": 4.0}, {""element"": ""P"", ""value"": 5.0}, {""element"": ""S"", ""value"": -2.0}]",1.8925806451612903,2.58,1.248125,2.0525,-1.331875,-0.5275000000000003,1.69,119.57603686635947,184.0,59.17857142857143,34.21428571428571,-149.78571428571428,-124.82142857142856,0.185947204968944,0.3216226708074534,3256530159256.0903,12278644599.949677,6298015954246.223,24818999390708.57,512.9243625368906,6285737309646.273,0.0640724387791854,0.2118453106722972,0.0,0.1290322580645161,0.4838709677419355,0.3870967741935484,0.000572,18429.55793285056,1.09375,106.48684210526315,19.625,0.8305236914828464,132797559949900.95,175214.778125,18.49121221376227
pfi,Li18.8Ba0.6Ge2.0P4.0S24.0,"[{""element"": ""Li"", ""value"": 1.0}, {""element"": ""Ba"", ""value"": 2.0}, {""element"": ""Ge"", ""value"": 4.0}, {""element"": ""P"", ""value"": 5.0}, {""element"": ""S"", ""value"": -2.0}]",1.895910931174089,2.58,1.249527559055118,2.017272727272728,-1.330472440944882,-0.5627272727272725,1.69,120.11046847888952,184.0,59.74240719910011,37.64502164502165,-146.35497835497836,-124.25759280089989,0.204592508940335,0.3246869956472832,3268804211480.3745,12278644599.949677,6345836243178.415,24067631844252.56,516.8189527372119,6333557598578.466,0.0644504600439289,0.2058368434238296,0.0,0.1336032388663967,0.4858299595141699,0.3805668016194332,0.000707,18555.275510204083,1.2598425196850394,107.08496732026144,20.771653543307085,0.8832853412536135,187017697752540.1,173726.7384756658,18.790422516988027
f0h,Li18.4Ba0.8Ge2.0P4.0S24.0,"[{""element"": ""Li"", ""value"": 1.0}, {""element"": ""Ba"", ""value"": 2.0}, {""element"": ""Ge"", ""value"": 4.0}, {""element"": ""P"", ""value"": 5.0}, {""element"": ""S"", ""value"": -2.0}]",1.8992682926829267,2.58,1.250952380952381,1.9841176470588235,-1.329047619047619,-0.5958823529411765,1.69,120.6492450638792,184.0,60.31519274376417,40.87394957983193,-143.12605042016807,-123.68480725623584,0.2221410303251735,0.3277999605639357,3281178052747.135,12278644599.949677,6394415584315.883,23360462388764.543,520.7753618296022,6382136939715.934,0.064834481646208,0.200181815425272,0.0,0.1382113821138211,0.4878048780487805,0.3739837398373983,0.000316,18682.015181682433,1.4285714285714288,107.67532467532469,21.93650793650794,0.923840705630872,234723048716551.66,172108.04809688585,19.096966428720183
7iw,Li18.0Ba1.0Ge2.0P4.0S24.0,"[{""element"": ""Li"", ""value"": 1.0}, {""element"": ""Ba"", ""value"": 2.0}, {""element"": ""Ge"", ""value"": 4.0}, {""element"": ""P"", ""value"": 5.0}, {""element"": ""S"", ""value"": -2.0}]",1.9026530612244896,2.58,1.2524000000000002,1.9528571428571424,-1.3276,-0.6271428571428574,1.69,121.19241982507288,184.0,60.89714285714285,43.91836734693878,-140.0816326530612,-123.10285714285716,0.2386867790594498,0.3309627329192546,3293652904963.0107,12278644599.949677,6443772194911.55,22693702616447.27,524.7950734674705,6431493550311.601,0.0652246475941236,0.1948499318837747,0.0,0.1428571428571428,0.4897959183673469,0.3673469387755102,9.98e-05,18809.789462723864,1.6,108.25806451612902,23.119999999999997,0.9556998911125343,276748910840939.84,170388.07265306124,19.41107527354653
ikh,Li19.2P6.0S24.0,"[{""element"": ""Li"", ""value"": 1.0}, {""element"": ""P"", ""value"": 5.0}, {""element"": ""S"", ""value"": -2.0}]",1.9080487804878048,2.58,1.2680952380952382,2.19,-1.311904761904762,-0.3900000000000001,1.6,118.17073170731706,184.0,55.47619047619048,17.0,-167.0,-128.52380952380952,0.092391304347826,0.3015010351966873,4801125451390.099,12278644599.949677,9361931934047.385,38922178734970.95,762.4564631576479,9349653289447.434,0.0813154891586264,0.2941176470588235,0.0,0.1219512195121951,0.4878048780487805,0.3902439024390243,0.0012,18328.414634146342,0.0,104.60000000000001,15.428571428571427,0.0,0.0,0.0,17.57266949656064
hd3,Li14.0Ge2.0P2.0S16.0,"[{""element"": ""Li"", ""value"": 1.0}, {""element"": ""Ge"", ""value"": 4.0}, {""element"": ""P"", ""value"": 5.0}, {""element"": ""S"", ""value"": -2.0}]",1.8647058823529408,2.58,1.2288888888888887,2.1,-1.3511111111111114,-0.4800000000000004,1.6,118.08823529411764,184.0,59.5,31.5,-152.5,-124.5,0.171195652173913,0.3233695652173913,2438974003639.735,12278644599.949677,4596036545008.434,20246922621882.25,374.3113914240396,4583757900408.484,0.0538642080557397,0.1905370843989769,0.0,0.1176470588235294,0.4705882352941176,0.4117647058823529,0.007,17949.808823529413,1.1111111111111112,105.60000000000001,18.11111111111111,0.6931471805599453,786948076329.2129,199853.70250000004,17.880305900946606
ete,Li19.08Si3.48P2.88S23.4Cl0.6,"[{""element"": ""Li"", ""value"": 1.0}, {""element"": ""Si"", ""value"": 4.0}, {""element"": ""Cl"", ""value"": -1.0}, {""element"": ""P"", ""value"": 5.0}, {""element"": ""S"", ""value"": -2.0}]",1.898980582524272,2.5945,1.2428301886792454,2.0313207547169814,-1.3516698113207546,-0.5631792452830187,2.18,118.64684466019418,183.925,57.06367924528302,25.75471698113208,-158.1702830188679,-126.86132075471696,0.140028364720033,0.3102551542491941,2620827664459.326,12132920488.712069,5081860441790.094,19954377340884.062,418.848903404422,5069727521301.382,0.060988351887353,0.1995089631049675,0.012135922330097,0.1286407766990291,0.4733009708737864,0.3859223300970874,0.025,18273.50910194175,0.0,105.16996047430831,15.75,0.6886905739680003,242427602387.57544,464845.26544677827,17.585161445103285
k4x,Li20.7Si2.7P3.3S24.0,"[{""element"": ""Li"", ""value"": 1.0}, {""element"": ""Si"", ""value"": 4.0}, {""element"": ""P"", ""value"": 5.0}, {""element"": ""S"", ""value"": -2.0}]",1.8651479289940824,2.58,1.2225842696629212,2.0595,-1.3574157303370789,-0.5205000000000002,1.6,117.52366863905324,184.0,57.76966292134831,24.2,-159.8,-126.2303370786517,0.1315217391304347,0.3139655593551538,2816678806182.797,12278644599.949677,5337487940189.852,23322797243627.08,434.6968345522215,5325209295589.902,0.0600946677615547,0.2163101604278074,0.0,0.1183431952662721,0.4733727810650887,0.408284023668639,0.0065,17963.55769230769,0.0,105.05000000000001,15.067415730337078,0.6881388137135884,242158528647.85645,464329.32727500005,17.00741947913618
ia5,Li2.0La2.0Nb4.0O14.0,"[{""element"": ""Li"", ""value"": 1.0}, {""element"": ""La"", ""value"": 3.0}, {""element"": ""Nb"", ""value"": 5.0}, {""element"": ""O"", ""value"": -2.0}]",2.669090909090909,3.44,1.32,1.4333333333333336,-2.12,-2.0066666666666664,2.46,116.48787878787878,138.2,78.49166666666666,82.15555555555555,-56.04444444444444,-59.70833333333333,0.594468564077826,0.5679570670525808,170137133938.70212,28978758058.690765,417164291728.722,514767452718.7059,14.395520017933062,388185533670.03125,0.0492236768933157,0.0606932975861494,0.0,0.2727272727272727,0.6363636363636364,0.0909090909090909,<1E-8,14593.829343434343,12.25,87.8,78.75,0.6365141682948128,14735941343292.676,538722.0,24.85191442261795
sg0,Li4.0Sc4.0O8.0,"[{""element"": ""Li"", ""value"": 1.0}, {""element"": ""Sc"", ""value"": 3.0}, {""element"": ""O"", ""value"": -2.0}]",2.305,3.44,1.17,1.36,-2.27,-2.08,2.46,106.1625,138.2,74.125,80.75,-57.44999999999999,-64.07499999999999,0.5842981186685963,0.5363603473227208,100054377451.10112,28978758058.690765,171129996843.51147,217905184928.2526,5.905359936299595,142151238784.8207,0.0259832588005962,0.0371517027863777,0.0,0.25,0.5,0.25,<1E-10,12318.823124999999,0.5,90.0,36.5,0.0,0.0,0.0,16.811406996763818
97b,Li3.6Sc3.6Zr0.4O8.0,"[{""element"": ""Li"", ""value"": 1.0}, {""element"": ""Sc"", ""value"": 3.0}, {""element"": ""Zr"", ""value"": 4.0}, {""element"": ""O"", ""value"": -2.0}]",2.338205128205128,3.44,1.178421052631579,1.3570000000000002,-2.261578947368421,-2.083,2.46,107.08333333333331,138.2,74.32894736842105,80.475,-57.725,-63.87105263157893,0.5823082489146165,0.5378360880493565,102109788184.7194,28978758058.690765,179089819896.32846,228351329920.1308,6.180037789529052,150111061837.6377,0.027314774194357,0.038564737635945,0.0,0.2564102564102564,0.5128205128205128,0.2307692307692307,<1E-10,12506.66955128205,1.1052631578947367,90.03333333333333,39.84210526315789,0.3250829733914482,5734909766260.037,8873.640000000001,17.51196748849215
wyu,Li56.0La24.0Zr16.0O96.0,"[{""element"": ""Li"", ""value"": 1.0}, {""element"": ""La"", ""value"": 3.0}, {""element"": ""Zr"", ""value"": 4.0}, {""element"": ""O"", ""value"": -2.0}]",2.254166666666667,3.44,1.0683333333333334,1.1920000000000002,-2.3716666666666666,-2.248,2.46,110.15833333333332,138.2,82.11666666666666,102.58,-35.61999999999999,-56.08333333333333,0.7422575976845153,0.594187168355041,86141254143.4846,28978758058.690765,143303750228.27844,169832268285.58978,4.945130841633894,114324992169.58768,0.0234932707707527,0.0356431091090659,0.0,0.2083333333333333,0.5,0.2916666666666667,1.63e-06,13154.65972222222,7.25,91.3529411764706,57.916666666666664,0.6730116670092565,16965241563.40223,209814.0,18.995422409020712
019,Li6.0Ti12.0P18.0O72.0,"[{""element"": ""Li"", ""value"": 1.0}, {""element"": ""O"", ""value"": -2.0}, {""element"": ""Ti"", ""value"": 4.0}, {""element"": ""P"", ""value"": 5.0}]",2.8838888888888894,3.44,1.7716666666666667,1.93,-1.6683333333333332,-1.5099999999999998,2.46,105.43888888888888,138.2,39.91666666666666,34.4,-103.79999999999998,-98.28333333333332,0.2489146164978292,0.2888326097443319,6590015846261.276,28978758058.690765,19712090022666.45,23629637065447.984,680.2254942307567,19683111264607.76,0.1715665268249938,0.2029168692270296,0.0,0.2777777777777778,0.6666666666666666,0.0555555555555555,0.000161,13440.812777777775,0.6666666666666666,79.58823529411765,40.83333333333333,0.6730116670092565,55248708209701.625,632736.4055999999,19.259772348743912
yqu,Li7.2Ti10.8Al1.2P18.0O72.0,"[{""element"": ""Li"", ""value"": 1.0}, {""element"": ""Al"", ""value"": 3.0}, {""element"": ""O"", ""value"": -2.0}, {""element"": ""Ti"", ""value"": 4.0}, {""element"": ""P"", ""value"": 5.0}]",2.863736263736264,3.44,1.7483870967741937,1.9328,-1.6916129032258065,-1.5072,2.46,104.8653846153846,138.2,40.346774193548384,33.830000000000005,-104.36999999999998,-97.8532258064516,0.2447901591895804,0.2919448205032445,6524117522716.212,28978758058.690765,19095353841408.188,23648393609244.05,658.9431404456433,19066375083349.496,0.1664696703854889,0.2028668357224506,0.0,0.2747252747252747,0.6593406593406593,0.0659340659340659,0.00482,13326.463873626371,0.5806451612903226,79.5058823529412,38.903225806451616,0.8030448563658357,52079103972691.0,593192.4167865601,18.92537838708905
95j,Li18.0Al6.0H36.0,"[{""element"": ""Li"", ""value"": 1.0}, {""element"": ""Al"", ""value"": 3.0}, {""element"": ""H"", ""value"": -1.0}]",1.775,2.2,1.1375,1.61,-1.0625000000000002,-0.5900000000000001,1.2200000000000002,108.875,140.0,62.1875,46.25,-93.75,-77.8125,0.3303571428571428,0.4441964285714285,161642852875.1871,13937657735.05191,383200645585.3899,1159738156065.2483,27.49390556647664,369262987850.338,0.0273273273273273,0.0648648648648648,0.0,0.1,0.6,0.3,1.4e-07,13340.78125,0.0,45.285714285714285,15.75,0.0,0.0,0.0,2.498009540636628
0iv,Li4.0P2.0S6.0,"[{""element"": ""Li"", ""value"": 1.0}, {""element"": ""P"", ""value"": 4.0}, {""element"": ""S"", ""value"": -2.0}]",1.981666666666667,2.58,1.3833333333333335,2.19,-1.1966666666666663,-0.3900000000000001,1.6,117.33333333333331,184.0,50.66666666666666,17.0,-167.0,-133.33333333333334,0.092391304347826,0.2753623188405797,5237214756549.024,12278644599.949677,10462150868498.1,31137742987976.76,852.0607289619718,10449872223898.15,0.0883079157588961,0.2352941176470588,0.0,0.1666666666666666,0.5,0.3333333333333333,2.38e-07,18494.916666666668,0.0,105.0,18.0,0.0,0.0,0.0,19.14205808609044
2ro,Li4.0P2.0S6.0,"[{""element"": ""Li"", ""value"": 1.0}, {""element"": ""P"", ""value"": 4.0}, {""element"": ""S"", ""value"": -2.0}]",1.981666666666667,2.58,1.3833333333333335,2.19,-1.1966666666666663,-0.3900000000000001,1.6,117.33333333333331,184.0,50.66666666666666,17.0,-167.0,-133.33333333333334,0.092391304347826,0.2753623188405797,5237214756549.024,12278644599.949677,10462150868498.1,31137742987976.76,852.0607289619718,10449872223898.15,0.0883079157588961,0.2352941176470588,0.0,0.1666666666666666,0.5,0.3333333333333333,1.6e-10,18494.916666666668,0.0,105.0,18.0,0.0,0.0,0.0,19.14205808609044
deu,Li8.8Al0.8Ge1.2S8.0,"[{""element"": ""Li"", ""value"": 1.0}, {""element"": ""Al"", ""value"": 3.0}, {""element"": ""Ge"", ""value"": 4.0}, {""element"": ""S"", ""value"": -2.0}]",1.753404255319149,2.58,1.141111111111111,1.85,-1.438888888888889,-0.7300000000000002,1.6,114.79787234042551,184.0,63.53703703703704,46.1,-137.9,-120.46296296296296,0.2505434782608695,0.3453099838969404,213103287727.72583,12278644599.949677,361862282637.1896,1406895167702.2346,29.470865427497813,349583638037.24,0.0265379711434461,0.0781198589894242,0.0,0.1063829787234042,0.425531914893617,0.4680851063829787,4.3e-05,16765.60904255319,1.1111111111111112,106.92,17.11111111111111,0.6730116670092565,344804189618.8247,18538.82037600001,16.38386647151532
usu,Li8.8Al0.8Sn1.2S8.0,"[{""element"": ""Li"", ""value"": 1.0}, {""element"": ""Al"", ""value"": 3.0}, {""element"": ""Sn"", ""value"": 4.0}, {""element"": ""S"", ""value"": -2.0}]",1.750212765957447,2.58,1.1355555555555557,1.82,-1.4444444444444444,-0.76,1.6,116.26595744680851,184.0,66.09259259259258,59.9,-124.1,-117.90740740740742,0.3255434782608695,0.3591988727858292,142508338160.16647,12278644599.949677,238974777834.40112,743302641767.1765,19.46263497482292,226696133234.45145,0.023317359227182,0.0607285546415981,0.0,0.1063829787234042,0.425531914893617,0.4680851063829787,4.3e-06,16934.438829787236,2.2222222222222223,109.44,21.11111111111111,0.6730116670092565,343139530687.1499,44044.318104000005,16.9056559187132
ur9,Li6.0Zr12.0P18.0O72.0,"[{""element"": ""Li"", ""value"": 1.0}, {""element"": ""Zr"", ""value"": 4.0}, {""element"": ""O"", ""value"": -2.0}, {""element"": ""P"", ""value"": 5.0}]",2.8605555555555555,3.44,1.7016666666666669,1.846,-1.738333333333333,-1.594,2.46,107.38333333333333,138.2,45.75,41.4,-96.79999999999998,-92.45,0.2995658465991317,0.331041968162084,6549076076670.554,28978758058.690765,19589270713894.28,23482253894921.38,675.9872412137217,19560291955835.586,0.166621976425898,0.1969834087481146,0.0,0.2777777777777778,0.6666666666666666,0.0555555555555555,1e-09,13710.11833333333,4.0,81.11764705882354,52.83333333333333,0.6730116670092565,153315205613809.94,786872.2776000001,20.69047022108216
0o6,Li7.2Ti10.8Sc1.2P18.0O72.0,"[{""element"": ""Li"", ""value"": 1.0}, {""element"": ""Sc"", ""value"": 3.0}, {""element"": ""O"", ""value"": -2.0}, {""element"": ""Ti"", ""value"": 4.0}, {""element"": ""P"", ""value"": 5.0}]",2.860989010989011,3.44,1.7403225806451614,1.9228,-1.6996774193548383,-1.5172,2.46,105.2445054945055,138.2,41.45967741935484,35.21000000000001,-102.98999999999998,-96.74032258064514,0.2547756874095515,0.2999976658419308,6513767709846.575,28978758058.690765,19064972132661.832,23610720290398.57,657.8947273740816,19035993374603.14,0.1655756974152151,0.2017583092393112,0.0,0.2747252747252747,0.6593406593406593,0.0659340659340659,9.98e-05,13374.612225274723,0.6129032258064516,79.7294117647059,39.80645161290323,0.8030448563658357,56965026487513.52,623457.6839999999,19.031852185485647
a3l,Li6.0Hf12.0P18.0O72.0,"[{""element"": ""Li"", ""value"": 1.0}, {""element"": ""Hf"", ""value"": 4.0}, {""element"": ""O"", ""value"": -2.0}, {""element"": ""P"", ""value"": 5.0}]",2.8572222222222226,3.44,1.6916666666666669,1.834,-1.748333333333333,-1.606,2.46,106.71666666666668,138.2,43.75,39.0,-99.2,-94.45,0.2821997105643994,0.3165701881331404,6558797652785.732,28978758058.690765,19618435442239.816,23517251568936.023,676.9936586829064,19589456684181.125,0.1680464778503994,0.1986928104575163,0.0,0.2777777777777778,0.6666666666666666,0.0555555555555555,2.83e-07,13610.11833333333,7.333333333333333,81.0,67.5,0.6730116670092565,166379555997766.44,1149697.8456000001,22.292551599515612
4ba,Li6.0Ge12.0P18.0O72.0,"[{""element"": ""Li"", ""value"": 1.0}, {""element"": ""Ge"", ""value"": 4.0}, {""element"": ""O"", ""value"": -2.0}, {""element"": ""P"", ""value"": 5.0}]",2.936111111111112,3.44,1.9283333333333332,2.118,-1.5116666666666665,-1.322,2.46,103.82777777777775,138.2,35.083333333333336,28.6,-109.6,-103.11666666666665,0.2069464544138929,0.2538591413410516,6687887173775.724,28978758058.690765,20005704005209.79,23981973844499.992,690.3575358437438,19976725247151.098,0.1785134665782577,0.2112531969309463,0.0,0.2777777777777778,0.6666666666666666,0.0555555555555555,3.33e-07,13269.229444444441,3.333333333333333,78.29411764705884,40.83333333333333,0.6730116670092565,755470153276.0444,191859.55440000002,20.173338439258547
qea,Li6.0Ti12.0P18.0O72.0,"[{""element"": ""Li"", ""value"": 1.0}, {""element"": ""O"", ""value"": -2.0}, {""element"": ""Ti"", ""value"": 4.0}, {""element"": ""P"", ""value"": 5.0}]",2.8838888888888894,3.44,1.7716666666666667,1.93,-1.6683333333333332,-1.5099999999999998,2.46,105.43888888888888,138.2,39.91666666666666,34.4,-103.79999999999998,-98.28333333333332,0.2489146164978292,0.2888326097443319,6590015846261.276,28978758058.690765,19712090022666.45,23629637065447.984,680.2254942307567,19683111264607.76,0.1715665268249938,0.2029168692270296,0.0,0.2777777777777778,0.6666666666666666,0.0555555555555555,2e-06,13440.812777777775,0.6666666666666666,79.58823529411765,40.83333333333333,0.6730116670092565,55248708209701.625,632736.4055999999,19.259772348743912
ldx,Li6.0Ge12.0P18.0O72.0,"[{""element"": ""Li"", ""value"": 1.0}, {""element"": ""Ge"", ""value"": 4.0}, {""element"": ""O"", ""value"": -2.0}, {""element"": ""P"", ""value"": 5.0}]",2.936111111111112,3.44,1.9283333333333332,2.118,-1.5116666666666665,-1.322,2.46,103.82777777777775,138.2,35.083333333333336,28.6,-109.6,-103.11666666666665,0.2069464544138929,0.2538591413410516,6687887173775.724,28978758058.690765,20005704005209.79,23981973844499.992,690.3575358437438,19976725247151.098,0.1785134665782577,0.2112531969309463,0.0,0.2777777777777778,0.6666666666666666,0.0555555555555555,4.83e-09,13269.229444444441,3.333333333333333,78.29411764705884,40.83333333333333,0.6730116670092565,755470153276.0444,191859.55440000002,20.173338439258547
0fh,Li7.2Al1.2Ge10.8P18.0O72.0,"[{""element"": ""Li"", ""value"": 1.0}, {""element"": ""Al"", ""value"": 3.0}, {""element"": ""Ge"", ""value"": 4.0}, {""element"": ""O"", ""value"": -2.0}, {""element"": ""P"", ""value"": 5.0}]",2.91021978021978,3.44,1.8848387096774195,2.102,-1.5551612903225809,-1.338,2.46,103.43131868131869,138.2,36.13709677419354,28.61,-109.59,-102.06290322580644,0.2070188133140376,0.2614840577003874,6611233759295.006,28978758058.690765,19351082148784.645,23965496710390.86,667.7678218505031,19322103390725.957,0.1725202308157509,0.2103695306559756,0.0,0.2747252747252747,0.6593406593406593,0.0659340659340659,4.83e-05,13173.73585164835,2.903225806451613,78.34117647058824,38.903225806451616,0.8030448563658357,912715123309.2666,182897.89943616005,19.722387136852348
gw2,Li8.4Al2.4Ge9.6P18.0O72.0,"[{""element"": ""Li"", ""value"": 1.0}, {""element"": ""Al"", ""value"": 3.0}, {""element"": ""Ge"", ""value"": 4.0}, {""element"": ""O"", ""value"": -2.0}, {""element"": ""P"", ""value"": 5.0}]",2.884891304347826,3.44,1.8440625,2.086,-1.5959375,-1.354,2.46,103.04347826086956,138.2,37.125,28.62,-109.57999999999998,-101.075,0.2070911722141823,0.2686324167872648,6536246723389.955,28978758058.690765,18737374158386.08,23949019576281.727,646.5899649818401,18708395400327.387,0.1669015722884009,0.209485864381005,0.0,0.2717391304347826,0.6521739130434783,0.0760869565217391,0.000188,13080.318206521739,2.5,78.38823529411766,37.09375,0.8731726364245316,1065362704147.5713,173689.06020064003,19.290994870248436
1xf,Li9.0Al3.0Ge9.0P18.0O72.0,"[{""element"": ""Li"", ""value"": 1.0}, {""element"": ""Al"", ""value"": 3.0}, {""element"": ""Ge"", ""value"": 4.0}, {""element"": ""O"", ""value"": -2.0}, {""element"": ""P"", ""value"": 5.0}]",2.872432432432433,3.44,1.8246153846153843,2.078,-1.6153846153846154,-1.362,2.46,102.8527027027027,138.2,37.59615384615385,28.625,-109.575,-100.60384615384616,0.2071273516642547,0.2720416341979294,6499361208431.257,28978758058.690765,18444682655272.92,23940781009227.16,636.4897563214009,18415703897214.227,0.164221904375357,0.2090440312435197,0.0,0.2702702702702703,0.6486486486486487,0.081081081081081,0.000336,13034.366824324325,2.307692307692308,78.41176470588236,36.23076923076923,0.8979457248567797,1139962473618.6294,168991.94648100002,19.082271726117167
tjh,Li10.2Al4.2Ge7.8P18.0O72.0,"[{""element"": ""Li"", ""value"": 1.0}, {""element"": ""Al"", ""value"": 3.0}, {""element"": ""Ge"", ""value"": 4.0}, {""element"": ""O"", ""value"": -2.0}, {""element"": ""P"", ""value"": 5.0}]",2.8479144385026736,3.44,1.787462686567164,2.062,-1.652537313432836,-1.378,2.46,102.47727272727272,138.2,38.49626865671642,28.635,-109.565,-99.70373134328358,0.2071997105643994,0.2785547659675573,6426773670972.424,28978758058.690765,17885510828429.855,23924303875118.023,617.193835298472,17856532070371.164,0.1591025388101389,0.2081603649685491,0.0,0.267379679144385,0.6417112299465241,0.0909090909090909,0.000264,12943.938435828875,1.9402985074626866,78.45882352941177,34.582089552238806,0.9319903226231094,1285713970664.5576,159412.33083796003,18.678094403625142
8fn,Li10.8Al4.8Ge7.2P18.0O72.0,"[{""element"": ""Li"", ""value"": 1.0}, {""element"": ""Al"", ""value"": 3.0}, {""element"": ""Ge"", ""value"": 4.0}, {""element"": ""O"", ""value"": -2.0}, {""element"": ""P"", ""value"": 5.0}]",2.835851063829788,3.44,1.7697058823529417,2.0540000000000003,-1.6702941176470585,-1.3859999999999997,2.46,102.29255319148936,138.2,38.9264705882353,28.64,-109.56,-99.27352941176468,0.2072358900144718,0.2816676598280412,6391059058126.988,28978758058.690765,17618259587659.277,23916065308063.46,607.9715201036898,17589280829600.586,0.1566557832091155,0.2077185318310638,0.0,0.2659574468085106,0.6382978723404256,0.0957446808510638,0.000137,12899.445744680852,1.764705882352941,78.48235294117649,33.79411764705882,0.942216333812959,1356865698239.4272,154529.82891456003,18.482384186322253
mdj,Li7.2Ti12.0Si1.2P16.8O72.0,"[{""element"": ""Li"", ""value"": 1.0}, {""element"": ""Si"", ""value"": 4.0}, {""element"": ""O"", ""value"": -2.0}, {""element"": ""Ti"", ""value"": 4.0}, {""element"": ""P"", ""value"": 5.0}]",2.85978021978022,3.44,1.7367741935483871,1.9184000000000003,-1.7032258064516128,-1.5215999999999996,2.46,105.19780219780218,138.2,41.32258064516128,35.04,-103.16,-96.87741935483872,0.2535455861070912,0.2990056486625274,6138027349113.047,28978758058.690765,17961992364056.96,22243025377328.527,619.8330628137509,17933013605998.27,0.1609324223779976,0.1960006481931615,0.0,0.2747252747252747,0.6593406593406593,0.0659340659340659,8.6e-05,13351.971428571427,0.6451612903225806,79.64705882352942,39.806451612903224,0.8199696830860377,54806029106381.69,633610.383776,19.024503759486343
t1l,Li7.8Ti12.0Si1.8P16.2O72.0,"[{""element"": ""Li"", ""value"": 1.0}, {""element"": ""Si"", ""value"": 4.0}, {""element"": ""O"", ""value"": -2.0}, {""element"": ""Ti"", ""value"": 4.0}, {""element"": ""P"", ""value"": 5.0}]",2.84792349726776,3.44,1.72015873015873,1.9126,-1.71984126984127,-1.5274,2.46,105.0792349726776,138.2,41.9920634920635,35.36,-102.84,-96.2079365079365,0.2558610709117221,0.3038499529092873,5915737924286.049,28978758058.690765,17128612526623.871,21549719533268.8,591.0747621389862,17099633768565.182,0.1558685631175233,0.1925425376762275,0.0,0.273224043715847,0.6557377049180328,0.0710382513661202,0.00032,13308.278961748634,0.634920634920635,79.6764705882353,39.31746031746032,0.8680614510441254,54583515452764.64,631796.0791559999,18.909854352470855
my9,Li7.2Al1.2Ti10.8P18.0O72.0,"[{""element"": ""Li"", ""value"": 1.0}, {""element"": ""Al"", ""value"": 3.0}, {""element"": ""O"", ""value"": -2.0}, {""element"": ""Ti"", ""value"": 4.0}, {""element"": ""P"", ""value"": 5.0}]",2.863736263736264,3.44,1.7483870967741937,1.9328,-1.6916129032258065,-1.5072,2.46,104.8653846153846,138.2,40.346774193548384,33.830000000000005,-104.36999999999998,-97.8532258064516,0.2447901591895804,0.2919448205032445,6524117522716.212,28978758058.690765,19095353841408.188,23648393609244.05,658.9431404456433,19066375083349.496,0.1664696703854889,0.2028668357224506,0.0,0.2747252747252747,0.6593406593406593,0.0659340659340659,0.000595,13326.463873626371,0.5806451612903226,79.5058823529412,38.903225806451616,0.8030448563658357,52079103972691.0,593192.4167865601,18.92537838708905
9s4,Li7.8Al1.8Ti10.2P18.0O72.0,"[{""element"": ""Li"", ""value"": 1.0}, {""element"": ""Al"", ""value"": 3.0}, {""element"": ""O"", ""value"": -2.0}, {""element"": ""Ti"", ""value"": 4.0}, {""element"": ""P"", ""value"": 5.0}]",2.853825136612022,3.44,1.7373015873015876,1.9342,-1.7026984126984124,-1.5058,2.46,104.58333333333334,138.2,40.5515873015873,33.544999999999995,-104.655,-97.64841269841268,0.2427279305354558,0.2934268256265362,6491708511136.674,28978758058.690765,18801669945570.93,23657771881142.08,648.8086862622562,18772691187512.234,0.1640425958904865,0.2028418189701612,0.0,0.273224043715847,0.6557377049180328,0.0710382513661202,0.000722,13270.226707650274,0.5396825396825397,79.46470588235294,37.98412698412699,0.8420953021316528,50315704950021.03,572202.28233876,18.763058445135815
iqt,Li8.4Al2.4Ti9.6P18.0O72.0,"[{""element"": ""Li"", ""value"": 1.0}, {""element"": ""Al"", ""value"": 3.0}, {""element"": ""O"", ""value"": -2.0}, {""element"": ""Ti"", ""value"": 4.0}, {""element"": ""P"", ""value"": 5.0}]",2.8440217391304348,3.44,1.7265625,1.9356,-1.7134375,-1.5044,2.46,104.30434782608694,138.2,40.75,33.26,-104.94,-97.45,0.2406657018813314,0.2948625180897251,6459651771422.128,28978758058.690765,18517163671478.57,23667150153040.12,638.9909337720998,18488184913419.883,0.161691367473453,0.2028168022178717,0.0,0.2717391304347826,0.6521739130434783,0.0760869565217391,0.000388,13214.60081521739,0.5,79.42352941176472,37.09375,0.8731726364245316,48433241324574.64,550400.05453024,18.603872468654586
xa0,Li9.0Al3.0Ti9.0P18.0O72.0,"[{""element"": ""Li"", ""value"": 1.0}, {""element"": ""Al"", ""value"": 3.0}, {""element"": ""O"", ""value"": -2.0}, {""element"": ""Ti"", ""value"": 4.0}, {""element"": ""P"", ""value"": 5.0}]",2.8343243243243244,3.44,1.7161538461538464,1.937,-1.7238461538461536,-1.503,2.46,104.02837837837838,138.2,40.94230769230769,32.975,-105.225,-97.2576923076923,0.2386034732272069,0.2962540354002004,6427941591055.849,28978758058.690765,18241411436589.062,23676528424938.152,629.4752659739481,18212432678530.37,0.1594124845461743,0.2027917854655822,0.0,0.2702702702702703,0.6486486486486487,0.081081081081081,0.000248,13159.576283783785,0.46153846153846156,79.38235294117649,36.23076923076923,0.8979457248567797,46431713096351.805,527785.7333609998,18.44773617613037
f4x,Li7.2Cr1.2Ti10.8P18.0O72.0,"[{""element"": ""Li"", ""value"": 1.0}, {""element"": ""O"", ""value"": -2.0}, {""element"": ""Cr"", ""value"": 3.0}, {""element"": ""Ti"", ""value"": 4.0}, {""element"": ""P"", ""value"": 5.0}]",2.864285714285714,3.44,1.7499999999999998,1.9348,-1.6900000000000002,-1.5052,2.46,105.03296703296704,138.2,40.83870967741935,34.440000000000005,-103.76,-97.36129032258064,0.2492040520984081,0.2955044115587508,6516793510941.982,28978758058.690765,19073854322974.16,23621734206385.85,658.2012343090696,19044875564915.47,0.165950819512586,0.2022234606400512,0.0,0.2747252747252747,0.6593406593406593,0.0659340659340659,1.82e-05,13344.520879120877,0.7419354838709677,79.43529411764706,39.322580645161295,0.8030448563658357,53427160090789.266,653556.9384000001,19.062303734569632
txm,Li7.8Cr1.8Ti10.2P18.0O72.0,"[{""element"": ""Li"", ""value"": 1.0}, {""element"": ""O"", ""value"": -2.0}, {""element"": ""Cr"", ""value"": 3.0}, {""element"": ""Ti"", ""value"": 4.0}, {""element"": ""P"", ""value"": 5.0}]",2.8546448087431693,3.44,1.7396825396825395,1.9372,-1.7003174603174604,-1.5028,2.46,104.83333333333331,138.2,41.27777777777778,34.46,-103.73999999999998,-96.92222222222222,0.2493487698986975,0.2986814600418074,6480782526358.724,28978758058.690765,18769932561215.93,23617782776854.797,647.7134914892188,18740953803157.24,0.1632766731733443,0.201876756346562,0.0,0.273224043715847,0.6557377049180328,0.0710382513661202,3.51e-05,13297.164207650274,0.7777777777777778,79.35882352941178,38.6031746031746,0.8420953021316528,52505839554526.11,663898.6595999999,18.965932025457256
v1t,Li8.4Cr2.4Ti9.6P18.0O72.0,"[{""element"": ""Li"", ""value"": 1.0}, {""element"": ""O"", ""value"": -2.0}, {""element"": ""Cr"", ""value"": 3.0}, {""element"": ""Ti"", ""value"": 4.0}, {""element"": ""P"", ""value"": 5.0}]",2.845108695652174,3.44,1.7296875,1.9396,-1.7103125,-1.5004,2.46,104.63586956521738,138.2,41.70312500000001,34.480000000000004,-103.71999999999998,-96.496875,0.249493487698987,0.3017592257597685,6445162965520.935,28978758058.690765,18475508354512.645,23613831347323.727,637.5534906324882,18446529596453.957,0.1606860939072038,0.2015300520530727,0.0,0.2717391304347826,0.6521739130434783,0.0760869565217391,0.000149,13250.322282608695,0.8125,79.28235294117647,37.90625,0.8731726364245316,51577488033724.96,674194.6839999999,18.87108714717807
d6b,Li9.0Cr3.0Ti9.0P18.0O72.0,"[{""element"": ""Li"", ""value"": 1.0}, {""element"": ""O"", ""value"": -2.0}, {""element"": ""Cr"", ""value"": 3.0}, {""element"": ""Ti"", ""value"": 4.0}, {""element"": ""P"", ""value"": 5.0}]",2.835675675675676,3.44,1.72,1.942,-1.72,-1.4979999999999998,2.46,104.44054054054054,138.2,42.11538461538461,34.5,-103.7,-96.08461538461538,0.2496382054992764,0.3047422909941,6409928481016.527,28978758058.690765,18190143354169.457,23609879917792.664,627.7061051867339,18161164596110.77,0.1581752247723292,0.2011833477595835,0.0,0.2702702702702703,0.6486486486486487,0.081081081081081,0.000386,13203.986756756756,0.8461538461538463,79.20588235294119,37.23076923076923,0.8979457248567797,50642105528385.81,684445.0115999999,18.777734264205822
x9a,Li7.2Ga1.2Ti10.8P18.0O72.0,"[{""element"": ""Li"", ""value"": 1.0}, {""element"": ""Ga"", ""value"": 3.0}, {""element"": ""O"", ""value"": -2.0}, {""element"": ""Ti"", ""value"": 4.0}, {""element"": ""P"", ""value"": 5.0}]",2.8659340659340664,3.44,1.7548387096774192,1.9408,-1.6851612903225808,-1.4992,2.46,104.95604395604396,138.2,40.612903225806456,34.160000000000004,-104.04,-97.58709677419353,0.247178002894356,0.2938705009103217,6519161834493.12,28978758058.690765,19080806498559.76,23630354904112.0,658.4411402281403,19051827740501.062,0.1661529286659653,0.2024740759902414,0.0,0.2747252747252747,0.6593406593406593,0.0659340659340659,0.000162,13335.5978021978,0.903225806451613,79.5058823529412,39.80645161290323,0.8030448563658357,51977552941568.2,608107.8141830398,19.123855055385707
3ta,Li7.8Ga1.8Ti10.2P18.0O72.0,"[{""element"": ""Li"", ""value"": 1.0}, {""element"": ""Ga"", ""value"": 3.0}, {""element"": ""O"", ""value"": -2.0}, {""element"": ""Ti"", ""value"": 4.0}, {""element"": ""P"", ""value"": 5.0}]",2.8571038251366123,3.44,1.746825396825397,1.9462,-1.6931746031746029,-1.4938,2.46,104.71857923497268,138.2,40.94444444444444,34.04,-104.16,-97.25555555555556,0.2463096960926194,0.2962694967036501,6484315599197.307,28978758058.690765,18780195296604.195,23630713823444.004,648.0676383221327,18751216538545.504,0.1635750247807136,0.2022526793718473,0.0,0.273224043715847,0.6557377049180328,0.0710382513661202,0.000261,13283.852732240437,1.0158730158730158,79.46470588235294,39.317460317460316,0.8420953021316528,50178851821399.05,592573.51185684,19.057362767748653
gjy,Li8.4Ga2.4Ti9.6P18.0O72.0,"[{""element"": ""Li"", ""value"": 1.0}, {""element"": ""Ga"", ""value"": 3.0}, {""element"": ""O"", ""value"": -2.0}, {""element"": ""Ti"", ""value"": 4.0}, {""element"": ""P"", ""value"": 5.0}]",2.8483695652173915,3.44,1.7390625000000002,1.9516,-1.7009374999999998,-1.4884,2.46,104.4836956521739,138.2,41.265625,33.919999999999995,-104.28,-96.934375,0.2454413892908827,0.2985935238784371,6449848127328.62,28978758058.690765,18488978194709.742,23631072742776.01,638.0183083506878,18459999436651.05,0.161077680391876,0.2020312827534532,0.0,0.2717391304347826,0.6521739130434783,0.0760869565217391,0.000128,13232.670108695651,1.125,79.42352941176472,38.84375,0.8731726364245316,48271401710494.97,574892.53845216,18.991820658476026
lz8,Li9.0Ga3.0Ti9.0P18.0O72.0,"[{""element"": ""Li"", ""value"": 1.0}, {""element"": ""Ga"", ""value"": 3.0}, {""element"": ""O"", ""value"": -2.0}, {""element"": ""Ti"", ""value"": 4.0}, {""element"": ""P"", ""value"": 5.0}]",2.83972972972973,3.44,1.7315384615384617,1.957,-1.7084615384615385,-1.483,2.46,104.25135135135136,138.2,41.57692307692308,33.8,-104.4,-96.62307692307692,0.2445730824891461,0.300846042524769,6415753276777.435,28978758058.690765,18206721619027.42,23631431662108.02,628.2781885322102,18177742860968.73,0.1586571773688488,0.201809886135059,0.0,0.2702702702702703,0.6486486486486487,0.081081081081081,0.000122,13182.040810810811,1.2307692307692308,79.38235294117649,38.38461538461539,0.8979457248567797,46255202608855.92,555064.893969,18.927208885647996
6st,Li7.2Fe1.2Ti10.8P18.0O72.0,"[{""element"": ""Li"", ""value"": 1.0}, {""element"": ""O"", ""value"": -2.0}, {""element"": ""Fe"", ""value"": 3.0}, {""element"": ""Ti"", ""value"": 4.0}, {""element"": ""P"", ""value"": 5.0}]",2.8661538461538463,3.44,1.7554838709677418,1.9416,-1.684516129032258,-1.4983999999999995,2.46,104.98076923076924,138.2,40.68548387096774,34.25,-103.95,-97.51451612903224,0.2478292329956584,0.2943956864758881,6518271671179.518,28978758058.690765,19078193438510.15,23627114709650.484,658.350968660252,19049214680451.457,0.1660825275228593,0.20238677857279,0.0,0.2747252747252747,0.6593406593406593,0.0659340659340659,0.00018,13338.348489010987,0.7741935483870968,79.41176470588238,39.80645161290323,0.8030448563658357,52507085886132.58,623253.4776,19.077268545250554
t9r,Li7.8Fe1.8Ti10.2P18.0O72.0,"[{""element"": ""Li"", ""value"": 1.0}, {""element"": ""O"", ""value"": -2.0}, {""element"": ""Fe"", ""value"": 3.0}, {""element"": ""Ti"", ""value"": 4.0}, {""element"": ""P"", ""value"": 5.0}]",2.857431693989071,3.44,1.747777777777778,1.9474,-1.692222222222222,-1.4926,2.46,104.75546448087432,138.2,41.0515873015873,34.175,-104.025,-97.14841269841268,0.247286541244573,0.2970447706337721,6482987650647.506,28978758058.690765,18776337922245.25,23625853531751.73,647.9345279123928,18747359164186.56,0.1634710992837476,0.2021217332456702,0.0,0.273224043715847,0.6557377049180328,0.0710382513661202,0.000246,13287.956215846994,0.8253968253968254,79.32352941176472,39.317460317460316,0.8420953021316528,51104094239906.38,618491.7335999999,18.988148001973176
xr7,Li8.4Fe2.4Ti9.6P18.0O72.0,"[{""element"": ""Li"", ""value"": 1.0}, {""element"": ""O"", ""value"": -2.0}, {""element"": ""Fe"", ""value"": 3.0}, {""element"": ""Ti"", ""value"": 4.0}, {""element"": ""P"", ""value"": 5.0}]",2.848804347826087,3.44,1.7403125000000002,1.9532,-1.6996874999999998,-1.4868,2.46,104.53260869565216,138.2,41.40625,34.1,-104.1,-96.79375,0.2467438494934877,0.2996110709117222,6448087152077.799,28978758058.690765,18483915390863.63,23624592353852.984,637.8436009379043,18454936632804.938,0.1609412781771082,0.2018566879185503,0.0,0.2717391304347826,0.6521739130434783,0.0760869565217391,0.000392,13238.111684782609,0.875,79.23529411764707,38.84375,0.8731726364245316,49679648937385.78,613716.4696,18.90040573544991
pg8,Li9.0Fe3.0Ti9.0P18.0O72.0,"[{""element"": ""Li"", ""value"": 1.0}, {""element"": ""O"", ""value"": -2.0}, {""element"": ""Fe"", ""value"": 3.0}, {""element"": ""Ti"", ""value"": 4.0}, {""element"": ""P"", ""value"": 5.0}]",2.84027027027027,3.44,1.7330769230769232,1.959,-1.7069230769230768,-1.481,2.46,104.31216216216217,138.2,41.75,34.025,-104.17499999999998,-96.45,0.2462011577424023,0.3020984081041968,6413563956195.331,28978758058.690765,18200490475832.207,23623331175954.234,628.0631640241689,18171511717773.52,0.1584892977199038,0.2015916425914305,0.0,0.2702702702702703,0.6486486486486487,0.081081081081081,0.000174,13188.806013513513,0.9230769230769231,79.14705882352942,38.38461538461539,0.8979457248567797,48233749978570.734,608927.6856,18.81401093741378
1wm,Li7.2Sc1.2Ti10.8P18.0O72.0,"[{""element"": ""Li"", ""value"": 1.0}, {""element"": ""Sc"", ""value"": 3.0}, {""element"": ""O"", ""value"": -2.0}, {""element"": ""Ti"", ""value"": 4.0}, {""element"": ""P"", ""value"": 5.0}]",2.860989010989011,3.44,1.7403225806451614,1.9228,-1.6996774193548383,-1.5172,2.46,105.2445054945055,138.2,41.45967741935484,35.21000000000001,-102.98999999999998,-96.74032258064514,0.2547756874095515,0.2999976658419308,6513767709846.575,28978758058.690765,19064972132661.832,23610720290398.57,657.8947273740816,19035993374603.14,0.1655756974152151,0.2017583092393112,0.0,0.2747252747252747,0.6593406593406593,0.0659340659340659,0.00069,13374.612225274723,0.6129032258064516,79.7294117647059,39.80645161290323,0.8030448563658357,56965026487513.52,623457.6839999999,19.031852185485647
do2,Li7.8Sc1.8Ti10.2P18.0O72.0,"[{""element"": ""Li"", ""value"": 1.0}, {""element"": ""Sc"", ""value"": 3.0}, {""element"": ""O"", ""value"": -2.0}, {""element"": ""Ti"", ""value"": 4.0}, {""element"": ""P"", ""value"": 5.0}]",2.849726775956284,3.44,1.7253968253968257,1.9192,-1.7146031746031745,-1.5208,2.46,105.14890710382512,138.2,42.19444444444444,35.614999999999995,-102.585,-96.00555555555556,0.2577062228654124,0.3053143592217398,6476268626363.936,28978758058.690765,18756820756469.164,23601261902873.867,647.2610288709033,18727841998410.477,0.1627229215057967,0.2011790292454519,0.0,0.273224043715847,0.6557377049180328,0.0710382513661202,0.000703,13342.054576502733,0.5873015873015873,79.80000000000001,39.317460317460316,0.8420953021316528,57817793569570.34,618798.9683999999,18.920751729438315
uaj,Li8.4Sc2.4Ti9.6P18.0O72.0,"[{""element"": ""Li"", ""value"": 1.0}, {""element"": ""Sc"", ""value"": 3.0}, {""element"": ""O"", ""value"": -2.0}, {""element"": ""Ti"", ""value"": 4.0}, {""element"": ""P"", ""value"": 5.0}]",2.838586956521739,3.44,1.7109375000000002,1.9156,-1.7290624999999995,-1.5243999999999998,2.46,105.05434782608695,138.2,42.90625,36.02,-102.18,-95.29375,0.2606367583212735,0.3104649059334298,6439177141614.803,28978758058.690765,18458299110782.52,23591803515349.16,636.9596334459492,18429320352723.824,0.1599592948435476,0.2005997492515927,0.0,0.2717391304347826,0.6521739130434783,0.0760869565217391,0.000515,13309.85081521739,0.5625,79.87058823529412,38.84375,0.8731726364245316,58666965947061.11,614127.3496,18.811496925209802
5u3,Li7.2In1.2Ti10.8P18.0O72.0,"[{""element"": ""Li"", ""value"": 1.0}, {""element"": ""In"", ""value"": 3.0}, {""element"": ""O"", ""value"": -2.0}, {""element"": ""Ti"", ""value"": 4.0}, {""element"": ""P"", ""value"": 5.0}]",2.8656043956043957,3.44,1.7538709677419353,1.9396,-1.6861290322580649,-1.5004,2.46,105.23626373626372,138.2,41.435483870967744,35.18,-103.01999999999998,-96.76451612903224,0.2545586107091172,0.299822603986742,6513835690267.928,28978758058.690765,19065171688092.258,23610967739132.297,657.9016136398775,19036192930033.566,0.1655869328092029,0.2017722411278561,0.0,0.2747252747252747,0.6593406593406593,0.0659340659340659,0.00039,13373.28736263736,1.2258064516129032,79.70588235294119,40.96774193548387,0.8030448563658357,51824982196617.49,602654.0676000001,19.22897061883584
2eq,Li7.8In1.8Ti10.2P18.0O72.0,"[{""element"": ""Li"", ""value"": 1.0}, {""element"": ""In"", ""value"": 3.0}, {""element"": ""O"", ""value"": -2.0}, {""element"": ""Ti"", ""value"": 4.0}, {""element"": ""P"", ""value"": 5.0}]",2.856612021857924,3.44,1.7453968253968255,1.9444,-1.6946031746031744,-1.4955999999999998,2.46,105.13661202185791,138.2,42.15873015873016,35.57,-102.63,-96.04126984126984,0.2573806078147612,0.3050559345783659,6476370039779.396,28978758058.690765,18757115338295.027,23601633075974.453,647.2711943108875,18728136580236.336,0.1627395070873977,0.2011999270782693,0.0,0.273224043715847,0.6557377049180328,0.0710382513661202,0.000393,13340.078142076503,1.492063492063492,79.76470588235296,41.03174603174603,0.8420953021316528,50024181484120.07,584872.2467249999,19.21384030255453
yn6,Li8.4In2.4Ti9.6P18.0O72.0,"[{""element"": ""Li"", ""value"": 1.0}, {""element"": ""In"", ""value"": 3.0}, {""element"": ""O"", ""value"": -2.0}, {""element"": ""Ti"", ""value"": 4.0}, {""element"": ""P"", ""value"": 5.0}]",2.847717391304348,3.44,1.7371875,1.9492,-1.7028124999999998,-1.4908,2.46,105.03804347826086,138.2,42.859375,35.96,-102.23999999999998,-95.340625,0.2602026049204052,0.3101257235890015,6439311624622.262,28978758058.690765,18458685749428.96,23592298412816.61,636.9729755859285,18429706991370.27,0.159981063419399,0.2006276130286825,0.0,0.2717391304347826,0.6521739130434783,0.0760869565217391,0.000302,13307.229891304347,1.75,79.82352941176472,41.09375,0.8731726364245316,48164088967652.45,565263.3245999999,19.198886158151435
8jy,Li9.0In3.0Ti9.0P18.0O72.0,"[{""element"": ""Li"", ""value"": 1.0}, {""element"": ""In"", ""value"": 3.0}, {""element"": ""O"", ""value"": -2.0}, {""element"": ""Ti"", ""value"": 4.0}, {""element"": ""P"", ""value"": 5.0}]",2.838918918918919,3.44,1.7292307692307691,1.954,-1.7107692307692308,-1.4859999999999998,2.46,104.94054054054054,138.2,43.53846153846154,36.35,-101.85,-94.66153846153844,0.2630246020260492,0.3150395190916175,6402653840980.339,28978758058.690765,18169438609451.074,23582963749658.77,626.9916251294295,18140459851392.383,0.1573074949411848,0.2000552989790957,0.0,0.2702702702702703,0.6486486486486487,0.081081081081081,0.000204,13274.736756756756,2.0,79.88235294117649,41.15384615384616,0.8979457248567797,46244704647214.58,543827.301225,19.184105130969286
p4l,Li7.2La1.2Ti10.8P18.0O72.0,"[{""element"": ""Li"", ""value"": 1.0}, {""element"": ""La"", ""value"": 3.0}, {""element"": ""O"", ""value"": -2.0}, {""element"": ""Ti"", ""value"": 4.0}, {""element"": ""P"", ""value"": 5.0}]",2.858131868131868,3.44,1.7319354838709675,1.9124,-1.7080645161290324,-1.5275999999999998,2.46,105.66446886446886,138.2,42.692473118279565,36.73866666666667,-101.46133333333331,-95.50752688172042,0.2658369512783406,0.308918039929664,6512121968150.418,28978758058.690765,19060141084456.984,23604729790624.56,657.7280173930995,19031162326398.293,0.1651907117659903,0.2012809270342724,0.0,0.2747252747252747,0.6593406593406593,0.0659340659340659,8e-05,13458.485909645908,1.2580645161290323,80.02352941176471,42.38709677419355,0.8030448563658357,66127781317833.64,595924.0344,19.26925526696242
qkr,Li7.8La1.8Ti10.2P18.0O72.0,"[{""element"": ""Li"", ""value"": 1.0}, {""element"": ""La"", ""value"": 3.0}, {""element"": ""O"", ""value"": -2.0}, {""element"": ""Ti"", ""value"": 4.0}, {""element"": ""P"", ""value"": 5.0}]",2.845464480874317,3.44,1.713015873015873,1.9036,-1.7269841269841266,-1.5363999999999998,2.46,105.77540983606558,138.2,44.01428571428571,37.908,-100.292,-94.18571428571428,0.2742981186685962,0.3184825304941079,6473813503505.734,28978758058.690765,18749689209119.152,23592276153212.848,647.0149331846917,18720710451060.46,0.162154609356941,0.2004629559378938,0.0,0.273224043715847,0.6557377049180328,0.0710382513661202,0.000523,13467.17761384335,1.5396825396825395,80.24117647058824,43.12698412698413,0.8420953021316528,71451211122402.19,576846.4439999999,19.27392070988778
e0z,Li8.4La2.4Ti9.6P18.0O72.0,"[{""element"": ""Li"", ""value"": 1.0}, {""element"": ""La"", ""value"": 3.0}, {""element"": ""O"", ""value"": -2.0}, {""element"": ""Ti"", ""value"": 4.0}, {""element"": ""P"", ""value"": 5.0}]",2.8329347826086955,3.44,1.6946875,1.8948,-1.7453125,-1.5452,2.46,105.88514492753622,138.2,45.29479166666667,39.07733333333333,-99.12266666666666,-92.90520833333332,0.2827592860588518,0.3277481307284129,6435921435215.883,28978758058.690765,18448938954885.62,23579822515801.137,636.6366328577964,18419960196826.93,0.1592133851481745,0.1996449848415152,0.0,0.2717391304347826,0.6521739130434783,0.0760869565217391,0.000498,13475.774842995168,1.8125,80.45882352941177,43.84375,0.8731726364245316,76697236427305.78,557321.2503999998,19.27853655271549
vus,Li9.0La3.0Ti9.0P18.0O72.0,"[{""element"": ""Li"", ""value"": 1.0}, {""element"": ""La"", ""value"": 3.0}, {""element"": ""O"", ""value"": -2.0}, {""element"": ""Ti"", ""value"": 4.0}, {""element"": ""P"", ""value"": 5.0}]",2.820540540540541,3.44,1.676923076923077,1.886,-1.763076923076923,-1.554,2.46,105.99369369369369,138.2,46.53589743589744,40.24666666666667,-97.95333333333332,-91.66410256410256,0.2912204534491076,0.3367286355708932,6398439010907.544,28978758058.690765,18157442554628.504,23567368878389.426,626.5776648486516,18128463796569.81,0.1563626601458316,0.1988270137451366,0.0,0.2702702702702703,0.6486486486486487,0.081081081081081,0.000281,13484.279129129129,2.076923076923077,80.6764705882353,44.53846153846154,0.8979457248567797,81865857232544.4,537348.4535999999,19.283103582109216
h7r,Li6.0Ti8.4Sn3.6P18.0O72.0,"[{""element"": ""Li"", ""value"": 1.0}, {""element"": ""O"", ""value"": -2.0}, {""element"": ""Ti"", ""value"": 4.0}, {""element"": ""Sn"", ""value"": 4.0}, {""element"": ""P"", ""value"": 5.0}]",2.8978888888888887,3.44,1.8136666666666668,1.9804,-1.6263333333333332,-1.4595999999999998,2.46,105.72222222222224,138.2,40.76666666666667,35.419999999999995,-102.78,-97.43333333333332,0.2562952243125904,0.294983116256633,6582510993074.773,28978758058.690765,19689575463106.938,23602619593976.57,679.4485610194054,19660596705048.246,0.1707520580263353,0.2019395066686394,0.0,0.2777777777777778,0.6666666666666666,0.0555555555555555,2.28e-05,13477.504444444441,2.466666666666667,79.94117647058825,44.43333333333334,0.9173573878312138,43993703737591.08,514733.0054438402,19.851783000715127
9ky,Li6.0Ti3.6Sn8.4P18.0O72.0,"[{""element"": ""Li"", ""value"": 1.0}, {""element"": ""O"", ""value"": -2.0}, {""element"": ""Ti"", ""value"": 4.0}, {""element"": ""Sn"", ""value"": 4.0}, {""element"": ""P"", ""value"": 5.0}]",2.916555555555556,3.44,1.8696666666666664,2.0476,-1.5703333333333336,-1.3924,2.46,106.1,138.2,41.900000000000006,36.78,-101.42,-96.29999999999998,0.2661360347322721,0.3031837916063676,6572504522159.4375,28978758058.690765,19659556050360.93,23566596298681.363,678.4126500709372,19630577292302.24,0.1696660996281239,0.2006363565907857,0.0,0.2777777777777778,0.6666666666666666,0.0555555555555555,9.42e-06,13526.426666666664,4.866666666666667,80.41176470588236,49.233333333333334,0.9173573878312138,23562386274950.95,265023.53073024,20.669533696984647
4ea,Li6.0Ti2.4Sn9.6P18.0O72.0,"[{""element"": ""Li"", ""value"": 1.0}, {""element"": ""O"", ""value"": -2.0}, {""element"": ""Ti"", ""value"": 4.0}, {""element"": ""Sn"", ""value"": 4.0}, {""element"": ""P"", ""value"": 5.0}]",2.9212222222222226,3.44,1.8836666666666664,2.0644,-1.5563333333333331,-1.3756,2.46,106.19444444444444,138.2,42.18333333333333,37.12,-101.07999999999998,-96.01666666666664,0.2685962373371924,0.3052339604438012,6570002904430.603,28978758058.690765,19652051197174.426,23557590474857.56,678.15367233382,19623072439115.73,0.1693946100285711,0.2003105690713224,0.0,0.2777777777777778,0.6666666666666666,0.0555555555555555,3.15e-06,13538.65722222222,5.466666666666667,80.52941176470588,50.43333333333334,0.8731726364245316,17485870331941.021,186101.23208064,20.87918147448822
z7n,Li5.16Hf12.21P18.0O72.0,"[{""element"": ""Li"", ""value"": 1.0}, {""element"": ""Hf"", ""value"": 4.0}, {""element"": ""O"", ""value"": -2.0}, {""element"": ""P"", ""value"": 5.0}]",2.868862810841017,3.44,1.7062425784563189,1.8302879841112216,-1.7337574215436813,-1.6097120158887783,2.46,106.9555741827326,138.2,43.35368956743002,39.22939424031778,-98.9706057596822,-94.84631043256996,0.2838595820572922,0.3137025294314763,6597110545158.585,28978758058.690765,19967353368771.6,23356624225099.51,689.0341307357498,19938374610712.902,0.1710176823533107,0.1976978146438979,0.0,0.2813635093601564,0.6705783738474433,0.0480581167924001,9.2e-08,13664.47024308466,7.59457167090755,81.12943938949223,69.34351145038168,0.6746665832798096,166945777006562.16,1153610.4842053982,22.588699282219462
7kf,Li10.2Al1.8Ti9.6P18.0O72.0,"[{""element"": ""Li"", ""value"": 1.0}, {""element"": ""Al"", ""value"": 3.0}, {""element"": ""O"", ""value"": -2.0}, {""element"": ""Ti"", ""value"": 4.0}, {""element"": ""P"", ""value"": 5.0}]",2.8205913978494626,3.44,1.6943939393939391,1.942244897959184,-1.7456060606060606,-1.497755102040816,2.46,104.02284946236558,138.2,41.88257575757576,32.994897959183675,-105.20510204081631,-96.31742424242424,0.2387474526713724,0.3030577117046003,6385963721569.262,28978758058.690765,17944118200679.39,24126485091753.89,619.2162605566848,17915139442620.7,0.1564822287557662,0.2056321478781372,0.0,0.2634408602150537,0.6451612903225806,0.0913978494623656,0.00122,13134.495900537633,0.4848484848484848,79.15384615384616,35.83333333333333,0.8368574844023513,49328063968524.89,561586.1328797168,18.27381067039194
i8k,Li7.2In1.2Ti10.8P18.0O72.0,"[{""element"": ""Li"", ""value"": 1.0}, {""element"": ""In"", ""value"": 3.0}, {""element"": ""O"", ""value"": -2.0}, {""element"": ""Ti"", ""value"": 4.0}, {""element"": ""P"", ""value"": 5.0}]",2.8656043956043957,3.44,1.7538709677419353,1.9396,-1.6861290322580649,-1.5004,2.46,105.23626373626372,138.2,41.435483870967744,35.18,-103.01999999999998,-96.76451612903224,0.2545586107091172,0.299822603986742,6513835690267.928,28978758058.690765,19065171688092.258,23610967739132.297,657.9016136398775,19036192930033.566,0.1655869328092029,0.2017722411278561,0.0,0.2747252747252747,0.6593406593406593,0.0659340659340659,8.22e-05,13373.28736263736,1.2258064516129032,79.70588235294119,40.96774193548387,0.8030448563658357,51824982196617.49,602654.0676000001,19.22897061883584
hzf,Li7.8Al1.2Sc0.6Ti10.2P18.0O72.0,"[{""element"": ""Li"", ""value"": 1.0}, {""element"": ""Al"", ""value"": 3.0}, {""element"": ""Sc"", ""value"": 3.0}, {""element"": ""O"", ""value"": -2.0}, {""element"": ""Ti"", ""value"": 4.0}, {""element"": ""P"", ""value"": 5.0}]",2.852459016393443,3.44,1.7333333333333338,1.9292,-1.706666666666666,-1.5107999999999997,2.46,104.77185792349728,138.2,41.09920634920635,34.235,-103.965,-97.10079365079363,0.2477206946454414,0.2973893368249374,6486561882879.094,28978758058.690765,18786720215870.34,23638935221719.348,648.2928004651386,18757741457811.65,0.1636027044289232,0.2022875557285914,0.0,0.273224043715847,0.6557377049180328,0.0710382513661202,0.000972,13294.169330601093,0.5555555555555556,79.57647058823531,38.42857142857143,0.8802861522293415,52980436885729.09,588354.77749056,18.815476298517893
x61,Li7.8Al0.9Sc0.9Ti10.2P18.0O72.0,"[{""element"": ""Li"", ""value"": 1.0}, {""element"": ""Al"", ""value"": 3.0}, {""element"": ""Sc"", ""value"": 3.0}, {""element"": ""O"", ""value"": -2.0}, {""element"": ""Ti"", ""value"": 4.0}, {""element"": ""P"", ""value"": 5.0}]",2.851775956284153,3.44,1.7313492063492062,1.9267,-1.7086507936507938,-1.5133,2.46,104.86612021857924,138.2,41.37301587301587,34.58,-103.62,-96.82698412698412,0.2502170767004341,0.299370592424138,6483988568750.304,28978758058.690765,18779245351020.043,23629516892007.977,648.0348575665797,18750266592961.35,0.1633827586981416,0.2020104241078066,0.0,0.273224043715847,0.6557377049180328,0.0710382513661202,0.00124,13306.140642076503,0.5634920634920635,79.63235294117648,38.650793650793645,0.8836841329652496,54251289455136.266,596198.42514219,18.8417401140488
czo,Li7.8Al0.6Sc1.2Ti10.2P18.0O72.0,"[{""element"": ""Li"", ""value"": 1.0}, {""element"": ""Al"", ""value"": 3.0}, {""element"": ""Sc"", ""value"": 3.0}, {""element"": ""O"", ""value"": -2.0}, {""element"": ""Ti"", ""value"": 4.0}, {""element"": ""P"", ""value"": 5.0}]",2.851092896174864,3.44,1.7293650793650797,1.9242,-1.7106349206349205,-1.5158,2.46,104.9603825136612,138.2,41.6468253968254,34.925,-103.275,-96.5531746031746,0.2527134587554269,0.3013518480233386,6481415254621.515,28978758058.690765,18771770486169.75,23620098562296.605,647.7769146680208,18742791728111.06,0.16316281296736,0.2017332924870217,0.0,0.273224043715847,0.6557377049180328,0.0710382513661202,0.000429,13318.111953551912,0.5714285714285714,79.68823529411765,38.87301587301587,0.8802861522293415,55481133092245.52,603887.0061776398,18.86804059025176
o8s,Li7.8Sc1.8Ti10.2P18.0O72.0,"[{""element"": ""Li"", ""value"": 1.0}, {""element"": ""Sc"", ""value"": 3.0}, {""element"": ""O"", ""value"": -2.0}, {""element"": ""Ti"", ""value"": 4.0}, {""element"": ""P"", ""value"": 5.0}]",2.849726775956284,3.44,1.7253968253968257,1.9192,-1.7146031746031745,-1.5208,2.46,105.14890710382512,138.2,42.19444444444444,35.614999999999995,-102.585,-96.00555555555556,0.2577062228654124,0.3053143592217398,6476268626363.936,28978758058.690765,18756820756469.164,23601261902873.867,647.2610288709033,18727841998410.477,0.1627229215057967,0.2011790292454519,0.0,0.273224043715847,0.6557377049180328,0.0710382513661202,0.000452,13342.054576502733,0.5873015873015873,79.80000000000001,39.317460317460316,0.8420953021316528,57817793569570.34,618798.9683999999,18.920751729438315
lap,Li7.8Al1.8Ti10.2P18.0O72.0,"[{""element"": ""Li"", ""value"": 1.0}, {""element"": ""Al"", ""value"": 3.0}, {""element"": ""O"", ""value"": -2.0}, {""element"": ""Ti"", ""value"": 4.0}, {""element"": ""P"", ""value"": 5.0}]",2.853825136612022,3.44,1.7373015873015876,1.9342,-1.7026984126984124,-1.5058,2.46,104.58333333333334,138.2,40.5515873015873,33.544999999999995,-104.655,-97.64841269841268,0.2427279305354558,0.2934268256265362,6491708511136.674,28978758058.690765,18801669945570.93,23657771881142.08,648.8086862622562,18772691187512.234,0.1640425958904865,0.2028418189701612,0.0,0.273224043715847,0.6557377049180328,0.0710382513661202,0.00113,13270.226707650274,0.5396825396825397,79.46470588235294,37.98412698412699,0.8420953021316528,50315704950021.03,572202.28233876,18.763058445135815
yp3,Li6.0Ti12.0P18.0O72.0,"[{""element"": ""Li"", ""value"": 1.0}, {""element"": ""O"", ""value"": -2.0}, {""element"": ""Ti"", ""value"": 4.0}, {""element"": ""P"", ""value"": 5.0}]",2.8838888888888894,3.44,1.7716666666666667,1.93,-1.6683333333333332,-1.5099999999999998,2.46,105.43888888888888,138.2,39.91666666666666,34.4,-103.79999999999998,-98.28333333333332,0.2489146164978292,0.2888326097443319,6590015846261.276,28978758058.690765,19712090022666.45,23629637065447.984,680.2254942307567,19683111264607.76,0.1715665268249938,0.2029168692270296,0.0,0.2777777777777778,0.6666666666666666,0.0555555555555555,6e-05,13440.812777777775,0.6666666666666666,79.58823529411765,40.83333333333333,0.6730116670092565,55248708209701.625,632736.4055999999,19.259772348743912
tzl,Li6.3Al0.3Ti11.7P18.0O72.0,"[{""element"": ""Li"", ""value"": 1.0}, {""element"": ""Al"", ""value"": 3.0}, {""element"": ""O"", ""value"": -2.0}, {""element"": ""Ti"", ""value"": 4.0}, {""element"": ""P"", ""value"": 5.0}]",2.878808864265928,3.44,1.7657024793388432,1.9307000000000003,-1.6742975206611568,-1.5092999999999996,2.46,105.29432132963989,138.2,40.02685950413223,34.2575,-103.9425,-98.17314049586776,0.247883502170767,0.2896299529966153,6573404357500.609,28978758058.690765,19554083232426.73,23634326201397.0,674.772990368455,19525104474368.04,0.1702607206297487,0.2029043608508849,0.0,0.2770083102493075,0.6648199445983379,0.0581717451523545,0.0011,13411.98798476454,0.6446280991735537,79.56764705882354,40.33884297520661,0.7197744066642688,54500956376490.125,623154.9434069099,19.174926229357382
hyj,Li6.6Al0.6Ti11.4P18.0O72.0,"[{""element"": ""Li"", ""value"": 1.0}, {""element"": ""Al"", ""value"": 3.0}, {""element"": ""O"", ""value"": -2.0}, {""element"": ""Ti"", ""value"": 4.0}, {""element"": ""P"", ""value"": 5.0}]",2.8737569060773485,3.44,1.7598360655737704,1.9314,-1.6801639344262296,-1.5085999999999995,2.46,105.15055248618783,138.2,40.135245901639344,34.115,-104.08499999999998,-98.06475409836064,0.2468523878437048,0.2904142250480416,6556884644920.94,28978758058.690765,19398666717436.84,23639015337346.016,669.4098718153712,19369687959378.15,0.1689763210934421,0.2028918524747401,0.0,0.2762430939226519,0.6629834254143647,0.0607734806629834,0.00067,13383.32244475138,0.6229508196721312,79.54705882352943,39.85245901639344,0.7524177643476055,53723438392584.516,613370.45787364,19.090919561385583
mg4,Li7.8Al1.8Ti10.2P18.0O72.0,"[{""element"": ""Li"", ""value"": 1.0}, {""element"": ""Al"", ""value"": 3.0}, {""element"": ""O"", ""value"": -2.0}, {""element"": ""Ti"", ""value"": 4.0}, {""element"": ""P"", ""value"": 5.0}]",2.853825136612022,3.44,1.7373015873015876,1.9342,-1.7026984126984124,-1.5058,2.46,104.58333333333334,138.2,40.5515873015873,33.544999999999995,-104.655,-97.64841269841268,0.2427279305354558,0.2934268256265362,6491708511136.674,28978758058.690765,18801669945570.93,23657771881142.08,648.8086862622562,18772691187512.234,0.1640425958904865,0.2028418189701612,0.0,0.273224043715847,0.6557377049180328,0.0710382513661202,0.0062,13270.226707650274,0.5396825396825397,79.46470588235294,37.98412698412699,0.8420953021316528,50315704950021.03,572202.28233876,18.763058445135815
50s,Li8.4Al2.4Ti9.6P18.0O72.0,"[{""element"": ""Li"", ""value"": 1.0}, {""element"": ""Al"", ""value"": 3.0}, {""element"": ""O"", ""value"": -2.0}, {""element"": ""Ti"", ""value"": 4.0}, {""element"": ""P"", ""value"": 5.0}]",2.8440217391304348,3.44,1.7265625,1.9356,-1.7134375,-1.5044,2.46,104.30434782608694,138.2,40.75,33.26,-104.94,-97.45,0.2406657018813314,0.2948625180897251,6459651771422.128,28978758058.690765,18517163671478.57,23667150153040.12,638.9909337720998,18488184913419.883,0.161691367473453,0.2028168022178717,0.0,0.2717391304347826,0.6521739130434783,0.0760869565217391,0.0033,13214.60081521739,0.5,79.42352941176472,37.09375,0.8731726364245316,48433241324574.64,550400.05453024,18.603872468654586
d4q,Li6.3Cr0.3Ti11.7P18.0O72.0,"[{""element"": ""Li"", ""value"": 1.0}, {""element"": ""O"", ""value"": -2.0}, {""element"": ""Cr"", ""value"": 3.0}, {""element"": ""Ti"", ""value"": 4.0}, {""element"": ""P"", ""value"": 5.0}]",2.878947368421053,3.44,1.766115702479339,1.9312,-1.673884297520661,-1.5087999999999997,2.46,105.3365650969529,138.2,40.15289256198347,34.41,-103.79,-98.04710743801652,0.2489869753979739,0.2905419143414144,6571558138466.108,28978758058.690765,19548575091340.324,23627661350682.45,674.5829152425558,19519596333281.637,0.1701277918937158,0.202743517080285,0.0,0.2770083102493075,0.6648199445983379,0.0581717451523545,0.00018,13416.539750692518,0.6859504132231404,79.55000000000001,40.446280991735534,0.7197744066642688,54795957799175.27,637958.6751,19.209802937649513
6he,Li6.6Cr0.6Ti11.4P18.0O72.0,"[{""element"": ""Li"", ""value"": 1.0}, {""element"": ""O"", ""value"": -2.0}, {""element"": ""Cr"", ""value"": 3.0}, {""element"": ""Ti"", ""value"": 4.0}, {""element"": ""P"", ""value"": 5.0}]",2.8740331491712707,3.44,1.760655737704918,1.9324,-1.679344262295082,-1.5075999999999998,2.46,105.23480662983424,138.2,40.38524590163934,34.419999999999995,-103.78,-97.81475409836064,0.2490593342981186,0.2922231975516595,6553202406957.101,28978758058.690765,19387740732658.89,23625685635916.92,669.0328375492435,19358761974600.2,0.1687126427809833,0.2025701649335404,0.0,0.2762430939226519,0.6629834254143647,0.0607734806629834,0.00026,13392.400828729282,0.7049180327868853,79.51176470588237,40.0655737704918,0.7524177643476055,54341449642514.445,643169.5203999999,19.160238174293045
pwy,Li7.2Cr1.2Ti10.8P18.0O72.0,"[{""element"": ""Li"", ""value"": 1.0}, {""element"": ""O"", ""value"": -2.0}, {""element"": ""Cr"", ""value"": 3.0}, {""element"": ""Ti"", ""value"": 4.0}, {""element"": ""P"", ""value"": 5.0}]",2.864285714285714,3.44,1.7499999999999998,1.9348,-1.6900000000000002,-1.5052,2.46,105.03296703296704,138.2,40.83870967741935,34.440000000000005,-103.76,-97.36129032258064,0.2492040520984081,0.2955044115587508,6516793510941.982,28978758058.690765,19073854322974.16,23621734206385.85,658.2012343090696,19044875564915.47,0.165950819512586,0.2022234606400512,0.0,0.2747252747252747,0.6593406593406593,0.0659340659340659,0.00043,13344.520879120877,0.7419354838709677,79.43529411764706,39.322580645161295,0.8030448563658357,53427160090789.266,653556.9384000001,19.062303734569632
y9l,Li7.8Cr1.8Ti10.2P18.0O72.0,"[{""element"": ""Li"", ""value"": 1.0}, {""element"": ""O"", ""value"": -2.0}, {""element"": ""Cr"", ""value"": 3.0}, {""element"": ""Ti"", ""value"": 4.0}, {""element"": ""P"", ""value"": 5.0}]",2.8546448087431693,3.44,1.7396825396825395,1.9372,-1.7003174603174604,-1.5028,2.46,104.83333333333331,138.2,41.27777777777778,34.46,-103.73999999999998,-96.92222222222222,0.2493487698986975,0.2986814600418074,6480782526358.724,28978758058.690765,18769932561215.93,23617782776854.797,647.7134914892188,18740953803157.24,0.1632766731733443,0.201876756346562,0.0,0.273224043715847,0.6557377049180328,0.0710382513661202,0.00029,13297.164207650274,0.7777777777777778,79.35882352941178,38.6031746031746,0.8420953021316528,52505839554526.11,663898.6595999999,18.965932025457256
rc1,Li6.3Fe0.3Ti11.7P18.0O72.0,"[{""element"": ""Li"", ""value"": 1.0}, {""element"": ""O"", ""value"": -2.0}, {""element"": ""Fe"", ""value"": 3.0}, {""element"": ""Ti"", ""value"": 4.0}, {""element"": ""P"", ""value"": 5.0}]",2.8794182825484764,3.44,1.7675206611570249,1.9329,-1.672479338842975,-1.5071,2.46,105.32340720221606,138.2,40.11363636363637,34.3625,-103.8375,-98.0863636363636,0.2486432706222865,0.2902578608077885,6571930749495.515,28978758058.690765,19549686765568.555,23629006476498.61,674.621276935834,19520708007509.863,0.1701615352682486,0.2027843465634697,0.0,0.2770083102493075,0.6648199445983379,0.0581717451523545,0.00013,13414.983829639887,0.6942148760330578,79.54411764705884,40.570247933884296,0.7197744066642688,54571347749919.766,630370.7435999999,19.213603304161072
lzt,Li6.6Fe0.6Ti11.4P18.0O72.0,"[{""element"": ""Li"", ""value"": 1.0}, {""element"": ""O"", ""value"": -2.0}, {""element"": ""Fe"", ""value"": 3.0}, {""element"": ""Ti"", ""value"": 4.0}, {""element"": ""P"", ""value"": 5.0}]",2.874972375690608,3.44,1.7634426229508195,1.9358,-1.6765573770491804,-1.5042,2.46,105.2085635359116,138.2,40.30737704918032,34.325,-103.875,-97.89262295081966,0.2483719247467438,0.2916597470997129,6553945570391.442,28978758058.690765,19389945856947.67,23628375887549.234,669.1089320555822,19360967098888.98,0.1687795763599746,0.2026518238999098,0.0,0.2762430939226519,0.6629834254143647,0.0607734806629834,0.00063,13389.297582872929,0.7213114754098361,79.5,40.31147540983606,0.7524177643476055,53888623876064.31,628001.7016,19.16779909742714
kbp,Li7.2Fe1.2Ti10.8P18.0O72.0,"[{""element"": ""Li"", ""value"": 1.0}, {""element"": ""O"", ""value"": -2.0}, {""element"": ""Fe"", ""value"": 3.0}, {""element"": ""Ti"", ""value"": 4.0}, {""element"": ""P"", ""value"": 5.0}]",2.8661538461538463,3.44,1.7554838709677418,1.9416,-1.684516129032258,-1.4983999999999995,2.46,104.98076923076924,138.2,40.68548387096774,34.25,-103.95,-97.51451612903224,0.2478292329956584,0.2943956864758881,6518271671179.518,28978758058.690765,19078193438510.15,23627114709650.484,658.350968660252,19049214680451.457,0.1660825275228593,0.20238677857279,0.0,0.2747252747252747,0.6593406593406593,0.0659340659340659,0.0014,13338.348489010987,0.7741935483870968,79.41176470588238,39.80645161290323,0.8030448563658357,52507085886132.58,623253.4776,19.077268545250554
b9u,Li7.8Fe1.8Ti10.2P18.0O72.0,"[{""element"": ""Li"", ""value"": 1.0}, {""element"": ""O"", ""value"": -2.0}, {""element"": ""Fe"", ""value"": 3.0}, {""element"": ""Ti"", ""value"": 4.0}, {""element"": ""P"", ""value"": 5.0}]",2.857431693989071,3.44,1.747777777777778,1.9474,-1.692222222222222,-1.4926,2.46,104.75546448087432,138.2,41.0515873015873,34.175,-104.025,-97.14841269841268,0.247286541244573,0.2970447706337721,6482987650647.506,28978758058.690765,18776337922245.25,23625853531751.73,647.9345279123928,18747359164186.56,0.1634710992837476,0.2021217332456702,0.0,0.273224043715847,0.6557377049180328,0.0710382513661202,0.0023,13287.956215846994,0.8253968253968254,79.32352941176472,39.317460317460316,0.8420953021316528,51104094239906.38,618491.7335999999,18.988148001973176
3uq,Li7.8Al1.8Ge10.2P18.0O72.0,"[{""element"": ""Li"", ""value"": 1.0}, {""element"": ""Al"", ""value"": 3.0}, {""element"": ""Ge"", ""value"": 4.0}, {""element"": ""O"", ""value"": -2.0}, {""element"": ""P"", ""value"": 5.0}]",2.8974863387978145,3.44,1.8641269841269843,2.094,-1.5758730158730156,-1.346,2.46,103.2363387978142,138.2,36.63888888888889,28.615,-109.58499999999998,-101.5611111111111,0.20705499276411,0.2651149702524522,6573535358730.719,28978758058.690765,19039357455248.867,23957258143336.293,657.0108151870553,19010378697190.176,0.1696663090240811,0.2099276975184903,0.0,0.273224043715847,0.6557377049180328,0.0710382513661202,8.24e-05,13126.771789617487,2.698412698412698,78.36470588235295,37.98412698412699,0.8420953021316528,989613587377.7837,178324.37785236002,19.504319824371745
1dm,Li9.6Al3.6Ge8.4P18.0O72.0,"[{""element"": ""Li"", ""value"": 1.0}, {""element"": ""Al"", ""value"": 3.0}, {""element"": ""Ge"", ""value"": 4.0}, {""element"": ""O"", ""value"": -2.0}, {""element"": ""P"", ""value"": 5.0}]",2.8601075268817207,3.44,1.805757575757576,2.07,-1.634242424242424,-1.37,2.46,102.66397849462363,138.2,38.05303030303031,28.630000000000003,-109.57,-100.14696969696968,0.2071635311143271,0.275347541990089,6462872311912.973,28978758058.690765,18160860591648.03,23932542442172.59,626.6956145900658,18131881833589.34,0.1616234385202842,0.2086021981060344,0.0,0.2688172043010753,0.6451612903225806,0.086021505376344,0.000284,12988.909543010752,2.121212121212121,78.43529411764706,35.39393939393939,0.9173573878312138,1213412895790.958,164233.03669344005,18.87801503499444
rg6,Li8.4Al2.4Ti9.6P18.0O72.0,"[{""element"": ""Li"", ""value"": 1.0}, {""element"": ""Al"", ""value"": 3.0}, {""element"": ""O"", ""value"": -2.0}, {""element"": ""Ti"", ""value"": 4.0}, {""element"": ""P"", ""value"": 5.0}]",2.8440217391304348,3.44,1.7265625,1.9356,-1.7134375,-1.5044,2.46,104.30434782608694,138.2,40.75,33.26,-104.94,-97.45,0.2406657018813314,0.2948625180897251,6459651771422.128,28978758058.690765,18517163671478.57,23667150153040.12,638.9909337720998,18488184913419.883,0.161691367473453,0.2028168022178717,0.0,0.2717391304347826,0.6521739130434783,0.0760869565217391,0.00338,13214.60081521739,0.5,79.42352941176472,37.09375,0.8731726364245316,48433241324574.64,550400.05453024,18.603872468654586
ed4,Li7.2Al1.2Ge10.8P18.0O72.0,"[{""element"": ""Li"", ""value"": 1.0}, {""element"": ""Al"", ""value"": 3.0}, {""element"": ""Ge"", ""value"": 4.0}, {""element"": ""O"", ""value"": -2.0}, {""element"": ""P"", ""value"": 5.0}]",2.91021978021978,3.44,1.8848387096774195,2.102,-1.5551612903225809,-1.338,2.46,103.43131868131869,138.2,36.13709677419354,28.61,-109.59,-102.06290322580644,0.2070188133140376,0.2614840577003874,6611233759295.006,28978758058.690765,19351082148784.645,23965496710390.86,667.7678218505031,19322103390725.957,0.1725202308157509,0.2103695306559756,0.0,0.2747252747252747,0.6593406593406593,0.0659340659340659,7.94e-05,13173.73585164835,2.903225806451613,78.34117647058824,38.903225806451616,0.8030448563658357,912715123309.2666,182897.89943616005,19.722387136852348
vg0,Li9.0Al3.0Ge9.0P18.0O72.0,"[{""element"": ""Li"", ""value"": 1.0}, {""element"": ""Al"", ""value"": 3.0}, {""element"": ""Ge"", ""value"": 4.0}, {""element"": ""O"", ""value"": -2.0}, {""element"": ""P"", ""value"": 5.0}]",2.872432432432433,3.44,1.8246153846153843,2.078,-1.6153846153846154,-1.362,2.46,102.8527027027027,138.2,37.59615384615385,28.625,-109.575,-100.60384615384616,0.2071273516642547,0.2720416341979294,6499361208431.257,28978758058.690765,18444682655272.92,23940781009227.16,636.4897563214009,18415703897214.227,0.164221904375357,0.2090440312435197,0.0,0.2702702702702703,0.6486486486486487,0.081081081081081,0.00019,13034.366824324325,2.307692307692308,78.41176470588236,36.23076923076923,0.8979457248567797,1139962473618.6294,168991.94648100002,19.082271726117167
z9y,Li7.2Al1.2Ti10.8P18.0O72.0,"[{""element"": ""Li"", ""value"": 1.0}, {""element"": ""Al"", ""value"": 3.0}, {""element"": ""O"", ""value"": -2.0}, {""element"": ""Ti"", ""value"": 4.0}, {""element"": ""P"", ""value"": 5.0}]",2.863736263736264,3.44,1.7483870967741937,1.9328,-1.6916129032258065,-1.5072,2.46,104.8653846153846,138.2,40.346774193548384,33.830000000000005,-104.36999999999998,-97.8532258064516,0.2447901591895804,0.2919448205032445,6524117522716.212,28978758058.690765,19095353841408.188,23648393609244.05,658.9431404456433,19066375083349.496,0.1664696703854889,0.2028668357224506,0.0,0.2747252747252747,0.6593406593406593,0.0659340659340659,0.00338,13326.463873626371,0.5806451612903226,79.5058823529412,38.903225806451616,0.8030448563658357,52079103972691.0,593192.4167865601,18.92537838708905
w3n,Li8.4Al2.4Ti9.6P18.0O72.0,"[{""element"": ""Li"", ""value"": 1.0}, {""element"": ""Al"", ""value"": 3.0}, {""element"": ""O"", ""value"": -2.0}, {""element"": ""Ti"", ""value"": 4.0}, {""element"": ""P"", ""value"": 5.0}]",2.8440217391304348,3.44,1.7265625,1.9356,-1.7134375,-1.5044,2.46,104.30434782608694,138.2,40.75,33.26,-104.94,-97.45,0.2406657018813314,0.2948625180897251,6459651771422.128,28978758058.690765,18517163671478.57,23667150153040.12,638.9909337720998,18488184913419.883,0.161691367473453,0.2028168022178717,0.0,0.2717391304347826,0.6521739130434783,0.0760869565217391,0.00112,13214.60081521739,0.5,79.42352941176472,37.09375,0.8731726364245316,48433241324574.64,550400.05453024,18.603872468654586
ym6,Li7.8Al1.8Ti10.2P18.0O72.0,"[{""element"": ""Li"", ""value"": 1.0}, {""element"": ""Al"", ""value"": 3.0}, {""element"": ""O"", ""value"": -2.0}, {""element"": ""Ti"", ""value"": 4.0}, {""element"": ""P"", ""value"": 5.0}]",2.853825136612022,3.44,1.7373015873015876,1.9342,-1.7026984126984124,-1.5058,2.46,104.58333333333334,138.2,40.5515873015873,33.544999999999995,-104.655,-97.64841269841268,0.2427279305354558,0.2934268256265362,6491708511136.674,28978758058.690765,18801669945570.93,23657771881142.08,648.8086862622562,18772691187512.234,0.1640425958904865,0.2028418189701612,0.0,0.273224043715847,0.6557377049180328,0.0710382513661202,0.00121,13270.226707650274,0.5396825396825397,79.46470588235294,37.98412698412699,0.8420953021316528,50315704950021.03,572202.28233876,18.763058445135815
nng,Li9.6Al3.6Ge4.8P18.0Ti3.6O72.0,"[{""element"": ""Li"", ""value"": 1.0}, {""element"": ""Al"", ""value"": 3.0}, {""element"": ""Ge"", ""value"": 4.0}, {""element"": ""O"", ""value"": -2.0}, {""element"": ""P"", ""value"": 5.0}, {""element"": ""Ti"", ""value"": 4.0}]",2.84494623655914,3.44,1.7630303030303027,2.0136,-1.6769696969696972,-1.4264,2.46,103.13172043010752,138.2,39.37121212121212,30.37,-107.82999999999998,-98.82878787878786,0.2197539797395079,0.2848857606455291,6434458055537.811,28978758058.690765,18080784050954.39,23826841408456.992,623.9323305137965,18051805292895.7,0.1597288185875758,0.2061012997948594,0.0,0.2688172043010753,0.6451612903225806,0.086021505376344,0.0007,13038.724059139782,1.3939393939393938,78.82352941176472,35.39393939393939,1.108571657147346,23130504638519.645,320221.91359584004,18.62572188562661
qno,Li6.0Ti12.0P18.0O72.0,"[{""element"": ""Li"", ""value"": 1.0}, {""element"": ""O"", ""value"": -2.0}, {""element"": ""Ti"", ""value"": 4.0}, {""element"": ""P"", ""value"": 5.0}]",2.8838888888888894,3.44,1.7716666666666667,1.93,-1.6683333333333332,-1.5099999999999998,2.46,105.43888888888888,138.2,39.91666666666666,34.4,-103.79999999999998,-98.28333333333332,0.2489146164978292,0.2888326097443319,6590015846261.276,28978758058.690765,19712090022666.45,23629637065447.984,680.2254942307567,19683111264607.76,0.1715665268249938,0.2029168692270296,0.0,0.2777777777777778,0.6666666666666666,0.0555555555555555,3.83e-07,13440.812777777775,0.6666666666666666,79.58823529411765,40.83333333333333,0.6730116670092565,55248708209701.625,632736.4055999999,19.259772348743912
oxc,Li8.4Al2.4Ti9.6P18.0O72.0,"[{""element"": ""Li"", ""value"": 1.0}, {""element"": ""Al"", ""value"": 3.0}, {""element"": ""O"", ""value"": -2.0}, {""element"": ""Ti"", ""value"": 4.0}, {""element"": ""P"", ""value"": 5.0}]",2.8440217391304348,3.44,1.7265625,1.9356,-1.7134375,-1.5044,2.46,104.30434782608694,138.2,40.75,33.26,-104.94,-97.45,0.2406657018813314,0.2948625180897251,6459651771422.128,28978758058.690765,18517163671478.57,23667150153040.12,638.9909337720998,18488184913419.883,0.161691367473453,0.2028168022178717,0.0,0.2717391304347826,0.6521739130434783,0.0760869565217391,0.00563,13214.60081521739,0.5,79.42352941176472,37.09375,0.8731726364245316,48433241324574.64,550400.05453024,18.603872468654586
dq4,Li7.8Al0.6Sc1.2Ti10.2P18.0O72.0,"[{""element"": ""Li"", ""value"": 1.0}, {""element"": ""Al"", ""value"": 3.0}, {""element"": ""Sc"", ""value"": 3.0}, {""element"": ""O"", ""value"": -2.0}, {""element"": ""Ti"", ""value"": 4.0}, {""element"": ""P"", ""value"": 5.0}]",2.851092896174864,3.44,1.7293650793650797,1.9242,-1.7106349206349205,-1.5158,2.46,104.9603825136612,138.2,41.6468253968254,34.925,-103.275,-96.5531746031746,0.2527134587554269,0.3013518480233386,6481415254621.515,28978758058.690765,18771770486169.75,23620098562296.605,647.7769146680208,18742791728111.06,0.16316281296736,0.2017332924870217,0.0,0.273224043715847,0.6557377049180328,0.0710382513661202,0.000426,13318.111953551912,0.5714285714285714,79.68823529411765,38.87301587301587,0.8802861522293415,55481133092245.52,603887.0061776398,18.86804059025176
0fa,Li7.8Al1.2Sc0.6Ti10.2P18.0O72.0,"[{""element"": ""Li"", ""value"": 1.0}, {""element"": ""Al"", ""value"": 3.0}, {""element"": ""Sc"", ""value"": 3.0}, {""element"": ""O"", ""value"": -2.0}, {""element"": ""Ti"", ""value"": 4.0}, {""element"": ""P"", ""value"": 5.0}]",2.852459016393443,3.44,1.7333333333333338,1.9292,-1.706666666666666,-1.5107999999999997,2.46,104.77185792349728,138.2,41.09920634920635,34.235,-103.965,-97.10079365079363,0.2477206946454414,0.2973893368249374,6486561882879.094,28978758058.690765,18786720215870.34,23638935221719.348,648.2928004651386,18757741457811.65,0.1636027044289232,0.2022875557285914,0.0,0.273224043715847,0.6557377049180328,0.0710382513661202,0.000269,13294.169330601093,0.5555555555555556,79.57647058823531,38.42857142857143,0.8802861522293415,52980436885729.09,588354.77749056,18.815476298517893
rr5,Li6.0Ti12.0P18.0O72.0,"[{""element"": ""Li"", ""value"": 1.0}, {""element"": ""O"", ""value"": -2.0}, {""element"": ""Ti"", ""value"": 4.0}, {""element"": ""P"", ""value"": 5.0}]",2.8838888888888894,3.44,1.7716666666666667,1.93,-1.6683333333333332,-1.5099999999999998,2.46,105.43888888888888,138.2,39.91666666666666,34.4,-103.79999999999998,-98.28333333333332,0.2489146164978292,0.2888326097443319,6590015846261.276,28978758058.690765,19712090022666.45,23629637065447.984,680.2254942307567,19683111264607.76,0.1715665268249938,0.2029168692270296,0.0,0.2777777777777778,0.6666666666666666,0.0555555555555555,7.2e-05,13440.812777777775,0.6666666666666666,79.58823529411765,40.83333333333333,0.6730116670092565,55248708209701.625,632736.4055999999,19.259772348743912
6j9,Li6.9Fe0.9Ti11.1P18.0O72.0,"[{""element"": ""Li"", ""value"": 1.0}, {""element"": ""O"", ""value"": -2.0}, {""element"": ""Fe"", ""value"": 3.0}, {""element"": ""Ti"", ""value"": 4.0}, {""element"": ""P"", ""value"": 5.0}]",2.870550964187328,3.44,1.7594308943089432,1.9387,-1.6805691056910568,-1.5013,2.46,105.09435261707988,138.2,40.4979674796748,34.2875,-103.9125,-97.7020325203252,0.2481005788712011,0.2930388384925818,6536059483183.26,28978758058.690765,19232802361475.1,23627745298599.86,663.6862187993995,19203823603416.41,0.167420088328258,0.2025193012363499,0.0,0.2754820936639118,0.6611570247933884,0.0633608815426997,0.000522,13363.752858126722,0.7479674796747968,79.45588235294119,40.056910569105696,0.7795654523164246,53200536588135.24,625629.2795999999,19.12235554995286
0x9,Li7.2Sc1.2Ti10.8P18.0O72.0,"[{""element"": ""Li"", ""value"": 1.0}, {""element"": ""Sc"", ""value"": 3.0}, {""element"": ""O"", ""value"": -2.0}, {""element"": ""Ti"", ""value"": 4.0}, {""element"": ""P"", ""value"": 5.0}]",2.860989010989011,3.44,1.7403225806451614,1.9228,-1.6996774193548383,-1.5172,2.46,105.2445054945055,138.2,41.45967741935484,35.21000000000001,-102.98999999999998,-96.74032258064514,0.2547756874095515,0.2999976658419308,6513767709846.575,28978758058.690765,19064972132661.832,23610720290398.57,657.8947273740816,19035993374603.14,0.1655756974152151,0.2017583092393112,0.0,0.2747252747252747,0.6593406593406593,0.0659340659340659,0.000246,13374.612225274723,0.6129032258064516,79.7294117647059,39.80645161290323,0.8030448563658357,56965026487513.52,623457.6839999999,19.031852185485647
iwe,Li7.8Sc1.8Ti10.2P18.0O72.0,"[{""element"": ""Li"", ""value"": 1.0}, {""element"": ""Sc"", ""value"": 3.0}, {""element"": ""O"", ""value"": -2.0}, {""element"": ""Ti"", ""value"": 4.0}, {""element"": ""P"", ""value"": 5.0}]",2.849726775956284,3.44,1.7253968253968257,1.9192,-1.7146031746031745,-1.5208,2.46,105.14890710382512,138.2,42.19444444444444,35.614999999999995,-102.585,-96.00555555555556,0.2577062228654124,0.3053143592217398,6476268626363.936,28978758058.690765,18756820756469.164,23601261902873.867,647.2610288709033,18727841998410.477,0.1627229215057967,0.2011790292454519,0.0,0.273224043715847,0.6557377049180328,0.0710382513661202,0.000407,13342.054576502733,0.5873015873015873,79.80000000000001,39.317460317460316,0.8420953021316528,57817793569570.34,618798.9683999999,18.920751729438315
ib2,Li6.6Sc0.6Ti11.4P18.0O72.0,"[{""element"": ""Li"", ""value"": 1.0}, {""element"": ""Sc"", ""value"": 3.0}, {""element"": ""O"", ""value"": -2.0}, {""element"": ""Ti"", ""value"": 4.0}, {""element"": ""P"", ""value"": 5.0}]",2.872375690607735,3.44,1.755737704918033,1.9264,-1.684262295081967,-1.5135999999999998,2.46,105.34116022099448,138.2,40.700819672131146,34.805,-103.39499999999998,-97.49918032786884,0.2518451519536903,0.2945066546463903,6551681147842.835,28978758058.690765,19383226832664.1,23620178677923.277,668.8770717298235,19354248074605.41,0.1685220069610079,0.2023375892331704,0.0,0.2762430939226519,0.6629834254143647,0.0607734806629834,0.000158,13407.529627071823,0.639344262295082,79.65882352941178,40.31147540983606,0.7524177643476055,56108664700890.61,628103.4964000001,19.144843506746867
ppz,Li7.8In1.8Hf10.2P18.0O72.0,"[{""element"": ""Li"", ""value"": 1.0}, {""element"": ""In"", ""value"": 3.0}, {""element"": ""Hf"", ""value"": 4.0}, {""element"": ""O"", ""value"": -2.0}, {""element"": ""P"", ""value"": 5.0}]",2.834316939890711,3.44,1.680634920634921,1.8628,-1.759365079365079,-1.5772,2.46,106.20491803278688,138.2,45.261904761904766,39.48,-98.71999999999998,-92.93809523809524,0.2856729377713459,0.3275101647026394,6450269582939.188,28978758058.690765,18681299725568.707,23506105403939.29,644.6549464864372,18652320967510.016,0.1598899436317737,0.197609477124183,0.0,0.273224043715847,0.6557377049180328,0.0710382513661202,1e-05,13481.62868852459,6.888888888888888,80.96470588235294,62.61904761904762,0.8420953021316528,150943761653815.53,1065638.995725,21.712586259475277
ci1,Li6.0Ti1.2Zr10.8P18.0O72.0,"[{""element"": ""Li"", ""value"": 1.0}, {""element"": ""Zr"", ""value"": 4.0}, {""element"": ""O"", ""value"": -2.0}, {""element"": ""Ti"", ""value"": 4.0}, {""element"": ""P"", ""value"": 5.0}]",2.862888888888889,3.44,1.7086666666666668,1.8544000000000005,-1.7313333333333332,-1.5855999999999997,2.46,107.18888888888888,138.2,45.16666666666666,40.7,-97.5,-93.03333333333332,0.2945007235890015,0.3268210323203087,6553170053629.626,28978758058.690765,19601552644771.496,23496992211974.043,676.4110665154253,19572573886712.805,0.1671164314658075,0.1975767547960061,0.0,0.2777777777777778,0.6666666666666666,0.0555555555555555,5.6e-08,13683.187777777775,3.6666666666666674,80.96470588235294,51.63333333333334,0.8030448563658357,144978173860924.8,771962.244,20.54274331589788
08e,Li6.0Ti10.8Zr1.2P18.0O72.0,"[{""element"": ""Li"", ""value"": 1.0}, {""element"": ""Zr"", ""value"": 4.0}, {""element"": ""O"", ""value"": -2.0}, {""element"": ""Ti"", ""value"": 4.0}, {""element"": ""P"", ""value"": 5.0}]",2.881555555555556,3.44,1.7646666666666668,1.9216,-1.6753333333333331,-1.5183999999999995,2.46,105.63333333333333,138.2,40.5,35.1,-103.1,-97.7,0.2539797395079595,0.2930535455861071,6585921869302.204,28978758058.690765,19699808091789.23,23614898748395.32,679.8016689290531,19670829333730.54,0.1710720717850842,0.2023235231791381,0.0,0.2777777777777778,0.6666666666666666,0.0555555555555555,8.5e-08,13467.74333333333,1.0,79.74117647058824,42.03333333333333,0.8030448563658357,66524975937638.16,648653.5463999999,19.39827315751524
xkh,Li6.0Ti0.6Zr11.4P18.0O72.0,"[{""element"": ""Li"", ""value"": 1.0}, {""element"": ""Zr"", ""value"": 4.0}, {""element"": ""O"", ""value"": -2.0}, {""element"": ""Ti"", ""value"": 4.0}, {""element"": ""P"", ""value"": 5.0}]",2.8617222222222227,3.44,1.7051666666666667,1.8502,-1.7348333333333332,-1.5898,2.46,107.28611111111113,138.2,45.458333333333336,41.05,-97.15,-92.74166666666665,0.2970332850940665,0.3289315002411964,6551123065150.089,28978758058.690765,19595411679332.887,23489623053447.71,676.1991538645735,19566432921274.195,0.1668692039458527,0.1972800817720603,0.0,0.2777777777777778,0.6666666666666666,0.0555555555555555,3.2e-08,13696.653055555553,3.833333333333333,81.04117647058825,52.233333333333334,0.7524177643476055,149187512459243.12,779431.2483999999,20.61647445216858
wng,Li7.2In1.2Hf10.8P18.0O72.0,"[{""element"": ""Li"", ""value"": 1.0}, {""element"": ""In"", ""value"": 3.0}, {""element"": ""Hf"", ""value"": 4.0}, {""element"": ""O"", ""value"": -2.0}, {""element"": ""P"", ""value"": 5.0}]",2.841868131868132,3.44,1.684193548387097,1.8532,-1.7558064516129033,-1.5867999999999998,2.46,106.37362637362637,138.2,44.77419354838709,39.32,-98.88,-93.4258064516129,0.2845151953690304,0.323981140002801,6486048067503.982,28978758058.690765,18983601569656.16,23509820792271.53,655.0867891304594,18954622811597.465,0.1625210837022981,0.1979705882352941,0.0,0.2747252747252747,0.6593406593406593,0.0659340659340659,4e-06,13523.98791208791,7.03225806451613,80.97647058823532,64.19354838709678,0.8030448563658357,156401587241057.28,1097107.2636000002,21.902096923272094
ncr,Li6.0Hf12.0P18.0O72.0,"[{""element"": ""Li"", ""value"": 1.0}, {""element"": ""Hf"", ""value"": 4.0}, {""element"": ""O"", ""value"": -2.0}, {""element"": ""P"", ""value"": 5.0}]",2.8572222222222226,3.44,1.6916666666666669,1.834,-1.748333333333333,-1.606,2.46,106.71666666666668,138.2,43.75,39.0,-99.2,-94.45,0.2821997105643994,0.3165701881331404,6558797652785.732,28978758058.690765,19618435442239.816,23517251568936.023,676.9936586829064,19589456684181.125,0.1680464778503994,0.1986928104575163,0.0,0.2777777777777778,0.6666666666666666,0.0555555555555555,6.85e-07,13610.11833333333,7.333333333333333,81.0,67.5,0.6730116670092565,166379555997766.44,1149697.8456000001,22.292551599515612
dx2,Li6.6Fe0.6Hf11.4P18.0O72.0,"[{""element"": ""Li"", ""value"": 1.0}, {""element"": ""Hf"", ""value"": 4.0}, {""element"": ""O"", ""value"": -2.0}, {""element"": ""Fe"", ""value"": 3.0}, {""element"": ""P"", ""value"": 5.0}]",2.8497790055248617,3.44,1.6886885245901635,1.8446,-1.7513114754098362,-1.5954,2.46,106.4157458563536,138.2,43.88934426229508,38.695,-99.505,-94.3106557377049,0.2799927641099855,0.3175784678892553,6524452138986.37,28978758058.690765,19302432560483.44,23521609665862.87,666.0890201502137,19273453802424.75,0.1654903502689602,0.1986389680688721,0.0,0.2762430939226519,0.6629834254143647,0.0607734806629834,0.000107,13549.249240331492,6.950819672131147,80.84117647058824,65.22950819672131,0.7524177643476055,161287214669877.8,1122657.6196,22.007571208366
6xc,Li6.6In0.6Hf11.4P18.0O72.0,"[{""element"": ""Li"", ""value"": 1.0}, {""element"": ""In"", ""value"": 3.0}, {""element"": ""Hf"", ""value"": 4.0}, {""element"": ""O"", ""value"": -2.0}, {""element"": ""P"", ""value"": 5.0}]",2.8495027624309395,3.44,1.6878688524590164,1.8436,-1.7521311475409835,-1.5964,2.46,106.54419889502763,138.2,44.270491803278695,39.16,-99.04,-93.92950819672129,0.2833574529667149,0.3203364095750991,6522221894439.659,28978758058.690765,19295814949615.33,23513536180603.777,665.8606594021545,19266836191556.64,0.1652384906603807,0.1983316993464052,0.0,0.2762430939226519,0.6629834254143647,0.0607734806629834,5.13e-05,13566.815193370165,7.1803278688524586,80.98823529411766,65.81967213114754,0.7524177643476055,161546852022374.2,1125126.880225,22.09538327521626
21m,Li6.6Lu0.6Hf11.4P18.0O72.0,"[{""element"": ""Li"", ""value"": 1.0}, {""element"": ""Lu"", ""value"": 3.0}, {""element"": ""Hf"", ""value"": 4.0}, {""element"": ""O"", ""value"": -2.0}, {""element"": ""P"", ""value"": 5.0}]",2.845193370165746,3.44,1.6750819672131148,1.828,-1.7649180327868852,-1.612,2.46,106.63075506445674,138.2,44.52732240437158,39.473333333333336,-98.72666666666666,-93.6726775956284,0.2856246985045828,0.3221948075569579,6521707813870.309,28978758058.690765,19294289563007.914,23511675208942.73,665.8080213075775,19265310804949.223,0.1651378166442728,0.1982088770467536,0.0,0.2762430939226519,0.6629834254143647,0.0607734806629834,5.88e-05,13582.020227133211,7.19672131147541,81.1058823529412,66.54098360655738,0.7524177643476055,168912342017904.38,1125794.8084,22.14686670173419
4k1,Li6.6Sc0.6Hf11.4P18.0O72.0,"[{""element"": ""Li"", ""value"": 1.0}, {""element"": ""Sc"", ""value"": 3.0}, {""element"": ""Hf"", ""value"": 4.0}, {""element"": ""O"", ""value"": -2.0}, {""element"": ""P"", ""value"": 5.0}]",2.847182320441989,3.44,1.680983606557377,1.8352,-1.7590163934426228,-1.6047999999999998,2.46,106.54834254143648,138.2,44.2827868852459,39.175,-99.025,-93.91721311475408,0.283465991316932,0.3204253754359327,6522187716437.764,28978758058.690765,19295713536199.87,23513412456236.92,665.857159824455,19266734778141.18,0.1652327808699934,0.1983247334021327,0.0,0.2762430939226519,0.6629834254143647,0.0607734806629834,2.45e-05,13567.481284530386,6.868852459016393,81.0,65.22950819672131,0.7524177643476055,162269548162769.88,1122733.6504000002,21.981214671866528
gzp,Li7.2Lu1.2Hf10.8P18.0O72.0,"[{""element"": ""Li"", ""value"": 1.0}, {""element"": ""Lu"", ""value"": 3.0}, {""element"": ""Hf"", ""value"": 4.0}, {""element"": ""O"", ""value"": -2.0}, {""element"": ""P"", ""value"": 5.0}]",2.833296703296704,3.44,1.659032258064516,1.822,-1.780967741935484,-1.618,2.46,106.54578754578752,138.2,45.27956989247312,39.94666666666667,-98.25333333333332,-92.92043010752688,0.2890496864447661,0.3276379876445233,6485025555602.308,28978758058.690765,18980600002460.92,23506098848949.44,654.9832109443563,18951621244402.227,0.1623229832189891,0.197724943635991,0.0,0.2747252747252747,0.6593406593406593,0.0659340659340659,9.79e-05,13554.23089133089,7.064516129032259,81.21176470588236,65.61290322580646,0.8030448563658357,171434731020938.8,1101621.7224000003,22.003719194248166
lh8,Li7.8Cr1.8Hf10.2P18.0O72.0,"[{""element"": ""Li"", ""value"": 1.0}, {""element"": ""Hf"", ""value"": 4.0}, {""element"": ""O"", ""value"": -2.0}, {""element"": ""Cr"", ""value"": 3.0}, {""element"": ""P"", ""value"": 5.0}]",2.8323497267759565,3.44,1.674920634920635,1.8556,-1.765079365079365,-1.5843999999999998,2.46,105.90163934426228,138.2,44.38095238095238,38.37,-99.82999999999998,-93.8190476190476,0.2776410998552822,0.3211356901660809,6454682069518.515,28978758058.690765,18694116948489.61,23522255104819.625,645.0972436647685,18665138190430.92,0.1604271097177202,0.1982863063924757,0.0,0.273224043715847,0.6557377049180328,0.0710382513661202,5.26e-07,13438.71475409836,6.174603174603174,80.55882352941177,60.19047619047619,0.8420953021316528,150856013060971.03,1104318.6456,21.432437691247788
ew5,Li7.8Fe1.8Hf10.2P18.0O72.0,"[{""element"": ""Li"", ""value"": 1.0}, {""element"": ""Hf"", ""value"": 4.0}, {""element"": ""O"", ""value"": -2.0}, {""element"": ""Fe"", ""value"": 3.0}, {""element"": ""P"", ""value"": 5.0}]",2.835136612021858,3.44,1.6830158730158733,1.8658,-1.7569841269841266,-1.5741999999999998,2.46,105.82377049180327,138.2,44.15476190476191,38.085,-100.11499999999998,-94.04523809523808,0.2755788712011577,0.3194990007580456,6456887193807.298,28978758058.690765,18700522309518.93,23530325859716.57,645.3182800879425,18671543551460.24,0.1606215358281236,0.1985312832915838,0.0,0.273224043715847,0.6557377049180328,0.0710382513661202,5.4e-05,13429.506762295083,6.222222222222221,80.52352941176471,60.9047619047619,0.8420953021316528,150462080920432.5,1067417.9076,21.457542839351692
9l3,Li7.8In1.8Hf10.2P18.0O72.0,"[{""element"": ""Li"", ""value"": 1.0}, {""element"": ""In"", ""value"": 3.0}, {""element"": ""Hf"", ""value"": 4.0}, {""element"": ""O"", ""value"": -2.0}, {""element"": ""P"", ""value"": 5.0}]",2.834316939890711,3.44,1.680634920634921,1.8628,-1.759365079365079,-1.5772,2.46,106.20491803278688,138.2,45.261904761904766,39.48,-98.71999999999998,-92.93809523809524,0.2856729377713459,0.3275101647026394,6450269582939.188,28978758058.690765,18681299725568.707,23506105403939.29,644.6549464864372,18652320967510.016,0.1598899436317737,0.197609477124183,0.0,0.273224043715847,0.6557377049180328,0.0710382513661202,0.000142,13481.62868852459,6.888888888888888,80.96470588235294,62.61904761904762,0.8420953021316528,150943761653815.53,1065638.995725,21.712586259475277
jdk,Li7.8Lu1.8Hf10.2P18.0O72.0,"[{""element"": ""Li"", ""value"": 1.0}, {""element"": ""Lu"", ""value"": 3.0}, {""element"": ""Hf"", ""value"": 4.0}, {""element"": ""O"", ""value"": -2.0}, {""element"": ""P"", ""value"": 5.0}]",2.821530054644809,3.44,1.6434920634920638,1.816,-1.7965079365079362,-1.624,2.46,106.46174863387978,138.2,46.007936507936506,40.42,-97.78,-92.19206349206348,0.2924746743849493,0.3329083683642294,6448744196331.771,28978758058.690765,18676868840661.45,23500522488956.145,644.5020453545708,18647890082602.76,0.1595975095849842,0.1972410102252283,0.0,0.273224043715847,0.6557377049180328,0.0710382513661202,3.56e-05,13526.745264116576,6.936507936507936,81.31764705882354,64.71428571428571,0.8420953021316528,173946723006869.88,1077178.5876,21.863046291112322
h8a,Li7.8Sc1.8Hf10.2P18.0O72.0,"[{""element"": ""Li"", ""value"": 1.0}, {""element"": ""Sc"", ""value"": 3.0}, {""element"": ""Hf"", ""value"": 4.0}, {""element"": ""O"", ""value"": -2.0}, {""element"": ""P"", ""value"": 5.0}]",2.827431693989071,3.44,1.660634920634921,1.8376,-1.779365079365079,-1.6024,2.46,106.2172131147541,138.2,45.29761904761905,39.525,-98.67499999999998,-92.90238095238094,0.2859985528219971,0.3277685893460134,6450168169523.727,28978758058.690765,18681005143742.844,23505734230838.7,644.644781046453,18652026385684.152,0.1598733580501726,0.1975885792913656,0.0,0.273224043715847,0.6557377049180328,0.0710382513661202,8.32e-05,13483.60512295082,5.984126984126983,81.0,60.9047619047619,0.8420953021316528,153853513201220.34,1067655.9864,21.381381730591674
jq7,Li7.8Y1.8Hf10.2P18.0O72.0,"[{""element"": ""Li"", ""value"": 1.0}, {""element"": ""Y"", ""value"": 3.0}, {""element"": ""Hf"", ""value"": 4.0}, {""element"": ""O"", ""value"": -2.0}, {""element"": ""P"", ""value"": 5.0}]",2.8251366120218577,3.44,1.653968253968254,1.8292,-1.786031746031746,-1.6107999999999998,2.46,106.46639344262296,138.2,46.02142857142858,40.437,-97.763,-92.17857142857142,0.2925976845151953,0.3330059954517264,6448725221660.015,28978758058.690765,18676813723757.777,23500453041657.52,644.5001433785247,18647834965699.09,0.1595931000376398,0.1972354541955743,0.0,0.273224043715847,0.6557377049180328,0.0710382513661202,3.19e-05,13527.635286885246,6.46031746031746,81.31764705882354,62.61904761904762,0.8420953021316528,169327765419231.97,1066475.7444,21.621736935438527
ylt,Li8.4In2.4Hf9.6P18.0O72.0,"[{""element"": ""Li"", ""value"": 1.0}, {""element"": ""In"", ""value"": 3.0}, {""element"": ""Hf"", ""value"": 4.0}, {""element"": ""O"", ""value"": -2.0}, {""element"": ""P"", ""value"": 5.0}]",2.8268478260869565,3.44,1.6771875,1.8724,-1.7628125,-1.5676,2.46,106.03804347826085,138.2,45.734375,39.63999999999999,-98.56,-92.465625,0.2868306801736613,0.3309289073806078,6414879994945.749,28978758058.690765,18388444814108.984,23502390015607.043,634.5490989250407,18359466056050.293,0.1573410266884531,0.1972483660130718,0.0,0.2717391304347826,0.6521739130434783,0.0760869565217391,0.000142,13439.729891304347,6.75,80.9529411764706,61.09375,0.8731726364245316,145173375260649.1,1030722.0766,21.526748671436675
gnq,Li8.4Lu2.4Hf9.6P18.0O72.0,"[{""element"": ""Li"", ""value"": 1.0}, {""element"": ""Lu"", ""value"": 3.0}, {""element"": ""Hf"", ""value"": 4.0}, {""element"": ""O"", ""value"": -2.0}, {""element"": ""P"", ""value"": 5.0}]",2.809891304347826,3.44,1.6284375000000002,1.81,-1.8115625,-1.63,2.46,106.37862318840578,138.2,46.71354166666666,40.89333333333333,-97.30666666666666,-91.48645833333332,0.2958996623251326,0.3380140496864448,6412857199662.002,28978758058.690765,18382629277668.21,23494946128962.85,634.348416189466,18353650519609.52,0.156957207002042,0.1967570768144656,0.0,0.2717391304347826,0.6521739130434783,0.0760869565217391,2.06e-05,13499.558393719806,6.8125,81.42352941176472,63.84375,0.8731726364245316,176448317975697.47,1052465.404,21.724787193599976
sso,Li8.4Y2.4Hf9.6P18.0O72.0,"[{""element"": ""Li"", ""value"": 1.0}, {""element"": ""Y"", ""value"": 3.0}, {""element"": ""Hf"", ""value"": 4.0}, {""element"": ""O"", ""value"": -2.0}, {""element"": ""P"", ""value"": 5.0}]",2.814673913043478,3.44,1.6421875,1.8276,-1.7978124999999998,-1.6123999999999998,2.46,106.38478260869564,138.2,46.73125,40.916,-97.284,-91.46875,0.2960636758321274,0.3381421852387844,6412832037597.281,28978758058.690765,18382556936732.14,23494853532564.684,634.3459198459055,18353578178673.45,0.1569514194711525,0.196749668774927,0.0,0.2717391304347826,0.6521739130434783,0.0760869565217391,2.09e-05,13500.738641304346,6.1875,81.42352941176472,61.09375,0.8731726364245316,170306953531048.66,1037935.2856000001,21.407387264312014
lpx,Li6.9Y0.9Zr11.1P18.0O72.0,"[{""element"": ""Li"", ""value"": 1.0}, {""element"": ""Y"", ""value"": 3.0}, {""element"": ""Zr"", ""value"": 4.0}, {""element"": ""O"", ""value"": -2.0}, {""element"": ""P"", ""value"": 5.0}]",2.8441046831955923,3.44,1.6813821138211384,1.8427,-1.7586178861788615,-1.5972999999999995,2.46,107.20206611570248,138.2,46.71829268292683,41.9385,-96.26149999999998,-91.48170731707316,0.3034623733719248,0.3380484275175603,6494388452393.554,28978758058.690765,19109822002315.24,23476479456833.227,659.4424082499346,19080843244256.547,0.1624311732949237,0.1963829357453487,0.0,0.2754820936639118,0.6611570247933884,0.0633608815426997,7.1e-05,13660.27150826446,3.8780487804878057,81.26764705882354,51.76422764227643,0.7795654523164246,155818357215446.97,768576.1599000001,20.500183107137996
f7p,Li7.8Al1.2Y0.6Ti10.2P18.0O72.0,"[{""element"": ""Li"", ""value"": 1.0}, {""element"": ""Al"", ""value"": 3.0}, {""element"": ""Y"", ""value"": 3.0}, {""element"": ""O"", ""value"": -2.0}, {""element"": ""Ti"", ""value"": 4.0}, {""element"": ""P"", ""value"": 5.0}]",2.851693989071038,3.44,1.7311111111111115,1.9264,-1.7088888888888885,-1.5135999999999998,2.46,104.85491803278688,138.2,41.34047619047619,34.538999999999994,-103.661,-96.8595238095238,0.2499204052098408,0.299135138860175,6486080900257.856,28978758058.690765,18785323075875.32,23637174825325.617,648.2445879091625,18756344317816.625,0.1635092850914123,0.2021698473633277,0.0,0.273224043715847,0.6557377049180328,0.0710382513661202,0.00012,13308.846051912567,0.7142857142857142,79.68235294117648,39.0,0.8802861522293415,60065624616559.81,587825.15077056,18.885717421323932
l8t,Li7.8Al0.6Y1.2Ti10.2P18.0O72.0,"[{""element"": ""Li"", ""value"": 1.0}, {""element"": ""Al"", ""value"": 3.0}, {""element"": ""Y"", ""value"": 3.0}, {""element"": ""O"", ""value"": -2.0}, {""element"": ""Ti"", ""value"": 4.0}, {""element"": ""P"", ""value"": 5.0}]",2.8495628415300547,3.44,1.724920634920635,1.9186,-1.715079365079365,-1.5214,2.46,105.12650273224044,138.2,42.12936507936508,35.532999999999994,-102.667,-96.07063492063492,0.2571128798842257,0.3048434520938139,6480453289379.04,28978758058.690765,18768976206179.707,23616577769509.15,647.6804895560688,18739997448121.016,0.1629759742923381,0.2014978757564942,0.0,0.273224043715847,0.6557377049180328,0.0710382513661202,7.3e-05,13347.465396174863,0.8888888888888888,79.9,40.01587301587301,0.8802861522293415,69321685718949.016,602848.70545764,19.00917825103095
3tt,Li7.8Al0.9Y0.9Ti10.2P18.0O72.0,"[{""element"": ""Li"", ""value"": 1.0}, {""element"": ""Al"", ""value"": 3.0}, {""element"": ""Y"", ""value"": 3.0}, {""element"": ""O"", ""value"": -2.0}, {""element"": ""Ti"", ""value"": 4.0}, {""element"": ""P"", ""value"": 5.0}]",2.850628415300547,3.44,1.7280158730158732,1.9225,-1.7119841269841267,-1.5175,2.46,104.99071038251364,138.2,41.73492063492064,35.035999999999994,-103.164,-96.46507936507936,0.2535166425470332,0.3019892954769945,6483267094818.448,28978758058.690765,18777149641027.51,23626876297417.383,647.9625387326156,18748170882968.82,0.1632426296918752,0.2018338615599109,0.0,0.273224043715847,0.6557377049180328,0.0710382513661202,1.9e-05,13328.155724043716,0.8015873015873016,79.79117647058825,39.507936507936506,0.8836841329652496,64755387488273.11,595411.84233219,18.947347277667845
za6,Li6.6Al0.6Ge11.4P18.0O72.0,"[{""element"": ""Li"", ""value"": 1.0}, {""element"": ""Al"", ""value"": 3.0}, {""element"": ""Ge"", ""value"": 4.0}, {""element"": ""O"", ""value"": -2.0}, {""element"": ""P"", ""value"": 5.0}]",2.9230939226519337,3.44,1.906229508196721,2.11,-1.5337704918032786,-1.33,2.46,103.62845303867404,138.2,35.618852459016395,28.605,-109.59499999999998,-102.5811475409836,0.2069826338639653,0.2577340988351403,6649348716771.606,28978758058.690765,19673027324075.7,23973735277445.426,678.8775172570149,19644048566017.008,0.1754677238137051,0.2108113637934609,0.0,0.2762430939226519,0.6629834254143647,0.0607734806629834,2.9e-06,13221.21885359116,3.114754098360656,78.31764705882354,39.85245901639344,0.7524177643476055,834667311942.0203,187409.62495204003,19.94534278728165
ag1,Li7.8Al1.8Ge10.2P18.0O72.0,"[{""element"": ""Li"", ""value"": 1.0}, {""element"": ""Al"", ""value"": 3.0}, {""element"": ""Ge"", ""value"": 4.0}, {""element"": ""O"", ""value"": -2.0}, {""element"": ""P"", ""value"": 5.0}]",2.8974863387978145,3.44,1.8641269841269843,2.094,-1.5758730158730156,-1.346,2.46,103.2363387978142,138.2,36.63888888888889,28.615,-109.58499999999998,-101.5611111111111,0.20705499276411,0.2651149702524522,6573535358730.719,28978758058.690765,19039357455248.867,23957258143336.293,657.0108151870553,19010378697190.176,0.1696663090240811,0.2099276975184903,0.0,0.273224043715847,0.6557377049180328,0.0710382513661202,3.9e-05,13126.771789617487,2.698412698412698,78.36470588235295,37.98412698412699,0.8420953021316528,989613587377.7837,178324.37785236002,19.504319824371745
u5t,Li9.0Al3.0Ge9.0P18.0O72.0,"[{""element"": ""Li"", ""value"": 1.0}, {""element"": ""Al"", ""value"": 3.0}, {""element"": ""Ge"", ""value"": 4.0}, {""element"": ""O"", ""value"": -2.0}, {""element"": ""P"", ""value"": 5.0}]",2.872432432432433,3.44,1.8246153846153843,2.078,-1.6153846153846154,-1.362,2.46,102.8527027027027,138.2,37.59615384615385,28.625,-109.575,-100.60384615384616,0.2071273516642547,0.2720416341979294,6499361208431.257,28978758058.690765,18444682655272.92,23940781009227.16,636.4897563214009,18415703897214.227,0.164221904375357,0.2090440312435197,0.0,0.2702702702702703,0.6486486486486487,0.081081081081081,0.00028,13034.366824324325,2.307692307692308,78.41176470588236,36.23076923076923,0.8979457248567797,1139962473618.6294,168991.94648100002,19.082271726117167
0y6,Li9.6Al3.6Ge8.4P18.0O72.0,"[{""element"": ""Li"", ""value"": 1.0}, {""element"": ""Al"", ""value"": 3.0}, {""element"": ""Ge"", ""value"": 4.0}, {""element"": ""O"", ""value"": -2.0}, {""element"": ""P"", ""value"": 5.0}]",2.8601075268817207,3.44,1.805757575757576,2.07,-1.634242424242424,-1.37,2.46,102.66397849462363,138.2,38.05303030303031,28.630000000000003,-109.57,-100.14696969696968,0.2071635311143271,0.275347541990089,6462872311912.973,28978758058.690765,18160860591648.03,23932542442172.59,626.6956145900658,18131881833589.34,0.1616234385202842,0.2086021981060344,0.0,0.2688172043010753,0.6451612903225806,0.086021505376344,0.00014,12988.909543010752,2.121212121212121,78.43529411764706,35.39393939393939,0.9173573878312138,1213412895790.958,164233.03669344005,18.87801503499444
yq2,Li6.6Al0.6Ti11.4P18.0O72.0,"[{""element"": ""Li"", ""value"": 1.0}, {""element"": ""Al"", ""value"": 3.0}, {""element"": ""O"", ""value"": -2.0}, {""element"": ""Ti"", ""value"": 4.0}, {""element"": ""P"", ""value"": 5.0}]",2.8737569060773485,3.44,1.7598360655737704,1.9314,-1.6801639344262296,-1.5085999999999995,2.46,105.15055248618783,138.2,40.135245901639344,34.115,-104.08499999999998,-98.06475409836064,0.2468523878437048,0.2904142250480416,6556884644920.94,28978758058.690765,19398666717436.84,23639015337346.016,669.4098718153712,19369687959378.15,0.1689763210934421,0.2028918524747401,0.0,0.2762430939226519,0.6629834254143647,0.0607734806629834,3e-05,13383.32244475138,0.6229508196721312,79.54705882352943,39.85245901639344,0.7524177643476055,53723438392584.516,613370.45787364,19.090919561385583
kab,Li7.8Al1.8Ti10.2P18.0O72.0,"[{""element"": ""Li"", ""value"": 1.0}, {""element"": ""Al"", ""value"": 3.0}, {""element"": ""O"", ""value"": -2.0}, {""element"": ""Ti"", ""value"": 4.0}, {""element"": ""P"", ""value"": 5.0}]",2.853825136612022,3.44,1.7373015873015876,1.9342,-1.7026984126984124,-1.5058,2.46,104.58333333333334,138.2,40.5515873015873,33.544999999999995,-104.655,-97.64841269841268,0.2427279305354558,0.2934268256265362,6491708511136.674,28978758058.690765,18801669945570.93,23657771881142.08,648.8086862622562,18772691187512.234,0.1640425958904865,0.2028418189701612,0.0,0.273224043715847,0.6557377049180328,0.0710382513661202,3.75e-05,13270.226707650274,0.5396825396825397,79.46470588235294,37.98412698412699,0.8420953021316528,50315704950021.03,572202.28233876,18.763058445135815
tp2,Li9.6Al3.6Ti8.4P18.0O72.0,"[{""element"": ""Li"", ""value"": 1.0}, {""element"": ""Al"", ""value"": 3.0}, {""element"": ""O"", ""value"": -2.0}, {""element"": ""Ti"", ""value"": 4.0}, {""element"": ""P"", ""value"": 5.0}]",2.8247311827957,3.44,1.706060606060606,1.9384,-1.733939393939394,-1.5015999999999998,2.46,103.75537634408605,138.2,41.12878787878788,32.690000000000005,-105.51,-97.07121212121211,0.2365412445730825,0.2976033855194492,6396572380370.928,28978758058.690765,17974015330029.54,23685906696836.188,620.2479517454375,17945036571970.848,0.1572026586772981,0.2027667687132927,0.0,0.2688172043010753,0.6451612903225806,0.086021505376344,2.3e-05,13105.143413978492,0.42424242424242425,79.34117647058824,35.39393939393939,0.9173573878312138,44311120265352.52,504359.31883103994,18.294568149057167
nf0,Li9.0Al3.0Ti9.0P18.0O72.0,"[{""element"": ""Li"", ""value"": 1.0}, {""element"": ""Al"", ""value"": 3.0}, {""element"": ""O"", ""value"": -2.0}, {""element"": ""Ti"", ""value"": 4.0}, {""element"": ""P"", ""value"": 5.0}]",2.8343243243243244,3.44,1.7161538461538464,1.937,-1.7238461538461536,-1.503,2.46,104.02837837837838,138.2,40.94230769230769,32.975,-105.225,-97.2576923076923,0.2386034732272069,0.2962540354002004,6427941591055.849,28978758058.690765,18241411436589.062,23676528424938.152,629.4752659739481,18212432678530.37,0.1594124845461743,0.2027917854655822,0.0,0.2702702702702703,0.6486486486486487,0.081081081081081,1.1e-05,13159.576283783785,0.46153846153846156,79.38235294117649,36.23076923076923,0.8979457248567797,46431713096351.805,527785.7333609998,18.44773617613037
fkt,Li7.2La1.2Ti10.8P18.0O72.0,"[{""element"": ""Li"", ""value"": 1.0}, {""element"": ""La"", ""value"": 3.0}, {""element"": ""O"", ""value"": -2.0}, {""element"": ""Ti"", ""value"": 4.0}, {""element"": ""P"", ""value"": 5.0}]",2.858131868131868,3.44,1.7319354838709675,1.9124,-1.7080645161290324,-1.5275999999999998,2.46,105.66446886446886,138.2,42.692473118279565,36.73866666666667,-101.46133333333331,-95.50752688172042,0.2658369512783406,0.308918039929664,6512121968150.418,28978758058.690765,19060141084456.984,23604729790624.56,657.7280173930995,19031162326398.293,0.1651907117659903,0.2012809270342724,0.0,0.2747252747252747,0.6593406593406593,0.0659340659340659,0.000528,13458.485909645908,1.2580645161290323,80.02352941176471,42.38709677419355,0.8030448563658357,66127781317833.64,595924.0344,19.26925526696242
ctg,Li7.8La1.8Ti10.2P18.0O72.0,"[{""element"": ""Li"", ""value"": 1.0}, {""element"": ""La"", ""value"": 3.0}, {""element"": ""O"", ""value"": -2.0}, {""element"": ""Ti"", ""value"": 4.0}, {""element"": ""P"", ""value"": 5.0}]",2.845464480874317,3.44,1.713015873015873,1.9036,-1.7269841269841266,-1.5363999999999998,2.46,105.77540983606558,138.2,44.01428571428571,37.908,-100.292,-94.18571428571428,0.2742981186685962,0.3184825304941079,6473813503505.734,28978758058.690765,18749689209119.152,23592276153212.848,647.0149331846917,18720710451060.46,0.162154609356941,0.2004629559378938,0.0,0.273224043715847,0.6557377049180328,0.0710382513661202,0.000528,13467.17761384335,1.5396825396825395,80.24117647058824,43.12698412698413,0.8420953021316528,71451211122402.19,576846.4439999999,19.27392070988778
4t5,Li6.0Cr6.0Sb6.0P18.0O72.0,"[{""element"": ""Li"", ""value"": 1.0}, {""element"": ""O"", ""value"": -2.0}, {""element"": ""Cr"", ""value"": 3.0}, {""element"": ""Sb"", ""value"": 5.0}, {""element"": ""P"", ""value"": 5.0}]",2.918888888888889,3.44,1.8766666666666667,2.056,-1.5633333333333332,-1.384,2.46,105.46666666666668,138.2,40.0,34.5,-103.7,-98.2,0.2496382054992764,0.2894356005788712,6589843809218.605,28978758058.690765,19711573911538.438,23629017732094.367,680.20768424984,19682595153479.742,0.1715469295215828,0.2028933524629364,0.0,0.2777777777777778,0.6666666666666666,0.0555555555555555,3.57e-10,13444.24333333333,4.166666666666666,79.29411764705884,44.33333333333333,0.9502705392332347,22368696192005.15,522782.70918400004,20.378562130064033
smk,Li6.0Al6.0Sb6.0P18.0O72.0,"[{""element"": ""Li"", ""value"": 1.0}, {""element"": ""Al"", ""value"": 3.0}, {""element"": ""O"", ""value"": -2.0}, {""element"": ""Sb"", ""value"": 5.0}, {""element"": ""P"", ""value"": 5.0}]",2.916111111111111,3.44,1.8683333333333327,2.0460000000000003,-1.5716666666666668,-1.3939999999999997,2.46,104.61944444444444,138.2,37.458333333333336,31.45,-106.75,-100.74166666666665,0.2275687409551375,0.2710443801254221,6626870757632.768,28978758058.690765,19822654756780.92,23762314746385.35,684.0408659554712,19793675998722.23,0.1742276590315806,0.2061102278749337,0.0,0.2777777777777778,0.6666666666666666,0.0555555555555555,3.17e-08,13352.955138888887,3.333333333333333,79.64705882352942,42.166666666666664,0.9502705392332347,1974546311246.3245,86870.17095999999,19.649229923750283
vtr,Li6.0Fe6.0Sb6.0P18.0O72.0,"[{""element"": ""Li"", ""value"": 1.0}, {""element"": ""O"", ""value"": -2.0}, {""element"": ""Fe"", ""value"": 3.0}, {""element"": ""Sb"", ""value"": 5.0}, {""element"": ""P"", ""value"": 5.0}]",2.928333333333333,3.44,1.905,2.0900000000000003,-1.535,-1.3499999999999996,2.46,105.20277777777775,138.2,39.208333333333336,33.55,-104.65,-98.99166666666665,0.2427641099855282,0.2837071876507477,6597316730419.48,28978758058.690765,19733992675141.05,23655920248417.51,680.9813117309493,19705013917082.363,0.1722274209079944,0.2037099421266303,0.0,0.2777777777777778,0.6666666666666666,0.0555555555555555,1.37e-06,13413.038472222219,4.333333333333333,79.1764705882353,46.83333333333333,0.9502705392332347,14992464942452.387,341933.742784,20.459570449630803
dc8,Li18.0Mg6.0P8.0O32.0F6.0,"[{""element"": ""Li"", ""value"": 1.0}, {""element"": ""Mg"", ""value"": 2.0}, {""element"": ""O"", ""value"": -2.0}, {""element"": ""F"", ""value"": -1.0}, {""element"": ""P"", ""value"": 5.0}]",2.528285714285714,3.525263157894737,1.344375,1.8128571428571427,-2.180888157894737,-1.7124060150375944,3.0,99.845,137.00394736842105,55.71875,40.57142857142857,-96.43251879699248,-81.28519736842105,0.2961332819289274,0.406694486328669,4512509626719.536,27112499297.134678,9838918715533.637,22329072309958.465,362.892354839948,9811806216236.502,0.0870710784313725,0.1799719887955182,0.0857142857142857,0.2,0.4571428571428571,0.2571428571428571,<1E-10,11842.59319642857,0.0,78.92307692307693,20.8125,0.6829081047004717,13737632643559.062,89846.32408163266,14.64167004291379
hai,Pb6.12Ca1.9Li1.96P6.0O24.0,"[{""element"": ""Ca"", ""value"": 2.0}, {""element"": ""Li"", ""value"": 1.0}, {""element"": ""O"", ""value"": -2.0}, {""element"": ""Pb"", ""value"": 2.0}, {""element"": ""P"", ""value"": 5.0}]",2.7648024012006,3.44,1.750738423028786,1.85848787446505,-1.689261576971214,-1.5815121255349498,2.46,113.86368184092044,138.2,77.31351689612015,78.68544935805993,-59.51455064194006,-60.88648310387984,0.5693592572942108,0.5594321048923311,5872907090572.396,28978758058.690765,14649770668815.76,16680427950250.262,505.5348003232414,14620791910757.068,0.1203342030554872,0.1350858436369222,0.0,0.3506753376688343,0.6003001500750375,0.049024512256128,<1E-10,14873.69916208104,11.48936170212766,90.12624934245136,77.37922403003755,0.9959171761981562,43572255762459.27,67552.55667149028,26.217782624278108
tvf,Li12.0N8.0H16.0I4.0,"[{""element"": ""Li"", ""value"": 1.0}, {""element"": ""I"", ""value"": -1.0}, {""element"": ""N"", ""value"": -3.0}, {""element"": ""H"", ""value"": 1.0}]",2.048,2.9133333333333336,0.98,,-1.9333333333333336,,2.06,71.45,170.66666666666666,67.5,,,-103.16666666666666,,0.3955078125,45038996900.29088,25775180908.86589,124354808758.77034,,4.82459499308484,98579627849.90443,0.0148148148148148,,0.1,0.0,0.2,0.3,1e-05,10470.075,0.0,57.57142857142857,9.0,0.0,0.0,0.0,4.936456823815843
u8r,Ba3.0Li1.0Ta5.0Zr1.0Si4.0O26.0,"[{""element"": ""Ba"", ""value"": 2.0}, {""element"": ""Li"", ""value"": 1.0}, {""element"": ""Ta"", ""value"": 5.0}, {""element"": ""Zr"", ""value"": 4.0}, {""element"": ""Si"", ""value"": 4.0}, {""element"": ""O"", ""value"": -2.0}]",2.738,3.44,1.4342857142857142,1.4692307692307691,-2.005714285714286,-1.9707692307692304,2.55,116.44964285714286,138.2,76.0561224489796,76.71428571428571,-61.48571428571428,-62.1438775510204,0.5550961339673351,0.5503337369680145,530245497221.3218,28978758058.69077,1461169441380.4937,1564001336197.5493,50.42208635791715,1432190683321.803,0.0681401332816904,0.0722420808560654,0.0,0.325,0.65,0.025,<1E-10,15014.676025510204,13.35714285714286,90.02564102564102,100.35714285714288,1.2658567518727373,294140403108160.9,870198.8402366865,27.54734701296964
gvd,Li3.0N1.0,"[{""element"": ""Li"", ""value"": 1.0}, {""element"": ""N"", ""value"": -3.0}]",1.495,3.04,0.98,,-2.06,,2.06,87.125,146.0,67.5,,,-78.5,,0.4623287671232877,102482830908.48222,36866897357.61785,124354808758.77034,,3.3730749716337267,87487911401.1525,0.0148148148148148,,0.0,0.0,0.25,0.75,0.0005767,8746.1875,0.0,71.0,9.0,0.0,0.0,0.0,8.272761233921429
uex,Fe4.0Na4.0K2.0Li6.0Si24.0O60.0,"[{""element"": ""Na"", ""value"": 1.0}, {""element"": ""K"", ""value"": 1.0}, {""element"": ""Li"", ""value"": 1.0}, {""element"": ""Si"", ""value"": 4.0}, {""element"": ""O"", ""value"": -2.0}, {""element"": ""Fe"", ""value"": 3.0}]",2.7056,3.44,1.604,1.7141176470588233,-1.836,-1.7258823529411766,2.62,104.69714285714286,138.2,54.44285714285714,52.13865546218488,-86.0613445378151,-83.75714285714284,0.3772695764268081,0.3939425263593136,1072886828272.5366,28978758058.69076,2638748933593.305,3082465543858.2227,91.0580407983337,2609770175534.6143,0.0814507839858431,0.0932100726630834,0.0,0.34,0.6,0.06,<1E-10,13087.74313265306,0.6000000000000001,85.80851063829786,34.3,0.9160681370152876,120515781026922.31,264613.8082941176,18.913293960546653
11b,Li6.0P2.0,"[{""element"": ""Li"", ""value"": 1.0}, {""element"": ""P"", ""value"": -3.0}]",1.2825,2.19,0.98,,-1.21,,1.21,103.625,212.0,67.5,,,-144.5,,0.3183962264150943,96276529982.65248,12041693654.298868,124354808758.77034,,10.327019797117648,112313115104.47148,0.0148148148148148,,0.0,0.0,0.25,0.75,0.000703,14653.1875,0.0,111.00000000000001,9.0,0.0,0.0,0.0,10.088231102138472
fft,Li6.0N2.0,"[{""element"": ""Li"", ""value"": 1.0}, {""element"": ""N"", ""value"": -3.0}]",1.495,3.04,0.98,,-2.06,,2.06,87.125,146.0,67.5,,,-78.5,,0.4623287671232877,102482830908.48222,36866897357.61785,124354808758.77034,,3.3730749716337267,87487911401.1525,0.0148148148148148,,0.0,0.0,0.25,0.75,0.0002085,8746.1875,0.0,71.0,9.0,0.0,0.0,0.0,8.272761233921429
lf5,Li48.0Ba8.0La16.0Nb16.0O96.0,"[{""element"": ""Li"", ""value"": 1.0}, {""element"": ""Ba"", ""value"": 2.0}, {""element"": ""La"", ""value"": 3.0}, {""element"": ""Nb"", ""value"": 5.0}, {""element"": ""O"", ""value"": -2.0}]",2.323913043478261,3.44,1.1063636363636362,1.2580000000000002,-2.333636363636364,-2.1819999999999995,2.55,112.01138716356108,138.2,83.44199134199134,102.57238095238094,-35.62761904761905,-54.75800865800865,0.7422024670939287,0.6037770719391559,118703885028.30254,28978758058.690765,216585841722.4245,327263081278.80945,7.473951826499001,187607083663.73373,0.0281592564346013,0.0441725863783451,0.0,0.217391304347826,0.5217391304347826,0.2608695652173913,6e-06,13682.514096914125,8.181818181818182,91.76470588235296,58.909090909090914,1.0549201679861442,71022756502415.97,635859.76,19.867039018139476
68u,Li40.0La24.0Nb16.0O96.0,"[{""element"": ""Li"", ""value"": 1.0}, {""element"": ""La"", ""value"": 3.0}, {""element"": ""Nb"", ""value"": 5.0}, {""element"": ""O"", ""value"": -2.0}]",2.394545454545455,3.44,1.14,1.3,-2.3,-2.14,2.46,112.74090909090908,138.2,82.19,96.88,-41.31999999999999,-56.00999999999999,0.7010130246020261,0.5947178002894357,120459403627.7354,28978758058.690765,230236178310.58896,336117547862.4076,7.944998120495397,201257420251.8982,0.030658826215334,0.0465028376158532,0.0,0.2272727272727272,0.5454545454545454,0.2272727272727272,8e-06,13752.70265151515,9.1,90.05882352941177,63.89999999999999,0.6730116670092565,15914816650756.09,581819.76,20.85059007022923
gyw,Li48.0Sr8.0La16.0Ta16.0O96.0,"[{""element"": ""Li"", ""value"": 1.0}, {""element"": ""Sr"", ""value"": 2.0}, {""element"": ""La"", ""value"": 3.0}, {""element"": ""Ta"", ""value"": 5.0}, {""element"": ""O"", ""value"": -2.0}]",2.3178260869565217,3.44,1.0936363636363635,1.23,-2.346363636363636,-2.21,2.49,111.68115942028984,138.2,82.75151515151515,101.05333333333331,-37.14666666666666,-55.44848484848484,0.7312108055957549,0.5987808621672588,105639717667.9457,28978758058.690765,189269855423.49652,267167911421.1679,6.531330812734201,160291097364.8058,0.0272467852697603,0.042165149815695,0.0,0.217391304347826,0.5217391304347826,0.2608695652173913,4.2e-06,13525.375072463765,8.90909090909091,91.3529411764706,66.36363636363637,1.0549201679861442,7382102695578.573,1106629.36,20.645378562630448
0v9,Li44.0La24.0Nb14.0In2.0O96.0,"[{""element"": ""Li"", ""value"": 1.0}, {""element"": ""La"", ""value"": 3.0}, {""element"": ""Nb"", ""value"": 5.0}, {""element"": ""In"", ""value"": 3.0}, {""element"": ""O"", ""value"": -2.0}]",2.365111111111111,3.44,1.1366666666666667,1.3090000000000002,-2.303333333333333,-2.131,2.46,111.91611111111108,138.2,81.87738095238095,97.6925,-40.50749999999999,-56.32261904761904,0.7068921852387844,0.5924557232444353,114834985624.89508,28978758058.690765,212956388557.7,310418126336.5227,7.348706529327406,183977630499.00925,0.0289297929927136,0.0444562689884023,0.0,0.2222222222222222,0.5333333333333333,0.2444444444444444,2.4e-05,13574.291898148147,8.809523809523808,90.1764705882353,61.738095238095234,0.8237197315118312,36504212690823.875,620781.1079687501,20.39504667845249
qtc,Li44.0La22.0K2.0Nb16.0O96.0,"[{""element"": ""Li"", ""value"": 1.0}, {""element"": ""La"", ""value"": 3.0}, {""element"": ""K"", ""value"": 1.0}, {""element"": ""Nb"", ""value"": 5.0}, {""element"": ""O"", ""value"": -2.0}]",2.36,3.44,1.1257142857142857,1.286,-2.314285714285714,-2.154,2.62,112.08037037037036,138.2,82.22936507936508,98.43166666666666,-39.76833333333333,-55.97063492063491,0.7122407139411481,0.5950026416741323,119914736423.6493,28978758058.690765,223841568840.7448,333277004930.9167,7.724332712512999,194862810782.054,0.0294626713630773,0.0455753135661661,0.0,0.2222222222222222,0.5333333333333333,0.2444444444444444,1.06e-05,13641.08072839506,8.166666666666666,90.55882352941177,59.02380952380952,0.8451132568429528,25110919831129.37,670003.90249275,20.062522038696105
vy5,K0.4Li3.6Sb4.0O12.0,"[{""element"": ""K"", ""value"": 1.0}, {""element"": ""Li"", ""value"": 1.0}, {""element"": ""O"", ""value"": -2.0}, {""element"": ""Sb"", ""value"": 5.0}]",2.6668,3.44,1.507,1.9381818181818176,-1.933,-1.5018181818181822,2.62,110.06999999999998,138.2,67.875,68.18181818181817,-70.01818181818182,-70.32499999999999,0.4933561373503486,0.4911360347322721,217057631240.4896,28978758058.690765,499175941013.1877,805847776494.0746,17.225580889360586,470197182954.49695,0.0486666666666666,0.0763636363636363,0.0,0.22,0.6,0.18,1.36e-08,13449.668999999998,10.0,85.19512195121952,56.5,0.30463609734923813,132303267380375.89,26592.77376033058,21.031113692697957
rwr,Li64.0Ge8.0P32.0,"[{""element"": ""Li"", ""value"": 1.0}, {""element"": ""Ge"", ""value"": 4.0}, {""element"": ""P"", ""value"": -3.0}]",1.4315384615384614,2.19,1.0944444444444443,2.01,-1.0955555555555556,-0.1800000000000001,1.21,110.3076923076923,212.0,65.11111111111111,46.0,-166.0,-146.88888888888889,0.2169811320754717,0.3071278825995807,201128596421.609,12041693654.298868,285167219873.7468,1571666508793.5586,23.68165376570118,273125526219.448,0.0228305600286276,0.0869565217391304,0.0,0.0769230769230769,0.3076923076923077,0.6153846153846154,1.8e-05,16795.53846153846,1.1111111111111112,113.00000000000001,15.11111111111111,0.0,0.0,0.0,13.17446307253026
pql,Li64.0Si8.0P32.0,"[{""element"": ""Li"", ""value"": 1.0}, {""element"": ""Si"", ""value"": 4.0}, {""element"": ""P"", ""value"": -3.0}]",1.4230769230769231,2.19,1.0822222222222222,1.9,-1.1077777777777778,-0.29,1.21,109.3076923076923,212.0,63.66666666666666,33.0,-179.0,-148.33333333333334,0.1556603773584905,0.300314465408805,407683982820.9181,12041693654.298868,583525000228.3044,4256886531984.5776,48.45871494330756,571483306574.0056,0.0266367377478488,0.1212121212121212,0.0,0.0769230769230769,0.3076923076923077,0.6153846153846154,4.5e-05,16716.53846153846,0.0,112.00000000000001,12.0,0.0,0.0,0.0,12.245802677138878
dl7,Li8.0Mg4.0Ti12.0O32.0,"[{""element"": ""Li"", ""value"": 1.0}, {""element"": ""Mg"", ""value"": 2.0}, {""element"": ""O"", ""value"": -2.0}, {""element"": ""Ti"", ""value"": 4.0}]",2.529285714285714,3.44,1.3150000000000002,1.4825,-2.125,-1.9575,2.46,106.72142857142856,138.2,64.75,63.375,-74.82499999999999,-73.44999999999999,0.4585745296671491,0.4685238784370478,196995983958.53583,28978758058.690765,421018951824.996,569351023358.1089,14.52853676380144,392040193766.3053,0.0426257524742373,0.0565312213039485,0.0,0.2857142857142857,0.5714285714285714,0.1428571428571428,<1E-10,12719.369285714283,1.0,86.33333333333333,41.0,0.5623351446188083,11067146529814.346,194310.75,18.50326728469292
i12,Li8.0Co4.0Ti12.0O32.0,"[{""element"": ""Li"", ""value"": 1.0}, {""element"": ""O"", ""value"": -2.0}, {""element"": ""Co"", ""value"": 2.0}, {""element"": ""Ti"", ""value"": 4.0}]",2.5700000000000003,3.44,1.41,1.625,-2.03,-1.815,2.46,106.9,138.2,65.16666666666667,64.0,-74.19999999999999,-73.03333333333332,0.4630969609261939,0.4715388326097444,195571268189.7508,28978758058.690765,417694615031.16406,564364518167.3608,14.413820433063622,388715856972.47327,0.0424703957752564,0.0562981862554772,0.0,0.2857142857142857,0.5714285714285714,0.1428571428571428,<1E-10,12745.529999999999,2.1666666666666665,84.66666666666666,45.666666666666664,0.5623351446188083,6899017850186.886,5611.6875,19.711716672266373
aui,Li8.0Co4.0Ge12.0O32.0,"[{""element"": ""Li"", ""value"": 1.0}, {""element"": ""Ge"", ""value"": 4.0}, {""element"": ""O"", ""value"": -2.0}, {""element"": ""Co"", ""value"": 2.0}]",2.670714285714286,3.44,1.6449999999999998,1.9775,-1.7950000000000002,-1.4625,2.46,103.79285714285712,138.2,57.91666666666666,53.125,-85.07499999999999,-80.28333333333333,0.3844066570188133,0.4190786300048239,384323114110.4694,28978758058.690765,858115588846.1743,1224995978889.8762,29.61188285254428,829136830787.4835,0.0528908054051522,0.0719288007003209,0.0,0.2857142857142857,0.5714285714285714,0.1428571428571428,<1E-10,12414.619285714283,6.166666666666666,81.91666666666666,45.666666666666664,0.5623351446188083,10080684414535.426,58088.16749999998,21.554605681590534
mfs,Li8.0Zn4.0Ge12.0O32.0,"[{""element"": ""Li"", ""value"": 1.0}, {""element"": ""Zn"", ""value"": 2.0}, {""element"": ""Ge"", ""value"": 4.0}, {""element"": ""O"", ""value"": -2.0}]",2.654285714285714,3.44,1.6066666666666665,1.92,-1.8333333333333333,-1.52,2.46,103.28095238095236,138.2,56.72222222222222,51.33333333333333,-86.86666666666666,-81.47777777777776,0.371442354076218,0.4104357613764271,389007161048.0214,28978758058.690765,869045031700.4623,1241390143171.3083,29.98903645009157,840066273641.7715,0.0533670275240084,0.0726431338786052,0.0,0.2857142857142857,0.5714285714285714,0.1428571428571428,<1E-10,12342.014126984124,6.666666666666666,82.33333333333333,45.666666666666664,0.5623351446188083,5305291021250.72,50450.70720000003,21.715717890759755
jl4,Li8.56Mg3.16Ti12.28O32.0,"[{""element"": ""Li"", ""value"": 1.0}, {""element"": ""Mg"", ""value"": 2.0}, {""element"": ""O"", ""value"": -2.0}, {""element"": ""Ti"", ""value"": 4.0}]",2.527135714285714,3.44,1.3099833333333335,1.4929274611398966,-2.1300166666666662,-1.9470725388601036,2.46,106.61892857142855,138.2,64.51083333333334,62.85362694300518,-75.3463730569948,-73.68916666666665,0.4548019315702257,0.46679329474192,198619698702.814,28978758058.690765,424807619561.6448,591379903271.0105,14.659276243008092,395828861502.9541,0.0427705591266197,0.0582693396518172,0.0,0.2757142857142857,0.5714285714285714,0.1528571428571428,6.56e-10,12705.473035714283,1.0233333333333332,85.72344013490726,40.696666666666665,0.5067994449721774,9607828569450.18,168688.8639426562,18.33485119035828
jkq,Li7.96Mg4.04Ti12.0O32.0,"[{""element"": ""Li"", ""value"": 1.0}, {""element"": ""Mg"", ""value"": 2.0}, {""element"": ""O"", ""value"": -2.0}, {""element"": ""Ti"", ""value"": 4.0}]",2.5295214285714285,3.44,1.31555,1.482069825436409,-2.12445,-1.9579301745635909,2.46,106.72464285714284,138.2,64.7575,63.39650872817956,-74.80349127182043,-73.4425,0.4587301644586075,0.4685781476121562,197053537959.3809,28978758058.690765,421153244493.63446,568442243773.5295,14.53317093992336,392174486434.9437,0.0426473574125089,0.056459516956003,0.0,0.2864285714285714,0.5714285714285714,0.1421428571428571,1.53e-11,12719.817678571426,1.0,86.37468776019983,41.045,0.5643805928980218,11122137792787.348,195276.25574467823,18.519838246926582
yav,Li8.0V4.0Cl16.0,"[{""element"": ""Li"", ""value"": 1.0}, {""element"": ""Cl"", ""value"": -1.0}, {""element"": ""V"", ""value"": 2.0}]",2.3185714285714285,3.16,1.1966666666666663,1.63,-1.9633333333333336,-1.5300000000000002,2.18,134.0,181.0,71.33333333333333,79.0,-102.0,-109.66666666666669,0.43646408839779,0.3941068139963167,61378274673.71533,6449680150.445433,134616400704.74188,155139584596.68484,20.87179481225048,128166720554.29643,0.0183153617752773,0.0253164556962025,0.5714285714285714,0.1428571428571428,0.0,0.2857142857142857,6.95e-06,20913.92857142857,1.0,103.60000000000001,27.333333333333332,0.0,0.0,0.0,23.430938434237408
9yt,Li24.0P4.0S20.0Cl1.0Br3.0,"[{""element"": ""Li"", ""value"": 1.0}, {""element"": ""Cl"", ""value"": -1.0}, {""element"": ""Br"", ""value"": -1.0}, {""element"": ""P"", ""value"": 5.0}, {""element"": ""S"", ""value"": -2.0}]",1.8446153846153843,2.651666666666667,1.1528571428571428,2.19,-1.498809523809524,-0.4616666666666669,2.18,118.01923076923076,185.375,60.285714285714285,17.0,-168.375,-125.08928571428572,0.0917060013486176,0.3252095173875349,3056547901658.457,11135855672.728624,5666901083931.938,38922178734970.95,508.8877990588553,5655765228259.21,0.0547152194211017,0.2941176470588235,0.0769230769230769,0.0769230769230769,0.3846153846153846,0.4615384615384615,0.00186,17992.98076923077,0.0,105.17857142857143,12.857142857142856,0.0,0.0,0.0,16.66663223945845
122,Li24.0P4.0S20.0Cl4.0,"[{""element"": ""Li"", ""value"": 1.0}, {""element"": ""Cl"", ""value"": -1.0}, {""element"": ""P"", ""value"": 5.0}, {""element"": ""S"", ""value"": -2.0}]",1.856153846153846,2.676666666666667,1.1528571428571428,2.19,-1.5238095238095244,-0.4866666666666672,2.18,117.15384615384616,183.5,60.285714285714285,17.0,-166.5,-123.21428571428572,0.0926430517711171,0.3285325029194239,3056626960821.059,11307150525.032305,5666901083931.938,38922178734970.95,501.1785304693951,5655593933406.906,0.0547152194211017,0.2941176470588235,0.0769230769230769,0.0769230769230769,0.3846153846153846,0.4615384615384615,0.00205,17666.73076923077,0.0,103.57142857142857,12.857142857142856,0.0,0.0,0.0,15.903303281691851
ij5,Li24.0P4.0S20.0Cl2.0Br2.0,"[{""element"": ""Li"", ""value"": 1.0}, {""element"": ""Cl"", ""value"": -1.0}, {""element"": ""Br"", ""value"": -1.0}, {""element"": ""P"", ""value"": 5.0}, {""element"": ""S"", ""value"": -2.0}]",1.8484615384615384,2.66,1.1528571428571428,2.19,-1.5071428571428571,-0.4700000000000002,2.18,117.73076923076924,184.75,60.285714285714285,17.0,-167.75,-124.46428571428572,0.0920162381596752,0.3263096849023777,3056574254712.658,11192953956.829851,5666901083931.938,38922178734970.95,506.2918248202067,5655708129975.108,0.0547152194211017,0.2941176470588235,0.0769230769230769,0.0769230769230769,0.3846153846153846,0.4615384615384615,0.00333,17884.23076923077,0.0,104.64285714285714,12.857142857142856,0.0,0.0,0.0,16.408202810447797
6jf,Li24.0P4.0S20.0Br4.0,"[{""element"": ""Li"", ""value"": 1.0}, {""element"": ""Br"", ""value"": -1.0}, {""element"": ""P"", ""value"": 5.0}, {""element"": ""S"", ""value"": -2.0}]",1.8407692307692307,2.643333333333333,1.1528571428571428,2.19,-1.4904761904761905,-0.4533333333333331,1.98,118.3076923076923,186.0,60.285714285714285,17.0,-169.0,-125.71428571428572,0.0913978494623656,0.3241167434715822,3056521548604.257,11078757388.627398,5666901083931.938,38922178734970.95,511.5105318353793,5655822326543.312,0.0547152194211017,0.2941176470588235,0.0769230769230769,0.0769230769230769,0.3846153846153846,0.4615384615384615,0.00115,18101.73076923077,0.0,105.71428571428571,12.857142857142856,0.0,0.0,0.0,16.92913193567327
ymc,Li24.0P4.0S20.0Br2.0I2.0,"[{""element"": ""Li"", ""value"": 1.0}, {""element"": ""Br"", ""value"": -1.0}, {""element"": ""I"", ""value"": -1.0}, {""element"": ""P"", ""value"": 5.0}, {""element"": ""S"", ""value"": -2.0}]",1.8292307692307688,2.6183333333333336,1.1528571428571428,2.19,-1.4654761904761908,-0.4283333333333337,1.98,119.23076923076924,188.0,60.285714285714285,17.0,-171.0,-127.71428571428572,0.0904255319148936,0.3206686930091185,3056464334245.77,10954792945.239565,5666901083931.938,38922178734970.95,517.2987853133734,5655946290986.699,0.0547152194211017,0.2941176470588235,0.0769230769230769,0.0769230769230769,0.3846153846153846,0.4615384615384615,2.62e-05,18485.73076923077,0.0,107.07142857142857,12.857142857142856,0.0,0.0,0.0,17.233041574859474
ywe,Li24.0P4.0S20.0I4.0,"[{""element"": ""Li"", ""value"": 1.0}, {""element"": ""I"", ""value"": -1.0}, {""element"": ""P"", ""value"": 5.0}, {""element"": ""S"", ""value"": -2.0}]",1.817692307692308,2.5933333333333333,1.1528571428571428,2.19,-1.4404761904761905,-0.4033333333333333,1.6800000000000002,120.15384615384616,190.0,60.285714285714285,17.0,-173.0,-129.71428571428572,0.0894736842105263,0.3172932330827067,3056407119887.283,10830828501.851728,5666901083931.938,38922178734970.95,523.2195379109805,5656070255430.087,0.0547152194211017,0.2941176470588235,0.0769230769230769,0.0769230769230769,0.3846153846153846,0.4615384615384615,1.3e-06,18869.730769230773,0.0,108.42857142857143,12.857142857142856,0.0,0.0,0.0,17.5424069615194
kgl,Li24.0P4.0S20.0Cl3.0Br1.0,"[{""element"": ""Li"", ""value"": 1.0}, {""element"": ""Cl"", ""value"": -1.0}, {""element"": ""Br"", ""value"": -1.0}, {""element"": ""P"", ""value"": 5.0}, {""element"": ""S"", ""value"": -2.0}]",1.852307692307692,2.668333333333333,1.1528571428571428,2.19,-1.5154761904761902,-0.478333333333333,2.18,117.4423076923077,184.125,60.285714285714285,17.0,-167.125,-123.83928571428572,0.0923285811269518,0.3274173213073417,3056600607766.859,11250052240.931076,5666901083931.938,38922178734970.95,503.7222016902328,5655651031691.008,0.0547152194211017,0.2941176470588235,0.0769230769230769,0.0769230769230769,0.3846153846153846,0.4615384615384615,0.00226,17775.48076923077,0.0,104.10714285714286,12.857142857142856,0.0,0.0,0.0,16.153780535901188
vqj,Li24.0P4.0S20.0Br3.0I1.0,"[{""element"": ""Li"", ""value"": 1.0}, {""element"": ""Br"", ""value"": -1.0}, {""element"": ""I"", ""value"": -1.0}, {""element"": ""P"", ""value"": 5.0}, {""element"": ""S"", ""value"": -2.0}]",1.835,2.6308333333333334,1.1528571428571428,2.19,-1.4779761904761906,-0.4408333333333334,1.98,118.76923076923076,187.0,60.285714285714285,17.0,-170.0,-126.71428571428572,0.0909090909090909,0.322383498854087,3056492941425.0137,11016775166.93348,5666901083931.938,38922178734970.95,514.3883757327617,5655884308765.005,0.0547152194211017,0.2941176470588235,0.0769230769230769,0.0769230769230769,0.3846153846153846,0.4615384615384615,0.000112,18293.73076923077,0.0,106.39285714285714,12.857142857142856,0.0,0.0,0.0,17.080410840308808
h82,Li24.0P4.0S20.0Br1.0I3.0,"[{""element"": ""Li"", ""value"": 1.0}, {""element"": ""Br"", ""value"": -1.0}, {""element"": ""I"", ""value"": -1.0}, {""element"": ""P"", ""value"": 5.0}, {""element"": ""S"", ""value"": -2.0}]",1.8234615384615385,2.605833333333333,1.1528571428571428,2.19,-1.4529761904761906,-0.4158333333333335,1.98,119.6923076923077,189.0,60.285714285714285,17.0,-172.0,-128.71428571428572,0.0899470899470899,0.3189720332577475,3056435727066.527,10892810723.545645,5666901083931.938,38922178734970.95,520.2423164925191,5656008273208.393,0.0547152194211017,0.2941176470588235,0.0769230769230769,0.0769230769230769,0.3846153846153846,0.4615384615384615,4.72e-06,18677.730769230773,0.0,107.75,12.857142857142856,0.0,0.0,0.0,17.387036219291893
9zr,Li24.0P4.0S20.0Br4.0,"[{""element"": ""Li"", ""value"": 1.0}, {""element"": ""Br"", ""value"": -1.0}, {""element"": ""P"", ""value"": 5.0}, {""element"": ""S"", ""value"": -2.0}]",1.8407692307692307,2.643333333333333,1.1528571428571428,2.19,-1.4904761904761905,-0.4533333333333331,1.98,118.3076923076923,186.0,60.285714285714285,17.0,-169.0,-125.71428571428572,0.0913978494623656,0.3241167434715822,3056521548604.257,11078757388.627398,5666901083931.938,38922178734970.95,511.5105318353793,5655822326543.312,0.0547152194211017,0.2941176470588235,0.0769230769230769,0.0769230769230769,0.3846153846153846,0.4615384615384615,0.000701,18101.73076923077,0.0,105.71428571428571,12.857142857142856,0.0,0.0,0.0,16.92913193567327
a8v,Li24.1P3.9Si0.1S20.0Br4.0,"[{""element"": ""Li"", ""value"": 1.0}, {""element"": ""Si"", ""value"": 4.0}, {""element"": ""Br"", ""value"": -1.0}, {""element"": ""P"", ""value"": 5.0}, {""element"": ""S"", ""value"": -2.0}]",1.8385604606525916,2.643333333333333,1.1512099644128115,2.18275,-1.4921233689205216,-0.4605833333333331,1.98,118.2408829174664,186.0,60.36832740213522,17.4,-168.6,-125.63167259786478,0.0935483870967741,0.3245609000114797,2984357519923.1973,11078757388.627398,5523812690771.229,38055546429896.29,498.5949684611337,5512733933382.602,0.0539579029426213,0.2897950089126559,0.0767754318618042,0.0767754318618042,0.3838771593090211,0.4625719769673704,0.000878,18077.267274472168,0.0,105.73214285714285,12.84341637010676,0.11690684913753106,23848946003.197987,45729.40344375,16.897010838340737
09w,Li24.2P3.8Si0.2S20.0Br4.0,"[{""element"": ""Li"", ""value"": 1.0}, {""element"": ""Si"", ""value"": 4.0}, {""element"": ""Br"", ""value"": -1.0}, {""element"": ""P"", ""value"": 5.0}, {""element"": ""S"", ""value"": -2.0}]",1.8363601532567049,2.643333333333333,1.1495744680851063,2.1755,-1.4937588652482268,-0.4678333333333331,1.98,118.1743295019157,186.0,60.45035460992907,17.799999999999997,-168.2,-125.54964539007094,0.0956989247311827,0.325001906504995,2912469981773.483,11078757388.627398,5381739108909.53,37188914124821.625,485.7710048271308,5370660351520.903,0.0532059575029954,0.2854723707664884,0.0766283524904214,0.0766283524904214,0.3831417624521072,0.4636015325670498,0.000437,18052.897509578543,0.0,105.74999999999999,12.829787234042554,0.1985152433458726,46474869134.4371,89113.709275,16.865073406795094
x2v,Li24.3P3.7Si0.3S20.0Br4.0,"[{""element"": ""Li"", ""value"": 1.0}, {""element"": ""Si"", ""value"": 4.0}, {""element"": ""Br"", ""value"": -1.0}, {""element"": ""P"", ""value"": 5.0}, {""element"": ""S"", ""value"": -2.0}]",1.8341682600382407,2.643333333333333,1.1479505300353356,2.16825,-1.4953828032979974,-0.4750833333333331,1.98,118.10803059273424,186.0,60.53180212014135,18.200000000000003,-167.8,-125.46819787985864,0.0978494623655914,0.325439796344846,2840857348167.363,11078757388.627398,5240669580629.894,36322281819746.97,473.0376699113894,5229590823241.267,0.0524593261654163,0.2811497326203209,0.0764818355640535,0.0764818355640535,0.3824091778202677,0.4646271510516253,0.000873,18028.620936902487,0.0,105.76785714285714,12.81625441696113,0.2663844632679204,67877769393.71733,130152.91749375,16.83331812691814
bnh,Li24.4P3.8Si0.4S20.0Br4.0,"[{""element"": ""Li"", ""value"": 1.0}, {""element"": ""Si"", ""value"": 4.0}, {""element"": ""Br"", ""value"": -1.0}, {""element"": ""P"", ""value"": 5.0}, {""element"": ""S"", ""value"": -2.0}]",1.833346007604563,2.643333333333333,1.1536363636363636,2.162380952380952,-1.4896969696969695,-0.480952380952381,1.98,117.6577946768061,186.0,60.30769230769232,18.52380952380952,-167.47619047619048,-125.69230769230768,0.0995903737839221,0.3242349048800662,2906980633397.8047,11078757388.627398,5337108081797.113,35620722334686.53,481.7424819931321,5326029324408.486,0.053413055552093,0.2776504541210424,0.0760456273764258,0.0798479087452471,0.3802281368821293,0.4638783269961977,0.000799,17937.077946768062,0.0,105.822695035461,12.965034965034965,0.31449220128141075,84308152624.82921,161657.52249433106,16.84086470679191
x9d,Li24.5P3.5Si0.5S20.0Br4.0,"[{""element"": ""Li"", ""value"": 1.0}, {""element"": ""Si"", ""value"": 4.0}, {""element"": ""Br"", ""value"": -1.0}, {""element"": ""P"", ""value"": 5.0}, {""element"": ""S"", ""value"": -2.0}]",1.829809523809524,2.643333333333333,1.144736842105263,2.15375,-1.49859649122807,-0.489583333333333,1.98,117.97619047619048,186.0,60.69298245614035,19.0,-167.0,-125.30701754385964,0.1021505376344086,0.3263063572910771,2698450511053.4766,11078757388.627398,4961500408876.508,34589017209597.65,447.8390702886592,4950421651487.881,0.0509817820447335,0.2725044563279857,0.0761904761904762,0.0761904761904762,0.3809523809523809,0.4666666666666667,0.000902,17980.345238095237,0.0,105.80357142857142,12.789473684210526,0.37677016125643675,107014501296.4012,205196.04109374998,16.770348046205942
ish,Li24.7P3.3Si0.7S20.0Br4.0,"[{""element"": ""Li"", ""value"": 1.0}, {""element"": ""Si"", ""value"": 4.0}, {""element"": ""Br"", ""value"": -1.0}, {""element"": ""P"", ""value"": 5.0}, {""element"": ""S"", ""value"": -2.0}]",1.825483870967742,2.643333333333333,1.141567944250871,2.13925,-1.501765389082462,-0.5040833333333334,1.98,117.84535104364323,186.0,60.85191637630662,19.8,-166.2,-125.14808362369338,0.1064516129032257,0.3271608407328313,2557124560748.804,11078757388.627398,4686222096659.754,32855752599448.33,422.9916706606708,4675143339271.127,0.0495248308734678,0.2638591800356506,0.0759013282732447,0.0759013282732447,0.3795066413662238,0.4686907020872864,0.000931,17932.435958254267,0.0,105.83928571428571,12.763066202090592,0.4637264398194103,141259141711.24957,270858.77424374997,16.708088802375446
iiy,Li24.8P3.2Si0.8S20.0Br4.0,"[{""element"": ""Li"", ""value"": 1.0}, {""element"": ""Si"", ""value"": 4.0}, {""element"": ""Br"", ""value"": -1.0}, {""element"": ""P"", ""value"": 5.0}, {""element"": ""S"", ""value"": -2.0}]",1.8233333333333333,2.643333333333333,1.14,2.132,-1.5033333333333332,-0.511333333333333,1.98,117.78030303030305,186.0,60.93055555555556,20.200000000000003,-165.8,-125.06944444444444,0.1086021505376344,0.3275836320191159,2486863079773.4707,11078757388.627398,4550016681760.84,31989120294373.67,410.6973843864058,4538937924372.213,0.0488039435751854,0.2595365418894831,0.0757575757575757,0.0757575757575757,0.3787878787878788,0.4696969696969697,0.00169,17908.617424242424,0.0,105.85714285714285,12.75,0.5004024235381879,156546927610.73547,300172.49439999997,16.677222126816478
3zo,Li24.9P3.1Si0.9S20.0Br4.0,"[{""element"": ""Li"", ""value"": 1.0}, {""element"": ""Si"", ""value"": 4.0}, {""element"": ""Br"", ""value"": -1.0}, {""element"": ""P"", ""value"": 5.0}, {""element"": ""S"", ""value"": -2.0}]",1.8211909262759929,2.643333333333333,1.1384429065743944,2.12475,-1.5048904267589387,-0.5185833333333334,1.98,117.71550094517958,186.0,61.00865051903115,20.6,-165.4,-124.99134948096884,0.110752688172043,0.328003497414146,2416867237667.609,11078757388.627398,4414753864888.908,31122487989299.016,398.4881796780527,4403675107500.281,0.0480880451163374,0.2552139037433155,0.0756143667296786,0.0756143667296786,0.3780718336483932,0.4706994328922495,0.00108,17884.888941398865,0.0,105.875,12.737024221453288,0.5331638407372986,170611690638.2625,327141.11694375,16.646528849997196
vj7,Li25.0P3.0Si1.0S20.0Br4.0,"[{""element"": ""Li"", ""value"": 1.0}, {""element"": ""Si"", ""value"": 4.0}, {""element"": ""Br"", ""value"": -1.0}, {""element"": ""P"", ""value"": 5.0}, {""element"": ""S"", ""value"": -2.0}]",1.819056603773585,2.643333333333333,1.1368965517241378,2.1175,-1.5064367816091953,-0.5258333333333329,1.98,117.6509433962264,186.0,61.08620689655172,21.0,-165.0,-124.91379310344828,0.1129032258064516,0.3284204671857619,2347135530814.9766,11078757388.627398,4280423895029.8857,30255855684224.355,386.36317638148125,4269345137641.258,0.04737708388824,0.2508912655971479,0.0754716981132075,0.0754716981132075,0.3773584905660377,0.4716981132075472,0.00141,17861.25,0.0,105.89285714285714,12.724137931034484,0.5623351446188083,183453430793.83066,351764.64187500003,16.616007566506614
wsd,Li25.2P2.8Si1.2S20.0Br4.0,"[{""element"": ""Li"", ""value"": 1.0}, {""element"": ""Si"", ""value"": 4.0}, {""element"": ""Br"", ""value"": -1.0}, {""element"": ""P"", ""value"": 5.0}, {""element"": ""S"", ""value"": -2.0}]",1.814812030075188,2.643333333333333,1.133835616438356,2.103,-1.509497716894977,-0.5403333333333333,1.98,117.52255639097744,186.0,61.23972602739725,21.8,-164.2,-124.76027397260276,0.1172043010752688,0.3292458388569745,2208458564931.3574,11078757388.627398,4014524160171.9575,28522591074075.035,362.3623136916925,4003445402783.33,0.0459697702244035,0.2422459893048128,0.075187969924812,0.075187969924812,0.3759398496240601,0.4736842105263157,0.00165,17814.23872180451,0.0,105.92857142857142,12.698630136986303,0.6108643020548935,205467842489.09027,393976.39890000003,16.55547543137663
10s,Li25.4P2.6Si1.4S20.0Br4.0,"[{""element"": ""Li"", ""value"": 1.0}, {""element"": ""Si"", ""value"": 4.0}, {""element"": ""Br"", ""value"": -1.0}, {""element"": ""P"", ""value"": 5.0}, {""element"": ""S"", ""value"": -2.0}]",1.8105992509363296,2.643333333333333,1.130816326530612,2.0885,-1.512517006802721,-0.5548333333333333,1.98,117.39513108614231,186.0,61.39115646258504,22.6,-163.4,-124.60884353741496,0.121505376344086,0.3300599809816399,2070820377818.4028,11078757388.627398,3752242108781.485,26789326463925.72,338.6879933514248,3741163351392.857,0.0445816036852451,0.2336007130124777,0.0749063670411985,0.0749063670411985,0.3745318352059925,0.4756554307116105,0.00234,17767.579588014985,0.0,105.96428571428571,12.6734693877551,0.6474466390346325,222590162696.51453,426807.765475,16.495614769553697
fkj,Li26.0P2.0Si2.0S20.0Br4.0,"[{""element"": ""Li"", ""value"": 1.0}, {""element"": ""Si"", ""value"": 4.0}, {""element"": ""Br"", ""value"": -1.0}, {""element"": ""P"", ""value"": 5.0}, {""element"": ""S"", ""value"": -2.0}]",1.798148148148148,2.643333333333333,1.122,2.045,-1.5213333333333332,-0.5983333333333332,1.98,117.01851851851852,186.0,61.833333333333336,25.0,-161.0,-124.16666666666666,0.1344086021505376,0.3324372759856631,1664023069240.1138,11078757388.627398,2986378518721.3027,21589532633477.76,269.55897795784296,2975299761332.676,0.0405281573909024,0.2076648841354723,0.074074074074074,0.074074074074074,0.3703703703703703,0.4814814814814814,0.00219,17629.675925925927,0.0,106.07142857142856,12.600000000000001,0.6931471805599453,244604574391.77417,469019.52249999996,16.31995547505282
tt3,Li24.0P4.0S20.0Cl4.0,"[{""element"": ""Li"", ""value"": 1.0}, {""element"": ""Cl"", ""value"": -1.0}, {""element"": ""P"", ""value"": 5.0}, {""element"": ""S"", ""value"": -2.0}]",1.856153846153846,2.676666666666667,1.1528571428571428,2.19,-1.5238095238095244,-0.4866666666666672,2.18,117.15384615384616,183.5,60.285714285714285,17.0,-166.5,-123.21428571428572,0.0926430517711171,0.3285325029194239,3056626960821.059,11307150525.032305,5666901083931.938,38922178734970.95,501.1785304693951,5655593933406.906,0.0547152194211017,0.2941176470588235,0.0769230769230769,0.0769230769230769,0.3846153846153846,0.4615384615384615,0.0013,17666.73076923077,0.0,103.57142857142857,12.857142857142856,0.0,0.0,0.0,15.903303281691851
nig,Li24.0P4.0S20.0Br4.0,"[{""element"": ""Li"", ""value"": 1.0}, {""element"": ""Br"", ""value"": -1.0}, {""element"": ""P"", ""value"": 5.0}, {""element"": ""S"", ""value"": -2.0}]",1.8407692307692307,2.643333333333333,1.1528571428571428,2.19,-1.4904761904761905,-0.4533333333333331,1.98,118.3076923076923,186.0,60.285714285714285,17.0,-169.0,-125.71428571428572,0.0913978494623656,0.3241167434715822,3056521548604.257,11078757388.627398,5666901083931.938,38922178734970.95,511.5105318353793,5655822326543.312,0.0547152194211017,0.2941176470588235,0.0769230769230769,0.0769230769230769,0.3846153846153846,0.4615384615384615,0.00277,18101.73076923077,0.0,105.71428571428571,12.857142857142856,0.0,0.0,0.0,16.92913193567327
z16,Li24.0P4.0S19.6Se0.4Br4.0,"[{""element"": ""Li"", ""value"": 1.0}, {""element"": ""Br"", ""value"": -1.0}, {""element"": ""P"", ""value"": 5.0}, {""element"": ""S"", ""value"": -2.0}, {""element"": ""Se"", ""value"": -2.0}]",1.8405384615384617,2.642833333333334,1.1528571428571428,2.19,-1.489976190476191,-0.4528333333333338,1.98,118.4153846153846,186.23333333333332,60.285714285714285,17.0,-169.23333333333335,-125.94761904761909,0.0912833363164488,0.3237106548364826,3056502896753.558,11038345045.44863,5666901083931.938,38922178734970.95,513.3832164694413,5655862738886.49,0.0547152194211017,0.2941176470588235,0.0769230769230769,0.0769230769230769,0.3846153846153846,0.4615384615384615,0.0032,18142.869230769233,0.0,105.9,12.857142857142856,0.0,0.0,0.0,17.046894502088556
hbz,Li24.0P4.0S19.2Se0.8Br4.0,"[{""element"": ""Li"", ""value"": 1.0}, {""element"": ""Br"", ""value"": -1.0}, {""element"": ""P"", ""value"": 5.0}, {""element"": ""S"", ""value"": -2.0}, {""element"": ""Se"", ""value"": -2.0}]",1.8403076923076929,2.642333333333333,1.1528571428571428,2.19,-1.4894761904761904,-0.4523333333333332,1.98,118.5230769230769,186.46666666666667,60.285714285714285,17.0,-169.46666666666667,-126.1809523809524,0.0911691097604576,0.3233055825118749,3056484244902.8604,10997932702.26986,5666901083931.938,38922178734970.95,515.2696636125395,5655903151229.669,0.0547152194211017,0.2941176470588235,0.0769230769230769,0.0769230769230769,0.3846153846153846,0.4615384615384615,0.00392,18184.007692307692,0.0,106.08571428571429,12.857142857142856,0.0,0.0,0.0,17.16547624943417
uut,Li24.0P4.0S18.8Se1.2Br4.0,"[{""element"": ""Li"", ""value"": 1.0}, {""element"": ""Br"", ""value"": -1.0}, {""element"": ""P"", ""value"": 5.0}, {""element"": ""S"", ""value"": -2.0}, {""element"": ""Se"", ""value"": -2.0}]",1.8400769230769236,2.641833333333334,1.1528571428571428,2.19,-1.4889761904761911,-0.451833333333334,1.98,118.63076923076925,186.7,60.285714285714285,17.0,-169.70000000000002,-126.41428571428574,0.0910551687198714,0.3229015226872752,3056465593052.163,10957520359.091091,5666901083931.938,38922178734970.95,517.1700255368722,5655943563572.848,0.0547152194211017,0.2941176470588235,0.0769230769230769,0.0769230769230769,0.3846153846153846,0.4615384615384615,0.00362,18225.14615384615,0.0,106.27142857142857,12.857142857142856,0.0,0.0,0.0,17.28488287610322
cju,Li24.0P4.0S18.4Se1.6Br4.0,"[{""element"": ""Li"", ""value"": 1.0}, {""element"": ""Br"", ""value"": -1.0}, {""element"": ""P"", ""value"": 5.0}, {""element"": ""S"", ""value"": -2.0}, {""element"": ""Se"", ""value"": -2.0}]",1.8398461538461537,2.6413333333333333,1.1528571428571428,2.19,-1.4884761904761905,-0.4513333333333333,1.98,118.73846153846156,186.9333333333333,60.285714285714285,17.0,-169.9333333333333,-126.64761904761905,0.0909415121255349,0.3224984715712248,3056446941201.4644,10917108015.912325,5666901083931.938,38922178734970.95,519.0844567693293,5655983975916.026,0.0547152194211017,0.2941176470588235,0.0769230769230769,0.0769230769230769,0.3846153846153846,0.4615384615384615,0.00364,18266.284615384615,0.0,106.45714285714286,12.857142857142856,0.0,0.0,0.0,17.40512012012803
d9l,Li24.0P4.0S18.0Se2.0Br4.0,"[{""element"": ""Li"", ""value"": 1.0}, {""element"": ""Br"", ""value"": -1.0}, {""element"": ""P"", ""value"": 5.0}, {""element"": ""S"", ""value"": -2.0}, {""element"": ""Se"", ""value"": -2.0}]",1.8396153846153849,2.640833333333333,1.1528571428571428,2.19,-1.4879761904761903,-0.4508333333333332,1.98,118.84615384615384,187.16666666666663,60.285714285714285,17.0,-170.16666666666666,-126.88095238095238,0.0908281389136242,0.3220964253911716,3056428289350.7666,10876695672.733557,5666901083931.938,38922178734970.95,521.0131141333773,5656024388259.205,0.0547152194211017,0.2941176470588235,0.0769230769230769,0.0769230769230769,0.3846153846153846,0.4615384615384615,0.00268,18307.423076923078,0.0,106.64285714285714,12.857142857142856,0.0,0.0,0.0,17.52619375945584
96f,Li24.0P4.0S17.6Se2.4Br4.0,"[{""element"": ""Li"", ""value"": 1.0}, {""element"": ""Br"", ""value"": -1.0}, {""element"": ""P"", ""value"": 5.0}, {""element"": ""S"", ""value"": -2.0}, {""element"": ""Se"", ""value"": -2.0}]",1.839384615384616,2.640333333333334,1.1528571428571428,2.19,-1.487476190476191,-0.4503333333333339,1.98,118.95384615384614,187.4,60.285714285714285,17.0,-170.4,-127.11428571428571,0.0907150480256136,0.3216953803933526,3056409637500.0693,10836283329.554789,5666901083931.938,38922178734970.95,522.9561567918846,5656064800602.384,0.0547152194211017,0.2941176470588235,0.0769230769230769,0.0769230769230769,0.3846153846153846,0.4615384615384615,0.00278,18348.561538461538,0.0,106.8285714285714,12.857142857142856,0.0,0.0,0.0,17.648109612226527
1kq,Li24.0P4.0S17.2Se2.8Br4.0,"[{""element"": ""Li"", ""value"": 1.0}, {""element"": ""Br"", ""value"": -1.0}, {""element"": ""P"", ""value"": 5.0}, {""element"": ""S"", ""value"": -2.0}, {""element"": ""Se"", ""value"": -2.0}]",1.8391538461538464,2.6398333333333333,1.1528571428571428,2.19,-1.4869761904761905,-0.4498333333333333,1.98,119.06153846153843,187.63333333333333,60.285714285714285,17.0,-170.63333333333333,-127.34761904761903,0.090602238408243,0.321295332842677,3056390985649.3706,10795870986.376017,5666901083931.938,38922178734970.95,524.9137462909065,5656105212945.5625,0.0547152194211017,0.2941176470588235,0.0769230769230769,0.0769230769230769,0.3846153846153846,0.4615384615384615,0.00301,18389.7,0.0,107.01428571428569,12.857142857142856,0.0,0.0,0.0,17.770873537052164
c6e,Li24.0P4.0S16.8Se3.2Br4.0,"[{""element"": ""Li"", ""value"": 1.0}, {""element"": ""Br"", ""value"": -1.0}, {""element"": ""P"", ""value"": 5.0}, {""element"": ""S"", ""value"": -2.0}, {""element"": ""Se"", ""value"": -2.0}]",1.8389230769230769,2.639333333333333,1.1528571428571428,2.19,-1.4864761904761907,-0.4493333333333336,1.98,119.1692307692308,187.86666666666667,60.285714285714285,17.0,-170.86666666666667,-127.5809523809524,0.0904897090134847,0.3208962790226097,3056372333798.673,10755458643.19725,5666901083931.938,38922178734970.95,526.8860466044572,5656145625288.741,0.0547152194211017,0.2941176470588235,0.0769230769230769,0.0769230769230769,0.3846153846153846,0.4615384615384615,0.00348,18430.83846153846,0.0,107.19999999999999,12.857142857142856,0.0,0.0,0.0,17.89449143329851
t2c,Li24.0P4.0S16.4Se3.6Br4.0,"[{""element"": ""Li"", ""value"": 1.0}, {""element"": ""Br"", ""value"": -1.0}, {""element"": ""P"", ""value"": 5.0}, {""element"": ""S"", ""value"": -2.0}, {""element"": ""Se"", ""value"": -2.0}]",1.838692307692308,2.638833333333333,1.1528571428571428,2.19,-1.48597619047619,-0.448833333333333,1.98,119.27692307692308,188.1,60.285714285714285,17.0,-171.1,-127.81428571428572,0.0903774587985114,0.3204982152350573,3056353681947.976,10715046300.01848,5666901083931.938,38922178734970.95,528.8732241802973,5656186037631.92,0.0547152194211017,0.2941176470588235,0.0769230769230769,0.0769230769230769,0.3846153846153846,0.4615384615384615,0.00382,18471.976923076923,0.0,107.3857142857143,12.857142857142856,0.0,0.0,0.0,18.01896924136858
dlj,Li24.0P4.0S16.0Se4.0Br4.0,"[{""element"": ""Li"", ""value"": 1.0}, {""element"": ""Br"", ""value"": -1.0}, {""element"": ""P"", ""value"": 5.0}, {""element"": ""S"", ""value"": -2.0}, {""element"": ""Se"", ""value"": -2.0}]",1.8384615384615384,2.6383333333333336,1.1528571428571428,2.19,-1.4854761904761908,-0.4483333333333337,1.98,119.3846153846154,188.33333333333331,60.285714285714285,17.0,-171.33333333333334,-128.0476190476191,0.0902654867256637,0.3201011378002528,3056335030097.278,10674633956.839712,5666901083931.938,38922178734970.95,530.8754479867578,5656226449975.099,0.0547152194211017,0.2941176470588235,0.0769230769230769,0.0769230769230769,0.3846153846153846,0.4615384615384615,0.00361,18513.115384615387,0.0,107.57142857142858,12.857142857142856,0.0,0.0,0.0,18.14431294298805
w87,Li24.0P4.0S20.0Br4.0,"[{""element"": ""Li"", ""value"": 1.0}, {""element"": ""Br"", ""value"": -1.0}, {""element"": ""P"", ""value"": 5.0}, {""element"": ""S"", ""value"": -2.0}]",1.8407692307692307,2.643333333333333,1.1528571428571428,2.19,-1.4904761904761905,-0.4533333333333331,1.98,118.3076923076923,186.0,60.285714285714285,17.0,-169.0,-125.71428571428572,0.0913978494623656,0.3241167434715822,3056521548604.257,11078757388.627398,5666901083931.938,38922178734970.95,511.5105318353793,5655822326543.312,0.0547152194211017,0.2941176470588235,0.0769230769230769,0.0769230769230769,0.3846153846153846,0.4615384615384615,3.2e-05,18101.73076923077,0.0,105.71428571428571,12.857142857142856,0.0,0.0,0.0,16.92913193567327
97p,Li24.0P4.0S20.0Cl4.0,"[{""element"": ""Li"", ""value"": 1.0}, {""element"": ""Cl"", ""value"": -1.0}, {""element"": ""P"", ""value"": 5.0}, {""element"": ""S"", ""value"": -2.0}]",1.856153846153846,2.676666666666667,1.1528571428571428,2.19,-1.5238095238095244,-0.4866666666666672,2.18,117.15384615384616,183.5,60.285714285714285,17.0,-166.5,-123.21428571428572,0.0926430517711171,0.3285325029194239,3056626960821.059,11307150525.032305,5666901083931.938,38922178734970.95,501.1785304693951,5655593933406.906,0.0547152194211017,0.2941176470588235,0.0769230769230769,0.0769230769230769,0.3846153846153846,0.4615384615384615,3.3e-05,17666.73076923077,0.0,103.57142857142857,12.857142857142856,0.0,0.0,0.0,15.903303281691851
p9u,Li24.0P4.0S20.0I4.0,"[{""element"": ""Li"", ""value"": 1.0}, {""element"": ""I"", ""value"": -1.0}, {""element"": ""P"", ""value"": 5.0}, {""element"": ""S"", ""value"": -2.0}]",1.817692307692308,2.5933333333333333,1.1528571428571428,2.19,-1.4404761904761905,-0.4033333333333333,1.6800000000000002,120.15384615384616,190.0,60.285714285714285,17.0,-173.0,-129.71428571428572,0.0894736842105263,0.3172932330827067,3056407119887.283,10830828501.851728,5666901083931.938,38922178734970.95,523.2195379109805,5656070255430.087,0.0547152194211017,0.2941176470588235,0.0769230769230769,0.0769230769230769,0.3846153846153846,0.4615384615384615,0.00022,18869.730769230773,0.0,108.42857142857143,12.857142857142856,0.0,0.0,0.0,17.5424069615194
5wz,Li24.0P4.0S20.0I4.0,"[{""element"": ""Li"", ""value"": 1.0}, {""element"": ""I"", ""value"": -1.0}, {""element"": ""P"", ""value"": 5.0}, {""element"": ""S"", ""value"": -2.0}]",1.817692307692308,2.5933333333333333,1.1528571428571428,2.19,-1.4404761904761905,-0.4033333333333333,1.6800000000000002,120.15384615384616,190.0,60.285714285714285,17.0,-173.0,-129.71428571428572,0.0894736842105263,0.3172932330827067,3056407119887.283,10830828501.851728,5666901083931.938,38922178734970.95,523.2195379109805,5656070255430.087,0.0547152194211017,0.2941176470588235,0.0769230769230769,0.0769230769230769,0.3846153846153846,0.4615384615384615,1.26e-06,18869.730769230773,0.0,108.42857142857143,12.857142857142856,0.0,0.0,0.0,17.5424069615194
5gj,Li24.4P3.6Ge0.4S20.0I4.0,"[{""element"": ""Li"", ""value"": 1.0}, {""element"": ""Ge"", ""value"": 4.0}, {""element"": ""I"", ""value"": -1.0}, {""element"": ""P"", ""value"": 5.0}, {""element"": ""S"", ""value"": -2.0}]",1.8099236641221372,2.5933333333333333,1.147887323943662,2.172,-1.4454460093896713,-0.4213333333333331,1.6800000000000002,119.9732824427481,190.0,60.795774647887335,19.9,-170.1,-129.20422535211267,0.1047368421052631,0.3199777613046702,2748906627236.0933,10830828501.851728,5062773499405.875,35187127512353.21,467.44101788153154,5051942670904.023,0.0512354795629893,0.2734015345268542,0.0763358778625954,0.0763358778625954,0.3816793893129771,0.465648854961832,8.86e-06,18774.41412213741,0.14084507042253525,108.57142857142857,13.19718309859155,0.3250829733914482,283301307478.51666,71947.33290000002,17.5323932304538
t17,Li24.6P3.4Ge0.6S20.0I4.0,"[{""element"": ""Li"", ""value"": 1.0}, {""element"": ""Ge"", ""value"": 4.0}, {""element"": ""I"", ""value"": -1.0}, {""element"": ""P"", ""value"": 5.0}, {""element"": ""S"", ""value"": -2.0}]",1.8060836501901143,2.5933333333333333,1.1454545454545455,2.163,-1.4478787878787878,-0.4303333333333334,1.6800000000000002,119.88403041825094,190.0,61.04545454545454,21.35,-168.65,-128.95454545454547,0.1123684210526315,0.3212918660287081,2596910186001.665,10830828501.851728,4767046709777.73,33319601901044.336,440.13684723774514,4756215881275.879,0.0495321104016756,0.2630434782608695,0.0760456273764258,0.0760456273764258,0.3802281368821292,0.467680608365019,3.93e-05,18727.299429657796,0.2097902097902098,108.64285714285714,13.363636363636365,0.42270908780599087,401343518927.89856,101925.38827500002,17.52744558870174
kf7,Li24.8P3.2Ge0.8S20.0I4.0,"[{""element"": ""Li"", ""value"": 1.0}, {""element"": ""Ge"", ""value"": 4.0}, {""element"": ""I"", ""value"": -1.0}, {""element"": ""P"", ""value"": 5.0}, {""element"": ""S"", ""value"": -2.0}]",1.8022727272727272,2.5933333333333333,1.1430555555555553,2.154,-1.450277777777778,-0.4393333333333333,1.6800000000000002,119.79545454545456,190.0,61.29166666666666,22.800000000000004,-167.2,-128.70833333333334,0.12,0.3225877192982456,2446065232958.406,10830828501.851728,4475427236672.2,31452076289735.47,413.2119011862337,4464596408170.349,0.0478523991453801,0.2526854219948849,0.0757575757575757,0.0757575757575757,0.3787878787878788,0.4696969696969697,3.19e-05,18680.541666666668,0.2777777777777778,108.71428571428572,13.527777777777779,0.5004024235381879,503646768850.69635,127906.36960000002,17.52253680948367
utv,Li25.0P3.0Ge1.0S20.0I4.0,"[{""element"": ""Li"", ""value"": 1.0}, {""element"": ""Ge"", ""value"": 4.0}, {""element"": ""I"", ""value"": -1.0}, {""element"": ""P"", ""value"": 5.0}, {""element"": ""S"", ""value"": -2.0}]",1.798490566037736,2.5933333333333333,1.1406896551724135,2.145,-1.4526436781609195,-0.4483333333333332,1.6800000000000002,119.70754716981132,190.0,61.53448275862069,24.25,-165.75,-128.4655172413793,0.1276315789473684,0.3238656987295826,2296358732390.946,10830828501.851728,4187830101126.747,29584550678426.6,386.6583337009501,4176999272624.896,0.0461958563202059,0.2423273657289002,0.0754716981132075,0.0754716981132075,0.3773584905660377,0.4716981132075472,0.00015,18634.13679245283,0.34482758620689663,108.78571428571428,13.689655172413795,0.5623351446188083,590211057246.9097,149890.27687500004,17.517666436897326
q9f,Li25.2P2.8Ge1.2S20.0I4.0,"[{""element"": ""Li"", ""value"": 1.0}, {""element"": ""Ge"", ""value"": 4.0}, {""element"": ""I"", ""value"": -1.0}, {""element"": ""P"", ""value"": 5.0}, {""element"": ""S"", ""value"": -2.0}]",1.7947368421052632,2.5933333333333333,1.1383561643835616,2.136,-1.4549771689497717,-0.4573333333333336,1.6800000000000002,119.6203007518797,190.0,61.773972602739725,25.7,-164.3,-128.22602739726028,0.1352631578947368,0.325126171593367,2147777844609.7063,10830828501.851728,3904172652369.5854,27717025067117.727,360.4685137154648,3893341823867.735,0.0445620058624998,0.2319693094629155,0.075187969924812,0.075187969924812,0.3759398496240601,0.4736842105263157,0.00065,18588.080827067668,0.410958904109589,108.85714285714286,13.849315068493151,0.6108643020548935,661036384116.5388,167877.11010000002,17.512834022140947
5qw,Li25.6P2.4Ge1.6S20.0I4.0,"[{""element"": ""Li"", ""value"": 1.0}, {""element"": ""Ge"", ""value"": 4.0}, {""element"": ""I"", ""value"": -1.0}, {""element"": ""P"", ""value"": 5.0}, {""element"": ""S"", ""value"": -2.0}]",1.787313432835821,2.5933333333333333,1.133783783783784,2.118,-1.4595495495495494,-0.4753333333333334,1.6800000000000002,119.44776119402984,190.0,62.24324324324324,28.6,-161.4,-127.75675675675676,0.1505263157894737,0.3275960170697012,1853942506833.3752,10830828501.851728,3348357381156.232,23981973844499.99,309.1506232033652,3337526552654.3804,0.0413605421278055,0.2112531969309463,0.0746268656716417,0.0746268656716417,0.3731343283582089,0.4776119402985074,0.0015,18497.000000000004,0.5405405405405406,109.0,14.162162162162161,0.6730116670092565,755470153276.0444,191859.55440000002,17.503281305590132
znj,Li26.0P2.0Ge2.0S20.0I4.0,"[{""element"": ""Li"", ""value"": 1.0}, {""element"": ""Ge"", ""value"": 4.0}, {""element"": ""I"", ""value"": -1.0}, {""element"": ""P"", ""value"": 5.0}, {""element"": ""S"", ""value"": -2.0}]",1.7799999999999998,2.5933333333333333,1.129333333333333,2.1,-1.4640000000000002,-0.4933333333333336,1.6800000000000002,119.27777777777776,190.0,62.7,31.5,-158.5,-127.3,0.1657894736842105,0.33,1564460285172.2498,10830828501.851728,2807363850508.568,20246922621882.25,259.2012097715884,2796533022006.7163,0.0382444507593697,0.1905370843989769,0.074074074074074,0.074074074074074,0.3703703703703703,0.4814814814814814,0.00186,18407.26851851852,0.6666666666666666,109.14285714285714,14.466666666666669,0.6931471805599453,786948076329.2129,199853.70250000004,17.493875206273216
pa1,Li26.4P1.6Ge2.4S20.0I4.0,"[{""element"": ""Li"", ""value"": 1.0}, {""element"": ""Ge"", ""value"": 4.0}, {""element"": ""I"", ""value"": -1.0}, {""element"": ""P"", ""value"": 5.0}, {""element"": ""S"", ""value"": -2.0}]",1.7727941176470592,2.5933333333333333,1.1250000000000002,2.082,-1.468333333333333,-0.5113333333333334,1.6800000000000002,119.11029411764709,190.0,63.14473684210527,34.4,-155.6,-126.85526315789474,0.1810526315789473,0.3323407202216066,1279235155006.1404,10830828501.851728,2280606991720.0527,16511871399264.514,210.56625458801616,2269776163218.201,0.0352103617953665,0.1698209718670076,0.0735294117647058,0.0735294117647058,0.3676470588235294,0.4852941176470588,0.00521,18318.856617647067,0.7894736842105263,109.28571428571428,14.763157894736842,0.6730116670092565,755470153276.0444,191859.55440000008,17.48461237575366
lxk,Li26.8P1.2Ge2.8S20.0I4.0,"[{""element"": ""Li"", ""value"": 1.0}, {""element"": ""Ge"", ""value"": 4.0}, {""element"": ""I"", ""value"": -1.0}, {""element"": ""P"", ""value"": 5.0}, {""element"": ""S"", ""value"": -2.0}]",1.7656934306569343,2.5933333333333333,1.1207792207792209,2.064,-1.4725541125541126,-0.5293333333333337,1.6800000000000002,118.94525547445257,190.0,63.57792207792208,37.3,-152.7,-126.42207792207792,0.1963157894736842,0.3346206425153793,998173895353.4048,10830828501.851728,1767532129263.7058,12776820176646.771,163.19454499362757,1756701300761.854,0.0322550803369217,0.1491048593350383,0.072992700729927,0.072992700729927,0.364963503649635,0.4890510948905109,0.00554,18231.735401459853,0.909090909090909,109.42857142857143,15.051948051948049,0.6108643020548935,661036384116.5388,167877.11010000005,17.47548956674818
1m8,Li27.2P0.8Ge3.2S20.0I4.0,"[{""element"": ""Li"", ""value"": 1.0}, {""element"": ""Ge"", ""value"": 4.0}, {""element"": ""I"", ""value"": -1.0}, {""element"": ""P"", ""value"": 5.0}, {""element"": ""S"", ""value"": -2.0}]",1.758695652173913,2.5933333333333333,1.1166666666666665,2.046,-1.4766666666666668,-0.5473333333333334,1.6800000000000002,118.78260869565216,190.0,64.0,40.2,-149.8,-126.0,0.211578947368421,0.3368421052631579,721185987289.8395,10830828501.851728,1267613032511.369,9041768954029.035,117.037494619608,1256782204009.5168,0.0293755753261294,0.128388746803069,0.072463768115942,0.072463768115942,0.3623188405797101,0.4927536231884057,0.00258,18145.876811594208,1.0256410256410258,109.57142857142857,15.333333333333336,0.5004024235381879,503646768850.6963,127906.36960000005,17.4665036293372
ga9,Li8.0Ce8.0B24.0H96.0Cl8.0,"[{""element"": ""Li"", ""value"": 1.0}, {""element"": ""B"", ""value"": 3.0}, {""element"": ""Cl"", ""value"": -1.0}, {""element"": ""Ce"", ""value"": 3.0}, {""element"": ""H"", ""value"": -1.0}]",2.098888888888889,2.273846153846154,1.644,1.81,-0.6298461538461537,-0.4638461538461538,2.18,114.6287037037037,143.15384615384616,40.46333333333333,33.704166666666666,-109.4496794871795,-102.69051282051282,0.2354401755328676,0.2826562779867455,88550494385149.33,13361659459.31295,318747039471943.4,398402710637739.5,23855.3482404298,318733677812484.06,0.3080992163514634,0.3814203167356256,0.0555555555555555,0.2222222222222222,0.6666666666666666,0.0555555555555555,0.000103,15903.965756172838,4.2,53.0,40.2,0.5623351446188083,45144231649816.734,307680.1875,2.6710842417598313
240,Li64.0Ge8.0P32.0,"[{""element"": ""Li"", ""value"": 1.0}, {""element"": ""Ge"", ""value"": 4.0}, {""element"": ""P"", ""value"": -3.0}]",1.4315384615384614,2.19,1.0944444444444443,2.01,-1.0955555555555556,-0.1800000000000001,1.21,110.3076923076923,212.0,65.11111111111111,46.0,-166.0,-146.88888888888889,0.2169811320754717,0.3071278825995807,201128596421.609,12041693654.298868,285167219873.7468,1571666508793.5586,23.68165376570118,273125526219.448,0.0228305600286276,0.0869565217391304,0.0,0.0769230769230769,0.3076923076923077,0.6153846153846154,8.6e-05,16795.53846153846,1.1111111111111112,113.00000000000001,15.11111111111111,0.0,0.0,0.0,13.17446307253026
6l9,Li32.0B56.0O96.0Cl8.0,"[{""element"": ""Li"", ""value"": 1.0}, {""element"": ""B"", ""value"": 3.0}, {""element"": ""O"", ""value"": -2.0}, {""element"": ""Cl"", ""value"": -1.0}]",2.61,3.418461538461538,1.6545454545454548,2.04,-1.7639160839160837,-1.3784615384615382,2.46,89.64166666666665,141.4923076923077,28.363636363636363,6.0,-135.4923076923077,-113.12867132867132,0.0424051321082961,0.2004606245119456,154962873833178.94,27245752065.748817,338068616110858.1,531179622569200.6,12408.122018252196,338041370358792.4,0.3235690235690235,0.5,0.0416666666666666,0.2916666666666667,0.5,0.1666666666666666,2e-06,11684.536666666665,0.0,72.5,13.454545454545455,0.0,0.0,0.0,12.83517934680498
gas,Li0.31La0.63Ti0.9Co0.1O3.0,"[{""element"": ""Li"", ""value"": 1.0}, {""element"": ""La"", ""value"": 3.0}, {""element"": ""O"", ""value"": -2.0}, {""element"": ""Ti"", ""value"": 4.0}, {""element"": ""Co"", ""value"": 2.0}]",2.609473684210527,3.44,1.325154639175258,1.39079754601227,-2.114845360824742,-2.04920245398773,2.46,115.86518218623485,138.2,81.32680412371134,83.95644171779139,-54.2435582822086,-56.87319587628865,0.6074995782763488,0.5884718098676653,163695689052.7274,28978758058.690765,372020840074.43353,419122968729.5596,12.837708204091376,343042082015.7428,0.0426124183548683,0.0478990791508294,0.0,0.3299595141700405,0.6072874493927126,0.0627530364372469,0.00026,14468.793562753033,8.108247422680414,91.98056155507558,81.19072164948454,0.8665955442280453,27891012268113.363,128255.39275095037,25.073637802761123
f5n,Li2.0O0.9H0.9F0.1Cl1.0,"[{""element"": ""Li"", ""value"": 1.0}, {""element"": ""O"", ""value"": -2.0}, {""element"": ""F"", ""value"": -1.0}, {""element"": ""Cl"", ""value"": -1.0}, {""element"": ""H"", ""value"": 1.0}]",2.1620408163265306,3.327,0.98,,-2.347,,3.0,92.53928571428573,159.22125,67.5,,,-91.72125,,0.4239383876209991,57746141192.72613,17123237163.408672,124354808758.77036,,7.262342252930368,107231571595.36168,0.0148148148148148,,0.2244897959183673,0.0,0.183673469387755,0.4081632653061224,3.86e-05,12401.858176020407,0.0,65.82758620689656,9.0,0.0,0.0,0.0,8.083181153706652
hx7,Li2.0O1.0H1.0Br1.0,"[{""element"": ""Li"", ""value"": 1.0}, {""element"": ""O"", ""value"": -2.0}, {""element"": ""Br"", ""value"": -1.0}, {""element"": ""H"", ""value"": 1.0}]",2.112,3.2,0.98,,-2.22,,2.46,93.84,167.1,67.5,,,-99.6,,0.4039497307001795,56553539381.64949,17029039695.353384,124354808758.77036,,7.302514468429029,107325769063.41698,0.0148148148148148,,0.2,0.0,0.2,0.4,1.2e-06,13325.548,0.0,69.66666666666666,9.0,0.0,0.0,0.0,9.090550782458326
oi4,Li0.38Sr0.44Hf0.25Ta0.75O3.0,"[{""element"": ""Li"", ""value"": 1.0}, {""element"": ""Sr"", ""value"": 2.0}, {""element"": ""Hf"", ""value"": 4.0}, {""element"": ""Ta"", ""value"": 5.0}, {""element"": ""O"", ""value"": -2.0}]",2.6058921161825728,3.44,1.2309890109890111,1.2972222222222225,-2.209010989010989,-2.142777777777778,2.49,117.61549100968186,138.2,83.68498168498168,87.95601851851852,-50.24398148148147,-54.51501831501831,0.6364400761108432,0.6055353233356128,142901931947.80188,28978758058.690765,330687383413.3697,385136257280.55566,11.411371831174668,301708625354.67896,0.0443244331411072,0.0521116935327677,0.0,0.2987551867219917,0.6224066390041494,0.0788381742738589,0.00038,14783.355578607652,14.917582417582416,92.23873873873876,105.17582417582418,1.0060087993723077,10512336854618.13,966555.2469135805,28.918476754977405
sv7,La0.51Li0.34Ti1.0O2.94,"[{""element"": ""La"", ""value"": 3.0}, {""element"": ""Li"", ""value"": 1.0}, {""element"": ""O"", ""value"": -2.0}, {""element"": ""Ti"", ""value"": 4.0}]",2.6195824634655533,3.44,1.3157837837837838,1.3913907284768212,-2.124216216216216,-2.048609271523179,2.46,114.9125260960334,138.2,77.90432432432432,80.24701986754967,-57.95298013245032,-60.29567567567567,0.5806586097507213,0.5637071224625494,178090922135.45523,28978758058.69076,415058361262.8539,480514790303.5084,14.32284849551644,386079603204.1632,0.0454126944990186,0.0523022833020844,0.0,0.3152400835073068,0.6137787056367432,0.0709812108559499,0.001,14317.161830201807,6.87027027027027,90.65393258426965,75.94594594594594,0.6395306588828067,21641756298591.418,125146.72163501603,23.85919753821735
qbb,Li3.0O1.0Br1.0,"[{""element"": ""Li"", ""value"": 1.0}, {""element"": ""O"", ""value"": -2.0}, {""element"": ""Br"", ""value"": -1.0}]",1.868,3.2,0.98,,-2.22,,2.46,107.34,167.1,67.5,,,-99.6,,0.4039497307001795,81424501133.40356,17029039695.353384,124354808758.77034,,7.302514468429028,107325769063.41696,0.0148148148148148,,0.2,0.0,0.2,0.6,1.1e-06,14236.798,0.0,88.5,9.0,0.0,0.0,0.0,13.371732193392813
w1l,Li0.5Sr0.5Cr0.25Ta0.75O3.0,"[{""element"": ""Li"", ""value"": 1.0}, {""element"": ""Sr"", ""value"": 2.0}, {""element"": ""Ta"", ""value"": 5.0}, {""element"": ""O"", ""value"": -2.0}, {""element"": ""Cr"", ""value"": 3.0}]",2.565,3.44,1.2525,1.343333333333333,-2.1875,-2.0966666666666667,2.49,116.02833333333334,138.2,82.77083333333334,87.86111111111113,-50.33888888888886,-55.429166666666646,0.6357533365492847,0.5989206464061747,145335872188.5713,28978758058.690765,319871543383.3921,385043788258.26605,11.038138443875177,290892785324.7013,0.040841157104235,0.0495166045340417,0.0,0.3,0.6,0.1,6e-05,14491.14261111111,11.75,92.16666666666666,87.375,1.0114042647073518,38079375328023.44,1009880.5555555555,26.62541039172124
jce,Li0.5Sr0.5Fe0.25Ta0.75O3.0,"[{""element"": ""Li"", ""value"": 1.0}, {""element"": ""Sr"", ""value"": 2.0}, {""element"": ""Ta"", ""value"": 5.0}, {""element"": ""O"", ""value"": -2.0}, {""element"": ""Fe"", ""value"": 3.0}]",2.5735,3.44,1.27375,1.3716666666666668,-2.16625,-2.0683333333333334,2.49,115.79083333333332,138.2,82.17708333333334,87.06944444444446,-51.13055555555553,-56.022916666666646,0.6300249236211611,0.5946243367100821,152061501269.35806,28978758058.690765,336685616085.359,407462551860.8885,11.618359054707197,307706858026.6682,0.0413515256440437,0.0501970959204534,0.0,0.3,0.6,0.1,0.0001,14463.05823611111,11.875,92.05555555555556,89.25,1.0114042647073518,47363343549569.01,1050726.8055555555,26.720648048743215
9ph,Li0.76La2.68Ti3.6Co0.4O12.0,"[{""element"": ""Li"", ""value"": 1.0}, {""element"": ""La"", ""value"": 3.0}, {""element"": ""O"", ""value"": -2.0}, {""element"": ""Ti"", ""value"": 4.0}, {""element"": ""Co"", ""value"": 2.0}]",2.637283950617284,3.44,1.3425806451612905,1.3838323353293414,-2.09741935483871,-2.0561676646706584,2.46,117.08491083676267,138.2,83.02831541218636,84.79500998003991,-53.40499001996008,-55.17168458781363,0.6135673659916058,0.6007837584094528,163880624381.18088,28978758058.690765,381464279740.0359,410716255480.4194,13.163582751457296,352485521681.3451,0.0440317202887543,0.0473557993546516,0.0,0.3436213991769547,0.6172839506172839,0.0390946502057613,0.000108,14710.949158664836,8.908602150537636,92.64025695931477,87.1989247311828,0.8681547300283776,28182569158248.754,129881.45756391408,26.248798536628104
kkn,Li24.0N4.0Br12.0,"[{""element"": ""Li"", ""value"": 1.0}, {""element"": ""Br"", ""value"": -1.0}, {""element"": ""N"", ""value"": -3.0}]",1.7799999999999998,2.9799999999999995,0.98,,-2.0,,2.06,113.9,183.5,67.5,,,-116.0,,0.3678474114441417,79823371390.62878,13026215338.416466,124354808758.77034,,9.546503380151211,111328593420.35388,0.0148148148148148,,0.3,0.0,0.1,0.6,1e-08,16390.15,0.0,103.24999999999999,9.0,0.0,0.0,0.0,15.49734729003391
m0v,Li10.72Ti13.28O32.0,"[{""element"": ""Li"", ""value"": 1.0}, {""element"": ""O"", ""value"": -2.0}, {""element"": ""Ti"", ""value"": 4.0}]",2.5185142857142857,3.44,1.2898666666666667,1.54,-2.150133333333333,-1.9,2.46,106.24,138.2,63.626666666666665,60.5,-77.69999999999999,-74.57333333333332,0.4377713458755427,0.4603955619874578,204188463928.99832,28978758058.690765,437801405089.4085,690824561163.5381,15.107666249972754,408822647030.71765,0.0432013059891847,0.0661157024793388,0.0,0.2371428571428571,0.5714285714285714,0.1914285714285714,6.03e-08,12654.049999999997,1.1066666666666667,83.23674911660777,39.43333333333334,0.0,0.0,0.0,17.682353222744304
6du,Li10.14Mg0.8Ti13.07O32.0,"[{""element"": ""Li"", ""value"": 1.0}, {""element"": ""Mg"", ""value"": 2.0}, {""element"": ""O"", ""value"": -2.0}, {""element"": ""Ti"", ""value"": 4.0}]",2.5208534190323157,3.44,1.295835068721366,1.5267339581831292,-2.1441649312786337,-1.9132660418168708,2.46,106.32360292804854,138.2,63.839441899208666,61.16330209084354,-77.03669790915644,-74.36055810079132,0.4425709268512557,0.4619351801679354,203201202661.1844,28978758058.690765,435401045529.98047,662798943212.7542,15.02483455806358,406422287471.2897,0.0431727061994753,0.0639044306868912,0.0,0.2476343510087484,0.5713265488305659,0.1810391001606855,1.73e-08,12664.929878593108,1.088713036234902,83.93372574667539,39.83923365264473,0.220531306774263,3208093670726.2676,56325.90890070481,17.868877053217076
u0c,Li9.6Mg1.6Ti12.8O32.0,"[{""element"": ""Li"", ""value"": 1.0}, {""element"": ""Mg"", ""value"": 2.0}, {""element"": ""O"", ""value"": -2.0}, {""element"": ""Ti"", ""value"": 4.0}]",2.523142857142857,3.44,1.3006666666666666,1.5144444444444447,-2.139333333333333,-1.9255555555555552,2.46,106.42857142857144,138.2,64.06666666666668,61.777777777777786,-76.4222222222222,-74.13333333333331,0.4470172053384789,0.4635793535938254,201635168942.1875,28978758058.690765,431843716786.84985,636836322138.9028,14.902078132963306,402864958728.1591,0.0430394857667585,0.0618559330680542,0.0,0.2571428571428572,0.5714285714285714,0.1714285714285714,4.24e-09,12679.665714285711,1.0666666666666667,84.55172413793105,40.13333333333333,0.3488320958430318,5829608048626.487,102352.987654321,18.026134787785566
xub,Li9.12Mg2.4Ti12.48O32.0,"[{""element"": ""Li"", ""value"": 1.0}, {""element"": ""Mg"", ""value"": 2.0}, {""element"": ""O"", ""value"": -2.0}, {""element"": ""Ti"", ""value"": 4.0}]",2.524657142857143,3.44,1.3042,1.5029032258064514,-2.1358,-1.9370967741935483,2.46,106.53285714285714,138.2,64.31,62.354838709677416,-75.84516129032258,-73.88999999999999,0.4511927547733532,0.4653400868306802,199549278945.34677,28978758058.690765,426976640127.5547,612454536772.9387,14.73412488081089,397997882068.8639,0.0427875726966636,0.0599321662371515,0.0,0.2657142857142857,0.5714285714285714,0.1628571428571428,1.51e-09,12693.75357142857,1.04,85.10580204778157,40.3,0.44180334801001603,7984621845998.556,140189.51092611864,18.15038618952776
bjw,Li16.0Mn8.0Cl32.0,"[{""element"": ""Li"", ""value"": 1.0}, {""element"": ""Cl"", ""value"": -1.0}, {""element"": ""Mn"", ""value"": 2.0}]",2.307142857142857,3.16,1.17,1.55,-1.99,-1.61,2.18,134.57142857142858,181.0,72.66666666666667,83.0,-98.0,-108.33333333333331,0.4585635359116022,0.4014732965009208,58325956238.498886,6449680150.445433,127494324355.90347,133773355550.16972,19.767542169838972,121044644205.45804,0.0179086717239327,0.0240963855421686,0.5714285714285714,0.1428571428571428,0.0,0.2857142857142857,4.79e-06,21006.5,1.6666666666666665,102.80000000000001,27.333333333333332,0.0,0.0,0.0,23.685120984547055
dvn,Li16.0Mg8.0Cl32.0,"[{""element"": ""Li"", ""value"": 1.0}, {""element"": ""Mg"", ""value"": 2.0}, {""element"": ""Cl"", ""value"": -1.0}]",2.2728571428571427,3.16,1.09,1.31,-2.0700000000000003,-1.85,2.18,133.0,181.0,69.0,72.0,-109.0,-112.0,0.3977900552486187,0.3812154696132597,68491249723.02053,6449680150.445433,151213342486.454,204930409941.8213,23.445091688153063,144763662336.00858,0.0191358024691358,0.0277777777777777,0.5714285714285714,0.1428571428571428,0.0,0.2857142857142857,6.24e-07,20762.92857142857,0.0,106.4,18.0,0.0,0.0,0.0,21.080398235156792
t3k,Li15.2Mn7.2Ga0.8Cl32.0,"[{""element"": ""Li"", ""value"": 1.0}, {""element"": ""Ga"", ""value"": 3.0}, {""element"": ""Cl"", ""value"": -1.0}, {""element"": ""Mn"", ""value"": 2.0}]",2.330144927536232,3.16,1.1855172413793102,1.576,-1.97448275862069,-1.584,2.18,135.1304347826087,181.0,71.86206896551724,80.15,-100.85,-109.13793103448276,0.4428176795580111,0.3970280053343494,65702308697.82462,6449680150.445433,147430072211.4511,191273072771.54456,22.85850906905348,140980392061.00568,0.0190825801007114,0.0271913341439151,0.5797101449275363,0.144927536231884,0.0,0.2753623188405796,2.37e-07,21188.115942028988,1.8965517241379313,102.94,27.965517241379317,0.3250829733914482,5099799161305.403,133098.73992899997,24.193631580005235
uxi,Li13.2Mn5.2In2.8Cl32.0,"[{""element"": ""Li"", ""value"": 1.0}, {""element"": ""In"", ""value"": 3.0}, {""element"": ""Cl"", ""value"": -1.0}, {""element"": ""Mn"", ""value"": 2.0}]",2.3890977443609023,3.16,1.225471698113208,1.6305,-1.9345283018867925,-1.5295,2.18,137.9436090225564,181.0,72.95283018867924,81.95,-99.05,-108.04716981132076,0.4527624309392265,0.403054310434692,59604334933.28521,6449680150.445433,139837776114.93018,165384672252.59387,21.681350524843097,133388095964.48474,0.0200875830365487,0.0287876506024096,0.6015037593984962,0.150375939849624,0.0,0.2481203007518796,9.9e-08,21846.565789473683,3.867924528301887,104.48,34.509433962264154,0.6474466390346325,4560720285463.195,269920.91546875,26.265178835905562
r5y,Li16.0Cd8.0Cl32.0,"[{""element"": ""Li"", ""value"": 1.0}, {""element"": ""Cd"", ""value"": 2.0}, {""element"": ""Cl"", ""value"": -1.0}]",2.327142857142857,3.16,1.2166666666666666,1.69,-1.9433333333333336,-1.4700000000000002,2.18,137.0952380952381,181.0,78.55555555555556,100.66666666666669,-80.33333333333333,-102.44444444444444,0.5561694290976059,0.4340085942295887,49926939908.93654,6449680150.445433,107896619586.92468,74980241243.23335,16.72898765056947,101446939436.47923,0.0164990597661679,0.0198675496688741,0.5714285714285714,0.1428571428571428,0.0,0.2857142857142857,5.8e-07,21470.039682539682,6.666666666666666,106.80000000000001,39.33333333333333,0.0,0.0,0.0,26.23584040562678
ek5,Li8.0Sr8.0Nb16.0O48.0F8.0,"[{""element"": ""Li"", ""value"": 1.0}, {""element"": ""Sr"", ""value"": 2.0}, {""element"": ""Nb"", ""value"": 5.0}, {""element"": ""O"", ""value"": -2.0}, {""element"": ""F"", ""value"": -1.0}]",2.7045454545454546,3.5171428571428573,1.2825,1.3833333333333335,-2.234642857142857,-2.133809523809524,3.03,116.74166666666666,137.11785714285713,81.08333333333334,85.61111111111113,-51.506746031746005,-56.03452380952379,0.6243615010838204,0.5913404353224113,166082082359.3945,27290238226.806683,408967809591.4232,503838809868.9741,14.98586440296083,381677571364.61646,0.0467853693596568,0.0574422208746041,0.0909090909090909,0.2727272727272727,0.5454545454545454,0.0909090909090909,<1E-10,14642.710612373736,9.5,90.10000000000001,67.75,0.6365141682948128,1417623467516.5615,642222.2222222222,24.20753193822631
xut,Li8.0Sr8.0Ta16.0O48.0F8.0,"[{""element"": ""Li"", ""value"": 1.0}, {""element"": ""Sr"", ""value"": 2.0}, {""element"": ""Ta"", ""value"": 5.0}, {""element"": ""O"", ""value"": -2.0}, {""element"": ""F"", ""value"": -1.0}]",2.6863636363636365,3.5171428571428573,1.2325,1.3166666666666669,-2.2846428571428574,-2.2004761904761905,3.03,117.69621212121211,137.11785714285713,83.70833333333334,89.11111111111113,-48.006746031746005,-53.40952380952379,0.6498869875006151,0.6104845501350074,137721877481.48514,27290238226.806683,330977246177.1724,399851391983.30646,12.128045326187728,303687007950.3657,0.043801567143118,0.053463817919219,0.0909090909090909,0.2727272727272727,0.5454545454545454,0.0909090909090909,<1E-10,14769.426521464646,14.0,90.10000000000001,99.25,0.6365141682948128,12109647420565.238,1115022.2222222222,27.326771449725165
ckw,Li8.0Sr7.2Nb16.0O48.0F6.4,"[{""element"": ""Li"", ""value"": 1.0}, {""element"": ""Sr"", ""value"": 2.0}, {""element"": ""Nb"", ""value"": 5.0}, {""element"": ""O"", ""value"": -2.0}, {""element"": ""F"", ""value"": -1.0}]",2.697102803738318,3.5035294117647062,1.291025641025641,1.3982758620689657,-2.2125037707390653,-2.1052535496957407,3.03,116.3644859813084,137.30882352941177,79.84615384615384,84.10344827586208,-53.20537525354969,-57.46266968325793,0.6125130644488188,0.5815078142378131,170087421112.46378,27588212314.78623,418547580041.7477,519993363242.7745,15.171246881314678,390959367726.9615,0.0475884835092435,0.0588897485762879,0.0747663551401869,0.2710280373831775,0.5607476635514018,0.0934579439252336,<1E-10,14577.993224299064,9.487179487179489,89.5979381443299,66.92307692307693,0.6193762897414465,1365368619130.101,618549.3460166468,24.026828009420292
yab,Li8.0Sr7.2Ta16.0O48.0F6.4,"[{""element"": ""Li"", ""value"": 1.0}, {""element"": ""Sr"", ""value"": 2.0}, {""element"": ""Ta"", ""value"": 5.0}, {""element"": ""O"", ""value"": -2.0}, {""element"": ""F"", ""value"": -1.0}]",2.678411214953271,3.5035294117647062,1.2397435897435898,1.3293103448275865,-2.2637858220211164,-2.17421906693712,3.03,117.34579439252336,137.30882352941177,82.53846153846153,87.72413793103449,-49.58468559837728,-54.77036199095024,0.6388820155628516,0.6011154958354272,140932070303.39807,27588212314.78623,338557258591.2342,412420172326.5665,12.271808507497257,310969046276.44794,0.0445281735435627,0.0547741593120965,0.0747663551401869,0.2710280373831775,0.5607476635514018,0.0934579439252336,<1E-10,14708.261915887848,14.102564102564104,89.5979381443299,99.23076923076924,0.6193762897414465,11663275161305.402,1073921.521997622,27.215108939983516
ysm,Li8.8Sr8.0Nb15.2Zr0.8O48.0F8.0,"[{""element"": ""Li"", ""value"": 1.0}, {""element"": ""Sr"", ""value"": 2.0}, {""element"": ""Nb"", ""value"": 5.0}, {""element"": ""Zr"", ""value"": 4.0}, {""element"": ""O"", ""value"": -2.0}, {""element"": ""F"", ""value"": -1.0}]",2.686576576576577,3.5171428571428573,1.2685365853658537,1.3743333333333334,-2.248606271777004,-2.142809523809524,3.03,116.42642642642642,137.11785714285713,81.09959349593498,86.08611111111111,-51.031746031746025,-56.01826364692215,0.6278256742403853,0.5914590206251608,161960997021.17224,27290238226.806683,391886682767.6501,489981703237.5726,14.359958293904054,364596444540.8434,0.0453434211691248,0.0565372434990385,0.0900900900900901,0.2702702702702703,0.5405405405405406,0.0990990990990991,<1E-10,14570.039232982983,9.21951219512195,90.21000000000001,66.78048780487804,0.7688576638587279,2974953489109.9795,631190.7066666667,23.932682002237872
e81,Li8.8Sr8.0Ta15.2Zr0.8O48.0F8.0,"[{""element"": ""Li"", ""value"": 1.0}, {""element"": ""Sr"", ""value"": 2.0}, {""element"": ""Ta"", ""value"": 5.0}, {""element"": ""Zr"", ""value"": 4.0}, {""element"": ""O"", ""value"": -2.0}, {""element"": ""F"", ""value"": -1.0}]",2.66945945945946,3.5171428571428573,1.2221951219512197,1.311,-2.294947735191638,-2.2061428571428574,3.03,117.32507507507508,137.11785714285713,83.53252032520327,89.41111111111111,-47.70674603174602,-53.58533681765387,0.6520748863363403,0.6092023465490302,135261524861.33868,27290238226.806683,319602745944.686,391193656246.1883,11.711247930065568,292312507717.8793,0.0425779459440401,0.0527577606914227,0.0900900900900901,0.2702702702702703,0.5405405405405406,0.0990990990990991,<1E-10,14689.334841091091,13.390243902439021,90.21000000000001,95.97560975609755,0.7688576638587279,11909411178744.729,1100688.3066666669,26.825435852329495
3qz,Li56.0La24.0Zr16.0O96.0,"[{""element"": ""Li"", ""value"": 1.0}, {""element"": ""La"", ""value"": 3.0}, {""element"": ""Zr"", ""value"": 4.0}, {""element"": ""O"", ""value"": -2.0}]",2.254166666666667,3.44,1.0683333333333334,1.1920000000000002,-2.3716666666666666,-2.248,2.46,110.15833333333332,138.2,82.11666666666666,102.58,-35.61999999999999,-56.08333333333333,0.7422575976845153,0.594187168355041,86141254143.4846,28978758058.690765,143303750228.27844,169832268285.58978,4.945130841633894,114324992169.58768,0.0234932707707527,0.0356431091090659,0.0,0.2083333333333333,0.5,0.2916666666666667,0.00012,13154.65972222222,7.25,91.3529411764706,57.916666666666664,0.6730116670092565,16965241563.40223,209814.0,18.995422409020712
cjq,Li48.0Sr8.0La16.0Nb16.0O96.0,"[{""element"": ""Li"", ""value"": 1.0}, {""element"": ""Sr"", ""value"": 2.0}, {""element"": ""La"", ""value"": 3.0}, {""element"": ""Nb"", ""value"": 5.0}, {""element"": ""O"", ""value"": -2.0}]",2.326521739130435,3.44,1.1118181818181818,1.27,-2.328181818181818,-2.17,2.49,111.2246376811594,138.2,81.7969696969697,98.95333333333332,-39.246666666666655,-56.40303030303029,0.7160154365653643,0.5918738762443538,119203293913.90234,28978758058.690765,217630060301.40588,329560362152.5685,7.509985757865781,188651302242.71512,0.0283318042575926,0.0445521915889261,0.0,0.217391304347826,0.5217391304347826,0.2608695652173913,4.2e-06,13464.7718115942,7.272727272727273,91.3529411764706,54.909090909090914,1.0549201679861442,13644702540294.99,620715.76,19.48265972550451
uaz,Li48.0Ca8.0La16.0Nb16.0O96.0,"[{""element"": ""Li"", ""value"": 1.0}, {""element"": ""Ca"", ""value"": 2.0}, {""element"": ""La"", ""value"": 3.0}, {""element"": ""Nb"", ""value"": 5.0}, {""element"": ""O"", ""value"": -2.0}]",2.3286956521739133,3.44,1.1163636363636364,1.28,-2.3236363636363637,-2.16,2.46,110.34057971014492,138.2,79.94848484848484,94.88666666666666,-43.31333333333333,-58.25151515151515,0.6865894838398456,0.5784984431872999,120234052549.47748,28978758058.690765,219785282903.063,334301851876.2142,7.584358255033953,190806524844.37225,0.0285940502873597,0.0451291328544136,0.0,0.217391304347826,0.5217391304347826,0.2608695652173913,1.6e-06,13254.071328502414,6.363636363636363,90.3529411764706,51.63636363636363,1.0549201679861442,24972109872925.39,602224.56,18.83123493572737
aax,Li42.0Ba2.0La22.0Ta16.0O96.0,"[{""element"": ""Li"", ""value"": 1.0}, {""element"": ""Ba"", ""value"": 2.0}, {""element"": ""La"", ""value"": 3.0}, {""element"": ""Ta"", ""value"": 5.0}, {""element"": ""O"", ""value"": -2.0}]",2.3673033707865168,3.44,1.1114634146341464,1.2495,-2.3285365853658533,-2.1905,2.55,113.0242910647405,138.2,83.55029036004646,100.40309523809525,-37.79690476190476,-54.64970963995353,0.7265057542553924,0.604560711722478,105984954836.55598,28978758058.690765,196138551064.30063,271511480485.10748,6.7683560029405205,167159793005.60986,0.0288237993116101,0.0435332330332452,0.0,0.2247191011235955,0.5393258426966292,0.2359550561797752,7.41e-06,13797.210103696907,10.609756097560977,90.48529411764707,74.85365853658537,0.8451132568429528,27659954263241.29,1073336.3275000001,21.863434941518637
o86,Li44.0Ba4.0La20.0Ta16.0O96.0,"[{""element"": ""Li"", ""value"": 1.0}, {""element"": ""Ba"", ""value"": 2.0}, {""element"": ""La"", ""value"": 3.0}, {""element"": ""Ta"", ""value"": 5.0}, {""element"": ""O"", ""value"": -2.0}]",2.349555555555556,3.44,1.1033333333333335,1.239,-2.3366666666666664,-2.201,2.55,112.83470899470898,138.2,83.84580498866212,101.82619047619048,-36.37380952380951,-54.354195011337865,0.7368031148783682,0.6066990230728084,105697149514.3807,28978758058.690765,193375311178.02637,269297863839.20792,6.673002023978486,164396553119.33557,0.0282128412000783,0.0429506702238681,0.0,0.2222222222222222,0.5333333333333333,0.2444444444444444,1.41e-05,13778.778501385737,10.333333333333332,90.91176470588236,73.28571428571428,0.9433483923290392,51911175202201.37,1091108.25,21.58373595214119
coi,Li50.0Ba10.0La14.0Ta16.0O96.0,"[{""element"": ""Li"", ""value"": 1.0}, {""element"": ""Ba"", ""value"": 2.0}, {""element"": ""La"", ""value"": 3.0}, {""element"": ""Ta"", ""value"": 5.0}, {""element"": ""O"", ""value"": -2.0}]",2.2986021505376346,3.44,1.0811111111111111,1.2075,-2.358888888888889,-2.2325,2.55,112.29042498719916,138.2,84.65354497354497,106.0954761904762,-32.1045238095238,-53.54645502645502,0.7676951967472952,0.6125437407637119,104870869718.45808,28978758058.690765,185822455488.87656,262657013901.50937,6.41236781481559,156843697430.1858,0.026542889028558,0.041202981795737,0.0,0.2150537634408602,0.5161290322580645,0.2688172043010752,4.99e-05,13725.861965718184,9.57777777777778,92.19117647058823,69.0,1.080527626604172,108695781767605.33,1143306.5474999999,20.800453953839096
3vi,Li52.0Ba12.0La12.0Ta16.0O96.0,"[{""element"": ""Li"", ""value"": 1.0}, {""element"": ""Ba"", ""value"": 2.0}, {""element"": ""La"", ""value"": 3.0}, {""element"": ""Ta"", ""value"": 5.0}, {""element"": ""O"", ""value"": -2.0}]",2.282340425531915,3.44,1.0743478260869566,1.197,-2.3656521739130434,-2.243,2.55,112.11671732522797,138.2,84.89937888198757,107.51857142857143,-30.681428571428555,-53.300621118012415,0.777992557370271,0.6143225678870302,104607163400.61046,28978758058.690765,183523760279.1353,260443397255.60983,6.33304435985297,154545002220.44458,0.0260346427154866,0.04062041898636,0.0,0.2127659574468085,0.5106382978723404,0.2765957446808511,3.08e-05,13708.973709654072,9.347826086956522,92.61764705882354,67.69565217391303,1.0888999753452238,122300965205581.25,1160333.49,20.556504045969263
vwn,Li54.0Ba14.0La10.0Ta16.0O96.0,"[{""element"": ""Li"", ""value"": 1.0}, {""element"": ""Ba"", ""value"": 2.0}, {""element"": ""La"", ""value"": 3.0}, {""element"": ""Ta"", ""value"": 5.0}, {""element"": ""O"", ""value"": -2.0}]",2.266421052631579,3.44,1.067872340425532,1.1865,-2.372127659574468,-2.2535,2.55,111.94666666666666,138.2,85.13475177304964,108.94166666666663,-29.25833333333334,-53.065248226950345,0.7882899179932464,0.6160257002391436,104349008794.7175,28978758058.690765,181322881886.82996,258229780609.7103,6.257096371058972,152344123828.13916,0.0255480239050991,0.0400378561769829,0.0,0.2105263157894736,0.5052631578947369,0.2842105263157894,1.18e-05,13692.44099582289,9.127659574468085,93.04411764705884,66.4468085106383,1.080527626604172,133244639268311.11,1177174.1875,20.32046150899056
tlp,Li56.0Ba16.0La8.0Ta16.0O96.0,"[{""element"": ""Li"", ""value"": 1.0}, {""element"": ""Ba"", ""value"": 2.0}, {""element"": ""La"", ""value"": 3.0}, {""element"": ""Ta"", ""value"": 5.0}, {""element"": ""O"", ""value"": -2.0}]",2.250833333333333,3.44,1.0616666666666663,1.176,-2.3783333333333334,-2.264,2.55,111.78015873015872,138.2,85.36031746031746,110.36476190476188,-27.835238095238097,-52.83968253968253,0.7985872786162221,0.6176578687432523,104096232409.78064,28978758058.690765,179213706760.8705,256016163963.8108,6.184312881798055,150234948702.17975,0.0250816808784777,0.0394552933676059,0.0,0.2083333333333333,0.5,0.2916666666666667,2.85e-06,13676.252713529855,8.916666666666666,93.47058823529412,65.25,1.0549201679861442,141526803955794.97,1193828.64,20.09196301040283
ka6,Li40.0La24.0Ta16.0O96.0,"[{""element"": ""Li"", ""value"": 1.0}, {""element"": ""La"", ""value"": 3.0}, {""element"": ""Ta"", ""value"": 5.0}, {""element"": ""O"", ""value"": -2.0}]",2.3854545454545457,3.44,1.12,1.2600000000000002,-2.32,-2.18,2.46,113.2181818181818,138.2,83.24,98.98,-39.22,-54.96,0.7162083936324167,0.6023154848046309,106279301188.78072,28978758058.690765,199039952944.88867,273725097131.007,6.868477680850658,170061194886.1979,0.0294653053287185,0.0441157958426222,0.0,0.2272727272727272,0.5454545454545454,0.2272727272727272,6.61e-06,13816.060606060604,10.9,90.05882352941177,76.5,0.6730116670092565,747223949035.1819,1055378.1600000001,22.15324015262341
7o7,Li48.0Ba8.0La16.0Ta16.0O96.0,"[{""element"": ""Li"", ""value"": 1.0}, {""element"": ""Ba"", ""value"": 2.0}, {""element"": ""La"", ""value"": 3.0}, {""element"": ""Ta"", ""value"": 5.0}, {""element"": ""O"", ""value"": -2.0}]",2.315217391304348,3.44,1.088181818181818,1.218,-2.3518181818181816,-2.222,2.55,112.4679089026915,138.2,84.3965367965368,104.67238095238096,-33.52761904761904,-53.8034632034632,0.7573978361243195,0.6106840578620608,105140308782.3459,28978758058.690765,188225636844.51517,264870630547.40887,6.495296881367421,159246878785.82437,0.027074237446769,0.041785544605114,0.0,0.217391304347826,0.5217391304347826,0.2608695652173913,2.95e-05,13743.11735778369,9.818181818181818,91.76470588235296,70.36363636363637,1.0549201679861442,92429088954383.39,1126093.36,21.052697487248132
d6f,Li56.0La24.0Zr15.12Al1.2O96.0,"[{""element"": ""Li"", ""value"": 1.0}, {""element"": ""La"", ""value"": 3.0}, {""element"": ""Zr"", ""value"": 4.0}, {""element"": ""Al"", ""value"": 3.0}, {""element"": ""O"", ""value"": -2.0}]",2.2543760399334443,3.44,1.0726910299003325,1.2014285714285715,-2.367308970099668,-2.2385714285714284,2.46,109.90671797004993,138.2,81.70743355481727,101.43998015873017,-36.76001984126984,-56.49256644518272,0.7340085394987711,0.5912260025674188,91759171922.63911,28978758058.690765,154331012983.0527,195964629961.22263,5.325660011739828,125352254924.36194,0.0237548134001443,0.0361714781019908,0.0,0.2096505823627288,0.4991680532445923,0.2911813643926789,0.00034,13118.28006274265,7.116279069767443,91.30281690140845,57.25913621262459,0.7812157893815553,14169252689545.414,212257.99020455993,18.900871060021547
dvs,Li56.48La24.0Y0.48Zr15.52O96.0,"[{""element"": ""Li"", ""value"": 1.0}, {""element"": ""La"", ""value"": 3.0}, {""element"": ""Y"", ""value"": 3.0}, {""element"": ""Zr"", ""value"": 4.0}, {""element"": ""O"", ""value"": -2.0}]",2.250714879467997,3.44,1.067346600331675,1.19068,-2.372653399668325,-2.24932,2.46,110.09671654197838,138.2,82.13325041459369,102.7954,-35.40459999999999,-56.0667495854063,0.7438162083936325,0.5943071665310687,85756546624.8066,28978758058.690765,142251858630.89203,167522493050.3278,4.908832129478735,113273100572.20126,0.0233505134438134,0.0354029199079596,0.0,0.2078137988362427,0.4987531172069825,0.2934330839567747,0.00081,13141.003843862565,7.208955223880597,91.41294117647058,57.67330016583749,0.7269085342811632,103439732168.60779,206667.64929600002,18.946576028156688
3o4,Li50.0La24.0Zr16.0Ga2.0O96.0,"[{""element"": ""Li"", ""value"": 1.0}, {""element"": ""La"", ""value"": 3.0}, {""element"": ""Zr"", ""value"": 4.0}, {""element"": ""Ga"", ""value"": 3.0}, {""element"": ""O"", ""value"": -2.0}]",2.290106382978724,3.44,1.090217391304348,1.2214285714285715,-2.349782608695652,-2.2185714285714284,2.46,110.92765957446808,138.2,82.4695652173913,100.29047619047618,-37.909523809523805,-55.73043478260868,0.7256908552132865,0.596740703454351,91545388290.02264,28978758058.690765,156832306792.282,195495994927.4149,5.41197474628309,127853548733.59125,0.0247451831328548,0.0365670501781405,0.0,0.2234042553191489,0.5106382978723404,0.2659574468085106,0.00035,13320.732269503544,7.782608695652174,91.84057971014492,61.2391304347826,0.8324075743474855,21179186414268.516,272291.04435827665,19.88889894613296
kji,Li51.2La24.0Zr11.2Ta4.8O96.0,"[{""element"": ""Li"", ""value"": 1.0}, {""element"": ""La"", ""value"": 3.0}, {""element"": ""Zr"", ""value"": 4.0}, {""element"": ""Ta"", ""value"": 5.0}, {""element"": ""O"", ""value"": -2.0}]",2.2911965811965813,3.44,1.0819298245614035,1.2124,-2.3580701754385966,-2.2276,2.46,111.02136752136752,138.2,82.41228070175437,101.5,-36.7,-55.78771929824562,0.7344428364688856,0.5963261989996699,91821216130.61942,28978758058.690765,157971171995.80746,201000116939.2149,5.451274746690937,128992413937.1167,0.0250648588123227,0.0381849151291328,0.0,0.2136752136752137,0.5128205128205129,0.2735042735042735,0.001,13341.20868945869,8.210526315789476,90.96470588235294,62.807017543859665,0.9173573878312139,374554946717.8266,508851.4464000001,19.837488189550402
gdr,Li49.6La24.0Zr9.6Ta6.4O96.0,"[{""element"": ""Li"", ""value"": 1.0}, {""element"": ""La"", ""value"": 3.0}, {""element"": ""Zr"", ""value"": 4.0}, {""element"": ""Ta"", ""value"": 5.0}, {""element"": ""O"", ""value"": -2.0}]",2.3039655172413798,3.44,1.0867857142857145,1.2192000000000005,-2.353214285714285,-2.2208,2.46,111.31896551724138,138.2,82.51785714285715,101.14,-37.05999999999999,-55.68214285714284,0.7318379160636759,0.597090138515609,93779823712.39005,28978758058.690765,163209536912.78214,211389399823.75668,5.632040427068453,134230778854.09135,0.0256261402557405,0.0390321838024884,0.0,0.2155172413793103,0.5172413793103449,0.2672413793103448,0.00032,13405.535919540229,8.553571428571429,90.83529411764707,64.55357142857143,0.9422163338129591,467368259309.7032,599889.0336,20.13642869935881
v1q,Li54.4La24.0Zr14.4Ta1.6O96.0,"[{""element"": ""Li"", ""value"": 1.0}, {""element"": ""La"", ""value"": 3.0}, {""element"": ""Zr"", ""value"": 4.0}, {""element"": ""Ta"", ""value"": 5.0}, {""element"": ""O"", ""value"": -2.0}]",2.266302521008404,3.44,1.0727118644067797,1.1988,-2.3672881355932205,-2.2412,2.46,110.44117647058825,138.2,82.21186440677965,102.22,-35.97999999999999,-55.988135593220335,0.7396526772793054,0.5948760087321249,88002754290.52878,28978758058.690765,148027157238.16068,180221551170.1315,5.108126336482773,119048399179.46992,0.0239993753943092,0.0364903777824215,0.0,0.2100840336134453,0.5042016806722689,0.2857142857142857,0.00073,13215.797619047618,7.559322033898306,91.22352941176472,59.49152542372883,0.8030448563658358,149353437844.6761,313813.9296,19.267380051495987
4vd,Li54.0La24.0Zr14.0Ta2.0O96.0,"[{""element"": ""Li"", ""value"": 1.0}, {""element"": ""La"", ""value"": 3.0}, {""element"": ""Zr"", ""value"": 4.0}, {""element"": ""Ta"", ""value"": 5.0}, {""element"": ""O"", ""value"": -2.0}]",2.2693684210526315,3.44,1.0738297872340428,1.2005,-2.366170212765957,-2.2395,2.46,110.51263157894736,138.2,82.23617021276596,102.13,-36.06999999999999,-55.96382978723403,0.7390014471780029,0.5950518828709549,88473028011.88731,28978758058.690765,149233133496.00293,182818871891.2669,5.149742207508018,120254375437.31216,0.0241285935960683,0.0367021949507605,0.0,0.2105263157894736,0.5052631578947369,0.2842105263157894,0.00063,13231.24298245614,7.638297872340425,91.19117647058823,59.89361702127659,0.8237197315118312,180389295056.17178,339138.79000000004,19.33669903280714
5xk,Li53.2La24.0Zr13.2Ta2.8O96.0,"[{""element"": ""Li"", ""value"": 1.0}, {""element"": ""La"", ""value"": 3.0}, {""element"": ""Zr"", ""value"": 4.0}, {""element"": ""Ta"", ""value"": 5.0}, {""element"": ""O"", ""value"": -2.0}]",2.2755391120507404,3.44,1.0760944206008582,1.2039000000000002,-2.363905579399142,-2.2360999999999995,2.46,110.65644820295982,138.2,82.28540772532187,101.95,-36.25,-55.914592274678114,0.7376989869753979,0.5954081600963956,89419540871.78862,28978758058.690765,151676141194.29285,188013513333.53775,5.234045602889631,122697383135.60208,0.0243903575069279,0.0371258292874383,0.0,0.2114164904862579,0.5073995771670191,0.281183932346723,0.00046,13262.329633544747,7.798283261802575,91.12647058823529,60.708154506437765,0.8585022429370206,239987579248.57584,388978.3644,19.476973327683552
2wb,Li52.8La24.0Zr12.8Ta3.2O96.0,"[{""element"": ""Li"", ""value"": 1.0}, {""element"": ""La"", ""value"": 3.0}, {""element"": ""Zr"", ""value"": 4.0}, {""element"": ""Ta"", ""value"": 5.0}, {""element"": ""O"", ""value"": -2.0}]",2.27864406779661,3.44,1.0772413793103448,1.2056,-2.362758620689655,-2.2344,2.46,110.72881355932202,138.2,82.31034482758622,101.86,-36.33999999999999,-55.88965517241377,0.7370477568740955,0.5955886022256601,89895805287.52286,28978758058.690765,152913440351.83194,190610834054.67325,5.276742365636784,123934682293.14116,0.0245229319014365,0.0373376464557772,0.0,0.211864406779661,0.5084745762711864,0.2796610169491525,0.00047,13277.971751412428,7.8793103448275845,91.09411764705882,61.120689655172406,0.8731726364245317,268550006229.48425,413493.07840000006,19.547940637156557
zfg,Li52.4La24.0Zr12.4Ta3.6O96.0,"[{""element"": ""Li"", ""value"": 1.0}, {""element"": ""La"", ""value"": 3.0}, {""element"": ""Zr"", ""value"": 4.0}, {""element"": ""Ta"", ""value"": 5.0}, {""element"": ""O"", ""value"": -2.0}]",2.2817622080679407,3.44,1.0783982683982685,1.2073,-2.3616017316017315,-2.2327,2.46,110.80148619957536,138.2,82.33549783549782,101.77,-36.42999999999999,-55.86450216450217,0.7363965267727931,0.5957706066244416,90374092057.46404,28978758058.690765,154161452056.1895,193208154775.80865,5.319808797325471,125182693997.49876,0.0246566541262006,0.0375494636241161,0.0,0.2123142250530785,0.5095541401273885,0.2781316348195329,0.0004,13293.680290162773,7.961038961038961,91.06176470588235,61.53679653679654,0.8862772033041759,296287956466.8635,437737.7436000001,19.619469524862293
6hq,Li48.0La24.0Zr8.0Ta8.0O96.0,"[{""element"": ""Li"", ""value"": 1.0}, {""element"": ""La"", ""value"": 3.0}, {""element"": ""Zr"", ""value"": 4.0}, {""element"": ""Ta"", ""value"": 5.0}, {""element"": ""O"", ""value"": -2.0}]",2.3169565217391304,3.44,1.0918181818181818,1.2260000000000002,-2.348181818181818,-2.2139999999999995,2.46,111.62173913043478,138.2,82.62727272727273,100.78,-37.41999999999999,-55.57272727272726,0.7292329956584661,0.5978818576503092,95772494034.71317,28978758058.690765,168638387826.7376,221778682708.2984,5.81937940491424,139659629768.04684,0.0262078319334644,0.0398794524758441,0.0,0.217391304347826,0.5217391304347826,0.2608695652173913,0.00035,13470.98188405797,8.909090909090908,90.70588235294119,66.36363636363636,0.9502705392332347,546989944005.114,686605.8400000001,20.445191652913408
hcm,Li40.0La24.0Ta16.0O96.0,"[{""element"": ""Li"", ""value"": 1.0}, {""element"": ""La"", ""value"": 3.0}, {""element"": ""Ta"", ""value"": 5.0}, {""element"": ""O"", ""value"": -2.0}]",2.3854545454545457,3.44,1.12,1.2600000000000002,-2.32,-2.18,2.46,113.2181818181818,138.2,83.24,98.98,-39.22,-54.96,0.7162083936324167,0.6023154848046309,106279301188.78072,28978758058.690765,199039952944.88867,273725097131.007,6.868477680850658,170061194886.1979,0.0294653053287185,0.0441157958426222,0.0,0.2272727272727272,0.5454545454545454,0.2272727272727272,3.4e-05,13816.060606060604,10.9,90.05882352941177,76.5,0.6730116670092565,747223949035.1819,1055378.1600000001,22.15324015262341
e6a,Li53.6La24.0Zr13.6Ta2.4O96.0,"[{""element"": ""Li"", ""value"": 1.0}, {""element"": ""La"", ""value"": 3.0}, {""element"": ""Zr"", ""value"": 4.0}, {""element"": ""Ta"", ""value"": 5.0}, {""element"": ""O"", ""value"": -2.0}]",2.2724472573839662,3.44,1.074957264957265,1.2022,-2.365042735042735,-2.2378,2.46,110.584388185654,138.2,82.26068376068378,102.04,-36.16,-55.93931623931621,0.7383502170767005,0.5952292602075527,88945286010.55115,28978758058.690765,150449417243.22845,185416192612.4024,5.191713769738606,121470659184.53767,0.0242589162269022,0.0369140121190994,0.0,0.2109704641350211,0.5063291139240507,0.2827004219409282,0.00069,13246.753516174402,7.717948717948716,91.15882352941176,60.299145299145295,0.8420953021316527,210600675524.13837,364193.60159999994,19.406561472706226
g5q,Li52.0La24.0Zr12.0Ta4.0O96.0,"[{""element"": ""Li"", ""value"": 1.0}, {""element"": ""La"", ""value"": 3.0}, {""element"": ""Zr"", ""value"": 4.0}, {""element"": ""Ta"", ""value"": 5.0}, {""element"": ""O"", ""value"": -2.0}]",2.2848936170212766,3.44,1.0795652173913042,1.209,-2.360434782608696,-2.231,2.46,110.87446808510636,138.2,82.36086956521739,101.68,-36.52,-55.83913043478261,0.7357452966714906,0.5959541936701692,90854414090.25604,28978758058.690765,155420316036.23718,195805475496.9441,5.363249719724495,126441557977.54642,0.0247915391529192,0.037761280792455,0.0,0.2127659574468085,0.5106382978723404,0.2765957446808511,0.00028,13309.455673758863,8.043478260869566,91.02941176470588,61.95652173913044,0.8979457248567797,323201429960.7137,461712.36000000004,19.691566200277112
r07,Li54.0La24.0Zr15.0Te1.0O96.0,"[{""element"": ""Li"", ""value"": 1.0}, {""element"": ""La"", ""value"": 3.0}, {""element"": ""Zr"", ""value"": 4.0}, {""element"": ""O"", ""value"": -2.0}, {""element"": ""Te"", ""value"": 6.0}]",2.2716315789473684,3.44,1.078404255319149,1.2112500000000002,-2.3615957446808507,-2.22875,2.46,110.4915789473684,138.2,82.1936170212766,102.03,-36.16999999999999,-56.006382978723394,0.7382778581765558,0.5947439726575731,90919473451.81888,28978758058.690765,154178076406.5029,194439487730.94183,5.32038247098946,125199318347.81212,0.0242721826619515,0.0370396292555861,0.0,0.2105263157894736,0.5052631578947369,0.2842105263157894,0.00033,13229.65350877193,7.48936170212766,91.28676470588235,58.95744680851064,0.7665283304918402,13261148220981.182,218534.36306775,19.231732294047895
uht,Li52.0La24.0Zr14.0Te2.0O96.0,"[{""element"": ""Li"", ""value"": 1.0}, {""element"": ""La"", ""value"": 3.0}, {""element"": ""Zr"", ""value"": 4.0}, {""element"": ""O"", ""value"": -2.0}, {""element"": ""Te"", ""value"": 6.0}]",2.289468085106383,3.44,1.088913043478261,1.2305,-2.3510869565217387,-2.2095,2.46,110.831914893617,138.2,82.27391304347826,101.48,-36.72,-55.92608695652173,0.7342981186685962,0.5953249858428239,95799357000.756,28978758058.690765,165525199375.08493,219046707176.29388,5.711949388577876,136546441316.39417,0.0250849602875502,0.0384361494021062,0.0,0.2127659574468085,0.5106382978723404,0.2765957446808511,0.00102,13306.242907801416,7.739130434782609,91.22058823529412,60.04347826086957,0.8237197315118312,25816540596175.71,224786.000491,19.47610458398468
kbq,Li40.0La24.0Bi16.0O96.0,"[{""element"": ""Li"", ""value"": 1.0}, {""element"": ""La"", ""value"": 3.0}, {""element"": ""O"", ""value"": -2.0}, {""element"": ""Bi"", ""value"": 5.0}]",2.421818181818182,3.44,1.2,1.42,-2.24,-2.02,2.46,113.85454545454544,138.2,84.64,101.78,-36.41999999999999,-53.55999999999999,0.7364688856729379,0.6124457308248915,92962628282.7005,28978758058.690765,169743272551.5122,215131736344.2541,5.857506805768924,140764514492.82144,0.0281304464423722,0.0414460780699296,0.0,0.2272727272727272,0.5454545454545454,0.2272727272727272,1.9e-05,13908.333333333332,12.3,92.05882352941177,76.5,0.6730116670092565,103458999443646.92,100963.6704,22.445216876788955
uw9,Li48.0La16.0Sr8.0Bi16.0O96.0,"[{""element"": ""Li"", ""value"": 1.0}, {""element"": ""La"", ""value"": 3.0}, {""element"": ""Sr"", ""value"": 2.0}, {""element"": ""O"", ""value"": -2.0}, {""element"": ""Bi"", ""value"": 5.0}]",2.3526086956521737,3.44,1.1663636363636365,1.39,-2.2736363636363635,-2.05,2.49,112.28985507246377,138.2,84.02424242424242,103.85333333333332,-34.346666666666664,-54.17575757575757,0.751471297636276,0.6079901767311319,92902030540.39072,28978758058.690765,162636509611.33612,208574550634.41504,5.612266380841716,133657751552.64536,0.0260332771912637,0.0394954320430024,0.0,0.217391304347826,0.5217391304347826,0.2608695652173913,2e-05,13613.635942028983,10.181818181818183,93.3529411764706,66.36363636363637,1.0549201679861442,127169157215328.83,89395.54240000002,20.90557706173926
vqu,Li40.0Nd24.0Sb16.0O96.0,"[{""element"": ""Li"", ""value"": 1.0}, {""element"": ""Nd"", ""value"": 3.0}, {""element"": ""O"", ""value"": -2.0}, {""element"": ""Sb"", ""value"": 5.0}]",2.440909090909091,3.44,1.242,1.504,-2.198,-1.936,2.46,111.3,138.2,79.02000000000001,90.54,-47.65999999999998,-59.17999999999998,0.6551374819102751,0.5717800289435602,136021755067.28252,28978758058.690765,264473351477.59268,404591894196.4149,9.126455693579208,235494593418.90192,0.0321894933707377,0.0495641719266606,0.0,0.2272727272727272,0.5454545454545454,0.2272727272727272,1.3e-07,13457.661818181816,10.0,91.64705882352942,67.69999999999999,0.6730116670092565,119335407428899.03,37109.27241600001,21.479741392211796
xog,Li40.0La24.0Sb16.0O96.0,"[{""element"": ""Li"", ""value"": 1.0}, {""element"": ""La"", ""value"": 3.0}, {""element"": ""O"", ""value"": -2.0}, {""element"": ""Sb"", ""value"": 5.0}]",2.435454545454545,3.44,1.23,1.48,-2.21,-1.96,2.46,112.4,138.2,81.44,95.38,-42.81999999999999,-56.75999999999999,0.6901591895803184,0.5892908827785818,133842997914.97076,28978758058.690765,259680085742.5068,395005362726.2432,8.961049511389547,230701327683.816,0.0316392183721968,0.0484636219295787,0.0,0.2272727272727272,0.5454545454545454,0.2272727272727272,7.8e-06,13710.51515151515,10.3,90.76470588235296,67.69999999999999,0.6730116670092565,118834483689803.34,20075.570016000005,21.369602805983842
bi3,Li48.0Sr8.0La16.0Sb16.0O96.0,"[{""element"": ""Li"", ""value"": 1.0}, {""element"": ""Sr"", ""value"": 2.0}, {""element"": ""La"", ""value"": 3.0}, {""element"": ""O"", ""value"": -2.0}, {""element"": ""Sb"", ""value"": 5.0}]",2.365652173913044,3.44,1.1936363636363636,1.45,-2.246363636363636,-1.99,2.49,110.89855072463769,138.2,81.11515151515151,97.45333333333332,-40.746666666666655,-57.08484848484848,0.7051616015436566,0.5869403148708503,132004992797.34488,28978758058.690765,244397248875.87665,388448177016.4042,8.433668840496829,215418490817.18588,0.0292230698547406,0.0465129759026516,0.0,0.217391304347826,0.5217391304347826,0.2608695652173913,6.3e-06,13424.418550724635,8.363636363636363,92.05882352941177,58.363636363636374,1.0549201679861442,143883288204992.12,16730.056416000007,19.94628776330669
gcj,Li48.0La16.0Ca8.0Nb16.0O96.0,"[{""element"": ""Li"", ""value"": 1.0}, {""element"": ""La"", ""value"": 3.0}, {""element"": ""Ca"", ""value"": 2.0}, {""element"": ""Nb"", ""value"": 5.0}, {""element"": ""O"", ""value"": -2.0}]",2.3286956521739133,3.44,1.1163636363636364,1.28,-2.3236363636363637,-2.16,2.46,110.34057971014492,138.2,79.94848484848484,94.88666666666666,-43.31333333333333,-58.25151515151515,0.6865894838398456,0.5784984431872999,120234052549.47748,28978758058.690765,219785282903.063,334301851876.2142,7.584358255033953,190806524844.37225,0.0285940502873597,0.0451291328544136,0.0,0.217391304347826,0.5217391304347826,0.2608695652173913,1.33e-06,13254.071328502414,6.363636363636363,90.3529411764706,51.63636363636364,1.0549201679861442,24972109872925.39,602224.56,18.83123493572737
20k,Li48.0La16.0Sr8.0Nb16.0O96.0,"[{""element"": ""Li"", ""value"": 1.0}, {""element"": ""La"", ""value"": 3.0}, {""element"": ""Sr"", ""value"": 2.0}, {""element"": ""Nb"", ""value"": 5.0}, {""element"": ""O"", ""value"": -2.0}]",2.326521739130435,3.44,1.1118181818181818,1.27,-2.328181818181818,-2.17,2.49,111.2246376811594,138.2,81.7969696969697,98.95333333333332,-39.246666666666655,-56.40303030303029,0.7160154365653643,0.5918738762443538,119203293913.90234,28978758058.690765,217630060301.40588,329560362152.5685,7.509985757865781,188651302242.71512,0.0283318042575926,0.0445521915889261,0.0,0.217391304347826,0.5217391304347826,0.2608695652173913,3.69e-06,13464.7718115942,7.272727272727273,91.3529411764706,54.909090909090914,1.0549201679861442,13644702540294.99,620715.76,19.48265972550451
jej,Li48.0Ca8.0La16.0Ta16.0O96.0,"[{""element"": ""Li"", ""value"": 1.0}, {""element"": ""Ca"", ""value"": 2.0}, {""element"": ""La"", ""value"": 3.0}, {""element"": ""Ta"", ""value"": 5.0}, {""element"": ""O"", ""value"": -2.0}]",2.32,3.44,1.098181818181818,1.24,-2.341818181818182,-2.2,2.46,110.79710144927536,138.2,80.90303030303029,96.98666666666664,-41.21333333333334,-57.2969696969697,0.7017848528702363,0.5854054291102048,106670476303.52084,28978758058.690765,191425078025.15363,271909401144.8136,6.605703309902372,162446319966.46286,0.0275090312995274,0.0427420910811826,0.0,0.217391304347826,0.5217391304347826,0.2608695652173913,2.2e-06,13314.674589371978,8.0,90.3529411764706,63.09090909090909,1.0549201679861442,2697479748415.537,1082522.1600000001,19.95507695188962
hud,Li48.0Ba8.0La16.0Ta16.0O96.0,"[{""element"": ""Li"", ""value"": 1.0}, {""element"": ""Ba"", ""value"": 2.0}, {""element"": ""La"", ""value"": 3.0}, {""element"": ""Ta"", ""value"": 5.0}, {""element"": ""O"", ""value"": -2.0}]",2.315217391304348,3.44,1.088181818181818,1.218,-2.3518181818181816,-2.222,2.55,112.4679089026915,138.2,84.3965367965368,104.67238095238096,-33.52761904761904,-53.8034632034632,0.7573978361243195,0.6106840578620608,105140308782.3459,28978758058.690765,188225636844.51517,264870630547.40887,6.495296881367421,159246878785.82437,0.027074237446769,0.041785544605114,0.0,0.217391304347826,0.5217391304347826,0.2608695652173913,1.3e-05,13743.11735778369,9.818181818181818,91.76470588235296,70.36363636363637,1.0549201679861442,92429088954383.39,1126093.36,21.052697487248132
4uu,Li49.2La24.0Zr14.0Ta2.0Ga1.6O96.0,"[{""element"": ""Li"", ""value"": 1.0}, {""element"": ""La"", ""value"": 3.0}, {""element"": ""Zr"", ""value"": 4.0}, {""element"": ""Ta"", ""value"": 5.0}, {""element"": ""Ga"", ""value"": 3.0}, {""element"": ""O"", ""value"": -2.0}]",2.298565310492505,3.44,1.091762114537445,1.2239423076923075,-2.348237885462555,-2.216057692307692,2.46,111.13811563169163,138.2,82.52643171806167,100.2980769230769,-37.90192307692308,-55.67356828193832,0.7257458532784147,0.5971521831987097,92864052915.62505,28978758058.690765,160407976993.44104,203047781732.5227,5.535364099060639,131429218934.75027,0.0251657497953163,0.0374077209741786,0.0,0.2226980728051391,0.5139186295503212,0.2633832976445396,0.00041,13366.266416845108,8.083700440528634,91.5843023255814,62.65638766519824,0.9550618328711267,17269202300545.566,390746.8541457101,20.071823579338453
sdz,Li49.2La24.0Zr14.0Ta2.0Al1.6O96.0,"[{""element"": ""Li"", ""value"": 1.0}, {""element"": ""La"", ""value"": 3.0}, {""element"": ""Zr"", ""value"": 4.0}, {""element"": ""Ta"", ""value"": 5.0}, {""element"": ""Al"", ""value"": 3.0}, {""element"": ""O"", ""value"": -2.0}]",2.2968522483940044,3.44,1.0882378854625552,1.21625,-2.3517621145374448,-2.22375,2.46,111.06745182012844,138.2,82.38105726872247,99.98076923076924,-38.21923076923076,-55.81894273127752,0.7234498497161305,0.5961002696723768,96726730674.0947,28978758058.690765,168354543130.90942,220392690513.3431,5.809584482190039,139375785072.21866,0.0253387717037785,0.0377853745628414,0.0,0.2226980728051391,0.5139186295503212,0.2633832976445396,0.00037,13359.14703783012,7.9074889867841405,91.5843023255814,62.16299559471366,0.9550618328711267,18139467644435.906,343785.52503328404,19.90926711820423
7w5,Li54.0La24.0Zr14.0Ta2.0O96.0,"[{""element"": ""Li"", ""value"": 1.0}, {""element"": ""La"", ""value"": 3.0}, {""element"": ""Zr"", ""value"": 4.0}, {""element"": ""Ta"", ""value"": 5.0}, {""element"": ""O"", ""value"": -2.0}]",2.2693684210526315,3.44,1.0738297872340428,1.2005,-2.366170212765957,-2.2395,2.46,110.51263157894736,138.2,82.23617021276596,102.13,-36.06999999999999,-55.96382978723403,0.7390014471780029,0.5950518828709549,88473028011.88731,28978758058.690765,149233133496.00293,182818871891.2669,5.149742207508018,120254375437.31216,0.0241285935960683,0.0367021949507605,0.0,0.2105263157894736,0.5052631578947369,0.2842105263157894,0.00087,13231.24298245614,7.638297872340425,91.19117647058823,59.89361702127659,0.8237197315118312,180389295056.17178,339138.79000000004,19.33669903280714
etz,Li56.0La24.0Zr16.0O96.0,"[{""element"": ""Li"", ""value"": 1.0}, {""element"": ""La"", ""value"": 3.0}, {""element"": ""Zr"", ""value"": 4.0}, {""element"": ""O"", ""value"": -2.0}]",2.254166666666667,3.44,1.0683333333333334,1.1920000000000002,-2.3716666666666666,-2.248,2.46,110.15833333333332,138.2,82.11666666666666,102.58,-35.61999999999999,-56.08333333333333,0.7422575976845153,0.594187168355041,86141254143.4846,28978758058.690765,143303750228.27844,169832268285.58978,4.945130841633894,114324992169.58768,0.0234932707707527,0.0356431091090659,0.0,0.2083333333333333,0.5,0.2916666666666667,1.97e-06,13154.65972222222,7.25,91.3529411764706,57.916666666666664,0.6730116670092565,16965241563.40223,209814.0,18.995422409020712
ner,Li48.0Ba8.0La16.0Ta16.0O96.0,"[{""element"": ""Li"", ""value"": 1.0}, {""element"": ""Ba"", ""value"": 2.0}, {""element"": ""La"", ""value"": 3.0}, {""element"": ""Ta"", ""value"": 5.0}, {""element"": ""O"", ""value"": -2.0}]",2.315217391304348,3.44,1.088181818181818,1.218,-2.3518181818181816,-2.222,2.55,112.4679089026915,138.2,84.3965367965368,104.67238095238096,-33.52761904761904,-53.8034632034632,0.7573978361243195,0.6106840578620608,105140308782.3459,28978758058.690765,188225636844.51517,264870630547.40887,6.495296881367421,159246878785.82437,0.027074237446769,0.041785544605114,0.0,0.217391304347826,0.5217391304347826,0.2608695652173913,1.69e-05,13743.11735778369,9.818181818181818,91.76470588235296,70.36363636363637,1.0549201679861442,92429088954383.39,1126093.36,21.052697487248132
z2s,Nd24.0Zr16.0Al4.0Li44.0O96.0,"[{""element"": ""Nd"", ""value"": 3.0}, {""element"": ""Zr"", ""value"": 4.0}, {""element"": ""Al"", ""value"": 3.0}, {""element"": ""Li"", ""value"": 1.0}, {""element"": ""O"", ""value"": -2.0}]",2.328478260869565,3.44,1.1159090909090907,1.2518181818181815,-2.324090909090909,-2.1881818181818184,2.46,110.49891304347824,138.2,80.27954545454546,93.05909090909093,-45.14090909090908,-57.92045454545453,0.6733653466649125,0.5808939613208789,109072157464.7373,28978758058.690765,196446774998.60623,268538741238.44217,6.778992205281607,167468016939.9155,0.0270574735858775,0.0393001323569402,0.0,0.2391304347826087,0.5217391304347826,0.2391304347826087,3.9e-05,13234.09635869565,7.636363636363636,93.17142857142858,63.590909090909086,0.9164648855394713,40632956376640.99,190694.1822231405,20.54058046648674
72f,Li50.08Al1.92La24.0Zr16.0O96.0,"[{""element"": ""Li"", ""value"": 1.0}, {""element"": ""Al"", ""value"": 3.0}, {""element"": ""La"", ""value"": 3.0}, {""element"": ""Zr"", ""value"": 4.0}, {""element"": ""O"", ""value"": -2.0}]",2.2877106382978725,3.44,1.0853217391304348,1.2111450381679392,-2.354678260869565,-2.2288549618320608,2.46,110.84893617021277,138.2,82.30869565217391,100.0,-38.19999999999999,-55.89130434782608,0.7235890014471781,0.595576668973762,95902327592.2468,28978758058.690765,165735617540.30527,215171469252.59705,5.719210506007208,136756859481.6145,0.0249151177264033,0.0369815101360491,0.0,0.2229787234042553,0.5106382978723404,0.2663829787234043,0.00021,13312.91843971631,7.565217391304349,91.82134570765662,60.606956521739136,0.8281491124988698,21443545148988.555,217745.14571848963,19.677664823215224
sqm,Li48.0Ba4.0Sr4.0La16.0Ta16.0O96.0,"[{""element"": ""Li"", ""value"": 1.0}, {""element"": ""Ba"", ""value"": 2.0}, {""element"": ""Sr"", ""value"": 2.0}, {""element"": ""La"", ""value"": 3.0}, {""element"": ""Ta"", ""value"": 5.0}, {""element"": ""O"", ""value"": -2.0}]",2.316521739130435,3.44,1.0909090909090908,1.224,-2.349090909090909,-2.216,2.55,112.07453416149066,138.2,83.57402597402597,102.86285714285714,-35.33714285714285,-54.62597402597402,0.7443043208600373,0.6047324600146597,105390013225.1458,28978758058.690765,188747746134.00583,266019270984.2884,6.513313847050811,159768988075.31506,0.0271605113582647,0.0419753472104045,0.0,0.217391304347826,0.5217391304347826,0.2608695652173913,7.1e-06,13634.246215123729,9.363636363636363,91.55882352941177,68.36363636363637,1.1935496040981333,52952085101392.625,1116386.36,20.848043298803283
zxr,Li48.0Sr8.0La16.0Ta16.0O96.0,"[{""element"": ""Li"", ""value"": 1.0}, {""element"": ""Sr"", ""value"": 2.0}, {""element"": ""La"", ""value"": 3.0}, {""element"": ""Ta"", ""value"": 5.0}, {""element"": ""O"", ""value"": -2.0}]",2.3178260869565217,3.44,1.0936363636363635,1.23,-2.346363636363636,-2.21,2.49,111.68115942028984,138.2,82.75151515151515,101.05333333333331,-37.14666666666666,-55.44848484848484,0.7312108055957549,0.5987808621672588,105639717667.9457,28978758058.690765,189269855423.49652,267167911421.1679,6.531330812734201,160291097364.8058,0.0272467852697603,0.042165149815695,0.0,0.217391304347826,0.5217391304347826,0.2608695652173913,5.4e-06,13525.375072463765,8.90909090909091,91.3529411764706,66.36363636363637,1.0549201679861442,7382102695578.573,1106629.36,20.645378562630448
h89,Li48.0Ba8.0La16.0Ta16.0O96.0,"[{""element"": ""Li"", ""value"": 1.0}, {""element"": ""Ba"", ""value"": 2.0}, {""element"": ""La"", ""value"": 3.0}, {""element"": ""Ta"", ""value"": 5.0}, {""element"": ""O"", ""value"": -2.0}]",2.315217391304348,3.44,1.088181818181818,1.218,-2.3518181818181816,-2.222,2.55,112.4679089026915,138.2,84.3965367965368,104.67238095238096,-33.52761904761904,-53.8034632034632,0.7573978361243195,0.6106840578620608,105140308782.3459,28978758058.690765,188225636844.51517,264870630547.40887,6.495296881367421,159246878785.82437,0.027074237446769,0.041785544605114,0.0,0.217391304347826,0.5217391304347826,0.2608695652173913,1.5e-05,13743.11735778369,9.818181818181818,91.76470588235296,70.36363636363637,1.0549201679861442,92429088954383.39,1126093.36,21.052697487248132
l9r,Li48.0Ca8.0La16.0Ta16.0O96.0,"[{""element"": ""Li"", ""value"": 1.0}, {""element"": ""Ca"", ""value"": 2.0}, {""element"": ""La"", ""value"": 3.0}, {""element"": ""Ta"", ""value"": 5.0}, {""element"": ""O"", ""value"": -2.0}]",2.32,3.44,1.098181818181818,1.24,-2.341818181818182,-2.2,2.46,110.79710144927536,138.2,80.90303030303029,96.98666666666664,-41.21333333333334,-57.2969696969697,0.7017848528702363,0.5854054291102048,106670476303.52084,28978758058.690765,191425078025.15363,271909401144.8136,6.605703309902372,162446319966.46286,0.0275090312995274,0.0427420910811826,0.0,0.217391304347826,0.5217391304347826,0.2608695652173913,2.2e-06,13314.674589371978,8.0,90.3529411764706,63.09090909090909,1.0549201679861442,2697479748415.537,1082522.1600000001,19.95507695188962
544,Li48.0Ba8.0La16.0Ta16.0O96.0,"[{""element"": ""Li"", ""value"": 1.0}, {""element"": ""Ba"", ""value"": 2.0}, {""element"": ""La"", ""value"": 3.0}, {""element"": ""Ta"", ""value"": 5.0}, {""element"": ""O"", ""value"": -2.0}]",2.315217391304348,3.44,1.088181818181818,1.218,-2.3518181818181816,-2.222,2.55,112.4679089026915,138.2,84.3965367965368,104.67238095238096,-33.52761904761904,-53.8034632034632,0.7573978361243195,0.6106840578620608,105140308782.3459,28978758058.690765,188225636844.51517,264870630547.40887,6.495296881367421,159246878785.82437,0.027074237446769,0.041785544605114,0.0,0.217391304347826,0.5217391304347826,0.2608695652173913,4e-05,13743.11735778369,9.818181818181818,91.76470588235296,70.36363636363637,1.0549201679861442,92429088954383.39,1126093.36,21.052697487248132
ps0,Li48.0Sr8.0La16.0Ta16.0O96.0,"[{""element"": ""Li"", ""value"": 1.0}, {""element"": ""Sr"", ""value"": 2.0}, {""element"": ""La"", ""value"": 3.0}, {""element"": ""Ta"", ""value"": 5.0}, {""element"": ""O"", ""value"": -2.0}]",2.3178260869565217,3.44,1.0936363636363635,1.23,-2.346363636363636,-2.21,2.49,111.68115942028984,138.2,82.75151515151515,101.05333333333331,-37.14666666666666,-55.44848484848484,0.7312108055957549,0.5987808621672588,105639717667.9457,28978758058.690765,189269855423.49652,267167911421.1679,6.531330812734201,160291097364.8058,0.0272467852697603,0.042165149815695,0.0,0.217391304347826,0.5217391304347826,0.2608695652173913,7e-06,13525.375072463765,8.90909090909091,91.3529411764706,66.36363636363637,1.0549201679861442,7382102695578.573,1106629.36,20.645378562630448
gz8,Li40.0La24.0Ta16.0O96.0,"[{""element"": ""Li"", ""value"": 1.0}, {""element"": ""La"", ""value"": 3.0}, {""element"": ""Ta"", ""value"": 5.0}, {""element"": ""O"", ""value"": -2.0}]",2.3854545454545457,3.44,1.12,1.2600000000000002,-2.32,-2.18,2.46,113.2181818181818,138.2,83.24,98.98,-39.22,-54.96,0.7162083936324167,0.6023154848046309,106279301188.78072,28978758058.690765,199039952944.88867,273725097131.007,6.868477680850658,170061194886.1979,0.0294653053287185,0.0441157958426222,0.0,0.2272727272727272,0.5454545454545454,0.2272727272727272,1.59e-05,13816.060606060604,10.9,90.05882352941177,76.5,0.6730116670092565,747223949035.1819,1055378.1600000001,22.15324015262341
419,Li42.4La24.0Ta14.8Sm1.2O96.0,"[{""element"": ""Li"", ""value"": 1.0}, {""element"": ""La"", ""value"": 3.0}, {""element"": ""Ta"", ""value"": 5.0}, {""element"": ""Sm"", ""value"": 3.0}, {""element"": ""O"", ""value"": -2.0}]",2.3643273542600896,3.44,1.1111165048543687,1.2501000000000002,-2.3288834951456314,-2.1899,2.46,112.86937219730942,138.2,83.35796116504854,100.1674,-38.0326,-54.84203883495145,0.7248002894356005,0.6031690388209012,103209888914.06432,28978758058.690765,189692759813.52863,258950987931.5724,6.545924412265816,160714001754.83786,0.0283856642879716,0.0427707647295179,0.0,0.2242152466367712,0.5381165919282511,0.2376681614349775,7.11e-06,13738.766851718981,10.538834951456312,90.39411764705883,74.53398058252428,0.7795654523164246,8170654898241.007,1018632.2474999998,21.782906741765526
c0g,Li44.0La24.0Ta14.0Sm2.0O96.0,"[{""element"": ""Li"", ""value"": 1.0}, {""element"": ""La"", ""value"": 3.0}, {""element"": ""Ta"", ""value"": 5.0}, {""element"": ""Sm"", ""value"": 3.0}, {""element"": ""O"", ""value"": -2.0}]",2.350555555555556,3.44,1.1054761904761905,1.2435000000000005,-2.3345238095238097,-2.1964999999999995,2.46,112.64199999999998,138.2,83.43285714285715,100.959,-37.241,-54.76714285714285,0.7305282199710564,0.6037109778788506,101209086838.69362,28978758058.690765,183758034015.83972,249101581798.6161,6.341128686180204,154779275957.149,0.0277001779128942,0.0418740773207816,0.0,0.2222222222222222,0.5333333333333333,0.2444444444444444,5.17e-06,13688.382774814814,10.309523809523808,90.61764705882354,73.28571428571429,0.8237197315118312,12827179724668.404,990351.9475,21.54484374957442
kbu,Li45.6La24.0Ta13.2Sm2.8O96.0,"[{""element"": ""Li"", ""value"": 1.0}, {""element"": ""La"", ""value"": 3.0}, {""element"": ""Ta"", ""value"": 5.0}, {""element"": ""Sm"", ""value"": 3.0}, {""element"": ""O"", ""value"": -2.0}]",2.3370264317180616,3.44,1.1000467289719629,1.2369,-2.3399532710280373,-2.2031,2.46,112.41863436123349,138.2,83.50495327102804,101.7506,-36.4494,-54.695046728971946,0.7362561505065123,0.6042326575327645,99243541187.55852,28978758058.690765,178045167126.47568,239252175665.65973,6.143988875088445,149066409067.7849,0.0270403171966982,0.0409773899120454,0.0,0.2202643171806167,0.5286343612334802,0.2511013215859031,2.15e-05,13638.88652305433,10.088785046728972,90.84117647058824,72.08411214953271,0.8585022429370206,17249761239327.947,959045.2274999999,21.31350926214934
fam,Li47.2La24.0Ta12.4Sm3.6O96.0,"[{""element"": ""Li"", ""value"": 1.0}, {""element"": ""La"", ""value"": 3.0}, {""element"": ""Ta"", ""value"": 5.0}, {""element"": ""Sm"", ""value"": 3.0}, {""element"": ""O"", ""value"": -2.0}]",2.3237336244541487,3.44,1.0948165137614678,1.2303000000000002,-2.345183486238532,-2.2097,2.46,112.19917030567686,138.2,83.57440366972477,102.5422,-35.65779999999998,-54.625596330275215,0.7419840810419683,0.6047351929791952,97312328211.55246,28978758058.690765,172541946728.4644,229402769532.70337,5.954083552477116,143563188669.77362,0.0264046715526562,0.0400807025033092,0.0,0.2183406113537118,0.5240174672489083,0.2576419213973799,1.18e-05,13590.254834643376,9.876146788990827,91.06470588235295,70.92660550458717,0.8862772033041759,21438399442219.637,924712.0875000001,21.08863492046017
dae,Li48.8La24.0Ta11.6Sm4.4O96.0,"[{""element"": ""Li"", ""value"": 1.0}, {""element"": ""La"", ""value"": 3.0}, {""element"": ""Ta"", ""value"": 5.0}, {""element"": ""Sm"", ""value"": 3.0}, {""element"": ""O"", ""value"": -2.0}]",2.3106709956709954,3.44,1.0897747747747748,1.2236999999999998,-2.350225225225225,-2.2163000000000004,2.46,111.98350649350648,138.2,83.64135135135135,103.3338,-34.86619999999999,-54.55864864864864,0.7477120115774241,0.605219619040169,95414556152.8798,28978758058.690765,167237040579.03012,219553363399.74704,5.771021664914847,138258282520.33936,0.0257919320579491,0.039184015094573,0.0,0.2164502164502164,0.5194805194805194,0.264069264069264,1.4e-05,13542.46525339105,9.67117117117117,91.28823529411764,69.8108108108108,0.9082791779509328,25393094333343.47,887352.5275000001,20.869965979347505
9p1,Li56.0La24.0Zr16.0O96.0,"[{""element"": ""Li"", ""value"": 1.0}, {""element"": ""La"", ""value"": 3.0}, {""element"": ""Zr"", ""value"": 4.0}, {""element"": ""O"", ""value"": -2.0}]",2.254166666666667,3.44,1.0683333333333334,1.1920000000000002,-2.3716666666666666,-2.248,2.46,110.15833333333332,138.2,82.11666666666666,102.58,-35.61999999999999,-56.08333333333333,0.7422575976845153,0.594187168355041,86141254143.4846,28978758058.690765,143303750228.27844,169832268285.58978,4.945130841633894,114324992169.58768,0.0234932707707527,0.0356431091090659,0.0,0.2083333333333333,0.5,0.2916666666666667,0.000569,13154.65972222222,7.25,91.3529411764706,57.916666666666664,0.6730116670092565,16965241563.40223,209814.0,18.995422409020712
gkl,Li40.0La24.0Nb16.0O96.0,"[{""element"": ""Li"", ""value"": 1.0}, {""element"": ""La"", ""value"": 3.0}, {""element"": ""Nb"", ""value"": 5.0}, {""element"": ""O"", ""value"": -2.0}]",2.394545454545455,3.44,1.14,1.3,-2.3,-2.14,2.46,112.74090909090908,138.2,82.19,96.88,-41.31999999999999,-56.00999999999999,0.7010130246020261,0.5947178002894357,120459403627.7354,28978758058.690765,230236178310.58896,336117547862.4076,7.944998120495397,201257420251.8982,0.030658826215334,0.0465028376158532,0.0,0.2272727272727272,0.5454545454545454,0.2272727272727272,5.08e-06,13752.70265151515,9.1,90.05882352941177,63.89999999999999,0.6730116670092565,15914816650756.09,581819.76,20.85059007022923
ijh,Li40.0La24.0Nb15.6Y0.4O95.6,"[{""element"": ""Li"", ""value"": 1.0}, {""element"": ""La"", ""value"": 3.0}, {""element"": ""Nb"", ""value"": 5.0}, {""element"": ""Y"", ""value"": 3.0}, {""element"": ""O"", ""value"": -2.0}]",2.39129840546697,3.44,1.1381,1.2962,-2.3019,-2.1438,2.46,112.75626423690206,138.2,82.351,97.202,-40.99799999999999,-55.84899999999999,0.703342981186686,0.5958827785817656,119282378974.02658,28978758058.690765,227195205967.85287,330035603176.9355,7.840060140179704,198216447909.1621,0.0304230007752048,0.0460311867355949,0.0,0.2277904328018223,0.5444191343963554,0.2277904328018223,1.34e-05,13752.237509491266,9.084999999999999,90.22123893805309,63.995,0.719774406664269,15675251288435.475,573004.8459000001,20.86108053864352
q46,Li40.0La24.0Nb15.2Y0.8O95.2,"[{""element"": ""Li"", ""value"": 1.0}, {""element"": ""La"", ""value"": 3.0}, {""element"": ""Nb"", ""value"": 5.0}, {""element"": ""Y"", ""value"": 3.0}, {""element"": ""O"", ""value"": -2.0}]",2.3880365296803654,3.44,1.1362,1.2924,-2.3038,-2.1476,2.46,112.77168949771688,138.2,82.512,97.524,-40.67599999999999,-55.68799999999999,0.705672937771346,0.5970477568740956,118099979778.52002,28978758058.690765,224154233625.11685,323953658491.4634,7.735122159864015,195175475566.4261,0.0301871753350757,0.0455595358553366,0.0,0.228310502283105,0.54337899543379,0.228310502283105,1.44e-05,13751.770243531202,9.07,90.38461538461539,64.09,0.7524177643476055,15429997157737.092,564009.0516,20.87162422297464
8m3,Li40.0La24.0Nb14.8Y1.2O94.8,"[{""element"": ""Li"", ""value"": 1.0}, {""element"": ""La"", ""value"": 3.0}, {""element"": ""Nb"", ""value"": 5.0}, {""element"": ""Y"", ""value"": 3.0}, {""element"": ""O"", ""value"": -2.0}]",2.3847597254004573,3.44,1.1343,1.2886000000000002,-2.3057,-2.1514,2.46,112.78718535469103,138.2,82.673,97.846,-40.354,-55.52699999999999,0.7080028943560057,0.5982127351664255,116912169145.04774,28978758058.69076,221113261282.3808,317871713805.9913,7.630184179548325,192134503223.69003,0.0299513498949465,0.0450878849750783,0.0,0.22883295194508,0.5423340961098397,0.22883295194508,5.71e-06,13751.300839054156,9.055,90.54896142433233,64.185,0.7795654523164246,15179054258660.94,554832.3770999999,20.882221527825443
zyx,Li40.0La24.0Nb14.4Y1.6O94.4,"[{""element"": ""Li"", ""value"": 1.0}, {""element"": ""La"", ""value"": 3.0}, {""element"": ""Nb"", ""value"": 5.0}, {""element"": ""Y"", ""value"": 3.0}, {""element"": ""O"", ""value"": -2.0}]",2.3814678899082566,3.4399999999999995,1.1324,1.2848000000000002,-2.3075999999999994,-2.1552,2.46,112.80275229357795,138.2,82.83399999999999,98.168,-40.032,-55.366,0.7103328509406657,0.5993777134587553,115718909838.9449,28978758058.69076,218072288939.6448,311789769120.5192,7.525246199232636,189093530880.954,0.0297155244548174,0.04461623409482,0.0,0.2293577981651376,0.5412844036697247,0.2293577981651376,9.13e-06,13750.829281345563,9.040000000000001,90.71428571428572,64.28,0.8030448563658358,14922422591207.016,545474.8224000001,20.892872861898343
qvu,Li40.0La24.0Nb14.0Y2.0O94.0,"[{""element"": ""Li"", ""value"": 1.0}, {""element"": ""La"", ""value"": 3.0}, {""element"": ""Nb"", ""value"": 5.0}, {""element"": ""Y"", ""value"": 3.0}, {""element"": ""O"", ""value"": -2.0}]",2.37816091954023,3.44,1.1305,1.281,-2.3095,-2.159,2.46,112.81839080459768,138.2,82.99499999999999,98.49,-39.71,-55.205,0.7126628075253256,0.6005426917510853,114520164283.15878,28978758058.69077,215031316596.90872,305707824435.04706,7.420308218916944,186052558538.218,0.0294796990146882,0.0441445832145617,0.0,0.2298850574712643,0.5402298850574713,0.2298850574712643,9.68e-06,13750.355555555554,9.025,90.88059701492537,64.375,0.8237197315118312,14660102155375.322,535936.3875,20.90357863804715
v07,La24.0Zr16.0Ga4.0Li44.0O96.0,"[{""element"": ""La"", ""value"": 3.0}, {""element"": ""Zr"", ""value"": 4.0}, {""element"": ""Ga"", ""value"": 3.0}, {""element"": ""Li"", ""value"": 1.0}, {""element"": ""O"", ""value"": -2.0}]",2.327608695652174,3.44,1.1140909090909092,1.2481818181818185,-2.3259090909090907,-2.191818181818181,2.46,111.73043478260868,138.2,82.85454545454546,98.2090909090909,-39.990909090909085,-55.34545454545453,0.7106301802394422,0.5995263781081438,97184484790.75798,28978758058.690765,171590732134.83133,218826655510.8923,5.921259005900395,142611974076.14056,0.0261109057096934,0.037406996604572,0.0,0.2391304347826087,0.5217391304347826,0.2391304347826087,0.0001,13494.025362318838,8.363636363636363,92.31428571428572,64.86363636363636,0.9164648855394713,38581108100742.695,322799.79571074375,20.866058971081827
bqx,Li24.0Nd24.0Te16.0O96.0,"[{""element"": ""Li"", ""value"": 1.0}, {""element"": ""Nd"", ""value"": 3.0}, {""element"": ""O"", ""value"": -2.0}, {""element"": ""Te"", ""value"": 6.0}]",2.592,3.44,1.3199999999999998,1.524,-2.12,-1.916,2.46,115.28,138.2,80.9,88.94000000000001,-49.25999999999998,-57.29999999999998,0.6435600578871202,0.5853835021707671,179324053869.3786,28978758058.690765,404841997585.4104,573134310881.3944,13.970301859226772,375863239526.7196,0.0424855439620994,0.0590879814504701,0.0,0.25,0.6,0.15,<1E-10,14301.402999999998,12.5,91.1764705882353,82.375,0.6730116670092565,129791451213824.28,79167.94454400001,24.161525560979733
z53,Li52.8La24.0Zr12.8Ta3.2O96.0,"[{""element"": ""Li"", ""value"": 1.0}, {""element"": ""La"", ""value"": 3.0}, {""element"": ""Zr"", ""value"": 4.0}, {""element"": ""Ta"", ""value"": 5.0}, {""element"": ""O"", ""value"": -2.0}]",2.27864406779661,3.44,1.0772413793103448,1.2056,-2.362758620689655,-2.2344,2.46,110.72881355932202,138.2,82.31034482758622,101.86,-36.33999999999999,-55.88965517241377,0.7370477568740955,0.5955886022256601,89895805287.52286,28978758058.690765,152913440351.83194,190610834054.67325,5.276742365636784,123934682293.14116,0.0245229319014365,0.0373376464557772,0.0,0.211864406779661,0.5084745762711864,0.2796610169491525,0.000313,13277.971751412428,7.8793103448275845,91.09411764705882,61.120689655172406,0.8731726364245317,268550006229.48425,413493.07840000006,19.547940637156557
8y4,Li52.8La23.0Y1.0Zr12.8Ta3.2O96.0,"[{""element"": ""Li"", ""value"": 1.0}, {""element"": ""La"", ""value"": 3.0}, {""element"": ""Y"", ""value"": 3.0}, {""element"": ""Zr"", ""value"": 4.0}, {""element"": ""Ta"", ""value"": 5.0}, {""element"": ""O"", ""value"": -2.0}]",2.279279661016949,3.44,1.0785344827586207,1.2086,-2.3614655172413794,-2.2314,2.46,110.60690324858756,138.2,82.06232040229887,101.28458333333332,-36.91541666666666,-56.13767959770112,0.7328841051616016,0.5937939247633782,90222832166.03934,28978758058.690765,153578770897.77924,192154400921.27094,5.2997016154638406,124600012839.08849,0.0245881165659061,0.0374888748773467,0.0,0.211864406779661,0.5084745762711864,0.2796610169491525,0.000317,13251.771193797078,7.77155172413793,91.04264705882355,60.646551724137915,0.977095760474038,468886196544.94916,408295.5679000001,19.50179498983396
ucw,Li52.8La22.0Y2.0Zr12.8Ta3.2O96.0,"[{""element"": ""Li"", ""value"": 1.0}, {""element"": ""La"", ""value"": 3.0}, {""element"": ""Y"", ""value"": 3.0}, {""element"": ""Zr"", ""value"": 4.0}, {""element"": ""Ta"", ""value"": 5.0}, {""element"": ""O"", ""value"": -2.0}]",2.279915254237288,3.44,1.079827586206897,1.2116,-2.3601724137931037,-2.2284,2.46,110.4849929378531,138.2,81.81429597701148,100.70916666666668,-37.49083333333331,-56.385704022988506,0.7287204534491077,0.5919992473010962,90549859044.5558,28978758058.690765,154244101443.72653,193697967787.86868,5.322660865290897,125265343385.03577,0.0246533012303757,0.0376401032989162,0.0,0.211864406779661,0.5084745762711864,0.2796610169491525,0.000436,13225.570636181732,7.663793103448274,90.99117647058824,60.17241379310344,1.045274226258228,659352788822.5404,402639.0123999999,19.455758275764566
ff9,Li52.8La20.0Y4.0Zr12.8Ta3.2O96.0,"[{""element"": ""Li"", ""value"": 1.0}, {""element"": ""La"", ""value"": 3.0}, {""element"": ""Y"", ""value"": 3.0}, {""element"": ""Zr"", ""value"": 4.0}, {""element"": ""Ta"", ""value"": 5.0}, {""element"": ""O"", ""value"": -2.0}]",2.281186440677966,3.44,1.0824137931034483,1.2175999999999998,-2.357586206896552,-2.2224000000000004,2.46,110.24117231638417,138.2,81.31824712643679,99.55833333333334,-38.64166666666665,-56.8817528735632,0.7203931500241197,0.5884098923765325,91203912801.58871,28978758058.690765,155574762535.62112,196785101521.06412,5.368579364945009,126596004476.93036,0.0247836705593149,0.0379425601420552,0.0,0.211864406779661,0.5084745762711864,0.2796610169491525,0.000226,13173.169520951033,7.448275862068964,90.88823529411766,59.22413793103447,1.1435093617443144,1010677179264.1039,389948.7664000001,19.364010619383667
2mn,Li56.0La24.0Zr16.0O96.0,"[{""element"": ""Li"", ""value"": 1.0}, {""element"": ""La"", ""value"": 3.0}, {""element"": ""Zr"", ""value"": 4.0}, {""element"": ""O"", ""value"": -2.0}]",2.254166666666667,3.44,1.0683333333333334,1.1920000000000002,-2.3716666666666666,-2.248,2.46,110.15833333333332,138.2,82.11666666666666,102.58,-35.61999999999999,-56.08333333333333,0.7422575976845153,0.594187168355041,86141254143.4846,28978758058.690765,143303750228.27844,169832268285.58978,4.945130841633894,114324992169.58768,0.0234932707707527,0.0356431091090659,0.0,0.2083333333333333,0.5,0.2916666666666667,0.000511,13154.65972222222,7.25,91.3529411764706,57.916666666666664,0.6730116670092565,16965241563.40223,209814.0,18.995422409020712
8ee,Li51.2Al1.52La24.0Zr16.0O94.4,"[{""element"": ""Li"", ""value"": 1.0}, {""element"": ""Al"", ""value"": 3.0}, {""element"": ""La"", ""value"": 3.0}, {""element"": ""Zr"", ""value"": 4.0}, {""element"": ""O"", ""value"": -2.0}]",2.271479264643009,3.4399999999999995,1.0817860224331322,1.207302504816956,-2.358213977566868,-2.232697495183044,2.46,110.4936938862762,138.2,82.28537532355479,100.51782273603084,-37.68217726396915,-55.9146246764452,0.7273359098120901,0.5954079256407727,94370744430.48428,28978758058.69076,160947572660.61057,206071597510.664,5.553984485278596,131968814601.9198,0.0246207665819213,0.0367128843679487,0.0,0.2218896964514749,0.5044890979050877,0.2736212056434374,0.00031,13234.91480155337,7.506471095772218,92.0629782224838,60.08973252804142,0.8053864336271024,17308089137455.434,216288.38428187452,19.57673290698788
8k7,Li40.0La24.0Ta16.0O96.0,"[{""element"": ""Li"", ""value"": 1.0}, {""element"": ""La"", ""value"": 3.0}, {""element"": ""Ta"", ""value"": 5.0}, {""element"": ""O"", ""value"": -2.0}]",2.3854545454545457,3.44,1.12,1.2600000000000002,-2.32,-2.18,2.46,113.2181818181818,138.2,83.24,98.98,-39.22,-54.96,0.7162083936324167,0.6023154848046309,106279301188.78072,28978758058.690765,199039952944.88867,273725097131.007,6.868477680850658,170061194886.1979,0.0294653053287185,0.0441157958426222,0.0,0.2272727272727272,0.5454545454545454,0.2272727272727272,1.54e-06,13816.060606060604,10.9,90.05882352941177,76.5,0.6730116670092565,747223949035.1819,1055378.1600000001,22.15324015262341
b7v,Li40.0La24.0Bi16.0O96.0,"[{""element"": ""Li"", ""value"": 1.0}, {""element"": ""La"", ""value"": 3.0}, {""element"": ""O"", ""value"": -2.0}, {""element"": ""Bi"", ""value"": 5.0}]",2.421818181818182,3.44,1.2,1.42,-2.24,-2.02,2.46,113.85454545454544,138.2,84.64,101.78,-36.41999999999999,-53.55999999999999,0.7364688856729379,0.6124457308248915,92962628282.7005,28978758058.690765,169743272551.5122,215131736344.2541,5.857506805768924,140764514492.82144,0.0281304464423722,0.0414460780699296,0.0,0.2272727272727272,0.5454545454545454,0.2272727272727272,2.2e-05,13908.333333333332,12.3,92.05882352941177,76.5,0.6730116670092565,103458999443646.92,100963.6704,22.445216876788955
66a,Li54.0La24.0Zr14.0Nb2.0O96.0,"[{""element"": ""Li"", ""value"": 1.0}, {""element"": ""La"", ""value"": 3.0}, {""element"": ""Zr"", ""value"": 4.0}, {""element"": ""Nb"", ""value"": 5.0}, {""element"": ""O"", ""value"": -2.0}]",2.270421052631579,3.44,1.075957446808511,1.2055000000000002,-2.364042553191489,-2.2345,2.46,110.45736842105262,138.2,82.12446808510639,101.8675,-36.3325,-56.0755319148936,0.737102026049204,0.5942436185608277,90114934610.08208,28978758058.690765,152551880875.33276,190617928232.692,5.264265658534054,123573122816.642,0.024255563903155,0.0370005751724143,0.0,0.2105263157894736,0.5052631578947369,0.2842105263157894,0.0008,13223.906798245613,7.446808510638298,91.19117647058823,58.553191489361694,0.8237197315118312,3090112055705.1577,263085.19,19.201488010599803
kh3,Li52.0La24.0Zr12.0Ta4.0O96.0,"[{""element"": ""Li"", ""value"": 1.0}, {""element"": ""La"", ""value"": 3.0}, {""element"": ""Zr"", ""value"": 4.0}, {""element"": ""Ta"", ""value"": 5.0}, {""element"": ""O"", ""value"": -2.0}]",2.2848936170212766,3.44,1.0795652173913042,1.209,-2.360434782608696,-2.231,2.46,110.87446808510636,138.2,82.36086956521739,101.68,-36.52,-55.83913043478261,0.7357452966714906,0.5959541936701692,90854414090.25604,28978758058.690765,155420316036.23718,195805475496.9441,5.363249719724495,126441557977.54642,0.0247915391529192,0.037761280792455,0.0,0.2127659574468085,0.5106382978723404,0.2765957446808511,0.00092,13309.455673758863,8.043478260869566,91.02941176470588,61.95652173913044,0.8979457248567797,323201429960.7137,461712.36000000004,19.691566200277112
zqx,Li52.8La24.0Zr12.8Ta3.2O96.0,"[{""element"": ""Li"", ""value"": 1.0}, {""element"": ""La"", ""value"": 3.0}, {""element"": ""Zr"", ""value"": 4.0}, {""element"": ""Ta"", ""value"": 5.0}, {""element"": ""O"", ""value"": -2.0}]",2.27864406779661,3.44,1.0772413793103448,1.2056,-2.362758620689655,-2.2344,2.46,110.72881355932202,138.2,82.31034482758622,101.86,-36.33999999999999,-55.88965517241377,0.7370477568740955,0.5955886022256601,89895805287.52286,28978758058.690765,152913440351.83194,190610834054.67325,5.276742365636784,123934682293.14116,0.0245229319014365,0.0373376464557772,0.0,0.211864406779661,0.5084745762711864,0.2796610169491525,0.00073,13277.971751412428,7.8793103448275845,91.09411764705882,61.120689655172406,0.8731726364245317,268550006229.48425,413493.07840000006,19.547940637156557
o5q,Li54.4La24.0Zr14.4Ta1.6O96.0,"[{""element"": ""Li"", ""value"": 1.0}, {""element"": ""La"", ""value"": 3.0}, {""element"": ""Zr"", ""value"": 4.0}, {""element"": ""Ta"", ""value"": 5.0}, {""element"": ""O"", ""value"": -2.0}]",2.266302521008404,3.44,1.0727118644067797,1.1988,-2.3672881355932205,-2.2412,2.46,110.44117647058825,138.2,82.21186440677965,102.22,-35.97999999999999,-55.988135593220335,0.7396526772793054,0.5948760087321249,88002754290.52878,28978758058.690765,148027157238.16068,180221551170.1315,5.108126336482773,119048399179.46992,0.0239993753943092,0.0364903777824215,0.0,0.2100840336134453,0.5042016806722689,0.2857142857142857,0.00028,13215.797619047618,7.559322033898306,91.22352941176472,59.49152542372883,0.8030448563658358,149353437844.6761,313813.9296,19.267380051495987
0ew,Li48.0La24.0Zr8.0Ta8.0O96.0,"[{""element"": ""Li"", ""value"": 1.0}, {""element"": ""La"", ""value"": 3.0}, {""element"": ""Zr"", ""value"": 4.0}, {""element"": ""Ta"", ""value"": 5.0}, {""element"": ""O"", ""value"": -2.0}]",2.3169565217391304,3.44,1.0918181818181818,1.2260000000000002,-2.348181818181818,-2.2139999999999995,2.46,111.62173913043478,138.2,82.62727272727273,100.78,-37.41999999999999,-55.57272727272726,0.7292329956584661,0.5978818576503092,95772494034.71317,28978758058.690765,168638387826.7376,221778682708.2984,5.81937940491424,139659629768.04684,0.0262078319334644,0.0398794524758441,0.0,0.217391304347826,0.5217391304347826,0.2608695652173913,0.00016,13470.98188405797,8.909090909090908,90.70588235294119,66.36363636363636,0.9502705392332347,546989944005.114,686605.8400000001,20.445191652913408
tbj,Li40.0La24.0Sb16.0O96.0,"[{""element"": ""Li"", ""value"": 1.0}, {""element"": ""La"", ""value"": 3.0}, {""element"": ""O"", ""value"": -2.0}, {""element"": ""Sb"", ""value"": 5.0}]",2.435454545454545,3.44,1.23,1.48,-2.21,-1.96,2.46,112.4,138.2,81.44,95.38,-42.81999999999999,-56.75999999999999,0.6901591895803184,0.5892908827785818,133842997914.97076,28978758058.690765,259680085742.5068,395005362726.2432,8.961049511389547,230701327683.816,0.0316392183721968,0.0484636219295787,0.0,0.2272727272727272,0.5454545454545454,0.2272727272727272,3.33e-06,13710.51515151515,10.3,90.76470588235296,67.69999999999999,0.6730116670092565,118834483689803.34,20075.570016000005,21.369602805983842
dbs,Li52.0La24.0Zr12.0Ta4.0O96.0,"[{""element"": ""Li"", ""value"": 1.0}, {""element"": ""La"", ""value"": 3.0}, {""element"": ""Zr"", ""value"": 4.0}, {""element"": ""Ta"", ""value"": 5.0}, {""element"": ""O"", ""value"": -2.0}]",2.2848936170212766,3.44,1.0795652173913042,1.209,-2.360434782608696,-2.231,2.46,110.87446808510636,138.2,82.36086956521739,101.68,-36.52,-55.83913043478261,0.7357452966714906,0.5959541936701692,90854414090.25604,28978758058.690765,155420316036.23718,195805475496.9441,5.363249719724495,126441557977.54642,0.0247915391529192,0.037761280792455,0.0,0.2127659574468085,0.5106382978723404,0.2765957446808511,0.000794,13309.455673758863,8.043478260869566,91.02941176470588,61.95652173913044,0.8979457248567797,323201429960.7137,461712.36000000004,19.691566200277112
bt0,Li52.0La23.6Ba0.4Zr11.6Ta4.4O96.0,"[{""element"": ""Li"", ""value"": 1.0}, {""element"": ""La"", ""value"": 3.0}, {""element"": ""Ba"", ""value"": 2.0}, {""element"": ""Zr"", ""value"": 4.0}, {""element"": ""Ta"", ""value"": 5.0}, {""element"": ""O"", ""value"": -2.0}]",2.284808510638298,3.44,1.079391304347826,1.2086,-2.360608695652174,-2.2314,2.55,110.91587639311044,138.2,82.44548654244306,101.87461904761903,-36.32538095238094,-55.754513457556925,0.7371535386947834,0.5965664728107314,91312839067.26784,28978758058.690765,156357097511.00046,197960072888.8996,5.395576207728777,127378339452.3097,0.0248329759383381,0.0378565853989185,0.0,0.2127659574468085,0.5106382978723404,0.2765957446808511,0.000832,13322.772941622037,8.086956521739133,91.08235294117648,62.14782608695654,0.9591388233798186,5673062519568.356,487722.71789999993,19.71980244228969
dti,Li52.0La23.2Ba0.8Zr11.2Ta4.8O96.0,"[{""element"": ""Li"", ""value"": 1.0}, {""element"": ""La"", ""value"": 3.0}, {""element"": ""Ba"", ""value"": 2.0}, {""element"": ""Zr"", ""value"": 4.0}, {""element"": ""Ta"", ""value"": 5.0}, {""element"": ""O"", ""value"": -2.0}]",2.284723404255319,3.44,1.079217391304348,1.2082000000000002,-2.360782608695652,-2.2318,2.55,110.95728470111447,138.2,82.53010351966873,102.06923809523808,-36.13076190476191,-55.66989648033126,0.7385617807180759,0.5971787519512933,91771264044.27968,28978758058.690765,157293878985.76373,200114670280.85516,5.42790269573306,128315120927.07297,0.024874412723757,0.037951890005382,0.0,0.2127659574468085,0.5106382978723404,0.2765957446808511,0.000834,13336.09020948521,8.130434782608697,91.13529411764706,62.33913043478261,1.005044235436352,10934376324319.436,513545.2836,19.748079172974165
7gm,Li52.0La22.4Ba1.6Zr10.4Ta5.6O96.0,"[{""element"": ""Li"", ""value"": 1.0}, {""element"": ""La"", ""value"": 3.0}, {""element"": ""Ba"", ""value"": 2.0}, {""element"": ""Zr"", ""value"": 4.0}, {""element"": ""Ta"", ""value"": 5.0}, {""element"": ""O"", ""value"": -2.0}]",2.284553191489361,3.44,1.0788695652173914,1.2074,-2.3611304347826083,-2.2326,2.55,111.04010131712258,138.2,82.69933747412007,102.45847619047618,-35.74152380952381,-55.50066252587992,0.7413782647646613,0.5984033102324173,92688113998.3033,28978758058.690765,159167441935.29028,204423865064.76617,5.492555671741625,130188683876.59952,0.0249572862945949,0.038142499218309,0.0,0.2127659574468085,0.5106382978723404,0.2765957446808511,0.000631,13362.724745211557,8.217391304347826,91.24117647058824,62.721739130434784,1.0789483386998906,21191362079251.86,564627.0384,19.80475433267304
c71,Li52.0La21.6Ba2.4Zr9.6Ta6.4O96.0,"[{""element"": ""Li"", ""value"": 1.0}, {""element"": ""La"", ""value"": 3.0}, {""element"": ""Ba"", ""value"": 2.0}, {""element"": ""Zr"", ""value"": 4.0}, {""element"": ""Ta"", ""value"": 5.0}, {""element"": ""O"", ""value"": -2.0}]",2.2843829787234045,3.44,1.0785217391304347,1.2066,-2.361478260869565,-2.2334,2.55,111.12291793313072,138.2,82.86857142857143,102.84771428571428,-35.35228571428571,-55.33142857142856,0.7441947488112466,0.5996278685135416,93604963952.32692,28978758058.690765,161041004884.81683,208733059848.67725,5.557208647750191,132062246826.12608,0.0250401598654327,0.038333108431236,0.0,0.2127659574468085,0.5106382978723404,0.2765957446808511,0.000492,13389.359280937904,8.304347826086959,91.34705882352941,63.10434782608697,1.137266117847828,31094158694758.0,614957.6244,19.861592144835427
rgo,Li56.0La24.0Ta16.0O104.0,"[{""element"": ""Li"", ""value"": 1.0}, {""element"": ""La"", ""value"": 3.0}, {""element"": ""Ta"", ""value"": 5.0}, {""element"": ""O"", ""value"": -2.0}]",2.3152,3.44,1.096666666666667,1.2600000000000002,-2.3433333333333333,-2.18,2.46,110.56,138.2,80.61666666666666,98.98,-39.22,-57.58333333333333,0.7162083936324167,0.5833333333333334,104633320069.17628,28978758058.69077,186592428913.86893,273725097131.007,6.438938084784817,157613670855.17816,0.0270235569097345,0.0441157958426222,0.0,0.2,0.52,0.28,2.65e-06,13286.602933333332,9.083333333333332,88.55555555555554,65.25,0.6730116670092565,747223949035.1819,1055378.1600000001,19.92795327525556
zzr,Li20.0Ge2.0P4.0S24.0,"[{""element"": ""Li"", ""value"": 1.0}, {""element"": ""Ge"", ""value"": 4.0}, {""element"": ""P"", ""value"": 5.0}, {""element"": ""S"", ""value"": -2.0}]",1.886,2.58,1.2453846153846155,2.13,-1.3346153846153843,-0.4500000000000002,1.6,118.52,184.0,58.07692307692308,26.666666666666668,-157.33333333333334,-125.92307692307692,0.144927536231884,0.3156354515050167,3232276632060.902,12278644599.949677,6204582466640.243,26472007992911.816,505.3149324531856,6192303822040.294,0.0633338433849942,0.2250639386189258,0.0,0.12,0.48,0.4,0.0076,18181.14,0.7692307692307693,105.26666666666668,17.384615384615387,0.6365141682948128,699509401181.5226,177647.73555555558,17.913909051392793
kop,Li20.0Ge1.32Sn0.66P4.0S24.0,"[{""element"": ""Li"", ""value"": 1.0}, {""element"": ""Ge"", ""value"": 4.0}, {""element"": ""Sn"", ""value"": 4.0}, {""element"": ""P"", ""value"": 5.0}, {""element"": ""S"", ""value"": -2.0}]",1.8852901160464184,2.58,1.2435257890685143,2.1248829431438123,-1.3364742109314858,-0.4551170568561877,1.6,118.85274109643856,184.0,58.67051578137029,29.140468227424744,-154.85953177257525,-125.32948421862972,0.1583721099316562,0.318861498811795,3218336264392.57,12278644599.949677,6180052310390.372,26433221212168.305,503.31714222070576,6167773665790.423,0.0625793057271924,0.2223267669726026,0.0,0.1196478591436574,0.4801920768307322,0.4001600640256102,0.0064,18222.496598639453,1.0161662817551964,105.71847898599066,18.263279445727488,0.845709674354749,1887265454375.246,132790.21708915115,18.020378622260722
rty,Li20.0Ge0.66Sn1.32P4.0S24.0,"[{""element"": ""Li"", ""value"": 1.0}, {""element"": ""Ge"", ""value"": 4.0}, {""element"": ""Sn"", ""value"": 4.0}, {""element"": ""P"", ""value"": 5.0}, {""element"": ""S"", ""value"": -2.0}]",1.8846298519407765,2.58,1.2422555812163203,2.1193645484949832,-1.3377444187836798,-0.4606354515050168,1.6,119.156462585034,184.0,59.25481139337951,31.678929765886284,-152.3210702341137,-124.74518860662047,0.1721680965537298,0.3220370184422799,3203731386870.99,12278644599.949677,6151955629153.707,26311155697364.195,501.02888629734593,6139676984553.758,0.0618429533491089,0.2191276976109623,0.0,0.1196478591436574,0.4801920768307322,0.4001600640256102,0.0048,18257.424569827926,1.2702078521939955,106.18078719146098,19.17782909930716,0.845709674354749,2937711992950.814,76376.83269121376,18.137638833411703
kko,Li20.0Sn2.0P4.0S24.0,"[{""element"": ""Li"", ""value"": 1.0}, {""element"": ""Sn"", ""value"": 4.0}, {""element"": ""P"", ""value"": 5.0}, {""element"": ""S"", ""value"": -2.0}]",1.884,2.58,1.2415384615384617,2.1133333333333333,-1.3384615384615386,-0.4666666666666668,1.6,119.44,184.0,59.84615384615385,34.333333333333336,-149.66666666666666,-124.15384615384616,0.1865942028985507,0.3252508361204013,3188037130331.898,12278644599.949677,6119506501776.774,26103345478503.453,498.3861575244107,6107227857176.825,0.0611041889814268,0.2154021028701336,0.0,0.12,0.48,0.4,0.0038,18286.94,1.5384615384615385,106.66666666666667,20.153846153846153,0.6365141682948128,3861494956575.2715,7835.8507555555525,18.269338548160913
