feature,importance,importance_share
П‡вЃ»,311,0.3160569105691057
rвЃ» (pm),232,0.23577235772357724
П‡вЃє(excl LiвЃє),134,0.13617886178861788
rвЃє(excl LiвЃє) (pm),109,0.11077235772357724
n_Li,86,0.08739837398373984
ПЃвЃє(excl LiвЃє) (C mвЃ»Ві),57,0.057926829268292686
nв‚•в‚’в‚›в‚њ cв‚ђв‚њбµўв‚’в‚™,29,0.029471544715447155
О¦вЃє(excl LiвЃє) (|Z| pmвЃ»В№),26,0.026422764227642278
