χₐₗₗ,χ⁻,χ⁺(excl Li⁺),χ⁺(incl Li⁺) - χ⁻,χ⁺(excl Li⁺) - χ⁻,χₘₐₓ - χₘᵢₙ,rₐₗₗ (pm),r⁻ (pm),r⁺(incl Li⁺) (pm),r⁺(excl Li⁺) (pm),r⁺(excl Li⁺) - r⁻,r⁺(incl Li⁺) - r⁻,r⁺(incl Li⁺) / r⁻,ρ⁻ (C m⁻³),ρ⁺(incl Li⁺) (C m⁻³),ρ⁺(excl Li⁺) (C m⁻³),ρ⁺(incl Li⁺) / ρ⁻,Φ⁺(incl Li⁺) (|Z| pm⁻¹),Φ⁺(excl Li⁺) (|Z| pm⁻¹),nₕₒₛₜ cₐₜᵢₒₙ,n_Li,family,r_ratio_x_chi_diff,log_rho_ratio,n_Li × r⁻ (pm),chi_range_x_r_avg,field_x_r_diff,ir_mean_square_all,d_mean_c,r_mean_l,s_mean_square_c,entropy_c_l,Vs_variance_c_l,mp_variance_c_l,atwt_geometric_mean_all
2.441111111111111,3.16,1.33,-2.156666666666667,-1.83,2.18,138.77959183673468,181.0,72.11578947368422,85.03999999999999,-95.96000000000001,-108.88421052631578,0.39842977609770286,6449680150.445432,145531887111.01596,204827706497.30368,22.564202211014315,0.020891489821880316,0.037906179841663716,0.1020408163265306,0.2857142857142857,8.0,-0.8592802171173793,1.353419983037676,51.71428571428571,302.53951020408164,-2.274753375974,22098.744081632653,4.842105263157896,108.42857142857142,42.21052631578947,0.5004024235381879,7985220349923.337,170073.76,25.815556981302514
2.3844,3.187333333333333,1.78,-2.0073333333333334,-1.407333333333333,3.0,135.8425,179.32083333333333,70.625,80.0,-99.32083333333333,-108.69583333333333,0.3938471547737993,6806661453.280659,149288957386.92316,224091403271.38156,21.932772536375996,0.02048611111111111,0.0375,0.1,0.3,8.0,-0.7905825220159398,1.3410935346023016,53.79624999999999,407.52750000000003,-2.2267549189814813,21349.512812499997,5.0,104.14285714285715,31.75,0.0,0.0,0.0,24.143525527272946
2.279279661016949,3.44,1.2086,-2.3614655172413794,-2.2314,2.46,110.60690324858756,138.2,82.06232040229887,101.28458333333333,-36.91541666666666,-56.13767959770112,0.5937939247633782,28978758058.690765,153578770897.77924,192154400921.27094,5.2997016154638406,0.024588116565906155,0.03748887487734672,0.211864406779661,0.2796610169491525,6.0,-1.4022238776761398,0.7242514185808878,38.649152542372875,272.0929819915254,-1.380319809687767,13251.771193797078,7.77155172413793,91.04264705882355,60.646551724137915,0.977095760474038,468886196544.94916,408295.5679000001,19.50179498983396
2.8659340659340664,3.44,1.9408,-1.6851612903225806,-1.4991999999999999,2.46,104.95604395604396,138.2,40.612903225806456,34.160000000000004,-104.03999999999999,-97.58709677419353,0.2938705009103217,28978758058.690765,19080806498559.76,23630354904112.0,658.4411402281405,0.1661529286659653,0.20247407599024142,0.27472527472527475,0.06593406593406594,14.0,-0.49521919250178076,2.818516958315815,9.112087912087912,258.19186813186815,-16.214381929041227,13335.5978021978,0.903225806451613,79.50588235294119,39.80645161290323,0.8030448563658358,51977552941568.2,608107.81418304,19.123855055385715
1.7981481481481483,2.643333333333333,2.045,-1.521333333333333,-0.5983333333333332,1.98,117.01851851851852,186.0,61.833333333333336,25.0,-161.0,-124.16666666666666,0.3324372759856631,11078757388.627398,2986378518721.3027,21589532633477.76,269.55897795784296,0.04052815739090249,0.20766488413547238,0.07407407407407407,0.48148148148148145,2.0,-0.505747909199522,2.4306538010602874,89.55555555555556,231.69666666666666,-5.032246209370393,17629.675925925927,0.0,106.07142857142856,12.600000000000001,0.6931471805599453,244604574391.77417,469019.52249999996,16.31995547505281
2.8098913043478264,3.44,1.81,-1.8115625,-1.63,2.46,106.3786231884058,138.2,46.71354166666667,40.89333333333333,-97.30666666666666,-91.48645833333332,0.33801404968644483,28978758058.690765,18382629277668.21,23494946128962.85,634.348416189466,0.156957207002042,0.1967570768144656,0.27173913043478265,0.07608695652173914,14.0,-0.6123335768851002,2.802327859878417,10.515217391304347,261.69141304347824,-14.359458978508687,13499.558393719806,6.8125,81.42352941176472,63.84375,0.8731726364245316,176448317975697.47,1052465.404,21.724787193599976
2.590140845070423,3.44,1.3894736842105264,-2.1440609137055837,-2.0505263157894733,2.46,114.15244802146209,138.2,77.53181049069373,80.5017543859649,-57.69824561403509,-60.66818950930626,0.5610116533335292,28978758058.690765,397065189952.04266,477801815963.2088,13.701939508513972,0.04360166798447626,0.052124091620231294,0.3058350100603622,0.09054325955734407,18.0,-1.2028431580457668,1.1367820458591364,12.51307847082495,280.81502213279674,-2.6452342562040574,14158.526709143753,6.558375634517766,90.46017699115045,72.55329949238578,0.6424220210762541,21776716058790.863,125927.14681440443,23.18631041177257
2.8495628415300547,3.44,1.9186,-1.715079365079365,-1.5213999999999999,2.46,105.12650273224043,138.2,42.129365079365066,35.533,-102.66699999999999,-96.07063492063492,0.3048434520938138,28978758058.690765,18768976206179.707,23616577769509.15,647.6804895560688,0.1629759742923381,0.20149787575649417,0.27322404371584696,0.07103825136612021,14.0,-0.52283071426566,2.8113608147538156,9.817486338797814,258.61119672131144,-15.657205327073994,13347.465396174863,0.888888888888889,79.9,40.01587301587302,0.8802861522293415,69321685718949.016,602848.70545764,19.00917825103095
2.6529018789144048,3.44,1.373291925465839,-2.1062569832402236,-2.0667080745341613,2.46,116.87258176757132,138.2,81.12830540037244,82.651966873706,-55.54803312629399,-57.07169459962755,0.587035494937572,28978758058.690765,421662272621.6047,454901616407.51166,14.55073650042596,0.047019457664164835,0.05061997674048969,0.33611691022964507,0.037578288100208766,18.0,-1.236447610622142,1.1628849761381326,5.193319415448851,287.5065511482254,-2.6834801280493323,14699.679821387148,8.273743016759775,91.99349240780913,85.73184357541899,0.6635141518578722,22769542453817.184,131668.31526561477,25.666448349309885
2.6563445378151265,3.44,1.35,-2.119431818181818,-2.09,2.46,117.50196078431374,138.2,82.22121212121213,83.49341563786008,-54.70658436213991,-55.978787878787855,0.594943647765645,28978758058.690765,583557188396.0513,623241344661.0015,20.137411935120586,0.05137563859328483,0.0545352159568563,0.3403361344537815,0.029411764705882356,18.0,-1.260942497099664,1.3040036541758873,4.064705882352941,289.0548235294118,-2.8759459749507585,14832.562399626517,14.215909090909088,92.37662337662337,102.57954545454544,1.093246752419975,55234713466385.9,1480032.098765432,27.93494990859533
2.2709243697478994,3.44,1.2208,-2.357966101694915,-2.2192,2.46,110.36554621848738,138.2,82.0593220338983,101.85999999999999,-36.34,-56.14067796610169,0.5937722288994088,28978758058.690765,153166151543.04355,192349577729.65512,5.285462932291152,0.024183605313248046,0.03692516039111724,0.21008403361344538,0.2857142857142857,6.0,-1.4000947878726397,0.7230830314040418,39.48571428571428,271.49924369747896,-1.3576839979503643,13206.041316526609,7.508474576271188,91.29411764705884,58.74576271186442,0.8030448563658358,19200189474684.742,212421.64736256,19.203344596997113
2.368,3.16,1.78,-1.9800000000000002,-1.3800000000000001,2.18,136.85,181.0,70.625,80.0,-101.0,-110.375,0.39019337016574585,6449680150.445432,149288957386.92316,224091403271.38156,23.146722613308643,0.02048611111111111,0.0375,0.1,0.3,8.0,-0.7725828729281768,1.3644895071588188,54.3,298.333,-2.261154513888889,21663.475,5.0,105.14285714285714,31.75,0.0,0.0,0.0,24.446652852180122
2.2827966101694916,3.44,1.2252000000000003,-2.354310344827586,-2.2147999999999994,2.46,110.64406779661016,138.2,82.13793103448276,101.46,-36.739999999999995,-56.06206896551723,0.5943410349817856,28978758058.690765,170050095464.33258,230367873915.6747,5.868094661611433,0.02497732009195667,0.038391827057783906,0.211864406779661,0.2796610169491525,6.0,-1.3992632470131519,0.76849711108193,38.649152542372875,272.184406779661,-1.4002802415690738,13270.022598870055,7.551724137931036,91.1764705882353,59.275862068965516,0.8030448563658358,958291146036.6031,266931.0816,19.330589341170658
2.6514285714285717,3.216,1.5,-1.9760000000000002,-1.7160000000000002,2.46,142.67142857142858,172.44,68.25,69.0,-103.44,-104.19,0.3957898399443285,10955495732.0945,353226757859.6738,582098706960.5773,32.24196937294987,0.04363929146537843,0.07246376811594203,0.14285714285714285,0.14285714285714285,17.0,-0.7820807237299932,1.5084215611009026,24.634285714285713,350.9717142857143,-4.546777777777778,22780.07,11.5,98.83333333333334,76.5,0.0,0.0,0.0,31.640373418035367
2.284723404255319,3.44,1.2082000000000002,-2.360782608695652,-2.2318,2.55,110.95728470111449,138.2,82.53010351966873,102.06923809523808,-36.13076190476191,-55.66989648033126,0.5971787519512933,28978758058.690765,157293878985.76373,200114670280.85513,5.42790269573306,0.024874412723757084,0.03795189000538203,0.2127659574468085,0.2765957446808511,6.0,-1.409809211889188,0.7346320535999001,38.225531914893615,282.94107598784194,-1.3847559813405916,13336.09020948521,8.130434782608697,91.13529411764706,62.33913043478261,1.005044235436352,10934376324319.436,513545.2836,19.748079172974165
2.2474747474747474,3.255094339622642,1.4700000000000002,-2.1685726004922072,-1.785094339622642,2.46,119.93787878787879,166.46415094339622,66.33152173913044,62.125,-104.33915094339622,-100.13262920426578,0.3984733131020236,14101065100.415546,258419501519.06845,741052395456.1414,18.32623987470656,0.024218867697128568,0.058073458073458074,0.10101010101010101,0.36363636363636365,8.0,-0.8641183088204009,1.2630733668071676,60.53241852487135,295.0471818181818,-2.4250988988637454,17126.88517676768,1.3043478260869565,94.42857142857143,21.826086956521742,0.6931471805599453,124344107811256.25,356725.48022499995,17.5399447651845
2.1239999999999997,3.23,1.4700000000000002,-2.25,-1.7175,2.46,92.94,164.85,67.5,77.53333333333333,-100.85833333333333,-97.35,0.40946314831665154,17234593518.117798,124354808758.77036,471392579892.14136,7.2154187232813385,0.014814814814814815,0.05220496643293334,0.0,0.4,1.0,-0.921292083712466,0.8582615390239572,65.94,228.6324,-1.4422222222222223,12986.248,0.0,68.16666666666666,9.0,0.0,0.0,0.0,8.65795382835679
2.3091954022988506,3.24,1.4700000000000002,-2.1310526315789478,-1.77,2.46,123.92011494252874,168.77142857142857,66.08552631578948,62.125,-106.64642857142857,-102.68590225563909,0.3915682107757968,12886559552.80124,286643647363.3417,741052395456.1414,22.243613292504588,0.02619866830393146,0.058073458073458074,0.1149425287356322,0.3218390804597701,8.0,-0.8344524660164219,1.347205336216442,54.317241379310346,304.8434827586207,-2.690233892685416,18192.122672413796,1.5789473684210529,96.55932203389831,24.526315789473685,0.6931471805599453,124344107811256.25,356725.48022499995,19.181611445342245
2.921222222222222,3.44,2.0644,-1.5563333333333333,-1.3756,2.46,106.19444444444444,138.2,42.18333333333334,37.120000000000005,-101.07999999999998,-96.01666666666665,0.3052339604438013,28978758058.690765,19652051197174.426,23557590474857.56,678.15367233382,0.16939461002857112,0.20031056907132236,0.2777777777777778,0.05555555555555555,14.0,-0.4750457871040361,2.8313281178852945,7.677777777777777,261.23833333333334,-16.264705806243303,13538.65722222222,5.466666666666667,80.52941176470588,50.43333333333334,0.8731726364245316,17485870331941.021,186101.23208064,20.87918147448822
1.7947368421052632,2.5933333333333333,2.1359999999999997,-1.4549771689497717,-0.4573333333333336,1.6800000000000002,119.6203007518797,190.0,61.773972602739725,25.699999999999996,-164.3,-128.22602739726028,0.325126171593367,10830828501.851728,3904172652369.5864,27717025067117.727,360.4685137154648,0.04456200586249986,0.23196930946291558,0.07518796992481203,0.47368421052631576,2.0,-0.4730511566963948,2.5568673358603697,90.0,200.96210526315792,-5.71400898460178,18588.080827067668,0.410958904109589,108.85714285714286,13.84931506849315,0.6108643020548935,661036384116.5388,167877.11010000002,17.512834022140947
2.457582417582418,3.16,1.346,-2.061935483870968,-1.814,2.18,143.43040293040295,181.0,70.71505376344086,77.46666666666665,-103.53333333333335,-110.28494623655914,0.39069090477039153,6449680150.445432,187071436713.97684,318776355419.91034,29.004761840950703,0.026230389788358493,0.0502030972328002,0.10989010989010989,0.23076923076923078,8.0,-0.8055794397717235,1.4624693038120433,41.769230769230774,312.67827838827844,-2.8928171275731063,23312.155372405374,3.838709677419355,105.39999999999999,37.774193548387096,0.1985152433458726,15701518203406.727,97856.81636400003,26.947988179798706
1.8211909262759927,2.643333333333333,2.1247499999999997,-1.5048904267589387,-0.5185833333333334,1.98,117.71550094517958,186.0,61.00865051903115,20.6,-165.4,-124.99134948096885,0.328003497414146,11078757388.627398,4414753864888.908,31122487989299.016,398.4881796780527,0.04808804511633741,0.25521390374331554,0.07561436672967864,0.4706994328922495,2.0,-0.4936093232019986,2.6004154434818614,87.55009451795841,233.07669187145558,-6.010589652992726,17884.888941398865,0.0,105.875,12.737024221453286,0.5331638407372986,170611690638.2625,327141.11694375,16.646528849997196
2.3169565217391304,3.44,1.2260000000000002,-2.348181818181818,-2.2139999999999995,2.46,111.62173913043478,138.2,82.62727272727273,100.78,-37.41999999999999,-55.57272727272726,0.5978818576503092,28978758058.690765,168638387826.7376,221778682708.2984,5.81937940491424,0.02620783193346449,0.03987945247584411,0.21739130434782608,0.2608695652173913,6.0,-1.403935307555226,0.7648766727268691,36.052173913043475,274.58947826086956,-1.4564406964478946,13470.98188405797,8.909090909090908,90.70588235294119,66.36363636363636,0.9502705392332347,546989944005.114,686605.8400000001,20.445191652913408
2.444655172413793,3.16,1.33,-2.1235039370078743,-1.83,2.18,140.4205031446541,181.0,71.64169491525423,82.39999999999999,-98.60000000000001,-109.35830508474577,0.395810469145051,6449680150.445432,158975485576.78375,248904804628.4526,24.648584405508,0.022627696099538637,0.04292213163180905,0.10314465408805032,0.26792452830188684,8.0,-0.8405050895384496,1.3917919823341403,48.49433962264152,306.116696855346,-2.4745264934182583,22527.457974842768,4.447457627118644,107.24226804123711,40.41016949152542,0.6931471805599453,12476906796755.213,265740.25,26.09611986555276
2.6611260330578514,3.44,1.4237829912023459,-2.0487771739130434,-2.0162170087976543,2.46,117.01503837072019,138.2,82.47434006211179,83.65999162128193,-54.540008378718056,-55.725659937888196,0.5967752537055847,28978758058.690765,408027893388.134,430488812112.4531,14.080240863385306,0.04552247143470113,0.04795386946618774,0.35227272727272724,0.02789256198347108,18.0,-1.2226595177481674,1.148610084120327,3.8547520661157026,287.8569943919717,-2.5367697627023844,14702.740435922302,9.05978260869565,92.54410201912859,85.9945652173913,0.8800417388415909,21241846431352.984,132903.83528609318,26.667190012396123
2.27864406779661,3.44,1.2056,-2.362758620689655,-2.2344,2.46,110.72881355932202,138.2,82.31034482758622,101.86,-36.33999999999999,-55.88965517241377,0.5955886022256601,28978758058.690765,152913440351.83194,190610834054.67325,5.2767423656367844,0.02452293190143654,0.03733764645577722,0.211864406779661,0.2796610169491525,6.0,-1.4072321042931804,0.722365890479243,38.649152542372875,272.39288135593216,-1.3705782077878734,13277.971751412428,7.8793103448275845,91.09411764705882,61.120689655172406,0.8731726364245317,268550006229.48425,413493.07840000006,19.547940637156557
2.3231707317073176,3.44,2.154,-2.1804761904761905,-1.286,2.46,96.53658536585365,138.2,56.857142857142854,22.800000000000004,-115.39999999999998,-81.34285714285713,0.4114120322513955,28978758058.690765,7583336113753.223,31452076289735.47,261.6860287247186,0.07145067366721246,0.2526854219948849,0.12195121951219513,0.39024390243902446,13.0,-0.8970741407995905,2.4177805365117524,53.931707317073176,237.48,-5.812001940872967,11174.556097560973,0.47619047619047616,73.0,16.761904761904763,0.5004024235381879,503646768850.69635,127906.36960000002,12.781588651430347
2.884891304347826,3.44,2.086,-1.5959375,-1.354,2.46,103.04347826086958,138.2,37.125,28.620000000000005,-109.57999999999998,-101.07499999999999,0.26863241678726485,28978758058.690765,18737374158386.082,23949019576281.727,646.5899649818402,0.1669015722884009,0.20948586438100505,0.27173913043478265,0.07608695652173914,14.0,-0.4287205476664255,2.810628960116503,10.515217391304347,253.48695652173916,-16.86957641905012,13080.318206521739,2.5,78.38823529411766,37.09375,0.8731726364245316,1065362704147.5713,173689.06020064003,19.290994870248436
2.897486338797814,3.44,2.094,-1.5758730158730159,-1.346,2.46,103.2363387978142,138.2,36.638888888888886,28.615,-109.585,-101.5611111111111,0.2651149702524522,28978758058.690765,19039357455248.87,23957258143336.293,657.0108151870554,0.1696663090240811,0.20992769751849036,0.27322404371584696,0.07103825136612021,14.0,-0.4177875277248167,2.8175725186273604,9.817486338797814,253.96139344262292,-17.231498862606813,13126.771789617485,2.698412698412698,78.36470588235295,37.98412698412699,0.8420953021316528,989613587377.7834,178324.37785236002,19.504319824371745
2.4354545454545455,3.44,1.48,-2.21,-1.96,2.46,112.39999999999999,138.2,81.44,95.38,-42.81999999999999,-56.75999999999999,0.5892908827785818,28978758058.690765,259680085742.50677,395005362726.2432,8.961049511389547,0.0316392183721968,0.04846362192957878,0.22727272727272727,0.22727272727272727,6.0,-1.3023328509406658,0.9523588768845394,31.409090909090907,276.50399999999996,-1.7958420348058899,13710.51515151515,10.3,90.76470588235296,67.69999999999999,0.6730116670092565,118834483689803.34,20075.570016000005,21.369602805983842
2.1919999999999997,2.9599999999999995,1.22,-1.9199999999999995,-1.7399999999999995,1.98,147.445,196.0,74.6125,95.94999999999999,-100.05000000000001,-121.3875,0.38067602040816323,5079321332.016004,125737447879.54507,129885365241.86926,24.754773258190255,0.018927682241908404,0.031266284523189164,0.1,0.3,8.0,-0.7308979591836732,1.3936589527572718,58.8,291.9411,-2.2975840281396565,25337.11525,2.75,120.85714285714283,31.75,0.0,0.0,0.0,38.80259399084234
2.440215053763441,3.16,1.48,-2.0284848484848483,-1.6800000000000002,2.18,141.16935483870967,181.0,68.75,71.625,-109.375,-112.25,0.3798342541436464,6449680150.445432,212121940729.06564,413986344260.74475,32.88875351662453,0.026009254790458902,0.0517564667344403,0.1075268817204301,0.24731182795698922,8.0,-0.77048802946593,1.51704741403875,44.76344086021505,307.7491935483871,-2.919538850229012,22824.768145161295,3.090909090909091,104.37142857142857,33.303030303030305,0.6108643020548935,49035834988386.39,21102.69,25.80828663022923
1.864705882352941,2.58,2.1,-1.3511111111111112,-0.48,1.6,118.08823529411765,184.0,59.5,31.5,-152.5,-124.5,0.3233695652173913,12278644599.949677,4596036545008.434,20246922621882.254,374.3113914240396,0.05386420805573974,0.19053708439897699,0.11764705882352941,0.4117647058823529,12.0,-0.4369082125603865,2.573233044205849,75.76470588235294,188.94117647058826,-6.706093902939598,17949.808823529413,1.1111111111111112,105.60000000000001,18.11111111111111,0.6931471805599453,786948076329.2129,199853.70250000004,17.880305900946606
2.2663025210084036,3.44,1.1988,-2.3672881355932205,-2.2412,2.46,110.44117647058823,138.2,82.21186440677965,102.22,-35.97999999999999,-55.988135593220335,0.5948760087321249,28978758058.690765,148027157238.16068,180221551170.1315,5.108126336482773,0.02399937539430921,0.03649037778242159,0.21008403361344538,0.2857142857142857,6.0,-1.4082429176206082,0.7082616298910693,39.48571428571428,271.68529411764706,-1.3436802837291797,13215.797619047618,7.559322033898306,91.22352941176472,59.49152542372883,0.8030448563658358,149353437844.6761,313813.9296,19.267380051495987
1.9003636363636365,2.5859259259259257,2.19,-1.3466402116402114,-0.3959259259259258,1.6800000000000002,120.49090909090908,186.66666666666666,56.67857142857143,17.0,-169.66666666666666,-129.98809523809524,0.3036352040816327,11635170778.572813,8438174221518.522,38922178734970.945,725.2299413652063,0.07466542172424526,0.29411764705882354,0.10909090909090909,0.4,20.0,-0.40888737548590864,2.8604757257892484,74.66666666666667,202.4247272727273,-9.705615950083738,19003.11818181818,0.0,106.27272727272728,14.785714285714285,0.0,0.0,0.0,18.20842703867005
2.252,3.06,1.22,-2.02,-1.84,2.18,142.945,188.5,74.6125,95.94999999999999,-92.55000000000001,-113.8875,0.3958222811671087,5764500741.230718,125737447879.54507,129885365241.86926,21.812374310268577,0.018927682241908404,0.031266284523189164,0.1,0.3,8.0,-0.7995610079575596,1.3387029417696592,56.55,311.62010000000004,-2.1556264113253434,23640.61525,2.75,114.42857142857142,31.75,0.0,0.0,0.0,30.407877048600024
2.387692307692308,3.171666666666667,1.5550000000000002,-2.0383333333333336,-1.6166666666666667,2.46,137.42820512820512,179.21666666666667,70.56666666666666,79.0,-100.21666666666667,-108.65,0.3937505812331442,7388391729.955655,164054598172.22037,273229019059.2079,22.20437196190801,0.022701804368471034,0.044391025641025636,0.10256410256410256,0.28205128205128205,17.0,-0.8025949347468924,1.3464384939098264,50.5482905982906,338.0733846153846,-2.466551044634378,21735.615128205125,4.2666666666666675,104.07142857142858,33.26666666666667,0.6931471805599453,87528275595540.4,721013.265625,24.44874050187076
1.8022222222222222,2.5725,2.01,-1.3864999999999998,-0.5625,1.6,118.44444444444444,187.5,63.2,46.0,-141.5,-124.3,0.3370666666666667,11672459452.268148,413817148765.728,1571666508793.5586,35.452438319270975,0.02924315619967794,0.08695652173913043,0.1111111111111111,0.4444444444444444,4.0,-0.4673429333333333,1.5496461101026653,83.33333333333333,189.51111111111112,-3.6349243156199678,17901.444444444445,2.0,109.2,20.0,0.0,0.0,0.0,19.660569711757336
2.293675213675214,3.44,1.2146153846153847,-2.3529824561403507,-2.2253846153846153,2.46,110.99358974358975,138.2,82.35526315789474,100.06730769230766,-38.132692307692324,-55.84473684210525,0.5959136263234063,28978758058.690765,167022386084.91962,217895266743.02063,5.763614360099514,0.025199711731309894,0.03758170420866941,0.22222222222222224,0.26495726495726496,6.0,-1.4021743081139517,0.7606949147367309,36.61709401709401,273.0442307692308,-1.4072712701319134,13343.164351851849,7.824561403508771,91.61627906976744,61.73684210526315,0.9351821452307466,18142740625125.55,318845.25775517756,19.835440963485315
2.086666666666667,2.58,1.96,-1.1099999999999999,-0.6200000000000001,1.6,132.55555555555554,184.0,68.25,69.0,-115.0,-115.75,0.37092391304347827,12278644599.949677,295016887163.61615,465678965568.4619,24.026828430625418,0.03639291465378421,0.057971014492753624,0.22222222222222224,0.22222222222222224,11.0,-0.41172554347826085,1.3806964472090923,40.88888888888889,212.08888888888887,-4.212479871175523,20879.38888888889,10.0,114.14285714285714,54.5,0.0,0.0,0.0,30.52557687327385
1.8840000000000001,2.58,2.1133333333333333,-1.3384615384615386,-0.4666666666666668,1.6,119.44,184.0,59.84615384615385,34.333333333333336,-149.66666666666666,-124.15384615384616,0.32525083612040134,12278644599.949677,6119506501776.774,26103345478503.453,498.3861575244107,0.06110418898142684,0.2154021028701336,0.12,0.4,12.0,-0.43533573449961416,2.697565971463613,73.60000000000001,191.104,-7.58632007815561,18286.94,1.5384615384615385,106.66666666666667,20.153846153846153,0.6365141682948128,3861494956575.2715,7835.8507555555525,18.269338548160913
2.8724324324324324,3.44,2.0780000000000003,-1.6153846153846154,-1.3619999999999997,2.46,102.8527027027027,138.2,37.59615384615385,28.625,-109.57499999999999,-100.60384615384615,0.2720416341979294,28978758058.690765,18444682655272.918,23940781009227.164,636.4897563214009,0.16422190437535705,0.20904403124351972,0.2702702702702703,0.08108108108108109,14.0,-0.43945187062742447,2.8037914185020245,11.205405405405406,253.01764864864865,-16.521355202870055,13034.366824324325,2.307692307692308,78.41176470588236,36.23076923076923,0.8979457248567797,1139962473618.6294,168991.94648100002,19.082271726117167
2.404042553191489,3.16,1.286,-2.09,-1.874,2.18,141.8276595744681,181.0,72.7,85.17999999999999,-95.82000000000001,-108.3,0.4016574585635359,6449680150.445432,159948725890.00504,245374127004.96826,24.799481859415703,0.023185676510018235,0.043275744578506435,0.10638297872340426,0.2553191489361702,8.0,-0.83946408839779,1.394442607118662,46.212765957446805,309.1842978723405,-2.511008766034975,22854.67670212766,3.4117647058823533,106.54285714285713,35.76470588235294,0.6730116670092565,1553327997626.662,25977.840000000004,25.823667459047563
2.8488043478260874,3.44,1.9532000000000003,-1.6996874999999998,-1.4867999999999997,2.46,104.53260869565217,138.2,41.40625,34.1,-104.1,-96.79374999999999,0.2996110709117222,28978758058.690765,18483915390863.625,23624592353852.99,637.8436009379041,0.1609412781771082,0.20185668791855038,0.27173913043478265,0.07608695652173914,14.0,-0.5092451920902678,2.8047142028961733,10.515217391304347,257.15021739130435,-15.578109844555465,13238.111684782609,0.875,79.23529411764707,38.84375,0.8731726364245316,49679648937385.78,613716.4696,18.90040573544991
1.7933333333333334,2.565,1.96,-1.389,-0.605,1.6,122.55555555555556,191.0,67.8,69.0,-122.0,-123.2,0.35497382198952876,11066274304.58662,192619640120.70865,465678965568.46185,17.406006287127177,0.023446054750402578,0.057971014492753624,0.1111111111111111,0.4444444444444444,4.0,-0.49305863874345546,1.2406991360554418,84.88888888888889,196.0888888888889,-2.8885539452495976,18789.555555555555,4.0,116.0,27.2,0.0,0.0,0.0,22.95004721683884
2.9230939226519337,3.44,2.1100000000000003,-1.5337704918032784,-1.3299999999999996,2.46,103.62845303867401,138.2,35.618852459016395,28.604999999999997,-109.595,-102.5811475409836,0.25773409883514037,28978758058.690765,19673027324075.703,23973735277445.426,678.877517257015,0.17546772381370512,0.21081136379346094,0.2762430939226519,0.06077348066298342,14.0,-0.395304955524848,2.83179142615429,8.398895027624308,254.92599447513805,-17.999680465214247,13221.218853591157,3.114754098360656,78.31764705882354,39.85245901639344,0.7524177643476055,834667311942.0203,187409.62495204003,19.945342787281632
2.368,3.16,1.78,-1.9800000000000002,-1.3800000000000001,2.18,136.85,181.0,70.625,80.0,-101.0,-110.375,0.39019337016574585,6449680150.445432,149288957386.92316,224091403271.38156,23.146722613308643,0.02048611111111111,0.0375,0.1,0.3,8.0,-0.7725828729281768,1.3644895071588188,54.3,298.333,-2.261154513888889,21663.475,5.0,105.14285714285714,31.75,0.0,0.0,0.0,24.446652852180122
2.3265656565656565,3.16,1.231,-2.1156410256410254,-1.929,2.18,138.98030303030302,181.0,74.33461538461539,94.15499999999999,-86.84500000000001,-106.66538461538461,0.41068848278793035,6449680150.445432,130708317334.05635,149133492202.38577,20.26586036596393,0.019546365169753423,0.03326786119907538,0.10101010101010101,0.29292929292929293,8.0,-0.8688694029444136,1.3067650459883426,53.02020202020202,302.9770606060606,-2.0849205586645065,22088.210833333334,2.8461538461538467,107.75714285714285,32.333333333333336,0.3250829733914482,582497999109.9983,9741.69,24.13433643123022
1.7966666666666669,2.5725,1.96,-1.3964999999999999,-0.6124999999999998,1.6,121.0,187.5,67.8,69.0,-118.5,-119.7,0.3616,11672459452.268148,192619640120.70865,465678965568.46185,16.502061190135855,0.023446054750402578,0.057971014492753624,0.1111111111111111,0.4444444444444444,4.0,-0.5049743999999999,1.217538193159035,83.33333333333333,193.60000000000002,-2.8064927536231887,18195.333333333332,4.0,113.4,27.2,0.0,0.0,0.0,20.76334751479042
2.6860869565217387,3.2104,1.6,-1.9040842105263156,-1.6103999999999998,2.46,143.62028985507243,173.296,65.52631578947368,63.75,-109.54599999999999,-107.76968421052631,0.37811787802069113,10504914173.929592,447367979827.35376,738079833789.0787,42.58654306168463,0.04829721362229102,0.0784313725490196,0.14492753623188406,0.13043478260869565,17.0,-0.7199682812569134,1.6292723878979383,22.60382608695652,353.30591304347814,-5.204975460322633,23141.17442028985,7.368421052631579,99.43333333333334,46.89473684210526,0.0,0.0,0.0,29.70571398409282
1.8400769230769234,2.641833333333334,2.19,-1.4889761904761911,-0.451833333333334,1.98,118.63076923076923,186.70000000000002,60.285714285714285,17.0,-169.70000000000002,-126.41428571428574,0.3229015226872752,10957520359.091093,5666901083931.938,38922178734970.945,517.1700255368722,0.05471521942110178,0.29411764705882354,0.07692307692307693,0.46153846153846156,2.0,-0.4807926791498604,2.713633345827126,86.16923076923078,234.88892307692308,-6.916785380818997,18225.14615384615,0.0,106.27142857142857,12.857142857142856,0.0,0.0,0.0,17.28488287610322
2.3630000000000004,3.1516666666666673,1.78,-1.9716666666666673,-1.3716666666666673,2.18,137.24,181.65,70.625,80.0,-101.65,-111.025,0.3887971373520506,6402047948.127376,149288957386.92316,224091403271.38156,23.318937720638406,0.02048611111111111,0.0375,0.1,0.3,8.0,-0.76657835581246,1.3677087625289621,54.495,299.18320000000006,-2.2744704861111114,21819.865,5.0,105.62857142857143,31.75,0.0,0.0,0.0,24.760399339986435
2.59,3.13,1.5,-1.89,-1.63,2.46,145.94285714285715,177.02,68.25,69.0,-108.02000000000001,-108.77000000000001,0.38554965540616876,9285484386.22039,353226757859.6738,582098706960.5773,38.040746520866534,0.04363929146537843,0.07246376811594203,0.14285714285714285,0.14285714285714285,17.0,-0.7286888487176589,1.580249031049597,25.28857142857143,359.0194285714286,-4.7466457326892115,23834.124285714286,11.5,102.16666666666666,76.5,0.0,0.0,0.0,33.25124062927193
2.8389189189189192,3.44,1.954,-1.7107692307692306,-1.486,2.46,104.94054054054054,138.2,43.53846153846154,36.35,-101.85,-94.66153846153844,0.31503951909161754,28978758058.690765,18169438609451.08,23582963749658.77,626.9916251294296,0.1573074949411848,0.20005529897909574,0.2702702702702703,0.08108108108108109,14.0,-0.5389599157382748,2.7972617398987127,11.205405405405406,258.1537297297297,-14.890969482663227,13274.736756756756,2.0,79.88235294117649,41.15384615384616,0.8979457248567797,46244704647214.58,543827.301225,19.184105130969286
2.2193181818181817,3.44,2.046,-2.2379166666666666,-1.3940000000000001,2.46,96.5340909090909,138.2,61.8125,40.2,-97.99999999999999,-76.38749999999999,0.4472684515195369,28978758058.690765,1982149422356.7424,9041768954029.037,68.40008182346149,0.03847605064570112,0.12838874680306905,0.11363636363636363,0.43181818181818177,13.0,-1.0009495221297637,1.8350566212443349,59.677272727272715,237.47386363636363,-2.939089318698494,10847.876136363637,1.6666666666666672,74.2,19.29166666666667,0.5004024235381879,503646768850.6963,127906.36960000005,12.994070802588205
2.6192260692464355,3.4399999999999995,1.392820512820513,-2.121052631578947,-2.047179487179487,2.46,114.24412763068565,138.2,76.29298245614035,78.2094017094017,-59.990598290598285,-61.90701754385964,0.5520476299286567,28978758058.690765,411367567982.6402,473921630890.40674,14.195486471487019,0.045499285473437984,0.05218692651441996,0.31771894093686354,0.06924643584521385,18.0,-1.1709220782170982,1.1521502801491101,9.569857433808554,281.0405539714867,-2.816725064037203,14145.329861959717,6.947368421052632,91.945295404814,77.73684210526315,0.652825793916348,202437667015855.25,123636.52202498357,24.192530741912687
2.707058823529412,3.2048,1.6,-1.8803555555555556,-1.6048,2.46,145.36911764705883,174.152,65.41666666666667,63.75,-110.40199999999999,-108.73533333333332,0.3756297181006631,10054332615.764687,465313155997.8305,738079833789.0787,46.27986498758187,0.05015734688937303,0.0784313725490196,0.14705882352941177,0.11764705882352942,17.0,-0.706317427262349,1.6653920833126914,20.488470588235295,357.60802941176473,-5.4538758331316055,23615.390367647058,7.777777777777779,100.03333333333335,49.0,0.0,0.0,0.0,30.70486276030139
2.152,3.3,1.4700000000000002,-2.32,-1.7175,2.46,90.84,159.6,67.5,77.53333333333333,-100.85833333333333,-92.1,0.42293233082706766,17714219104.5681,124354808758.77036,471392579892.14136,7.020055923701544,0.014814814814814815,0.05220496643293334,0.0,0.4,1.0,-0.9812030075187969,0.8463405718532024,63.84,223.4664,-1.3644444444444443,12194.548,0.0,64.66666666666666,9.0,0.0,0.0,0.0,7.726932016907488
1.9026530612244898,2.58,1.9528571428571426,-1.3276,-0.6271428571428574,1.69,121.19241982507289,184.0,60.89714285714285,43.91836734693878,-140.0816326530612,-123.10285714285715,0.33096273291925465,12278644599.949677,6443772194911.55,22693702616447.27,524.7950734674705,0.0652246475941236,0.19484993188377472,0.14285714285714285,0.3673469387755102,12.0,-0.43938612422360246,2.7199897494317518,67.59183673469389,204.81518950437317,-8.029340474972598,18809.789462723864,1.6,108.25806451612902,23.119999999999997,0.9556998911125343,276748910840939.84,170388.07265306124,19.41107527354653
2.32,3.44,1.24,-2.341818181818182,-2.2,2.46,110.79710144927535,138.2,80.90303030303029,96.98666666666665,-41.21333333333334,-57.2969696969697,0.5854054291102048,28978758058.690765,191425078025.15363,271909401144.81357,6.605703309902372,0.027509031299527465,0.04274209108118265,0.21739130434782608,0.2608695652173913,6.0,-1.3709130776253522,0.8199190637898776,36.052173913043475,272.56086956521733,-1.576184132762016,13314.674589371978,8.0,90.3529411764706,63.09090909090909,1.0549201679861442,2697479748415.537,1082522.1600000001,19.95507695188962
1.787313432835821,2.5933333333333333,2.118,-1.4595495495495494,-0.4753333333333334,1.6800000000000002,119.44776119402984,190.0,62.243243243243235,28.6,-161.4,-127.75675675675677,0.32759601706970126,10830828501.851728,3348357381156.2324,23981973844499.99,309.1506232033652,0.04136054212780556,0.2112531969309463,0.07462686567164178,0.47761194029850745,2.0,-0.47814261914830897,2.4901701263112317,90.74626865671641,200.67223880597015,-5.284088719949646,18497.0,0.5405405405405406,109.0,14.162162162162161,0.6730116670092565,755470153276.0444,191859.55440000002,17.503281305590125
2.2901063829787236,3.44,1.2214285714285715,-2.349782608695652,-2.2185714285714284,2.46,110.92765957446808,138.2,82.4695652173913,100.29047619047618,-37.909523809523805,-55.73043478260868,0.596740703454351,28978758058.690765,156832306792.282,195495994927.41492,5.41197474628309,0.02474518313285484,0.03656705017814058,0.22340425531914893,0.26595744680851063,6.0,-1.4022109268778433,0.7333557613964852,36.75531914893617,272.88204255319147,-1.379059814769275,13320.732269503544,7.782608695652174,91.84057971014492,61.2391304347826,0.8324075743474855,21179186414268.516,272291.04435827665,19.88889894613296
2.4354545454545455,3.44,1.48,-2.21,-1.96,2.46,112.39999999999999,138.2,81.44,95.38,-42.81999999999999,-56.75999999999999,0.5892908827785818,28978758058.690765,259680085742.50677,395005362726.2432,8.961049511389547,0.0316392183721968,0.04846362192957878,0.22727272727272727,0.22727272727272727,6.0,-1.3023328509406658,0.9523588768845394,31.409090909090907,276.50399999999996,-1.7958420348058899,13710.51515151515,10.3,90.76470588235296,67.69999999999999,0.6730116670092565,118834483689803.34,20075.570016000005,21.369602805983842
2.471875,3.1866666666666665,1.33,-2.079393939393939,-1.8566666666666665,2.46,140.621875,176.92380952380952,71.31818181818181,78.0,-98.92380952380952,-105.60562770562771,0.4031010976427351,8595306617.89737,196359109154.50266,322366634847.03424,22.84492198866282,0.028075628075628075,0.05128205128205128,0.125,0.21875,8.0,-0.8382059794013479,1.358789679356,38.702083333333334,345.92981249999997,-2.9649443261564477,22402.7259375,4.363636363636363,103.48,42.09090909090909,0.0,0.0,0.0,26.572820591156557
2.4454054054054053,3.16,1.455,-2.033846153846154,-1.705,2.18,141.68243243243242,181.0,69.09615384615384,72.6875,-108.3125,-111.90384615384616,0.38174670633234165,6449680150.445432,208773757661.2389,398716392691.7931,32.369629623698536,0.026157147946371938,0.05167739749237547,0.10810810810810811,0.24324324324324326,8.0,-0.7764140704174703,1.5101377301932992,44.02702702702703,308.8677027027027,-2.927085459614198,22938.994932432433,3.230769230769231,104.57142857142856,34.230769230769226,0.5623351446188083,43781995525344.99,18841.6875,26.061181620049684
2.2911965811965813,3.44,1.2124,-2.3580701754385966,-2.2276,2.46,111.02136752136751,138.2,82.41228070175437,101.49999999999999,-36.7,-55.78771929824562,0.5963261989996699,28978758058.690765,157971171995.80746,201000116939.21494,5.451274746690937,0.025064858812322725,0.03818491512913285,0.2136752136752137,0.27350427350427353,6.0,-1.406179024693783,0.7364980712158878,37.7982905982906,273.1125641025641,-1.3983113076720184,13341.20868945869,8.210526315789476,90.96470588235294,62.807017543859665,0.9173573878312139,374554946717.8266,508851.4464000001,19.837488189550402
2.8451933701657457,3.44,1.828,-1.7649180327868852,-1.6119999999999999,2.46,106.6307550644567,138.2,44.52732240437159,39.47333333333333,-98.72666666666666,-93.6726775956284,0.32219480755695795,28978758058.690765,19294289563007.92,23511675208942.734,665.8080213075777,0.16513781664427288,0.19820887704675366,0.2762430939226519,0.06077348066298342,14.0,-0.5686474259275753,2.82334902300544,8.398895027624308,262.31165745856345,-15.468901457364971,13582.02022713321,7.19672131147541,81.1058823529412,66.54098360655738,0.7524177643476055,168912342017904.38,1125794.8084,22.14686670173417
2.9283333333333332,3.44,2.09,-1.535,-1.35,2.46,105.20277777777777,138.2,39.208333333333336,33.55,-104.64999999999999,-98.99166666666665,0.28370718765074776,28978758058.690765,19733992675141.06,23655920248417.516,680.9813117309494,0.17222742090799445,0.2037099421266304,0.2777777777777778,0.05555555555555555,14.0,-0.4354905330438978,2.833135193669773,7.677777777777777,258.79883333333333,-17.04907944138388,13413.038472222219,4.333333333333333,79.1764705882353,46.83333333333333,0.9502705392332347,14992464942452.387,341933.742784,20.459570449630803
1.88578,2.58,2.1281666666666665,-1.3350384615384616,-0.45183333333333353,1.6,118.494,184.0,58.026923076923076,26.45,-157.55,-125.97307692307692,0.31536371237458194,12278644599.949677,6214910235960.208,26516761659965.0,506.1560488513268,0.06346559569065963,0.225634865276809,0.12,0.4,21.0,-0.42102268539361976,2.7042844312804677,73.60000000000001,189.59040000000002,-7.994956367908364,18179.086,0.7307692307692306,105.25,17.276923076923076,0.7026859160767704,678657971626.5306,190804.46973333336,17.879895558344444
2.3276086956521738,3.44,1.2481818181818183,-2.325909090909091,-2.1918181818181814,2.46,111.73043478260868,138.2,82.85454545454546,98.2090909090909,-39.990909090909085,-55.34545454545453,0.5995263781081438,28978758058.690765,171590732134.83133,218826655510.8923,5.921259005900395,0.026110905709693436,0.03740699660457206,0.2391304347826087,0.2391304347826087,6.0,-1.3944438530815328,0.7724140582738845,33.04782608695652,274.8568695652174,-1.4451199450964871,13494.025362318838,8.363636363636363,92.31428571428572,64.86363636363636,0.9164648855394713,38581108100742.695,322799.79571074375,20.866058971081838
2.555624273424785,3.1786666666666665,1.2335203366058907,-2.0597273891878043,-1.9451463300607759,2.46,150.44435402619544,178.14666666666665,86.56507814501664,102.28775128564749,-75.85891538101916,-91.58158852165,0.4859202799847503,7951618677.661789,187569483344.58524,239701641348.03427,23.58884284422715,0.029158826334665353,0.04098810932719287,0.1657754010695187,0.13671239246686817,17.0,-1.0008633096463966,1.3727066369986556,24.354857009997673,370.0931109044408,-2.6704116351555744,24665.321598336304,11.874711760184473,108.2593590088877,82.98539584934665,0.6368377286186921,692358531552.4363,977886.3137799511,34.78812264024187
2.3520000000000003,3.1333333333333333,1.78,-1.9533333333333334,-1.3533333333333333,2.18,138.05,183.0,70.625,80.0,-103.0,-112.375,0.3859289617486339,6266965641.321509,149288957386.92316,224091403271.38156,23.821569469374452,0.02048611111111111,0.0375,0.1,0.3,8.0,-0.7538479052823316,1.3769703713127772,54.9,300.94900000000007,-2.302126736111111,22115.875,5.0,106.85714285714286,31.75,0.0,0.0,0.0,26.088712563756634
2.897486338797814,3.44,2.094,-1.5758730158730159,-1.346,2.46,103.2363387978142,138.2,36.638888888888886,28.615,-109.585,-101.5611111111111,0.2651149702524522,28978758058.690765,19039357455248.87,23957258143336.293,657.0108151870554,0.1696663090240811,0.20992769751849036,0.27322404371584696,0.07103825136612021,14.0,-0.4177875277248167,2.8175725186273604,9.817486338797814,253.96139344262292,-17.231498862606813,13126.771789617485,2.698412698412698,78.36470588235295,37.98412698412699,0.8420953021316528,989613587377.7834,178324.37785236002,19.504319824371745
2.4860115606936417,3.1721739130434785,1.4020000000000001,-2.0466566716641683,-1.7701739130434784,2.46,142.71676300578034,179.1391304347826,70.5,76.2,-102.9391304347826,-108.6391304347826,0.3935488568516092,7429205276.8908825,212046222447.8832,378659908457.19763,28.542248402728806,0.02849494056390608,0.05448717948717949,0.11560693641618497,0.21965317919075142,17.0,-0.8054593935011527,1.455488181477884,39.34847951746669,351.08323699421965,-3.0956655646535705,23058.125433526013,4.413793103448277,104.40740740740739,40.379310344827594,0.3250829733914482,45634202426858.4,134884.314756,27.102045610131636
2.8477173913043483,3.44,1.9492,-1.7028125,-1.4908,2.46,105.03804347826087,138.2,42.859375,35.96,-102.23999999999998,-95.34062499999999,0.3101257235890015,28978758058.690765,18458685749428.957,23592298412816.613,636.9729755859283,0.15998106341939897,0.20062761302868254,0.27173913043478265,0.07608695652173914,14.0,-0.5280859586988966,2.8041210072130998,10.515217391304347,258.39358695652174,-15.252694574570134,13307.229891304347,1.75,79.82352941176472,41.09375,0.8731726364245316,48164088967652.45,565263.3245999999,19.198886158151435
2.848369565217392,3.44,1.9516000000000002,-1.7009375,-1.4883999999999997,2.46,104.48369565217392,138.2,41.265625,33.92,-104.27999999999999,-96.93437499999999,0.2985935238784371,28978758058.690765,18488978194709.74,23631072742776.016,638.0183083506876,0.16107768039187606,0.20203128275345322,0.27173913043478265,0.07608695652173914,14.0,-0.5078889220219791,2.8048331412628436,10.515217391304347,257.0298913043478,-15.61396427523626,13232.670108695651,1.125,79.42352941176472,38.84375,0.8731726364245316,48271401710494.97,574892.53845216,18.991820658476026
1.8386923076923076,2.638833333333333,2.19,-1.4859761904761901,-0.448833333333333,1.98,119.27692307692307,188.1,60.285714285714285,17.0,-171.1,-127.81428571428572,0.32049821523505734,10715046300.01848,5666901083931.938,38922178734970.945,528.8732241802973,0.05471521942110178,0.29411764705882354,0.07692307692307693,0.46153846153846156,2.0,-0.4762527169294085,2.723351580093088,86.81538461538462,236.16830769230768,-6.993386688008537,18471.976923076923,0.0,107.38571428571427,12.857142857142856,0.0,0.0,0.0,18.01896924136858
2.624312114989733,3.44,1.3811501597444091,-2.12427807486631,-2.058849840255591,2.46,115.58596851471593,138.2,79.30677361853833,81.60777422790201,-56.592225772097976,-58.89322638146166,0.5738550913063556,28978758058.690765,410295934765.5137,466022480089.51154,14.158506514825104,0.04539139541496712,0.05135040952553992,0.32135523613963035,0.06262833675564682,18.0,-1.2190277886124956,1.151017444979603,8.65523613963039,284.3414825462012,-2.673245725944099,14444.375676477297,7.4144385026737964,91.23439211391019,79.20053475935829,0.6540041591532465,22320092228515.13,129069.30151374414,24.434969286923916
1.8852901160464184,2.58,2.1248829431438123,-1.3364742109314858,-0.45511705685618775,1.6,118.85274109643856,184.0,58.670515781370284,29.140468227424744,-154.85953177257525,-125.32948421862972,0.31886149881179504,12278644599.949677,6180052310390.372,26433221212168.305,503.31714222070576,0.06257930572719246,0.22232676697260262,0.11964785914365746,0.4001600640256102,12.0,-0.42615017002092465,2.701841722062309,73.62945178071229,190.16438575430172,-7.843032109548972,18222.496598639453,1.0161662817551964,105.71847898599066,18.263279445727488,0.845709674354749,1887265454375.246,132790.21708915115,18.020378622260722
1.8349999999999997,2.6308333333333334,2.19,-1.4779761904761906,-0.4408333333333334,1.98,118.76923076923077,187.0,60.285714285714285,17.0,-170.0,-126.71428571428572,0.32238349885408707,11016775166.933481,5666901083931.938,38922178734970.945,514.3883757327617,0.05471521942110178,0.29411764705882354,0.07692307692307693,0.46153846153846156,2.0,-0.4764751355087489,2.7112911457401174,86.3076923076923,235.16307692307694,-6.933199946645326,18293.73076923077,0.0,106.39285714285714,12.857142857142856,0.0,0.0,0.0,17.080410840308808
2.36,3.1466666666666665,1.78,-1.9666666666666666,-1.3666666666666665,2.18,137.45,182.0,70.625,80.0,-102.0,-111.375,0.38804945054945056,6358322895.8834715,149288957386.92316,224091403271.38156,23.479297895295055,0.02048611111111111,0.0375,0.1,0.3,8.0,-0.7631639194139194,1.3706851060015537,54.6,299.641,-2.281640625,21889.675,5.0,105.99999999999999,31.75,0.0,0.0,0.0,25.254340209288145
2.2523255813953487,3.44,2.082,-2.2204347826086956,-1.358,2.46,96.53488372093022,138.2,60.30434782608695,34.4,-103.79999999999998,-77.89565217391304,0.43635562826401564,28978758058.690765,3686858415390.4536,16511871399264.514,127.226239576018,0.048511805478335,0.16982097186700768,0.11627906976744184,0.41860465116279066,13.0,-0.9688992145844904,2.1045766909338326,57.851162790697664,237.47581395348834,-3.778858725868912,10951.70465116279,1.3043478260869563,73.80000000000001,18.521739130434785,0.6730116670092565,755470153276.0444,191859.55440000008,12.926157557446247
2.4444444444444446,3.1183333333333336,1.33,-2.021666666666667,-1.7883333333333336,2.18,146.5,184.25,71.0,78.0,-106.25,-113.25,0.3853459972862958,6211519138.855145,190358750788.19165,322366634847.03424,30.64608617196935,0.026970560303893637,0.05128205128205128,0.1111111111111111,0.2222222222222222,8.0,-0.7790411578471281,1.4863750184155937,40.94444444444444,319.37,-3.0544159544159544,24398.000000000004,4.0,107.99999999999999,39.33333333333333,0.0,0.0,0.0,29.419993173997412
2.86010752688172,3.44,2.07,-1.6342424242424243,-1.37,2.46,102.66397849462363,138.2,38.053030303030305,28.629999999999995,-109.57,-100.14696969696968,0.27534754199008904,28978758058.690765,18160860591648.03,23932542442172.594,626.6956145900658,0.16162343852028424,0.20860219810603442,0.26881720430107525,0.08602150537634408,14.0,-0.44998463453107584,2.7970566556605596,11.888172043010751,252.55338709677414,-16.186097599810946,12988.90954301075,2.121212121212121,78.43529411764706,35.3939393939394,0.9173573878312138,1213412895790.958,164233.03669344002,18.878015034994434
2.3152173913043477,3.44,1.218,-2.3518181818181816,-2.222,2.55,112.4679089026915,138.2,84.3965367965368,104.67238095238095,-33.52761904761904,-53.803463203463195,0.6106840578620608,28978758058.690765,188225636844.51514,264870630547.40887,6.495296881367421,0.027074237446769026,0.04178554460511409,0.21739130434782608,0.2608695652173913,7.0,-1.436217870626501,0.8125990062162839,36.052173913043475,286.7931677018633,-1.4566877382290626,13743.11735778369,9.818181818181818,91.76470588235296,70.36363636363637,1.0549201679861442,92429088954383.39,1126093.36,21.052697487248132
2.2693684210526315,3.44,1.2005000000000001,-2.366170212765957,-2.2394999999999996,2.46,110.51263157894736,138.2,82.23617021276596,102.13,-36.06999999999999,-55.96382978723403,0.5950518828709549,28978758058.690765,149233133496.00293,182818871891.2669,5.149742207508018,0.024128593596068303,0.0367021949507605,0.21052631578947367,0.28421052631578947,6.0,-1.4079940402995508,0.7117854891074118,39.2778947368421,271.8610736842105,-1.3503285050157117,13231.24298245614,7.638297872340425,91.19117647058823,59.89361702127659,0.8237197315118312,180389295056.17178,339138.79000000004,19.33669903280714
2.6188100463301636,3.16,1.2335203366058907,-2.0158219800181656,-1.9264796633941095,2.18,156.5767292530277,181.0,90.02830759915227,102.28775128564749,-78.71224871435251,-90.97169240084773,0.4973939646362004,6449680150.445432,199052621325.6597,239701641348.03427,30.862401961423252,0.03176445967160459,0.04098810932719287,0.17386003413801512,0.09461107047061693,8.0,-1.002657686642031,1.4894297233472622,17.124603755181663,341.3372697716004,-2.889666654524346,26312.27754070823,14.03178928247048,110.1984917856181,96.425068119891,0.6368377286186921,692358531552.4363,977886.3137799511,39.12203135846361
2.6636708860759493,3.44,1.3484662576687116,-2.1148275862068964,-2.091533742331288,2.46,117.82151898734175,138.2,82.68620689655172,83.71104294478529,-54.4889570552147,-55.513793103448265,0.5983082988173063,28978758058.690765,588512318517.2798,619835831445.7682,20.308403739227334,0.051855661469161464,0.05435535050718486,0.34388185654008435,0.02320675105485232,18.0,-1.2653188953953582,1.3076757887672146,3.2071729957805903,289.8409367088607,-2.8787044620414837,14896.1688185654,14.5,92.54211663066954,104.43103448275863,1.0924018062946081,55169883456894.086,1473845.7450412135,28.2777490339813
2.8566120218579236,3.44,1.9444000000000004,-1.6946031746031744,-1.4955999999999996,2.46,105.13661202185791,138.2,42.158730158730165,35.57,-102.63,-96.04126984126982,0.3050559345783659,28978758058.690765,18757115338295.027,23601633075974.453,647.2711943108875,0.16273950708739776,0.2011999270782693,0.27322404371584696,0.07103825136612021,14.0,-0.5169487551680372,2.8110862799204543,9.817486338797814,258.63606557377045,-15.629708914016012,13340.078142076503,1.492063492063492,79.76470588235296,41.03174603174603,0.8420953021316528,50024181484120.07,584872.2467249999,19.213840302554523
1.8234615384615382,2.6058333333333334,2.19,-1.4529761904761906,-0.4158333333333335,1.98,119.6923076923077,189.0,60.285714285714285,17.0,-172.0,-128.71428571428572,0.31897203325774753,10892810723.545645,5666901083931.938,38922178734970.945,520.2423164925191,0.05471521942110178,0.29411764705882354,0.07692307692307693,0.46153846153846156,2.0,-0.4634587697512868,2.7162056747951646,87.23076923076924,236.99076923076922,-7.04263038548753,18677.73076923077,0.0,107.75,12.857142857142856,0.0,0.0,0.0,17.387036219291893
2.410585106382979,3.17025,1.286,-2.10025,-1.8842499999999998,3.0,141.42573138297874,180.37031249999998,72.7,85.17999999999999,-95.19031249999999,-107.67031249999998,0.40305967757304856,6583548139.008643,159948725890.00504,245374127004.96826,24.295216274379708,0.023185676510018235,0.043275744578506435,0.10638297872340427,0.25531914893617025,8.0,-0.8465260878227953,1.3855207694764737,46.05199468085107,424.27719414893625,-2.4964090353575723,22729.425829454784,3.4117647058823533,106.16785714285713,35.76470588235294,0.6730116670092565,1553327997626.662,25977.840000000004,25.695448234814208
2.348,3.126666666666667,1.78,-1.946666666666667,-1.346666666666667,2.18,138.35,183.5,70.625,80.0,-103.5,-112.875,0.3848773841961853,6221287014.040528,149288957386.92316,224091403271.38156,23.996474853193554,0.02048611111111111,0.0375,0.1,0.3,8.0,-0.7492279745685742,1.3801474473678184,55.05,301.603,-2.312369791666667,22228.975,5.0,107.28571428571429,31.75,0.0,0.0,0.0,26.516180000648582
2.872375690607735,3.44,1.9264,-1.684262295081967,-1.5136,2.46,105.34116022099445,138.2,40.700819672131146,34.80499999999999,-103.395,-97.49918032786884,0.29450665464639036,28978758058.690765,19383226832664.105,23620178677923.277,668.8770717298236,0.16852200696100794,0.2023375892331704,0.2762430939226519,0.06077348066298342,14.0,-0.4960264540716417,2.825346309135646,8.398895027624308,259.1392541436463,-16.43075754590568,13407.52962707182,0.639344262295082,79.65882352941178,40.31147540983606,0.7524177643476055,56108664700890.61,628103.4964000001,19.144843506746856
2.2986021505376346,3.44,1.2075,-2.358888888888889,-2.2325,2.55,112.29042498719917,138.2,84.65354497354497,106.09547619047619,-32.1045238095238,-53.54645502645502,0.6125437407637119,28978758058.690765,185822455488.87656,262657013901.50937,6.41236781481559,0.026542889028558028,0.041202981795737045,0.21505376344086022,0.26881720430107525,6.0,-1.444922624045956,0.8070184256227383,37.1505376344086,286.34058371735784,-1.4212776136398688,13725.861965718184,9.57777777777778,92.19117647058823,69.0,1.080527626604172,108695781767605.33,1143306.5474999999,20.800453953839096
2.5735,3.44,1.3716666666666668,-2.16625,-2.0683333333333334,2.49,115.79083333333332,138.2,82.17708333333334,87.06944444444446,-51.13055555555553,-56.022916666666646,0.5946243367100821,28978758058.690765,336685616085.35895,407462551860.8885,11.618359054707195,0.04135152564404377,0.050197095920453426,0.3,0.1,18.0,-1.2881049693982152,1.0651447938193708,13.82,288.31917500000003,-2.316633075195793,14463.05823611111,11.875,92.05555555555556,89.25,1.0114042647073516,47363343549569.01,1050726.8055555557,26.720648048743215
2.2760000000000002,3.1,1.22,-2.06,-1.8800000000000001,2.18,141.145,185.5,74.6125,95.94999999999999,-89.55000000000001,-110.8875,0.40222371967654985,6038572504.916604,125737447879.54507,129885365241.86926,20.822379424469887,0.018927682241908404,0.031266284523189164,0.1,0.3,8.0,-0.8285808625336927,1.318530355908053,55.65,307.69610000000006,-2.098843364599618,22962.01525,2.75,111.85714285714286,31.75,0.0,0.0,0.0,27.58266577189326
2.8074999999999997,3.44,1.7299999999999998,-1.8975,-1.7100000000000002,2.46,110.675,138.2,55.625,51.666666666666664,-86.53333333333333,-82.57499999999999,0.4024963820549928,28978758058.690765,10052682739412.717,13362125382964.033,346.898328736276,0.1134649995263806,0.14634839443023587,0.25,0.08333333333333333,16.0,-0.7637368849493488,2.540202207531995,11.516666666666666,272.2605,-9.369372335890876,13930.097499999998,11.5,80.27272727272728,83.25,0.6365141682948128,120067056500143.03,1963765.6199999999,23.62450481552001
2.857103825136612,3.44,1.9462,-1.6931746031746033,-1.4938,2.46,104.71857923497267,138.2,40.94444444444444,34.04,-104.16,-97.25555555555555,0.2962694967036501,28978758058.690765,18780195296604.195,23630713823444.008,648.0676383221327,0.16357502478071362,0.20225267937184732,0.27322404371584696,0.07103825136612021,14.0,-0.5016359875139422,2.81162033521796,9.817486338797814,257.60770491803277,-15.908579910062068,13283.852732240437,1.0158730158730158,79.46470588235294,39.317460317460316,0.8420953021316528,50178851821399.05,592573.51185684,19.057362767748653
2.6036916835699797,3.44,1.385714285714286,-2.1362694300518132,-2.0542857142857143,2.46,114.73975659229208,138.2,78.27305699481865,81.00129870129871,-57.19870129870128,-59.92694300518134,0.5663752315109888,28978758058.690765,402134709581.1176,472481567581.5822,13.876878669771596,0.0443060828983096,0.05177465078958426,0.31237322515212984,0.07910750507099393,18.0,-1.2099300930154437,1.1422917911232982,10.93265720081136,282.2598012170385,-2.655128104629839,14275.367971602433,6.9119170984455955,90.80616740088107,75.26943005181347,0.6478476860936295,22030712292905.49,127395.91836734694,23.700675209996216
1.8022727272727275,2.5933333333333333,2.154,-1.4502777777777778,-0.43933333333333335,1.6800000000000002,119.79545454545455,190.0,61.291666666666664,22.800000000000004,-167.2,-128.70833333333334,0.3225877192982456,10830828501.851728,4475427236672.2,31452076289735.47,413.2119011862337,0.04785239914538011,0.2526854219948849,0.07575757575757576,0.4696969696969697,2.0,-0.46784180068226117,2.6161728214271482,89.24242424242425,201.25636363636366,-6.159002540003298,18680.541666666668,0.2777777777777778,108.71428571428572,13.527777777777779,0.5004024235381879,503646768850.69635,127906.36960000002,17.52253680948367
2.665714285714286,3.216,1.6,-1.9260000000000002,-1.616,2.46,141.92142857142858,172.44,65.625,63.75,-108.69,-106.815,0.3805671537926235,10955495732.0945,431217321273.92456,738079833789.0787,39.36082235061794,0.04662309368191721,0.0784313725490196,0.14285714285714285,0.14285714285714285,8.0,-0.732972338204593,1.5950641634027163,24.634285714285713,349.1267142857143,-4.980045751633987,22680.5075,7.0,98.83333333333334,45.0,0.0,0.0,0.0,28.766254623812678
2.307142857142857,3.16,1.55,-1.9900000000000002,-1.61,2.18,134.57142857142858,181.0,72.66666666666667,83.0,-98.0,-108.33333333333333,0.40147329650092084,6449680150.445433,127494324355.90349,133773355550.16972,19.767542169838975,0.01790867172393277,0.024096385542168676,0.14285714285714285,0.2857142857142857,5.0,-0.7989318600368326,1.2959526739452614,51.71428571428571,293.3657142857143,-1.9401061034260498,21006.5,1.6666666666666665,102.80000000000001,27.333333333333332,0.0,0.0,0.0,23.685120984547055
2.332340425531915,3.2276363636363636,1.33,-2.157892773892774,-1.8976363636363636,2.46,128.81170212765957,170.37818181818182,70.1923076923077,78.0,-92.37818181818182,-100.18587412587412,0.41197943858335717,12159438912.209164,175127071858.3252,322366634847.03424,14.402561921050646,0.02416538826795237,0.05128205128205128,0.10638297872340426,0.30851063829787234,17.0,-0.8890074535114283,1.1584397510683473,52.56348162475822,316.8767872340425,-2.4210305472159517,19246.985212765954,3.0769230769230775,98.55384615384617,32.333333333333336,0.0,0.0,0.0,21.237890931970338
2.4094871794871797,3.2183333333333333,1.3860000000000001,-2.1029999999999998,-1.8323333333333331,2.46,132.39102564102564,172.08333333333334,68.88333333333334,71.65,-100.43333333333334,-103.2,0.4002905569007264,11143238047.996544,246183518869.4059,489840939090.6771,22.09263750886732,0.02787608120941455,0.053998613998614,0.12820512820512822,0.25641025641025644,8.0,-0.8418110411622275,1.3442475668071414,44.12393162393163,325.68192307692306,-2.8768115808115815,20256.224679487183,3.2,100.03448275862068,35.06666666666667,0.5004024235381879,79580228999204.0,228304.307344,23.057462467906607
2.8247311827956985,3.44,1.9384000000000001,-1.733939393939394,-1.5015999999999998,2.46,103.755376344086,138.2,41.12878787878788,32.69,-105.50999999999999,-97.07121212121211,0.29760338551944926,28978758058.690765,17974015330029.543,23685906696836.19,620.2479517454377,0.15720265867729813,0.20276676871329274,0.26881720430107525,0.08602150537634408,14.0,-0.5160262339219056,2.7925653387691196,11.888172043010751,255.23822580645157,-15.259852626482513,13105.143413978492,0.42424242424242425,79.34117647058824,35.3939393939394,0.9173573878312138,44311120265352.52,504359.31883104,18.294568149057167
2.3408695652173916,3.44,1.336,-2.2981818181818183,-2.104,2.46,111.23043478260868,138.2,81.80909090909091,98.97999999999999,-39.22,-56.390909090909076,0.5919615840021051,28978758058.690765,196202084552.9277,282418815505.9165,6.7705484187955545,0.02719597422595461,0.04205336551932237,0.21739130434782608,0.2608695652173913,6.0,-1.360435349415747,0.8306238482435263,36.052173913043475,273.62686956521736,-1.5336057102145129,13420.503623188406,8.636363636363637,91.05882352941177,62.36363636363636,0.9502705392332347,79707592210953.75,174893.369344,20.096054542350583
2.3906666666666667,3.2222222222222223,1.4700000000000002,-2.078888888888889,-1.7522222222222221,2.46,129.17666666666668,171.4888888888889,65.70833333333333,62.125,-109.36388888888891,-105.78055555555558,0.38316379422055197,11456141907.833284,329920670991.22736,741052395456.1414,28.79858451872352,0.029234362567695904,0.058073458073458074,0.13333333333333333,0.26666666666666666,8.0,-0.7965549544296141,1.4593711422448272,45.73037037037037,317.7746,-3.092427113723411,19598.236166666666,2.0000000000000004,99.0,28.666666666666668,0.6931471805599453,124344107811256.25,356725.48022499995,21.58619794282059
2.365111111111111,3.44,1.3090000000000002,-2.3033333333333332,-2.131,2.46,111.91611111111109,138.2,81.87738095238095,97.6925,-40.50749999999999,-56.32261904761904,0.5924557232444353,28978758058.690765,212956388557.7,310418126336.5227,7.348706529327406,0.028929792992713626,0.04445626898840231,0.2222222222222222,0.24444444444444444,6.0,-1.364623015873016,0.8662109041712398,33.78222222222222,275.31363333333326,-1.6294017098550884,13574.291898148147,8.809523809523808,90.1764705882353,61.738095238095234,0.8237197315118312,36504212690823.875,620781.1079687501,20.39504667845249
2.3138095238095238,3.16,1.36,-2.090588235294118,-1.8,2.18,136.32142857142856,181.0,70.61764705882352,80.75,-100.25,-110.38235294117648,0.39015274618134543,6449680150.445433,146366661975.1191,217905184928.2526,22.693631088823935,0.020070553161064906,0.03715170278637771,0.09523809523809523,0.3095238095238095,8.0,-0.8156487411344129,1.355903990625884,56.02380952380952,297.18071428571426,-2.2154348827493116,21531.869047619046,0.23529411764705882,105.20689655172416,21.941176470588236,0.0,0.0,0.0,21.8907639971167
1.8391538461538461,2.6398333333333333,2.19,-1.4869761904761905,-0.4498333333333333,1.98,119.06153846153846,187.63333333333333,60.285714285714285,17.0,-170.63333333333333,-127.34761904761905,0.321295332842677,10795870986.376017,5666901083931.938,38922178734970.945,524.9137462909065,0.05471521942110178,0.29411764705882354,0.07692307692307693,0.46153846153846156,2.0,-0.4777585100481834,2.7200879460966165,86.6,235.74184615384615,-6.967852918945357,18389.7,0.0,107.01428571428573,12.857142857142856,0.0,0.0,0.0,17.770873537052154
2.8497790055248617,3.44,1.8445999999999998,-1.7513114754098358,-1.5954000000000002,2.46,106.41574585635358,138.2,43.88934426229509,38.695,-99.505,-94.3106557377049,0.31757846788925537,28978758058.690765,19302432560483.445,23521609665862.875,666.0890201502139,0.1654903502689602,0.19863896806887218,0.2762430939226519,0.06077348066298342,14.0,-0.556178815157527,2.8235322747806,8.398895027624308,261.78273480662983,-15.607503452128105,13549.249240331492,6.950819672131147,80.84117647058824,65.22950819672133,0.7524177643476055,161287214669877.8,1122657.6196,22.00757120836599
1.8989805825242718,2.5945,2.0313207547169814,-1.3516698113207546,-0.5631792452830187,2.18,118.64684466019418,183.92499999999998,57.06367924528302,25.75471698113208,-158.1702830188679,-126.86132075471696,0.3102551542491941,12132920488.712069,5081860441790.094,19954377340884.066,418.848903404422,0.06098835188735301,0.19950896310496755,0.12864077669902912,0.3859223300970874,12.0,-0.41936252580529976,2.6220573827459916,70.98076456310679,258.6501213592233,-7.737062871083037,18273.50910194175,0.0,105.16996047430831,15.75,0.6886905739680003,242427602387.57544,464845.26544677827,17.585161445103285
1.7727941176470587,2.5933333333333333,2.082,-1.4683333333333333,-0.5113333333333334,1.6800000000000002,119.11029411764707,190.0,63.14473684210527,34.4,-155.6,-126.85526315789474,0.33234072022160666,10830828501.851728,2280606991720.0527,16511871399264.514,210.56625458801616,0.03521036179536651,0.16982097186700768,0.07352941176470588,0.4852941176470588,2.0,-0.4879869575253924,2.323388772260225,92.20588235294117,200.1052941176471,-4.466619711435902,18318.856617647063,0.7894736842105263,109.28571428571428,14.763157894736842,0.6730116670092565,755470153276.0444,191859.55440000008,17.484612375753652
2.845464480874317,3.44,1.9036000000000002,-1.7269841269841268,-1.5363999999999998,2.46,105.77540983606556,138.2,44.01428571428571,37.908,-100.29199999999999,-94.18571428571428,0.3184825304941079,28978758058.690765,18749689209119.15,23592276153212.85,647.0149331846916,0.16215460935694107,0.20046295593789387,0.27322404371584696,0.07103825136612021,14.0,-0.5500142748850625,2.8109143043547378,9.817486338797814,260.2075081967213,-15.272647707004463,13467.17761384335,1.5396825396825395,80.24117647058824,43.12698412698413,0.8420953021316528,71451211122402.19,576846.4439999999,19.27392070988778
2.8079787234042555,3.44,1.9492,-1.7473529411764703,-1.4908,2.46,103.86702127659574,138.2,43.279411764705884,34.56,-103.63999999999999,-94.9205882352941,0.3131650634204478,28978758058.690765,17384406882612.227,23598025629199.473,599.901722751663,0.15108571192091858,0.20014323487911595,0.26595744680851063,0.09574468085106383,14.0,-0.5472098946414353,2.778080109112762,13.23191489361702,255.5128723404255,-14.341144649481778,13067.937765957447,0.9411764705882353,78.97647058823532,35.32352941176471,0.942216333812959,47793772105140.44,714921.8136,18.50629440091561
2.2755391120507404,3.44,1.2039000000000002,-2.363905579399142,-2.2360999999999995,2.46,110.65644820295982,138.2,82.28540772532187,101.94999999999999,-36.25,-55.914592274678114,0.5954081600963956,28978758058.690765,151676141194.29285,188013513333.53778,5.234045602889631,0.024390357506927904,0.03712582928743831,0.21141649048625794,0.28118393234672306,6.0,-1.4074886716716473,0.7188375022161753,38.859619450317126,272.21486257928115,-1.3637768954335083,13262.329633544747,7.798283261802575,91.12647058823529,60.708154506437765,0.8585022429370206,239987579248.57584,388978.3644,19.476973327683552
2.6314639175257737,3.44,1.3784810126582276,-2.1196756756756754,-2.0615189873417723,2.46,115.94343642611683,138.2,79.8517117117117,81.96244725738396,-56.23755274261603,-58.34828828828829,0.577798203413254,28978758058.690765,412931416250.607,462245140315.6677,14.24945180239594,0.04580629628236546,0.05110230893821272,0.3257731958762887,0.055670103092783516,18.0,-1.2247447972241805,1.1537981567112654,7.693608247422681,285.2208536082474,-2.672718980902208,14514.832332187856,7.664864864864865,91.4890829694323,81.05405405405405,0.6573879873908817,22479675635756.75,129992.11664797309,24.79079229345515
2.6261963190184052,3.4526000000000003,1.3851923076923078,-2.138155555555556,-2.0674076923076923,3.0,115.0242501704158,138.02325,78.5179012345679,80.8486111111111,-57.17463888888889,-59.50534876543209,0.5688744558222467,28702966486.1497,424785982233.1797,488338730468.1509,14.799375612905916,0.044993986997377576,0.051378042651381246,0.3190184049079755,0.06748466257668712,18.0,-1.2163420781299805,1.1702433928551093,9.314452453987728,345.07275051124736,-2.677382888626269,14343.194861821175,7.206349206349207,91.05701754385966,77.06349206349206,0.8154148624558937,32509149725421.617,147975.8911110577,24.09626838459647
2.825136612021858,3.44,1.8292000000000002,-1.7860317460317459,-1.6107999999999998,2.46,106.46639344262293,138.2,46.02142857142857,40.437,-97.76299999999999,-92.17857142857142,0.3330059954517263,28978758058.690765,18676813723757.777,23500453041657.52,644.5001433785247,0.15959310003763985,0.19723545419557437,0.27322404371584696,0.07103825136612021,14.0,-0.5947592794956864,2.80922301830462,9.817486338797814,261.9073278688524,-14.711063971326729,13527.635286885246,6.46031746031746,81.31764705882354,62.61904761904762,0.8420953021316528,169327765419231.97,1066475.7444,21.62173693543852
2.916555555555556,3.44,2.0476,-1.5703333333333334,-1.3923999999999999,2.46,106.09999999999998,138.2,41.9,36.779999999999994,-101.41999999999999,-96.29999999999998,0.3031837916063676,28978758058.690765,19659556050360.93,23566596298681.363,678.4126500709372,0.16966609962812396,0.20063635659078577,0.2777777777777778,0.05555555555555555,14.0,-0.47609961408586593,2.831493937427877,7.677777777777777,261.006,-16.338845394188333,13526.426666666664,4.866666666666666,80.41176470588236,49.233333333333334,0.9173573878312138,23562386274950.945,265023.53073023993,20.669533696984647
2.4610989010989015,3.16,1.3780000000000001,-2.0516129032258066,-1.782,2.18,143.23076923076925,181.0,70.12903225806451,75.65,-105.35,-110.87096774193549,0.38745321689538403,6449680150.445432,200694233074.884,361007024138.7226,31.116928032628646,0.026699853039006637,0.05165843330980946,0.10989010989010989,0.23076923076923078,8.0,-0.794904019178917,1.4929967154278343,41.769230769230774,312.243076923077,-2.960238545002123,23286.456043956045,3.8064516129032264,105.28571428571428,37.193548387096776,0.3250829733914482,42620606569293.88,299785.815729,26.91766398344299
2.266421052631579,3.44,1.1865,-2.372127659574468,-2.2535,2.55,111.94666666666666,138.2,85.13475177304964,108.94166666666665,-29.25833333333334,-53.065248226950345,0.6160257002391436,28978758058.690765,181322881886.82993,258229780609.7103,6.257096371058972,0.025548023905099134,0.04003785617698295,0.21052631578947367,0.28421052631578947,6.0,-1.4612916025460023,0.7963728439813273,39.2778947368421,285.46399999999994,-1.355712230232147,13692.44099582289,9.127659574468085,93.04411764705884,66.4468085106383,1.080527626604172,133244639268311.11,1177174.1875,20.32046150899056
2.362874251497006,3.227878787878788,1.4000000000000001,-2.124349376114082,-1.8278787878787879,2.46,128.94041916167663,170.6242424242424,68.25367647058823,70.0625,-100.5617424242424,-102.37056595365416,0.4000233231857017,11911274794.868544,244165016521.36374,531709515151.5878,20.49864693127151,0.02653920889215007,0.05467775467775468,0.11976047904191617,0.2874251497005988,8.0,-0.8497892970406273,1.3117251952178979,49.04169842133913,317.19343113772453,-2.716833834251654,19377.91660179641,2.6470588235294117,98.63025210084034,31.058823529411768,0.5623351446188083,93258080858442.19,267544.11016875,21.367152759317058
2.3673033707865168,3.44,1.2495,-2.3285365853658533,-2.1905,2.55,113.0242910647405,138.2,83.55029036004646,100.40309523809523,-37.796904761904756,-54.64970963995353,0.604560711722478,28978758058.690765,196138551064.30063,271511480485.10748,6.7683560029405205,0.028823799311610134,0.043533233033245224,0.2247191011235955,0.23595505617977527,6.0,-1.407741735320609,0.8304831937139512,32.60898876404494,288.21194221508824,-1.5752122630997862,13797.210103696907,10.609756097560977,90.48529411764707,74.85365853658537,0.8451132568429528,27659954263241.29,1073336.3275000001,21.863434941518637
1.8398461538461537,2.6413333333333333,2.19,-1.4884761904761905,-0.45133333333333336,1.98,118.73846153846154,186.9333333333333,60.285714285714285,17.0,-169.9333333333333,-126.64761904761903,0.3224984715712248,10917108015.912323,5666901083931.938,38922178734970.945,519.0844567693293,0.05471521942110178,0.29411764705882354,0.07692307692307693,0.46153846153846156,2.0,-0.4800312963987307,2.7152380247556076,86.27692307692307,235.10215384615384,-6.929552265350584,18266.284615384615,0.0,106.45714285714286,12.857142857142856,0.0,0.0,0.0,17.40512012012802
2.8794182825484764,3.44,1.9329,-1.672479338842975,-1.5070999999999999,2.46,105.32340720221606,138.2,40.11363636363637,34.3625,-103.83749999999999,-98.08636363636361,0.2902578608077885,28978758058.690765,19549686765568.555,23629006476498.61,674.621276935834,0.17016153526824862,0.20278434656346972,0.27700831024930744,0.05817174515235457,14.0,-0.4854502751377864,2.8290600343185033,8.039335180055401,259.0955817174515,-16.690526225243346,13414.983829639887,0.6942148760330578,79.54411764705884,40.570247933884296,0.7197744066642688,54571347749919.78,630370.7435999999,19.213603304161072
2.3039655172413793,3.44,1.2192000000000003,-2.3532142857142855,-2.2207999999999997,2.46,111.31896551724138,138.2,82.51785714285715,101.14,-37.05999999999999,-55.682142857142836,0.597090138515609,28978758058.690765,163209536912.78214,211389399823.75668,5.632040427068453,0.025626140255740556,0.039032183802488477,0.21551724137931036,0.26724137931034486,6.0,-1.4050810438140526,0.7506657635328013,36.932758620689654,273.8446551724138,-1.4269184025973245,13405.535919540229,8.553571428571429,90.83529411764707,64.55357142857143,0.9422163338129591,467368259309.7032,599889.0336,20.13642869935881
2.284808510638298,3.44,1.2086000000000001,-2.360608695652174,-2.2314,2.55,110.91587639311044,138.2,82.44548654244306,101.87461904761905,-36.32538095238094,-55.754513457556925,0.5965664728107314,28978758058.690765,156357097511.00046,197960072888.8996,5.395576207728777,0.02483297593833817,0.037856585398918535,0.2127659574468085,0.2765957446808511,6.0,-1.4082600032515589,0.7320378309419071,38.225531914893615,282.8354848024316,-1.3845504911452629,13322.772941622037,8.086956521739133,91.08235294117648,62.14782608695654,0.9591388233798186,5673062519568.356,487722.71789999993,19.71980244228969
1.990952380952381,2.58,2.19,-1.237,-0.3900000000000001,1.6,121.30952380952381,184.0,52.35,17.0,-167.0,-131.65,0.2845108695652174,12278644599.949677,11763701986622.424,38922178734970.945,958.061933535452,0.09860566448801743,0.29411764705882354,0.14285714285714285,0.3333333333333333,22.0,-0.3519399456521739,2.9813935847813493,61.33333333333333,194.0952380952381,-12.981435729847496,19294.130952380954,0.0,104.71428571428572,17.099999999999998,0.0,0.0,0.0,19.157845229472827
2.762777777777778,3.44,1.4389285714285716,-2.0316666666666663,-2.0010714285714286,2.51,118.19021164021163,138.2,78.17063492063492,78.9328231292517,-59.26717687074829,-60.029365079365064,0.5656341166471414,28978758058.690765,514321293075.02594,542176041954.7585,17.748217229784984,0.05835970605441567,0.061470055428672885,0.3111111111111111,0.022222222222222223,18.0,-1.149179980321442,1.2491547356361092,3.071111111111111,296.6574312169312,-3.50329610066495,14952.351237087425,12.833333333333332,88.36363636363636,81.1,0.787287656630395,22985821660249.883,755330.2799330358,26.497321127660726
2.3052991452991454,3.44,1.2784,-2.329122807017544,-2.1616,2.46,110.7905982905983,138.2,81.93859649122805,100.41999999999999,-37.78,-56.261403508771934,0.5928986721507096,28978758058.690765,173929101679.39117,237384196617.7858,6.001951544201171,0.025636941192185427,0.0394892629552198,0.2136752136752137,0.27350427350427353,6.0,-1.3809338195566352,0.7782924848957323,37.7982905982906,272.5448717948718,-1.4423702931442008,13311.43945868946,8.05263157894737,91.1764705882353,60.49122807017545,0.9173573878312139,52698989682062.53,203249.28184704002,19.637001440233302
2.5261849579640994,3.1880000000000006,1.2335203366058907,-2.078977872947895,-1.95447966339411,2.46,147.58717715670684,176.72000000000003,85.20425886271711,102.28775128564749,-74.43224871435254,-91.51574113728292,0.48214270519871605,8702587941.269966,183057372382.00034,239701641348.03427,21.03482017273207,0.028134985398202077,0.04098810932719287,0.16200863440127244,0.15632810724835264,17.0,-1.0023640157113707,1.3229388035731726,27.626303112928884,363.0644558054988,-2.574794040603096,23897.977094852176,11.027123483226267,107.2897926205225,77.70449678800856,0.6368377286186921,692358531552.4363,977886.3137799511,32.93621617762541
2.4458695652173916,3.16,1.3860000000000001,-2.053125,-1.774,2.18,141.97282608695653,181.0,68.796875,71.65,-109.35,-112.203125,0.38009323204419887,6449680150.445432,238569224487.4912,489840939090.6771,36.98931093056064,0.02705975205975206,0.053998613998614,0.10869565217391305,0.23913043478260873,8.0,-0.7803789170407458,1.568076240970907,43.28260869565218,309.5007608695653,-3.036188742829368,23030.952445652176,3.0,105.0,33.4375,0.5004024235381879,79580228999204.0,228304.307344,25.90641334474183
2.395263157894737,3.16,1.3450000000000002,-2.0757142857142856,-1.815,2.18,140.43421052631578,181.0,70.89285714285714,79.375,-101.625,-110.10714285714286,0.39167324388318864,6449680150.445432,166006551938.4484,270135909887.64343,25.73872627264835,0.023215404020357575,0.044216877034214494,0.10526315789473684,0.2631578947368421,8.0,-0.8130017476603901,1.4105870512533942,47.63157894736842,306.1465789473684,-2.5561818069558004,22553.569078947367,1.857142857142857,105.49999999999999,29.857142857142858,0.6931471805599453,15930304906277.879,24649.0,24.564474365195736
1.814812030075188,2.643333333333333,2.1029999999999998,-1.509497716894977,-0.5403333333333333,1.98,117.52255639097743,186.0,61.23972602739725,21.799999999999997,-164.2,-124.76027397260275,0.3292458388569745,11078757388.627398,4014524160171.957,28522591074075.035,362.3623136916925,0.045969770224403586,0.24224598930481284,0.07518796992481203,0.47368421052631576,2.0,-0.49699584205177455,2.5591430239749533,88.10526315789473,232.6946616541353,-5.735201127654188,17814.23872180451,0.0,105.92857142857142,12.698630136986301,0.6108643020548935,205467842489.09027,393976.39890000003,16.55547543137663
2.2934234234234236,3.126666666666667,1.2211,-2.08624060150376,-1.9055666666666669,2.18,139.99954954954953,183.5,74.58533834586464,95.77049999999998,-87.72950000000002,-108.91466165413536,0.40645960951424875,6221287014.040528,126223322337.50482,131810177937.9209,20.28894054439819,0.01898815500929175,0.03146644219077779,0.10010010010010009,0.2992992992992993,8.0,-0.8479725402399897,1.30725936947126,54.92142142142143,305.19901801801797,-2.0680884782732867,22524.46105855856,2.7593984962406015,110.11857142857143,31.80701754385965,0.056001534354847345,64074779902.09981,1071.5858999999998,25.881279152606623
2.439565217391305,3.16,1.328,-2.07125,-1.832,2.18,142.59782608695653,181.0,70.59374999999999,77.4,-103.6,-110.40625000000001,0.3900207182320441,6449680150.445432,182563622383.0649,310623012356.51294,28.30584123934527,0.025476317663817662,0.04893162393162393,0.10869565217391305,0.23913043478260873,8.0,-0.8078304126381214,1.4518760664870527,43.28260869565218,310.86326086956524,-2.812744697070869,23106.929347826088,3.375,105.44285714285714,35.4375,0.3250829733914482,28467801994666.94,130682.25000000001,26.221925999441062
2.37816091954023,3.44,1.2810000000000001,-2.3095,-2.159,2.46,112.81839080459768,138.2,82.99499999999999,98.49,-39.709999999999994,-55.205,0.6005426917510853,28978758058.69077,215031316596.90872,305707824435.04706,7.420308218916944,0.029479699014688287,0.04414458321456177,0.22988505747126436,0.22988505747126436,6.0,-1.3869533465991315,0.8704219450357344,31.770114942528732,277.5332413793103,-1.6274267841058667,13750.355555555554,9.025,90.88059701492537,64.375,0.8237197315118312,14660102155375.324,535936.3875,20.90357863804715
2.3054354354354354,3.1466666666666665,1.2211,-2.1062406015037594,-1.9255666666666664,2.18,139.09864864864863,182.0,74.58533834586464,95.77049999999998,-86.22950000000002,-107.41466165413536,0.40980955135090463,6358322895.8834715,126223322337.50482,131810177937.9209,19.851669127911826,0.01898815500929175,0.03146644219077779,0.10010010010010009,0.2992992992992993,8.0,-0.8631575159393151,1.297797028104995,54.472472472472475,303.23505405405405,-2.039606245759349,22184.82141891892,2.7593984962406015,108.83285714285714,31.80701754385965,0.056001534354847345,64074779902.09981,1071.5858999999998,24.648449712268132
2.58,3.44,1.3933333333333333,-2.15,-2.046666666666667,2.46,113.66666666666666,138.2,76.86666666666666,79.98888888888888,-58.21111111111111,-61.33333333333333,0.5561987457790641,28978758058.690765,393536655415.95166,483263937635.01215,13.580176714920656,0.043065841858475395,0.052482850873028924,0.3,0.1,18.0,-1.1958273034249878,1.1329054213300183,13.82,279.61999999999995,-2.6413716339864908,14062.525777777775,6.25,90.11111111111111,70.25,0.6365141682948128,21501249906936.07,124334.22222222222,22.74487733338916
1.8105992509363298,2.643333333333333,2.0885,-1.5125170068027207,-0.5548333333333333,1.98,117.39513108614231,186.0,61.39115646258504,22.6,-163.4,-124.60884353741497,0.33005998098163997,11078757388.627398,3752242108781.4844,26789326463925.72,338.6879933514248,0.04458160368524515,0.23360071301247773,0.0749063670411985,0.4756554307116105,2.0,-0.499221334499713,2.5297998009739833,88.47191011235955,232.44235955056178,-5.555262078261755,17767.57958801498,0.0,105.96428571428571,12.673469387755103,0.6474466390346325,222590162696.51453,426807.765475,16.495614769553686
2.2683613445378152,3.44,1.2086000000000001,-2.3631355932203393,-2.2314,2.46,110.39915966386555,138.2,82.12711864406778,102.02,-36.17999999999999,-56.07288135593221,0.5942627977139492,28978758058.690765,156450258903.62708,200100071100.63223,5.3987910243347175,0.024222718742191982,0.03701746808342493,0.21008403361344538,0.2857142857142857,6.0,-1.4043235690045317,0.7322965171851217,39.48571428571428,271.58193277310926,-1.3582376341490465,13211.85644257703,7.398305084745763,91.26470588235296,58.584745762711876,0.7524177643476055,496797205294.94305,238608.4704,19.160864894625853
2.324782608695652,3.44,1.262,-2.331818181818182,-2.178,2.46,111.47391304347825,138.2,82.31818181818181,100.1,-38.099999999999994,-55.881818181818176,0.5956453098276543,28978758058.690765,192965396144.6414,275298101007.68665,6.658856661621868,0.02707459390502183,0.04178632881327025,0.21739130434782608,0.2608695652173913,6.0,-1.3889365633708486,0.8233996663812561,36.052173913043475,274.2258260869565,-1.5129775339469924,13464.64688405797,8.136363636363637,90.88235294117646,59.77272727272727,0.8979457248567798,13263168450550.332,485531.01,19.857903576284087
2.2716315789473684,3.44,1.2112500000000002,-2.3615957446808507,-2.22875,2.46,110.49157894736841,138.2,82.1936170212766,102.03,-36.16999999999999,-56.006382978723394,0.5947439726575731,28978758058.690765,154178076406.5029,194439487730.94183,5.32038247098946,0.024272182661951535,0.037039629255586105,0.21052631578947367,0.28421052631578947,6.0,-1.4045448350027088,0.725942853924672,39.2778947368421,271.8092842105263,-1.3593971578947874,13229.65350877193,7.48936170212766,91.28676470588235,58.95744680851064,0.7665283304918402,13261148220981.182,218534.36306775,19.231732294047895
2.1758620689655173,3.44,1.9000000000000004,-2.2774749498997995,-1.5399999999999996,2.46,95.05700778642937,138.2,60.47344689378757,32.083333333333336,-106.11666666666665,-77.72655310621242,0.437579210519447,28978758058.690765,3031908690307.0015,14779601141006.926,104.62521147961095,0.043631961561939166,0.16006487771193656,0.11012235817575083,0.44493882091212456,13.0,-0.9965756905549713,2.019636348844425,61.49054505005561,233.84023915461623,-3.3913619774722834,10654.348234149053,0.0,73.77955911823648,14.356713426853709,1.0986122886681096,1527890808977.0098,313727.891088889,11.76427872484147
2.2538,3.2533333333333334,1.4420000000000002,-2.1728985507246374,-1.8113333333333332,2.46,120.86599999999999,166.73333333333332,67.02173913043478,65.3,-101.43333333333332,-99.71159420289854,0.4019696469238392,13959372786.527208,240215772796.9333,657315243334.32,17.208206734673343,0.02392358914098044,0.056715176715176716,0.09999999999999998,0.35999999999999993,8.0,-0.8734392632361044,1.2357356149054715,60.02399999999999,297.33036,-2.3854592123023117,17322.6757,1.565217391304348,94.8125,23.217391304347824,0.6730116670092565,119370343498806.0,342456.461016,17.880303782562386
2.287966101694915,3.44,1.2496000000000003,-2.3437931034482755,-2.1903999999999995,2.46,110.57627118644066,138.2,82.0,101.14,-37.05999999999999,-56.19999999999999,0.593342981186686,28978758058.690765,163368635661.7661,214866887173.7205,5.637530612281421,0.02489774449513969,0.038207211673168526,0.211864406779661,0.2796610169491525,6.0,-1.3906731872847946,0.7510889131492193,38.649152542372875,272.01762711864404,-1.3992532406268503,13258.293785310732,7.775862068965516,91.23529411764707,59.603448275862064,0.8731726364245317,36760864288184.46,210233.40797824002,19.417125120116008
2.2693684210526315,3.44,1.2005000000000001,-2.366170212765957,-2.2394999999999996,2.46,110.51263157894736,138.2,82.23617021276596,102.13,-36.06999999999999,-55.96382978723403,0.5950518828709549,28978758058.690765,149233133496.00293,182818871891.2669,5.149742207508018,0.024128593596068303,0.0367021949507605,0.21052631578947367,0.28421052631578947,6.0,-1.4079940402995508,0.7117854891074118,39.2778947368421,271.8610736842105,-1.3503285050157117,13231.24298245614,7.638297872340425,91.19117647058823,59.89361702127659,0.8237197315118312,180389295056.17178,339138.79000000004,19.33669903280714
1.8484615384615386,2.66,2.19,-1.5071428571428573,-0.4700000000000002,2.18,117.73076923076923,184.75,60.285714285714285,17.0,-167.75,-124.46428571428572,0.3263096849023777,11192953956.829851,5666901083931.938,38922178734970.945,506.2918248202067,0.05471521942110178,0.29411764705882354,0.07692307692307693,0.46153846153846156,2.0,-0.49179531081715505,2.7044009148169468,85.26923076923077,256.6530769230769,-6.810090702947847,17884.23076923077,0.0,104.64285714285714,12.857142857142856,0.0,0.0,0.0,16.408202810447797
2.3415151515151518,3.16,1.36,-2.077692307692308,-1.8,2.18,137.6931818181818,181.0,71.06730769230771,80.75,-100.25,-109.93269230769229,0.39263705907352325,6449680150.445433,149541448496.7079,217905184928.25256,23.18587046310818,0.020828592345620213,0.03715170278637771,0.10606060606060606,0.2878787878787879,8.0,-0.8157789973519896,1.3652234051802037,52.10606060606061,300.1711363636364,-2.2897432335334216,21858.374053030304,0.2692307692307693,105.70212765957447,23.80769230769231,0.0,0.0,0.0,22.735617804141107
2.6514285714285717,3.216,1.5,-1.9760000000000002,-1.7160000000000002,2.46,142.67142857142858,172.44,68.25,69.0,-103.44,-104.19,0.3957898399443285,10955495732.0945,353226757859.6738,582098706960.5773,32.24196937294987,0.04363929146537843,0.07246376811594203,0.14285714285714285,0.14285714285714285,8.0,-0.7820807237299932,1.5084215611009026,24.634285714285713,350.9717142857143,-4.546777777777778,22780.07,11.5,98.83333333333334,76.5,0.0,0.0,0.0,31.640373418035367
1.9835483870967743,2.58,2.082,-1.2326666666666666,-0.4980000000000002,1.6,121.10752688172043,184.0,54.022222222222226,27.066666666666663,-156.93333333333334,-129.97777777777776,0.29359903381642516,12278644599.949677,10478854938251.736,31187855197237.668,853.4211453839688,0.09028811377869814,0.24123471170646477,0.16129032258064516,0.3225806451612903,20.0,-0.3619097423510467,2.931163399256602,59.354838709677416,193.7720430107527,-11.735448388702341,19127.363799283154,0.6666666666666666,105.38095238095238,19.866666666666667,0.5004024235381879,8050828719016.369,22545.62310399999,19.93830262785189
2.619959100204499,3.4435999999999996,1.382948717948718,-2.131007407407407,-2.0606512820512815,3.0,115.24740967961826,138.1495,78.89488536155204,81.30534188034189,-56.844158119658104,-59.25461463844795,0.5710833941603266,28899960466.536175,412380860674.9334,473309448580.27563,14.269253452870194,0.045027077939559436,0.051418133600563104,0.3190184049079755,0.06748466257668713,18.0,-1.2169829432030197,1.154401252036847,9.322972392638038,345.74222903885476,-2.668062151603955,14379.570494489888,7.2592592592592595,91.12280701754386,77.80423280423281,0.7156713793520737,25252776465510.26,134659.13368331688,24.195387051664053
2.368,3.16,1.78,-1.9800000000000002,-1.3800000000000001,2.18,136.85,181.0,70.625,80.0,-101.0,-110.375,0.39019337016574585,6449680150.445432,149288957386.92316,224091403271.38156,23.146722613308643,0.02048611111111111,0.0375,0.1,0.3,8.0,-0.7725828729281768,1.3644895071588188,54.3,298.333,-2.261154513888889,21663.475,5.0,105.14285714285714,31.75,0.0,0.0,0.0,24.446652852180122
1.8838323353293411,2.58,2.127,-1.3363218390804599,-0.4530000000000003,1.6,118.47604790419159,184.0,58.22413793103448,27.15,-156.85,-125.77586206896552,0.31643553223388304,12278644599.949677,6038181164402.469,25849499455808.863,491.76284200189457,0.06235422593714035,0.22161125319693095,0.11976047904191615,0.4011976047904191,21.0,-0.4228597123851867,2.6917557100000913,73.82035928143712,189.56167664670656,-7.8426565208868775,18157.59131736527,0.8045977011494252,105.30000000000001,17.45977011494253,0.6474466390346325,716122749459.5837,181866.869275,17.910485486294924
2.4048936170212767,3.16,1.294,-2.0876470588235296,-1.866,2.18,141.8946808510638,181.0,72.88529411764706,85.81,-95.19,-108.11470588235294,0.40268118297042577,6449680150.445432,159220284620.1172,242897426687.34964,24.686539627724176,0.023126271653798533,0.04307376806735945,0.10638297872340426,0.2553191489361702,8.0,-0.8406561872717889,1.392460218084755,46.212765957446805,309.33040425531914,-2.5002900580058243,22867.643643617022,4.470588235294118,106.71428571428571,40.94117647058824,0.6730116670092565,17346607792583.086,25506.24,26.527543391552943
2.403376623376624,3.2195744680851064,1.414,-2.0949078014184397,-1.8055744680851065,2.46,131.3474025974026,171.8936170212766,67.825,68.475,-103.41861702127662,-104.06861702127661,0.39457544250526055,11243100981.986992,274095902910.01306,573578091212.4985,24.379030602780563,0.028328841662174992,0.05535689535689535,0.12987012987012986,0.2597402597402597,8.0,-0.8265991727524034,1.3870164325279182,44.647692732799115,323.1146103896104,-2.9481433735972744,20042.592045454545,2.8000000000000003,99.70175438596492,32.93333333333334,0.6108643020548935,104449050561455.25,299649.403389,22.56910396511751
2.250833333333333,3.44,1.176,-2.3783333333333334,-2.2640000000000002,2.55,111.78015873015873,138.2,85.36031746031746,110.36476190476189,-27.835238095238097,-52.83968253968253,0.6176578687432523,28978758058.690765,179213706760.8705,256016163963.8108,6.184312881798055,0.025081680878477775,0.03945529336760591,0.20833333333333334,0.2916666666666667,6.0,-1.4689962978277018,0.7912914536465198,40.30833333333333,285.03940476190473,-1.3253080551803913,13676.252713529855,8.916666666666666,93.47058823529412,65.25,1.0549201679861442,141526803955794.97,1193828.64,20.09196301040283
1.758695652173913,2.5933333333333333,2.046,-1.4766666666666666,-0.5473333333333334,1.6800000000000002,118.78260869565217,190.0,64.0,40.2,-149.8,-126.0,0.3368421052631579,10830828501.851728,1267613032511.3687,9041768954029.037,117.037494619608,0.02937557532612946,0.12838874680306905,0.07246376811594203,0.49275362318840576,2.0,-0.4974035087719298,2.0683250164278726,93.6231884057971,199.55478260869566,-3.701322491092312,18145.876811594208,1.0256410256410258,109.57142857142857,15.333333333333336,0.5004024235381879,503646768850.6963,127906.36960000005,17.4665036293372
2.4331182795698925,3.16,1.414,-2.048484848484849,-1.7460000000000002,2.18,140.8306451612903,181.0,67.79545454545455,68.475,-112.525,-113.20454545454545,0.37456052235057763,6449680150.445432,260483076168.991,573578091212.4985,40.38697580235841,0.027100293766960434,0.05535689535689535,0.1075268817204301,0.24731182795698922,8.0,-0.7672815548757288,1.6062413341920123,44.76344086021505,307.0108064516129,-3.0678764375734073,22789.881048387102,2.5454545454545454,104.7142857142857,30.757575757575758,0.6108643020548935,104449050561455.25,299649.403389,25.209735181120745
2.6758273381294964,3.2131999999999996,1.6,-1.9152512820512815,-1.6131999999999995,2.46,142.76474820143883,172.868,65.57692307692308,63.75,-109.118,-107.29107692307691,0.37934680262930726,10730204953.012045,439085590825.59515,738079833789.0787,40.92052227784714,0.04743869057594548,0.0784313725490196,0.14388489208633093,0.13669064748201437,17.0,-0.7265444500778352,1.6119411680738356,23.62943884892086,351.20128057553956,-5.08974819971381,22909.183884892085,7.179487179487181,99.13333333333333,45.923076923076934,0.0,0.0,0.0,29.228831516713107
2.665714285714286,3.216,1.6,-1.9260000000000002,-1.616,2.46,141.92142857142858,172.44,65.625,63.75,-108.69,-106.815,0.3805671537926235,10955495732.0945,431217321273.92456,738079833789.0787,39.36082235061794,0.04662309368191721,0.0784313725490196,0.14285714285714285,0.14285714285714285,17.0,-0.732972338204593,1.5950641634027163,24.634285714285713,349.1267142857143,-4.980045751633987,22680.5075,7.0,98.83333333333334,45.0,0.0,0.0,0.0,28.766254623812678
1.922204724409449,2.7823333333333333,2.132,-1.6303930348258706,-0.6503333333333332,2.46,117.01811023622045,180.1966666666667,60.44029850746269,20.200000000000003,-159.99666666666667,-119.75636815920399,0.3354129664299896,11934744384.82302,4880289955865.472,31989120294373.67,408.9144935581158,0.05134044572148172,0.2595365418894831,0.07874015748031496,0.44881889763779526,2.0,-0.5468549642577386,2.6116325039531154,80.87566929133858,287.8645511811023,-6.148345319279394,17481.135511811026,0.0,101.14285714285712,13.029850746268657,0.5004024235381879,156546927610.73547,300172.49439999997,15.90490963718158
2.2685365853658537,3.44,1.706,-2.287142857142857,-1.734,2.46,98.85365853658536,138.2,61.38095238095238,41.800000000000004,-96.39999999999998,-76.81904761904761,0.4441458204121012,28978758058.690765,707859752309.2833,2575075571670.925,24.426849172613018,0.038799576418497024,0.11555081355028007,0.12195121951219513,0.39024390243902446,13.0,-1.0158249406853914,1.3878674507966808,53.931707317073176,243.17999999999998,-2.9805465084913996,11308.36707317073,1.0476190476190474,74.76,22.095238095238095,0.5004024235381879,22142690222198.117,151041.0496,13.41731434923518
1.8846298519407763,2.58,2.1193645484949832,-1.3377444187836798,-0.46063545150501684,1.6,119.15646258503399,184.0,59.25481139337951,31.678929765886284,-152.3210702341137,-124.74518860662049,0.32203701844227994,12278644599.949677,6151955629153.707,26311155697364.195,501.02888629734593,0.061842953349108984,0.21912769761096237,0.11964785914365746,0.4001600640256102,12.0,-0.43080322406289695,2.699862765384,73.62945178071229,190.6503401360544,-7.714610879525033,18257.424569827926,1.2702078521939955,106.18078719146098,19.177829099307164,0.845709674354749,2937711992950.814,76376.83269121376,18.13763883341171
2.340975609756098,3.171666666666667,1.78,-2.00343137254902,-1.3916666666666668,2.46,134.11463414634147,179.21666666666667,70.44117647058823,80.0,-99.21666666666667,-108.77549019607844,0.39305036624526124,7388391729.955655,147822242761.7377,224091403271.38156,20.00736400621586,0.02015250544662309,0.0375,0.0975609756097561,0.3170731707317073,17.0,-0.7874494347276387,1.3011898735954475,56.82479674796748,329.922,-2.192098658635567,20913.011951219512,4.705882352941177,103.85714285714288,30.41176470588235,0.0,0.0,0.0,23.251707601919616
2.323157894736842,3.2363636363636363,1.33,-2.1688636363636364,-1.9063636363636363,2.46,127.5578947368421,169.3272727272727,70.125,78.0,-91.32727272727271,-99.20227272727271,0.4141388381831848,12593974125.42143,173857765280.8363,322366634847.03424,13.80483742061194,0.02393162393162393,0.05128205128205128,0.10526315789473684,0.3157894736842105,17.0,-0.8982106665413938,1.1400312963250194,53.47177033492822,313.79242105263154,-2.3740714840714836,18889.011578947368,3.0,97.76923076923077,31.75,0.0,0.0,0.0,20.637001961047662
2.8274316939890713,3.44,1.8376000000000001,-1.7793650793650793,-1.6023999999999998,2.46,106.21721311475409,138.2,45.29761904761905,39.525,-98.67499999999998,-92.90238095238094,0.32776858934601344,28978758058.690765,18681005143742.844,23505734230838.703,644.644781046453,0.15987335805017264,0.19758857929136567,0.27322404371584696,0.07103825136612021,14.0,-0.5832199819950493,2.809320471027165,9.817486338797814,261.29434426229506,-14.852615613713535,13483.60512295082,5.984126984126983,81.0,60.9047619047619,0.8420953021316528,153853513201220.34,1067655.9864,21.381381730591666
2.3847597254004573,3.44,1.2886000000000002,-2.3057,-2.1513999999999998,2.46,112.78718535469105,138.2,82.673,97.84599999999999,-40.354,-55.52699999999999,0.5982127351664255,28978758058.69076,221113261282.3808,317871713805.99133,7.630184179548325,0.029951349894946598,0.04508788497507838,0.22883295194508008,0.22883295194508008,6.0,-1.3792991034732272,0.8825350212046997,31.624713958810062,277.45647597254,-1.6631086056166993,13751.300839054156,9.055,90.54896142433233,64.185,0.7795654523164246,15179054258660.938,554832.3770999999,20.882221527825443
2.5826000000000002,3.44,1.3883870967741934,-2.1434999999999995,-2.0516129032258066,2.46,113.89633333333332,138.2,77.44083333333333,80.3268817204301,-57.873118279569894,-60.75916666666666,0.5603533526290401,28978758058.690765,415577032206.51697,500125419659.0885,14.340746810641352,0.04326335829889156,0.05152261285878479,0.31000000000000005,0.09,18.0,-1.201117411360347,1.156571768297984,12.437999999999999,280.18497999999994,-2.6286455974420684,14128.070205555554,6.675000000000001,90.82417582417582,72.225,0.860121591451826,36626909541088.44,154846.84837898024,23.169527755519894
2.3200000000000003,3.2363636363636363,1.3,-2.1763636363636363,-1.9363636363636363,2.46,126.92631578947368,169.3272727272727,68.625,72.0,-97.32727272727271,-100.70227272727271,0.405280253409213,12593974125.42143,195731311539.9884,409860819883.6426,15.541663782276405,0.025,0.05555555555555555,0.10526315789473684,0.3157894736842105,8.0,-0.8820372060560507,1.1914975094960163,53.47177033492822,312.23873684210525,-2.517556818181818,18794.274736842104,5.5,97.61538461538461,42.75,0.0,0.0,0.0,22.14783701700799
2.86010752688172,3.44,2.07,-1.6342424242424243,-1.37,2.46,102.66397849462363,138.2,38.053030303030305,28.629999999999995,-109.57,-100.14696969696968,0.27534754199008904,28978758058.690765,18160860591648.03,23932542442172.594,626.6956145900658,0.16162343852028424,0.20860219810603442,0.26881720430107525,0.08602150537634408,14.0,-0.44998463453107584,2.7970566556605596,11.888172043010751,252.55338709677414,-16.186097599810946,12988.90954301075,2.121212121212121,78.43529411764706,35.3939393939394,0.9173573878312138,1213412895790.958,164233.03669344002,18.878015034994434
2.36,3.44,1.286,-2.314285714285714,-2.154,2.62,112.08037037037037,138.2,82.22936507936508,98.43166666666666,-39.76833333333333,-55.97063492063491,0.5950026416741323,28978758058.690765,223841568840.74478,333277004930.9167,7.724332712512999,0.02946267136307737,0.04557531356616617,0.2222222222222222,0.24444444444444444,6.0,-1.377006113588706,0.8878609720074695,33.78222222222222,293.6505703703704,-1.6490444226494483,13641.08072839506,8.166666666666666,90.55882352941177,59.02380952380952,0.8451132568429528,25110919831129.37,670003.90249275,20.062522038696095
2.6964963503649644,3.2076000000000007,1.6,-1.8924648648648656,-1.6076000000000006,2.46,144.48832116788324,173.72400000000002,65.47297297297297,63.75,-109.97400000000002,-108.25102702702705,0.37687926235277197,10279623394.847141,456098065531.91003,738079833789.0787,44.369141554401494,0.04920214331979038,0.0784313725490196,0.14598540145985403,0.12408759124087591,17.0,-0.7132307622988089,1.647081026151916,21.55699270072993,355.4412700729928,-5.326182546298287,23376.55167883212,7.5675675675675675,99.73333333333333,47.91891891891892,0.0,0.0,0.0,30.197510641787474
1.8405384615384617,2.642833333333334,2.19,-1.489976190476191,-0.45283333333333387,1.98,118.41538461538462,186.23333333333335,60.285714285714285,17.0,-169.23333333333335,-125.94761904761907,0.3237106548364826,11038345045.44863,5666901083931.938,38922178734970.945,513.3832164694413,0.05471521942110178,0.29411764705882354,0.07692307692307693,0.46153846153846156,2.0,-0.48232116830981553,2.7104416666068443,85.95384615384617,234.46246153846155,-6.891251611755815,18142.869230769233,0.0,105.9,12.857142857142856,0.0,0.0,0.0,17.046894502088563
2.421818181818182,3.44,1.42,-2.24,-2.02,2.46,113.85454545454544,138.2,84.64,101.78,-36.41999999999999,-53.55999999999999,0.6124457308248915,28978758058.690765,169743272551.5122,215131736344.2541,5.8575068057689235,0.028130446442372236,0.04144607806992966,0.22727272727272727,0.22727272727272727,6.0,-1.371878437047757,0.7677128018709929,31.409090909090907,280.08218181818177,-1.5066667114534567,13908.333333333332,12.3,92.05882352941177,76.5,0.6730116670092565,103458999443646.92,100963.6704,22.445216876788955
2.3204000000000002,3.16,1.3039999999999998,-2.099,-1.8560000000000003,2.18,138.20575,181.0,74.014375,93.55749999999999,-87.44250000000001,-106.985625,0.40891919889502765,6449680150.445432,129270174305.65178,144016270946.2961,20.042881397261855,0.01916144657228881,0.03220134184471079,0.1,0.3,8.0,-0.8583213984806631,1.3019601565653096,54.3,301.288535,-2.049999337440426,21902.0192125,3.0875,107.57142857142856,31.75,0.42270908780599087,57603274297053.54,239042.80921875,23.92090664468512
2.2985653104925055,3.44,1.2239423076923077,-2.348237885462555,-2.2160576923076922,2.46,111.13811563169163,138.2,82.52643171806167,100.2980769230769,-37.90192307692308,-55.673568281938316,0.5971521831987097,28978758058.690765,160407976993.44104,203047781732.5227,5.535364099060639,0.025165749795316324,0.037407720974178674,0.22269807280513917,0.2633832976445396,6.0,-1.4022553799738862,0.7431461926966318,36.39957173447537,273.39976445396144,-1.4010670895957187,13366.266416845108,8.083700440528634,91.5843023255814,62.65638766519824,0.9550618328711267,17269202300545.566,390746.8541457101,20.071823579338453
1.8657869822485205,2.58,2.0648999999999997,-1.3562022471910113,-0.5151000000000003,1.6,117.90710059171596,184.0,58.497752808988764,27.439999999999998,-156.56,-125.50224719101124,0.3179225696140694,12278644599.949677,5260811832105.03,22981588562649.63,428.45216255600326,0.058815634142511355,0.21061846082306443,0.11834319526627218,0.40828402366863903,12.0,-0.43116730334334163,2.631902339216683,75.12426035502958,188.65136094674554,-7.381494254849541,18002.66775147929,0.404494382022472,105.518,16.361797752808993,0.913319904305773,1381390876494.159,418469.58789516,17.27054067580625
2.4394594594594596,3.16,1.4000000000000001,-2.050769230769231,-1.76,2.18,141.39864864864865,181.0,68.28846153846153,70.0625,-110.9375,-112.71153846153847,0.3772843178920527,6449680150.445432,249694718418.0988,531709515151.5878,38.71427925008874,0.027080334772642465,0.05467775467775468,0.10810810810810811,0.24324324324324326,8.0,-0.7737230703847789,1.5878711783451778,44.02702702702703,308.24905405405406,-3.0522661942780287,22909.765202702703,2.769230769230769,104.85714285714285,32.07692307692307,0.5623351446188083,93258080858442.19,267544.11016875,25.553817554598613
2.826847826086957,3.44,1.8724,-1.7628125000000001,-1.5675999999999999,2.46,106.03804347826087,138.2,45.73437499999999,39.64,-98.55999999999999,-92.46562499999999,0.3309289073806078,28978758058.690765,18388444814108.984,23502390015607.043,634.5490989250407,0.15734102668845315,0.19724836601307189,0.27173913043478265,0.07608695652173914,14.0,-0.5833656145418777,2.802465231737628,10.515217391304347,260.8535869565217,-14.548636370889499,13439.729891304347,6.75,80.9529411764706,61.09375,0.8731726364245316,145173375260649.1,1030722.0766,21.526748671436675
2.404042553191489,3.16,1.286,-2.09,-1.874,2.18,141.8276595744681,181.0,72.7,85.17999999999999,-95.82000000000001,-108.3,0.4016574585635359,6449680150.445432,159948725890.00504,245374127004.96826,24.799481859415703,0.023185676510018235,0.043275744578506435,0.10638297872340426,0.2553191489361702,8.0,-0.83946408839779,1.394442607118662,46.212765957446805,309.1842978723405,-2.511008766034975,22854.67670212766,3.4117647058823533,106.54285714285713,35.76470588235294,0.6730116670092565,1553327997626.662,25977.840000000004,25.823667459047563
2.328478260869565,3.44,1.2518181818181817,-2.324090909090909,-2.1881818181818184,2.46,110.49891304347825,138.2,80.27954545454546,93.05909090909091,-45.140909090909076,-57.92045454545453,0.5808939613208789,28978758058.690765,196446774998.60623,268538741238.44217,6.7789922052816065,0.027057473585877553,0.03930013235694029,0.2391304347826087,0.2391304347826087,6.0,-1.3500503746516608,0.8311651345429972,33.04782608695652,271.8273260869565,-1.5671811689456574,13234.09635869565,7.636363636363636,93.17142857142858,63.590909090909086,0.9164648855394713,40632956376640.99,190694.1822231405,20.54058046648674
1.8403076923076922,2.642333333333333,2.19,-1.4894761904761904,-0.45233333333333325,1.98,118.52307692307691,186.46666666666667,60.285714285714285,17.0,-169.46666666666667,-126.18095238095239,0.32330558251187497,10997932702.269861,5666901083931.938,38922178734970.945,515.2696636125395,0.05471521942110178,0.29411764705882354,0.07692307692307693,0.46153846153846156,2.0,-0.48155596739947315,2.712034574222179,86.06153846153846,234.6756923076923,-6.904018496287406,18184.007692307692,0.0,106.08571428571429,12.857142857142856,0.0,0.0,0.0,17.16547624943417
2.7620555555555555,3.44,1.4163481228668946,-2.033833333333333,-2.0236518771331053,2.51,118.85362433862434,138.2,80.16087301587301,80.46335121079149,-57.7366487892085,-58.03912698412698,0.5800352606068959,28978758058.690765,510068193138.59503,519283188669.8537,17.60145110793059,0.058099762651735075,0.05913387403350451,0.32555555555555554,0.007777777777777778,18.0,-1.1796950475309915,1.2455484736202984,1.0748888888888888,298.32259708994707,-3.37205950229169,15072.381548878808,12.833333333333332,89.36282194848825,81.79333333333334,0.8440080064374161,26740469232881.062,866333.9389355148,26.95967833591151
2.4305555555555554,3.0975,1.33,-2.0008333333333335,-1.7675,2.18,147.58333333333334,185.875,71.0,78.0,-107.875,-114.875,0.38197713517148624,6092438633.060001,190358750788.19165,322366634847.03424,31.24508300423892,0.026970560303893637,0.05128205128205128,0.1111111111111111,0.2222222222222222,8.0,-0.7642725846222821,1.4947816827315454,41.30555555555555,321.7316666666667,-3.0982431149097818,24832.41666666667,4.0,109.21428571428571,39.33333333333333,0.0,0.0,0.0,30.48081434092317
2.7618888888888886,3.44,1.411418918918919,-2.034333333333333,-2.028581081081081,2.51,119.00671957671956,138.2,80.62015873015874,80.79745817245816,-57.402541827541825,-57.57984126984125,0.5833586015206855,28978758058.690765,509086708537.8802,514285788264.62494,17.567582002887264,0.05803977571265493,0.05862389680586899,0.3288888888888889,0.0044444444444444444,18.0,-1.1867458483602478,1.2447119894367116,0.6142222222222222,298.70686613756607,-3.3419210728718585,15100.080851599896,12.833333333333332,89.58928571428572,81.95333333333333,0.8546090225013814,27501137337303.094,888781.0755837974,27.06751678452026
2.3682518426243124,3.16,1.2730299999999999,-2.0993421414808697,-1.8869700000000003,2.18,140.5675101214575,181.0,73.79213459950454,90.35932499999998,-90.64067500000002,-107.20786540049546,0.4076913513784781,6449680150.445432,144242450976.1012,196606612934.3333,22.364279717985617,0.02127714024283206,0.03829244309480147,0.1038098204090107,0.2733312571369252,8.0,-0.8558836346661239,1.3495549154958617,49.47295754178346,306.43717206477737,-2.281076787261005,22507.627610362815,4.696944673823286,107.38,41.71456096889622,0.6573397035288462,16790865845428.205,24689.083835999998,26.060412851864367
1.8298095238095238,2.643333333333333,2.15375,-1.49859649122807,-0.48958333333333304,1.98,117.97619047619048,186.0,60.69298245614035,19.0,-167.0,-125.30701754385964,0.32630635729107715,11078757388.627398,4961500408876.508,34589017209597.65,447.83907028865923,0.05098178204473354,0.27250445632798576,0.0761904761904762,0.4666666666666667,2.0,-0.4890015621018212,2.65112197953017,86.8,233.59285714285716,-6.388375057096654,17980.345238095237,0.0,105.80357142857142,12.789473684210526,0.37677016125643675,107014501296.4012,205196.04109374998,16.770348046205942
1.7394444444444446,2.58,1.1042857142857143,-1.5130000000000001,-1.4757142857142858,1.65,131.2579365079365,184.0,89.06428571428572,98.3061224489796,-85.6938775510204,-94.93571428571428,0.48404503105590063,12278644599.949677,188574529203.98254,216097266537.64493,15.357927144886611,0.022075645393712717,0.025187429927526102,0.3888888888888889,0.16666666666666666,20.0,-0.7323601319875778,1.1863326030466221,30.666666666666664,216.57559523809522,-2.095767163770255,19787.080782312925,0.4,124.86666666666667,28.0,0.5982695885852573,4070472034027.1494,503124.1258979593,23.684213978712997
2.4018518518518523,3.2278787878787885,1.5,-2.1240692640692647,-1.7278787878787885,2.46,130.65925925925927,170.62424242424242,67.85714285714286,69.0,-101.62424242424242,-102.76709956709956,0.39769930634136935,11911274794.868544,233341451187.772,582098706960.5773,19.589964567713363,0.02854075607698796,0.07246376811594203,0.0925925925925926,0.29629629629629634,8.0,-0.8447408729413695,1.2920336504888412,50.55533108866443,321.4217777777778,-2.9330507214841237,19787.479999999996,5.476190476190476,96.0263157894737,41.14285714285714,0.0,0.0,0.0,22.602716597783612
2.1,3.44,1.9,-2.3449999999999998,-1.54,2.46,98.40714285714284,138.2,68.5625,76.0,-62.19999999999999,-69.63749999999999,0.49611070911722144,28978758058.690765,163262370788.13593,435615304993.695,5.633863620293187,0.02118664717348928,0.06578947368421052,0.07142857142857142,0.5,9.0,-1.1633796128798841,0.7508063297511056,69.1,242.08157142857138,-1.4753851425438596,10876.085,3.75,75.57142857142857,25.875,0.0,0.0,0.0,12.661270546621433
2.7633333333333336,3.44,1.4577777777777778,-2.03,-1.982222222222222,2.51,117.67989417989416,138.2,76.63968253968254,77.65520282186948,-60.54479717813051,-61.56031746031745,0.5545563136011762,28978758058.690765,517592908410.742,561286030594.2944,17.86111424659606,0.058559662518016135,0.06342020115170516,0.30000000000000004,0.03333333333333333,18.0,-1.1257493166103876,1.2519085483965193,4.6066666666666665,295.37653439153434,-3.604951414978126,14860.020228017129,12.833333333333332,87.57471264367817,80.56666666666666,0.7273876291758028,19512090520234.805,652392.6744101509,26.14706464122391
1.8926844014510276,2.58,2.1279,-1.3311709601873538,-0.45210000000000017,1.6,119.43954050785973,184.0,58.961358313817335,31.040000000000003,-152.96,-125.03864168618267,0.3204421647490073,12278644599.949677,6778820614021.886,28538923797232.277,552.0821584859349,0.06529332569330892,0.23035805626598468,0.12091898428053204,0.39540507859733975,12.0,-0.4265633041334502,2.7420037123705154,72.75453446191051,191.1032648125756,-8.16418875586488,18357.84492140266,1.2646370023419207,106.274,19.37002341920375,0.583258840128597,3424952951734.437,6950.007827639998,18.216840761157627
2.368,3.16,1.78,-1.9800000000000002,-1.3800000000000001,2.18,136.85,181.0,70.625,80.0,-101.0,-110.375,0.39019337016574585,6449680150.445432,149288957386.92316,224091403271.38156,23.146722613308643,0.02048611111111111,0.0375,0.1,0.3,8.0,-0.7725828729281768,1.3644895071588188,54.3,298.333,-2.261154513888889,21663.475,5.0,105.14285714285714,31.75,0.0,0.0,0.0,24.446652852180122
2.323913043478261,3.44,1.2580000000000002,-2.333636363636364,-2.1819999999999995,2.55,112.01138716356107,138.2,83.44199134199134,102.57238095238094,-35.62761904761905,-54.75800865800865,0.6037770719391559,28978758058.690765,216585841722.4245,327263081278.80945,7.473951826499001,0.028159256434601317,0.04417258637834512,0.21739130434782608,0.2608695652173913,6.0,-1.408996130607103,0.8735502942691603,36.052173913043475,285.6290372670807,-1.5419448076489848,13682.514096914125,8.181818181818182,91.76470588235296,58.909090909090914,1.0549201679861442,71022756502415.97,635859.76,19.867039018139476
2.361111111111111,2.9933333333333336,1.33,-1.896666666666667,-1.6633333333333336,2.18,153.0,194.0,71.0,78.0,-116.0,-123.0,0.36597938144329895,5497036104.084285,190358750788.19165,322366634847.03424,34.62934337410583,0.026970560303893637,0.05128205128205128,0.1111111111111111,0.2222222222222222,8.0,-0.6941408934707904,1.5394442567326512,43.11111111111111,333.54,-3.3173789173789174,27004.5,4.0,115.28571428571428,39.33333333333333,0.0,0.0,0.0,36.38702555587453
1.4230769230769231,2.19,1.9,-1.1077777777777778,-0.29000000000000004,1.21,109.3076923076923,212.0,63.666666666666664,33.0,-179.0,-148.33333333333334,0.300314465408805,12041693654.298868,583525000228.3044,4256886531984.5776,48.45871494330756,0.02663673774784886,0.12121212121212122,0.07692307692307693,0.6153846153846154,19.0,-0.33268169112508733,1.6853718930777912,130.46153846153848,132.2623076923077,-3.951116099264248,16716.53846153846,0.0,112.00000000000001,12.0,0.0,0.0,0.0,12.245802677138878
2.1399999999999997,3.2699999999999996,1.4700000000000002,-2.2899999999999996,-1.7175,2.46,91.74,161.85,67.5,77.53333333333333,-100.85833333333333,-94.35,0.41705282669138094,17508665281.803684,124354808758.77036,471392579892.14136,7.102472219170766,0.014814814814814815,0.05220496643293334,0.0,0.4,1.0,-0.9550509731232621,0.8514095436854437,64.74,225.6804,-1.3977777777777778,12533.847999999996,0.0,66.16666666666666,9.0,0.0,0.0,0.0,8.113010219832965
2.3526086956521737,3.44,1.3900000000000001,-2.2736363636363635,-2.05,2.49,112.28985507246377,138.2,84.02424242424242,103.85333333333332,-34.346666666666664,-54.17575757575757,0.6079901767311319,28978758058.690765,162636509611.33612,208574550634.41504,5.6122663808417155,0.026033277191263752,0.039495432043002474,0.21739130434782608,0.2608695652173913,6.0,-1.3823485745496007,0.7491382762166385,36.052173913043475,279.6017391304348,-1.410372514016404,13613.635942028983,10.181818181818183,93.3529411764706,66.36363636363637,1.0549201679861442,127169157215328.83,89395.54240000002,20.90557706173926
2.2817622080679407,3.44,1.2073,-2.3616017316017315,-2.2327,2.46,110.80148619957536,138.2,82.33549783549782,101.77,-36.42999999999999,-55.86450216450217,0.5957706066244416,28978758058.690765,154161452056.1895,193208154775.80865,5.319808797325471,0.024656654126200658,0.037549463624116125,0.21231422505307854,0.2781316348195329,6.0,-1.4069728962416952,0.725896023317845,38.43779193205945,272.57165605095537,-1.377431707802518,13293.680290162773,7.961038961038961,91.06176470588235,61.53679653679654,0.8862772033041759,296287956466.8635,437737.7436000001,19.619469524862293
2.8740331491712707,3.44,1.9324,-1.6793442622950818,-1.5076,2.46,105.23480662983424,138.2,40.385245901639344,34.42,-103.77999999999999,-97.81475409836065,0.29222319755165954,28978758058.690765,19387740732658.895,23625685635916.918,669.0328375492437,0.16871264278098336,0.20257016493354044,0.2762430939226519,0.06077348066298342,14.0,-0.49074335011790166,2.8254474343843343,8.398895027624308,258.8776243093922,-16.502585666906448,13392.400828729282,0.7049180327868853,79.51176470588237,40.0655737704918,0.7524177643476055,54341449642514.445,643169.5203999999,19.160238174293035
1.9080487804878048,2.58,2.19,-1.311904761904762,-0.3900000000000001,1.6,118.17073170731706,184.0,55.476190476190474,17.0,-167.0,-128.52380952380952,0.30150103519668736,12278644599.949677,9361931934047.383,38922178734970.945,762.4564631576479,0.08131548915862642,0.29411764705882354,0.12195121951219512,0.39024390243902435,12.0,-0.39554064379374937,2.8822150501824852,71.80487804878048,189.0731707317073,-10.4509764399587,18328.414634146342,0.0,104.60000000000001,15.428571428571427,0.0,0.0,0.0,17.57266949656064
1.9756723716381421,2.7262000000000004,2.0951923076923076,-1.4687358851674643,-0.6310076923076928,2.46,114.90537897310514,176.21400000000003,56.236842105263165,22.230769230769234,-153.9832307692308,-119.97715789473686,0.3191394673820647,15117663887.935663,6957736993984.919,27589294745533.094,460.2388997110457,0.07024234274445365,0.237590840532017,0.1271393643031785,0.38386308068459657,20.0,-0.46873158811726995,2.6629833227548136,67.64204889975551,282.66723227383864,-8.42747664634754,17147.74916870416,0.0,99.59126984126985,15.717703349282298,0.6319781608682513,215295446395.12668,412820.43770340236,16.677631459904575
2.368,3.16,1.78,-1.9800000000000002,-1.3800000000000001,2.18,136.85,181.0,70.625,80.0,-101.0,-110.375,0.39019337016574585,6449680150.445432,149288957386.92316,224091403271.38156,23.146722613308643,0.02048611111111111,0.0375,0.1,0.3,8.0,-0.7725828729281768,1.3644895071588188,54.3,298.333,-2.261154513888889,21663.475,5.0,105.14285714285714,31.75,0.0,0.0,0.0,24.446652852180122
2.286876876876877,3.106666666666667,1.2757000000000003,-2.0525563909774434,-1.8309666666666666,2.18,140.6662162162162,185.0,73.99887218045112,93.43050000000001,-91.56949999999999,-111.00112781954888,0.39999390367811416,6084251132.197586,129656372568.18349,145508048358.32877,21.31016122625967,0.019216394737754928,0.03237711870734586,0.10010010010010009,0.2992992992992993,8.0,-0.8210100433465292,1.3285867354678405,55.370370370370374,306.65235135135134,-2.1330414885164415,22822.807304804803,2.764411027568922,110.99571428571429,31.175438596491226,0.5807150411914491,37899568642927.69,140018.765,27.101686162296662
2.5009638554216864,3.1854545454545455,1.474,-2.029025974025974,-1.7114545454545456,2.46,140.96385542168673,177.10909090909092,69.96428571428571,74.4,-102.70909090909092,-107.14480519480522,0.39503497734172194,8497778142.104099,235282799226.12415,434953182067.36096,27.687566713511156,0.030128205128205122,0.057692307692307696,0.12048192771084336,0.21686746987951805,17.0,-0.801536229675116,1.4422847900059659,38.4092004381161,346.77108433734935,-3.2280806693306694,22547.357831325302,4.857142857142858,103.15384615384616,41.50000000000001,0.5004024235381879,81127470981081.58,239794.337344,26.77433163306955
2.4611111111111112,3.143333333333334,1.33,-2.0466666666666673,-1.813333333333334,2.18,145.16666666666666,182.25,71.0,78.0,-104.25,-111.25,0.3895747599451303,6335483582.242981,190358750788.19165,322366634847.03424,30.046443703480968,0.026970560303893637,0.05128205128205128,0.1111111111111111,0.2222222222222222,8.0,-0.7973296753543669,1.4777930762937357,40.5,316.4633333333333,-3.000474833808167,23843.333333333336,4.0,106.64285714285714,39.33333333333333,0.0,0.0,0.0,28.673518620710936
1.8363601532567049,2.643333333333333,2.1755,-1.493758865248227,-0.4678333333333331,1.98,118.1743295019157,186.0,60.45035460992907,17.799999999999997,-168.2,-125.54964539007094,0.325001906504995,11078757388.627398,5381739108909.53,37188914124821.625,485.77100482713075,0.05320595750299547,0.2854723707664884,0.07662835249042145,0.4636015325670498,2.0,-0.4854744790644117,2.686431588650696,86.22988505747126,233.98517241379307,-6.679989097140266,18052.897509578546,0.0,105.74999999999999,12.829787234042554,0.1985152433458726,46474869134.4371,89113.709275,16.865073406795105
2.365652173913044,3.44,1.45,-2.246363636363636,-1.99,2.49,110.89855072463767,138.2,81.11515151515151,97.45333333333333,-40.746666666666655,-57.08484848484848,0.5869403148708503,28978758058.690765,244397248875.87665,388448177016.4042,8.433668840496829,0.029223069854740626,0.0465129759026516,0.21739130434782608,0.2608695652173913,6.0,-1.3184813800417008,0.9260165438488139,36.052173913043475,276.13739130434783,-1.6681945149200117,13424.418550724635,8.363636363636363,92.05882352941177,58.363636363636374,1.0549201679861442,143883288204992.12,16730.056416000007,19.94628776330669
2.3669376102979345,3.16,1.26037,-2.1028268648499866,-1.8996300000000002,2.18,140.46401432575522,181.0,73.51771263418661,89.36234999999999,-91.63765000000001,-107.48228736581339,0.40617520792368295,6449680150.445432,145321277910.48917,200525991186.96478,22.531548002493256,0.021365119276382873,0.03861207092369156,0.1038098204090107,0.2733312571369252,8.0,-0.8541161390579497,1.35279103042094,49.47295754178346,306.21155123014637,-2.296371889669063,22487.60376128932,3.1288191577208915,107.10871428571427,34.04816955684008,0.6573397035288462,1503563251902.6978,25145.574951000002,25.000352761350182
2.870550964187328,3.44,1.9387,-1.680569105691057,-1.5012999999999999,2.46,105.09435261707989,138.2,40.49796747967479,34.2875,-103.9125,-97.70203252032519,0.2930388384925817,28978758058.690765,19232802361475.1,23627745298599.86,663.6862187993995,0.16742008832825797,0.20251930123634992,0.27548209366391185,0.06336088154269973,14.0,-0.49247201873822416,2.821962799770243,8.756473829201102,258.5321074380165,-16.357282914403175,13363.752858126722,0.7479674796747968,79.45588235294119,40.0569105691057,0.7795654523164246,53200536588135.24,625629.2795999999,19.12235554995286
2.4432608695652176,3.16,1.362,-2.060625,-1.798,2.18,142.54710144927537,181.0,70.44791666666666,76.93333333333334,-104.06666666666666,-110.55208333333334,0.3892150092081031,6449680150.445432,183989579769.4004,315186075992.7865,28.526930867524275,0.025536479930044285,0.04912414318354913,0.10869565217391305,0.23913043478260873,8.0,-0.8020261783494474,1.455255049645238,43.28260869565218,310.7526811594203,-2.8231110572662503,23099.861714975847,3.6875,105.22857142857143,36.3125,0.3250829733914482,29750245016981.168,185412.915216,26.505613982810363
1.8926844014510278,2.58,2.1279,-1.3311709601873536,-0.45210000000000017,1.6,119.43954050785973,184.0,58.961358313817335,31.040000000000003,-152.96,-125.03864168618267,0.3204421647490073,12278644599.949677,6778820614021.887,28538923797232.273,552.082158485935,0.06529332569330894,0.23035805626598466,0.12091898428053205,0.3954050785973398,12.0,-0.42656330413345017,2.7420037123705154,72.75453446191052,191.1032648125756,-8.164188755864881,18357.844921402662,1.2646370023419207,106.274,19.37002341920375,0.583258840128597,3424952951734.437,6950.007827639998,18.216840761157627
2.32,3.44,1.24,-2.341818181818182,-2.2,2.46,110.79710144927535,138.2,80.90303030303029,96.98666666666665,-41.21333333333334,-57.2969696969697,0.5854054291102048,28978758058.690765,191425078025.15363,271909401144.81357,6.605703309902372,0.027509031299527465,0.04274209108118265,0.21739130434782608,0.2608695652173913,6.0,-1.3709130776253522,0.8199190637898776,36.052173913043475,272.56086956521733,-1.576184132762016,13314.674589371978,8.0,90.3529411764706,63.09090909090909,1.0549201679861442,2697479748415.537,1082522.1600000001,19.95507695188962
2.4336,3.269333333333334,1.78,-2.089333333333334,-1.4893333333333338,3.0,132.82,174.28333333333333,70.625,80.0,-94.28333333333333,-103.65833333333333,0.40523094577794777,7877605361.786336,149288957386.92316,224091403271.38156,18.95105816180035,0.02048611111111111,0.0375,0.1,0.3,8.0,-0.8466625227120592,1.2776334644888228,52.285,398.46,-2.123556134259259,20407.62625,5.0,101.14285714285714,31.75,0.0,0.0,0.0,23.25650955066881
2.3878947368421053,3.16,1.275,-2.095714285714286,-1.8850000000000002,2.18,141.2342105263158,181.0,73.06428571428572,86.975,-94.025,-107.93571428571428,0.4036700868192581,6449680150.445432,153432291983.25076,226126000044.45175,23.78913192658931,0.022374629982759218,0.04127416790262022,0.10526315789473684,0.2631578947368421,8.0,-0.8459771676626453,1.3763785947749507,47.63157894736842,307.89057894736845,-2.4150216690676753,22694.929078947367,3.2857142857142856,106.78571428571428,35.0,0.6931471805599453,1618049997527.773,27060.25,25.462085775192705
2.4663999999999997,3.324,1.78,-2.144,-1.5439999999999998,3.0,130.805,170.92499999999998,70.625,80.0,-90.92499999999998,-100.29999999999998,0.41319292087172743,8591567967.456787,149288957386.92316,224091403271.38156,17.37621793279191,0.02048611111111111,0.0375,0.1,0.3,8.0,-0.8858856223489837,1.2399552548709663,51.277499999999996,392.415,-2.0547569444444442,19779.701875,5.0,99.14285714285715,31.75,0.0,0.0,0.0,22.683345024475216
2.4641666666666673,3.186031746031746,1.33,-2.0999711399711396,-1.856031746031746,3.0,142.02864583333334,179.40079365079364,70.68181818181819,78.0,-101.40079365079364,-108.71897546897546,0.39398832493127883,6789662343.621839,184358392421.88065,322366634847.03424,27.15280717826353,0.0258654925321592,0.05128205128205128,0.10416666666666669,0.23958333333333337,8.0,-0.8273641118412574,1.4338147355457582,42.98144014550265,426.0859375,-2.812069848096784,22897.7138671875,3.6363636363636367,104.34246575342468,36.57575757575758,0.0,0.0,0.0,26.126666880698124
1.819056603773585,2.643333333333333,2.1175,-1.5064367816091953,-0.5258333333333329,1.98,117.65094339622641,186.0,61.08620689655172,21.0,-165.0,-124.91379310344828,0.32842046718576196,11078757388.627398,4280423895029.8857,30255855684224.355,386.36317638148125,0.04737708388824007,0.2508912655971479,0.07547169811320754,0.4716981132075472,2.0,-0.49474467160190755,2.5869957278459363,87.73584905660377,232.9488679245283,-5.918051254660334,17861.25,0.0,105.89285714285714,12.724137931034484,0.5623351446188083,183453430793.83066,351764.64187500003,16.616007566506614
2.112,3.2,1.4700000000000002,-2.22,-1.7175,2.46,93.84,167.1,67.5,77.53333333333333,-100.85833333333333,-99.6,0.40394973070017953,17029039695.353384,124354808758.77036,471392579892.14136,7.302514468429029,0.014814814814814815,0.05220496643293334,0.0,0.4,1.0,-0.8967684021543987,0.8634724261115462,66.84,230.84640000000002,-1.4755555555555555,13325.548,0.0,69.66666666666666,9.0,0.0,0.0,0.0,9.090550782458326
2.406451612903226,3.218947368421053,1.4000000000000001,-2.0989473684210527,-1.8189473684210526,2.46,131.8725806451613,171.98947368421054,68.35416666666667,70.0625,-101.92697368421054,-103.63530701754387,0.3974322683966787,11192643920.602345,260139710889.7095,531709515151.5878,23.242025095685328,0.02810246143579477,0.05467775467775468,0.12903225806451613,0.25806451612903225,8.0,-0.8341894138768183,1.3662739657821967,44.38438030560272,324.4065483870968,-2.9124072188472776,20150.0975,3.0,99.8695652173913,34.0,0.5623351446188083,93258080858442.19,267544.11016875,22.8135517816829
1.753404255319149,2.58,1.8499999999999999,-1.438888888888889,-0.7300000000000002,1.6,114.79787234042551,184.0,63.53703703703704,46.099999999999994,-137.9,-120.46296296296296,0.3453099838969404,12278644599.949677,361862282637.18964,1406895167702.2346,29.470865427497813,0.026537971143446182,0.07811985898942421,0.10638297872340426,0.46808510638297873,20.0,-0.49686269905170877,1.4693928893235664,86.12765957446808,183.67659574468084,-3.1968426349651375,16765.60904255319,1.1111111111111112,106.92,17.11111111111111,0.6730116670092565,344804189618.8247,18538.82037600001,16.38386647151532
2.3960824742268043,3.16,1.6360000000000001,-2.002702702702703,-1.524,2.18,138.74742268041237,181.0,70.22972972972973,77.6,-103.4,-110.77027027027027,0.3880095565178438,6449680150.445432,166373030244.254,279822228255.0598,25.795547432342648,0.02240990990990991,0.042916666666666665,0.10309278350515465,0.2783505154639176,8.0,-0.777067787512763,1.4115447488917416,50.38144329896908,302.46938144329897,-2.482351777453129,22154.95618556701,5.5675675675675675,105.22857142857141,37.16216216216217,0.6108643020548935,82047211555247.53,905270.953125,25.766566937019345
2.4333333333333336,3.16,1.4700000000000002,-2.18,-1.7175,2.18,137.53,181.0,72.325,86.8,-94.2,-108.675,0.39958563535911606,6449680150.445432,137126850171.5455,175442974409.871,21.26103108571596,0.019751664106502816,0.03456221198156682,0.1,0.3,8.0,-0.8710966850828731,1.3275843224628374,54.3,299.8154,-2.1465120967741935,21776.898999999998,5.0,109.14285714285714,42.75,0.0,0.0,0.0,25.47024123921212
2.3430612244897957,3.16,1.258,-2.106842105263158,-1.9020000000000001,2.18,139.6551020408163,181.0,74.37368421052632,93.62,-87.38,-106.62631578947368,0.41090433265484155,6449680150.445432,134637285013.74263,163428218527.66504,20.87503285018626,0.02009130693003924,0.034865484852667626,0.1020408163265306,0.2857142857142857,8.0,-0.8657105492722794,1.3196271675876587,51.71428571428571,304.4481224489796,-2.142262037345605,22260.1225,4.842105263157896,107.85714285714285,42.21052631578947,0.5004024235381879,11564405195055.39,17004.16,25.74404854216354
1.990952380952381,2.58,2.19,-1.237,-0.3900000000000001,1.6,121.30952380952381,184.0,52.35,17.0,-167.0,-131.65,0.2845108695652174,12278644599.949677,11763701986622.424,38922178734970.945,958.061933535452,0.09860566448801743,0.29411764705882354,0.14285714285714285,0.3333333333333333,22.0,-0.3519399456521739,2.9813935847813493,61.33333333333333,194.0952380952381,-12.981435729847496,19294.130952380954,0.0,104.71428571428572,17.099999999999998,0.0,0.0,0.0,19.157845229472827
2.2663025210084036,3.44,1.1988,-2.3672881355932205,-2.2412,2.46,110.44117647058823,138.2,82.21186440677965,102.22,-35.97999999999999,-55.988135593220335,0.5948760087321249,28978758058.690765,148027157238.16068,180221551170.1315,5.108126336482773,0.02399937539430921,0.03649037778242159,0.21008403361344538,0.2857142857142857,6.0,-1.4082429176206082,0.7082616298910693,39.48571428571428,271.68529411764706,-1.3436802837291797,13215.797619047618,7.559322033898306,91.22352941176472,59.49152542372883,0.8030448563658358,149353437844.6761,313813.9296,19.267380051495987
2.3889473684210527,3.16,1.2850000000000001,-2.092857142857143,-1.875,2.18,141.3171052631579,181.0,73.28928571428571,87.76249999999999,-93.23750000000001,-107.71071428571429,0.40491318074191,6449680150.445432,152547756155.52982,223030124647.42847,23.651987788106744,0.022302495514492437,0.0410216972636865,0.10526315789473684,0.2631578947368421,8.0,-0.8474254425527117,1.373867646094055,47.63157894736842,308.07128947368426,-2.4022177222199192,22710.967138157892,4.571428571428571,106.99999999999999,41.285714285714285,0.6931471805599453,18069383117274.047,26569.0,26.323231042383025
2.4172000000000002,3.242000000000001,1.78,-2.062000000000001,-1.4620000000000009,3.0,133.82750000000001,175.9625,70.625,80.0,-95.9625,-105.3375,0.40136392697307666,7520624058.951111,149288957386.92316,224091403271.38156,19.85060763797097,0.02048611111111111,0.0375,0.1,0.3,8.0,-0.8276124174184846,1.2977738052945385,52.78875,401.4825000000001,-2.157955729166667,20721.588437500002,5.0,102.14285714285715,31.75,0.0,0.0,0.0,23.54850019299685
2.3397250509164973,3.16,1.23,-2.108664921465969,-1.9300000000000002,2.18,140.75539714867617,181.0,77.54397905759163,102.7,-78.3,-103.45602094240837,0.42841977379884877,6449680150.445432,119095022047.79721,105921427808.38745,18.46526017876595,0.018922711003034418,0.02921129503407985,0.1109979633401222,0.2780040733197556,8.0,-0.9033937486720176,1.266355431315798,50.31873727087576,306.84676578411404,-1.95766838581707,22454.28804480652,5.706806282722513,109.30042313117067,47.52094240837696,0.0,0.0,0.0,26.722028121558743
1.8099236641221372,2.5933333333333333,2.172,-1.4454460093896715,-0.4213333333333331,1.6800000000000002,119.9732824427481,190.0,60.795774647887335,19.900000000000002,-170.1,-129.20422535211267,0.3199777613046702,10830828501.851728,5062773499405.874,35187127512353.21,467.4410178815314,0.051235479562989385,0.27340153452685423,0.07633587786259542,0.46564885496183206,2.0,-0.4625105781712764,2.669726819006154,88.47328244274809,201.55511450381684,-6.619840447480044,18774.41412213741,0.14084507042253525,108.57142857142857,13.197183098591548,0.3250829733914482,283301307478.51666,71947.33290000002,17.5323932304538
2.2968522483940044,3.44,1.21625,-2.3517621145374448,-2.22375,2.46,111.06745182012845,138.2,82.38105726872247,99.98076923076923,-38.21923076923076,-55.81894273127752,0.5961002696723768,28978758058.690765,168354543130.90942,220392690513.3431,5.809584482190039,0.025338771703778556,0.03778537456284144,0.22269807280513917,0.2633832976445396,6.0,-1.40188603068105,0.76414507153917,36.39957173447537,273.225931477516,-1.4143834466141305,13359.14703783012,7.9074889867841405,91.5843023255814,62.16299559471366,0.9550618328711267,18139467644435.906,343785.52503328404,19.90926711820423
2.272,3.0933333333333337,1.22,-2.0533333333333337,-1.8733333333333337,2.18,141.445,186.0,74.6125,95.94999999999999,-90.05000000000001,-111.3875,0.40114247311827955,5992893877.635623,125737447879.54507,129885365241.86926,20.981090345813413,0.018927682241908404,0.031266284523189164,0.1,0.3,8.0,-0.8236792114695342,1.3218280538702025,55.8,308.3501,-2.1083072057205725,23075.115250000003,2.75,112.28571428571428,31.75,0.0,0.0,0.0,28.034611854374102
2.2811016949152543,3.44,1.2080769230769233,-2.357758620689655,-2.231923076923077,2.46,110.70127118644066,138.2,82.25431034482759,100.41346153846153,-37.786538461538456,-55.9456896551724,0.5951831428714008,28978758058.690765,161808599025.61456,207905571661.73047,5.583696813296937,0.024655459770096342,0.0367670227919813,0.22033898305084745,0.2711864406779661,6.0,-1.4032981859942077,0.7469218286898055,37.47796610169491,272.32512711864405,-1.3793667006033983,13279.910840395478,7.5,91.74418604651163,60.06896551724138,0.8101502323878819,18148209796926.934,216587.4356841716,19.545940387626874
2.9102197802197804,3.44,2.102,-1.5551612903225807,-1.338,2.46,103.43131868131867,138.2,36.13709677419355,28.610000000000003,-109.58999999999999,-102.06290322580644,0.2614840577003875,28978758058.690765,19351082148784.65,23965496710390.86,667.7678218505032,0.17252023081575096,0.2103695306559757,0.27472527472527475,0.06593406593406594,14.0,-0.40664988457211876,2.8246254876002554,9.112087912087912,254.44104395604393,-17.60791562224178,13173.73585164835,2.903225806451613,78.34117647058824,38.903225806451616,0.8030448563658358,912715123309.2666,182897.89943616002,19.722387136852348
2.341428571428571,3.16,1.242,-2.1110526315789473,-1.9180000000000001,2.18,139.5265306122449,181.0,74.04210526315791,92.35999999999999,-88.64000000000001,-106.95789473684209,0.4090724047688282,6449680150.445432,135940811496.6998,168381619162.90228,21.07714000163425,0.020197610356958703,0.03526943787496159,0.1020408163265306,0.2857142857142857,8.0,-0.8635733765935631,1.3238116802703515,51.71428571428571,304.1678367346939,-2.1602938824953406,22235.247142857144,2.947368421052632,107.5142857142857,32.94736842105263,0.5004024235381879,1035551998417.7748,17318.56,24.44961452967948
2.8506284153005463,3.44,1.9225,-1.7119841269841267,-1.5174999999999998,2.46,104.99071038251365,138.2,41.734920634920634,35.036,-103.16399999999999,-96.46507936507936,0.3019892954769945,28978758058.690765,18777149641027.51,23626876297417.383,647.9625387326156,0.16324262969187525,0.20183386155991095,0.27322404371584696,0.07103825136612021,14.0,-0.5170008803757339,2.811549898321218,9.817486338797814,258.2771475409836,-15.747213228991006,13328.155724043716,0.8015873015873015,79.79117647058825,39.507936507936506,0.8836841329652496,64755387488273.11,595411.84233219,18.947347277667845
1.798490566037736,2.5933333333333333,2.145,-1.4526436781609195,-0.44833333333333325,1.6800000000000002,119.70754716981132,190.0,61.53448275862069,24.25,-165.75,-128.4655172413793,0.3238656987295826,10830828501.851728,4187830101126.7466,29584550678426.6,386.65833370095004,0.04619585632020591,0.24232736572890023,0.07547169811320754,0.4716981132075472,2.0,-0.4704614598326971,2.587327375024433,89.62264150943396,201.10867924528304,-5.934574576583693,18634.13679245283,0.34482758620689663,108.78571428571428,13.689655172413794,0.5623351446188083,590211057246.9097,149890.27687500004,17.517666436897326
2.394545454545455,3.44,1.3,-2.3,-2.1399999999999997,2.46,112.74090909090908,138.2,82.19,96.88,-41.31999999999999,-56.00999999999999,0.5947178002894357,28978758058.690765,230236178310.58896,336117547862.4076,7.944998120495397,0.03065882621533405,0.04650283761585329,0.22727272727272727,0.22727272727272727,6.0,-1.367850940665702,0.9000937988047484,31.409090909090907,277.34263636363636,-1.7172008563208598,13752.70265151515,9.1,90.05882352941177,63.89999999999999,0.6730116670092565,15914816650756.09,581819.76,20.85059007022923
1.8647058823529412,2.58,2.0999999999999996,-1.3511111111111114,-0.4800000000000004,1.6,118.08823529411765,184.0,59.5,31.5,-152.5,-124.5,0.3233695652173913,12278644599.949677,4596036545008.434,20246922621882.25,374.3113914240396,0.05386420805573974,0.19053708439897699,0.11764705882352941,0.4117647058823529,12.0,-0.43690821256038653,2.573233044205849,75.76470588235294,188.94117647058826,-6.706093902939598,17949.808823529413,1.1111111111111112,105.60000000000001,18.11111111111111,0.6931471805599453,786948076329.2129,199853.70250000004,17.880305900946606
1.8925806451612905,2.58,2.0524999999999998,-1.3318750000000001,-0.5275000000000003,1.69,119.57603686635947,184.0,59.17857142857143,34.21428571428571,-149.78571428571428,-124.82142857142857,0.32162267080745344,12278644599.949677,6298015954246.223,24818999390708.574,512.9243625368906,0.06407243877918542,0.21184531067229723,0.12903225806451615,0.38709677419354843,12.0,-0.4283611946816771,2.7100533273832808,71.22580645161291,202.08350230414752,-7.997613340473323,18429.55793285056,1.09375,106.48684210526315,19.625,0.8305236914828464,132797559949900.95,175214.778125,18.49121221376227
1.9433333333333334,2.58,1.96,-1.2733333333333334,-0.6200000000000001,1.6,126.0,184.0,68.0,69.0,-115.0,-116.0,0.3695652173913043,12278644599.949677,238129527695.3342,465678965568.46185,19.39379593219191,0.02920021470746108,0.057971014492753624,0.16666666666666666,0.3333333333333333,20.0,-0.47057971014492755,1.2876628215108443,61.33333333333333,201.60000000000002,-3.3872249060654855,19240.25,6.666666666666666,112.75,39.33333333333333,0.0,0.0,0.0,23.94625048770438
2.349555555555556,3.44,1.239,-2.3366666666666664,-2.2009999999999996,2.55,112.83470899470898,138.2,83.84580498866212,101.82619047619048,-36.37380952380951,-54.354195011337865,0.6066990230728084,28978758058.690765,193375311178.02634,269297863839.20792,6.673002023978486,0.028212841200078324,0.04295067022386817,0.2222222222222222,0.24444444444444444,6.0,-1.4176533839134622,0.8243212565760155,33.78222222222222,287.72850793650787,-1.5334862724129645,13778.778501385737,10.333333333333332,90.91176470588236,73.28571428571428,0.9433483923290392,51911175202201.37,1091108.25,21.58373595214119
2.3152173913043477,3.44,1.218,-2.3518181818181816,-2.222,2.55,112.4679089026915,138.2,84.3965367965368,104.67238095238095,-33.52761904761904,-53.803463203463195,0.6106840578620608,28978758058.690765,188225636844.51514,264870630547.40887,6.495296881367421,0.027074237446769026,0.04178554460511409,0.21739130434782608,0.2608695652173913,6.0,-1.436217870626501,0.8125990062162839,36.052173913043475,286.7931677018633,-1.4566877382290626,13743.11735778369,9.818181818181818,91.76470588235296,70.36363636363637,1.0549201679861442,92429088954383.39,1126093.36,21.052697487248132
2.3470000777000077,3.16,1.57,-2.032500110625028,-1.59,2.18,136.88750565125056,181.0,70.7187475859369,80.375,-100.625,-110.2812524140631,0.3907113126294856,6449680150.445433,148515661973.374,220998294099.81705,23.02682590595087,0.02044256973858791,0.03732585139318885,0.09999990999999099,0.30000003000000297,8.0,-0.7941207861418794,1.3622340774981374,54.30000543000054,298.41476231972626,-2.2544321933333014,21669.50464592234,2.6249980312495076,105.28570889795843,27.249986312496574,0.6931471805599453,28776531302357.254,479037.015625,23.326962885360988
2.9102197802197804,3.44,2.102,-1.5551612903225807,-1.338,2.46,103.43131868131867,138.2,36.13709677419355,28.610000000000003,-109.58999999999999,-102.06290322580644,0.2614840577003875,28978758058.690765,19351082148784.65,23965496710390.86,667.7678218505032,0.17252023081575096,0.2103695306559757,0.27472527472527475,0.06593406593406594,14.0,-0.40664988457211876,2.8246254876002554,9.112087912087912,254.44104395604393,-17.60791562224178,13173.73585164835,2.903225806451613,78.34117647058824,38.903225806451616,0.8030448563658358,912715123309.2666,182897.89943616002,19.722387136852348
2.252,3.06,1.22,-2.02,-1.84,2.18,142.945,188.5,74.6125,95.94999999999999,-92.55000000000001,-113.8875,0.3958222811671087,5764500741.230718,125737447879.54507,129885365241.86926,21.812374310268577,0.018927682241908404,0.031266284523189164,0.1,0.3,8.0,-0.7995610079575596,1.3387029417696592,56.55,311.62010000000004,-2.1556264113253434,23640.61525,2.75,114.42857142857142,31.75,0.0,0.0,0.0,30.407877048600024
1.7922222222222222,2.55,2.01,-1.3639999999999999,-0.54,1.5699999999999998,123.11111111111111,198.0,63.2,46.0,-152.0,-134.8,0.3191919191919192,9853904009.223562,413817148765.728,1571666508793.5586,41.995248622107766,0.02924315619967794,0.08695652173913043,0.1111111111111111,0.4444444444444444,4.0,-0.43537777777777775,1.6232001567329353,88.0,193.28444444444443,-3.9419774557165868,19684.11111111111,2.0,117.0,20.0,0.0,0.0,0.0,26.5494011892979
2.3878947368421053,3.16,1.275,-2.095714285714286,-1.8850000000000002,2.18,141.2342105263158,181.0,73.06428571428572,86.975,-94.025,-107.93571428571428,0.4036700868192581,6449680150.445432,153432291983.25076,226126000044.45175,23.78913192658931,0.022374629982759218,0.04127416790262022,0.10526315789473684,0.2631578947368421,8.0,-0.8459771676626453,1.3763785947749507,47.63157894736842,307.89057894736845,-2.4150216690676753,22694.929078947367,3.2857142857142856,106.78571428571428,35.0,0.6931471805599453,1618049997527.773,27060.25,25.462085775192705
2.3286956521739133,3.44,1.28,-2.3236363636363633,-2.16,2.46,110.34057971014491,138.2,79.94848484848484,94.88666666666666,-43.31333333333333,-58.25151515151515,0.5784984431872999,28978758058.690765,219785282903.063,334301851876.2142,7.584358255033953,0.02859405028735975,0.04512913285441368,0.21739130434782608,0.2608695652173913,6.0,-1.3442200188970348,0.8799188391651387,36.052173913043475,271.4378260869565,-1.6656467535573225,13254.071328502414,6.363636363636363,90.3529411764706,51.63636363636363,1.0549201679861442,24972109872925.39,602224.56,18.83123493572737
2.2952083333333335,3.242962962962963,1.3860000000000001,-2.1662962962962964,-1.856962962962963,2.46,124.64270833333333,168.3185185185185,68.48809523809523,71.65,-96.66851851851848,-99.83042328042326,0.40689578212132455,13124962493.629234,211375315980.65292,489840939090.6771,16.104832001101187,0.02414429081095748,0.053998613998614,0.10416666666666667,0.33333333333333337,8.0,-0.8814568257880101,1.2069561988002138,56.10617283950617,306.6210625,-2.410334771463519,18221.416302083333,2.2857142857142856,96.5625,27.61904761904762,0.5004024235381879,79580228999204.0,228304.307344,19.396286426623604
1.884832,2.58,2.1202666666666663,-1.3368615384615388,-0.45973333333333377,1.6,119.05727999999999,184.0,59.11015384615385,31.144000000000002,-152.856,-124.88984615384615,0.32125083612040134,12278644599.949677,6154898103159.978,26256709084497.332,501.2685278947811,0.06203172521331089,0.21942142654163113,0.12,0.4,12.0,-0.4294678870079754,2.700070438324008,73.60000000000001,190.491648,-7.747132618548057,18242.9272,1.2184615384615385,106.08426666666668,19.001846153846152,0.8628368472087351,2700860404917.0767,91944.46508551396,18.120631175975877
2.412894736842105,3.171666666666667,1.4425000000000001,-2.0595238095238098,-1.7291666666666667,2.46,139.2157894736842,179.21666666666667,70.64285714285714,78.5,-100.71666666666667,-108.57380952380953,0.39417571176150173,7388391729.955655,173909956814.29913,297797826953.1211,23.53826964929253,0.024249592999593,0.047836538461538465,0.10526315789473684,0.2631578947368421,17.0,-0.8118142635088073,1.3717745337247105,47.16228070175438,342.4708421052631,-2.632870691367715,22179.387894736847,3.9999999999999996,104.17857142857143,35.0,0.5623351446188083,65646206696655.31,540759.94921875,25.119899699295537
2.3560000000000003,3.1400000000000006,1.78,-1.9600000000000006,-1.3600000000000005,2.18,137.75,182.5,70.625,80.0,-102.5,-111.875,0.386986301369863,6312644268.60249,149288957386.92316,224091403271.38156,23.649195334742526,0.02048611111111111,0.0375,0.1,0.3,8.0,-0.7584931506849317,1.373816368430014,54.75,300.295,-2.2918836805555554,22002.775,5.0,106.42857142857144,31.75,0.0,0.0,0.0,25.668136331012423
2.624948875255624,3.4507999999999996,1.3847435897435898,-2.1367259259259255,-2.06605641025641,3.0,115.06888207225632,138.04849999999996,78.59329805996472,80.93995726495726,-57.108542735042704,-59.45520194003524,0.569316566713617,28742365282.22699,422304957921.5304,485332874090.57587,14.692769846003772,0.045000605185813954,0.05138606084121762,0.3190184049079755,0.06748466257668713,18.0,-1.2164734681561222,1.167103675670542,9.31615644171779,345.20664621676895,-2.6755200687463656,14350.469988354918,7.216931216931217,91.0701754385965,77.21164021164022,0.7983177955192995,31082337721938.777,145479.3898393327,24.116059580748825
2.437254901960784,3.22125,1.5,-2.104407894736842,-1.72125,2.46,132.98823529411763,171.6375,67.89473684210526,69.0,-102.63749999999999,-103.74276315789473,0.39557052999551534,11377915942.874098,244813729338.19324,582098706960.5773,21.516570395435046,0.02998559199932198,0.07246376811594203,0.0980392156862745,0.2745098039215686,8.0,-0.8324417462477993,1.3327730487305756,47.11617647058823,327.15105882352935,-3.1107881689349233,20398.278039215686,6.052631578947368,96.91891891891893,44.52631578947368,0.0,0.0,0.0,23.834735049296288
1.9327777777777777,2.6166666666666663,2.19,-1.3677777777777775,-0.4266666666666663,2.18,121.05555555555556,185.83333333333334,56.27777777777778,17.0,-168.83333333333334,-129.55555555555557,0.3028400597907324,11472207875.611237,8746093459028.143,38922178734970.945,762.3722960618121,0.07688211086903898,0.29411764705882354,0.1111111111111111,0.3888888888888889,20.0,-0.4142179040026573,2.8821671060378127,72.26851851851852,263.9011111111111,-9.960504585922163,19105.56944444444,0.0,105.63636363636364,15.0,0.0,0.0,0.0,18.353070364206104
1.495,3.04,1.4700000000000002,-2.06,-1.7175,2.06,87.125,146.0,67.5,77.53333333333333,-100.85833333333333,-78.5,0.4623287671232877,36866897357.61785,124354808758.77034,471392579892.14136,3.3730749716337267,0.014814814814814815,0.05220496643293334,0.0,0.75,15.0,-0.9523972602739726,0.5280259941405739,109.5,179.4775,-1.162962962962963,8746.1875,0.0,71.0,9.0,0.0,0.0,0.0,8.272761233921429
2.3579999999999997,3.143333333333333,1.78,-1.9633333333333332,-1.363333333333333,2.18,137.63,182.29999999999998,70.625,80.0,-102.29999999999998,-111.67499999999998,0.38741086121777296,6354415745.809319,149288957386.92316,224091403271.38156,23.49373464985792,0.02048611111111111,0.0375,0.1,0.3,8.0,-0.7606166575242275,1.3709520593022428,54.68999999999999,300.03340000000003,-2.287786458333333,21976.254999999997,5.0,106.11428571428571,31.75,0.0,0.0,0.0,25.07817242641161
2.565,3.44,1.3433333333333335,-2.1875,-2.0966666666666667,2.49,116.02833333333334,138.2,82.77083333333334,87.86111111111113,-50.33888888888886,-55.429166666666646,0.5989206464061747,28978758058.690765,319871543383.3921,385043788258.26605,11.038138443875175,0.04084115710423502,0.049516604534041754,0.3,0.1,18.0,-1.3101389140135071,1.042895836824188,13.82,288.91055000000006,-2.2637913039901596,14491.14261111111,11.75,92.16666666666667,87.375,1.0114042647073516,38079375328023.445,1009880.5555555557,26.62541039172124
2.38009009009009,3.44,1.2924,-2.306862745098039,-2.1475999999999997,2.46,112.47837837837838,138.2,82.21764705882353,97.524,-40.67599999999999,-55.98235294117646,0.5949178513663064,28978758058.690765,222197382157.14932,323953658491.4634,7.667595060738362,0.02988575650134515,0.04555953585533668,0.22522522522522523,0.23423423423423426,6.0,-1.3723938277107046,0.8846591689516472,32.37117117117117,276.6968108108108,-1.6730749683723631,13693.01542042042,8.892156862745098,90.2235294117647,63.009803921568626,0.7524177643476055,15429997157737.092,564009.0516,20.64090215582659
2.6455717255717257,3.44,1.3758620689655174,-2.111160220994475,-2.0641379310344825,2.46,116.50679140679138,138.2,80.551197053407,82.31044932079415,-55.88955067920584,-57.648802946592994,0.5828596024124963,28978758058.690765,418842953558.3204,458538847684.9055,14.453447339255757,0.046577398078711287,0.050858874819612696,0.33160083160083154,0.044698544698544694,18.0,-1.2305100070379176,1.1599714444528089,6.177338877338876,286.60670686070677,-2.685131243604646,14627.57569184569,8.00828729281768,91.74211099020675,83.76519337016575,0.6605542093996428,22629336042618.03,130857.55053507732,25.289844807726084
1.8855520000000001,2.58,2.1262666666666665,-1.3354769230769232,-0.45373333333333354,1.6,118.72608,184.0,58.473230769230774,28.384,-155.61599999999999,-125.52676923076922,0.3177892976588629,12278644599.949677,6185525450510.826,26389427589684.344,503.76288686914006,0.06283440079859517,0.22289968741119637,0.12,0.4,12.0,-0.4244002734242347,2.7022261690738723,73.60000000000001,189.961728,-7.887399328798917,18204.8392,0.9415384615384617,105.58026666666667,18.004923076923077,0.8138222375296229,1518517271325.0498,149245.28421588195,17.99291945070708
2.5966058763931104,3.44,1.340210843373494,-2.1509819121447027,-2.099789156626506,2.49,116.52104018912529,138.2,82.91024978466838,85.46315261044175,-52.736847389558235,-55.28975021533161,0.599929448514243,28978758058.690765,393271410337.2738,437820847345.76086,13.57102362843777,0.043488866006334906,0.0482390853302313,0.3363728470111449,0.05572441742654508,18.0,-1.2904373923170833,1.132612606643948,7.70111448834853,290.137390070922,-2.4044885386382826,14642.315177304963,6.633074935400517,94.11802575107296,77.2170542635659,0.9420632340365882,38564516660077.945,158183.82670743213,24.814840610529416
2.162040816326531,3.327,1.4700000000000002,-2.347,-1.7175,3.0,92.53928571428573,159.22125,67.5,77.53333333333333,-100.85833333333333,-91.72125,0.4239383876209991,17123237163.40867,124354808758.77036,471392579892.14136,7.262342252930369,0.014814814814814815,0.05220496643293334,0.0,0.4081632653061225,1.0,-0.9949833957464849,0.8610767120867289,64.98826530612246,277.6178571428572,-1.3588333333333333,12401.858176020407,0.0,65.82758620689657,9.0,0.0,0.0,0.0,8.083181153706649
2.6278189300411525,3.44,1.3802547770700637,-2.1221505376344085,-2.0597452229299362,2.46,115.73786008230454,138.2,79.50860215053764,81.72675159235668,-56.47324840764331,-58.69139784946235,0.5753155003656849,28978758058.690765,411682144802.6983,464755347001.89514,14.206341899432585,0.04558374889358512,0.05126718257692486,0.32304526748971196,0.05967078189300412,18.0,-1.220906098410447,1.1524822624865467,8.246502057613169,284.71513580246915,-2.6753739417833935,14474.59488340192,7.510752688172043,91.31947483588621,79.94086021505377,0.6551570100274259,22374419250797.61,129383.45571828473,24.573965883245357
2.3090384615384614,3.2253333333333334,1.33,-2.165787878787879,-1.8953333333333333,2.46,128.22884615384615,171.01333333333332,69.88636363636363,78.0,-93.01333333333332,-101.1269696969697,0.4086603206554867,11706464995.702677,169357496506.10306,322366634847.03424,14.467005758636143,0.023102823102823102,0.05128205128205128,0.09615384615384615,0.3269230769230769,8.0,-0.8850715690172208,1.1603786543351506,55.908205128205125,315.44296153846153,-2.336318491833643,19136.037115384617,2.7272727272727275,98.37142857142855,29.681818181818183,0.0,0.0,0.0,20.467586480162957
2.8517759562841527,3.44,1.9266999999999999,-1.7086507936507935,-1.5133,2.46,104.86612021857921,138.2,41.37301587301587,34.58,-103.61999999999999,-96.82698412698412,0.29937059242413805,28978758058.690765,18779245351020.047,23629516892007.977,648.0348575665798,0.16338275869814162,0.2020104241078066,0.27322404371584696,0.07103825136612021,14.0,-0.5115198003412117,2.811598367046002,9.817486338797814,257.9706557377049,-15.819859783087834,13306.140642076503,0.5634920634920635,79.63235294117648,38.650793650793645,0.8836841329652496,54251289455136.266,596198.42514219,18.84174011404879
2.8479234972677596,3.44,1.9126,-1.7198412698412697,-1.5273999999999999,2.46,105.07923497267758,138.2,41.992063492063494,35.36,-102.83999999999999,-96.2079365079365,0.30384995290928724,28978758058.690765,17128612526623.875,21549719533268.805,591.0747621389862,0.15586856311752334,0.19254253767622753,0.27322404371584696,0.07103825136612021,14.0,-0.5225736888527186,2.771642416128162,9.817486338797814,258.49491803278687,-14.995792823993977,13308.278961748634,0.6349206349206349,79.6764705882353,39.317460317460316,0.8680614510441254,54583515452764.64,631796.079156,18.909854352470855
2.8215300546448088,3.44,1.816,-1.7965079365079366,-1.6239999999999999,2.46,106.46174863387978,138.2,46.00793650793651,40.42,-97.77999999999999,-92.19206349206348,0.3329083683642295,28978758058.690765,18676868840661.453,23500522488956.15,644.5020453545709,0.15959750958498425,0.1972410102252283,0.27322404371584696,0.07103825136612021,14.0,-0.5980725258962459,2.8092242999435633,9.817486338797814,261.89590163934423,-14.713623736834078,13526.745264116575,6.936507936507936,81.31764705882354,64.71428571428571,0.8420953021316528,173946723006869.88,1077178.5876,21.863046291112322
2.8205405405405406,3.44,1.886,-1.763076923076923,-1.554,2.46,105.99369369369369,138.2,46.53589743589744,40.24666666666666,-97.95333333333332,-91.66410256410255,0.3367286355708932,28978758058.690765,18157442554628.504,23567368878389.426,626.5776648486516,0.1563626601458316,0.19882701374513667,0.2702702702702703,0.08108108108108109,14.0,-0.593678486714221,2.7969749098468895,11.205405405405406,260.74448648648644,-14.332842916803418,13484.279129129129,2.076923076923077,80.6764705882353,44.53846153846154,0.8979457248567797,81865857232544.4,537348.4535999999,19.283103582109216
2.3658928571428572,3.44,1.2848000000000002,-2.3134615384615382,-2.1552,2.46,112.22053571428572,138.2,82.24423076923075,98.16799999999999,-40.032,-55.955769230769235,0.5951102081709896,28978758058.690765,214467770471.14963,311789769120.51917,7.40086134943352,0.029142420237894262,0.04461623409482007,0.22321428571428573,0.2410714285714286,6.0,-1.376764577749424,0.8692822680467207,33.31607142857143,276.06251785714284,-1.6306865416577103,13634.394032738093,8.692307692307692,90.38823529411766,62.15384615384614,0.8030448563658358,14922422591207.016,545474.8224,20.43701140935167
2.763888888888889,3.44,1.478076923076923,-2.0283333333333333,-1.9619230769230769,2.51,117.1695767195767,138.2,75.10873015873015,76.27930402930403,-61.92069597069596,-63.091269841269835,0.543478510555211,28978758058.690765,520864523746.4582,581866018359.9485,17.97401126340714,0.0587596189816166,0.06552035808420148,0.2888888888888889,0.044444444444444446,18.0,-1.1023555789094863,1.2546450095051744,6.142222222222222,294.0956375661375,-3.707218976939374,14767.689218946834,12.833333333333332,86.76744186046511,80.03333333333333,0.6441798059733927,15425656504240.295,531079.2600924557,25.801438041925504
2.427777777777778,3.0933333333333337,1.33,-1.996666666666667,-1.7633333333333336,2.18,147.66666666666666,186.0,71.0,78.0,-108.0,-115.0,0.3817204301075269,5992893877.635623,190358750788.19165,322366634847.03424,31.764078369312607,0.026970560303893637,0.05128205128205128,0.1111111111111111,0.2222222222222222,8.0,-0.7621684587813622,1.5019362588550185,41.33333333333333,321.91333333333336,-3.101614434947768,24785.833333333332,4.0,109.85714285714285,39.33333333333333,0.0,0.0,0.0,32.832219675475855
2.364,3.153333333333333,1.78,-1.973333333333333,-1.3733333333333329,2.18,137.15,181.5,70.625,80.0,-101.5,-110.875,0.3891184573002755,6404001523.164452,149288957386.92316,224091403271.38156,23.311824153526125,0.02048611111111111,0.0375,0.1,0.3,8.0,-0.7678604224058768,1.3675762584546856,54.449999999999996,298.987,-2.2713975694444444,21776.574999999997,5.0,105.57142857142857,31.75,0.0,0.0,0.0,24.847214896388714
1.8954545454545453,2.58,2.1325000000000003,-1.3288235294117647,-0.4474999999999998,1.6,119.43939393939394,184.0,58.6764705882353,30.0,-154.0,-125.3235294117647,0.3188938618925831,12278644599.949677,6991107510843.842,29308053792620.33,569.3712733466115,0.06664214989775392,0.23508098891730606,0.12121212121212122,0.3939393939393939,12.0,-0.42375366706785017,2.7553955517786775,72.48484848484848,191.10303030303032,-8.351829432774396,18380.46212121212,1.1764705882352942,106.15,19.11764705882353,0.5623351446188083,3258136369610.3857,6611.499074999998,18.200126810649525
2.45,3.296666666666667,1.78,-2.116666666666667,-1.5166666666666668,3.0,131.8125,172.60416666666666,70.625,80.0,-92.60416666666666,-101.97916666666666,0.40917320458660233,8234586664.621562,149288957386.92316,224091403271.38156,18.12950224063056,0.02048611111111111,0.0375,0.1,0.3,8.0,-0.8660832830416418,1.2583858803715677,51.78124999999999,395.4375,-2.0891565393518516,20093.6640625,5.0,100.14285714285714,31.75,0.0,0.0,0.0,22.968139458885727
2.3178260869565217,3.44,1.23,-2.346363636363636,-2.21,2.49,111.68115942028984,138.2,82.75151515151515,101.05333333333333,-37.14666666666666,-55.44848484848484,0.5987808621672588,28978758058.690765,189269855423.49655,267167911421.1679,6.531330812734201,0.02724678526976039,0.04216514981569508,0.21739130434782608,0.2608695652173913,7.0,-1.4049576411397227,0.815001681388454,36.052173913043475,278.08608695652174,-1.5107929602002288,13525.375072463765,8.90909090909091,91.3529411764706,66.36363636363637,1.0549201679861442,7382102695578.573,1106629.36,20.645378562630448
2.6314639175257737,3.44,1.3784810126582276,-2.1196756756756754,-2.0615189873417723,2.46,115.94343642611683,138.2,79.8517117117117,81.96244725738396,-56.23755274261603,-58.34828828828829,0.577798203413254,28978758058.690765,412931416250.607,462245140315.6677,14.24945180239594,0.04580629628236546,0.05110230893821272,0.3257731958762887,0.055670103092783516,18.0,-1.2247447972241805,1.1537981567112654,7.693608247422681,285.2208536082474,-2.672718980902208,14514.832332187856,7.664864864864865,91.4890829694323,81.05405405405405,0.6573879873908817,22479675635756.75,129992.11664797309,24.79079229345515
1.8651479289940824,2.58,2.0595,-1.3574157303370789,-0.5205000000000002,1.6,117.52366863905324,184.0,57.769662921348306,24.2,-159.8,-126.2303370786517,0.31396555935515386,12278644599.949677,5337487940189.852,23322797243627.08,434.69683455222145,0.06009466776155474,0.21631016042780749,0.11834319526627218,0.40828402366863903,12.0,-0.42618178905276566,2.6381864776844917,75.12426035502958,188.0378698224852,-7.585770168170638,17963.55769230769,0.0,105.05000000000001,15.067415730337078,0.6881388137135884,242158528647.85645,464329.32727500005,17.00741947913618
2.57086332627617,3.174,1.2335203366058907,-2.04950759392486,-1.9404796633941093,2.46,151.9233513683055,178.86,87.32707167599254,102.28775128564749,-76.57224871435253,-91.53292832400747,0.4882426013417899,7576134045.8577,190096049075.43317,239701641348.03427,25.091431583020814,0.029732128154003903,0.04098810932719287,0.16772524111973652,0.1265584568336862,17.0,-1.0006569191276264,1.3995254405441735,22.636245589273113,373.73144436603155,-2.721468755240644,25062.53203821323,12.349320543565149,108.7441422030703,85.94244604316546,0.6368377286186921,692358531552.4363,977886.3137799511,35.78728764791279
2.3580412371134023,3.16,1.267,-2.1024324324324324,-1.8930000000000002,2.18,140.19768041237114,181.0,74.03175675675675,91.66749999999999,-89.33250000000001,-106.96824324324325,0.40901523070031354,6449680150.445432,140284730869.2611,183295520567.58618,21.750649272053078,0.020788528555767724,0.036917555656340584,0.10309278350515465,0.2783505154639176,8.0,-0.8599268863831727,1.3374722254773819,50.38144329896908,305.6309432989691,-2.2237123792224702,22407.305457474227,4.756756756756757,107.57142857142856,41.91891891891892,0.6108643020548935,15178281818510.197,22317.96,25.931713876931408
2.452349726775956,3.16,1.372,-2.055555555555556,-1.788,2.18,142.55327868852459,181.0,69.32142857142858,73.2375,-107.7625,-111.67857142857142,0.38299131807419107,6449680150.445432,227090540273.37225,447972363029.76636,35.2095817119999,0.027038515927404815,0.053319473319473315,0.1092896174863388,0.2349726775956284,8.0,-0.7872599315969484,1.5466608657049659,42.53005464480874,310.76614754098364,-3.0196228323212444,23153.46413934426,3.238095238095238,105.14285714285714,34.84126984126984,0.42270908780599087,63415494983740.69,181929.99491475,26.267808110921706
2.3169565217391304,3.44,1.2260000000000002,-2.348181818181818,-2.2139999999999995,2.46,111.62173913043478,138.2,82.62727272727273,100.78,-37.41999999999999,-55.57272727272726,0.5978818576503092,28978758058.690765,168638387826.7376,221778682708.2984,5.81937940491424,0.02620783193346449,0.03987945247584411,0.21739130434782608,0.2608695652173913,6.0,-1.403935307555226,0.7648766727268691,36.052173913043475,274.58947826086956,-1.4564406964478946,13470.98188405797,8.909090909090908,90.70588235294119,66.36363636363636,0.9502705392332347,546989944005.114,686605.8400000001,20.445191652913408
2.4583333333333335,3.1391666666666667,1.33,-2.0425,-1.8091666666666666,2.18,145.41666666666666,182.625,71.0,78.0,-104.625,-111.625,0.3887748117727584,6330599644.6502905,190358750788.19165,322366634847.03424,30.069623965093957,0.026970560303893637,0.05128205128205128,0.1111111111111111,0.2222222222222222,8.0,-0.794072553045859,1.478127997076047,40.58333333333333,317.0083333333333,-3.0105887939221274,23963.583333333332,4.0,106.78571428571428,39.33333333333333,0.0,0.0,0.0,28.39609167514908
2.6195824634655533,3.44,1.3913907284768212,-2.124216216216216,-2.048609271523179,2.46,114.91252609603339,138.2,77.90432432432432,80.24701986754967,-57.95298013245032,-60.29567567567567,0.5637071224625494,28978758058.69076,415058361262.8539,480514790303.5084,14.322848495516439,0.045412694499018656,0.05230228330208442,0.31524008350730687,0.0709812108559499,18.0,-1.197435810731528,1.1560293980599616,9.809603340292275,282.68481419624214,-2.7381890990713695,14317.161830201807,6.87027027027027,90.65393258426965,75.94594594594594,0.6395306588828067,21641756298591.418,125146.72163501603,23.85919753821735
2.444864864864865,3.16,1.4500000000000002,-2.0353846153846153,-1.71,2.18,141.6216216216216,181.0,68.92307692307692,72.125,-108.875,-112.07692307692308,0.38079048023799406,6449680150.445432,215004900856.45798,418967608076.2551,33.33574624496831,0.02632502759531694,0.05222300635144672,0.10810810810810811,0.24324324324324326,8.0,-0.7750550851613325,1.5229101815688082,44.02702702702703,308.7351351351351,-2.950428092798214,22932.22972972973,3.5384615384615383,104.85714285714285,34.230769230769226,0.5623351446188083,88792930352695.6,624553.7827687499,26.217983500189053
2.417127659574468,3.1805000000000003,1.286,-2.1105,-1.8945000000000003,3.0,141.02380319148935,179.740625,72.7,85.17999999999999,-94.560625,-107.04062499999999,0.40447172140410664,6717416127.571853,159948725890.00504,245374127004.96826,23.811049196950936,0.023185676510018235,0.043275744578506435,0.10638297872340426,0.2553191489361702,8.0,-0.8536375680233671,1.376778532339239,45.891223404255314,423.071409574468,-2.4818093046801706,22604.174956781917,3.4117647058823533,105.79285714285714,35.76470588235294,0.6730116670092565,1553327997626.662,25977.840000000004,25.5678656424415
2.3178260869565217,3.44,1.23,-2.346363636363636,-2.21,2.49,111.68115942028984,138.2,82.75151515151515,101.05333333333333,-37.14666666666666,-55.44848484848484,0.5987808621672588,28978758058.690765,189269855423.49655,267167911421.1679,6.531330812734201,0.02724678526976039,0.04216514981569508,0.21739130434782608,0.2608695652173913,6.0,-1.4049576411397227,0.815001681388454,36.052173913043475,278.08608695652174,-1.5107929602002288,13525.375072463765,8.90909090909091,91.3529411764706,66.36363636363637,1.0549201679861442,7382102695578.573,1106629.36,20.645378562630448
1.8840000000000001,2.58,2.1133333333333333,-1.3384615384615386,-0.4666666666666668,1.6,119.44,184.0,59.84615384615385,34.333333333333336,-149.66666666666666,-124.15384615384616,0.32525083612040134,12278644599.949677,6119506501776.774,26103345478503.453,498.3861575244107,0.06110418898142684,0.2154021028701336,0.12,0.4,20.0,-0.43533573449961416,2.697565971463613,73.60000000000001,191.104,-7.58632007815561,18286.94,1.5384615384615385,106.66666666666667,20.153846153846153,0.6365141682948128,3861494956575.2715,7835.8507555555525,18.269338548160913
2.0989655172413793,2.58,1.9585714285714284,-1.0730769230769235,-0.6214285714285717,1.6,124.79310344827586,184.0,51.92307692307692,38.57142857142857,-145.42857142857144,-132.0769230769231,0.282190635451505,12278644599.949677,12091271302411.543,22348628296971.062,984.7399038213956,0.10418987600117478,0.18079707130376904,0.2413793103448276,0.20689655172413793,20.0,-0.3028122588114228,2.9933215368412873,38.06896551724138,199.6689655172414,-13.761078238001318,20130.718390804595,2.307692307692308,106.7391304347826,30.0,0.6829081047004717,12322697018902.604,34508.60679183672,25.0311047872278
2.348974358974359,3.16,1.2475,-2.108666666666667,-1.9125,2.18,139.80384615384617,181.0,73.89,91.46249999999999,-89.53750000000001,-107.11,0.408232044198895,6449680150.445432,138661708461.27438,178005682643.16052,21.49900541218281,0.02053625785430545,0.036270226212904697,0.10256410256410256,0.28205128205128205,8.0,-0.8608253038674035,1.33241836903226,51.05128205128205,304.7723846153847,-2.199638578774657,22309.896346153848,3.0,107.39285714285714,33.266666666666666,0.5623351446188083,1213537498145.8296,20295.1875,24.611251720170404
2.444054054054054,3.16,1.4425000000000001,-2.037692307692308,-1.7175,2.18,142.3108108108108,181.0,70.88461538461539,78.5,-102.5,-110.11538461538461,0.3916277093072673,6449680150.445432,177721891280.10904,297797826953.1211,27.5551480282065,0.024975345167652856,0.047836538461538465,0.10810810810810811,0.24324324324324326,8.0,-0.7980167707345779,1.4402027484284672,44.02702702702703,310.23756756756757,-2.750169739038082,23024.925675675677,4.3076923076923075,105.4642857142857,37.0,0.5623351446188083,65646206696655.31,540759.94921875,26.573836365859123
2.5852,3.44,1.3837500000000005,-2.1369999999999996,-2.0562499999999995,2.46,114.126,138.2,78.015,80.64375000000001,-57.55624999999998,-60.18499999999999,0.564507959479016,28978758058.690765,437617408997.08215,515933059056.6602,15.101316906362044,0.043460874739307716,0.05062238972043094,0.31999999999999995,0.08,18.0,-1.2063535094066569,1.1790148214804677,11.056,280.74996,-2.615692746185234,14193.61463333333,7.1,91.52173913043478,74.19999999999999,0.9743147528693494,50205546183058.94,171509.09791093747,23.60210646754083
2.368,3.16,1.78,-1.9800000000000002,-1.3800000000000001,2.18,136.85,181.0,70.625,80.0,-101.0,-110.375,0.39019337016574585,6449680150.445432,149288957386.92316,224091403271.38156,23.146722613308643,0.02048611111111111,0.0375,0.1,0.3,8.0,-0.7725828729281768,1.3644895071588188,54.3,298.333,-2.261154513888889,21663.475,5.0,105.14285714285714,31.75,0.0,0.0,0.0,24.446652852180122
2.8497267759562845,3.44,1.9192,-1.7146031746031742,-1.5208,2.46,105.14890710382512,138.2,42.19444444444444,35.614999999999995,-102.585,-96.00555555555555,0.30531435922173983,28978758058.690765,18756820756469.164,23601261902873.867,647.2610288709033,0.1627229215057967,0.20117902924545197,0.27322404371584696,0.07103825136612021,14.0,-0.5234929695735291,2.8110794592412742,9.817486338797814,258.6663114754098,-15.62230448078707,13342.054576502733,0.5873015873015872,79.80000000000001,39.317460317460316,0.8420953021316528,57817793569570.34,618798.9683999999,18.920751729438308
2.0017391304347827,2.58,2.0549999999999997,-1.2090909090909092,-0.5250000000000004,1.6,123.28260869565217,184.0,57.04545454545455,38.75,-145.25,-126.95454545454545,0.3100296442687747,12278644599.949677,4046151083878.456,10909294565337.906,329.5275020742142,0.05988099236181078,0.1387468030690537,0.17391304347826086,0.30434782608695654,2.0,-0.374854024434064,2.5178916662764337,56.0,197.2521739130435,-7.6021641666607955,19339.25,2.727272727272727,106.875,26.454545454545453,0.5623351446188083,590211057246.9097,149890.276875,22.357760084476126
2.4454054054054053,3.16,1.455,-2.033846153846154,-1.705,2.18,141.68243243243242,181.0,69.09615384615384,72.6875,-108.3125,-111.90384615384616,0.38174670633234165,6449680150.445432,208773757661.2389,398716392691.7931,32.369629623698536,0.026157147946371938,0.05167739749237547,0.10810810810810811,0.24324324324324326,8.0,-0.7764140704174703,1.5101377301932992,44.02702702702703,308.8677027027027,-2.927085459614198,22938.994932432433,3.230769230769231,104.57142857142856,34.230769230769226,0.5623351446188083,43781995525344.99,18841.6875,26.061181620049684
2.326521739130435,3.44,1.27,-2.328181818181818,-2.17,2.49,111.22463768115941,138.2,81.7969696969697,98.95333333333333,-39.246666666666655,-56.40303030303029,0.5918738762443538,28978758058.690765,217630060301.40588,329560362152.5685,7.509985757865781,0.028331804257592682,0.044552191588926114,0.21739130434782608,0.2608695652173913,6.0,-1.3779899973289,0.8756391133974883,36.052173913043475,276.9493478260869,-1.5979996140805226,13464.7718115942,7.272727272727273,91.3529411764706,54.909090909090914,1.0549201679861442,13644702540294.99,620715.76,19.48265972550451
2.2877106382978725,3.44,1.2111450381679392,-2.354678260869565,-2.2288549618320608,2.46,110.84893617021275,138.2,82.30869565217392,100.0,-38.19999999999999,-55.891304347826065,0.5955766689737622,28978758058.690765,165735617540.30527,215171469252.59702,5.719210506007208,0.02491511772640331,0.03698151013604912,0.22297872340425534,0.2663829787234043,6.0,-1.4023914351136268,0.7573360818439004,36.81412765957447,272.6883829787234,-1.3925384277083235,13312.91843971631,7.565217391304348,91.82134570765662,60.60695652173912,0.8281491124988698,21443545148988.547,217745.1457184896,19.677664823215224
2.586465127350631,3.169333333333333,1.2335203366058907,-2.0388254232583956,-1.9358129967274422,2.46,153.43755455050388,179.57333333333335,88.15251179572577,102.28775128564749,-77.28558204768586,-91.42082153760758,0.4908997909622388,7200649414.053611,192832986640.6564,239701641348.03427,26.779943801221805,0.03035316534547722,0.04098810932719287,0.16972149488217092,0.116162818376577,17.0,-1.0008589740860443,1.4278096612926867,20.859744505276524,377.45638419423955,-2.774911312150368,25469.19761829194,12.86344712739384,109.2289253972529,89.14571190674438,0.6368377286186921,692358531552.4363,977886.3137799511,36.839973618443146
1.865147928994083,2.58,2.0595,-1.3574157303370786,-0.5205000000000002,1.6,117.52366863905327,184.0,57.769662921348306,24.200000000000003,-159.8,-126.2303370786517,0.31396555935515386,12278644599.949677,5337487940189.852,23322797243627.082,434.69683455222145,0.06009466776155474,0.21631016042780749,0.1183431952662722,0.4082840236686391,12.0,-0.4261817890527656,2.6381864776844917,75.12426035502959,188.03786982248525,-7.585770168170638,17963.557692307695,0.0,105.05000000000001,15.067415730337078,0.6881388137135884,242158528647.85645,464329.32727500005,17.007419479136185
2.4663999999999997,3.324,1.78,-2.144,-1.5439999999999998,3.0,130.805,170.92499999999998,70.625,80.0,-90.92499999999998,-100.29999999999998,0.41319292087172743,8591567967.456787,149288957386.92316,224091403271.38156,17.37621793279191,0.02048611111111111,0.0375,0.1,0.3,8.0,-0.8858856223489837,1.2399552548709663,51.277499999999996,392.415,-2.0547569444444442,19779.701875,5.0,99.14285714285715,31.75,0.0,0.0,0.0,22.683345024475216
2.358888888888889,3.44,1.2810000000000001,-2.3166666666666664,-2.159,2.46,112.09333333333333,138.2,82.25714285714285,98.49,-39.709999999999994,-55.942857142857136,0.5952036386189787,28978758058.690765,210713387652.23544,305707824435.04706,7.271304975371167,0.028781371195646693,0.04414458321456177,0.2222222222222222,0.24444444444444444,6.0,-1.3788884294673005,0.8616123603422787,33.78222222222222,275.7496,-1.6101121371736062,13605.474148148147,8.595238095238095,90.47058823529412,61.738095238095234,0.8237197315118312,14660102155375.324,535936.3875,20.337168429910673
2.394545454545455,3.44,1.3,-2.3,-2.1399999999999997,2.46,112.74090909090908,138.2,82.19,96.88,-41.31999999999999,-56.00999999999999,0.5947178002894357,28978758058.690765,230236178310.58896,336117547862.4076,7.944998120495397,0.03065882621533405,0.04650283761585329,0.22727272727272727,0.22727272727272727,6.0,-1.367850940665702,0.9000937988047484,31.409090909090907,277.34263636363636,-1.7172008563208598,13752.70265151515,9.1,90.05882352941177,63.89999999999999,0.6730116670092565,15914816650756.09,581819.76,20.85059007022923
2.206590909090909,3.44,1.934,-2.26125,-1.506,2.46,97.07386363636363,138.2,62.802083333333336,44.95,-93.24999999999999,-75.39791666666665,0.4544289676796913,28978758058.690765,478138968290.88074,1822518774512.9001,16.499636296438393,0.03133362312254462,0.09410509469191784,0.11363636363636363,0.43181818181818177,13.0,-1.027577503165702,1.2174743711114369,59.677272727272715,238.80170454545453,-2.362489905058358,10879.048011363637,1.791666666666667,74.64,20.458333333333336,0.5004024235381879,22142690222198.113,151041.04959999997,13.141837333300796
1.8686350148367952,2.58,2.06675,-1.354406779661017,-0.5132500000000002,1.6,117.62462908011868,184.0,57.62429378531074,23.799999999999997,-160.2,-126.37570621468926,0.31317550970277575,12278644599.949677,5562789778237.407,24189429548701.74,453.04591504018333,0.06132735351744989,0.22063279857397503,0.11869436201780414,0.40652818991097917,12.0,-0.4241670335652341,2.6561422188739514,74.80118694362017,188.1994065281899,-7.750287611045637,18000.96810089021,0.0,105.025,15.101694915254237,0.6818546087307834,239100971467.95923,458466.58324374986,17.057662449641793
2.438333333333333,2.96,1.81,-1.565,-1.15,1.98,151.0,196.0,61.0,54.5,-141.5,-135.0,0.3112244897959184,5079321332.016004,416562668261.3441,708770527763.9178,82.01148165910753,0.03493034318722392,0.05504587155963303,0.16666666666666666,0.16666666666666666,8.0,-0.48706632653061227,1.9138746581413526,32.666666666666664,298.98,-4.715596330275229,26865.083333333332,5.0,116.19999999999999,36.5,0.0,0.0,0.0,51.98108800868945
2.132,3.25,1.4700000000000002,-2.27,-1.7175,2.46,92.34,163.35,67.5,77.53333333333333,-100.85833333333333,-95.85,0.4132231404958678,17371629399.960743,124354808758.77036,471392579892.14136,7.158499982681612,0.014814814814814815,0.05220496643293334,0.0,0.4,1.0,-0.9380165289256198,0.8548220282446077,65.34,227.15640000000002,-1.42,12760.048,0.0,67.16666666666666,9.0,0.0,0.0,0.0,8.381054103888163
2.610549898167006,3.44,1.3838709677419354,-2.1322513089005235,-2.0561290322580645,2.46,115.03699932111338,138.2,78.65532286212915,81.24623655913979,-56.9537634408602,-59.544677137870835,0.5691412652831342,28978758058.690765,404749095358.4154,469872929665.42975,13.967095985917542,0.044669354463820504,0.0516033120597186,0.31568228105906315,0.07331975560081466,18.0,-1.213552207849263,1.1451061177537483,10.132790224032586,282.9910183299389,-2.659822289505301,14334.502500565737,7.0942408376963355,90.97802197802199,76.67015706806284,0.650390640876698,22150090955116.246,128086.24349635796,23.96533354482229
2.847182320441989,3.44,1.8352,-1.7590163934426226,-1.6048,2.46,106.54834254143645,138.2,44.282786885245905,39.175,-99.02499999999999,-93.91721311475408,0.32042537543593275,28978758058.690765,19295713536199.875,23513412456236.918,665.8571598244552,0.1652327808699935,0.19832473340213277,0.2762430939226519,0.06077348066298342,14.0,-0.5636334882668127,2.823381073984982,8.398895027624308,262.10892265193365,-15.518202294510639,13567.481284530386,6.868852459016393,81.0,65.22950819672133,0.7524177643476055,162269548162769.88,1122733.6504000002,21.981214671866518
2.3145200000000004,3.16,1.2452,-2.1137,-1.9148,2.18,138.1714,181.0,73.9285,93.21399999999998,-87.78600000000002,-107.0715,0.40844475138121544,6449680150.445432,129698339765.43231,145728932785.41827,20.109266931085724,0.019192526063751887,0.032325659810563095,0.1,0.3,8.0,-0.8633296709944751,1.3033962389912128,54.3,301.213652,-2.05497255443501,21895.770129999997,2.3,107.53714285714284,30.13,0.4713934868100942,16355482058795.008,33.21,23.53861242581081
2.3643273542600896,3.44,1.2501000000000002,-2.3288834951456314,-2.1898999999999997,2.46,112.86937219730942,138.2,83.35796116504854,100.1674,-38.03259999999999,-54.84203883495145,0.6031690388209012,28978758058.690765,189692759813.52866,258950987931.57245,6.545924412265817,0.028385664287971662,0.04277076472951792,0.22421524663677128,0.23766816143497757,6.0,-1.4047104192928515,0.815970986073515,32.845739910313895,277.65865560538117,-1.5567277032368365,13738.766851718981,10.53883495145631,90.39411764705883,74.53398058252426,0.7795654523164246,8170654898241.007,1018632.2474999999,21.782906741765526
1.833346007604563,2.643333333333333,2.162380952380952,-1.4896969696969693,-0.480952380952381,1.98,117.6577946768061,186.0,60.307692307692314,18.523809523809522,-167.47619047619048,-125.69230769230768,0.3242349048800662,11078757388.627398,5337108081797.113,35620722334686.53,481.7424819931321,0.053413055552093,0.2776504541210424,0.07984790874524716,0.46387832699619774,2.0,-0.48301175526981965,2.6828149458404655,86.28136882129279,232.96243346007608,-6.713610213239996,17937.07794676806,0.0,105.822695035461,12.965034965034965,0.31449220128141075,84308152624.82921,161657.52249433106,16.8408647067919
2.878808864265928,3.44,1.9307000000000003,-1.6742975206611568,-1.5092999999999996,2.46,105.29432132963987,138.2,40.02685950413223,34.2575,-103.9425,-98.17314049586776,0.2896299529966153,28978758058.690765,19554083232426.73,23634326201397.0,674.772990368455,0.17026072062974879,0.20290436085088492,0.27700831024930744,0.05817174515235457,14.0,-0.4849267122114404,2.8291576904424276,8.039335180055401,259.02403047091406,-16.71502964731202,13411.98798476454,0.6446280991735537,79.56764705882354,40.33884297520662,0.7197744066642688,54500956376490.125,623154.94340691,19.174926229357382
2.250714879467997,3.44,1.19068,-2.372653399668325,-2.24932,2.46,110.09671654197838,138.2,82.13325041459369,102.7954,-35.40459999999999,-56.0667495854063,0.5943071665310687,28978758058.690765,142251858630.89203,167522493050.3278,4.908832129478735,0.02335051344381349,0.035402919907959615,0.20781379883624274,0.29343308395677475,6.0,-1.4100849191171896,0.6909781805032836,40.55245220282627,270.8379226932668,-1.3091873899449542,13141.003843862565,7.208955223880597,91.41294117647058,57.67330016583749,0.7269085342811632,103439732168.60779,206667.64929600002,18.946576028156688
2.832934782608696,3.44,1.8948,-1.7453125,-1.5452,2.46,105.88514492753623,138.2,45.29479166666666,39.077333333333335,-99.12266666666665,-92.90520833333332,0.3277481307284129,28978758058.690765,18448938954885.617,23579822515801.137,636.6366328577963,0.1592133851481745,0.19964498484151527,0.27173913043478265,0.07608695652173914,14.0,-0.5720229094119331,2.8038916248446197,10.515217391304347,260.4774565217391,-14.791752716646391,13475.774842995168,1.8125,80.45882352941177,43.84375,0.8731726364245316,76697236427305.78,557321.2503999998,19.27853655271549
1.605,2.5425,1.4700000000000002,-1.5625,-1.7175,1.6800000000000002,127.7,218.00000000000003,67.5,77.53333333333333,-100.85833333333333,-150.50000000000003,0.30963302752293576,5704234422.096207,124354808758.77034,471392579892.14136,21.80043798288923,0.014814814814814815,0.05220496643293334,0.0,0.6,8.0,-0.4838016055045871,1.338465218909247,130.8,214.53600000000003,-2.2296296296296303,21748.150000000005,0.0,127.5,9.0,0.0,0.0,0.0,19.275058208101616
2.3124137931034485,3.44,1.2584000000000002,-2.3357142857142854,-2.1815999999999995,2.46,111.14655172413794,138.2,82.16071428571429,100.34,-37.859999999999985,-56.0392857142857,0.594505892081869,28978758058.690765,198706893931.53348,290903479545.75964,6.856984468730227,0.026567372936103673,0.04114054500650186,0.21551724137931036,0.26724137931034486,6.0,-1.3885959050769368,0.8361331657768232,36.932758620689654,273.42051724137934,-1.488816602644295,13389.363505747126,7.875,91.0,60.73214285714287,0.8731726364245317,1826264958550.2815,322160.72640000004,19.68353830927874
1.8992682926829267,2.58,1.9841176470588235,-1.329047619047619,-0.5958823529411765,1.69,120.6492450638792,184.0,60.31519274376417,40.87394957983193,-143.12605042016807,-123.68480725623583,0.32779996056393573,12278644599.949677,6394415584315.883,23360462388764.543,520.7753618296022,0.06483448164620802,0.200181815425272,0.1382113821138211,0.3739837398373983,12.0,-0.4356617571114022,2.7166504293340203,68.81300813008129,203.89722415795586,-8.019040365969198,18682.015181682433,1.4285714285714288,107.67532467532469,21.93650793650794,0.923840705630872,234723048716551.66,172108.04809688585,19.096966428720183
2.3878947368421053,3.16,1.275,-2.095714285714286,-1.8850000000000002,2.18,141.2342105263158,181.0,73.06428571428572,86.975,-94.025,-107.93571428571428,0.4036700868192581,6449680150.445432,153432291983.25076,226126000044.45175,23.78913192658931,0.022374629982759218,0.04127416790262022,0.10526315789473684,0.2631578947368421,8.0,-0.8459771676626453,1.3763785947749507,47.63157894736842,307.89057894736845,-2.4150216690676753,22694.929078947367,3.2857142857142856,106.78571428571428,35.0,0.6931471805599453,1618049997527.773,27060.25,25.462085775192705
2.286904761904762,3.44,2.118,-2.201363636363636,-1.322,2.46,96.5357142857143,138.2,58.65909090909092,28.6,-109.6,-79.54090909090907,0.4244507301670834,28978758058.690765,5546540953245.412,23981973844499.99,191.40022985153422,0.05945990165939015,0.2112531969309463,0.11904761904761907,0.4047619047619048,13.0,-0.9343704028178113,2.281942454983108,55.938095238095244,237.47785714285718,-4.729494632443945,11060.477380952381,0.9090909090909091,73.4,17.68181818181818,0.6730116670092565,755470153276.0444,191859.55440000002,12.855391019618265
2.313443443443443,3.16,1.2211,-2.119573934837093,-1.9389,2.18,138.49804804804805,181.0,74.58533834586464,95.77049999999998,-85.22950000000002,-106.41466165413536,0.41207369251858916,6449680150.445432,126223322337.50482,131810177937.9209,19.57047782110366,0.01898815500929175,0.03146644219077779,0.10010010010010009,0.2992992992992993,8.0,-0.8734206578944764,1.2916014292622604,54.173173173173176,301.92574474474475,-2.020618090750057,21958.394992492493,2.7593984962406015,107.97571428571428,31.80701754385965,0.056001534354847345,64074779902.09981,1071.5858999999998,23.859363687254024
2.851693989071038,3.44,1.9264,-1.7088888888888891,-1.5136,2.46,104.85491803278687,138.2,41.34047619047618,34.539,-103.66099999999999,-96.85952380952381,0.299135138860175,28978758058.690765,18785323075875.316,23637174825325.617,648.2445879091625,0.16350928509141233,0.2021698473633277,0.27322404371584696,0.07103825136612021,14.0,-0.511188715074388,2.811738899601053,9.817486338797814,257.9430983606557,-15.837431492389868,13308.846051912566,0.7142857142857143,79.68235294117648,39.00000000000001,0.8802861522293415,60065624616559.805,587825.15077056,18.885717421323925
2.4372222222222226,3.16,1.33,-2.1683333333333334,-1.83,2.18,138.14848484848486,181.0,72.22307692307693,85.92,-95.08,-108.77692307692307,0.3990225244368891,6449680150.445432,141221611757.44138,190135340453.58734,21.895909326245928,0.020306963813994418,0.03623419591161527,0.10101010101010101,0.29292929292929293,8.0,-0.8652138404873213,1.3403629859369328,53.02020202020202,301.163696969697,-2.208929040720731,21936.19606060606,4.923076923076923,108.78571428571428,42.48717948717949,0.3250829733914482,4491686446831.877,95666.49,25.640573890285708
2.359759036144579,3.2285714285714286,1.414,-2.120924369747899,-1.8145714285714287,2.46,128.43554216867471,170.51836734693876,67.78676470588236,68.475,-102.04336734693877,-102.7316026410564,0.3975335077420873,11967005352.464697,256479303598.1022,573578091212.4985,21.432204302079494,0.026738956150720857,0.05535689535689535,0.12048192771084339,0.28915662650602414,8.0,-0.843138504361558,1.3310668405237651,49.30651585935579,315.95143373493977,-2.746935818312486,19273.53093373494,2.4705882352941178,98.45762711864406,30.117647058823533,0.6108643020548935,104449050561455.25,299649.403389,21.14632562794255
2.3880365296803654,3.44,1.2924,-2.3038,-2.1475999999999997,2.46,112.77168949771689,138.2,82.512,97.524,-40.67599999999999,-55.68799999999999,0.5970477568740956,28978758058.690765,224154233625.11685,323953658491.4634,7.735122159864015,0.030187175335075745,0.04555953585533668,0.22831050228310504,0.22831050228310504,6.0,-1.3754786222865414,0.8884671768506309,31.552511415525114,277.41835616438357,-1.6810634200596977,13751.770243531202,9.07,90.38461538461539,64.09,0.7524177643476055,15429997157737.092,564009.0516,20.87162422297464
2.820591397849462,3.44,1.9422448979591838,-1.7456060606060604,-1.4977551020408162,2.46,104.02284946236557,138.2,41.882575757575765,32.994897959183675,-105.20510204081631,-96.31742424242422,0.30305771170460033,28978758058.690765,17944118200679.39,24126485091753.89,619.2162605566848,0.15648222875576626,0.20563214787813716,0.26344086021505375,0.09139784946236558,14.0,-0.5290193782649545,2.7918423523539673,12.631182795698923,255.8962096774193,-15.071965213469214,13134.495900537633,0.4848484848484849,79.15384615384616,35.83333333333334,0.8368574844023514,49328063968524.88,561586.1328797167,18.27381067039194
2.270421052631579,3.44,1.2055000000000002,-2.3640425531914895,-2.2344999999999997,2.46,110.45736842105262,138.2,82.12446808510639,101.86749999999999,-36.332499999999996,-56.0755319148936,0.5942436185608277,28978758058.690765,152551880875.33276,190617928232.692,5.264265658534054,0.024255563903155055,0.037000575172414375,0.21052631578947367,0.28421052631578947,6.0,-1.4048172012402889,0.7213377976127787,39.2778947368421,271.72512631578945,-1.3601436477651125,13223.906798245613,7.446808510638298,91.19117647058823,58.553191489361694,0.8237197315118312,3090112055705.1577,263085.19,19.201488010599803
2.326521739130435,3.44,1.27,-2.328181818181818,-2.17,2.49,111.22463768115941,138.2,81.7969696969697,98.95333333333333,-39.246666666666655,-56.40303030303029,0.5918738762443538,28978758058.690765,217630060301.40588,329560362152.5685,7.509985757865781,0.028331804257592682,0.044552191588926114,0.21739130434782608,0.2608695652173913,6.0,-1.3779899973289,0.8756391133974883,36.052173913043475,276.9493478260869,-1.5979996140805226,13464.7718115942,7.272727272727273,91.3529411764706,54.909090909090914,1.0549201679861442,13644702540294.99,620715.76,19.48265972550451
2.353414634146342,3.2300000000000004,1.4420000000000002,-2.1141176470588237,-1.7880000000000003,2.46,127.40731707317074,170.3,66.8529411764706,65.3,-105.00000000000001,-103.44705882352942,0.3925598424924873,12081949627.506765,281107877751.5791,657315243334.32,23.26676458835631,0.02713845066786243,0.056715176715176716,0.12195121951219513,0.29268292682926833,8.0,-0.8299176905399998,1.3667359957012055,49.8439024390244,313.422,-2.807392902617816,19060.9406097561,2.1176470588235294,98.10344827586206,28.235294117647058,0.6730116670092565,119370343498806.0,342456.461016,20.703624064245666
1.9333333333333333,2.58,1.9,-1.2933333333333334,-0.6800000000000002,1.6,120.0,184.0,56.0,33.0,-151.0,-128.0,0.30434782608695654,12278644599.949677,1501865383167.3728,4256886531984.5776,122.31524179578649,0.05028058361391694,0.12121212121212122,0.16666666666666666,0.3333333333333333,21.0,-0.3936231884057972,2.087480578175789,61.33333333333333,192.0,-6.4359147025813686,18628.25,0.0,106.25,18.0,0.0,0.0,0.0,18.832298540831772
1.8341682600382412,2.643333333333333,2.16825,-1.4953828032979974,-0.4750833333333331,1.98,118.10803059273424,186.0,60.53180212014135,18.200000000000003,-167.8,-125.46819787985865,0.325439796344846,11078757388.627398,5240669580629.894,36322281819746.97,473.0376699113894,0.05245932616541638,0.2811497326203209,0.07648183556405354,0.4646271510516253,2.0,-0.4866570749628852,2.6748957267488747,86.4206500956023,233.8539005736138,-6.5819771159665095,18028.620936902484,0.0,105.76785714285714,12.81625441696113,0.2663844632679204,67877769393.71733,130152.91749375,16.833318126918133
2.34,3.16,1.5,-2.0500000000000003,-1.6600000000000001,2.18,137.64749999999998,181.0,72.61875,87.975,-93.025,-108.38125,0.4012085635359116,6449680150.445432,137513202633.2341,176988384256.62543,21.320933662692884,0.019706896676509756,0.034383142261594585,0.1,0.3,8.0,-0.8224775552486189,1.3288062189134973,54.3,300.07155,-2.1358580954209727,21803.795124999997,3.875,106.57142857142856,31.75,0.6931471805599453,112947596660889.28,468711.390625,24.13600702265798
2.6636974789915966,3.44,1.371604938271605,-2.0995454545454546,-2.068395061728395,2.46,117.2918767507003,138.2,81.6530303030303,82.87613168724279,-55.3238683127572,-56.54696969696968,0.5908323466210587,28978758058.690765,426410626447.7848,452514215630.786,14.71459286088707,0.04762750460390145,0.0504631691535756,0.3403361344537815,0.029411764705882356,18.0,-1.2404793677466681,1.1677482500770644,4.064705882352941,288.53801680672274,-2.6931910595790995,14783.770382819794,8.53409090909091,92.16017316017316,87.80681818181819,0.6653781224447001,22857981725480.73,132179.72869989328,26.042284049785362
1.8396153846153847,2.640833333333333,2.19,-1.4879761904761903,-0.4508333333333332,1.98,118.84615384615384,187.16666666666666,60.285714285714285,17.0,-170.16666666666666,-126.88095238095238,0.3220964253911716,10876695672.733555,5666901083931.938,38922178734970.945,521.0131141333773,0.05471521942110178,0.29411764705882354,0.07692307692307693,0.46153846153846156,2.0,-0.479271812019554,2.7168486548236745,86.38461538461539,235.3153846153846,-6.9423191498821755,18307.423076923078,0.0,106.64285714285714,12.857142857142856,0.0,0.0,0.0,17.526193759455847
2.8356756756756756,3.44,1.9420000000000002,-1.72,-1.4979999999999998,2.46,104.44054054054054,138.2,42.11538461538461,34.5,-103.69999999999999,-96.08461538461538,0.3047422909941,28978758058.690765,18190143354169.457,23609879917792.664,627.7061051867339,0.15817522477232926,0.20118334775958355,0.2702702702702703,0.08108108108108109,14.0,-0.524156740509852,2.79775635270044,11.205405405405406,256.9237297297297,-15.198205635624342,13203.986756756756,0.8461538461538463,79.20588235294119,37.23076923076923,0.8979457248567797,50642105528385.81,684445.0115999999,18.777734264205822
2.8978888888888887,3.44,1.9804000000000002,-1.6263333333333334,-1.4595999999999998,2.46,105.72222222222221,138.2,40.766666666666666,35.42,-102.77999999999999,-97.43333333333332,0.2949831162566329,28978758058.690765,19689575463106.94,23602619593976.574,679.4485610194055,0.1707520580263353,0.20193950666863944,0.2777777777777778,0.05555555555555555,14.0,-0.479740874738704,2.8321565832009052,7.677777777777777,260.07666666666665,-16.636942187032602,13477.504444444441,2.4666666666666663,79.94117647058825,44.43333333333333,0.9173573878312138,43993703737591.08,514733.00544384,19.851783000715127
2.8146739130434786,3.44,1.8276,-1.7978125,-1.6124,2.46,106.38478260869564,138.2,46.731249999999996,40.916,-97.28399999999999,-91.46875,0.33814218523878437,28978758058.690765,18382556936732.14,23494853532564.684,634.3459198459055,0.15695141947115246,0.19674966877492703,0.27173913043478265,0.07608695652173914,14.0,-0.607916247399602,2.802326150801293,10.515217391304347,261.7065652173913,-14.356150149751976,13500.738641304348,6.1875,81.42352941176472,61.09375,0.8731726364245316,170306953531048.66,1037935.2856000001,21.407387264312014
2.4475555555555557,3.16,1.3,-2.1373333333333333,-1.86,2.18,139.83125,181.0,71.21666666666667,80.88,-100.12,-109.78333333333333,0.3934622467771639,6449680150.445432,164592393158.9396,269210112599.37964,25.519465976552716,0.022632796647133566,0.04295954941116231,0.10416666666666667,0.27083333333333337,8.0,-0.8409599754450583,1.4068715820450897,49.02083333333334,304.832125,-2.4847038585778134,22396.499375,5.777777777777778,107.65714285714284,46.5,0.6730116670092565,8667913556132.263,476467.44000000006,26.922764866210198
2.2543760399334443,3.44,1.2014285714285717,-2.3673089700996677,-2.2385714285714284,2.46,109.90671797004991,138.2,81.70743355481727,101.43998015873015,-36.76001984126984,-56.49256644518272,0.5912260025674188,28978758058.690765,154331012983.0527,195964629961.22266,5.325660011739828,0.02375481340014432,0.03617147810199085,0.2096505823627288,0.2911813643926789,6.0,-1.3996146192340195,0.7263734377810436,40.24126455906822,270.3705262063228,-1.3419703744005698,13118.28006274265,7.116279069767443,91.30281690140845,57.25913621262459,0.7812157893815553,14169252689545.414,212257.99020455993,18.900871060021547
2.1919999999999997,2.9599999999999995,1.22,-1.9199999999999995,-1.7399999999999995,1.98,147.445,196.0,74.6125,95.94999999999999,-100.05000000000001,-121.3875,0.38067602040816323,5079321332.016004,125737447879.54507,129885365241.86926,24.754773258190255,0.018927682241908404,0.031266284523189164,0.1,0.3,8.0,-0.7308979591836732,1.3936589527572718,58.8,291.9411,-2.2975840281396565,25337.11525,2.75,120.85714285714283,31.75,0.0,0.0,0.0,38.80259399084234
1.8839112177564485,2.58,2.1141,-1.3383852364475204,-0.4659,1.6,119.40881823635272,184.0,59.809111880046146,34.16,-149.84,-124.19088811995385,0.3250495210872073,12278644599.949677,6146772110329.556,26231533811068.13,500.60672904847723,0.061267973637699626,0.2161892583120205,0.11997600479904018,0.400119976004799,12.0,-0.4350414801374552,2.699496683004887,73.622075584883,191.05410917816437,-7.608924059375837,18282.405968806237,1.5224913494809689,106.64600000000002,20.100346020761243,0.6341786357122057,3841994407044.5674,7796.279709239998,18.255991704910254
2.112,3.2,1.4700000000000002,-2.22,-1.7175,2.46,93.84,167.1,67.5,77.53333333333333,-100.85833333333333,-99.6,0.40394973070017953,17029039695.353384,124354808758.77036,471392579892.14136,7.302514468429029,0.014814814814814815,0.05220496643293334,0.0,0.4,1.0,-0.8967684021543987,0.8634724261115462,66.84,230.84640000000002,-1.4755555555555555,13325.548,0.0,69.66666666666666,9.0,0.0,0.0,0.0,9.090550782458326
2.1919999999999997,2.9599999999999995,1.22,-1.9199999999999995,-1.7399999999999995,1.98,147.445,196.0,74.6125,95.94999999999999,-100.05000000000001,-121.3875,0.38067602040816323,5079321332.016004,125737447879.54507,129885365241.86926,24.754773258190255,0.018927682241908404,0.031266284523189164,0.1,0.3,8.0,-0.7308979591836732,1.3936589527572718,58.8,291.9411,-2.2975840281396565,25337.11525,2.75,120.85714285714283,31.75,0.0,0.0,0.0,38.80259399084234
2.6305428571428573,3.18676,1.5,-1.94676,-1.68676,2.46,143.7837142857143,173.9972,68.25,69.0,-104.99719999999999,-105.74719999999999,0.39224769134215953,10387691874.497303,353226757859.6738,582098706960.5773,34.004354588806834,0.04363929146537843,0.07246376811594203,0.14285714285714285,0.14285714285714285,17.0,-0.7636121155972625,1.5315345362420485,24.856742857142855,353.7079371428572,-4.614732882447665,23138.448457142855,11.5,99.96666666666668,76.5,0.0,0.0,0.0,32.17911727585904
2.3637500000000005,3.171666666666667,1.6675,-2.019791666666667,-1.5041666666666669,2.46,135.73,179.21666666666667,70.5,79.5,-99.71666666666667,-108.71666666666667,0.3933785920208314,7388391729.955655,155431159360.40143,248660211165.29474,21.03721148544655,0.021347489316239317,0.040945512820512814,0.1,0.3,17.0,-0.7945428020087418,1.3229881728989024,53.765,333.89579999999995,-2.320827880163818,21314.030999999995,4.5,103.96428571428572,31.75,0.5623351446188083,65646206696655.31,540759.94921875,23.827756398731612
2.368,3.16,1.78,-1.9800000000000002,-1.3800000000000001,2.18,136.85,181.0,70.625,80.0,-101.0,-110.375,0.39019337016574585,6449680150.445432,149288957386.92316,224091403271.38156,23.146722613308643,0.02048611111111111,0.0375,0.1,0.3,8.0,-0.7725828729281768,1.3644895071588188,54.3,298.333,-2.261154513888889,21663.475,5.0,105.14285714285714,31.75,0.0,0.0,0.0,24.446652852180122
1.8773809523809526,2.58,2.118,-1.3413636363636365,-0.4620000000000002,1.6,118.3452380952381,184.0,58.65909090909092,28.599999999999998,-155.4,-125.34090909090908,0.31879940711462457,12278644599.949677,5546540953245.412,23981973844499.99,451.72257475944406,0.059459901659390156,0.21125319693094627,0.11904761904761905,0.40476190476190477,12.0,-0.4276259319978442,2.6548717948971787,74.47619047619048,189.35238095238097,-7.452758128444016,18087.505952380954,0.9090909090909092,105.4,17.681818181818183,0.6730116670092565,755470153276.0444,191859.55440000002,17.900300175339083
2.3152173913043477,3.44,1.218,-2.3518181818181816,-2.222,2.55,112.4679089026915,138.2,84.3965367965368,104.67238095238095,-33.52761904761904,-53.803463203463195,0.6106840578620608,28978758058.690765,188225636844.51514,264870630547.40887,6.495296881367421,0.027074237446769026,0.04178554460511409,0.21739130434782608,0.2608695652173913,6.0,-1.436217870626501,0.8125990062162839,36.052173913043475,286.7931677018633,-1.4566877382290626,13743.11735778369,9.818181818181818,91.76470588235296,70.36363636363637,1.0549201679861442,92429088954383.39,1126093.36,21.052697487248132
2.281186440677966,3.44,1.2175999999999998,-2.357586206896552,-2.2224000000000004,2.46,110.24117231638417,138.2,81.31824712643679,99.55833333333334,-38.64166666666665,-56.8817528735632,0.5884098923765325,28978758058.690765,155574762535.62112,196785101521.06415,5.368579364945009,0.024783670559314994,0.03794256014205523,0.211864406779661,0.2796610169491525,6.0,-1.3872270462683975,0.729859377768476,38.649152542372875,271.193283898305,-1.4097386240547594,13173.169520951033,7.448275862068964,90.88823529411766,59.22413793103447,1.1435093617443144,1010677179264.1039,389948.7664000001,19.364010619383667
1.750212765957447,2.58,1.82,-1.4444444444444444,-0.76,1.6,116.26595744680851,184.0,66.09259259259258,59.9,-124.1,-117.90740740740742,0.35919887278582924,12278644599.949677,238974777834.40112,743302641767.1765,19.46263497482292,0.023317359227182092,0.060728554641598126,0.10638297872340426,0.46808510638297873,20.0,-0.5188428162461978,1.289201637451194,86.12765957446808,186.02553191489363,-2.7492893740642295,16934.438829787236,2.2222222222222223,109.44,21.11111111111111,0.6730116670092565,343139530687.1499,44044.318104000005,16.9056559187132
2.423763440860215,3.16,1.327,-2.074848484848485,-1.8330000000000002,2.18,141.75806451612902,181.0,70.40909090909092,77.1,-103.9,-110.59090909090908,0.38900050226017086,6449680150.445432,179020382198.91638,304751201111.2523,27.75647443331787,0.02479711646378313,0.04775641025641025,0.1075268817204301,0.24731182795698922,8.0,-0.8071171027198152,1.4433643021505345,44.76344086021505,309.0325806451613,-2.742335652562925,22902.620967741936,3.0909090909090913,105.37857142857142,33.66666666666667,0.42270908780599087,40329386159111.49,185133.1875,25.666664502008334
2.2845531914893615,3.44,1.2074,-2.3611304347826083,-2.2325999999999997,2.55,111.04010131712258,138.2,82.69933747412007,102.45847619047618,-35.74152380952381,-55.50066252587992,0.5984033102324173,28978758058.690765,159167441935.29028,204423865064.76617,5.492555671741625,0.024957286294594906,0.038142499218309034,0.2127659574468085,0.2765957446808511,6.0,-1.4129082680644196,0.7397744675602591,38.225531914893615,283.15225835866255,-1.38514592419808,13362.724745211557,8.217391304347828,91.24117647058824,62.72173913043479,1.0789483386998906,21191362079251.86,564627.0384,19.80475433267304
2.292146596858639,3.24373831775701,1.4000000000000001,-2.1637383177570104,-1.84373831775701,2.46,124.18141361256542,168.20000000000002,68.11011904761905,70.0625,-98.13750000000002,-100.08988095238097,0.4049353094388766,13187348309.920671,221344024566.584,531709515151.5878,16.784574075446976,0.02430599097265764,0.05467775467775468,0.10471204188481674,0.33507853403141363,8.0,-0.8761740452456893,1.2249103250877522,56.36020942408378,305.4862774869109,-2.43278374288295,18124.63870418848,2.142857142857143,96.38582677165356,26.857142857142858,0.5623351446188083,93258080858442.19,267544.11016875,19.212211056583396
1.9143999999999999,2.725,2.19,-1.558846153846154,-0.5350000000000001,2.18,119.02,183.25,59.73076923076923,17.0,-166.25,-123.51923076923077,0.32595235596599853,10821403487.573616,6093250797406.797,38922178734970.945,563.0739861427189,0.057784481313893084,0.29411764705882354,0.08,0.44,2.0,-0.5081095764346893,2.750565463523497,80.63,259.4636,-7.137494682291063,18147.35,0.0,103.28571428571429,13.153846153846153,0.0,0.0,0.0,16.50573327772189
2.388888888888889,3.035,1.33,-1.9383333333333335,-1.705,2.18,150.83333333333334,190.75,71.0,78.0,-112.75,-119.75,0.3722149410222805,5735197115.674571,190358750788.19165,322366634847.03424,33.19131791790242,0.026970560303893637,0.05128205128205128,0.1111111111111111,0.2222222222222222,8.0,-0.7214766273481871,1.521024497154284,42.388888888888886,328.8166666666667,-3.229724596391263,26135.666666666668,4.0,112.85714285714286,39.33333333333333,0.0,0.0,0.0,33.898350021553675
2.26,3.2516363636363637,1.414,-2.177288537549407,-1.8376363636363637,2.46,121.77574257425741,166.99272727272728,67.71195652173914,68.475,-98.51772727272729,-99.28077075098814,0.4054784757850807,13822832920.416632,222012044074.79822,573578091212.4985,16.061254979569455,0.023628310584832325,0.05535689535689535,0.099009900990099,0.3564356435643564,8.0,-0.8828436375498611,1.2057794767712928,59.522160216021604,299.5683267326732,-2.3458368864058845,17514.58918316832,1.8260869565217392,95.18461538461538,24.608695652173914,0.6108643020548935,104449050561455.25,299649.403389,18.220331915882138
1.8389230769230769,2.6393333333333335,2.19,-1.4864761904761907,-0.4493333333333336,1.98,119.16923076923078,187.86666666666667,60.285714285714285,17.0,-170.86666666666667,-127.5809523809524,0.32089627902260975,10755458643.19725,5666901083931.938,38922178734970.945,526.8860466044572,0.05471521942110178,0.29411764705882354,0.07692307692307693,0.46153846153846156,2.0,-0.4770046783795137,2.7217166974095153,86.70769230769231,235.95507692307694,-6.980619803476948,18430.83846153846,0.0,107.19999999999999,12.857142857142856,0.0,0.0,0.0,17.89449143329851
2.3505128205128205,3.16,1.2625,-2.1046666666666667,-1.8975000000000002,2.18,139.92499999999998,181.0,74.205,92.64375,-88.35625,-106.795,0.40997237569060774,6449680150.445432,137423358302.46507,173361869547.6256,21.30700361830722,0.020435269598731962,0.03589152025450411,0.10256410256410256,0.28205128205128205,8.0,-0.8628551933701658,1.32852237962825,51.05128205128205,305.0365,-2.18238461679658,22333.336586538462,4.8,107.7142857142857,42.06666666666666,0.5623351446188083,13552037337955.535,19926.75,25.837229640331163
2.3370264317180616,3.44,1.2368999999999999,-2.3399532710280373,-2.2031,2.46,112.41863436123347,138.2,83.50495327102804,101.75059999999999,-36.4494,-54.695046728971946,0.6042326575327645,28978758058.690765,178045167126.47568,239252175665.65973,6.143988875088445,0.027040317196698298,0.040977389912045456,0.22026431718061676,0.2511013215859031,6.0,-1.413876183455756,0.7884504206477925,34.7022026431718,276.5498405286343,-1.4789714126396372,13638.88652305433,10.088785046728972,90.84117647058824,72.0841121495327,0.8585022429370206,17249761239327.947,959045.2274999999,21.31350926214934
2.3242000000000003,3.16,1.342,-2.0895,-1.818,2.18,137.661,181.0,72.6525,88.10999999999999,-92.89000000000001,-108.3475,0.4013950276243094,6449680150.445432,150631462928.7551,229461425438.70932,23.354873329393257,0.020007539821916345,0.035585714843220935,0.1,0.3,8.0,-0.8387149102209945,1.3683775161326983,54.3,300.10098000000005,-2.167766920855081,21824.39845,2.5,106.71428571428571,29.95,0.5004024235381879,50836265584956.45,23.04,23.608724307756834
2.878947368421053,3.44,1.9312,-1.673884297520661,-1.5088,2.46,105.3365650969529,138.2,40.15289256198347,34.410000000000004,-103.78999999999999,-98.04710743801652,0.2905419143414144,28978758058.690765,19548575091340.324,23627661350682.453,674.5829152425558,0.17012779189371582,0.20274351708028507,0.27700831024930744,0.05817174515235457,14.0,-0.4863335481876865,2.8290353378762476,8.039335180055401,259.1279501385041,-16.680537889995673,13416.539750692518,0.6859504132231404,79.55000000000001,40.446280991735534,0.7197744066642688,54795957799175.29,637958.6751,19.209802937649513
2.8497267759562845,3.44,1.9192,-1.7146031746031742,-1.5208,2.46,105.14890710382512,138.2,42.19444444444444,35.614999999999995,-102.585,-96.00555555555555,0.30531435922173983,28978758058.690765,18756820756469.164,23601261902873.867,647.2610288709033,0.1627229215057967,0.20117902924545197,0.27322404371584696,0.07103825136612021,14.0,-0.5234929695735291,2.8110794592412742,9.817486338797814,258.6663114754098,-15.62230448078707,13342.054576502733,0.5873015873015872,79.80000000000001,39.317460317460316,0.8420953021316528,57817793569570.34,618798.9683999999,18.920751729438308
2.7963157894736845,3.44,1.9780000000000002,-1.7471428571428569,-1.4619999999999997,2.46,104.46842105263157,138.2,46.642857142857146,38.3,-99.89999999999999,-91.55714285714285,0.3375025842464338,28978758058.690765,16847165969552.186,23536290433869.555,581.3625944711491,0.14508546761220556,0.19719372873116187,0.2631578947368421,0.10526315789473684,14.0,-0.5896652293334121,2.7644470853336647,14.54736842105263,256.99231578947365,-13.283610884666077,13117.401578947367,3.1428571428571423,80.1764705882353,41.42857142857143,0.9502705392332347,35758405985471.84,409240.6656,19.112694638705122
1.8885542168674698,2.58,2.121,-1.3346511627906976,-0.4590000000000001,1.6,119.43975903614457,184.0,59.383720930232556,32.599999999999994,-151.4,-124.61627906976744,0.3227376137512639,12278644599.949677,6464092947221.894,27385228804150.2,526.4500405238854,0.06329361539020731,0.22327365728900256,0.12048192771084336,0.3975903614457831,12.0,-0.4307421314694194,2.7213571634526006,73.15662650602408,191.10361445783133,-7.887414838800602,18324.1234939759,1.3953488372093024,106.46000000000001,19.74418604651163,0.6108643020548935,3649112733963.632,7404.878963999998,18.24178916438418
2.3733333333333335,3.16,1.276,-2.097777777777778,-1.8840000000000001,2.18,140.7515625,181.0,73.67083333333332,89.715,-91.285,-107.32916666666668,0.40702117863720066,6449680150.445432,146245923716.75284,203162822607.50732,22.674911050690277,0.021524484716258903,0.03896962646001354,0.10416666666666667,0.27083333333333337,8.0,-0.8538399836300388,1.3555455920818507,49.02083333333334,306.83840625000005,-2.3102050075254716,22557.5547265625,4.666666666666666,107.28571428571428,41.611111111111114,0.6730116670092565,17346607792583.086,25506.24,26.12470004115974
2.8441046831955923,3.44,1.8427,-1.7586178861788617,-1.5973,2.46,107.20206611570248,138.2,46.71829268292682,41.9385,-96.26149999999998,-91.48170731707316,0.33804842751756026,28978758058.690765,19109822002315.24,23476479456833.227,659.4424082499346,0.1624311732949237,0.19638293574534876,0.27548209366391185,0.06336088154269973,14.0,-0.5944980110270199,2.8191768728597695,8.756473829201102,263.7170826446281,-14.859481054535001,13660.271508264463,3.8780487804878048,81.26764705882354,51.76422764227643,0.7795654523164246,155818357215446.94,768576.1599000001,20.500183107137996
2.535,3.216,1.6179999999999999,-1.990615384615385,-1.5980000000000003,2.46,136.97368421052633,172.44,68.76923076923077,70.8,-101.64,-103.67076923076922,0.3988009207215888,10955495732.0945,287118239731.4309,547539729287.68774,26.207690345796784,0.03377164146394915,0.0641025641025641,0.13157894736842105,0.2105263157894737,17.0,-0.7938592481871751,1.4184287487499587,36.30315789473684,336.95526315789476,-3.5011320487533495,21384.689473684208,5.846153846153847,100.33333333333334,44.0,0.6730116670092565,121691206471622.38,359691.50601600006,26.043051834882235
2.847914438502674,3.44,2.0620000000000003,-1.6525373134328356,-1.3779999999999997,2.46,102.47727272727272,138.2,38.49626865671642,28.635,-109.56499999999998,-99.70373134328358,0.2785547659675573,28978758058.690765,17885510828429.855,23924303875118.027,617.193835298472,0.15910253881013892,0.20816036496854912,0.26737967914438504,0.09090909090909091,14.0,-0.4603221445959394,2.790421579560218,12.563636363636363,252.09409090909088,-15.86311678556044,12943.938435828875,1.9402985074626866,78.45882352941177,34.58208955223881,0.9319903226231094,1285713970664.5574,159412.33083796,18.678094403625142
1.895910931174089,2.58,2.0172727272727276,-1.330472440944882,-0.5627272727272725,1.69,120.11046847888952,184.0,59.74240719910011,37.64502164502165,-146.35497835497836,-124.25759280089989,0.3246869956472832,12278644599.949677,6345836243178.415,24067631844252.56,516.8189527372119,0.06445046004392892,0.20583684342382969,0.13360323886639675,0.3805668016194332,12.0,-0.4319870996419012,2.7133384316864504,70.02429149797571,202.98669172932327,-8.008459019969187,18555.275510204083,1.2598425196850394,107.08496732026144,20.771653543307085,0.8832853412536135,187017697752540.1,173726.7384756658,18.790422516988027
2.6224539877300614,3.4472,1.383846153846154,-2.133866666666667,-2.063353846153846,3.0,115.1581458759373,138.099,78.74409171075837,81.12264957264956,-56.976350427350425,-59.35490828924162,0.5702003034834313,28821162874.381588,417342909298.23193,479321161335.4258,14.480432698612505,0.0450138415626867,0.05140209722089036,0.3190184049079755,0.06748466257668713,18.0,-1.2167314209265114,1.1607815394724579,9.319564417177915,345.4744376278119,-2.6717924376997217,14365.020241422402,7.238095238095237,91.09649122807018,77.5079365079365,0.7604822988741512,28192019742223.957,140236.11197514794,24.155690752226672
2.6036916835699797,3.44,1.385714285714286,-2.1362694300518132,-2.0542857142857143,2.46,114.73975659229208,138.2,78.27305699481865,81.00129870129871,-57.19870129870128,-59.92694300518134,0.5663752315109888,28978758058.690765,402134709581.1176,472481567581.5822,13.876878669771596,0.0443060828983096,0.05177465078958426,0.31237322515212984,0.07910750507099393,18.0,-1.2099300930154437,1.1422917911232982,10.93265720081136,282.2598012170385,-2.655128104629839,14275.367971602433,6.9119170984455955,90.80616740088107,75.26943005181347,0.6478476860936295,22030712292905.49,127395.91836734694,23.700675209996216
2.4450000000000003,3.16,1.33,-2.1450000000000005,-1.83,2.18,139.42371134020618,181.0,72.00270270270269,84.16,-96.84,-108.99729729729731,0.39780498730774966,6449680150.445432,150075150321.54053,219520072541.01996,23.268619035499913,0.021507611830192473,0.03957816377171216,0.10309278350515465,0.2783505154639176,8.0,-0.8532916977751231,1.3667706091973952,50.38144329896908,303.9436907216495,-2.3442715608103577,22264.643608247425,4.756756756756757,108.07142857142856,41.91891891891892,0.6108643020548935,10480601709274.379,223221.81,25.99537938078469
1.495,3.04,1.4700000000000002,-2.06,-1.7175,2.06,87.125,146.0,67.5,77.53333333333333,-100.85833333333333,-78.5,0.4623287671232877,36866897357.61785,124354808758.77034,471392579892.14136,3.3730749716337267,0.014814814814814815,0.05220496643293334,0.0,0.75,15.0,-0.9523972602739726,0.5280259941405739,109.5,179.4775,-1.162962962962963,8746.1875,0.0,71.0,9.0,0.0,0.0,0.0,8.272761233921429
2.327724867724868,3.2319999999999998,1.33,-2.163392405063291,-1.9019999999999997,2.46,128.18148148148148,169.85272727272726,70.15822784810126,78.0,-91.85272727272726,-99.694499424626,0.413053290192099,12376706518.815298,174484384983.64728,322366634847.03424,14.097804187114956,0.024047026578672148,0.05128205128205128,0.10582010582010583,0.3121693121693122,17.0,-0.8935963508879905,1.1491514740963726,53.022809042809044,315.32644444444446,-2.397356277411397,19067.051375661376,3.037974683544303,98.16153846153847,32.0379746835443,0.0,0.0,0.0,20.933701164365736
2.35659793814433,3.16,1.2530000000000001,-2.1062162162162164,-1.907,2.18,140.0840206185567,181.0,73.73378378378378,90.565,-90.435,-107.26621621621622,0.40736897118112586,6449680150.445432,141456143181.64832,187629746123.41876,21.932272590584045,0.02088405798671562,0.037271014550847796,0.10309278350515465,0.2783505154639176,8.0,-0.8580071330850038,1.3410836349795803,50.38144329896908,305.38316494845367,-2.240153879475035,22385.31512886598,3.054054054054054,107.27142857142856,33.5945945945946,0.6108643020548935,1359161997923.329,22730.61,24.77564046809695
2.590140845070423,3.44,1.3894736842105264,-2.1440609137055837,-2.0505263157894733,2.46,114.15244802146209,138.2,77.53181049069373,80.5017543859649,-57.69824561403509,-60.66818950930626,0.5610116533335292,28978758058.690765,397065189952.04266,477801815963.2088,13.701939508513972,0.04360166798447626,0.052124091620231294,0.3058350100603622,0.09054325955734407,18.0,-1.2028431580457668,1.1367820458591364,12.51307847082495,280.81502213279674,-2.6452342562040574,14158.526709143753,6.558375634517766,90.46017699115045,72.55329949238578,0.6424220210762541,21776716058790.863,125927.14681440443,23.18631041177257
2.2814114114114115,3.106666666666667,1.2211,-2.0662406015037598,-1.8855666666666668,2.18,140.90045045045045,185.0,74.58533834586464,95.77049999999998,-89.22950000000002,-110.41466165413536,0.4031639910587278,6084251132.197586,126223322337.50482,131810177937.9209,20.745909331312216,0.01898815500929175,0.03146644219077779,0.10010010010010009,0.2992992992992993,8.0,-0.8330338073898421,1.3169324755070506,55.370370370370374,307.162981981982,-2.096570710787224,22864.1006981982,2.7593984962406015,111.40428571428572,31.80701754385965,0.056001534354847345,64074779902.09981,1071.5858999999998,27.175770419417244
2.059946179636492,2.58,1.9699175103112114,-1.1050412448443945,-0.6100824896887886,1.6,120.5264249161814,184.0,49.12757780277465,30.75515560554931,-153.2448443944507,-134.87242219722535,0.26699770544986223,12278644599.949677,11762997531748.098,23401640254737.426,958.0045611708891,0.0991051976346094,0.183395580454404,0.23530968766543145,0.23530968766543145,22.0,-0.29504347680091275,2.9813675768098937,43.29698253043939,192.84227986589025,-13.366558057314498,19350.91289482972,0.0,107.38571593400253,22.5,0.5624381032184276,10520503639928.422,68805.78364993464,21.872936373913717
2.316521739130435,3.44,1.224,-2.349090909090909,-2.216,2.55,112.07453416149066,138.2,83.57402597402597,102.86285714285714,-35.33714285714285,-54.62597402597402,0.6047324600146597,28978758058.690765,188747746134.00583,266019270984.28842,6.513313847050811,0.027160511358264715,0.04197534721040459,0.21739130434782608,0.2608695652173913,6.0,-1.420571524252619,0.8138020053594637,36.052173913043475,285.79006211180115,-1.4836693879887406,13634.246215123729,9.363636363636363,91.55882352941177,68.36363636363637,1.1935496040981333,52952085101392.625,1116386.36,20.848043298803283
2.835136612021858,3.44,1.8658000000000001,-1.7569841269841266,-1.5741999999999998,2.46,105.82377049180326,138.2,44.1547619047619,38.084999999999994,-100.115,-94.04523809523809,0.3194990007580456,28978758058.690765,18700522309518.93,23530325859716.57,645.3182800879425,0.1606215358281236,0.1985312832915839,0.27322404371584696,0.07103825136612021,14.0,-0.5613546729191756,2.809773967646838,9.817486338797814,260.326475409836,-15.1056905801787,13429.506762295083,6.222222222222221,80.52352941176471,60.9047619047619,0.8420953021316528,150462080920432.5,1067417.9076,21.45754283935168
2.498924731182796,3.2104918032786887,1.5,-2.0679918032786886,-1.7104918032786887,2.46,137.0451612903226,173.28196721311477,67.96875,69.0,-104.28196721311477,-105.31321721311477,0.39224364250439914,10512300756.85033,267399776946.83502,582098706960.5773,25.43684614165783,0.032830112721417073,0.07246376811594203,0.10752688172043012,0.23655913978494628,8.0,-0.8111566375872736,1.4054632631012018,40.991433104177695,337.13109677419357,-3.4574447921616387,21462.2488172043,7.1875,98.35211267605635,51.1875,0.0,0.0,0.0,26.143359778192504
1.909,2.596,2.19,-1.374,-0.40600000000000014,1.6800000000000002,124.3,191.2,57.4,17.0,-174.2,-133.79999999999998,0.3002092050209205,10541265282.232138,7883919594001.205,38922178734970.945,747.9101780400091,0.07067538126361657,0.29411764705882354,0.1,0.4,21.0,-0.41248744769874485,2.8738494434207023,76.48,208.824,-9.456366013071897,20233.800000000003,0.0,109.33333333333333,14.4,0.0,0.0,0.0,19.88055036799466
2.4190476190476193,3.224615384615385,1.5,-2.114615384615385,-1.7246153846153849,2.46,131.7904761904762,171.12307692307692,67.875,69.0,-102.12307692307692,-103.24807692307692,0.3966443405556055,11648698129.271278,238790783309.22208,582098706960.5773,20.499353718264857,0.029227053140096618,0.07246376811594203,0.09523809523809523,0.2857142857142857,8.0,-0.8387502247595074,1.3117401692988901,48.89230769230769,324.20457142857146,-3.0176370308435523,20084.15333333333,5.75,96.46666666666667,42.75,0.0,0.0,0.0,23.192961276481434
2.4166666666666665,3.0766666666666667,1.33,-1.98,-1.7466666666666666,2.18,148.66666666666666,187.5,71.0,78.0,-109.5,-116.5,0.37866666666666665,5973358127.264858,190358750788.19165,322366634847.03424,31.867962163412933,0.026970560303893637,0.05128205128205128,0.1111111111111111,0.2222222222222222,8.0,-0.74976,1.5033542928593282,41.666666666666664,324.09333333333336,-3.1420702754036087,25266.833333333336,4.0,110.42857142857143,39.33333333333333,0.0,0.0,0.0,31.57988641910993
2.4206382978723404,3.16,1.4420000000000002,-2.0441176470588234,-1.718,2.18,139.7127659574468,181.0,66.8529411764706,65.3,-115.7,-114.1470588235294,0.36935326616834585,6449680150.445432,281107877751.5791,657315243334.32,43.584778034638674,0.02713845066786243,0.056715176715176716,0.10638297872340426,0.2553191489361702,8.0,-0.7550015293735304,1.639334838584227,46.212765957446805,304.57382978723405,-3.0977743247639435,22553.938829787236,2.1176470588235294,104.42857142857142,28.235294117647058,0.6730116670092565,119370343498806.0,342456.461016,24.54602489865376
2.3259999517000023,3.16,1.36,-2.0849999643750046,-1.8,2.18,136.92499719125013,181.0,70.81250124218735,80.75,-100.25,-110.18749875781265,0.39122928863086937,6449680150.445433,147742411571.4876,217905184928.25262,22.90693617749155,0.020399038901788524,0.03715170278637771,0.10000004499999775,0.29999998500000075,8.0,-0.815713052857821,1.3599670058114177,54.29999728500014,298.4964938769253,-2.247719073651395,21675.5304922516,0.2500000937499883,105.42857418367328,22.750005156249355,0.0,0.0,0.0,22.25856203275232
2.6372839506172836,3.44,1.3838323353293414,-2.09741935483871,-2.0561676646706584,2.46,117.08491083676267,138.2,83.02831541218636,84.79500998003991,-53.40499001996008,-55.17168458781363,0.6007837584094528,28978758058.690765,381464279740.0359,410716255480.41943,13.163582751457296,0.04403172028875436,0.04735579935465169,0.3436213991769547,0.03909465020576131,18.0,-1.2600954829607298,1.1193741079271406,5.402880658436213,288.02888065843615,-2.4293041836299896,14710.949158664836,8.908602150537636,92.64025695931477,87.1989247311828,0.8681547300283776,28182569158248.754,129881.45756391408,26.248798536628104
2.305987124463519,3.449,1.2214285714285715,-2.3568318584070793,-2.2275714285714283,3.0,111.23540772532188,138.07375,82.73451327433628,100.29047619047618,-37.783273809523806,-55.33923672566371,0.5992052310764087,28781764078.30429,157407129766.32645,195495994927.41492,5.4689882572201345,0.024920941864147582,0.03656705017814058,0.22532188841201717,0.259656652360515,6.0,-1.4122259783250557,0.7379069908769293,35.851767703862656,333.70622317596565,-1.379105901246566,13378.484483190272,7.920353982300885,91.85217391304349,62.1637168141593,0.8324075743474855,21179186414268.516,272291.04435827665,20.09905164161093
2.365952380952381,3.2272,1.3860000000000001,-2.1277882352941173,-1.8411999999999997,2.46,129.43928571428572,170.72799999999998,68.72058823529412,71.65,-99.07799999999997,-102.00741176470586,0.40251504284765316,11856658848.424313,231850729444.62524,489840939090.6771,19.554474191136652,0.02633946163357928,0.053998613998614,0.11904761904761904,0.2857142857142857,8.0,-0.8564667727001439,1.2912461425096764,48.77942857142856,318.42064285714287,-2.686820308517194,19481.05958333333,2.8235294117647056,98.8,31.999999999999996,0.5004024235381879,79580228999204.0,228304.307344,21.58761594299862
2.610549898167006,3.44,1.3838709677419354,-2.1322513089005235,-2.0561290322580645,2.46,115.03699932111338,138.2,78.65532286212915,81.24623655913979,-56.9537634408602,-59.544677137870835,0.5691412652831342,28978758058.690765,404749095358.4154,469872929665.42975,13.967095985917542,0.044669354463820504,0.0516033120597186,0.31568228105906315,0.07331975560081466,18.0,-1.213552207849263,1.1451061177537483,10.132790224032586,282.9910183299389,-2.659822289505301,14334.502500565737,7.0942408376963355,90.97802197802199,76.67015706806284,0.650390640876698,22150090955116.246,128086.24349635796,23.96533354482229
2.0140000000000002,2.66,1.24,-1.6150000000000002,-1.4200000000000002,1.6800000000000002,162.0025,220.00000000000003,75.00625,97.52499999999999,-122.47500000000004,-144.99375000000003,0.34093749999999995,3591748011.3619866,124189510181.03343,123693614447.82271,34.576342713402354,0.01880144692244154,0.030761343245321714,0.1,0.3,8.0,-0.5506140625,1.5387790541956297,66.0,272.1642,-2.7260922947107584,31357.987562500006,5.0,137.57142857142856,42.75,0.0,0.0,0.0,54.55715496145409
1.858941176470588,2.58,2.051,-1.3620000000000003,-0.5289999999999999,1.6,117.74705882352941,184.0,58.85555555555556,28.599999999999998,-155.4,-125.14444444444445,0.31986714975845415,12278644599.949677,4810145268331.521,21210411876836.152,391.74887986832323,0.056265027847863885,0.2013407734635356,0.11764705882352941,0.4117647058823529,12.0,-0.4356590579710147,2.5930077633596404,75.76470588235294,188.39529411764707,-7.041255651672122,17932.59705882353,0.4444444444444445,105.62,16.42222222222222,0.9433483923290393,1468860829679.5615,432856.07987599995,17.197432455590548
2.6207142857142856,3.173,1.5,-1.933,-1.673,2.46,144.30714285714285,174.73,68.25,69.0,-105.72999999999999,-106.47999999999999,0.39060264407943684,10120490059.157444,353226757859.6738,582098706960.5773,34.90213969827078,0.04363929146537843,0.07246376811594203,0.14285714285714285,0.14285714285714285,17.0,-0.7550349110055514,1.5428520524797225,24.96142857142857,354.9955714285714,-4.646711755233494,23307.097142857147,11.5,100.5,76.5,0.0,0.0,0.0,32.43580845490234
2.112,3.2,1.4700000000000002,-2.22,-1.7175,2.46,93.84,167.1,67.5,77.53333333333333,-100.85833333333333,-99.6,0.40394973070017953,17029039695.353384,124354808758.77036,471392579892.14136,7.302514468429029,0.014814814814814815,0.05220496643293334,0.0,0.4,1.0,-0.8967684021543987,0.8634724261115462,66.84,230.84640000000002,-1.4755555555555555,13325.548,0.0,69.66666666666666,9.0,0.0,0.0,0.0,9.090550782458326
2.8451086956521743,3.44,1.9396,-1.7103125,-1.5004,2.46,104.63586956521739,138.2,41.70312499999999,34.480000000000004,-103.71999999999998,-96.49687499999999,0.30175922575976843,28978758058.690765,18475508354512.645,23613831347323.727,637.5534906324882,0.16068609390720384,0.20153005205307278,0.27173913043478265,0.07608695652173914,14.0,-0.5161025758072539,2.804516627869868,10.515217391304347,257.4042391304348,-15.50570591800171,13250.322282608695,0.8125,79.28235294117647,37.90625,0.8731726364245316,51577488033724.96,674194.6839999999,18.87108714717807
1.806083650190114,2.5933333333333333,2.163,-1.447878787878788,-0.43033333333333346,1.6800000000000002,119.88403041825094,190.0,61.04545454545454,21.349999999999998,-168.65,-128.95454545454547,0.32129186602870813,10830828501.851728,4767046709777.73,33319601901044.336,440.13684723774514,0.04953211040167562,0.26304347826086955,0.07604562737642585,0.467680608365019,2.0,-0.46519167754095986,2.643587728213386,88.85931558935361,201.4051711026616,-6.387390782252443,18727.299429657796,0.2097902097902098,108.64285714285714,13.363636363636365,0.42270908780599087,401343518927.89856,101925.38827500002,17.52744558870175
2.2114285714285717,3.44,1.9149999999999998,-2.263157894736842,-1.5250000000000001,2.46,97.21285714285713,138.2,62.69736842105263,44.6875,-93.51249999999999,-75.50263157894736,0.45367126209155306,28978758058.690765,495065762902.76294,1885231840942.7354,17.083746718893362,0.03188374599698321,0.0958922379301147,0.11428571428571428,0.42857142857142855,13.0,-1.0267296984177252,1.232583124016646,59.22857142857142,239.14362857142854,-2.407306727366961,10912.575785714283,1.736842105263158,74.65,20.57894736842105,0.5623351446188083,25948465104138.41,177001.22999999998,13.163145654228998
1.7955555555555551,2.5575,2.01,-1.3715000000000002,-0.5475000000000003,1.6,121.55555555555556,194.5,63.2,46.0,-148.5,-131.3,0.32493573264781495,10460089156.90509,413817148765.728,1571666508793.5586,39.561531700000096,0.02924315619967794,0.08695652173913043,0.1111111111111111,0.4444444444444444,4.0,-0.44564935732647826,1.5972730977881446,86.44444444444444,194.4888888888889,-3.839626409017714,19089.88888888889,2.0,114.4,20.0,0.0,0.0,0.0,24.019752029029274
1.8446153846153843,2.651666666666667,2.19,-1.498809523809524,-0.4616666666666669,2.18,118.01923076923077,185.375,60.285714285714285,17.0,-168.375,-125.08928571428572,0.3252095173875349,11135855672.728624,5666901083931.938,38922178734970.945,508.8877990588553,0.05471521942110178,0.29411764705882354,0.07692307692307693,0.46153846153846156,2.0,-0.48742712189393633,2.706622038483957,85.5576923076923,257.2819230769231,-6.844287715086035,17992.98076923077,0.0,105.17857142857143,12.857142857142856,0.0,0.0,0.0,16.66663223945845
1.7999999999999998,2.58,1.96,-1.4040000000000001,-0.6200000000000001,1.6,119.44444444444444,184.0,67.8,69.0,-115.0,-116.2,0.3684782608695652,12278644599.949677,192619640120.70865,465678965568.46185,15.687369933445105,0.023446054750402578,0.057971014492753624,0.1111111111111111,0.4444444444444444,4.0,-0.5173434782608696,1.195550138033321,81.77777777777777,191.11111111111111,-2.7244315619967794,17601.11111111111,4.0,110.80000000000001,27.2,0.0,0.0,0.0,18.78499839005281
2.2763440860215054,3.247843137254902,1.4700000000000002,-2.1511764705882355,-1.777843137254902,2.46,121.80053763440858,167.57254901960786,66.22023809523809,62.125,-105.44754901960786,-101.35231092436977,0.3951735441315605,13517626160.875341,271187567496.23965,741052395456.1414,20.06177447643505,0.02511449178115845,0.058073458073458074,0.1075268817204301,0.3440860215053763,8.0,-0.8500880299347746,1.3023693440004998,57.65937170567152,299.6293225806451,-2.5454117797115003,17625.141424731184,1.4285714285714284,95.45901639344261,23.047619047619044,0.6931471805599453,124344107811256.25,356725.48022499995,18.2895579136931
2.4007999999999994,3.214666666666666,1.78,-2.0346666666666664,-1.434666666666666,3.0,134.83499999999998,177.64166666666665,70.625,80.0,-97.64166666666665,-107.01666666666665,0.39757001454238405,7163642756.115884,149288957386.92316,224091403271.38156,20.839810480424823,0.02048611111111111,0.0375,0.1,0.3,8.0,-0.8089224562555707,1.31889376512269,53.2925,404.50499999999994,-2.192355324074074,21035.550625,5.0,103.14285714285712,31.75,0.0,0.0,0.0,23.844156842686044
2.3282222222222217,3.2353846153846155,1.3860000000000001,-2.148542510121458,-1.8493846153846154,2.46,126.8811111111111,169.4769230769231,68.59210526315789,71.65,-97.8269230769231,-100.88481781376521,0.4047282899514581,12515201125.742254,220535369372.43002,489840939090.6771,17.621400340008556,0.0251263409158146,0.053998613998614,0.1111111111111111,0.3111111111111111,8.0,-0.869575936009471,1.2460404180245646,52.726153846153856,312.1275333333333,-2.5348663256185104,18809.24983333333,2.5263157894736845,97.64516129032259,29.578947368421055,0.5004024235381879,79580228999204.0,228304.307344,20.389759321656474
2.6268571428571432,3.1816000000000004,1.5,-1.9416000000000004,-1.6816000000000004,2.46,143.98,174.272,68.25,69.0,-105.27199999999999,-106.02199999999999,0.39162917737789205,10287491193.744856,353226757859.6738,582098706960.5773,34.33555870982885,0.04363929146537843,0.07246376811594203,0.14285714285714285,0.14285714285714285,17.0,-0.7603872107969154,1.5357441186479899,24.895999999999997,354.19079999999997,-4.626724959742351,23201.691714285713,11.5,100.16666666666669,76.5,0.0,0.0,0.0,32.27513754482624
1.8679999999999999,3.2,1.4700000000000002,-2.22,-1.7175,2.46,107.34,167.1,67.5,77.53333333333333,-100.85833333333333,-99.6,0.40394973070017953,17029039695.353384,124354808758.77034,471392579892.14136,7.302514468429028,0.014814814814814815,0.05220496643293334,0.0,0.6,1.0,-0.8967684021543987,0.8634724261115462,100.25999999999999,264.0564,-1.4755555555555555,14236.798,0.0,88.5,9.0,0.0,0.0,0.0,13.371732193392813
2.289468085106383,3.44,1.2305000000000001,-2.3510869565217387,-2.2095,2.46,110.83191489361701,138.2,82.27391304347826,101.47999999999999,-36.72,-55.92608695652173,0.5953249858428239,28978758058.690765,165525199375.08493,219046707176.29388,5.711949388577876,0.025084960287550227,0.038436149402106254,0.2127659574468085,0.2765957446808511,6.0,-1.399660809106552,0.7567843506660996,38.225531914893615,272.64651063829785,-1.4029036703424282,13306.242907801416,7.739130434782609,91.22058823529412,60.04347826086957,0.8237197315118312,25816540596175.71,224786.000491,19.47610458398468
2.517232704402516,3.2,1.5459999999999998,-2.010370370370371,-1.6540000000000004,2.46,139.05660377358492,174.88571428571427,69.3888888888889,72.6,-102.28571428571428,-105.49682539682537,0.39676704968323995,9668119851.623337,260240603913.8644,491246455677.5243,26.917395306199936,0.03188245225282262,0.06089743589743589,0.12578616352201258,0.2138364779874214,17.0,-0.7976487206224544,1.4300330325625705,37.396945193171604,342.0792452830189,-3.36349749853865,21991.616981132072,5.333333333333333,101.80000000000001,42.7037037037037,0.6108643020548935,106479805662669.6,314730.067764,26.42226213731483
2.3254353562005274,3.2341818181818183,1.33,-2.1661315037164095,-1.9041818181818182,2.46,127.8688654353562,169.59,70.14150943396226,78.0,-91.59,-99.44849056603775,0.4135946071935978,12485340322.118364,174169104630.03168,322366634847.03424,13.949888440083845,0.02398896235374223,0.05128205128205128,0.10554089709762533,0.3139841688654354,17.0,-0.8959003084092657,1.1445707344877727,53.24857519788919,314.55740897097627,-2.385666096325169,18977.79659630607,3.018867924528302,97.96538461538462,31.893081761006293,0.0,0.0,0.0,20.784430737440438
2.8724324324324324,3.44,2.0780000000000003,-1.6153846153846154,-1.3619999999999997,2.46,102.8527027027027,138.2,37.59615384615385,28.625,-109.57499999999999,-100.60384615384615,0.2720416341979294,28978758058.690765,18444682655272.918,23940781009227.164,636.4897563214009,0.16422190437535705,0.20904403124351972,0.2702702702702703,0.08108108108108109,14.0,-0.43945187062742447,2.8037914185020245,11.205405405405406,253.01764864864865,-16.521355202870055,13034.366824324325,2.307692307692308,78.41176470588236,36.23076923076923,0.8979457248567797,1139962473618.6294,168991.94648100002,19.082271726117167
2.5089230769230766,3.1925581395348837,1.51,-2.0198308668076113,-1.6825581395348836,2.46,140.03076923076924,176.02325581395348,69.68181818181819,73.5,-102.52325581395348,-106.3414376321353,0.39586711346521103,9069340372.334425,247534812436.46936,463099818872.4426,27.293585009948693,0.03098938098938099,0.05929487179487179,0.12307692307692308,0.2153846153846154,17.0,-0.7995846149310641,1.4360605839579574,37.91270125223614,344.4756923076923,-3.295455325740738,22275.47230769231,5.090909090909091,102.49019607843137,42.09090909090909,0.5623351446188083,95071255055955.0,281008.98907500005,26.601506116160696
2.2843829787234045,3.44,1.2066000000000001,-2.361478260869565,-2.2333999999999996,2.55,111.1229179331307,138.2,82.86857142857143,102.84771428571428,-35.35228571428571,-55.33142857142856,0.5996278685135416,28978758058.690765,161041004884.81683,208733059848.67725,5.5572086477501905,0.025040159865432735,0.03833310843123603,0.2127659574468085,0.2765957446808511,6.0,-1.4160081761062824,0.7448567028615833,38.225531914893615,283.3634407294833,-1.3855078170113435,13389.359280937904,8.304347826086959,91.34705882352941,63.10434782608697,1.137266117847828,31094158694758.0,614957.6244,19.861592144835427
2.8497267759562845,3.44,1.9192,-1.7146031746031742,-1.5208,2.46,105.14890710382512,138.2,42.19444444444444,35.614999999999995,-102.585,-96.00555555555555,0.30531435922173983,28978758058.690765,18756820756469.164,23601261902873.867,647.2610288709033,0.1627229215057967,0.20117902924545197,0.27322404371584696,0.07103825136612021,14.0,-0.5234929695735291,2.8110794592412742,9.817486338797814,258.6663114754098,-15.62230448078707,13342.054576502733,0.5873015873015872,79.80000000000001,39.317460317460316,0.8420953021316528,57817793569570.34,618798.9683999999,18.920751729438308
1.9545000000000001,2.3266666666666667,2.09,-0.9304166666666667,-0.2366666666666668,1.6,111.125,154.66666666666666,45.8125,9.666666666666666,-145.0,-108.85416666666666,0.29620150862068967,13384653356.6845,137737899739645.77,367093807957790.75,10290.733429480813,0.1710239651416122,0.43137254901960786,0.15,0.25,2.0,-0.27559082031250004,4.0124463284092124,38.666666666666664,177.8,-18.616671205519243,15768.3125,0.0,63.266666666666666,14.125,0.6365141682948128,4819300881.795722,917289.9755555555,4.907631176525847
2.4388888888888887,3.11,1.33,-2.013333333333333,-1.7799999999999998,2.18,146.83333333333334,184.75,71.0,78.0,-106.75,-113.75,0.38430311231393777,6107090445.838077,190358750788.19165,322366634847.03424,31.170121431215957,0.026970560303893637,0.05128205128205128,0.1111111111111111,0.2222222222222222,8.0,-0.7737302661253946,1.4937384941858645,41.05555555555555,320.0966666666667,-3.067901234567901,24471.666666666664,4.0,108.78571428571428,39.33333333333333,0.0,0.0,0.0,31.382954457340468
2.851092896174863,3.44,1.9242000000000001,-1.710634920634921,-1.5157999999999998,2.46,104.96038251366119,138.2,41.64682539682539,34.925,-103.27499999999999,-96.5531746031746,0.3013518480233386,28978758058.690765,18771770486169.75,23620098562296.605,647.7769146680208,0.16316281296735996,0.20173329248702174,0.27322404371584696,0.07103825136612021,14.0,-0.5155029946265905,2.8114254666581986,9.817486338797814,258.2025409836065,-15.753887569182627,13318.111953551912,0.5714285714285715,79.68823529411765,38.87301587301588,0.8802861522293415,55481133092245.52,603887.0061776398,18.86804059025176
1.8523076923076922,2.6683333333333334,2.19,-1.5154761904761906,-0.4783333333333335,2.18,117.4423076923077,184.125,60.285714285714285,17.0,-167.125,-123.83928571428572,0.3274173213073417,11250052240.931076,5666901083931.938,38922178734970.945,503.72220169023274,0.05471521942110178,0.29411764705882354,0.07692307692307693,0.46153846153846156,2.0,-0.4961931547907691,2.7021910929245476,84.98076923076924,256.02423076923077,-6.775893690809658,17775.48076923077,0.0,104.10714285714286,12.857142857142856,0.0,0.0,0.0,16.153780535901188
1.8840000000000001,2.58,2.1133333333333333,-1.3384615384615386,-0.4666666666666668,1.6,119.44,184.0,59.84615384615385,34.333333333333336,-149.66666666666666,-124.15384615384616,0.32525083612040134,12278644599.949677,6119506501776.774,26103345478503.453,498.3861575244107,0.06110418898142684,0.2154021028701336,0.12,0.4,12.0,-0.43533573449961416,2.697565971463613,73.60000000000001,191.104,-7.58632007815561,18286.94,1.5384615384615385,106.66666666666667,20.153846153846153,0.6365141682948128,3861494956575.2715,7835.8507555555525,18.269338548160913
1.7988888888888885,2.565,2.01,-1.379,-0.5550000000000002,1.6,120.0,191.0,63.2,46.0,-145.0,-127.8,0.330890052356021,11066274304.58662,413817148765.728,1571666508793.5586,37.394441649997226,0.02924315619967794,0.08695652173913043,0.1111111111111111,0.4444444444444444,4.0,-0.45629738219895294,1.572807052999072,84.88888888888889,192.0,-3.7372753623188406,18495.666666666664,2.0,111.8,20.0,0.0,0.0,0.0,21.731129957410282
2.2800000000000002,3.106666666666667,1.22,-2.066666666666667,-1.886666666666667,2.18,140.845,185.0,74.6125,95.94999999999999,-89.05000000000001,-110.3875,0.40331081081081077,6084251132.197586,125737447879.54507,129885365241.86926,20.666051605619646,0.018927682241908404,0.031266284523189164,0.1,0.3,8.0,-0.833509009009009,1.3152575095401875,55.5,307.0421,-2.089379523478664,22848.915250000002,2.75,111.42857142857144,31.75,0.0,0.0,0.0,27.138005513897195
2.491111111111111,3.16,1.435,-2.006666666666667,-1.725,2.18,142.98809523809524,181.0,66.96428571428571,66.09375,-114.90625,-114.03571428571429,0.3699684293606945,6449680150.445433,319412388394.99677,636380955303.8646,49.52375636378453,0.030647497314163982,0.056375606375606374,0.12698412698412698,0.20634920634920634,8.0,-0.7424033149171271,1.6948135783826725,37.34920634920635,311.7140476190477,-3.4949092472902,23365.562499999996,2.8571428571428568,105.16,34.52380952380952,0.6615632381579821,116572601073052.75,334430.1377109375,26.94256962930281
2.368,3.16,1.78,-1.9800000000000002,-1.3800000000000001,2.18,136.85,181.0,70.625,80.0,-101.0,-110.375,0.39019337016574585,6449680150.445432,149288957386.92316,224091403271.38156,23.146722613308643,0.02048611111111111,0.0375,0.1,0.3,8.0,-0.7725828729281768,1.3644895071588188,54.3,298.333,-2.261154513888889,21663.475,5.0,105.14285714285714,31.75,0.0,0.0,0.0,24.446652852180122
2.8724324324324324,3.44,2.0780000000000003,-1.6153846153846154,-1.3619999999999997,2.46,102.8527027027027,138.2,37.59615384615385,28.625,-109.57499999999999,-100.60384615384615,0.2720416341979294,28978758058.690765,18444682655272.918,23940781009227.164,636.4897563214009,0.16422190437535705,0.20904403124351972,0.2702702702702703,0.08108108108108109,14.0,-0.43945187062742447,2.8037914185020245,11.205405405405406,253.01764864864865,-16.521355202870055,13034.366824324325,2.307692307692308,78.41176470588236,36.23076923076923,0.8979457248567797,1139962473618.6294,168991.94648100002,19.082271726117167
2.3152173913043477,3.44,1.218,-2.3518181818181816,-2.222,2.55,112.4679089026915,138.2,84.3965367965368,104.67238095238095,-33.52761904761904,-53.803463203463195,0.6106840578620608,28978758058.690765,188225636844.51514,264870630547.40887,6.495296881367421,0.027074237446769026,0.04178554460511409,0.21739130434782608,0.2608695652173913,6.0,-1.436217870626501,0.8125990062162839,36.052173913043475,286.7931677018633,-1.4566877382290626,13743.11735778369,9.818181818181818,91.76470588235296,70.36363636363637,1.0549201679861442,92429088954383.39,1126093.36,21.052697487248132
2.3178260869565217,3.44,1.23,-2.346363636363636,-2.21,2.49,111.68115942028984,138.2,82.75151515151515,101.05333333333333,-37.14666666666666,-55.44848484848484,0.5987808621672588,28978758058.690765,189269855423.49655,267167911421.1679,6.531330812734201,0.02724678526976039,0.04216514981569508,0.21739130434782608,0.2608695652173913,6.0,-1.4049576411397227,0.815001681388454,36.052173913043475,278.08608695652174,-1.5107929602002288,13525.375072463765,8.90909090909091,91.3529411764706,66.36363636363637,1.0549201679861442,7382102695578.573,1106629.36,20.645378562630448
1.9226923076923075,2.5861538461538465,2.19,-1.326923076923077,-0.3961538461538465,1.6800000000000002,121.3076923076923,186.76923076923077,55.84615384615385,17.0,-169.76923076923077,-130.92307692307693,0.2990115321252059,11610421785.442932,9077698791730.81,38922178734970.945,781.8577963388348,0.07926931456343221,0.29411764705882354,0.11538461538461539,0.38461538461538464,20.0,-0.3967653022430618,2.893127771114475,71.83431952662723,203.7969230769231,-10.378182568227817,19273.134615384617,0.0,106.375,15.230769230769232,0.0,0.0,0.0,18.69200676124249
2.8449462365591396,3.44,2.0136,-1.6769696969696972,-1.4264000000000001,2.46,103.13172043010752,138.2,39.371212121212125,30.369999999999997,-107.82999999999998,-98.82878787878786,0.2848857606455291,28978758058.690765,18080784050954.39,23826841408456.992,623.9323305137965,0.15972881858757587,0.20610129979485942,0.26881720430107525,0.08602150537634408,14.0,-0.47774478770071466,2.795137490198323,11.888172043010751,253.7040322580645,-15.785805530320925,13038.724059139782,1.393939393939394,78.82352941176472,35.39393939393939,1.1085716571473458,23130504638519.64,320221.91359584004,18.62572188562661
2.45,3.126666666666667,1.33,-2.0300000000000002,-1.7966666666666669,2.18,146.0,183.5,71.0,78.0,-105.5,-112.5,0.3869209809264305,6221287014.040528,190358750788.19165,322366634847.03424,30.597969577449167,0.026970560303893637,0.05128205128205128,0.1111111111111111,0.2222222222222222,8.0,-0.7854495912806541,1.4856926084892128,40.77777777777778,318.28000000000003,-3.034188034188034,24157.5,4.0,107.71428571428572,39.33333333333333,0.0,0.0,0.0,29.99766205899177
1.8233333333333335,2.643333333333333,2.132,-1.5033333333333332,-0.511333333333333,1.98,117.78030303030305,186.0,60.93055555555556,20.200000000000003,-165.8,-125.06944444444444,0.3275836320191159,11078757388.627398,4550016681760.84,31989120294373.67,410.6973843864058,0.04880394357518541,0.2595365418894831,0.07575757575757576,0.4696969696969697,2.0,-0.4924673934687375,2.6135219369657343,87.36363636363637,233.20500000000004,-6.103882109646452,17908.617424242424,0.0,105.85714285714285,12.75,0.5004024235381879,156546927610.73547,300172.49439999997,16.677222126816478
1.8616814159292034,2.58,2.05225,-1.3603910614525143,-0.5277500000000002,1.6,117.42330383480824,184.0,57.91340782122905,24.6,-159.4,-126.08659217877096,0.3147467816371144,12278644599.949677,5114703441114.893,22456164938552.42,416.55277172334274,0.05887575503086512,0.21198752228163992,0.11799410029498524,0.4100294985250737,12.0,-0.42817870836007677,2.6196700285914347,75.44542772861357,187.8772861356932,-7.423443313793912,17926.367994100296,0.0,105.07500000000002,15.033519553072626,0.6918966592050799,243993062955.79474,467846.97369375,16.957619610686518
2.645915492957746,3.2216,1.6,-1.946361904761905,-1.6216,2.46,140.27042253521128,171.584,65.71428571428571,63.75,-107.834,-105.8697142857143,0.38298609260936745,11406077290.259405,416604820677.9648,738079833789.0787,36.52481129807337,0.045108413735864716,0.0784313725490196,0.14084507042253522,0.15492957746478875,17.0,-0.7454295407084878,1.562587980871436,26.583436619718313,345.0652394366197,-4.775614874097788,22232.817112676057,6.666666666666666,98.23333333333333,43.285714285714285,0.0,0.0,0.0,27.881734740769463
2.421818181818182,3.44,1.42,-2.24,-2.02,2.46,113.85454545454544,138.2,84.64,101.78,-36.41999999999999,-53.55999999999999,0.6124457308248915,28978758058.690765,169743272551.5122,215131736344.2541,5.8575068057689235,0.028130446442372236,0.04144607806992966,0.22727272727272727,0.22727272727272727,6.0,-1.371878437047757,0.7677128018709929,31.409090909090907,280.08218181818177,-1.5066667114534567,13908.333333333332,12.3,92.05882352941177,76.5,0.6730116670092565,103458999443646.92,100963.6704,22.445216876788955
2.8402702702702705,3.44,1.959,-1.7069230769230768,-1.4809999999999999,2.46,104.31216216216215,138.2,41.75,34.025,-104.17499999999998,-96.44999999999999,0.30209840810419686,28978758058.690765,18200490475832.207,23623331175954.24,628.0631640241689,0.15848929771990386,0.2015916425914306,0.2702702702702703,0.08108108108108109,14.0,-0.5156587442947791,2.7980033227303553,11.205405405405406,256.60791891891887,-15.286292765084726,13188.806013513513,0.9230769230769231,79.14705882352942,38.38461538461539,0.8979457248567797,48233749978570.734,608927.6856,18.81401093741378
1.8284090909090907,2.58,2.046,-1.3779166666666667,-0.5340000000000003,1.6,117.35227272727272,184.0,61.8125,40.2,-143.8,-122.1875,0.3359375,12278644599.949677,1982149422356.7424,9041768954029.037,161.4306372516773,0.03847605064570112,0.12838874680306905,0.11363636363636363,0.43181818181818177,21.0,-0.46289388020833333,2.2079859611584056,79.45454545454544,187.76363636363635,-4.701292438271606,17555.494318181816,1.6666666666666672,106.2,19.29166666666667,0.5004024235381879,503646768850.6963,127906.36960000005,17.82317303184867
2.623701431492843,3.449,1.3842948717948715,-2.1352962962962962,-2.0647051282051283,3.0,115.1135139740968,138.07375,78.66869488536155,81.03130341880342,-57.04244658119657,-59.405055114638444,0.5697585159044464,28781764078.30429,419823933609.8812,482327017713.00085,14.586455940216142,0.045007223374250324,0.05139407903105399,0.3190184049079755,0.06748466257668713,18.0,-1.2166032487940388,1.1639497845200826,9.317860429447855,345.3405419222904,-2.673656585104184,14357.745114888661,7.227513227513226,91.08333333333334,77.35978835978834,0.7800791550354971,29643294394206.223,142899.46346069613,24.13586703217521
2.3237336244541487,3.44,1.2303000000000002,-2.3451834862385317,-2.2096999999999998,2.46,112.19917030567686,138.2,83.57440366972477,102.54220000000001,-35.65779999999998,-54.625596330275215,0.6047351929791952,28978758058.690765,172541946728.46442,229402769532.70343,5.954083552477118,0.02640467155265629,0.04008070250330923,0.2183406113537118,0.25764192139737996,6.0,-1.4182149881220802,0.774814924722053,35.606113537117906,276.0099589519651,-1.4423709294689038,13590.254834643376,9.876146788990827,91.06470588235294,70.92660550458716,0.8862772033041759,21438399442219.633,924712.0874999999,21.08863492046017
2.6188100463301636,3.16,1.2335203366058907,-2.0158219800181656,-1.9264796633941095,2.18,156.5767292530277,181.0,90.02830759915227,102.28775128564749,-78.71224871435251,-90.97169240084773,0.4973939646362004,6449680150.445432,199052621325.6597,239701641348.03427,30.862401961423252,0.03176445967160459,0.04098810932719287,0.17386003413801512,0.09461107047061693,8.0,-1.002657686642031,1.4894297233472622,17.124603755181663,341.3372697716004,-2.889666654524346,26312.27754070823,14.03178928247048,110.1984917856181,96.425068119891,0.6368377286186921,692358531552.4363,977886.3137799511,39.12203135846361
2.6187116564417177,3.4418,1.3824999999999998,-2.1295777777777785,-2.0593000000000004,3.0,115.29204158145875,138.17475,78.97028218694885,81.39668803418803,-56.77806196581196,-59.20446781305114,0.5715246974353047,28939359262.613476,409899836363.2841,470303592202.70056,14.16409508737225,0.04503369612799581,0.051426151790399485,0.31901840490797545,0.06748466257668712,18.0,-1.2171062951093934,1.1511888336312903,9.324676380368098,345.8761247443762,-2.666196012912654,14386.845621023629,7.269841269841269,91.13596491228071,77.95238095238095,0.6887242133745834,23764807840778.84,131745.506877034,24.21525965780699
