feature,importance,importance_share
rв‚ђв‚—в‚— (pm),619,0.08485263879369431
field_x_r_diff,445,0.06100068540095956
chi_range_x_r_avg,445,0.06100068540095956
П‡в‚ђв‚—в‚—,437,0.059904043865661415
r_ratio_x_chi_diff,391,0.053598355037697054
rвЃє(incl LiвЃє) - rвЃ»,368,0.05044551062371487
О¦вЃє(excl LiвЃє) (|Z| pmвЃ»В№),366,0.05017135023989033
ПЃвЃє(excl LiвЃє) (C mвЃ»Ві),363,0.04976010966415353
П‡вЃє(incl LiвЃє) - П‡вЃ»,356,0.04880054832076765
ПЃвЃє(incl LiвЃє) (C mвЃ»Ві),353,0.04838930774503084
