feature,importance,importance_share
chi_range_x_r_avg,91,0.13421828908554573
r‚Āļ(excl Li‚Āļ) (pm),85,0.12536873156342182
ŌĀ‚Āļ(excl Li‚Āļ) (C m‚ĀĽ¬≥),83,0.1224188790560472
r‚Āļ(incl Li‚Āļ) (pm),79,0.11651917404129794
ő¶‚Āļ(excl Li‚Āļ) (|Z| pm‚ĀĽ¬Ļ),75,0.11061946902654868
Ōá‚Āļ(excl Li‚Āļ),65,0.09587020648967552
n_Li √ó r‚ĀĽ (pm),58,0.0855457227138643
n_Li,52,0.07669616519174041
n‚āē‚āí‚āõ‚āú c‚āź‚āúŠĶĘ‚āí‚āô,50,0.07374631268436578
r‚ĀĽ (pm),21,0.030973451327433628
